# Tanki Online 2.0 Demo turret converted from A3D 1.0
o turret
v 0.2853652 0.9628108 -1.0840238
v 0.5347763 1.3274722 0.8312471
v 0.5404021 1.2975861 0.8377708
v 0.2887615 0.9485672 -1.0894002
v 0.2853652 0.9628108 -1.0840238
v -0.2133198 0.9432021 -1.1870095
v -0.2853651 0.9628108 -1.0840239
v 0.2853652 0.9628108 -1.0840238
v 0.2133199 0.9432021 -1.1870094
v 0.2167692 0.9289277 -1.1923949
v -0.2167691 0.9289277 -1.1923949
v -0.5347769 1.3274722 0.8312468
v -0.5404026 1.2975861 0.8377705
v -0.4344254 1.3194835 0.9525972
v -0.4307845 1.3493335 0.9460658
v 0.2133199 0.9432021 -1.1870094
v 0.2887615 0.9485672 -1.0894002
v 0.2167692 0.9289277 -1.1923949
v -0.2133198 0.9432021 -1.1870095
v -0.2167691 0.9289277 -1.1923949
v -0.2887614 0.9485672 -1.0894002
v -0.2853651 0.9628108 -1.0840239
v 0.5347763 1.3274722 0.8312471
v 0.4307840 1.3493335 0.9460658
v 0.4344249 1.3194835 0.9525972
v 0.5404021 1.2975861 0.8377708
v -0.4307845 1.3493335 0.9460658
v -0.4344254 1.3194835 0.9525972
v 0.4344249 1.3194835 0.9525972
v 0.4307840 1.3493335 0.9460658
v -0.2853651 0.9628108 -1.0840239
v -0.2887614 0.9485672 -1.0894002
v -0.5404026 1.2975861 0.8377705
v -0.5347769 1.3274722 0.8312468
v 0.5347763 1.3274722 0.8312471
v -0.4307845 1.3493335 0.9460658
v 0.4307840 1.3493335 0.9460658
v -0.5347769 1.3274722 0.8312468
v -0.4307845 1.3493335 0.9460658
v 0.2111456 0.9407943 -1.3413113
v 0.2111456 0.9545851 -1.6142337
v -0.2111454 0.9407943 -1.3413113
v -0.2111454 0.8936359 -1.3231935
v -0.2111454 0.8666492 -1.6934164
v -0.2111454 0.8358810 -1.6949715
v 0.1638124 0.9325533 -1.6340732
v -0.1638121 0.9325533 -1.6340732
v -0.2111454 0.9545851 -1.6142337
v -0.2111454 0.8666492 -1.6934164
v -0.1638121 0.8666492 -1.6934164
v -0.1638121 0.8358810 -1.6949715
v -0.2111454 0.8358810 -1.6949715
v -0.2111454 0.9545851 -1.6142337
v -0.1638121 0.8666492 -1.6934164
v -0.2111454 0.9407943 -1.3413113
v -0.1638121 0.8534638 -1.5827060
v -0.1638121 0.9325533 -1.6340732
v 0.1638124 0.9325533 -1.6340732
v 0.1638124 0.8534638 -1.5827060
v -0.1638121 0.8666492 -1.6934164
v -0.2111454 0.8936359 -1.3231935
v 0.2111456 0.8936359 -1.3231934
v 0.2111456 0.9407943 -1.3413113
v -0.2111454 0.9407943 -1.3413113
v -0.2111454 0.8936359 -1.3231935
v -0.1638121 0.8358810 -1.6949715
v -0.2111454 0.9545851 -1.6142337
v -0.2111454 0.8666492 -1.6934164
v -0.2111454 0.8936359 -1.3231935
v 0.2111456 0.8936359 -1.3231934
v 0.2111457 0.8666492 -1.6934164
v 0.2111456 0.9407943 -1.3413113
v 0.2111457 0.8358810 -1.6949715
v 0.2111457 0.8666492 -1.6934164
v 0.2111456 0.9545851 -1.6142337
v 0.2111457 0.8666492 -1.6934164
v 0.2111457 0.8358810 -1.6949715
v 0.1638124 0.8358810 -1.6949715
v 0.1638124 0.8666492 -1.6934164
v 0.1638124 0.9325533 -1.6340732
v 0.2111456 0.9545851 -1.6142337
v 0.2111457 0.8666492 -1.6934164
v 0.1638124 0.8666492 -1.6934164
v 0.1638124 0.8358810 -1.6949715
v 0.1638124 0.9325533 -1.6340732
v -0.4114393 0.8117319 2.0680827
v -0.4114392 0.8117319 1.6852574
v -0.4730162 0.8084727 2.0680827
v -0.4730162 0.8084727 2.2889546
v -0.4479427 0.8117319 2.2889546
v -0.4803146 0.4658640 1.7209808
v -0.4419226 0.1343319 1.7209810
v -0.4402220 0.1343319 1.9238445
v -0.4789262 0.4658640 2.0777238
v -0.4803146 0.4658640 1.7209808
v -0.2041312 0.6971318 2.6036444
v -0.2792948 0.6971318 2.5314250
v -0.2041312 0.6532883 2.6036444
v -0.2041312 0.5842018 2.5978967
v -0.1582916 0.4753473 2.5660883
v -0.0000006 0.5842018 2.5978967
v -0.1286345 0.6532883 2.6036444
v -0.2041312 0.5842018 2.5978967
v -0.0916923 0.6106576 2.6036444
v -0.4730162 0.8084727 2.0680827
v -0.4114392 0.8117319 1.6852574
v -0.4730161 0.8084727 1.5934860
v -0.4114392 0.8117319 1.5934862
v -0.4730162 0.8084727 2.0680827
v -0.4697286 0.7608566 2.3161684
v -0.4730162 0.8084727 2.2889546
v -0.4730162 0.8084727 2.0680827
v -0.4730161 0.8084727 1.5934860
v -0.4803146 0.4658640 1.7209808
v -0.4573952 0.5862521 2.4182713
v -0.1582916 0.4753473 2.5660883
v -0.4022097 0.4568789 2.4221962
v 0.4419217 0.1343319 1.7209810
v 0.4402211 0.1343319 1.9238445
v -0.4402220 0.1343319 1.9238445
v -0.4419226 0.1343319 1.7209810
v 0.4419217 0.1343319 1.7209810
v -0.2970525 0.7608566 2.5067351
v -0.2792948 0.6971318 2.5314250
v -0.2605840 0.6978181 2.5250246
v -0.2731034 0.7608566 2.4999995
v -0.2970525 0.7608566 2.5067351
v -0.2041312 0.6532883 2.6036444
v -0.4573952 0.5862521 2.4182713
v -0.4114392 0.8117319 1.5934862
v -0.4114392 0.8117319 1.6852574
v -0.4114392 0.7717848 1.6290253
v -0.2041312 0.6971318 2.6036444
v -0.1395731 0.6971318 2.6036444
v -0.1395731 0.6971318 2.5832837
v -0.1956937 0.6971437 2.5844580
v -0.2792948 0.6971318 2.5314250
v -0.2605840 0.6978181 2.5250246
v -0.4697286 0.7608566 2.3161684
v -0.2970525 0.7608566 2.5067351
v -0.2731034 0.7608566 2.4999995
v -0.4467151 0.7614669 2.3145451
v -0.4697286 0.7608566 2.3161684
v -0.4697286 0.7608566 2.3161684
v -0.4467151 0.7614669 2.3145451
v -0.4479427 0.8117319 2.2889546
v -0.4730162 0.8084727 2.2889546
v 0.4022086 0.4568789 2.4221962
v 0.1582905 0.4753473 2.5660883
v -0.1582916 0.4753473 2.5660883
v -0.4022097 0.4568789 2.4221962
v 0.4022086 0.4568789 2.4221962
v -0.2041312 0.6532883 2.6036444
v -0.1286345 0.6532883 2.6036444
v -0.4022097 0.4568789 2.4221962
v -0.4573952 0.5862521 2.4182713
v -0.4789262 0.4658640 2.0777238
v -0.4402220 0.1343319 1.9238445
v -0.4573952 0.5862521 2.4182713
v -0.2792948 0.6971318 2.5314250
v -0.4697286 0.7608566 2.3161684
v -0.0916923 0.6106576 2.6036444
v -0.4402220 0.1343319 1.9238445
v 0.4022086 0.4568789 2.4221962
v -0.2970525 0.7608566 2.5067351
v -0.2792948 0.6971318 2.5314250
v 0.4730153 0.8084727 2.0680827
v 0.4114384 0.8117319 1.6852574
v 0.4114384 0.8117319 2.0680827
v 0.4730153 0.8084727 2.2889546
v 0.4479417 0.8117319 2.2889546
v 0.4803138 0.4658640 1.7209811
v 0.4789252 0.4658640 2.0777238
v 0.4402211 0.1343319 1.9238445
v 0.4419217 0.1343319 1.7209810
v 0.4803138 0.4658640 1.7209811
v 0.2041301 0.6532883 2.6036444
v 0.2792937 0.6971318 2.5314250
v 0.2041301 0.6971318 2.6036444
v 0.4697276 0.7608566 2.3161684
v 0.2970514 0.7608566 2.5067351
v 0.1286334 0.6532883 2.6036444
v 0.0916912 0.6106576 2.6036444
v 0.2041301 0.5842018 2.5978967
v 0.4730154 0.8084727 1.5934863
v 0.4114384 0.8117319 1.6852574
v 0.4730153 0.8084727 2.0680827
v 0.4114384 0.8117319 1.5934862
v 0.4730153 0.8084727 2.2889546
v 0.4697276 0.7608566 2.3161684
v 0.4789252 0.4658640 2.0777238
v 0.4803138 0.4658640 1.7209811
v 0.4573942 0.5862521 2.4182713
v 0.1582905 0.4753473 2.5660883
v 0.4022086 0.4568789 2.4221962
v 0.1582905 0.4753473 2.5660883
v 0.0916912 0.6106576 2.6036444
v 0.2970514 0.7608566 2.5067351
v 0.2731023 0.7608566 2.4999995
v 0.2605829 0.6978181 2.5250246
v 0.2792937 0.6971318 2.5314250
v 0.4114384 0.7717848 1.6290253
v 0.4114384 0.8117319 1.6852574
v 0.4114384 0.8117319 1.5934862
v 0.1956926 0.6971437 2.5844580
v 0.1395720 0.6971318 2.5832837
v 0.1395720 0.6971318 2.6036444
v 0.2792937 0.6971318 2.5314250
v 0.2605829 0.6978181 2.5250246
v 0.4697276 0.7608566 2.3161684
v 0.4510043 0.7616495 2.3143877
v 0.2731023 0.7608566 2.4999995
v 0.4730153 0.8084727 2.2889546
v 0.4479417 0.8117319 2.2889546
v 0.4510043 0.7616495 2.3143877
v 0.4573942 0.5862521 2.4182713
v 0.1286334 0.6532883 2.6036444
v 0.4022086 0.4568789 2.4221962
v 0.4402211 0.1343319 1.9238445
v 0.4789252 0.4658640 2.0777238
v 0.1582905 0.4753473 2.5660883
v -0.1582916 0.4753473 2.5660883
v -1.1131503 0.4329841 -0.1912783
v -1.1131504 0.0953539 0.4034841
v -1.1120427 0.6600523 0.4034792
v -1.1131503 0.5692133 -0.0672472
v -1.1131503 0.4329841 -0.1912783
v -1.1131503 0.5692133 -0.5518858
v -1.0666823 0.5692175 -0.5518906
v -1.0666824 0.5692175 -0.0675231
v -1.1131503 0.5692133 -0.0672472
v -1.1131506 -0.0285754 1.7342081
v -1.1131506 0.0953539 1.5303770
v -1.1131504 0.0953539 0.4034841
v -1.1131504 -0.0285754 0.4034841
v -1.1131503 0.4329841 -0.1912783
v -1.1131503 0.5692133 -0.0672472
v -1.0666823 0.4329883 -0.1912825
v -1.1339020 0.6606292 1.5197812
v -0.9769547 0.9594312 0.9398512
v -1.1365763 0.6606292 0.4034799
v -0.7416546 1.3705733 1.1666226
v 0.7416540 1.3705733 1.1666229
v 0.4667356 1.2994580 0.8125098
v -0.4667361 1.2994580 0.8125098
v -1.1365763 0.6606292 0.4034799
v -1.0367188 0.8503015 0.5319891
v -1.0106741 0.8508415 0.5319864
v -1.1120427 0.6600523 0.4034792
v -1.1120427 0.6600523 0.4034792
v -1.0106741 0.8508415 0.5319864
v -1.1181405 0.7244250 -1.3213147
v -0.9533498 0.9612509 0.9398512
v -1.0193382 0.8332259 1.3329980
v 1.1104627 0.6585482 1.7296396
v 0.7416540 1.3705733 1.1666229
v -1.1104635 0.6585482 1.7296399
v 1.1104627 0.6585482 1.7296396
v -0.2550218 0.9448085 -1.1180554
v 0.2550219 0.9448085 -1.1180553
v 0.2648007 0.7480746 -2.1795236
v -0.2648003 0.7480746 -2.1795236
v -0.2550218 0.9448085 -1.1180554
v -1.1402576 0.0953581 0.4034799
v -1.1394601 0.1951265 0.9769684
v -1.1377016 0.4447818 0.9769684
v -1.1181405 0.7244250 -1.3213147
v -1.1131503 0.5692133 -0.5518858
v -1.1131503 0.5692133 -0.0672472
v -1.1120427 0.6600523 0.4034792
v -1.1181405 0.7244250 -1.3213147
v -1.0666822 0.4329883 -0.6551417
v -1.1131502 0.4329841 -0.6551376
v -1.1131503 0.4329841 -0.1912783
v -0.3254715 0.4147478 -2.3599049
v -0.3254715 0.7205536 -2.3599049
v -0.2416349 0.7205438 -2.3599141
v -0.2414391 0.4147213 -2.3599049
v -0.3254715 0.7205536 -2.3599049
v -0.2550218 0.9448085 -1.1180554
v -0.2648003 0.7480746 -2.1795236
v -1.0367188 0.8503015 0.5319891
v -0.9769547 0.9594312 0.9398512
v -0.9533498 0.9612509 0.9398512
v -1.0106741 0.8508415 0.5319864
v -1.0367188 0.8503015 0.5319891
v -0.3254715 0.7205536 -2.3599049
v -0.2416349 0.7205438 -2.3599141
v -1.1131502 0.4329841 -0.6551376
v -1.1188037 -0.0304285 -1.3216289
v -1.1131504 -0.0285754 0.4034841
v -1.1131503 0.4329841 -0.1912783
v -1.1104635 0.6585482 1.7296399
v -1.1131506 -0.0285754 1.7342081
v 1.1131498 -0.0285754 1.7342084
v 1.1104627 0.6585482 1.7296396
v -1.1104635 0.6585482 1.7296399
v -1.1131503 0.5692133 -0.5518858
v -1.1181405 0.7244250 -1.3213147
v -1.1131504 -0.0285754 0.4034841
v 1.1131499 -0.0285754 0.4034844
v 1.1131498 -0.0285754 1.7342084
v -1.1131506 -0.0285754 1.7342081
v -1.1181405 0.7244250 -1.3213147
v -0.7416546 1.3705733 1.1666226
v -0.3254715 0.7205536 -2.3599049
v -1.1131502 0.4329841 -0.6551376
v -1.0666822 0.4329883 -0.6551417
v -1.0666823 0.5692175 -0.5518906
v -1.1131503 0.5692133 -0.5518858
v -1.1131502 0.4329841 -0.6551376
v -0.7416546 1.3705733 1.1666226
v -1.1181405 0.7244250 -1.3213147
v -1.0106741 0.8508415 0.5319864
v -1.1131506 0.0953539 1.5303770
v -1.1402577 0.0953581 1.5198280
v -1.1402576 0.0953581 0.4034799
v -1.1131504 0.0953539 0.4034841
v -1.1131506 0.0953539 1.5303770
v -0.7416546 1.3705733 1.1666226
v -0.4667361 1.2994580 0.8125098
v -0.3254715 0.7205536 -2.3599049
v -1.1339020 0.6606292 1.5197812
v -1.1402577 0.0953581 1.5198280
v -1.1131506 0.0953539 1.5303770
v -1.1107254 0.6591013 1.5303706
v -1.1339020 0.6606292 1.5197812
v 0.2414396 0.3402781 -2.1869475
v 1.1188039 -0.0304285 -1.3216284
v -1.1188037 -0.0304285 -1.3216289
v -0.2414391 0.3402781 -2.1869475
v -1.1188037 -0.0304285 -1.3216289
v -1.1181405 0.7244250 -1.3213147
v -0.3254715 0.4147478 -2.3599049
v 1.1188039 -0.0304285 -1.3216284
v 1.1131499 -0.0285754 0.4034844
v -0.2550218 0.9448085 -1.1180554
v -0.4667361 1.2994580 0.8125098
v -0.9769547 0.9594312 0.9398512
v -1.0446347 0.8322937 1.3329993
v -1.0193382 0.8332259 1.3329980
v -0.9533498 0.9612509 0.9398512
v 1.1104627 0.6585482 1.7296396
v 1.1131498 -0.0285754 1.7342084
v 1.1131498 0.0953539 1.5303773
v 1.1107246 0.6591013 1.5303709
v -1.0193382 0.8332259 1.3329980
v -1.1107254 0.6591013 1.5303706
v -0.7416546 1.3705733 1.1666226
v -1.1402576 0.0953581 0.4034799
v -1.1365763 0.6606292 0.4034799
v -1.1120427 0.6600523 0.4034792
v -1.1131504 0.0953539 0.4034841
v -1.1402576 0.0953581 0.4034799
v 1.1339012 0.6606292 1.5197815
v 0.9769541 0.9594312 0.9398515
v 1.0446339 0.8322937 1.3329996
v -1.0446347 0.8322937 1.3329993
v -1.1339020 0.6606292 1.5197812
v -1.1107254 0.6591013 1.5303706
v -1.0193382 0.8332259 1.3329980
v 0.2648007 0.7480746 -2.1795236
v 0.2414396 0.3402781 -2.1869475
v -0.2414391 0.3402781 -2.1869475
v -0.2648003 0.7480746 -2.1795236
v 0.2648007 0.7480746 -2.1795236
v -1.1131504 -0.0285754 0.4034841
v -1.1131504 0.0953539 0.4034841
v -1.1131503 0.4329841 -0.1912783
v 1.1365759 0.6606292 0.4034802
v 1.0367184 0.8503015 0.5319894
v -0.2414391 0.3402781 -2.1869475
v -0.2414391 0.4147213 -2.3599049
v -0.2416349 0.7205438 -2.3599141
v -1.1181405 0.7244250 -1.3213147
v -1.1131502 0.4329841 -0.6551376
v -1.0106741 0.8508415 0.5319864
v -0.9533498 0.9612509 0.9398512
v -0.7416546 1.3705733 1.1666226
v -1.0666823 0.5692175 -0.5518906
v -1.0666822 0.4329883 -0.6551417
v -1.0666823 0.4329883 -0.1912825
v -1.0666824 0.5692175 -0.0675231
v -1.0666823 0.5692175 -0.5518906
v -1.1104635 0.6585482 1.7296399
v -1.1131506 0.0953539 1.5303770
v -1.1131506 -0.0285754 1.7342081
v -0.3254715 0.4147478 -2.3599049
v -0.2414391 0.3402781 -2.1869475
v 1.1365759 0.6606292 0.4034802
v 1.1339012 0.6606292 1.5197815
v 1.1364448 0.4447818 1.4292365
v 1.1377010 0.4447818 0.9769687
v 1.1365759 0.6606292 0.4034802
v -1.0367188 0.8503015 0.5319891
v -1.1365763 0.6606292 0.4034799
v -0.9769547 0.9594312 0.9398512
v -1.0446347 0.8322937 1.3329993
v -1.1339020 0.6606292 1.5197812
v -0.7416546 1.3705733 1.1666226
v -1.1365763 0.6606292 0.4034799
v -1.1377016 0.4447818 0.9769684
v -1.1364455 0.4447818 1.4292361
v -1.1402577 0.0953581 1.5198280
v -1.1392267 0.1951265 1.4292361
v -1.1394601 0.1951265 0.9769684
v -1.1402576 0.0953581 0.4034799
v -1.1402577 0.0953581 1.5198280
v -1.1162933 0.4279618 0.9950940
v -1.1177333 0.2119464 0.9950940
v -1.1151626 0.4279618 1.4097334
v -1.1377016 0.4447818 0.9769684
v -1.1394601 0.1951265 0.9769684
v -1.1394601 0.1951265 0.9769684
v -1.1392267 0.1951265 1.4292361
v -1.1176261 0.2119457 1.4097340
v -1.1177333 0.2119464 0.9950940
v -1.1392267 0.1951265 1.4292361
v -1.1364455 0.4447818 1.4292361
v -1.1176261 0.2119457 1.4097340
v -1.1364455 0.4447818 1.4292361
v -1.1377016 0.4447818 0.9769684
v 1.0666821 0.5692175 -0.5518903
v 1.0666821 0.5692175 -0.0675228
v 1.0666821 0.4329883 -0.1912821
v 1.0666822 0.4329883 -0.6551414
v -0.2414391 0.4147213 -2.3599049
v -0.2414391 0.3402781 -2.1869475
v -0.3254715 0.4147478 -2.3599049
v 0.7416540 1.3705733 1.1666229
v 0.9533492 0.9612509 0.9398515
v 1.0106736 0.8508415 0.5319867
v 1.1131501 0.4329841 -0.1912779
v 1.1131500 0.5692133 -0.0672469
v 1.1120422 0.6600523 0.4034795
v 1.1131499 0.0953539 0.4034844
v 1.1131501 0.5692133 -0.5518854
v 1.1131500 0.5692133 -0.0672469
v 1.0666821 0.5692175 -0.0675228
v 1.0666821 0.5692175 -0.5518903
v 1.1131498 -0.0285754 1.7342084
v 1.1131499 -0.0285754 0.4034844
v 1.1131499 0.0953539 0.4034844
v 1.1131498 0.0953539 1.5303773
v 1.1131501 0.4329841 -0.1912779
v 1.0666821 0.4329883 -0.1912821
v 1.0666821 0.5692175 -0.0675228
v 1.1131500 0.5692133 -0.0672469
v 1.1365759 0.6606292 0.4034802
v 0.9769541 0.9594312 0.9398515
v 1.1339012 0.6606292 1.5197815
v 0.3254720 0.4147478 -2.3599049
v 0.2414396 0.3402781 -2.1869475
v 0.2414396 0.4147213 -2.3599049
v 1.1120422 0.6600523 0.4034795
v 1.0106736 0.8508415 0.5319867
v 1.0367184 0.8503015 0.5319894
v 1.1181406 0.7244250 -1.3213144
v 1.0106736 0.8508415 0.5319867
v 1.1120422 0.6600523 0.4034795
v 0.7416540 1.3705733 1.1666229
v 1.0193374 0.8332259 1.3329984
v 0.9533492 0.9612509 0.9398515
v 1.1131502 0.4329841 -0.6551372
v 1.1188039 -0.0304285 -1.3216284
v 1.1181406 0.7244250 -1.3213144
v 1.1177327 0.2119464 0.9950943
v 1.1151618 0.4279618 1.4097337
v 1.1176254 0.2119457 1.4097343
v 1.1365759 0.6606292 0.4034802
v 1.1377010 0.4447818 0.9769687
v 1.1394595 0.1951265 0.9769687
v 1.1402571 0.0953581 0.4034802
v 1.1120422 0.6600523 0.4034795
v 1.1131500 0.5692133 -0.0672469
v 1.1131501 0.5692133 -0.5518854
v 1.0666821 0.4329883 -0.1912821
v 1.1131501 0.4329841 -0.1912779
v 1.1131502 0.4329841 -0.6551372
v 1.0666822 0.4329883 -0.6551414
v 1.0666821 0.4329883 -0.1912821
v 0.3254720 0.4147478 -2.3599049
v 0.2414396 0.4147213 -2.3599049
v 0.2416354 0.7205438 -2.3599141
v 0.3254720 0.7205536 -2.3599049
v 0.3254720 0.4147478 -2.3599049
v 0.2648007 0.7480746 -2.1795236
v 0.2550219 0.9448085 -1.1180553
v 1.0367184 0.8503015 0.5319894
v 1.0106736 0.8508415 0.5319867
v 0.9533492 0.9612509 0.9398515
v 0.9769541 0.9594312 0.9398515
v 0.2416354 0.7205438 -2.3599141
v 0.3254720 0.7205536 -2.3599049
v 1.1131502 0.4329841 -0.6551372
v 1.1131501 0.4329841 -0.1912779
v 1.1131499 -0.0285754 0.4034844
v 1.1188039 -0.0304285 -1.3216284
v 1.1364448 0.4447818 1.4292365
v 1.1151618 0.4279618 1.4097337
v 1.1162926 0.4279618 0.9950943
v 1.1377010 0.4447818 0.9769687
v 1.1181406 0.7244250 -1.3213144
v 1.1131501 0.5692133 -0.5518854
v 1.1392259 0.1951265 1.4292365
v 1.1176254 0.2119457 1.4097343
v 1.1151618 0.4279618 1.4097337
v 1.1364448 0.4447818 1.4292365
v 0.3254720 0.7205536 -2.3599049
v 0.7416540 1.3705733 1.1666229
v 1.1181406 0.7244250 -1.3213144
v 1.1131502 0.4329841 -0.6551372
v 1.1131501 0.5692133 -0.5518854
v 1.0666821 0.5692175 -0.5518903
v 1.0666822 0.4329883 -0.6551414
v 1.0106736 0.8508415 0.5319867
v 0.7416540 1.3705733 1.1666229
v 1.1131498 0.0953539 1.5303773
v 1.1131499 0.0953539 0.4034844
v 1.1402571 0.0953581 0.4034802
v 1.1402570 0.0953581 1.5198283
v 0.4667356 1.2994580 0.8125098
v 0.7416540 1.3705733 1.1666229
v 1.1339012 0.6606292 1.5197815
v 1.1107246 0.6591013 1.5303709
v 1.1131498 0.0953539 1.5303773
v 1.1402570 0.0953581 1.5198283
v 1.1394595 0.1951265 0.9769687
v 1.1177327 0.2119464 0.9950943
v 1.1176254 0.2119457 1.4097343
v 1.1392259 0.1951265 1.4292365
v 1.1394595 0.1951265 0.9769687
v 1.1188039 -0.0304285 -1.3216284
v 0.3254720 0.4147478 -2.3599049
v 0.3254720 0.7205536 -2.3599049
v 1.1181406 0.7244250 -1.3213144
v 1.1377010 0.4447818 0.9769687
v 1.1162926 0.4279618 0.9950943
v 1.1177327 0.2119464 0.9950943
v 1.1394595 0.1951265 0.9769687
v 0.2550219 0.9448085 -1.1180553
v 0.9769541 0.9594312 0.9398515
v 0.9533492 0.9612509 0.9398515
v 1.0193374 0.8332259 1.3329984
v 1.0446339 0.8322937 1.3329996
v 0.9769541 0.9594312 0.9398515
v 0.2648007 0.7480746 -2.1795236
v 0.2416354 0.7205438 -2.3599141
v 0.2414396 0.4147213 -2.3599049
v 0.2414396 0.3402781 -2.1869475
v 0.7416540 1.3705733 1.1666229
v 1.1107246 0.6591013 1.5303709
v 1.0193374 0.8332259 1.3329984
v 1.1151618 0.4279618 1.4097337
v 1.1162926 0.4279618 0.9950943
v 1.1402571 0.0953581 0.4034802
v 1.1131499 0.0953539 0.4034844
v 1.1120422 0.6600523 0.4034795
v 1.1365759 0.6606292 0.4034802
v 1.1402571 0.0953581 0.4034802
v 1.1188039 -0.0304285 -1.3216284
v 0.2414396 0.3402781 -2.1869475
v 0.3254720 0.4147478 -2.3599049
v 1.0446339 0.8322937 1.3329996
v 1.0193374 0.8332259 1.3329984
v 1.1107246 0.6591013 1.5303709
v 1.1339012 0.6606292 1.5197815
v 1.0446339 0.8322937 1.3329996
v 1.1402570 0.0953581 1.5198283
v 1.1392259 0.1951265 1.4292365
v 1.1364448 0.4447818 1.4292365
v 1.1131499 0.0953539 0.4034844
v 1.1131499 -0.0285754 0.4034844
v 1.1402571 0.0953581 0.4034802
v 1.1394595 0.1951265 0.9769687
v 1.1392259 0.1951265 1.4292365
v 1.1402570 0.0953581 1.5198283
v 0.2241577 0.6597179 -2.1039406
v 0.2241579 0.5863698 -3.6805621
v 0.2241579 0.6597179 -3.6805621
v -0.0281712 0.6965591 -3.8265546
v -0.0281712 0.6425002 -3.8265546
v -0.1203123 0.6425002 -3.8265546
v -0.1203123 0.6965591 -3.8265546
v -0.1203123 0.6965591 -3.9150031
v -0.1203123 0.6425002 -3.9150031
v -0.0281712 0.6425002 -3.9150031
v -0.0281712 0.6965591 -3.9150031
v -0.1203123 0.6965591 -3.9150031
v -0.2241569 0.4676636 -3.9735358
v -0.2241569 0.4684118 -3.9150031
v -0.2241569 0.5864339 -3.9150031
v -0.2241569 0.5863698 -3.9735358
v -0.2241569 0.4676636 -3.9735358
v -0.2241569 0.4684118 -3.9150031
v -0.1773796 0.4684118 -3.9150031
v -0.1773796 0.5864339 -3.9150031
v -0.2241569 0.5864339 -3.9150031
v -0.2241570 0.4676636 -3.8265546
v -0.2241570 0.5863698 -3.8265546
v -0.1773796 0.5863698 -3.8265546
v -0.1773796 0.4676636 -3.8265546
v -0.1773796 0.5863698 -3.9735358
v -0.1773796 0.4676636 -3.9735358
v -0.2241569 0.4676636 -3.9735358
v -0.2241569 0.5863698 -3.9735358
v -0.2241569 0.6597179 -4.1850854
v -0.1684920 0.6408942 -4.1850854
v -0.1684920 0.4131580 -4.1850854
v -0.2241569 0.4008218 -4.1850854
v -0.2241569 0.6597179 -4.1850854
v 0.0281722 0.6965591 -3.9735358
v -0.0281712 0.6965591 -3.9735358
v 0.0002228 0.6965591 -3.9451581
v -0.2241570 0.5863698 -3.6805621
v -0.2241570 0.6597179 -3.6805621
v -0.2241570 0.5864339 -3.7690106
v -0.1808285 0.3574931 -2.1039406
v 0.1808293 0.3574931 -4.1850854
v 0.1808289 0.3574931 -2.1039406
v -0.1684920 0.6408942 -4.1850854
v -0.2241569 0.6597179 -4.1850854
v -0.1873157 0.6965591 -4.1850854
v -0.1808285 0.3574931 -2.1039406
v -0.2241572 0.4008218 -2.1039406
v -0.2241570 0.4008218 -3.6805621
v -0.1808282 0.3574931 -4.1850854
v -0.1808285 0.3574931 -2.1039406
v -0.2241570 0.4676636 -3.8265546
v -0.2241570 0.4008218 -3.6805621
v -0.2241570 0.4684118 -3.7690106
v -0.2241570 0.5863698 -3.8265546
v -0.2241572 0.6597179 -2.1039406
v -0.1873160 0.6965591 -2.1039406
v -0.1873157 0.6965591 -3.6805621
v -0.2241570 0.6597179 -3.6805621
v 0.2241580 0.5864339 -3.9150031
v 0.2241580 0.5863698 -3.9735358
v 0.2241580 0.6597179 -4.1850854
v -0.1773796 0.4684118 -3.9150031
v -0.2241569 0.4684118 -3.9150031
v -0.2241570 0.4676636 -3.8265546
v -0.1773796 0.4676636 -3.8265546
v 0.1203133 0.6965591 -3.6805621
v 0.1203133 0.6965591 -3.7690106
v 0.1203133 0.6425002 -3.7690106
v 0.1203133 0.6425002 -3.6805621
v -0.1873160 0.6965591 -2.1039406
v 0.1873164 0.6965591 -2.1039406
v -0.0281713 0.6965591 -3.6805621
v 0.1684931 0.4131580 -4.1850854
v -0.1684920 0.4131580 -4.1850854
v 0.1684931 0.4131580 -3.9442694
v -0.1203123 0.6965591 -4.0619849
v -0.1203123 0.6965591 -3.9735358
v -0.1684920 0.6408942 -4.1850854
v 0.1684931 0.6408942 -4.1850854
v -0.1684920 0.6408942 -3.9442694
v -0.0281712 0.6965591 -4.0619849
v 0.1873168 0.6965591 -4.1850854
v 0.1684931 0.6408942 -4.1850854
v -0.1684920 0.6408942 -4.1850854
v -0.2241569 0.6597179 -4.1850854
v -0.2241570 0.6597179 -3.6805621
v -0.1873157 0.6965591 -3.6805621
v -0.1684920 0.4131580 -4.1850854
v 0.1684931 0.4131580 -4.1850854
v -0.1808282 0.3574931 -4.1850854
v -0.0281712 0.6965591 -4.0619849
v -0.1203123 0.6965591 -4.0619849
v -0.1203123 0.6965591 -3.9735358
v -0.1203123 0.6425002 -3.9735358
v -0.1203123 0.6425002 -4.0619849
v -0.1203123 0.6965591 -4.0619849
v -0.0281712 0.6425002 -3.9735358
v -0.0281712 0.6965591 -3.9735358
v -0.0281712 0.6965591 -4.0619849
v -0.0281712 0.6425002 -4.0619849
v -0.2241569 0.5864339 -4.0619849
v -0.2241569 0.6597179 -4.1850854
v -0.2241569 0.4008218 -4.1850854
v -0.2241569 0.4684118 -4.0619849
v -0.2241569 0.5864339 -4.0619849
v -0.2241569 0.4684118 -4.0619849
v -0.1773796 0.4684118 -4.0619849
v -0.1773796 0.5864339 -4.0619849
v -0.1684920 0.4131580 -3.9442694
v 0.1684931 0.4131580 -3.9442694
v -0.1684920 0.4131580 -4.1850854
v 0.1684931 0.6408942 -3.9442694
v 0.1684931 0.6408942 -4.1850854
v -0.2241570 0.4008218 -3.6805621
v -0.2241569 0.4684118 -3.9150031
v -0.2241569 0.4008218 -4.1850854
v -0.1203123 0.6965591 -3.9150031
v -0.1873157 0.6965591 -3.6805621
v -0.1203123 0.6965591 -3.8265546
v 0.2241580 0.4676636 -3.9735358
v 0.2241580 0.4684118 -3.9150031
v 0.2241580 0.4008218 -4.1850854
v -0.1203123 0.6425002 -4.0619849
v -0.0281712 0.6425002 -4.0619849
v -0.0281712 0.6965591 -4.0619849
v -0.1203123 0.6965591 -4.0619849
v -0.1203123 0.6965591 -3.9735358
v -0.0281712 0.6965591 -3.9735358
v -0.1203123 0.6425002 -3.9735358
v -0.1684920 0.4131580 -3.9442694
v -0.1684920 0.4131580 -4.1850854
v -0.1684920 0.6408942 -4.1850854
v -0.2241570 0.4676636 -3.6805621
v -0.2241570 0.4684118 -3.7690106
v -0.2241570 0.4008218 -3.6805621
v -0.0281713 0.6965591 -3.6805621
v -0.0281713 0.6425002 -3.6805621
v -0.1203123 0.6425002 -3.6805621
v -0.1203123 0.6965591 -3.6805621
v -0.0281713 0.6965591 -3.6805621
v -0.1203123 0.6965591 -3.7690106
v -0.1203123 0.6425002 -3.7690106
v -0.0281712 0.6425002 -3.7690106
v -0.0281712 0.6965591 -3.7690106
v -0.1203123 0.6965591 -3.7690106
v -0.2241570 0.4684118 -3.7690106
v -0.1773796 0.4684118 -3.7690106
v -0.1773796 0.5864339 -3.7690106
v -0.2241570 0.5864339 -3.7690106
v 0.1773806 0.5863698 -3.9735358
v 0.1773807 0.5864339 -4.0619849
v 0.2241580 0.5864339 -4.0619849
v 0.2241580 0.5863698 -3.9735358
v 0.1773806 0.5863698 -3.9735358
v -0.2241570 0.4676636 -3.6805621
v -0.2241570 0.5863698 -3.6805621
v -0.1773796 0.5863698 -3.6805621
v -0.1773796 0.4676636 -3.6805621
v -0.2241572 0.6597179 -2.1039406
v -0.2241570 0.5863698 -3.6805621
v -0.2241572 0.4008218 -2.1039406
v -0.2241570 0.5863698 -3.8265546
v -0.2241570 0.6597179 -3.6805621
v -0.2241569 0.5864339 -3.9150031
v -0.1873157 0.6965591 -3.6805621
v -0.1203123 0.6965591 -3.7690106
v -0.1203123 0.6965591 -3.6805621
v -0.1873160 0.6965591 -2.1039406
v -0.0281713 0.6965591 -3.6805621
v -0.1203123 0.6965591 -3.9150031
v -0.1203123 0.6965591 -3.9735358
v -0.0281712 0.6425002 -3.7690106
v -0.1203123 0.6425002 -3.6805621
v 0.1773806 0.5864339 -3.7690106
v 0.2241579 0.5864339 -3.7690106
v 0.2241579 0.5863698 -3.6805621
v 0.1773806 0.5863698 -3.6805621
v -0.2241569 0.4684118 -4.0619849
v -0.2241569 0.4008218 -4.1850854
v -0.2241569 0.4676636 -3.9735358
v -0.1203123 0.6965591 -3.6805621
v -0.1203123 0.6965591 -3.7690106
v -0.1873157 0.6965591 -3.6805621
v -0.2241570 0.5864339 -3.7690106
v -0.2241570 0.6597179 -3.6805621
v -0.2241569 0.5864339 -4.0619849
v -0.2241569 0.5863698 -3.9735358
v -0.2241569 0.6597179 -4.1850854
v -0.2241569 0.5864339 -3.9150031
v -0.2241570 0.4684118 -3.7690106
v -0.2241570 0.4676636 -3.6805621
v -0.2241570 0.5863698 -3.6805621
v -0.2241570 0.5864339 -3.7690106
v -0.1203123 0.6965591 -3.6805621
v -0.1203123 0.6425002 -3.6805621
v -0.1203123 0.6965591 -3.7690106
v -0.1773796 0.5863698 -3.9735358
v -0.2241569 0.5863698 -3.9735358
v -0.2241569 0.5864339 -4.0619849
v -0.1773796 0.5864339 -4.0619849
v -0.2241569 0.4008218 -4.1850854
v -0.2241569 0.4684118 -3.9150031
v -0.2241569 0.4676636 -3.9735358
v -0.0281713 0.6965591 -3.6805621
v -0.0281712 0.6965591 -3.7690106
v -0.0281712 0.6425002 -3.7690106
v -0.1773796 0.5864339 -4.0619849
v -0.1773796 0.4684118 -4.0619849
v -0.1773796 0.4676636 -3.9735358
v -0.1773796 0.5863698 -3.9735358
v -0.2241569 0.4684118 -4.0619849
v -0.2241569 0.4676636 -3.9735358
v -0.2241569 0.4008218 -4.1850854
v -0.1684920 0.4131580 -4.1850854
v -0.1808282 0.3574931 -4.1850854
v -0.0281712 0.6425002 -4.0619849
v -0.1203123 0.6425002 -4.0619849
v -0.1203123 0.6425002 -3.9735358
v -0.0281712 0.6425002 -3.9735358
v -0.0281712 0.6425002 -4.0619849
v -0.1873157 0.6965591 -3.6805621
v -0.1873160 0.6965591 -2.1039406
v -0.1203123 0.6965591 -3.6805621
v -0.0281712 0.6425002 -3.9150031
v -0.1203123 0.6425002 -3.9150031
v -0.1203123 0.6425002 -3.8265546
v -0.0281712 0.6425002 -3.8265546
v -0.0281712 0.6425002 -3.9150031
v -0.0281712 0.6965591 -3.8265546
v -0.0281712 0.6965591 -3.9150031
v -0.0281712 0.6425002 -3.9150031
v -0.2241570 0.4008218 -3.6805621
v -0.2241572 0.4008218 -2.1039406
v -0.2241570 0.4676636 -3.6805621
v -0.2241570 0.6597179 -3.6805621
v -0.2241570 0.5863698 -3.6805621
v -0.2241572 0.6597179 -2.1039406
v -0.1203123 0.6965591 -3.8265546
v -0.1203123 0.6425002 -3.8265546
v -0.1203123 0.6965591 -3.9150031
v -0.1773796 0.5864339 -3.9150031
v -0.1773796 0.4684118 -3.9150031
v -0.1773796 0.4676636 -3.8265546
v -0.1773796 0.5863698 -3.8265546
v -0.2241570 0.5863698 -3.8265546
v -0.2241569 0.5864339 -3.9150031
v -0.1808282 0.3574931 -4.1850854
v 0.1684931 0.4131580 -4.1850854
v 0.1808293 0.3574931 -4.1850854
v 0.0281722 0.6965591 -3.8265546
v 0.1203133 0.6965591 -3.8265546
v 0.1203133 0.6425002 -3.8265546
v 0.0281722 0.6425002 -3.8265546
v 0.0281722 0.6965591 -3.8265546
v 0.1203133 0.6965591 -3.9150031
v 0.0281722 0.6965591 -3.9150031
v 0.0281722 0.6425002 -3.9150031
v 0.1203133 0.6425002 -3.9150031
v 0.2241580 0.4676636 -3.9735358
v 0.2241580 0.5863698 -3.9735358
v 0.2241580 0.5864339 -3.9150031
v 0.2241580 0.4684118 -3.9150031
v 0.2241580 0.4676636 -3.9735358
v 0.2241580 0.4684118 -3.9150031
v 0.2241580 0.5864339 -3.9150031
v 0.1773806 0.5864339 -3.9150031
v 0.1773806 0.4684118 -3.9150031
v 0.2241579 0.4676636 -3.8265546
v 0.1773806 0.4676636 -3.8265546
v 0.1773806 0.5863698 -3.8265546
v 0.2241579 0.5863698 -3.8265546
v 0.2241579 0.4676636 -3.8265546
v 0.1773806 0.5863698 -3.9735358
v 0.2241580 0.5863698 -3.9735358
v 0.2241580 0.4676636 -3.9735358
v 0.1773806 0.4676636 -3.9735358
v 0.1773806 0.5863698 -3.9735358
v 0.2241580 0.6597179 -4.1850854
v 0.2241580 0.4008218 -4.1850854
v 0.1684931 0.4131580 -4.1850854
v 0.1684931 0.6408942 -4.1850854
v 0.1773806 0.4684118 -3.7690106
v 0.1773806 0.5864339 -3.7690106
v 0.1773806 0.5863698 -3.6805621
v 0.1773806 0.4676636 -3.6805621
v 0.2241579 0.5864339 -3.7690106
v 0.2241579 0.6597179 -3.6805621
v 0.1773806 0.5864339 -3.9150031
v 0.2241580 0.5864339 -3.9150031
v 0.2241579 0.5863698 -3.8265546
v 0.1873168 0.6965591 -4.1850854
v 0.2241580 0.6597179 -4.1850854
v 0.1684931 0.6408942 -4.1850854
v 0.1808293 0.3574931 -4.1850854
v 0.2241579 0.4008218 -3.6805621
v 0.2241577 0.4008218 -2.1039406
v 0.1808289 0.3574931 -2.1039406
v 0.2241579 0.4684118 -3.7690106
v 0.2241579 0.4008218 -3.6805621
v 0.2241579 0.4676636 -3.8265546
v 0.2241579 0.5863698 -3.8265546
v 0.2241579 0.5864339 -3.7690106
v 0.2241577 0.6597179 -2.1039406
v 0.2241579 0.6597179 -3.6805621
v 0.1873167 0.6965591 -3.6805621
v 0.1873164 0.6965591 -2.1039406
v 0.2241577 0.6597179 -2.1039406
v 0.0281722 0.6965591 -3.6805621
v -0.0281713 0.6965591 -3.6805621
v 0.1773806 0.4684118 -3.9150031
v 0.2241579 0.4676636 -3.8265546
v 0.2241580 0.4684118 -3.9150031
v 0.0281722 0.6425002 -3.9150031
v 0.1203133 0.6425002 -3.8265546
v 0.1203133 0.6425002 -3.9150031
v 0.0281722 0.6425002 -3.9150031
v -0.1808282 0.3574931 -4.1850854
v 0.1808293 0.3574931 -4.1850854
v -0.1808285 0.3574931 -2.1039406
v 0.0281722 0.6965591 -3.9150031
v 0.0281722 0.6965591 -3.8265546
v 0.1203133 0.6965591 -3.9735358
v 0.1203133 0.6965591 -4.0619849
v 0.1773807 0.4684118 -4.0619849
v 0.1773806 0.4676636 -3.9735358
v 0.2241580 0.4676636 -3.9735358
v 0.2241580 0.4684118 -4.0619849
v 0.1773807 0.5864339 -4.0619849
v 0.1773806 0.5863698 -3.9735358
v 0.1773806 0.4676636 -3.9735358
v 0.0281722 0.6425002 -3.6805621
v 0.0281722 0.6425002 -3.7690106
v 0.0281722 0.6965591 -3.7690106
v 0.0281722 0.6965591 -3.6805621
v 0.1873167 0.6965591 -3.6805621
v 0.2241579 0.6597179 -3.6805621
v 0.2241580 0.6597179 -4.1850854
v 0.1773806 0.5864339 -3.9150031
v 0.0281723 0.6965591 -4.0619849
v 0.1203133 0.6965591 -3.9735358
v 0.1203133 0.6965591 -4.0619849
v 0.1203133 0.6425002 -4.0619849
v 0.1203133 0.6425002 -3.9735358
v 0.0281722 0.6425002 -3.9735358
v 0.0281723 0.6425002 -4.0619849
v 0.0281723 0.6965591 -4.0619849
v 0.0281722 0.6965591 -3.9735358
v 0.2241580 0.5864339 -4.0619849
v 0.2241580 0.4684118 -4.0619849
v 0.2241580 0.4008218 -4.1850854
v 0.2241580 0.6597179 -4.1850854
v 0.2241580 0.5864339 -4.0619849
v 0.2241580 0.5864339 -4.0619849
v 0.2241580 0.4684118 -4.0619849
v 0.1203133 0.6965591 -3.8265546
v 0.1203133 0.6965591 -3.9150031
v 0.1203133 0.6425002 -3.9150031
v 0.1203133 0.6425002 -3.8265546
v 0.1203133 0.6965591 -3.8265546
v 0.1203133 0.6965591 -3.6805621
v 0.1873164 0.6965591 -2.1039406
v 0.1873167 0.6965591 -3.6805621
v 0.2241580 0.4008218 -4.1850854
v 0.2241580 0.4684118 -3.9150031
v 0.2241579 0.4008218 -3.6805621
v 0.1203133 0.6965591 -3.9150031
v 0.1203133 0.6965591 -3.8265546
v 0.1203133 0.6425002 -3.9735358
v 0.1203133 0.6425002 -4.0619849
v 0.1203133 0.6965591 -4.0619849
v 0.0281723 0.6965591 -4.0619849
v 0.1203133 0.6425002 -4.0619849
v 0.1203133 0.6965591 -3.9735358
v 0.0281722 0.6965591 -3.9735358
v 0.1684931 0.4131580 -3.9442694
v 0.1684931 0.6408942 -3.9442694
v 0.1684931 0.6408942 -4.1850854
v 0.1684931 0.4131580 -4.1850854
v 0.2241579 0.4008218 -3.6805621
v 0.2241579 0.4684118 -3.7690106
v 0.2241579 0.4676636 -3.6805621
v 0.0281722 0.6965591 -3.6805621
v 0.1203133 0.6965591 -3.6805621
v 0.1203133 0.6425002 -3.6805621
v 0.0281722 0.6425002 -3.6805621
v 0.0281722 0.6965591 -3.6805621
v 0.1203133 0.6965591 -3.7690106
v 0.0281722 0.6965591 -3.7690106
v 0.0281722 0.6425002 -3.7690106
v 0.1203133 0.6425002 -3.7690106
v 0.2241579 0.4684118 -3.7690106
v 0.2241579 0.5864339 -3.7690106
v 0.1773806 0.5864339 -3.7690106
v 0.1773806 0.4684118 -3.7690106
v 0.2241579 0.4684118 -3.7690106
v 0.1808293 0.3574931 -4.1850854
v 0.2241580 0.4008218 -4.1850854
v 0.2241579 0.4676636 -3.6805621
v 0.1773806 0.4676636 -3.6805621
v 0.1773806 0.5863698 -3.6805621
v 0.2241579 0.5863698 -3.6805621
v 0.2241579 0.4676636 -3.6805621
v 0.2241577 0.4008218 -2.1039406
v 0.2241580 0.5864339 -3.9150031
v 0.2241579 0.6597179 -3.6805621
v 0.2241579 0.5863698 -3.8265546
v 0.1203133 0.6965591 -3.8265546
v 0.1203133 0.6965591 -3.7690106
v 0.0281722 0.6965591 -3.6805621
v 0.1873164 0.6965591 -2.1039406
v 0.1203133 0.6965591 -3.6805621
v 0.1203133 0.6965591 -3.9735358
v 0.1203133 0.6965591 -3.9150031
v 0.0281722 0.6425002 -3.6805621
v 0.1203133 0.6425002 -3.6805621
v 0.0281722 0.6425002 -3.7690106
v 0.2241579 0.4684118 -3.7690106
v 0.1773806 0.4684118 -3.7690106
v 0.2241579 0.4676636 -3.6805621
v 0.2241580 0.4676636 -3.9735358
v 0.2241580 0.4008218 -4.1850854
v 0.2241580 0.4684118 -4.0619849
v 0.2241579 0.6597179 -3.6805621
v 0.2241579 0.5864339 -3.7690106
v 0.2241580 0.6597179 -4.1850854
v 0.2241580 0.5863698 -3.9735358
v 0.2241580 0.5864339 -4.0619849
v -0.1203123 0.6965591 -3.9735358
v -0.1203123 0.6965591 -3.9150031
v -0.0281712 0.6965591 -3.9735358
v 0.1203133 0.6965591 -3.9150031
v 0.0281722 0.6965591 -3.9735358
v 0.0281722 0.6965591 -3.9150031
v -0.0281712 0.6965591 -3.8265546
v -0.0281712 0.6965591 -3.7690106
v -0.0015677 0.6965591 -3.7959094
v -0.0281712 0.6965591 -3.9150031
v 0.0281722 0.6965591 -3.8265546
v 0.1203133 0.6965591 -3.7690106
v 0.0281722 0.6965591 -3.7690106
v -0.0281713 0.6965591 -3.6805621
v 0.0281722 0.6965591 -3.6805621
v -0.0281712 0.6965591 -3.7690106
v 0.0281722 0.6965591 -3.8265546
v -0.0281712 0.6965591 -3.9150031
v 0.0281723 0.6965591 -4.0619849
v -0.0281712 0.6965591 -4.0619849
v 0.0281722 0.6965591 -3.9735358
v 0.0281722 0.6965591 -3.7690106
v 0.0281722 0.6965591 -3.6805621
v -0.1203123 0.6965591 -3.8265546
v -0.1203123 0.6965591 -3.7690106
v 0.1203133 0.6965591 -3.8265546
v 0.0281722 0.6965591 -3.8265546
v 0.1203133 0.6965591 -3.7690106
v -0.0281712 0.6965591 -3.9150031
v -0.0281712 0.6965591 -3.9735358
v -0.1203123 0.6965591 -3.9150031
v 0.1203133 0.6965591 -3.9735358
v 0.0281722 0.6965591 -3.9735358
v 0.1203133 0.6965591 -3.9150031
v 0.0002228 0.6965591 -3.9451581
v -0.0281712 0.6965591 -3.9735358
v 0.0281722 0.6965591 -3.9150031
v -0.0015677 0.6965591 -3.7959094
v 0.0281722 0.6965591 -3.7690106
v 0.0281722 0.6965591 -3.8265546
v -0.0281712 0.6965591 -4.0619849
v 0.0002228 0.6965591 -3.9451581
v 0.0281722 0.6965591 -3.9150031
v 0.0281722 0.6965591 -3.7690106
v 0.0281723 0.6965591 -4.0619849
v 0.1873168 0.6965591 -4.1850854
v -0.0281712 0.6965591 -4.0619849
v 0.2241580 0.6597179 -4.1850854
v 0.2241579 0.6597179 -3.6805621
v 0.2241580 0.5864339 -3.9150031
v 0.2241579 0.4676636 -3.8265546
v 0.2241579 0.4008218 -3.6805621
v 0.2241580 0.4684118 -3.9150031
v -0.2241570 0.4676636 -3.8265546
v -0.2241569 0.4684118 -3.9150031
v -0.2241570 0.4008218 -3.6805621
v -0.2241569 0.6597179 -4.1850854
v -0.2241569 0.5864339 -3.9150031
v -0.2241570 0.6597179 -3.6805621
v -0.1684920 0.6408942 -3.9442694
v 0.1684931 0.6408942 -3.9442694
v 0.1684931 0.4131580 -3.9442694
v -0.1684920 0.4131580 -3.9442694
v 0.0853448 0.2856979 -4.0650305
v -0.0853437 0.2856979 -4.0650305
v -0.0850497 0.2856979 -4.2081464
v 0.0850508 0.2856979 -4.2081464
v 0.0536597 0.3911776 -4.3489111
v -0.1113467 0.3713835 -3.8917187
v 0.1113477 0.3713835 -3.8917187
v 0.1113478 0.3713835 -4.1843762
v 0.1013929 0.3577341 -4.1856403
v -0.1013918 0.3577341 -4.1856403
v -0.1113467 0.3713835 -4.1843762
v 0.1113478 0.3713835 -4.1843762
v -0.0678033 0.3911310 -4.2652808
v -0.1013918 0.3577341 -4.1856403
v -0.1113467 0.3713835 -3.8917187
v -0.0850497 0.2856979 -4.2081464
v -0.0853437 0.2856979 -4.0650305
v -0.0536586 0.3911776 -4.3489111
v -0.0850497 0.2856979 -4.2081464
v -0.1113467 0.3713835 -4.1843762
v -0.1013918 0.3577341 -4.1856403
v -0.1113467 0.3713835 -3.8917187
v 0.1113477 0.3713835 -3.8917187
v 0.1013929 0.3577341 -4.1856403
v 0.1113478 0.3713835 -4.1843762
v 0.0678044 0.3911310 -4.2652808
v 0.0850508 0.2856979 -4.2081464
v 0.0536597 0.3911776 -4.3489111
v 0.0853448 0.2856979 -4.0650305
v 0.1113477 0.3713835 -3.8917187
v -0.1013918 0.3577341 -4.1856403
v -0.0850497 0.2856979 -4.2081464
v 0.1013929 0.3577341 -4.1856403
v 0.0678044 0.3911310 -4.2652808
v 0.1013929 0.3577341 -4.1856403
v -0.0536586 0.3911776 -4.3489111
v 0.0536597 0.3911776 -4.3489111
v -0.0850497 0.2856979 -4.2081464
v -0.1113467 0.3713835 -3.8917187
v 0.1013929 0.3577341 -4.1856403
v 0.1113477 0.3713835 -3.8917187
v 0.0850508 0.2856979 -4.2081464
v 0.0536597 0.3911776 -4.3489111
v -0.0536586 0.3911776 -4.3489111
v 0.1000263 0.6549643 2.4938942
v -0.0000005 0.5972142 2.4938942
v 0.0577502 0.6126882 2.4938942
v 0.1609212 0.7128453 2.5854248
v 0.1393616 0.7934402 2.5854248
v 0.1393616 0.7934402 2.6071417
v 0.1609212 0.7128453 2.6071417
v 0.1609212 0.7128453 2.5854248
v 0.0804599 0.8523419 2.6071417
v 0.1393616 0.7934402 2.5854248
v 0.0698147 0.8380196 2.4904900
v 0.0577419 0.8492801 2.4915742
v 0.1393616 0.7934402 2.5854248
v -0.0000006 0.8739015 2.6071417
v 0.0577419 0.8492801 2.4915742
v -0.0000005 0.8652675 2.4915742
v -0.0000006 0.8739015 2.6071417
v -0.0804611 0.8523419 2.6071417
v -0.0624867 0.8212149 2.6275964
v -0.0000006 0.8379582 2.6275964
v -0.1393627 0.7934402 2.6071417
v -0.1082294 0.7754722 2.6275964
v -0.1609223 0.7128453 2.6071417
v -0.1249728 0.7128453 2.6275964
v -0.1393627 0.6322504 2.6071417
v -0.1609223 0.7128453 2.6071417
v -0.1609223 0.7128453 2.5854248
v -0.1393627 0.6322504 2.5854248
v -0.0804611 0.5733487 2.6071417
v -0.1393627 0.6322504 2.5854248
v -0.0801455 0.5733487 2.5854248
v -0.0000006 0.5517899 2.6071417
v -0.0801455 0.5733487 2.5854248
v -0.0000006 0.5517899 2.5854248
v -0.0000006 0.5517899 2.6071417
v 0.0804599 0.5733487 2.6071417
v 0.0624856 0.6044757 2.6275964
v -0.0000006 0.5877324 2.6275964
v 0.1393616 0.6322504 2.6071417
v 0.1082283 0.6502185 2.6275964
v -0.1000274 0.7707263 2.4938942
v -0.0577513 0.8130024 2.4938942
v -0.0569244 0.8115686 2.6237701
v -0.0985950 0.7698973 2.6237701
v -0.0577513 0.8130024 2.4938942
v -0.0000005 0.8284772 2.4938942
v -0.0000006 0.8268211 2.6237701
v 0.0577502 0.8130024 2.4938942
v 0.0569232 0.8115686 2.6237701
v -0.1249728 0.7128453 2.6275964
v -0.1138475 0.7128453 2.6237701
v -0.0985950 0.7698973 2.6237701
v -0.1249728 0.7128453 2.6275964
v -0.0985950 0.7698973 2.6237701
v -0.0569244 0.8115686 2.6237701
v -0.0569244 0.8115686 2.6237701
v -0.0000006 0.8268211 2.6237701
v 0.0577502 0.8130024 2.4938942
v 0.1000263 0.7707263 2.4938942
v 0.0985939 0.7698973 2.6237701
v 0.0577502 0.8130024 2.4938942
v 0.1155003 0.7128453 2.4938942
v 0.1138463 0.7128453 2.6237701
v 0.1000263 0.7707263 2.4938942
v 0.1000263 0.6549643 2.4938942
v 0.0985939 0.6557933 2.6237701
v 0.0577502 0.6126882 2.4938942
v 0.0569232 0.6141220 2.6237701
v -0.0000006 0.5988696 2.6237701
v -0.0569244 0.6141220 2.6237701
v -0.0577513 0.6126882 2.4938942
v -0.0985950 0.6557933 2.6237701
v -0.1000274 0.6549643 2.4938942
v -0.1138475 0.7128453 2.6237701
v -0.1155014 0.7128453 2.4938942
v -0.0985950 0.7698973 2.6237701
v -0.1000274 0.7707263 2.4938942
v -0.0000006 0.5517899 2.6071417
v -0.0000006 0.5877324 2.6275964
v -0.0624867 0.6044757 2.6275964
v -0.1082294 0.6502185 2.6275964
v -0.1249728 0.7128453 2.6275964
v -0.1609223 0.7128453 2.6071417
v 0.1082283 0.7754722 2.6275964
v 0.1249717 0.7128453 2.6275964
v 0.1609212 0.7128453 2.6071417
v 0.1393616 0.7934402 2.6071417
v 0.0804599 0.8523419 2.6071417
v 0.0624856 0.8212149 2.6275964
v -0.0000006 0.8739015 2.6071417
v -0.0000006 0.8379582 2.6275964
v -0.1609223 0.7128453 2.6071417
v -0.1393627 0.7934402 2.6071417
v -0.1393627 0.7934402 2.5854248
v -0.1609223 0.7128453 2.5854248
v -0.0804611 0.8523419 2.6071417
v -0.0577429 0.8492801 2.4915742
v -0.0698157 0.8380196 2.4904900
v -0.1393627 0.7934402 2.5854248
v -0.0000006 0.8739015 2.6071417
v -0.0000005 0.8652675 2.4915742
v -0.0577429 0.8492801 2.4915742
v -0.0000006 0.5877324 2.6275964
v -0.0000006 0.5988696 2.6237701
v -0.0569244 0.6141220 2.6237701
v -0.0569244 0.6141220 2.6237701
v -0.0985950 0.6557933 2.6237701
v -0.0985950 0.6557933 2.6237701
v -0.1138475 0.7128453 2.6237701
v 0.1249717 0.7128453 2.6275964
v 0.1082283 0.7754722 2.6275964
v 0.0985939 0.7698973 2.6237701
v 0.1138463 0.7128453 2.6237701
v 0.1082283 0.7754722 2.6275964
v 0.0569232 0.8115686 2.6237701
v 0.0985939 0.7698973 2.6237701
v -0.0000006 0.8379582 2.6275964
v -0.0000006 0.8268211 2.6237701
v 0.0569232 0.8115686 2.6237701
v 0.1138463 0.7128453 2.6237701
v 0.0985939 0.6557933 2.6237701
v 0.1082283 0.6502185 2.6275964
v 0.0985939 0.6557933 2.6237701
v 0.0569232 0.6141220 2.6237701
v 0.0624856 0.6044757 2.6275964
v 0.0569232 0.6141220 2.6237701
v -0.0000006 0.5988696 2.6237701
v -0.0000006 0.5877324 2.6275964
v 0.1393616 0.6322504 2.5854248
v 0.1609212 0.7128453 2.5854248
v 0.1609212 0.7128453 2.6071417
v 0.1393616 0.6322504 2.6071417
v 0.1393616 0.6322504 2.5854248
v 0.0801444 0.5733487 2.5854248
v 0.1393616 0.6322504 2.5854248
v -0.0000006 0.5517899 2.6071417
v -0.0000006 0.5517899 2.5854248
v 0.0801444 0.5733487 2.5854248
v 0.1249717 0.7128453 2.6275964
v 0.1082283 0.6502185 2.6275964
v -0.1000274 0.7707263 2.4938942
v -0.0577513 0.8130024 2.4938942
v -0.0000005 0.8284772 2.4938942
v 0.0577502 0.8130024 2.4938942
v 0.1000263 0.7707263 2.4938942
v 0.1155003 0.7128453 2.4938942
v -0.0577513 0.6126882 2.4938942
v -0.1000274 0.6549643 2.4938942
v -0.1155014 0.7128453 2.4938942
v -0.1000274 0.7707263 2.4938942
v -0.0000005 0.8394582 2.4362260
v -0.0389130 0.8436216 2.4502449
v -0.0000005 0.8517038 2.4480775
v -0.0000005 0.8652675 2.4915742
v -0.0447150 0.8375688 2.4502449
v -0.0698157 0.8380196 2.4904900
v -0.0389130 0.8436216 2.4502449
v -0.0000005 0.8517038 2.4480775
v 0.0389120 0.8436216 2.4502449
v -0.0000005 0.8394582 2.4362260
v -0.0000005 0.8517038 2.4480775
v -0.0000005 0.8652675 2.4915742
v 0.0577419 0.8492801 2.4915742
v 0.0389120 0.8436216 2.4502449
v 0.0447139 0.8375688 2.4502449
v 0.0389120 0.8436216 2.4502449
v 0.0577419 0.8492801 2.4915742
v 0.0698147 0.8380196 2.4904900
v -0.0389130 0.8436216 2.4502449
v -0.0000005 0.8394582 2.4362260
v -0.0447150 0.8375688 2.4502449
v 0.0389120 0.8436216 2.4502449
v 0.0447139 0.8375688 2.4502449
v -0.0000005 0.8394582 2.4362260
v 0.2241577 0.6597179 -2.1039406
v 0.2241577 0.4008218 -2.1039406
v 0.2241579 0.4676636 -3.6805621
v 0.2241577 0.6597179 -2.1039406
v -1.1110249 0.3815000 0.2974044
v -1.1977179 0.3815000 0.0949924
v -1.1110249 0.3815000 0.0689874
v -1.1977722 0.4451928 0.0949924
v -1.1110249 0.4736369 0.0689874
v -1.1561121 0.4492921 0.0689874
v -1.1977724 0.4451928 0.7340909
v -1.1977179 0.3815000 0.0949924
v -1.1977179 0.3815000 0.3325547
v -1.1110249 0.2709199 0.0689874
v -1.1977179 0.2709199 0.0954961
v -1.1110249 0.2709199 0.2974044
v -1.1110251 0.1787830 0.8425484
v -1.1976650 0.2072271 0.0954961
v -1.1110249 0.1787830 0.0689874
v -1.1976652 0.2072271 0.7340909
v -1.1110251 0.4736369 0.8425484
v -1.1977179 0.2709199 0.0954961
v -1.1561121 0.2709199 0.0689874
v -1.1561121 0.2031278 0.0689874
v -1.1561121 0.4492921 0.0689874
v -1.1561121 0.3815000 0.0689874
v -1.1977179 0.3815000 0.0949924
v -1.1561121 0.4492921 0.0689874
v -1.1977179 0.2709199 0.3325547
v -1.1110249 0.3815000 0.2974044
v -1.1110249 0.2709199 0.2974044
v -1.1561121 0.2031278 0.0689874
v -1.1110249 0.1787830 0.0689874
v -1.1110251 0.4736369 0.8425484
v -1.1110249 0.4736369 0.0689874
v -1.1977179 0.2709199 0.3325547
v -1.1976652 0.2072271 0.7340909
v -1.1561121 0.2709199 0.0689874
v -1.1977179 0.2709199 0.0954961
v -1.1110249 0.2709199 0.0689874
v -1.1977179 0.3815000 0.3325547
v -1.1110251 0.1787830 0.8425484
v -1.1110251 0.4736369 0.8425484
v -1.1110251 0.1787830 0.8425484
v -1.1977179 0.2709199 0.3325547
v -1.1561121 0.3815000 0.0689874
v -1.1110249 0.3815000 0.0689874
v -1.1977179 0.3815000 0.0949924
v -1.1977179 0.2709199 0.3325547
v -1.1110249 0.2709199 0.2974044
v -1.1977179 0.2709199 0.0954961
v -1.1977179 0.3815000 0.3325547
v -1.1977179 0.3815000 0.0949924
v -1.1110249 0.3815000 0.2974044
v -1.1693929 0.1748579 0.0326492
v -1.1816252 0.1748579 0.0610966
v -1.1816252 0.4708732 0.0610966
v -1.1693929 0.4708732 0.0326492
v -1.1693929 0.1748579 0.0326492
v -1.1406283 0.1748579 0.0211832
v -1.1121807 0.1748579 0.0334155
v -1.1411703 0.1748579 0.0616380
v -1.1417123 0.4708732 0.1020937
v -1.1129471 0.4708732 0.0906277
v -1.1411703 0.4708732 0.0616380
v -1.1129471 0.4708732 0.0906277
v -1.1417123 0.4708732 0.1020937
v -1.1417123 0.1748579 0.1020937
v -1.1129471 0.1748579 0.0906277
v -1.1129471 0.4708732 0.0906277
v -1.1701592 0.4708732 0.0898614
v -1.1816252 0.4708732 0.0610966
v -1.1816252 0.1748579 0.0610966
v -1.1701592 0.1748579 0.0898614
v -1.1701592 0.4708732 0.0898614
v -1.1121807 0.1748579 0.0334155
v -1.1121807 0.1748579 0.0621802
v -1.1406283 0.4708732 0.0211832
v -1.1693929 0.4708732 0.0326492
v -1.1411703 0.4708732 0.0616380
v -1.1411703 0.1748579 0.0616380
v -1.1121807 0.1748579 0.0621802
v -1.1129471 0.1748579 0.0906277
v -1.1129471 0.4708732 0.0906277
v -1.1121807 0.4708732 0.0621802
v -1.1701592 0.4708732 0.0898614
v -1.1417123 0.4708732 0.1020937
v -1.1417123 0.1748579 0.1020937
v -1.1411703 0.1748579 0.0616380
v -1.1129471 0.1748579 0.0906277
v -1.1417123 0.1748579 0.1020937
v -1.1406283 0.4708732 0.0211832
v -1.1406283 0.1748579 0.0211832
v -1.1693929 0.1748579 0.0326492
v -1.1693929 0.4708732 0.0326492
v -1.1406283 0.4708732 0.0211832
v -1.1121807 0.4708732 0.0334155
v -1.1121807 0.1748579 0.0334155
v -1.1693929 0.4708732 0.0326492
v -1.1816252 0.4708732 0.0610966
v -1.1411703 0.4708732 0.0616380
v -1.1411703 0.1748579 0.0616380
v -1.1701592 0.1748579 0.0898614
v -1.1121807 0.4708732 0.0334155
v -1.1406283 0.4708732 0.0211832
v -1.1411703 0.4708732 0.0616380
v -1.1701592 0.1748579 0.0898614
v -1.1816252 0.1748579 0.0610966
v -1.1701592 0.4708732 0.0898614
v -1.1411703 0.1748579 0.0616380
v -1.1693929 0.1748579 0.0326492
v -1.1406283 0.1748579 0.0211832
v -1.1143169 0.2571987 0.9958961
v -1.1342385 0.2571987 0.9958961
v -1.1342385 0.3947412 0.9958961
v -1.1143169 0.3947412 0.9958961
v -1.1143169 0.2571987 0.9958961
v -1.1517385 0.3947412 1.0028716
v -1.1146465 0.3947412 1.0205080
v -1.1342385 0.3947412 0.9958961
v -1.1591805 0.2571987 1.0201784
v -1.1522047 0.2571987 1.0376784
v -1.1522047 0.3947412 1.0376784
v -1.1591805 0.3947412 1.0201784
v -1.1591805 0.2571987 1.0201784
v -1.1348976 0.3947412 1.0451196
v -1.1522047 0.2571987 1.0376784
v -1.1348976 0.2571987 1.0451196
v -1.1517385 0.3947412 1.0028716
v -1.1342385 0.3947412 0.9958961
v -1.1517385 0.2571987 1.0028716
v -1.1591805 0.3947412 1.0201784
v -1.1149760 0.3947412 1.0451196
v -1.1348976 0.3947412 1.0451196
v -1.1149760 0.2571987 1.0451196
v -1.1149760 0.3947412 1.0451196
v -1.1348976 0.3947412 1.0451196
v -1.1149760 0.3947412 1.0451196
v -1.1143169 0.3947412 0.9958961
v -1.1342385 0.2571987 0.9958961
v -1.1143169 0.2571987 0.9958961
v -1.1146465 0.2571987 1.0205080
v -1.1348976 0.2571987 1.0451196
v -1.1522047 0.2571987 1.0376784
v -1.1591805 0.2571987 1.0201784
v -1.1517385 0.3947412 1.0028716
v -1.1591805 0.3947412 1.0201784
v -1.1149760 0.2571987 1.0451196
v -1.1591805 0.2571987 1.0201784
v -1.1517385 0.2571987 1.0028716
v -1.1118132 0.4360802 1.4105301
v -1.1371912 0.4360802 1.4105301
v -1.1371912 0.2079628 1.4105301
v -1.1118132 0.2079628 1.4105301
v -1.1118132 0.2079628 1.3517545
v -1.1371912 0.2079628 1.3517545
v -1.1371912 0.4360802 1.3517545
v -1.1118132 0.4360802 1.3517545
v -1.1579712 0.2079628 1.3603621
v -1.1579712 0.4360802 1.3603621
v -1.1371912 0.4360802 1.3517545
v -1.1371912 0.2079628 1.3517545
v -1.1579712 0.4360802 1.4019228
v -1.1579712 0.2079628 1.4019228
v -1.1371912 0.4360802 1.4105301
v -1.1118132 0.4392975 1.3811420
v -1.1665786 0.4360802 1.3811420
v -1.1579712 0.4360802 1.3603621
v -1.1665786 0.2079628 1.3811420
v -1.1371912 0.2079628 1.3517545
v -1.1118132 0.2047455 1.3811420
v -1.1579712 0.2079628 1.3603621
v -1.1371912 0.2079628 1.4105301
v -1.1118132 0.2079628 1.4105301
v -1.1118132 0.4392975 1.3811420
v -1.1371912 0.4360802 1.3517545
v -1.1118132 0.4360802 1.3517545
v -1.1118132 0.4360802 1.4105301
v -1.1118132 0.2047455 1.3811420
v -1.1579712 0.4360802 1.3603621
v -1.1118132 0.2079628 1.3517545
v -1.1371912 0.4360802 1.3517545
v -1.1231139 0.4004136 1.0568678
v -1.1295172 0.4010259 1.2948566
v -1.1354850 0.4089827 1.2932430
v -1.1291626 0.4084066 1.0570168
v -1.1295172 0.4010259 1.2948566
v -1.1025026 0.4010259 1.2948566
v -1.1135389 0.4001558 1.3625357
v -1.1459004 0.4001558 1.3625357
v -1.1209689 0.4247034 1.0494594
v -1.1279649 0.4183956 1.0549207
v -1.1341995 0.4189759 1.2932806
v -1.1264156 0.4251521 1.2949471
v -1.1349220 0.4148391 1.0222433
v -1.1135388 0.4130855 1.0188631
v -1.1135388 0.3871940 1.0047888
v -1.1418484 0.3873814 1.0072127
v -1.1513435 0.4205080 1.3617972
v -1.1422958 0.4274553 1.3619482
v -1.1264156 0.4251521 1.2949471
v -1.1341995 0.4189759 1.2932806
v -1.1025026 0.4251521 1.2949471
v -1.1112968 0.4247034 1.0494594
v -1.1231139 0.4004136 1.0568678
v -1.1112968 0.4004136 1.0568678
v -1.1025026 0.4010259 1.2948566
v -1.1291626 0.4084066 1.0570168
v -1.1354850 0.4089827 1.2932430
v -1.1341995 0.4189759 1.2932806
v -1.1279649 0.4183956 1.0549207
v -1.1291626 0.4084066 1.0570168
v -1.1264156 0.4251521 1.2949471
v -1.1422958 0.4274553 1.3619482
v -1.1135389 0.4274553 1.3619482
v -1.1528366 0.4092001 1.3620398
v -1.1459004 0.4001558 1.3625357
v -1.1513435 0.4205080 1.3617972
v -1.1341995 0.4189759 1.2932806
v -1.1403757 0.4023364 1.0349132
v -1.1333064 0.3954044 1.0367810
v -1.1231139 0.4004136 1.0568678
v -1.1135388 0.3954044 1.0367810
v -1.1112968 0.4004136 1.0568678
v -1.1231139 0.4004136 1.0568678
v -1.1448072 0.3835434 1.0251875
v -1.1362547 0.3817676 1.0302092
v -1.1333064 0.3954044 1.0367810
v -1.1209689 0.4247034 1.0494594
v -1.1112968 0.4247034 1.0494594
v -1.1135388 0.4130855 1.0188631
v -1.1410452 0.4103865 1.0288919
v -1.1471237 0.3858689 1.0156619
v -1.1448072 0.3835434 1.0251875
v -1.1418484 0.3873814 1.0072127
v -1.1471237 0.3858689 1.0156619
v -1.1135388 0.3817676 1.0302092
v -1.1333064 0.3954044 1.0367810
v -1.1279649 0.4183956 1.0549207
v -1.1209689 0.4247034 1.0494594
v -1.1354850 0.2375595 1.2932430
v -1.1295172 0.2455163 1.2948566
v -1.1231139 0.2461287 1.0568678
v -1.1291626 0.2381356 1.0570168
v -1.1135389 0.2463864 1.3625357
v -1.1025026 0.2455163 1.2948566
v -1.1295172 0.2455163 1.2948566
v -1.1459004 0.2463864 1.3625357
v -1.1341995 0.2275663 1.2932806
v -1.1279649 0.2281466 1.0549207
v -1.1209689 0.2218389 1.0494594
v -1.1264156 0.2213902 1.2949471
v -1.1341995 0.2275663 1.2932806
v -1.1135388 0.2593482 1.0047888
v -1.1135388 0.2334567 1.0188631
v -1.1349220 0.2317032 1.0222433
v -1.1418484 0.2591608 1.0072127
v -1.1422958 0.2190870 1.3619482
v -1.1513435 0.2260343 1.3617972
v -1.1112968 0.2218389 1.0494594
v -1.1025026 0.2213902 1.2949471
v -1.1209689 0.2218389 1.0494594
v -1.1025026 0.2455163 1.2948566
v -1.1112968 0.2461287 1.0568678
v -1.1231139 0.2461287 1.0568678
v -1.1295172 0.2455163 1.2948566
v -1.1025026 0.2455163 1.2948566
v -1.1341995 0.2275663 1.2932806
v -1.1291626 0.2381356 1.0570168
v -1.1279649 0.2281466 1.0549207
v -1.1422958 0.2190870 1.3619482
v -1.1135389 0.2190870 1.3619482
v -1.1528366 0.2373421 1.3620398
v -1.1459004 0.2463864 1.3625357
v -1.1513435 0.2260343 1.3617972
v -1.1528366 0.2373421 1.3620398
v -1.1231139 0.2461287 1.0568678
v -1.1333064 0.2511378 1.0367810
v -1.1403757 0.2442058 1.0349132
v -1.1291626 0.2381356 1.0570168
v -1.1231139 0.2461287 1.0568678
v -1.1112968 0.2461287 1.0568678
v -1.1135388 0.2511378 1.0367810
v -1.1231139 0.2461287 1.0568678
v -1.1448072 0.2629988 1.0251875
v -1.1403757 0.2442058 1.0349132
v -1.1333064 0.2511378 1.0367810
v -1.1362547 0.2647747 1.0302092
v -1.1112968 0.2218389 1.0494594
v -1.1209689 0.2218389 1.0494594
v -1.1471237 0.2606733 1.0156619
v -1.1410452 0.2361557 1.0288919
v -1.1403757 0.2442058 1.0349132
v -1.1448072 0.2629988 1.0251875
v -1.1418484 0.2591608 1.0072127
v -1.1135388 0.2511378 1.0367810
v -1.1135388 0.2647747 1.0302092
v -1.1333064 0.2511378 1.0367810
v -1.1403757 0.2442058 1.0349132
v 1.1110242 0.3815000 0.2974049
v 1.1110242 0.3815000 0.0689880
v 1.1977173 0.3815000 0.0949931
v 1.1977716 0.4451928 0.0949931
v 1.1561115 0.4492921 0.0689880
v 1.1110242 0.4736369 0.0689880
v 1.1977715 0.4451928 0.7340915
v 1.1977173 0.3815000 0.3325554
v 1.1977173 0.3815000 0.0949931
v 1.1110242 0.2709199 0.0689880
v 1.1110242 0.2709199 0.2974049
v 1.1977173 0.2709199 0.0954968
v 1.1110239 0.1787830 0.8425488
v 1.1110242 0.1787830 0.0689880
v 1.1976643 0.2072271 0.0954968
v 1.1976642 0.2072271 0.7340915
v 1.1977715 0.4451928 0.7340915
v 1.1110239 0.4736369 0.8425488
v 1.1976643 0.2072271 0.0954968
v 1.1561115 0.2031278 0.0689880
v 1.1561115 0.2709199 0.0689880
v 1.1977173 0.2709199 0.0954968
v 1.1976643 0.2072271 0.0954968
v 1.1561115 0.4492921 0.0689880
v 1.1977716 0.4451928 0.0949931
v 1.1977173 0.3815000 0.0949931
v 1.1561115 0.3815000 0.0689880
v 1.1977173 0.2709199 0.3325554
v 1.1110242 0.2709199 0.2974049
v 1.1110242 0.3815000 0.2974049
v 1.1561115 0.2031278 0.0689880
v 1.1976643 0.2072271 0.0954968
v 1.1110239 0.4736369 0.8425488
v 1.1977716 0.4451928 0.0949931
v 1.1977173 0.2709199 0.0954968
v 1.1561115 0.2709199 0.0689880
v 1.1110242 0.2709199 0.0689880
v 1.1977173 0.2709199 0.0954968
v 1.1977173 0.3815000 0.3325554
v 1.1977715 0.4451928 0.7340915
v 1.1110239 0.1787830 0.8425488
v 1.1110239 0.4736369 0.8425488
v 1.1110239 0.1787830 0.8425488
v 1.1977173 0.3815000 0.3325554
v 1.1977173 0.2709199 0.3325554
v 1.1110242 0.3815000 0.2974049
v 1.1977716 0.4451928 0.0949931
v 1.1110239 0.4736369 0.8425488
v 1.1561115 0.3815000 0.0689880
v 1.1977173 0.3815000 0.0949931
v 1.1110242 0.3815000 0.0689880
v 1.1977173 0.2709199 0.3325554
v 1.1977173 0.2709199 0.0954968
v 1.1110242 0.2709199 0.2974049
v 1.1977173 0.3815000 0.3325554
v 1.1110242 0.3815000 0.2974049
v 1.1693922 0.1748579 0.0326498
v 1.1693922 0.4708732 0.0326498
v 1.1816246 0.4708732 0.0610974
v 1.1816246 0.1748579 0.0610974
v 1.1406277 0.1748579 0.0211838
v 1.1411697 0.1748579 0.0616386
v 1.1121801 0.1748579 0.0334161
v 1.1417117 0.4708732 0.1020943
v 1.1411697 0.4708732 0.0616386
v 1.1129464 0.4708732 0.0906283
v 1.1129464 0.4708732 0.0906283
v 1.1129464 0.1748579 0.0906283
v 1.1417117 0.1748579 0.1020943
v 1.1417117 0.4708732 0.1020943
v 1.1701586 0.4708732 0.0898619
v 1.1701586 0.1748579 0.0898619
v 1.1816246 0.1748579 0.0610974
v 1.1701586 0.4708732 0.0898619
v 1.1121801 0.1748579 0.0621807
v 1.1121801 0.1748579 0.0334161
v 1.1406277 0.4708732 0.0211838
v 1.1411697 0.4708732 0.0616386
v 1.1693922 0.4708732 0.0326498
v 1.1129464 0.1748579 0.0906283
v 1.1121801 0.1748579 0.0621807
v 1.1121801 0.4708732 0.0621807
v 1.1417117 0.4708732 0.1020943
v 1.1417117 0.4708732 0.1020943
v 1.1417117 0.1748579 0.1020943
v 1.1411697 0.1748579 0.0616386
v 1.1417117 0.1748579 0.1020943
v 1.1129464 0.1748579 0.0906283
v 1.1406277 0.4708732 0.0211838
v 1.1693922 0.4708732 0.0326498
v 1.1693922 0.1748579 0.0326498
v 1.1406277 0.1748579 0.0211838
v 1.1406277 0.4708732 0.0211838
v 1.1121801 0.1748579 0.0334161
v 1.1121801 0.4708732 0.0334161
v 1.1406277 0.4708732 0.0211838
v 1.1693922 0.4708732 0.0326498
v 1.1411697 0.4708732 0.0616386
v 1.1411697 0.1748579 0.0616386
v 1.1121801 0.4708732 0.0334161
v 1.1406277 0.4708732 0.0211838
v 1.1816246 0.1748579 0.0610974
v 1.1701586 0.4708732 0.0898619
v 1.1121801 0.4708732 0.0621807
v 1.1121801 0.4708732 0.0334161
v 1.1411697 0.1748579 0.0616386
v 1.1406277 0.1748579 0.0211838
v 1.1693922 0.1748579 0.0326498
v 1.1143158 0.2571987 0.9958969
v 1.1143158 0.3947412 0.9958969
v 1.1342374 0.3947412 0.9958969
v 1.1342374 0.2571987 0.9958969
v 1.1517374 0.3947412 1.0028723
v 1.1342374 0.3947412 0.9958969
v 1.1146453 0.3947412 1.0205087
v 1.1591794 0.2571987 1.0201791
v 1.1591794 0.3947412 1.0201791
v 1.1522035 0.3947412 1.0376791
v 1.1522035 0.2571987 1.0376791
v 1.1591794 0.2571987 1.0201791
v 1.1348965 0.3947412 1.0451202
v 1.1348965 0.2571987 1.0451202
v 1.1517374 0.3947412 1.0028723
v 1.1517374 0.2571987 1.0028723
v 1.1342374 0.2571987 0.9958969
v 1.1342374 0.3947412 0.9958969
v 1.1517374 0.2571987 1.0028723
v 1.1591794 0.2571987 1.0201791
v 1.1149749 0.3947412 1.0451202
v 1.1149749 0.2571987 1.0451202
v 1.1149749 0.3947412 1.0451202
v 1.1348965 0.3947412 1.0451202
v 1.1342374 0.3947412 0.9958969
v 1.1143158 0.3947412 0.9958969
v 1.1342374 0.2571987 0.9958969
v 1.1146453 0.2571987 1.0205087
v 1.1143158 0.2571987 0.9958969
v 1.1348965 0.2571987 1.0451202
v 1.1591794 0.2571987 1.0201791
v 1.1517374 0.3947412 1.0028723
v 1.1149749 0.2571987 1.0451202
v 1.1517374 0.2571987 1.0028723
v 1.1118119 0.4360802 1.4105307
v 1.1118119 0.2079628 1.4105307
v 1.1371899 0.2079628 1.4105307
v 1.1371899 0.4360802 1.4105307
v 1.1118119 0.2079628 1.3517552
v 1.1118119 0.4360802 1.3517552
v 1.1371899 0.4360802 1.3517552
v 1.1371899 0.2079628 1.3517552
v 1.1579699 0.4360802 1.3603627
v 1.1579699 0.2079628 1.3603627
v 1.1579699 0.2079628 1.4019234
v 1.1579699 0.4360802 1.4019234
v 1.1118119 0.4392975 1.3811427
v 1.1371899 0.4360802 1.4105307
v 1.1665773 0.4360802 1.3811427
v 1.1665773 0.2079628 1.3811427
v 1.1579699 0.2079628 1.3603627
v 1.1665773 0.4360802 1.3811427
v 1.1371899 0.2079628 1.3517552
v 1.1579699 0.2079628 1.3603627
v 1.1118119 0.2047455 1.3811427
v 1.1371899 0.2079628 1.4105307
v 1.1118119 0.2079628 1.4105307
v 1.1118119 0.4392975 1.3811427
v 1.1371899 0.4360802 1.3517552
v 1.1118119 0.4360802 1.3517552
v 1.1118119 0.4392975 1.3811427
v 1.1118119 0.4360802 1.4105307
v 1.1579699 0.4360802 1.3603627
v 1.1665773 0.4360802 1.3811427
v 1.1118119 0.2079628 1.3517552
v 1.1371899 0.2079628 1.3517552
v 1.1371899 0.4360802 1.3517552
v 1.1231128 0.4004136 1.0568686
v 1.1291615 0.4084066 1.0570175
v 1.1354839 0.4089827 1.2932437
v 1.1295161 0.4010259 1.2948572
v 1.1458991 0.4001558 1.3625365
v 1.1135376 0.4001558 1.3625365
v 1.1025014 0.4010259 1.2948572
v 1.1295161 0.4010259 1.2948572
v 1.1209677 0.4247034 1.0494601
v 1.1264144 0.4251521 1.2949478
v 1.1341984 0.4189759 1.2932814
v 1.1279638 0.4183956 1.0549214
v 1.1209677 0.4247034 1.0494601
v 1.1349208 0.4148391 1.0222441
v 1.1418472 0.3873814 1.0072133
v 1.1135377 0.3871940 1.0047896
v 1.1135377 0.4130855 1.0188637
v 1.1513422 0.4205080 1.3617979
v 1.1341984 0.4189759 1.2932814
v 1.1422945 0.4274553 1.3619490
v 1.1209677 0.4247034 1.0494601
v 1.1112957 0.4247034 1.0494601
v 1.1025014 0.4251521 1.2949478
v 1.1295161 0.4010259 1.2948572
v 1.1025014 0.4010259 1.2948572
v 1.1112957 0.4004136 1.0568686
v 1.1291615 0.4084066 1.0570175
v 1.1279638 0.4183956 1.0549214
v 1.1341984 0.4189759 1.2932814
v 1.1354839 0.4089827 1.2932437
v 1.1291615 0.4084066 1.0570175
v 1.1025014 0.4251521 1.2949478
v 1.1135376 0.4274553 1.3619490
v 1.1422945 0.4274553 1.3619490
v 1.1528353 0.4092001 1.3620404
v 1.1458991 0.4001558 1.3625365
v 1.1295161 0.4010259 1.2948572
v 1.1354839 0.4089827 1.2932437
v 1.1528353 0.4092001 1.3620404
v 1.1341984 0.4189759 1.2932814
v 1.1403745 0.4023364 1.0349139
v 1.1291615 0.4084066 1.0570175
v 1.1333053 0.3954044 1.0367818
v 1.1135377 0.3954044 1.0367818
v 1.1362536 0.3817676 1.0302100
v 1.1448061 0.3835434 1.0251883
v 1.1209677 0.4247034 1.0494601
v 1.1349208 0.4148391 1.0222441
v 1.1135377 0.4130855 1.0188637
v 1.1112957 0.4247034 1.0494601
v 1.1448061 0.3835434 1.0251883
v 1.1471226 0.3858689 1.0156627
v 1.1410440 0.4103865 1.0288925
v 1.1418472 0.3873814 1.0072133
v 1.1349208 0.4148391 1.0222441
v 1.1471226 0.3858689 1.0156627
v 1.1135377 0.3817676 1.0302100
v 1.1333053 0.3954044 1.0367818
v 1.1135377 0.3954044 1.0367818
v 1.1291615 0.4084066 1.0570175
v 1.1403745 0.4023364 1.0349139
v 1.1209677 0.4247034 1.0494601
v 1.1354839 0.2375595 1.2932437
v 1.1291615 0.2381356 1.0570175
v 1.1231128 0.2461287 1.0568686
v 1.1295161 0.2455163 1.2948572
v 1.1135376 0.2463864 1.3625365
v 1.1458991 0.2463864 1.3625365
v 1.1295161 0.2455163 1.2948572
v 1.1025014 0.2455163 1.2948572
v 1.1341984 0.2275663 1.2932814
v 1.1264144 0.2213902 1.2949478
v 1.1209677 0.2218389 1.0494601
v 1.1279638 0.2281466 1.0549214
v 1.1135377 0.2593482 1.0047896
v 1.1418472 0.2591608 1.0072133
v 1.1349208 0.2317032 1.0222441
v 1.1135377 0.2334567 1.0188637
v 1.1264144 0.2213902 1.2949478
v 1.1341984 0.2275663 1.2932814
v 1.1513422 0.2260343 1.3617979
v 1.1422945 0.2190870 1.3619490
v 1.1112957 0.2218389 1.0494601
v 1.1025014 0.2213902 1.2949478
v 1.1025014 0.2455163 1.2948572
v 1.1295161 0.2455163 1.2948572
v 1.1112957 0.2461287 1.0568686
v 1.1341984 0.2275663 1.2932814
v 1.1279638 0.2281466 1.0549214
v 1.1291615 0.2381356 1.0570175
v 1.1354839 0.2375595 1.2932437
v 1.1341984 0.2275663 1.2932814
v 1.1422945 0.2190870 1.3619490
v 1.1135376 0.2190870 1.3619490
v 1.1025014 0.2213902 1.2949478
v 1.1264144 0.2213902 1.2949478
v 1.1295161 0.2455163 1.2948572
v 1.1458991 0.2463864 1.3625365
v 1.1528353 0.2373421 1.3620404
v 1.1341984 0.2275663 1.2932814
v 1.1231128 0.2461287 1.0568686
v 1.1291615 0.2381356 1.0570175
v 1.1403745 0.2442058 1.0349139
v 1.1333053 0.2511378 1.0367818
v 1.1135377 0.2511378 1.0367818
v 1.1112957 0.2461287 1.0568686
v 1.1448061 0.2629988 1.0251883
v 1.1362536 0.2647747 1.0302100
v 1.1333053 0.2511378 1.0367818
v 1.1403745 0.2442058 1.0349139
v 1.1135377 0.2334567 1.0188637
v 1.1349208 0.2317032 1.0222441
v 1.1471226 0.2606733 1.0156627
v 1.1448061 0.2629988 1.0251883
v 1.1403745 0.2442058 1.0349139
v 1.1410440 0.2361557 1.0288925
v 1.1349208 0.2317032 1.0222441
v 1.1418472 0.2591608 1.0072133
v 1.1362536 0.2647747 1.0302100
v 1.1135377 0.2647747 1.0302100
v 1.1135377 0.2511378 1.0367818
v 1.1291615 0.2381356 1.0570175
v 1.1279638 0.2281466 1.0549214
v 1.1349208 0.2317032 1.0222441
v -0.2241570 0.4008218 -3.6805621
v -0.2241569 0.4008218 -4.1850854
v -0.1808282 0.3574931 -4.1850854
v 0.1808293 0.3574931 -4.1850854
v 0.2241580 0.4008218 -4.1850854
v 0.2241579 0.4008218 -3.6805621
v -0.0855893 0.8337331 2.3233217
v -0.2300235 0.8386217 2.5459138
v -0.0000013 0.8421567 2.3287831
v -0.0783844 0.8379716 2.5857788
v 0.0783816 0.8379716 2.5857788
v -0.0000013 0.8421567 2.3287831
v -0.1670085 0.8380392 2.2641695
v -0.0855893 0.8337331 2.3233217
v -0.3779176 0.8380392 1.7246721
v -0.0855892 0.8380392 1.8686736
v -0.2166601 0.8380608 1.7245097
v -0.1951977 0.7641882 2.5905621
v -0.4537217 0.8099310 2.2867476
v -0.4543229 0.6968092 2.3190749
v -0.1952618 0.6804553 2.5894482
v -0.1951977 0.7641882 2.5905621
v -0.1935060 0.7850197 2.0109706
v -0.1456397 0.7850197 1.9418382
v -0.1627955 0.8380392 1.9257399
v -0.2157691 0.8380392 2.0022636
v -0.1345613 0.8381633 2.5897540
v -0.1422102 0.6868711 2.5871375
v -0.0783844 0.8379716 2.5857788
v -0.2166601 0.8380608 1.7245097
v -0.2020402 0.8501964 1.7162743
v -0.2160302 0.8791150 1.5481223
v -0.2391204 0.8692792 1.5468237
v -0.2160163 0.6641801 1.7034810
v -0.2157691 0.8380392 2.0022636
v -0.2214255 0.8104590 2.0106703
v -0.3060975 0.8380392 2.1292979
v -0.2214256 0.8380392 2.1855608
v -0.2214256 0.8104590 2.1746828
v -0.2872397 0.8210737 2.1292979
v -0.3060975 0.8380392 2.1292979
v -0.1935060 0.7850197 2.1743825
v -0.2214256 0.8104590 2.1746828
v 0.1456374 0.7850197 2.2435155
v 0.1935036 0.7850197 2.1743825
v -0.1935060 0.7850197 2.1743825
v -0.1456398 0.7850197 2.2435155
v -0.4535566 0.8386217 2.2845201
v -0.4537217 0.8099310 2.2867476
v -0.2300235 0.8386217 2.5459138
v -0.1456397 0.7850197 1.9418382
v -0.0740249 0.7850197 1.8956593
v -0.0855892 0.8380392 1.8686736
v -0.1627955 0.8380392 1.9257399
v -0.1456397 0.7850197 1.9418382
v -0.4535566 0.8386217 2.2845201
v -0.4498444 0.8380392 1.7247012
v -0.4498444 0.8085152 1.7246532
v -0.4537217 0.8099310 2.2867476
v -0.3689540 0.6643739 1.7032700
v -0.3779176 0.8380392 1.7246721
v -0.2166601 0.8380608 1.7245097
v -0.2160163 0.6641801 1.7034810
v -0.2214255 0.8104590 2.0106703
v -0.2214256 0.8104590 2.1746828
v -0.1935060 0.7850197 2.1743825
v -0.1935060 0.7850197 2.0109706
v -0.2872397 0.8210737 2.0560732
v -0.3060975 0.8380392 2.0560732
v -0.3060975 0.8380392 2.1292979
v -0.2872397 0.8210737 2.1292979
v -0.3779176 0.8380392 1.7246721
v -0.3689540 0.6643739 1.7032700
v -0.3786128 0.7686115 1.6098268
v -0.4498443 0.7727922 1.6206944
v -0.4498444 0.8380392 1.7247012
v -0.2166601 0.8380608 1.7245097
v -0.0855892 0.8380392 1.8686736
v 0.0855870 0.8380392 1.8686736
v 0.2166580 0.8380608 1.7245097
v -0.2166601 0.8380608 1.7245097
v -0.1456398 0.7850197 2.2435155
v -0.1935060 0.7850197 2.1743825
v -0.2214256 0.8380392 2.1855608
v -0.1670085 0.8380392 2.2641695
v 0.0740228 0.7850197 1.8956593
v 0.0855870 0.8380392 1.8686736
v -0.0855892 0.8380392 1.8686736
v -0.0740249 0.7850197 1.8956593
v -0.0740251 0.7840847 2.2911357
v -0.1456398 0.7850197 2.2435155
v -0.1670085 0.8380392 2.2641695
v -0.0855893 0.8337331 2.3233217
v -0.2872397 0.8210737 2.0560732
v -0.2214255 0.8104590 2.0106703
v -0.2157691 0.8380392 2.0022636
v -0.3060975 0.8380392 2.0560732
v -0.4498443 0.7727922 1.6206944
v -0.4498443 0.7562975 1.6207069
v -0.4498444 0.8085152 1.7246532
v -0.2214256 0.8104590 2.1746828
v -0.2214255 0.8104590 2.0106703
v -0.2872397 0.8210737 2.0560732
v -0.2872397 0.8210737 2.1292979
v -0.2157691 0.8380392 2.0022636
v -0.3779176 0.8380392 1.7246721
v -0.4535566 0.8386217 2.2845201
v -0.3060975 0.8380392 2.1292979
v -0.0740251 0.7840847 2.2911357
v 0.0740226 0.7840847 2.2911357
v 0.1456374 0.7850197 2.2435155
v -0.1456398 0.7850197 2.2435155
v -0.2160302 0.8791150 1.5481223
v -0.2020402 0.8501964 1.7162743
v 0.2020382 0.8501964 1.7162743
v 0.2160283 0.8791150 1.5481223
v -0.3060975 0.8380392 2.1292979
v -0.4535566 0.8386217 2.2845201
v -0.2214256 0.8380392 2.1855608
v -0.2300235 0.8386217 2.5459138
v -0.2157691 0.8380392 2.0022636
v -0.1627955 0.8380392 1.9257399
v -0.3779176 0.8380392 1.7246721
v -0.0783844 0.8379716 2.5857788
v -0.0000013 0.8421567 2.3287831
v 0.0855868 0.8337331 2.3233217
v 0.0740226 0.7840847 2.2911357
v -0.0000013 0.8421567 2.3287831
v -0.1345613 0.8381633 2.5897540
v -0.2300235 0.8386217 2.5459138
v -0.1951977 0.7641882 2.5905621
v -0.0855892 0.8380392 1.8686736
v -0.3779176 0.8380392 1.7246721
v -0.0740251 0.7840847 2.2911357
v 0.0740226 0.7840847 2.2911357
v -0.1456397 0.7850197 1.9418382
v 0.1456375 0.7850197 1.9418382
v 0.0740228 0.7850197 1.8956593
v -0.0740249 0.7850197 1.8956593
v -0.1935060 0.7850197 2.0109706
v 0.1935037 0.7850197 2.0109706
v 0.1456375 0.7850197 1.9418382
v 0.2300208 0.8386217 2.5459138
v 0.0783816 0.8379716 2.5857788
v 0.1345586 0.8381633 2.5897540
v 0.1951950 0.7641882 2.5905621
v 0.1422075 0.6868711 2.5871375
v 0.1952591 0.6804553 2.5894482
v -0.1952618 0.6804553 2.5894482
v -0.1422102 0.6868711 2.5871375
v -0.1345613 0.8381633 2.5897540
v -0.1951977 0.7641882 2.5905621
v 0.3779156 0.8380392 1.7246721
v 0.1627933 0.8380392 1.9257399
v 0.2157669 0.8380392 2.0022636
v -0.0000013 0.8421567 2.3287831
v -0.0855893 0.8337331 2.3233217
v 0.1670060 0.8380392 2.2641695
v 0.2166580 0.8380608 1.7245097
v 0.0855870 0.8380392 1.8686736
v 0.3779156 0.8380392 1.7246721
v 0.1951950 0.7641882 2.5905621
v 0.1952591 0.6804553 2.5894482
v 0.4543204 0.6968092 2.3190749
v 0.4537192 0.8099310 2.2867476
v 0.1935037 0.7850197 2.0109706
v 0.2157669 0.8380392 2.0022636
v 0.1627933 0.8380392 1.9257399
v 0.1456375 0.7850197 1.9418382
v 0.0783816 0.8379716 2.5857788
v 0.2166580 0.8380608 1.7245097
v 0.2391184 0.8692792 1.5468237
v 0.2160283 0.8791150 1.5481223
v 0.2020382 0.8501964 1.7162743
v 0.2166580 0.8380608 1.7245097
v 0.2160143 0.6641801 1.7034810
v 0.1935037 0.7850197 2.0109706
v 0.2214232 0.8104590 2.0106703
v 0.2157669 0.8380392 2.0022636
v 0.3060951 0.8380392 2.1292979
v 0.2872374 0.8210737 2.1292979
v 0.2214232 0.8104590 2.1746828
v 0.2214231 0.8380392 2.1855608
v 0.2214232 0.8104590 2.1746828
v 0.1935036 0.7850197 2.1743825
v 0.3779156 0.8380392 1.7246721
v 0.0855870 0.8380392 1.8686736
v 0.1627933 0.8380392 1.9257399
v 0.4535541 0.8386217 2.2845201
v 0.1951950 0.7641882 2.5905621
v 0.4537192 0.8099310 2.2867476
v 0.0855870 0.8380392 1.8686736
v 0.0740228 0.7850197 1.8956593
v 0.4535541 0.8386217 2.2845201
v 0.4537192 0.8099310 2.2867476
v 0.4498423 0.8085152 1.7246532
v 0.4498423 0.8380392 1.7247012
v 0.3689520 0.6643739 1.7032700
v 0.2160143 0.6641801 1.7034810
v 0.2166580 0.8380608 1.7245097
v 0.3779156 0.8380392 1.7246721
v 0.3689520 0.6643739 1.7032700
v 0.2214232 0.8104590 2.0106703
v 0.1935037 0.7850197 2.0109706
v 0.1935036 0.7850197 2.1743825
v 0.2214232 0.8104590 2.1746828
v 0.2214232 0.8104590 2.0106703
v 0.3786109 0.7686115 1.6098268
v 0.3689520 0.6643739 1.7032700
v 0.4498423 0.8380392 1.7247012
v 0.4498425 0.7727922 1.6206944
v 0.3779156 0.8380392 1.7246721
v 0.4535541 0.8386217 2.2845201
v 0.1670060 0.8380392 2.2641695
v 0.1456374 0.7850197 2.2435155
v 0.1935036 0.7850197 2.1743825
v 0.1951950 0.7641882 2.5905621
v 0.0740226 0.7840847 2.2911357
v 0.0855868 0.8337331 2.3233217
v 0.1670060 0.8380392 2.2641695
v 0.2872374 0.8210737 2.0560732
v 0.3060951 0.8380392 2.0560732
v 0.2157669 0.8380392 2.0022636
v 0.2214232 0.8104590 2.0106703
v 0.4498423 0.8380392 1.7247012
v 0.4498423 0.8085152 1.7246532
v 0.4498425 0.7562975 1.6207069
v 0.4498425 0.7727922 1.6206944
v 0.4498423 0.8380392 1.7247012
v 0.2214232 0.8104590 2.1746828
v 0.2872374 0.8210737 2.1292979
v 0.2872374 0.8210737 2.0560732
v 0.2214232 0.8104590 2.0106703
v 0.4498423 0.8380392 1.7247012
v 0.3779156 0.8380392 1.7246721
v 0.2157669 0.8380392 2.0022636
v 0.4498423 0.8380392 1.7247012
v 0.4535541 0.8386217 2.2845201
v 0.3060951 0.8380392 2.1292979
v -0.1345613 0.8381633 2.5897540
v -0.0783844 0.8379716 2.5857788
v -0.2300235 0.8386217 2.5459138
v 0.1670060 0.8380392 2.2641695
v 0.4535541 0.8386217 2.2845201
v 0.3060951 0.8380392 2.1292979
v -0.0000013 0.8421567 2.3287831
v 0.0783816 0.8379716 2.5857788
v 0.2872374 0.8210737 2.0560732
v 0.2872374 0.8210737 2.1292979
v 0.3060951 0.8380392 2.1292979
v 0.3060951 0.8380392 2.0560732
v -0.1935060 0.7850197 2.0109706
v -0.1935060 0.7850197 2.1743825
v 0.1935036 0.7850197 2.1743825
v 0.1935037 0.7850197 2.0109706
v -0.1935060 0.7850197 2.0109706
v -0.2020402 0.8501964 1.7162743
v -0.2166601 0.8380608 1.7245097
v 0.2166580 0.8380608 1.7245097
v 0.2020382 0.8501964 1.7162743
v -0.5945923 0.9381023 -0.7823372
v -0.5866557 0.9904503 -0.7823372
v -0.7255930 1.3020894 0.6450700
v -0.7335296 1.2497414 0.6450700
v -0.6069111 1.0396687 -0.7905720
v -0.7397356 1.3499152 0.6344868
v -0.7816415 0.9404167 1.5789900
v -0.7538181 0.9757948 1.6090157
v -0.8481969 1.2666032 1.3738522
v -0.8671397 1.2361115 1.3556184
v -0.7816415 0.9404167 1.5789900
v -0.6561760 0.9754870 1.5877808
v -0.6523798 0.9397716 1.5571234
v -0.7420860 1.2370862 1.3145624
v -0.7529180 1.2822729 1.3521678
v -0.5814797 0.9440561 -1.4879736
v -0.6334298 0.9368664 -1.4720377
v -0.6118169 0.8281059 -1.4623413
v -0.5598665 0.8352957 -1.4782773
v -0.7064648 0.9395068 -0.7849198
v -0.6566340 0.9195615 -0.7782915
v -0.7897462 1.2304433 0.6510866
v -0.8393611 1.2499413 0.6419441
v -0.6567426 1.0596141 -0.7972002
v -0.7065414 1.0385387 -0.7982906
v -0.8390804 1.3482083 0.6237411
v -0.7893498 1.3694133 0.6253442
v -0.6567426 1.0596141 -0.7972002
v -0.6069111 1.0396687 -0.7905720
v -0.7397356 1.3499152 0.6344868
v -0.7271375 0.9887888 -0.7932041
v -0.8597955 1.2987210 0.6306175
v -0.8390804 1.3482083 0.6237411
v -0.7065414 1.0385387 -0.7982906
v -0.7271375 0.9887888 -0.7932041
v -0.7064648 0.9395068 -0.7849198
v -0.5837944 0.9170680 -0.9740104
v -0.6403329 0.8963836 -0.9714934
v -0.6292618 0.8945903 -1.1197145
v -0.5822845 0.9188258 -1.1199870
v -0.5837944 0.9170680 -0.9740104
v -0.5868710 0.7572896 1.7419223
v -0.5528910 0.7082648 1.8003288
v -0.5809109 0.6220852 1.8147469
v -0.6403928 0.7047960 1.7162059
v -0.7688789 1.2691147 1.2421904
v -0.7766943 1.3263361 1.2670068
v -0.7529180 1.2822729 1.3521678
v -0.7420860 1.2370862 1.3145624
v -0.5598665 0.8352957 -1.4782773
v -0.5293254 0.8332112 -1.5186032
v -0.5545403 0.9564215 -1.5291141
v -0.5814797 0.9440561 -1.4879736
v -0.6898594 0.9165741 -0.9734183
v -0.7114043 0.9647517 -0.9734190
v -0.7011991 0.9614641 -1.1012943
v -0.6782719 0.9151271 -1.1143271
v -0.7766943 1.3263361 1.2670068
v -0.8261733 1.3445068 1.2791347
v -0.8040343 1.2811493 1.3841867
v -0.7529180 1.2822729 1.3521678
v -0.6472167 1.0072870 -1.3052855
v -0.6973917 1.0233205 -1.2930093
v -0.7014450 1.0674281 -1.3930536
v -0.6514908 1.0473999 -1.3925400
v -0.7893498 1.3694133 0.6253442
v -0.8390804 1.3482083 0.6237411
v -0.8931097 1.3456599 1.0854329
v -0.8438334 1.3679022 1.0870058
v -0.7932229 1.3488626 1.0857993
v -0.7397356 1.3499152 0.6344868
v -0.8438334 1.3679022 1.0870058
v -0.6334298 0.9368664 -1.4720377
v -0.6783714 0.9294160 -1.5012372
v -0.6557634 0.8151965 -1.4911490
v -0.6334298 0.9368664 -1.4720377
v -0.6782719 0.9151271 -1.1143271
v -0.6292618 0.8945903 -1.1197145
v -0.8481969 1.2666032 1.3738522
v -0.8040343 1.2811493 1.3841867
v -0.8261733 1.3445068 1.2791347
v -0.8726023 1.3234921 1.2872246
v -0.8481969 1.2666032 1.3738522
v -0.7255930 1.3020894 0.6450700
v -0.7397356 1.3499152 0.6344868
v -0.7778025 1.2993814 1.0820656
v -0.8390804 1.3482083 0.6237411
v -0.8597955 1.2987210 0.6306175
v -0.9121870 1.2951657 1.0820015
v -0.8931097 1.3456599 1.0854329
v -0.8393611 1.2499413 0.6419441
v -0.8898896 1.2459982 1.0787228
v -0.9121870 1.2951657 1.0820015
v -0.8392792 1.2269592 1.0775169
v -0.8898896 1.2459982 1.0787228
v -0.8393611 1.2499413 0.6419441
v -0.7897462 1.2304433 0.6510866
v -0.8392792 1.2269592 1.0775169
v -0.5727778 0.9639513 -0.9668499
v -0.5662908 0.9568793 -1.1012573
v -0.5892179 1.0032162 -1.0882252
v -0.5943227 1.0121289 -0.9668513
v -0.6382281 1.0237531 -1.0828378
v -0.6438499 1.0323195 -0.9687762
v -0.5943227 1.0121289 -0.9668513
v -0.6105241 0.6883341 1.9158540
v -0.4911636 0.6781117 1.9649806
v -0.4763954 0.7206337 1.9349956
v -0.5879662 0.7308826 1.8911830
v -0.6105241 0.6883341 1.9158540
v -0.7538181 0.9757948 1.6090157
v -0.7018484 0.9903221 1.6126573
v -0.8040343 1.2811493 1.3841867
v -0.8481969 1.2666032 1.3738522
v -0.7018484 0.9903221 1.6126573
v -0.6561760 0.9754870 1.5877808
v -0.7529180 1.2822729 1.3521678
v -0.8438334 1.3679022 1.0870058
v -0.8931097 1.3456599 1.0854329
v -0.8726023 1.3234921 1.2872246
v -0.8261733 1.3445068 1.2791347
v -0.8438334 1.3679022 1.0870058
v -0.7932229 1.3488626 1.0857993
v -0.7766943 1.3263361 1.2670068
v -0.7778025 1.2993814 1.0820656
v -0.7688789 1.2691147 1.2421904
v -0.8898896 1.2459982 1.0787228
v -0.8392792 1.2269592 1.0775169
v -0.8220072 1.2122418 1.2655360
v -0.8714862 1.2304127 1.2776634
v -0.6755389 0.9106440 1.5315147
v -0.7578156 1.1958085 1.2997174
v -0.7420860 1.2370862 1.3145624
v -0.6523798 0.9397716 1.5571234
v -0.4763954 0.7206337 1.9349956
v -0.4593594 0.7271261 1.8856871
v -0.5640937 0.7391383 1.8433315
v -0.5879662 0.7308826 1.8911830
v -0.5868710 0.7572896 1.7419223
v -0.5993235 0.7928176 1.7807890
v -0.5640937 0.7391383 1.8433315
v -0.5528910 0.7082648 1.8003288
v -0.5816101 1.1188036 -1.3943716
v -0.6009750 1.0742807 -1.3932297
v -0.5975432 1.0524606 -1.4626234
v -0.5756185 1.0869150 -1.4856891
v -0.5662908 0.9568793 -1.1012573
v -0.5822845 0.9188258 -1.1199870
v -0.6000095 1.0303255 -1.2935199
v -0.5777958 1.0727264 -1.2755162
v -0.5662908 0.9568793 -1.1012573
v -0.5528910 0.7082648 1.8003288
v -0.5640937 0.7391383 1.8433315
v -0.4593594 0.7271261 1.8856871
v -0.4564270 0.6937856 1.8459407
v -0.6655405 0.8044020 -1.5432616
v -0.6557634 0.8151965 -1.4911490
v -0.6783714 0.9294160 -1.5012372
v -0.6900024 0.9287897 -1.5540784
v -0.6525735 1.1884369 -1.3961572
v -0.7022107 1.1671567 -1.3956113
v -0.6989307 1.1114347 -1.2458788
v -0.6493917 1.1318991 -1.2386333
v -0.6354217 0.8020451 -1.5881522
v -0.6900024 0.9287897 -1.5540784
v -0.6615089 0.9353532 -1.5996072
v -0.6082299 0.8079844 1.6714934
v -0.6183471 0.8560310 1.7116432
v -0.5993235 0.7928176 1.7807890
v -0.5868710 0.7572896 1.7419223
v -0.6082299 0.8079844 1.6714934
v -0.5293254 0.8332112 -1.5186032
v -0.5391026 0.8224162 -1.5707156
v -0.5646409 0.9527124 -1.5819553
v -0.5545403 0.9564215 -1.5291141
v -0.6989307 1.1114347 -1.2458788
v -0.7188126 1.0664597 -1.2684026
v -0.7011991 0.9614641 -1.1012943
v -0.6846125 1.0064580 -1.0882510
v -0.7188126 1.0664597 -1.2684026
v -0.7022107 1.1671567 -1.3956113
v -0.7224535 1.1170332 -1.3943259
v -0.6009750 1.0742807 -1.3932297
v -0.6000095 1.0303255 -1.2935199
v -0.6472167 1.0072870 -1.3052855
v -0.6514908 1.0473999 -1.3925400
v -0.6009750 1.0742807 -1.3932297
v -0.6000095 1.0303255 -1.2935199
v -0.5822845 0.9188258 -1.1199870
v -0.6292618 0.8945903 -1.1197145
v -0.6472167 1.0072870 -1.3052855
v -0.6973917 1.0233205 -1.2930093
v -0.7224535 1.1170332 -1.3943259
v -0.7014450 1.0674281 -1.3930536
v -0.5756185 1.0869150 -1.4856891
v -0.5975432 1.0524606 -1.4626234
v -0.5814797 0.9440561 -1.4879736
v -0.5545403 0.9564215 -1.5291141
v -0.5756185 1.0869150 -1.4856891
v -0.8714862 1.2304127 1.2776634
v -0.8932002 1.2791274 1.2866464
v -0.9121870 1.2951657 1.0820015
v -0.8898896 1.2459982 1.0787228
v -0.6615089 0.9353532 -1.5996072
v -0.6900024 0.9287897 -1.5540784
v -0.7133204 1.0745454 -1.5150281
v -0.6892535 1.1129932 -1.5444879
v -0.6970558 1.0397203 -1.4769745
v -0.6783714 0.9294160 -1.5012372
v -0.6334298 0.9368664 -1.4720377
v -0.6499867 1.0289183 -1.4526190
v -0.8932002 1.2791274 1.2866464
v -0.8726023 1.3234921 1.2872246
v -0.8931097 1.3456599 1.0854329
v -0.9121870 1.2951657 1.0820015
v -0.6438499 1.0323195 -0.9687762
v -0.6846125 1.0064580 -1.0882510
v -0.6923466 1.0126953 -0.9714968
v -0.5816101 1.1188036 -1.3943716
v -0.5777958 1.0727264 -1.2755162
v -0.6009750 1.0742807 -1.3932297
v -0.5816101 1.1188036 -1.3943716
v -0.7487122 0.8946495 1.5326329
v -0.7816415 0.9404167 1.5789900
v -0.8671397 1.2361115 1.3556184
v -0.8453140 1.1737048 1.3234200
v -0.7487122 0.8946495 1.5326329
v -0.6159868 0.6447023 1.9056010
v -0.6047834 0.6138296 1.8625990
v -0.4754953 0.5911282 1.9183324
v -0.4907903 0.6244693 1.9580788
v -0.4619398 0.5976205 1.8690239
v -0.6047834 0.6138296 1.8625990
v -0.5809109 0.6220852 1.8147469
v -0.6670013 0.8729633 1.7323834
v -0.6433831 0.8032268 1.8104253
v -0.5993235 0.7928176 1.7807890
v -0.6670013 0.8729633 1.7323834
v -0.7200571 0.8629707 1.7310027
v -0.6900343 0.7848406 1.8144911
v -0.6782719 0.9151271 -1.1143271
v -0.7011991 0.9614641 -1.1012943
v -0.7188126 1.0664597 -1.2684026
v -0.6973917 1.0233205 -1.2930093
v -0.6782719 0.9151271 -1.1143271
v -0.5777958 1.0727264 -1.2755162
v -0.5992167 1.1158656 -1.2509094
v -0.5892179 1.0032162 -1.0882252
v -0.5662908 0.9568793 -1.1012573
v -0.5646409 0.9527124 -1.5819553
v -0.5918832 1.1217400 -1.5237419
v -0.5756185 1.0869150 -1.4856891
v -0.5545403 0.9564215 -1.5291141
v -0.6095831 0.9452621 -1.6111546
v -0.6389524 1.1325414 -1.5480972
v -0.5918832 1.1217400 -1.5237419
v -0.5646409 0.9527124 -1.5819553
v -0.5727778 0.9639513 -0.9668499
v -0.5837944 0.9170680 -0.9740104
v -0.5822845 0.9188258 -1.1199870
v -0.5662908 0.9568793 -1.1012573
v -0.6970558 1.0397203 -1.4769745
v -0.7133204 1.0745454 -1.5150281
v -0.6900024 0.9287897 -1.5540784
v -0.6783714 0.9294160 -1.5012372
v -0.6026192 1.1684087 -1.3956430
v -0.5918832 1.1217400 -1.5237419
v -0.6389524 1.1325414 -1.5480972
v -0.6525735 1.1884369 -1.3961572
v -0.5816101 1.1188036 -1.3943716
v -0.6026192 1.1684087 -1.3956430
v -0.5992167 1.1158656 -1.2509094
v -0.5777958 1.0727264 -1.2755162
v -0.6615089 0.9353532 -1.5996072
v -0.6892535 1.1129932 -1.5444879
v -0.6389524 1.1325414 -1.5480972
v -0.6095831 0.9452621 -1.6111546
v -0.5975432 1.0524606 -1.4626234
v -0.6009750 1.0742807 -1.3932297
v -0.6514908 1.0473999 -1.3925400
v -0.6499867 1.0289183 -1.4526190
v -0.6525735 1.1884369 -1.3961572
v -0.6493917 1.1318991 -1.2386333
v -0.6026192 1.1684087 -1.3956430
v -0.5814797 0.9440561 -1.4879736
v -0.5975432 1.0524606 -1.4626234
v -0.6499867 1.0289183 -1.4526190
v -0.6334298 0.9368664 -1.4720377
v -0.6525735 1.1884369 -1.3961572
v -0.6892535 1.1129932 -1.5444879
v -0.7022107 1.1671567 -1.3956113
v -0.7114043 0.9647517 -0.9734190
v -0.6923466 1.0126953 -0.9714968
v -0.6846125 1.0064580 -1.0882510
v -0.7011991 0.9614641 -1.1012943
v -0.8932002 1.2791274 1.2866464
v -0.8453140 1.1737048 1.3234200
v -0.8671397 1.2361115 1.3556184
v -0.5391026 0.8224162 -1.5707156
v -0.5830493 0.8095067 -1.5995242
v -0.6095831 0.9452621 -1.6111546
v -0.5646409 0.9527124 -1.5819553
v -0.5391026 0.8224162 -1.5707156
v -0.8726023 1.3234921 1.2872246
v -0.8671397 1.2361115 1.3556184
v -0.8481969 1.2666032 1.3738522
v -0.7688789 1.2691147 1.2421904
v -0.7770823 1.2313936 1.2332692
v -0.7909427 1.2455669 1.0768671
v -0.7778025 1.2993814 1.0820656
v -0.7688789 1.2691147 1.2421904
v -0.7578156 1.1958085 1.2997174
v -0.7770823 1.2313936 1.2332692
v -0.7688789 1.2691147 1.2421904
v -0.7420860 1.2370862 1.3145624
v -0.7200571 0.8629707 1.7310027
v -0.7491380 0.8305095 1.7074896
v -0.7164825 0.7450057 1.7891624
v -0.6900343 0.7848406 1.8144911
v -0.6433831 0.8032268 1.8104253
v -0.6105241 0.6883341 1.9158540
v -0.5879662 0.7308826 1.8911830
v -0.7491380 0.8305095 1.7074896
v -0.7219158 0.7763578 1.6579863
v -0.6907533 0.7004557 1.7502966
v -0.7164825 0.7450057 1.7891624
v -0.7491380 0.8305095 1.7074896
v -0.6403928 0.7047960 1.7162059
v -0.6666332 0.7714490 1.6465050
v -0.6082299 0.8079844 1.6714934
v -0.5868710 0.7572896 1.7419223
v -0.6666332 0.7714490 1.6465050
v -0.6907533 0.7004557 1.7502966
v -0.7219158 0.7763578 1.6579863
v -0.5993235 0.7928176 1.7807890
v -0.5879662 0.7308826 1.8911830
v -0.5640937 0.7391383 1.8433315
v -0.6615089 0.9353532 -1.5996072
v -0.6095831 0.9452621 -1.6111546
v -0.5830493 0.8095067 -1.5995242
v -0.6354217 0.8020451 -1.5881522
v -0.6615089 0.9353532 -1.5996072
v -0.5528910 0.7082648 1.8003288
v -0.4564270 0.6937856 1.8459407
v -0.5809109 0.6220852 1.8147469
v -0.7909427 1.2455669 1.0768671
v -0.7335296 1.2497414 0.6450700
v -0.7255930 1.3020894 0.6450700
v -0.7778025 1.2993814 1.0820656
v -0.6493917 1.1318991 -1.2386333
v -0.6989307 1.1114347 -1.2458788
v -0.6846125 1.0064580 -1.0882510
v -0.6382281 1.0237531 -1.0828378
v -0.5892179 1.0032162 -1.0882252
v -0.5992167 1.1158656 -1.2509094
v -0.6900343 0.7848406 1.8144911
v -0.7164825 0.7450057 1.7891624
v -0.6159868 0.6447023 1.9056010
v -0.6105241 0.6883341 1.9158540
v -0.6900343 0.7848406 1.8144911
v -0.4907903 0.6244693 1.9580788
v -0.4911636 0.6781117 1.9649806
v -0.6105241 0.6883341 1.9158540
v -0.6159868 0.6447023 1.9056010
v -0.7022107 1.1671567 -1.3956113
v -0.6892535 1.1129932 -1.5444879
v -0.7133204 1.0745454 -1.5150281
v -0.7224535 1.1170332 -1.3943259
v -0.6292618 0.8945903 -1.1197145
v -0.6782719 0.9151271 -1.1143271
v -0.6973917 1.0233205 -1.2930093
v -0.6472167 1.0072870 -1.3052855
v -0.7014450 1.0674281 -1.3930536
v -0.6970558 1.0397203 -1.4769745
v -0.6499867 1.0289183 -1.4526190
v -0.6514908 1.0473999 -1.3925400
v -0.7224535 1.1170332 -1.3943259
v -0.6970558 1.0397203 -1.4769745
v -0.7014450 1.0674281 -1.3930536
v -0.5816101 1.1188036 -1.3943716
v -0.5756185 1.0869150 -1.4856891
v -0.5918832 1.1217400 -1.5237419
v -0.6026192 1.1684087 -1.3956430
v -0.5816101 1.1188036 -1.3943716
v -0.6907533 0.7004557 1.7502966
v -0.6403928 0.7047960 1.7162059
v -0.5809109 0.6220852 1.8147469
v -0.6047834 0.6138296 1.8625990
v -0.6159868 0.6447023 1.9056010
v -0.7164825 0.7450057 1.7891624
v -0.8453140 1.1737048 1.3234200
v -0.8714862 1.2304127 1.2776634
v -0.8220072 1.2122418 1.2655360
v -0.5048820 0.5925368 1.9359200
v -0.5207810 0.5978323 1.9318571
v -0.5207810 0.6070808 1.9247606
v -0.5018821 0.6070808 1.9247606
v -0.5048820 0.5925368 1.9359200
v -0.4715387 0.6708850 1.7907091
v -0.5048820 0.6692632 1.8030272
v -0.5048820 0.7243198 1.8348140
v -0.4715387 0.7341765 1.8272508
v -0.5048820 0.5925368 1.9359200
v -0.5018821 0.6070808 1.9247606
v -0.5018821 0.5987046 1.9021123
v -0.5048820 0.5782047 1.9068565
v -0.5048820 0.5782047 1.9068565
v -0.5018821 0.5987046 1.9021123
v -0.5018820 0.6048354 1.8769133
v -0.5048820 0.5760847 1.8745201
v -0.5048820 0.7407720 1.8962144
v -0.5048820 0.7303580 1.9268959
v -0.4715388 0.7411182 1.9331084
v -0.4715388 0.7530901 1.8978358
v -0.5048820 0.7407720 1.8962144
v -0.5048820 0.5925368 1.9359200
v -0.5048820 0.6169047 1.9572893
v -0.5207810 0.6202418 1.9515089
v -0.4715388 0.5662030 1.9100722
v -0.4715388 0.5826802 1.9434837
v -0.5048820 0.5782047 1.9068565
v -0.4715388 0.5662030 1.9100722
v -0.5048820 0.6078625 1.8194795
v -0.5018820 0.6240304 1.8459740
v -0.5018820 0.6668700 1.8459740
v -0.5048820 0.6692632 1.8030272
v -0.5048820 0.7303580 1.9268959
v -0.5048820 0.7089942 1.9512553
v -0.4715388 0.7165574 1.9611119
v -0.5207810 0.7049305 1.9459599
v -0.5048820 0.7089942 1.9512553
v -0.5048820 0.7303580 1.9268959
v -0.5207810 0.7245776 1.9235588
v -0.5018820 0.6048354 1.8769133
v -0.5207810 0.6048354 1.8769133
v -0.5207810 0.5827025 1.8753914
v -0.5048820 0.5760847 1.8745201
v -0.5207810 0.6119262 1.8247749
v -0.5207810 0.6048354 1.8769133
v -0.5207810 0.6240304 1.8411107
v -0.5048820 0.6692632 1.8030272
v -0.4715387 0.6002993 1.8096220
v -0.5048820 0.6078625 1.8194795
v -0.5048820 0.6692632 1.8030272
v -0.5048820 0.5760847 1.8745201
v -0.5207810 0.5827025 1.8753914
v -0.5048820 0.6078625 1.8194795
v -0.5048820 0.6799300 1.9655882
v -0.5018821 0.6751856 1.9478801
v -0.5018821 0.6499866 1.9495317
v -0.5048820 0.6475935 1.9677074
v -0.4715387 0.5637667 1.8728981
v -0.5048820 0.5760847 1.8745201
v -0.5048820 0.6078625 1.8194795
v -0.5207810 0.6978341 1.9367113
v -0.5207810 0.7049305 1.9459599
v -0.5207810 0.7245776 1.9235588
v -0.5207810 0.7144813 1.9177296
v -0.5207810 0.6978341 1.9367113
v -0.5207810 0.6119262 1.8247749
v -0.5207810 0.6240304 1.8411107
v -0.5018820 0.6240304 1.8459740
v -0.5048820 0.6078625 1.8194795
v -0.5207810 0.7225963 1.8938216
v -0.5207810 0.7144813 1.9177296
v -0.5207810 0.7245776 1.9235588
v -0.5207810 0.7341542 1.8953432
v -0.5207810 0.7225963 1.8938216
v -0.5048820 0.7386520 1.8638783
v -0.5048820 0.7407720 1.8962144
v -0.4715388 0.7530901 1.8978358
v -0.4715387 0.7506537 1.8606624
v -0.5048820 0.7386520 1.8638783
v -0.5048820 0.5782047 1.9068565
v -0.4715387 0.5637667 1.8728981
v -0.5048820 0.6799300 1.9655882
v -0.4715388 0.6459717 1.9800255
v -0.4715388 0.6831459 1.9775893
v -0.4715387 0.7341765 1.8272508
v -0.5048820 0.7243198 1.8348140
v -0.5048820 0.7386520 1.8638783
v -0.5207810 0.6499866 1.9495317
v -0.5207810 0.6484651 1.9610896
v -0.5048820 0.6475935 1.9677074
v -0.5018821 0.6499866 1.9495317
v -0.5048820 0.7089942 1.9512553
v -0.5018821 0.6978341 1.9367113
v -0.5018821 0.6751856 1.9478801
v -0.5048820 0.6169047 1.9572893
v -0.5207810 0.6484651 1.9610896
v -0.5207810 0.6202418 1.9515089
v -0.5048820 0.7243198 1.8348140
v -0.5018820 0.7097759 1.8459740
v -0.5018820 0.7209444 1.8686226
v -0.5207810 0.6978341 1.9367113
v -0.5207810 0.7049305 1.9459599
v -0.5207810 0.7341542 1.8953432
v -0.5207810 0.7245776 1.9235588
v -0.5048820 0.7303580 1.9268959
v -0.5048820 0.7407720 1.8962144
v -0.5207810 0.5978323 1.9318571
v -0.5207810 0.6202418 1.9515089
v -0.5207810 0.6260709 1.9414125
v -0.5207810 0.6070808 1.9247606
v -0.4715388 0.6106924 1.9680489
v -0.5048820 0.6475935 1.9677074
v -0.5048820 0.6169047 1.9572893
v -0.4715388 0.6106924 1.9680489
v -0.5207810 0.7225963 1.8938216
v -0.5207810 0.7341542 1.8953432
v -0.5048820 0.7407720 1.8962144
v -0.5018821 0.7225963 1.8938216
v -0.4715388 0.6831459 1.9775893
v -0.4715388 0.7165574 1.9611119
v -0.5048820 0.7089942 1.9512553
v -0.5048820 0.7386520 1.8638783
v -0.5018820 0.7209444 1.8686226
v -0.5018821 0.7225963 1.8938216
v -0.4715388 0.5826802 1.9434837
v -0.5048820 0.6169047 1.9572893
v -0.5048820 0.5925368 1.9359200
v -0.5207810 0.6484651 1.9610896
v -0.5207810 0.6499866 1.9495317
v -0.5207810 0.6260709 1.9414125
v -0.5018820 0.7097759 1.8459740
v -0.5048820 0.7243198 1.8348140
v -0.5048820 0.6692632 1.8030272
v -0.5018820 0.6668700 1.8459740
v -0.6527804 1.2186722 0.1681007
v -0.8396207 1.1788261 0.1574352
v -0.7964557 1.1062967 0.1779894
v -0.6641565 1.1340811 0.1834417
v -0.6527804 1.2186722 0.1681007
v -0.8074898 1.2112121 -0.0606654
v -0.8217947 1.1406229 -0.0465011
v -0.8396207 1.1788261 0.1574352
v -0.8253158 1.2494154 0.1432710
v -0.6527804 1.2186722 0.1681007
v -0.6641565 1.1340811 0.1834417
v -0.6465131 1.0962686 -0.0184043
v -0.6349544 1.1804689 -0.0358353
v -0.6527804 1.2186722 0.1681007
v -0.6931998 1.2775913 0.1508125
v -0.6349544 1.1804689 -0.0358353
v -0.6753731 1.2393873 -0.0531236
v -0.6931998 1.2775913 0.1508125
v -0.6349544 1.1804689 -0.0358353
v -0.6465131 1.0962686 -0.0184043
v -0.7786297 1.0680934 -0.0259468
v -0.8217947 1.1406229 -0.0465011
v -0.6527804 1.2186722 0.1681007
v -0.6931998 1.2775913 0.1508125
v -0.8396207 1.1788261 0.1574352
v -0.6527804 1.2186722 0.1681007
v -0.8253158 1.2494154 0.1432710
v -0.7646661 1.2903253 0.1405281
v -0.8217947 1.1406229 -0.0465011
v -0.7786297 1.0680934 -0.0259468
v -0.7964557 1.1062967 0.1779894
v -0.8396207 1.1788261 0.1574352
v -0.6753731 1.2393873 -0.0531236
v -0.7468394 1.2521213 -0.0634089
v -0.8253158 1.2494154 0.1432710
v -0.8074898 1.2112121 -0.0606654
v -0.6753731 1.2393873 -0.0531236
v -0.8217947 1.1406229 -0.0465011
v -0.6349544 1.1804689 -0.0358353
v -0.6643957 1.0959691 -0.8002113
v -0.7332314 1.0667314 -0.8026197
v -0.5957690 1.0687720 -0.7872418
v -0.6433698 1.0628168 -1.0049208
v -0.5747438 1.0356197 -0.9919514
v -0.7122055 1.0335784 -1.0073286
v -0.5957690 1.0687720 -0.7872418
v -0.5675528 1.0010712 -0.7713080
v -0.5465268 0.9679189 -0.9760168
v -0.5747438 1.0356197 -0.9919514
v -0.5957690 1.0687720 -0.7872418
v -0.6643957 1.0959691 -0.8002113
v -0.7579281 0.9998946 -0.7929143
v -0.7297117 0.9321938 -0.7769804
v -0.5824345 0.9655544 -0.7663518
v -0.5675528 1.0010712 -0.7713080
v -0.7579281 0.9998946 -0.7929143
v -0.7332314 1.0667314 -0.8026197
v -0.5957690 1.0687720 -0.7872418
v -0.7122055 1.0335784 -1.0073286
v -0.7579281 0.9998946 -0.7929143
v -0.7369029 0.9667422 -0.9976238
v -0.5675528 1.0010712 -0.7713080
v -0.5824345 0.9655544 -0.7663518
v -0.5614093 0.9324020 -0.9710613
v -0.5465268 0.9679189 -0.9760168
v -0.7086858 0.8990414 -0.9816893
v -0.7297117 0.9321938 -0.7769804
v -0.7579281 0.9998946 -0.7929143
v -0.5747438 1.0356197 -0.9919514
v -0.5465268 0.9679189 -0.9760168
v -0.7369029 0.9667422 -0.9976238
v -0.5614093 0.9324020 -0.9710613
v -0.7086858 0.8990414 -0.9816893
v -0.8130786 0.9441307 1.5858990
v -0.6266367 0.9703468 1.5483850
v -0.6591982 0.9269415 1.5101489
v -0.7902420 0.9044122 1.5326692
v -0.6266367 0.9703468 1.5483850
v -0.5845434 0.8267112 1.6814923
v -0.6268917 0.7746071 1.6281744
v -0.6591982 0.9269415 1.5101489
v -0.6725768 0.8883139 1.7664104
v -0.6081791 0.8757005 1.7337686
v -0.6502724 1.0193361 1.6006612
v -0.7146695 1.0319495 1.6333026
v -0.6725768 0.8883139 1.7664104
v -0.5845434 0.8267112 1.6814923
v -0.6266367 0.9703468 1.5483850
v -0.7709852 0.8004951 1.7190073
v -0.7395493 0.7503597 1.6492986
v -0.6268917 0.7746071 1.6281744
v -0.5845434 0.8267112 1.6814923
v -0.8130786 0.9441307 1.5858990
v -0.7821062 1.0007988 1.6271880
v -0.6502724 1.0193361 1.6006612
v -0.6266367 0.9703468 1.5483850
v -0.7821062 1.0007988 1.6271880
v -0.7146695 1.0319495 1.6333026
v -0.7902420 0.9044122 1.5326692
v -0.7395493 0.7503597 1.6492986
v -0.7709852 0.8004951 1.7190073
v -0.8130786 0.9441307 1.5858990
v -0.7400135 0.8571625 1.7602956
v -0.7146695 1.0319495 1.6333026
v -0.6081791 0.8757005 1.7337686
v -0.5845434 0.8267112 1.6814923
v -0.7400135 0.8571625 1.7602956
v -0.7015548 0.8553093 -1.5362024
v -0.6765028 0.8494669 -1.6012906
v -0.6936697 0.7756116 -1.6199609
v -0.7309777 0.7831930 -1.5225983
v -0.6001102 0.7904029 -1.6648877
v -0.6765028 0.8494669 -1.6012906
v -0.6139798 0.8589153 -1.6312874
v -0.6001102 0.7904029 -1.6648877
v -0.5506110 0.8781187 -1.6086209
v -0.5235170 0.8958290 -1.5465695
v -0.4643046 0.8444153 -1.5382977
v -0.5051044 0.8189028 -1.6310617
v -0.5506110 0.8781187 -1.6086209
v -0.6110922 0.8922237 -1.4514850
v -0.6744608 0.8730197 -1.4741510
v -0.6901782 0.8087062 -1.4298344
v -0.5951716 0.8372054 -1.3960081
v -0.6744608 0.8730197 -1.4741510
v -0.7015548 0.8553093 -1.5362024
v -0.6901782 0.8087062 -1.4298344
v -0.5016121 0.8519966 -1.4409357
v -0.4643046 0.8444153 -1.5382977
v -0.5485690 0.9016714 -1.4814813
v -0.6001102 0.7904029 -1.6648877
v -0.6139798 0.8589153 -1.6312874
v -0.6110922 0.8922237 -1.4514850
v -0.5951716 0.8372054 -1.3960081
v -0.6744608 0.8730197 -1.4741510
v -0.7015548 0.8553093 -1.5362024
v -0.5235170 0.8958290 -1.5465695
v -0.5485690 0.9016714 -1.4814813
v -0.6110922 0.8922237 -1.4514850
v -0.6765028 0.8494669 -1.6012906
v 0.5945922 0.9381023 -0.7823366
v 0.7335281 1.2497414 0.6450710
v 0.7255914 1.3020894 0.6450710
v 0.5866556 0.9904503 -0.7823366
v 0.7397341 1.3499152 0.6344878
v 0.6069110 1.0396687 -0.7905713
v 0.5866556 0.9904503 -0.7823366
v 0.7816390 0.9404167 1.5789903
v 0.8671373 1.2361115 1.3556187
v 0.8481945 1.2666032 1.3738525
v 0.7538156 0.9757948 1.6090160
v 0.7816390 0.9404167 1.5789903
v 0.6561736 0.9754870 1.5877811
v 0.7529155 1.2822729 1.3521681
v 0.7420835 1.2370862 1.3145627
v 0.6523773 0.9397716 1.5571237
v 0.5814804 0.9440561 -1.4879730
v 0.5598672 0.8352957 -1.4782767
v 0.6118173 0.8281059 -1.4623407
v 0.6334306 0.9368664 -1.4720372
v 0.5814804 0.9440561 -1.4879730
v 0.7064647 0.9395068 -0.7849191
v 0.8393596 1.2499413 0.6419450
v 0.7897447 1.2304433 0.6510876
v 0.6566339 0.9195615 -0.7782909
v 0.7064647 0.9395068 -0.7849191
v 0.6567426 1.0596141 -0.7971996
v 0.7893483 1.3694133 0.6253453
v 0.8390788 1.3482083 0.6237422
v 0.7065414 1.0385387 -0.7982898
v 0.6069110 1.0396687 -0.7905713
v 0.7397341 1.3499152 0.6344878
v 0.7893483 1.3694133 0.6253453
v 0.7065414 1.0385387 -0.7982898
v 0.8597940 1.2987210 0.6306184
v 0.7271374 0.9887888 -0.7932034
v 0.7065414 1.0385387 -0.7982898
v 0.8393596 1.2499413 0.6419450
v 0.7064647 0.9395068 -0.7849191
v 0.7271374 0.9887888 -0.7932034
v 0.5837944 0.9170680 -0.9740099
v 0.5822848 0.9188258 -1.1199863
v 0.6292621 0.8945903 -1.1197139
v 0.6403329 0.8963836 -0.9714927
v 0.5837944 0.9170680 -0.9740099
v 0.5868681 0.7572896 1.7419226
v 0.6403900 0.7047960 1.7162062
v 0.5809081 0.6220852 1.8147469
v 0.5528881 0.7082648 1.8003288
v 0.7688766 1.2691147 1.2421907
v 0.7420835 1.2370862 1.3145627
v 0.7529155 1.2822729 1.3521681
v 0.7766920 1.3263361 1.2670071
v 0.5598672 0.8352957 -1.4782767
v 0.5814804 0.9440561 -1.4879730
v 0.5545411 0.9564215 -1.5291135
v 0.5293261 0.8332112 -1.5186028
v 0.6898593 0.9165741 -0.9734176
v 0.6782723 0.9151271 -1.1143264
v 0.7011994 0.9614641 -1.1012936
v 0.7114042 0.9647517 -0.9734183
v 0.7766920 1.3263361 1.2670071
v 0.8040318 1.2811493 1.3841870
v 0.8261710 1.3445068 1.2791350
v 0.6472170 1.0072870 -1.3052849
v 0.6514912 1.0473999 -1.3925395
v 0.7014454 1.0674281 -1.3930527
v 0.6973920 1.0233205 -1.2930086
v 0.7893483 1.3694133 0.6253453
v 0.8438313 1.3679022 1.0870061
v 0.8931077 1.3456599 1.0854344
v 0.8390788 1.3482083 0.6237422
v 0.7893483 1.3694133 0.6253453
v 0.7397341 1.3499152 0.6344878
v 0.7932209 1.3488626 1.0857996
v 0.6334306 0.9368664 -1.4720372
v 0.6557641 0.8151965 -1.4911487
v 0.6783721 0.9294160 -1.5012364
v 0.6403329 0.8963836 -0.9714927
v 0.6292621 0.8945903 -1.1197139
v 0.6782723 0.9151271 -1.1143264
v 0.6898593 0.9165741 -0.9734176
v 0.6403329 0.8963836 -0.9714927
v 0.8481945 1.2666032 1.3738525
v 0.8726000 1.3234921 1.2872249
v 0.8261710 1.3445068 1.2791350
v 0.8040318 1.2811493 1.3841870
v 0.7255914 1.3020894 0.6450710
v 0.7778005 1.2993814 1.0820659
v 0.7932209 1.3488626 1.0857996
v 0.8390788 1.3482083 0.6237422
v 0.8931077 1.3456599 1.0854344
v 0.9121850 1.2951657 1.0820032
v 0.8898876 1.2459982 1.0787231
v 0.8392772 1.2269592 1.0775172
v 0.7897447 1.2304433 0.6510876
v 0.5727778 0.9639513 -0.9668493
v 0.5943227 1.0121289 -0.9668507
v 0.5892182 1.0032162 -1.0882245
v 0.5662911 0.9568793 -1.1012567
v 0.5727778 0.9639513 -0.9668493
v 0.6438498 1.0323195 -0.9687756
v 0.6382285 1.0237531 -1.0828371
v 0.5892182 1.0032162 -1.0882245
v 0.6105211 0.6883341 1.9158540
v 0.5879633 0.7308826 1.8911830
v 0.4763924 0.7206337 1.9349956
v 0.4911607 0.6781117 1.9649806
v 0.7538156 0.9757948 1.6090160
v 0.8481945 1.2666032 1.3738525
v 0.8040318 1.2811493 1.3841870
v 0.7018459 0.9903221 1.6126576
v 0.7529155 1.2822729 1.3521681
v 0.6561736 0.9754870 1.5877811
v 0.8726000 1.3234921 1.2872249
v 0.8931077 1.3456599 1.0854344
v 0.7932209 1.3488626 1.0857996
v 0.7766920 1.3263361 1.2670071
v 0.7778005 1.2993814 1.0820659
v 0.7688766 1.2691147 1.2421907
v 0.7932209 1.3488626 1.0857996
v 0.7778005 1.2993814 1.0820659
v 0.8898876 1.2459982 1.0787231
v 0.8714839 1.2304127 1.2776637
v 0.8220049 1.2122418 1.2655363
v 0.6755364 0.9106440 1.5315150
v 0.6523773 0.9397716 1.5571237
v 0.7420835 1.2370862 1.3145627
v 0.7578133 1.1958085 1.2997177
v 0.5640908 0.7391383 1.8433315
v 0.4593565 0.7271261 1.8856871
v 0.5868681 0.7572896 1.7419226
v 0.5528881 0.7082648 1.8003288
v 0.5640908 0.7391383 1.8433315
v 0.5993206 0.7928176 1.7807890
v 0.5816106 1.1188036 -1.3943710
v 0.5756192 1.0869150 -1.4856888
v 0.5975436 1.0524606 -1.4626230
v 0.6009755 1.0742807 -1.3932292
v 0.5662911 0.9568793 -1.1012567
v 0.5777962 1.0727264 -1.2755157
v 0.6000099 1.0303255 -1.2935193
v 0.5822848 0.9188258 -1.1199863
v 0.5528881 0.7082648 1.8003288
v 0.4564242 0.6937856 1.8459407
v 0.4593565 0.7271261 1.8856871
v 0.5640908 0.7391383 1.8433315
v 0.6655414 0.8044020 -1.5432611
v 0.6900033 0.9287897 -1.5540776
v 0.6783721 0.9294160 -1.5012364
v 0.6557641 0.8151965 -1.4911487
v 0.6525739 1.1884369 -1.3961566
v 0.6493921 1.1318991 -1.2386326
v 0.6989310 1.1114347 -1.2458781
v 0.7022111 1.1671567 -1.3956104
v 0.6354224 0.8020451 -1.5881519
v 0.6615097 0.9353532 -1.5996066
v 0.6900033 0.9287897 -1.5540776
v 0.6082270 0.8079844 1.6714937
v 0.5993206 0.7928176 1.7807890
v 0.6183442 0.8560310 1.7116435
v 0.5293261 0.8332112 -1.5186028
v 0.5545411 0.9564215 -1.5291135
v 0.5646416 0.9527124 -1.5819548
v 0.5391034 0.8224162 -1.5707153
v 0.6989310 1.1114347 -1.2458781
v 0.6846129 1.0064580 -1.0882503
v 0.7011994 0.9614641 -1.1012936
v 0.7188129 1.0664597 -1.2684018
v 0.7224538 1.1170332 -1.3943250
v 0.7022111 1.1671567 -1.3956104
v 0.7188129 1.0664597 -1.2684018
v 0.6009755 1.0742807 -1.3932292
v 0.6514912 1.0473999 -1.3925395
v 0.6472170 1.0072870 -1.3052849
v 0.6000099 1.0303255 -1.2935193
v 0.6009755 1.0742807 -1.3932292
v 0.6000099 1.0303255 -1.2935193
v 0.6472170 1.0072870 -1.3052849
v 0.6292621 0.8945903 -1.1197139
v 0.5822848 0.9188258 -1.1199863
v 0.6973920 1.0233205 -1.2930086
v 0.7014454 1.0674281 -1.3930527
v 0.7188129 1.0664597 -1.2684018
v 0.5756192 1.0869150 -1.4856888
v 0.5545411 0.9564215 -1.5291135
v 0.5814804 0.9440561 -1.4879730
v 0.5975436 1.0524606 -1.4626230
v 0.5756192 1.0869150 -1.4856888
v 0.8714839 1.2304127 1.2776637
v 0.8898876 1.2459982 1.0787231
v 0.9121850 1.2951657 1.0820032
v 0.8931982 1.2791274 1.2866479
v 0.6615097 0.9353532 -1.5996066
v 0.6892544 1.1129932 -1.5444872
v 0.7133212 1.0745454 -1.5150272
v 0.6900033 0.9287897 -1.5540776
v 0.6970565 1.0397203 -1.4769737
v 0.6499870 1.0289183 -1.4526187
v 0.6334306 0.9368664 -1.4720372
v 0.6783721 0.9294160 -1.5012364
v 0.6970565 1.0397203 -1.4769737
v 0.8931982 1.2791274 1.2866479
v 0.9121850 1.2951657 1.0820032
v 0.8931077 1.3456599 1.0854344
v 0.8726000 1.3234921 1.2872249
v 0.6438498 1.0323195 -0.9687756
v 0.6923465 1.0126953 -0.9714961
v 0.6846129 1.0064580 -1.0882503
v 0.6382285 1.0237531 -1.0828371
v 0.6438498 1.0323195 -0.9687756
v 0.5816106 1.1188036 -1.3943710
v 0.6009755 1.0742807 -1.3932292
v 0.6000099 1.0303255 -1.2935193
v 0.5777962 1.0727264 -1.2755157
v 0.7487096 0.8946495 1.5326332
v 0.8453116 1.1737048 1.3234203
v 0.8671373 1.2361115 1.3556187
v 0.7816390 0.9404167 1.5789903
v 0.6159838 0.6447023 1.9056010
v 0.4907873 0.6244693 1.9580788
v 0.4754923 0.5911282 1.9183324
v 0.6047805 0.6138296 1.8625990
v 0.6159838 0.6447023 1.9056010
v 0.4619370 0.5976205 1.8690239
v 0.5809081 0.6220852 1.8147469
v 0.6183442 0.8560310 1.7116435
v 0.5993206 0.7928176 1.7807890
v 0.6433802 0.8032268 1.8104253
v 0.6669984 0.8729633 1.7323837
v 0.6433802 0.8032268 1.8104253
v 0.6900314 0.7848406 1.8144911
v 0.7200543 0.8629707 1.7310030
v 0.6782723 0.9151271 -1.1143264
v 0.6973920 1.0233205 -1.2930086
v 0.7188129 1.0664597 -1.2684018
v 0.7011994 0.9614641 -1.1012936
v 0.6782723 0.9151271 -1.1143264
v 0.5777962 1.0727264 -1.2755157
v 0.5662911 0.9568793 -1.1012567
v 0.5892182 1.0032162 -1.0882245
v 0.5992171 1.1158656 -1.2509089
v 0.5646416 0.9527124 -1.5819548
v 0.5545411 0.9564215 -1.5291135
v 0.5756192 1.0869150 -1.4856888
v 0.5918839 1.1217400 -1.5237415
v 0.6095839 0.9452621 -1.6111542
v 0.6389532 1.1325414 -1.5480968
v 0.5727778 0.9639513 -0.9668493
v 0.5662911 0.9568793 -1.1012567
v 0.5822848 0.9188258 -1.1199863
v 0.5837944 0.9170680 -0.9740099
v 0.6970565 1.0397203 -1.4769737
v 0.6783721 0.9294160 -1.5012364
v 0.6900033 0.9287897 -1.5540776
v 0.7133212 1.0745454 -1.5150272
v 0.6970565 1.0397203 -1.4769737
v 0.6026197 1.1684087 -1.3956425
v 0.6525739 1.1884369 -1.3961566
v 0.6389532 1.1325414 -1.5480968
v 0.5918839 1.1217400 -1.5237415
v 0.5816106 1.1188036 -1.3943710
v 0.5777962 1.0727264 -1.2755157
v 0.5992171 1.1158656 -1.2509089
v 0.6026197 1.1684087 -1.3956425
v 0.5816106 1.1188036 -1.3943710
v 0.6389532 1.1325414 -1.5480968
v 0.6892544 1.1129932 -1.5444872
v 0.5975436 1.0524606 -1.4626230
v 0.6499870 1.0289183 -1.4526187
v 0.6514912 1.0473999 -1.3925395
v 0.6009755 1.0742807 -1.3932292
v 0.6525739 1.1884369 -1.3961566
v 0.6493921 1.1318991 -1.2386326
v 0.5814804 0.9440561 -1.4879730
v 0.6334306 0.9368664 -1.4720372
v 0.6499870 1.0289183 -1.4526187
v 0.5975436 1.0524606 -1.4626230
v 0.6525739 1.1884369 -1.3961566
v 0.7022111 1.1671567 -1.3956104
v 0.6892544 1.1129932 -1.5444872
v 0.7114042 0.9647517 -0.9734183
v 0.7011994 0.9614641 -1.1012936
v 0.6846129 1.0064580 -1.0882503
v 0.6923465 1.0126953 -0.9714961
v 0.7114042 0.9647517 -0.9734183
v 0.8931982 1.2791274 1.2866479
v 0.8671373 1.2361115 1.3556187
v 0.8453116 1.1737048 1.3234203
v 0.8714839 1.2304127 1.2776637
v 0.5391034 0.8224162 -1.5707153
v 0.5646416 0.9527124 -1.5819548
v 0.6095839 0.9452621 -1.6111542
v 0.5830500 0.8095067 -1.5995238
v 0.8726000 1.3234921 1.2872249
v 0.8671373 1.2361115 1.3556187
v 0.7778005 1.2993814 1.0820659
v 0.7909407 1.2455669 1.0768674
v 0.7770800 1.2313936 1.2332695
v 0.7578133 1.1958085 1.2997177
v 0.7420835 1.2370862 1.3145627
v 0.7688766 1.2691147 1.2421907
v 0.7770800 1.2313936 1.2332695
v 0.7200543 0.8629707 1.7310030
v 0.6900314 0.7848406 1.8144911
v 0.7164796 0.7450057 1.7891624
v 0.7491351 0.8305095 1.7074899
v 0.6433802 0.8032268 1.8104253
v 0.5879633 0.7308826 1.8911830
v 0.6105211 0.6883341 1.9158540
v 0.6907504 0.7004557 1.7502969
v 0.7219131 0.7763578 1.6579866
v 0.7491351 0.8305095 1.7074899
v 0.6403900 0.7047960 1.7162062
v 0.5868681 0.7572896 1.7419226
v 0.6082270 0.8079844 1.6714937
v 0.6666308 0.7714490 1.6465053
v 0.6403900 0.7047960 1.7162062
v 0.7219131 0.7763578 1.6579866
v 0.6907504 0.7004557 1.7502969
v 0.5993206 0.7928176 1.7807890
v 0.5640908 0.7391383 1.8433315
v 0.5879633 0.7308826 1.8911830
v 0.5993206 0.7928176 1.7807890
v 0.5830500 0.8095067 -1.5995238
v 0.6095839 0.9452621 -1.6111542
v 0.5528881 0.7082648 1.8003288
v 0.5809081 0.6220852 1.8147469
v 0.4564242 0.6937856 1.8459407
v 0.7909407 1.2455669 1.0768674
v 0.7778005 1.2993814 1.0820659
v 0.7255914 1.3020894 0.6450710
v 0.7335281 1.2497414 0.6450710
v 0.6493921 1.1318991 -1.2386326
v 0.6382285 1.0237531 -1.0828371
v 0.6846129 1.0064580 -1.0882503
v 0.6989310 1.1114347 -1.2458781
v 0.6493921 1.1318991 -1.2386326
v 0.5992171 1.1158656 -1.2509089
v 0.5892182 1.0032162 -1.0882245
v 0.6900314 0.7848406 1.8144911
v 0.6105211 0.6883341 1.9158540
v 0.7164796 0.7450057 1.7891624
v 0.6105211 0.6883341 1.9158540
v 0.4911607 0.6781117 1.9649806
v 0.7022111 1.1671567 -1.3956104
v 0.7224538 1.1170332 -1.3943250
v 0.7133212 1.0745454 -1.5150272
v 0.6892544 1.1129932 -1.5444872
v 0.6472170 1.0072870 -1.3052849
v 0.6973920 1.0233205 -1.2930086
v 0.6782723 0.9151271 -1.1143264
v 0.7014454 1.0674281 -1.3930527
v 0.6514912 1.0473999 -1.3925395
v 0.6499870 1.0289183 -1.4526187
v 0.6970565 1.0397203 -1.4769737
v 0.7224538 1.1170332 -1.3943250
v 0.7014454 1.0674281 -1.3930527
v 0.6970565 1.0397203 -1.4769737
v 0.5816106 1.1188036 -1.3943710
v 0.6026197 1.1684087 -1.3956425
v 0.5918839 1.1217400 -1.5237415
v 0.5756192 1.0869150 -1.4856888
v 0.6907504 0.7004557 1.7502969
v 0.6047805 0.6138296 1.8625990
v 0.5809081 0.6220852 1.8147469
v 0.6403900 0.7047960 1.7162062
v 0.7164796 0.7450057 1.7891624
v 0.6159838 0.6447023 1.9056010
v 0.8453116 1.1737048 1.3234203
v 0.8220049 1.2122418 1.2655363
v 0.8714839 1.2304127 1.2776637
v 0.5048791 0.5925368 1.9359200
v 0.5018791 0.6070808 1.9247606
v 0.5207781 0.6070808 1.9247606
v 0.5207781 0.5978323 1.9318571
v 0.5048791 0.5925368 1.9359200
v 0.4715359 0.6708850 1.7907091
v 0.4715359 0.7341765 1.8272508
v 0.5048791 0.7243198 1.8348140
v 0.5048791 0.6692632 1.8030272
v 0.5048791 0.5925368 1.9359200
v 0.5048791 0.5782047 1.9068565
v 0.5018791 0.5987046 1.9021123
v 0.5018791 0.6070808 1.9247606
v 0.5048791 0.5782047 1.9068565
v 0.5048791 0.5760847 1.8745201
v 0.5018792 0.6048354 1.8769133
v 0.5018791 0.5987046 1.9021123
v 0.5048791 0.7407720 1.8962144
v 0.4715358 0.7530901 1.8978358
v 0.4715358 0.7411182 1.9331084
v 0.5048791 0.7303580 1.9268959
v 0.5048791 0.5925368 1.9359200
v 0.5207781 0.5978323 1.9318571
v 0.5207781 0.6202418 1.9515089
v 0.5048791 0.6169047 1.9572893
v 0.4715358 0.5662030 1.9100722
v 0.4715358 0.5826802 1.9434837
v 0.5048791 0.6078625 1.8194795
v 0.5048791 0.6692632 1.8030272
v 0.5018792 0.6668700 1.8459740
v 0.5018792 0.6240304 1.8459740
v 0.5048791 0.6078625 1.8194795
v 0.4715358 0.7411182 1.9331084
v 0.4715358 0.7165574 1.9611119
v 0.5048791 0.7089942 1.9512553
v 0.5048791 0.7303580 1.9268959
v 0.5207781 0.7049305 1.9459599
v 0.5207781 0.7245776 1.9235588
v 0.5048791 0.7303580 1.9268959
v 0.5048791 0.7089942 1.9512553
v 0.5018792 0.6048354 1.8769133
v 0.5048791 0.5760847 1.8745201
v 0.5207781 0.5827025 1.8753914
v 0.5207781 0.6048354 1.8769133
v 0.5207781 0.6119262 1.8247749
v 0.5207781 0.6240304 1.8411107
v 0.5207781 0.6048354 1.8769133
v 0.5048791 0.6692632 1.8030272
v 0.5048791 0.6078625 1.8194795
v 0.4715359 0.6002993 1.8096220
v 0.4715359 0.6708850 1.7907091
v 0.5048791 0.6692632 1.8030272
v 0.5207781 0.6119262 1.8247749
v 0.5048791 0.5760847 1.8745201
v 0.5048791 0.6799300 1.9655882
v 0.5048791 0.6475935 1.9677074
v 0.5018791 0.6499866 1.9495317
v 0.5018791 0.6751856 1.9478801
v 0.4715359 0.6002993 1.8096220
v 0.5048791 0.6078625 1.8194795
v 0.5048791 0.5760847 1.8745201
v 0.4715359 0.5637667 1.8728981
v 0.5207781 0.6978341 1.9367113
v 0.5207781 0.7144813 1.9177296
v 0.5207781 0.7245776 1.9235588
v 0.5207781 0.7049305 1.9459599
v 0.5207781 0.6978341 1.9367113
v 0.5207781 0.6119262 1.8247749
v 0.5048791 0.6078625 1.8194795
v 0.5018792 0.6240304 1.8459740
v 0.5207781 0.6240304 1.8411107
v 0.5207781 0.7225963 1.8938216
v 0.5207781 0.7341542 1.8953432
v 0.5207781 0.7245776 1.9235588
v 0.5207781 0.7144813 1.9177296
v 0.5207781 0.7225963 1.8938216
v 0.5048791 0.7386520 1.8638783
v 0.4715359 0.7506537 1.8606624
v 0.4715358 0.7530901 1.8978358
v 0.5048791 0.7407720 1.8962144
v 0.5048791 0.7386520 1.8638783
v 0.5048791 0.5782047 1.9068565
v 0.4715359 0.5637667 1.8728981
v 0.5048791 0.5760847 1.8745201
v 0.4715358 0.6831459 1.9775893
v 0.4715358 0.6459717 1.9800255
v 0.5048791 0.6475935 1.9677074
v 0.5048791 0.7386520 1.8638783
v 0.5048791 0.7243198 1.8348140
v 0.4715359 0.7341765 1.8272508
v 0.5207781 0.6499866 1.9495317
v 0.5018791 0.6499866 1.9495317
v 0.5048791 0.6475935 1.9677074
v 0.5207781 0.6484651 1.9610896
v 0.5048791 0.7089942 1.9512553
v 0.5048791 0.6799300 1.9655882
v 0.5018791 0.6751856 1.9478801
v 0.5018791 0.6978341 1.9367113
v 0.5048791 0.7089942 1.9512553
v 0.5048791 0.6169047 1.9572893
v 0.5207781 0.6202418 1.9515089
v 0.5207781 0.6484651 1.9610896
v 0.5048791 0.7243198 1.8348140
v 0.5048791 0.7386520 1.8638783
v 0.5018792 0.7209444 1.8686226
v 0.5018792 0.7097759 1.8459740
v 0.5207781 0.6978341 1.9367113
v 0.5207781 0.7049305 1.9459599
v 0.5048791 0.7089942 1.9512553
v 0.5018791 0.6978341 1.9367113
v 0.5207781 0.7341542 1.8953432
v 0.5048791 0.7407720 1.8962144
v 0.5048791 0.7303580 1.9268959
v 0.5207781 0.7245776 1.9235588
v 0.5207781 0.7341542 1.8953432
v 0.5207781 0.5978323 1.9318571
v 0.5207781 0.6070808 1.9247606
v 0.5207781 0.6260709 1.9414125
v 0.4715358 0.6106924 1.9680489
v 0.5048791 0.6475935 1.9677074
v 0.4715358 0.6459717 1.9800255
v 0.5207781 0.7225963 1.8938216
v 0.5018791 0.7225963 1.8938216
v 0.5048791 0.7407720 1.8962144
v 0.5207781 0.7341542 1.8953432
v 0.5207781 0.7225963 1.8938216
v 0.4715358 0.6831459 1.9775893
v 0.5048791 0.6799300 1.9655882
v 0.5048791 0.7089942 1.9512553
v 0.4715358 0.7165574 1.9611119
v 0.4715358 0.6831459 1.9775893
v 0.5048791 0.7386520 1.8638783
v 0.5018791 0.7225963 1.8938216
v 0.5018792 0.7209444 1.8686226
v 0.4715358 0.5826802 1.9434837
v 0.5048791 0.5925368 1.9359200
v 0.5207781 0.6202418 1.9515089
v 0.5207781 0.6260709 1.9414125
v 0.5207781 0.6499866 1.9495317
v 0.5207781 0.6484651 1.9610896
v 0.5207781 0.6202418 1.9515089
v 0.5018792 0.7097759 1.8459740
v 0.5018792 0.6668700 1.8459740
v 0.5048791 0.6692632 1.8030272
v 0.5018792 0.7097759 1.8459740
v 0.6527794 1.2186722 0.1681016
v 0.6641554 1.1340811 0.1834425
v 0.7964547 1.1062967 0.1779903
v 0.8396197 1.1788261 0.1574361
v 0.6527794 1.2186722 0.1681016
v 0.8074887 1.2112121 -0.0606644
v 0.8253147 1.2494154 0.1432719
v 0.8396197 1.1788261 0.1574361
v 0.8217937 1.1406229 -0.0465001
v 0.6527794 1.2186722 0.1681016
v 0.6349534 1.1804689 -0.0358349
v 0.6465120 1.0962686 -0.0184039
v 0.6641554 1.1340811 0.1834425
v 0.6931988 1.2775913 0.1508134
v 0.6753720 1.2393873 -0.0531229
v 0.6349534 1.1804689 -0.0358349
v 0.6931988 1.2775913 0.1508134
v 0.6349534 1.1804689 -0.0358349
v 0.8217937 1.1406229 -0.0465001
v 0.7786287 1.0680934 -0.0259459
v 0.6465120 1.0962686 -0.0184039
v 0.6349534 1.1804689 -0.0358349
v 0.6527794 1.2186722 0.1681016
v 0.8253147 1.2494154 0.1432719
v 0.6931988 1.2775913 0.1508134
v 0.7646651 1.2903253 0.1405290
v 0.8217937 1.1406229 -0.0465001
v 0.8396197 1.1788261 0.1574361
v 0.7964547 1.1062967 0.1779903
v 0.7786287 1.0680934 -0.0259459
v 0.7646651 1.2903253 0.1405290
v 0.7468384 1.2521213 -0.0634079
v 0.6753720 1.2393873 -0.0531229
v 0.6931988 1.2775913 0.1508134
v 0.7646651 1.2903253 0.1405290
v 0.8253147 1.2494154 0.1432719
v 0.8074887 1.2112121 -0.0606644
v 0.7468384 1.2521213 -0.0634079
v 0.7646651 1.2903253 0.1405290
v 0.6753720 1.2393873 -0.0531229
v 0.8074887 1.2112121 -0.0606644
v 0.8217937 1.1406229 -0.0465001
v 0.6349534 1.1804689 -0.0358349
v 0.8074887 1.2112121 -0.0606644
v 0.6643956 1.0959691 -0.8002106
v 0.5957689 1.0687720 -0.7872412
v 0.7332313 1.0667314 -0.8026189
v 0.6433698 1.0628168 -1.0049202
v 0.7122054 1.0335784 -1.0073279
v 0.5747438 1.0356197 -0.9919508
v 0.5957689 1.0687720 -0.7872412
v 0.5747438 1.0356197 -0.9919508
v 0.5465268 0.9679189 -0.9760162
v 0.5675526 1.0010712 -0.7713074
v 0.5957689 1.0687720 -0.7872412
v 0.6643956 1.0959691 -0.8002106
v 0.7579279 0.9998946 -0.7929135
v 0.5675526 1.0010712 -0.7713074
v 0.5824344 0.9655544 -0.7663512
v 0.7297116 0.9321938 -0.7769797
v 0.7332313 1.0667314 -0.8026189
v 0.5957689 1.0687720 -0.7872412
v 0.5675526 1.0010712 -0.7713074
v 0.6643956 1.0959691 -0.8002106
v 0.7332313 1.0667314 -0.8026189
v 0.7122054 1.0335784 -1.0073279
v 0.6643956 1.0959691 -0.8002106
v 0.7579279 0.9998946 -0.7929135
v 0.7369028 0.9667422 -0.9976231
v 0.7122054 1.0335784 -1.0073279
v 0.7579279 0.9998946 -0.7929135
v 0.5675526 1.0010712 -0.7713074
v 0.5465268 0.9679189 -0.9760162
v 0.5614093 0.9324020 -0.9710608
v 0.5824344 0.9655544 -0.7663512
v 0.7297116 0.9321938 -0.7769797
v 0.7086858 0.8990414 -0.9816885
v 0.5747438 1.0356197 -0.9919508
v 0.7122054 1.0335784 -1.0073279
v 0.7369028 0.9667422 -0.9976231
v 0.5465268 0.9679189 -0.9760162
v 0.5747438 1.0356197 -0.9919508
v 0.7369028 0.9667422 -0.9976231
v 0.7086858 0.8990414 -0.9816885
v 0.5614093 0.9324020 -0.9710608
v 0.8130761 0.9441307 1.5858994
v 0.7902396 0.9044122 1.5326695
v 0.6591958 0.9269415 1.5101492
v 0.6266343 0.9703468 1.5483853
v 0.8130761 0.9441307 1.5858994
v 0.6266343 0.9703468 1.5483853
v 0.6591958 0.9269415 1.5101492
v 0.6268892 0.7746071 1.6281747
v 0.5845405 0.8267112 1.6814926
v 0.6725740 0.8883139 1.7664104
v 0.7146670 1.0319495 1.6333029
v 0.6502699 1.0193361 1.6006615
v 0.6081762 0.8757005 1.7337689
v 0.7709824 0.8004951 1.7190076
v 0.5845405 0.8267112 1.6814926
v 0.6268892 0.7746071 1.6281747
v 0.7395469 0.7503597 1.6492989
v 0.8130761 0.9441307 1.5858994
v 0.6502699 1.0193361 1.6006615
v 0.7821037 1.0007988 1.6271883
v 0.7146670 1.0319495 1.6333029
v 0.7902396 0.9044122 1.5326695
v 0.8130761 0.9441307 1.5858994
v 0.7709824 0.8004951 1.7190076
v 0.7395469 0.7503597 1.6492989
v 0.7902396 0.9044122 1.5326695
v 0.7821037 1.0007988 1.6271883
v 0.7400107 0.8571625 1.7602956
v 0.6081762 0.8757005 1.7337689
v 0.7015556 0.8553093 -1.5362015
v 0.7309785 0.7831930 -1.5225974
v 0.6936706 0.7756116 -1.6199602
v 0.6765036 0.8494669 -1.6012897
v 0.6001110 0.7904029 -1.6648872
v 0.6139806 0.8589153 -1.6312869
v 0.6765036 0.8494669 -1.6012897
v 0.5506117 0.8781187 -1.6086203
v 0.5051052 0.8189028 -1.6310611
v 0.4643054 0.8444153 -1.5382973
v 0.5235178 0.8958290 -1.5465689
v 0.6110927 0.8922237 -1.4514844
v 0.5951721 0.8372054 -1.3960077
v 0.6901786 0.8087062 -1.4298335
v 0.6744615 0.8730197 -1.4741502
v 0.6744615 0.8730197 -1.4741502
v 0.6901786 0.8087062 -1.4298335
v 0.7309785 0.7831930 -1.5225974
v 0.6744615 0.8730197 -1.4741502
v 0.5016125 0.8519966 -1.4409354
v 0.5485698 0.9016714 -1.4814807
v 0.5235178 0.8958290 -1.5465689
v 0.5051052 0.8189028 -1.6310611
v 0.6139806 0.8589153 -1.6312869
v 0.6001110 0.7904029 -1.6648872
v 0.6744615 0.8730197 -1.4741502
v 0.7015556 0.8553093 -1.5362015
v 0.6139806 0.8589153 -1.6312869
v 0.5235178 0.8958290 -1.5465689
v 0.5485698 0.9016714 -1.4814807
v 0.6110927 0.8922237 -1.4514844
v 0.6744615 0.8730197 -1.4741502
v 0.7015556 0.8553093 -1.5362015
v 0.6765036 0.8494669 -1.6012897
v -0.4870323 0.2507063 1.7413896
v -0.4466902 0.2507063 1.7413898
v -0.4386366 0.2006121 1.7621397
v -0.4870323 0.2006121 1.7621397
v -0.4870323 0.2507063 1.7413896
v -0.4870323 0.1798621 1.8122337
v -0.4870323 0.2006121 1.7621397
v -0.4386366 0.2006121 1.7621397
v -0.4386366 0.1798621 1.8122337
v -0.4870323 0.1798621 1.8122337
v -0.4870323 0.2006121 1.8623280
v -0.4870323 0.1798621 1.8122337
v -0.4386366 0.2006121 1.8623280
v -0.4870323 0.2507063 1.8830772
v -0.4386366 0.2006121 1.8623280
v -0.4466902 0.2507063 1.8830772
v -0.4870323 0.2507063 1.8830772
v -0.4870323 0.3008006 1.8623280
v -0.4870323 0.2507063 1.8830772
v -0.4515015 0.3008006 1.8623280
v -0.4870323 0.3215498 1.8122337
v -0.4515015 0.3008006 1.8623280
v -0.4515015 0.3215498 1.8122337
v -0.4870323 0.3008006 1.7621397
v -0.4515015 0.3008006 1.7621397
v -0.4515015 0.3008006 1.7621397
v -0.4466902 0.2507063 1.7413898
v -0.4870323 0.2507063 1.7413896
v -0.5289816 0.2132088 1.7747356
v -0.5289816 0.2507063 1.7592046
v -0.5289816 0.1976770 1.8122337
v -0.5289816 0.2132088 1.7747356
v -0.4870323 0.1798621 1.8122337
v -0.5289816 0.2882038 1.8497307
v -0.5289816 0.3037357 1.8122337
v -0.5289816 0.2882038 1.7747356
v -0.5289816 0.2132088 1.8497307
v -0.4870323 0.1798621 1.8122337
v -0.4870323 0.2006121 1.8623280
v -0.5289816 0.2507063 1.8652632
v -0.4870323 0.2507063 1.8830772
v -0.4870323 0.3008006 1.8623280
v -0.5289816 0.2882038 1.7747356
v -0.5289816 0.3037357 1.8122337
v -0.4870323 0.3215498 1.8122337
v -0.5289816 0.2882038 1.7747356
v -0.4596492 0.3294976 1.7664751
v -0.4730597 0.3257035 1.7626802
v -0.4664014 0.3752563 1.7421547
v -0.4730597 0.3051778 1.8122337
v -0.4730597 0.3257035 1.7626802
v -0.4596492 0.3294976 1.7664751
v -0.4596492 0.3105437 1.8122337
v -0.4730597 0.3051778 1.8122337
v -0.4730597 0.3257035 1.8617867
v -0.4730597 0.3051778 1.8122337
v -0.4596492 0.3294976 1.8579924
v -0.4596492 0.3294976 1.8579924
v -0.4664014 0.3752563 1.8823125
v -0.5292589 0.4274817 1.8122337
v -0.5292589 0.4121854 1.8491621
v -0.4730597 0.4248100 1.8617867
v -0.4730597 0.4453356 1.8122337
v -0.5292589 0.4121854 1.7753050
v -0.4730597 0.4248100 1.7626802
v -0.4664014 0.3752563 1.7421547
v -0.5292589 0.3752563 1.7600084
v -0.5292589 0.4121854 1.7753050
v -0.5292589 0.4121854 1.8491621
v -0.5292589 0.4274817 1.8122337
v -0.5292589 0.4121854 1.7753050
v -0.4664014 0.3752563 1.7421547
v -0.4730597 0.3257035 1.7626802
v -0.5292589 0.3383273 1.7753050
v -0.4664014 0.3752563 1.7421547
v -0.5292589 0.3230310 1.8122337
v -0.5292589 0.3383273 1.7753050
v -0.4730597 0.3257035 1.7626802
v -0.4730597 0.3051778 1.8122337
v -0.5292589 0.3383273 1.8491621
v -0.4730597 0.3051778 1.8122337
v -0.4730597 0.3257035 1.8617867
v -0.5292589 0.3752563 1.8644594
v -0.4664014 0.3752563 1.8823125
v -0.5292589 0.3752563 1.8644594
v -0.5292589 0.4121854 1.8491621
v -0.4730597 0.4248100 1.8617867
v -0.5289816 0.2507063 1.7592046
v -0.5289816 0.2507063 1.8652632
v -0.5289816 0.2132088 1.7747356
v -0.5289816 0.2132088 1.8497307
v -0.5289816 0.1976770 1.8122337
v -0.5289816 0.2132088 1.8497307
v -0.5292589 0.3752563 1.7600084
v -0.5292589 0.3752563 1.8644594
v -0.5292589 0.4121854 1.8491621
v -0.5292589 0.3383273 1.7753050
v -0.5292589 0.3383273 1.8491621
v -0.5292589 0.3230310 1.8122337
v -0.5292589 0.3383273 1.8491621
v -1.1402505 0.7518576 -0.5772977
v -1.1555384 0.7095766 -0.7280025
v -1.1434406 0.6775432 -0.7205174
v -1.1281044 0.7199593 -0.5693304
v -1.1434406 0.6775432 -0.7205174
v -1.1555384 0.7095766 -0.7280025
v -1.1073586 0.7934258 -0.7563602
v -1.0734449 0.7993594 -0.7617156
v -1.0580886 0.8418271 -0.6103405
v -1.0920567 0.8357423 -0.6055258
v -1.1402505 0.7518576 -0.5772977
v -1.1281044 0.7199593 -0.5693304
v -1.1062921 0.6569493 -0.7191296
v -1.0909101 0.6994949 -0.5674800
v -1.1281044 0.7199593 -0.5693304
v -1.0422209 0.8333457 -0.6096982
v -1.0576212 0.7907541 -0.7615170
v -1.0734449 0.7993594 -0.7617156
v -1.0580886 0.8418271 -0.6103405
v -1.1073586 0.7934258 -0.7563602
v -1.0920567 0.8357423 -0.6055258
v -1.0580886 0.8418271 -0.6103405
v -1.1555384 0.7095766 -0.7280025
v -1.1434406 0.6775432 -0.7205174
v -1.0734449 0.7993594 -0.7617156
v -1.0576212 0.7907541 -0.7615170
v -1.1062921 0.6569493 -0.7191296
v -1.0909101 0.6994949 -0.5674800
v -1.0422209 0.8333457 -0.6096982
v -1.0264786 0.9750690 0.3242954
v -1.0425127 0.9315834 0.1741625
v -1.0320088 0.8970335 0.1830480
v -1.0159747 0.9405198 0.3331809
v -0.9776140 0.9189833 0.3382820
v -0.8970602 1.0576202 0.2895226
v -0.9354202 1.0791560 0.2844215
v -1.0159747 0.9405198 0.3331809
v -0.9870652 1.0270100 0.1405998
v -1.0425127 0.9315834 0.1741625
v -0.9710303 1.0704956 0.2907335
v -1.0320088 0.8970335 0.1830480
v -0.9514543 1.0356699 0.1342886
v -0.9936488 0.8754971 0.1881491
v -0.9776140 0.9189833 0.3382820
v -1.0159747 0.9405198 0.3331809
v -1.0320088 0.8970335 0.1830480
v -0.9514543 1.0356699 0.1342886
v -0.9354202 1.0791560 0.2844215
v -0.8970602 1.0576202 0.2895226
v -0.9130943 1.0141340 0.1393897
v -0.9514543 1.0356699 0.1342886
v -0.9710303 1.0704956 0.2907335
v -0.9354202 1.0791560 0.2844215
v -1.0159747 0.9405198 0.3331809
v -0.9514543 1.0356699 0.1342886
v -0.9130943 1.0141340 0.1393897
v -0.9936488 0.8754971 0.1881491
v -1.1145428 0.4884205 -1.1889998
v -1.1145428 0.3963791 -1.1889998
v -1.1540509 0.4042579 -1.1760242
v -1.1540509 0.4805418 -1.1760242
v -1.1540509 0.5079241 -1.1421918
v -1.1540509 0.3768761 -1.1421918
v -1.1540510 0.3768761 -0.9531590
v -1.1540510 0.5079241 -0.9531590
v -1.1540509 0.5079241 -1.1421918
v -1.1145428 0.5223914 -0.9515964
v -1.1145428 0.5223914 -1.1437552
v -1.1540510 0.4042579 -0.9193267
v -1.1540510 0.3768761 -0.9531590
v -1.1145428 0.3624088 -0.9515964
v -1.1145428 0.3963791 -0.9063510
v -1.1540510 0.4805418 -0.9193267
v -1.1145428 0.4884205 -0.9063510
v -1.1145428 0.5223914 -0.9515964
v -1.1145428 0.3624088 -1.1437552
v -1.1145428 0.3624088 -0.9515964
v -1.1145428 0.3963791 -0.9063510
v -1.1145428 0.4884205 -0.9063510
v -1.1540510 0.4042579 -0.9193267
v -1.1145428 0.3963791 -0.9063510
v -1.1540509 0.3768761 -1.1421918
v -1.1540509 0.4042579 -1.1760242
v -1.1145428 0.3963791 -1.1889998
v -1.1145428 0.3624088 -1.1437552
v -1.1540509 0.4805418 -1.1760242
v -1.1540509 0.5079241 -1.1421918
v -1.1145428 0.5223914 -1.1437552
v -1.1145428 0.4884205 -1.1889998
v -1.1540510 0.4805418 -0.9193267
v -1.1540510 0.5079241 -0.9531590
v -1.1540510 0.3768761 -0.9531590
v -0.9634290 0.8670065 1.6179626
v -0.9411038 0.8897337 1.6331097
v -0.8415611 0.9119377 1.6140062
v -0.8188129 0.8992644 1.5902089
v -0.7996404 0.7983138 1.7117680
v -0.8991830 0.7761098 1.7308711
v -0.8188129 0.8992644 1.5902089
v -0.7768931 0.7856404 1.6879707
v -0.7770922 0.7463517 1.6450410
v -0.8190122 0.8599757 1.5472792
v -0.7768931 0.7856404 1.6879707
v -0.9215083 0.7533826 1.7157245
v -0.9217075 0.7140939 1.6727948
v -0.7770922 0.7463517 1.6450410
v -0.7768931 0.7856404 1.6879707
v -0.9215083 0.7533826 1.7157245
v -0.9215083 0.7533826 1.7157245
v -0.9634290 0.8670065 1.6179626
v -0.9636283 0.8277179 1.5750330
v -0.9217075 0.7140939 1.6727948
v -0.9411038 0.8897337 1.6331097
v -0.8188129 0.8992644 1.5902089
v -0.8190122 0.8599757 1.5472792
v -0.9636283 0.8277179 1.5750330
v -0.7768931 0.7856404 1.6879707
v -0.7996404 0.7983138 1.7117680
v -0.8991830 0.7761098 1.7308711
v -0.8694675 0.6948969 1.7469656
v -0.8135845 0.7271735 1.7493860
v -0.9199957 0.9647887 1.5434315
v -0.9855660 0.9393996 1.5407394
v -0.7181873 0.4281826 1.7812575
v -0.7074429 0.4311693 1.7615175
v -0.6231410 0.3047584 1.7801161
v -0.6323107 0.2995298 1.8001799
v -0.8661160 1.1705573 0.8039616
v -0.8402579 1.1487720 0.8067952
v -1.0848746 0.7338477 -0.9464841
v -1.1107181 0.7335522 -0.9442108
v -0.6323107 0.2995298 1.8001799
v -0.6231410 0.3047584 1.7801161
v -0.5235858 0.2277360 1.7853139
v -0.5266644 0.2184528 1.8057674
v -0.5257281 0.2260271 1.8271156
v -0.5240289 0.2495868 1.8368532
v -0.6139914 0.3197865 1.8319450
v -0.6285208 0.3057547 1.8216490
v -0.6738964 0.4648699 1.8006395
v -0.5972334 0.3334053 1.8250374
v -0.5880644 0.3386339 1.8049736
v -0.7074429 0.4311693 1.7615175
v -0.8684837 0.6806142 1.7293864
v -0.8525333 0.6747209 1.7143916
v -0.7074429 0.4311693 1.7615175
v -0.9251561 1.0528807 1.4315834
v -0.9477906 1.0516761 1.4310754
v -0.9199957 0.9647887 1.5434315
v -0.8983784 0.9696794 1.5387373
v -0.9251561 1.0528807 1.4315834
v -0.6285208 0.3057547 1.8216490
v -0.7140134 0.4338731 1.8028023
v -1.1795551 0.4962241 -1.0583607
v -1.1415531 0.4386684 -1.0583607
v -1.1064243 0.4928716 -1.0583607
v -0.5329819 0.3931980 1.7817094
v -0.6337466 0.4819435 1.7605611
v -0.6292049 0.4898682 1.7813115
v -0.5318721 0.4036594 1.8017924
v -0.5329819 0.3931980 1.7817094
v -1.1295585 0.4103615 -1.0044090
v -1.2080424 0.4687650 -1.0044090
v -1.1998182 0.4715281 -1.0253548
v -1.1291383 0.4190275 -1.0253548
v -0.8884649 1.1717528 0.8758760
v -0.8659084 1.1722495 0.8781061
v -0.8661160 1.1705573 0.8039616
v -0.8885631 1.1704005 0.8071428
v -1.1748573 0.6042864 -1.0253548
v -1.1544468 0.5995817 -1.0340312
v -1.1799620 0.4781967 -1.0340312
v -0.9082277 1.0392306 1.4251726
v -0.9251561 1.0528807 1.4315834
v -0.8983784 0.9696794 1.5387373
v -0.8858057 0.9618717 1.4880455
v -0.9082277 1.0392306 1.4251726
v -0.6390838 0.4881502 1.8016457
v -0.6575954 0.4777954 1.8096513
v -0.5429069 0.3786422 1.8335307
v -0.5359833 0.3976296 1.8232582
v -0.6390838 0.4881502 1.8016457
v -1.1457709 0.6321377 -1.0515041
v -1.1491657 0.6169228 -1.0586847
v -1.1122855 0.5921523 -1.0585670
v -1.1150911 0.6321377 -1.0515041
v -1.1457709 0.6321377 -1.0515041
v -0.6390838 0.4881502 1.8016457
v -0.6292049 0.4898682 1.7813115
v -0.7861373 0.7405560 1.7207071
v -0.7957536 0.7384855 1.7411337
v -0.6390838 0.4881502 1.8016457
v -0.8983784 0.9696794 1.5387373
v -0.9199957 0.9647887 1.5434315
v -0.8135845 0.7271735 1.7493860
v -0.7957536 0.7384855 1.7411337
v -0.5266644 0.2184528 1.8057674
v -0.5257281 0.2260271 1.8271156
v -0.6285208 0.3057547 1.8216490
v -0.6323107 0.2995298 1.8001799
v -0.5266644 0.2184528 1.8057674
v -0.6738964 0.4648699 1.8006395
v -0.6784380 0.4569451 1.7798897
v -0.5496967 0.3473577 1.8065105
v -0.5485869 0.3578184 1.8265938
v -0.6738964 0.4648699 1.8006395
v -0.9036700 1.1549655 0.8140370
v -0.9386204 1.1079951 0.8257526
v -0.9408185 1.1066443 0.8799669
v -0.8884649 1.1717528 0.8758760
v -0.9199957 0.9647887 1.5434315
v -0.9477906 1.0516761 1.4310754
v -0.9974177 1.0068335 1.3965160
v -0.9855660 0.9393996 1.5407394
v -1.1994593 0.4897024 -1.1089288
v -1.2077045 0.4870014 -1.0879830
v -1.1772100 0.6276301 -1.0879043
v -1.1689760 0.6257289 -1.1089420
v -0.7140134 0.4338731 1.8028023
v -0.6973662 0.4449072 1.8135326
v -0.8694675 0.6948969 1.7469656
v -0.9855660 0.9393996 1.5407394
v -0.9830274 0.9220869 1.5263239
v -0.8684837 0.6806142 1.7293864
v -0.9974177 1.0068335 1.3965160
v -0.9477906 1.0516761 1.4310754
v -0.8884649 1.1717528 0.8758760
v -0.9408185 1.1066443 0.8799669
v -0.5235858 0.2277360 1.7853139
v -0.6231410 0.3047584 1.7801161
v -0.5918544 0.3324091 1.7835048
v -0.5165953 0.2719976 1.7874736
v -1.1508692 0.4199081 -1.1089288
v -1.1547274 0.4121373 -1.0879830
v -1.2077045 0.4870014 -1.0879830
v -1.1759868 0.6407738 -0.9926122
v -1.1596294 0.6718660 -0.9244195
v -1.1365510 0.7174261 -0.9336812
v -1.1641746 0.6596141 -1.0068251
v -1.1759868 0.6407738 -0.9926122
v -0.5211488 0.4054102 1.8046965
v -0.5211488 0.3948053 1.7846925
v -0.5329819 0.3931980 1.7817094
v -0.5318721 0.4036594 1.8017924
v -1.1107181 0.7335522 -0.9442108
v -1.1217410 0.7330952 -0.9406933
v -0.8885631 1.1704005 0.8071428
v -0.8661160 1.1705573 0.8039616
v -0.5211488 0.3787210 1.8368245
v -0.5211488 0.3987478 1.8262901
v -0.5359833 0.3976296 1.8232582
v -0.5429069 0.3786422 1.8335307
v -0.6231410 0.3047584 1.7801161
v -0.7074429 0.4311693 1.7615175
v -0.6784380 0.4569451 1.7798897
v -0.6231410 0.3047584 1.7801161
v -1.1473761 0.4399489 -1.0340312
v -1.1799620 0.4781967 -1.0340312
v -1.1129015 0.4828575 -1.0253548
v -1.1544468 0.5995817 -1.0340312
v -1.1374714 0.6431725 -1.0199771
v -1.1122855 0.6431725 -1.0199771
v -1.1122855 0.5948770 -1.0253548
v -1.1291383 0.4190275 -1.0253548
v -1.1998182 0.4715281 -1.0253548
v -1.1799620 0.4781967 -1.0340312
v -1.1473761 0.4399489 -1.0340312
v -0.8659084 1.1722495 0.8781061
v -0.8884649 1.1717528 0.8758760
v -0.9477906 1.0516761 1.4310754
v -0.9251561 1.0528807 1.4315834
v -0.8659084 1.1722495 0.8781061
v -1.1457709 0.6321377 -1.0515041
v -1.1374714 0.6431725 -1.0199771
v -1.1629141 0.6404115 -1.0551672
v -1.1126967 0.6116908 -0.9662093
v -1.1710249 0.6232557 -0.9791021
v -1.1748573 0.6042864 -0.9834633
v -1.1137069 0.5994995 -0.9742538
v -1.1126967 0.6116908 -0.9662093
v -0.5240289 0.2495868 1.8368532
v -0.5187383 0.2702894 1.8292760
v -0.5972334 0.3334053 1.8250374
v -0.6139914 0.3197865 1.8319450
v -1.1562114 0.6503322 -0.9182030
v -1.1596294 0.6718660 -0.9244195
v -1.1759868 0.6407738 -0.9926122
v -1.1710249 0.6232557 -0.9791021
v -1.1217410 0.7330952 -0.9406933
v -1.1365510 0.7174261 -0.9336812
v -0.9036700 1.1549655 0.8140370
v -0.8885631 1.1704005 0.8071428
v -1.1217410 0.7330952 -0.9406933
v -1.1596294 0.6718660 -0.9244195
v -1.1562114 0.6503322 -0.9182030
v -0.9353724 1.0855585 0.8255511
v -0.9386204 1.1079951 0.8257526
v -1.1596294 0.6718660 -0.9244195
v -0.8435805 1.1460849 0.8768687
v -0.8659084 1.1722495 0.8781061
v -0.9251561 1.0528807 1.4315834
v -0.9082277 1.0392306 1.4251726
v -0.9526364 0.9422539 1.3866760
v -0.9939001 0.9852844 1.3904109
v -0.9375650 1.0844278 0.8768304
v -0.8989604 1.0535327 0.8764159
v -0.9386204 1.1079951 0.8257526
v -0.9036700 1.1549655 0.8140370
v -0.5211488 0.3987478 1.8262901
v -0.5211488 0.4054102 1.8046965
v -0.5318721 0.4036594 1.8017924
v -0.5359833 0.3976296 1.8232582
v -1.1660380 0.6581734 -1.0689050
v -1.1629141 0.6404115 -1.0551672
v -1.1641746 0.6596141 -1.0068251
v -1.1365510 0.7174261 -0.9336812
v -1.1291383 0.4190275 -0.9834633
v -1.1998182 0.4715281 -0.9834633
v -1.2080424 0.4687650 -1.0044090
v -1.1295585 0.4103615 -1.0044090
v -1.1291383 0.4190275 -0.9834633
v -1.1748573 0.6042864 -1.0253548
v -1.1833116 0.6062350 -1.0044090
v -1.1759868 0.6407738 -0.9926122
v -1.1641746 0.6596141 -1.0068251
v -0.8525333 0.6747209 1.7143916
v -0.8684837 0.6806142 1.7293864
v -0.9658772 0.9139058 1.5139569
v -0.8661160 1.1705573 0.8039616
v -0.8659084 1.1722495 0.8781061
v -0.8435805 1.1460849 0.8768687
v -0.8402579 1.1487720 0.8067952
v -0.8661160 1.1705573 0.8039616
v -0.6784380 0.4569451 1.7798897
v -0.7074429 0.4311693 1.7615175
v -0.8525333 0.6747209 1.7143916
v -0.8062547 0.6767971 1.7248593
v -0.9830274 0.9220869 1.5263239
v -0.9939001 0.9852844 1.3904109
v -0.9526364 0.9422539 1.3866760
v -0.9658772 0.9139058 1.5139569
v -1.1833116 0.6062350 -1.0044090
v -1.1748573 0.6042864 -0.9834633
v -1.1710249 0.6232557 -0.9791021
v -1.1759868 0.6407738 -0.9926122
v -0.9939001 0.9852844 1.3904109
v -0.9974177 1.0068335 1.3965160
v -0.9408185 1.1066443 0.8799669
v -0.9375650 1.0844278 0.8768304
v -0.9939001 0.9852844 1.3904109
v -0.5318721 0.4036594 1.8017924
v -0.6292049 0.4898682 1.7813115
v -0.6390838 0.4881502 1.8016457
v -0.5918544 0.3324091 1.7835048
v -0.6784380 0.4569451 1.7798897
v -0.6738964 0.4648699 1.8006395
v -0.5880644 0.3386339 1.8049736
v -0.5918544 0.3324091 1.7835048
v -1.1528582 0.6700114 -1.0830533
v -1.1310946 0.6689908 -1.0893227
v -1.1491261 0.6193933 -1.1178769
v -1.1689760 0.6257289 -1.1089420
v -0.8858057 0.9618717 1.4880455
v -0.8983784 0.9696794 1.5387373
v -0.7957536 0.7384855 1.7411337
v -0.7861373 0.7405560 1.7207071
v -1.1795551 0.4962241 -1.1176045
v -1.1060844 0.5002899 -1.1176045
v -1.1415531 0.4386684 -1.1176045
v -1.1690045 0.6239823 -1.0670867
v -1.1491657 0.6169228 -1.0586847
v -1.1457709 0.6321377 -1.0515041
v -1.1629141 0.6404115 -1.0551672
v -1.1690045 0.6239823 -1.0670867
v -1.1120389 0.6689908 -1.0893227
v -1.1120389 0.6193933 -1.1178769
v -1.1491261 0.6193933 -1.1178769
v -1.1310946 0.6689908 -1.0893227
v -0.8885631 1.1704005 0.8071428
v -0.9036700 1.1549655 0.8140370
v -0.8884649 1.1717528 0.8758760
v -1.1120389 0.6689908 -1.0893227
v -1.1310946 0.6689908 -1.0893227
v -1.1107181 0.7335522 -0.9442108
v -1.0848746 0.7338477 -0.9464841
v -1.1060844 0.5002899 -1.1176045
v -1.1795551 0.4962241 -1.1176045
v -1.1491261 0.6193933 -1.1178769
v -1.1120389 0.6193933 -1.1178769
v -0.9855660 0.9393996 1.5407394
v -0.9974177 1.0068335 1.3965160
v -0.9939001 0.9852844 1.3904109
v -0.9830274 0.9220869 1.5263239
v -0.6337466 0.4819435 1.7605611
v -0.6784380 0.4569451 1.7798897
v -0.8062547 0.6767971 1.7248593
v -0.7754406 0.7076231 1.6896223
v -0.5211488 0.3464569 1.8101256
v -0.5211488 0.3570618 1.8301289
v -0.5485869 0.3578184 1.8265938
v -0.5496967 0.3473577 1.8065105
v -1.1689760 0.6257289 -1.1089420
v -1.1772100 0.6276301 -1.0879043
v -1.1660380 0.6581734 -1.0689050
v -1.1528582 0.6700114 -1.0830533
v -0.7140134 0.4338731 1.8028023
v -0.8694675 0.6948969 1.7469656
v -0.8684837 0.6806142 1.7293864
v -0.7181873 0.4281826 1.7812575
v -1.1122855 0.5921523 -1.0585670
v -1.1491657 0.6169228 -1.0586847
v -1.1795551 0.4962241 -1.0583607
v -1.1064243 0.4928716 -1.0583607
v -1.1544468 0.5995817 -1.0340312
v -1.1122855 0.5948770 -1.0253548
v -1.1129015 0.4828575 -1.0253548
v -1.1799620 0.4781967 -1.0340312
v -1.1126967 0.6116908 -0.9662093
v -1.1117833 0.6274699 -0.9102727
v -1.1710249 0.6232557 -0.9791021
v -1.1105509 0.4828575 -0.9745248
v -1.1998182 0.4715281 -0.9834633
v -1.1291383 0.4190275 -0.9834633
v -1.1994593 0.4897024 -1.0670372
v -1.1508692 0.4199081 -1.0670372
v -1.1415531 0.4386684 -1.0583607
v -0.6337466 0.4819435 1.7605611
v -0.7754406 0.7076231 1.6896223
v -0.7861373 0.7405560 1.7207071
v -0.6337466 0.4819435 1.7605611
v -1.1641746 0.6596141 -1.0068251
v -1.1374714 0.6431725 -1.0199771
v -1.1544468 0.5995817 -1.0340312
v -1.1748573 0.6042864 -1.0253548
v -1.1641746 0.6596141 -1.0068251
v -0.5165953 0.2719976 1.7874736
v -0.5918544 0.3324091 1.7835048
v -0.5880644 0.3386339 1.8049736
v -0.5156589 0.2795720 1.8088222
v -1.1457709 0.6321377 -1.0515041
v -1.1150911 0.6321377 -1.0515041
v -1.1122855 0.6431725 -1.0199771
v -1.1374714 0.6431725 -1.0199771
v -1.1105509 0.4828575 -0.9745248
v -1.1137069 0.5994995 -0.9742538
v -1.1748573 0.6042864 -0.9834633
v -1.1998182 0.4715281 -0.9834633
v -0.5211488 0.3464569 1.8101256
v -0.5496967 0.3473577 1.8065105
v -0.5329819 0.3931980 1.7817094
v -0.5211488 0.3948053 1.7846925
v -0.5211488 0.3464569 1.8101256
v -1.1994593 0.4897024 -1.1089288
v -1.1795551 0.4962241 -1.1176045
v -1.1415531 0.4386684 -1.1176045
v -1.1508692 0.4199081 -1.1089288
v -1.1547274 0.4121373 -1.0879830
v -1.1508692 0.4199081 -1.0670372
v -1.1994593 0.4897024 -1.0670372
v -1.2077045 0.4870014 -1.0879830
v -0.9386204 1.1079951 0.8257526
v -0.9353724 1.0855585 0.8255511
v -0.9375650 1.0844278 0.8768304
v -0.9408185 1.1066443 0.8799669
v -1.1562114 0.6503322 -0.9182030
v -1.1117833 0.6274699 -0.9102727
v -0.8973872 1.0570642 0.8292854
v -0.9353724 1.0855585 0.8255511
v -0.5187383 0.2702894 1.8292760
v -0.5156589 0.2795720 1.8088222
v -0.5880644 0.3386339 1.8049736
v -0.5972334 0.3334053 1.8250374
v -0.5211488 0.3787210 1.8368245
v -0.5429069 0.3786422 1.8335307
v -0.5485869 0.3578184 1.8265938
v -0.5211488 0.3570618 1.8301289
v -0.6139914 0.3197865 1.8319450
v -0.5972334 0.3334053 1.8250374
v -0.6738964 0.4648699 1.8006395
v -0.6973662 0.4449072 1.8135326
v -1.1994593 0.4897024 -1.1089288
v -1.1689760 0.6257289 -1.1089420
v -1.1491261 0.6193933 -1.1178769
v -1.1795551 0.4962241 -1.1176045
v -1.1217410 0.7330952 -0.9406933
v -1.1107181 0.7335522 -0.9442108
v -1.1310946 0.6689908 -1.0893227
v -1.1528582 0.6700114 -1.0830533
v -0.9353724 1.0855585 0.8255511
v -0.8973872 1.0570642 0.8292854
v -0.8989604 1.0535327 0.8764159
v -1.1998182 0.4715281 -1.0253548
v -1.2080424 0.4687650 -1.0044090
v -1.1833116 0.6062350 -1.0044090
v -1.1748573 0.6042864 -1.0253548
v -0.5496967 0.3473577 1.8065105
v -0.6784380 0.4569451 1.7798897
v -0.5329819 0.3931980 1.7817094
v -0.5496967 0.3473577 1.8065105
v -1.1528582 0.6700114 -1.0830533
v -1.1660380 0.6581734 -1.0689050
v -1.1365510 0.7174261 -0.9336812
v -1.1217410 0.7330952 -0.9406933
v -1.1528582 0.6700114 -1.0830533
v -0.6285208 0.3057547 1.8216490
v -0.6139914 0.3197865 1.8319450
v -0.6973662 0.4449072 1.8135326
v -0.7140134 0.4338731 1.8028023
v -1.1772100 0.6276301 -1.0879043
v -1.1690045 0.6239823 -1.0670867
v -1.1629141 0.6404115 -1.0551672
v -1.1660380 0.6581734 -1.0689050
v -1.1690045 0.6239823 -1.0670867
v -1.1994593 0.4897024 -1.0670372
v -1.1795551 0.4962241 -1.0583607
v -1.1491657 0.6169228 -1.0586847
v -1.2077045 0.4870014 -1.0879830
v -1.1994593 0.4897024 -1.0670372
v -1.1748573 0.6042864 -0.9834633
v -1.1833116 0.6062350 -1.0044090
v -1.2080424 0.4687650 -1.0044090
v -1.1998182 0.4715281 -0.9834633
v -0.5485869 0.3578184 1.8265938
v -0.5429069 0.3786422 1.8335307
v -0.6575954 0.4777954 1.8096513
v -0.6738964 0.4648699 1.8006395
v -0.6390838 0.4881502 1.8016457
v -0.7957536 0.7384855 1.7411337
v -0.8135845 0.7271735 1.7493860
v -0.6575954 0.4777954 1.8096513
v -0.6738964 0.4648699 1.8006395
v -0.8694675 0.6948969 1.7469656
v -0.6973662 0.4449072 1.8135326
v -0.6738964 0.4648699 1.8006395
v -0.7754406 0.7076231 1.6896223
v -0.8858057 0.9618717 1.4880455
v -0.7861373 0.7405560 1.7207071
v 0.4870295 0.2507063 1.7413899
v 0.4870295 0.2006121 1.7621397
v 0.4386337 0.2006121 1.7621397
v 0.4466874 0.2507063 1.7413898
v 0.4870295 0.1798621 1.8122337
v 0.4386337 0.1798621 1.8122337
v 0.4386337 0.2006121 1.7621397
v 0.4870295 0.2006121 1.7621397
v 0.4870295 0.1798621 1.8122337
v 0.4870295 0.2006121 1.8623280
v 0.4386337 0.2006121 1.8623280
v 0.4870295 0.2006121 1.8623280
v 0.4870295 0.2507063 1.8830772
v 0.4466874 0.2507063 1.8830772
v 0.4386337 0.2006121 1.8623280
v 0.4870295 0.3008006 1.8623280
v 0.4514986 0.3008006 1.8623280
v 0.4870295 0.2507063 1.8830772
v 0.4870295 0.3008006 1.8623280
v 0.4870295 0.3215498 1.8122337
v 0.4514986 0.3215498 1.8122337
v 0.4514986 0.3008006 1.8623280
v 0.4870295 0.3008006 1.7621397
v 0.4514986 0.3008006 1.7621397
v 0.4870295 0.3215498 1.8122337
v 0.4870295 0.3008006 1.7621397
v 0.4514986 0.3008006 1.7621397
v 0.4870295 0.2507063 1.7413899
v 0.4466874 0.2507063 1.7413898
v 0.5289787 0.2507063 1.7592046
v 0.5289787 0.2132088 1.7747356
v 0.4870295 0.2507063 1.7413899
v 0.5289787 0.1976770 1.8122337
v 0.4870295 0.1798621 1.8122337
v 0.4870295 0.2006121 1.7621397
v 0.5289787 0.2132088 1.7747356
v 0.5289787 0.2882038 1.8497307
v 0.5289787 0.2882038 1.7747356
v 0.5289787 0.3037357 1.8122337
v 0.5289787 0.2132088 1.8497307
v 0.4870295 0.2006121 1.8623280
v 0.5289787 0.2507063 1.8652632
v 0.4870295 0.2507063 1.8830772
v 0.4870295 0.2006121 1.8623280
v 0.5289787 0.2132088 1.8497307
v 0.4870295 0.2507063 1.8830772
v 0.4870295 0.3008006 1.7621397
v 0.5289787 0.2882038 1.7747356
v 0.5289787 0.2507063 1.7592046
v 0.4870295 0.2507063 1.7413899
v 0.4870295 0.3008006 1.7621397
v 0.4870295 0.3215498 1.8122337
v 0.5289787 0.3037357 1.8122337
v 0.4870295 0.3008006 1.8623280
v 0.4596463 0.3294976 1.7664751
v 0.4663986 0.3752563 1.7421547
v 0.4730568 0.3257035 1.7626802
v 0.4730568 0.3051778 1.8122337
v 0.4596463 0.3105437 1.8122337
v 0.4596463 0.3294976 1.7664751
v 0.4730568 0.3257035 1.7626802
v 0.4730568 0.3257035 1.8617867
v 0.4596463 0.3294976 1.8579924
v 0.4596463 0.3105437 1.8122337
v 0.4596463 0.3294976 1.8579924
v 0.4663986 0.3752563 1.8823125
v 0.5292560 0.4274817 1.8122337
v 0.4730568 0.4453356 1.8122337
v 0.4730568 0.4248100 1.8617867
v 0.5292560 0.4121854 1.8491621
v 0.5292560 0.4274817 1.8122337
v 0.5292560 0.4121854 1.7753050
v 0.4730568 0.4248100 1.7626802
v 0.5292560 0.4274817 1.8122337
v 0.5292560 0.3752563 1.7600084
v 0.4663986 0.3752563 1.7421547
v 0.4730568 0.4248100 1.7626802
v 0.5292560 0.4121854 1.7753050
v 0.5292560 0.4274817 1.8122337
v 0.5292560 0.3752563 1.7600084
v 0.5292560 0.3383273 1.7753050
v 0.4730568 0.3257035 1.7626802
v 0.4663986 0.3752563 1.7421547
v 0.5292560 0.3230310 1.8122337
v 0.4730568 0.3051778 1.8122337
v 0.4730568 0.3257035 1.7626802
v 0.5292560 0.3383273 1.7753050
v 0.5292560 0.3230310 1.8122337
v 0.5292560 0.3383273 1.8491621
v 0.5292560 0.3752563 1.8644594
v 0.4663986 0.3752563 1.8823125
v 0.4730568 0.4248100 1.8617867
v 0.5292560 0.3752563 1.8644594
v 0.5289787 0.2507063 1.7592046
v 0.5289787 0.2882038 1.7747356
v 0.5289787 0.2882038 1.8497307
v 0.5289787 0.2507063 1.8652632
v 0.5289787 0.2507063 1.7592046
v 0.5289787 0.2132088 1.7747356
v 0.5289787 0.2132088 1.8497307
v 0.5289787 0.1976770 1.8122337
v 0.5292560 0.3752563 1.7600084
v 0.5292560 0.4121854 1.8491621
v 0.5292560 0.3752563 1.8644594
v 0.5292560 0.3752563 1.7600084
v 0.5292560 0.3383273 1.7753050
v 0.5292560 0.3383273 1.8491621
v 0.5292560 0.3230310 1.8122337
v 1.1402503 0.7518576 -0.5772965
v 1.1281043 0.7199593 -0.5693292
v 1.1434405 0.6775432 -0.7205162
v 1.1555383 0.7095766 -0.7280013
v 1.1402503 0.7518576 -0.5772965
v 1.1434405 0.6775432 -0.7205162
v 1.0734448 0.7993594 -0.7617145
v 1.1073586 0.7934258 -0.7563591
v 1.0580885 0.8418271 -0.6103395
v 1.1281043 0.7199593 -0.5693292
v 1.1402503 0.7518576 -0.5772965
v 1.0920567 0.8357423 -0.6055247
v 1.0580885 0.8418271 -0.6103395
v 1.1062920 0.6569493 -0.7191284
v 1.1434405 0.6775432 -0.7205162
v 1.1281043 0.7199593 -0.5693292
v 1.0909099 0.6994949 -0.5674789
v 1.0422208 0.8333457 -0.6096971
v 1.0580885 0.8418271 -0.6103395
v 1.0734448 0.7993594 -0.7617145
v 1.0576211 0.7907541 -0.7615160
v 1.0422208 0.8333457 -0.6096971
v 1.0734448 0.7993594 -0.7617145
v 1.1402503 0.7518576 -0.5772965
v 1.1434405 0.6775432 -0.7205162
v 1.1062920 0.6569493 -0.7191284
v 1.0576211 0.7907541 -0.7615160
v 1.0734448 0.7993594 -0.7617145
v 1.0580885 0.8418271 -0.6103395
v 1.0422208 0.8333457 -0.6096971
v 1.0909099 0.6994949 -0.5674789
v 1.1281043 0.7199593 -0.5693292
v 1.0264775 0.9750690 0.3242963
v 1.0159736 0.9405198 0.3331818
v 1.0320078 0.8970335 0.1830490
v 1.0425117 0.9315834 0.1741634
v 1.0264775 0.9750690 0.3242963
v 0.9776129 0.9189833 0.3382829
v 1.0159736 0.9405198 0.3331818
v 0.9354191 1.0791560 0.2844224
v 0.8970591 1.0576202 0.2895235
v 0.9870641 1.0270100 0.1406008
v 0.9710293 1.0704956 0.2907344
v 1.0264775 0.9750690 0.3242963
v 0.9870641 1.0270100 0.1406008
v 1.0320078 0.8970335 0.1830490
v 0.9514532 1.0356699 0.1342896
v 0.9936477 0.8754971 0.1881500
v 1.0320078 0.8970335 0.1830490
v 1.0159736 0.9405198 0.3331818
v 0.9776129 0.9189833 0.3382829
v 0.9936477 0.8754971 0.1881500
v 0.9514532 1.0356699 0.1342896
v 0.9130932 1.0141340 0.1393907
v 0.8970591 1.0576202 0.2895235
v 0.9354191 1.0791560 0.2844224
v 0.9514532 1.0356699 0.1342896
v 0.9710293 1.0704956 0.2907344
v 0.9354191 1.0791560 0.2844224
v 0.9354191 1.0791560 0.2844224
v 1.0159736 0.9405198 0.3331818
v 1.0264775 0.9750690 0.3242963
v 0.9710293 1.0704956 0.2907344
v 0.9354191 1.0791560 0.2844224
v 1.0320078 0.8970335 0.1830490
v 0.9936477 0.8754971 0.1881500
v 0.9130932 1.0141340 0.1393907
v 0.9514532 1.0356699 0.1342896
v 1.0320078 0.8970335 0.1830490
v 1.1145428 0.4884205 -1.1889986
v 1.1540510 0.4805418 -1.1760229
v 1.1540510 0.4042579 -1.1760229
v 1.1145428 0.3963791 -1.1889986
v 1.1145428 0.4884205 -1.1889986
v 1.1540510 0.5079241 -1.1421907
v 1.1540509 0.5079241 -0.9531578
v 1.1540509 0.3768761 -0.9531578
v 1.1540510 0.3768761 -1.1421907
v 1.1145428 0.5223914 -0.9515952
v 1.1145428 0.5223914 -1.1437540
v 1.1540509 0.4042579 -0.9193256
v 1.1145428 0.3963791 -0.9063499
v 1.1145428 0.3624088 -0.9515952
v 1.1145428 0.5223914 -0.9515952
v 1.1145428 0.4884205 -0.9063499
v 1.1540509 0.4805418 -0.9193256
v 1.1145428 0.3624088 -0.9515952
v 1.1145428 0.3624088 -1.1437540
v 1.1540510 0.3768761 -1.1421907
v 1.1540509 0.3768761 -0.9531578
v 1.1145428 0.3963791 -0.9063499
v 1.1145428 0.4884205 -0.9063499
v 1.1145428 0.3624088 -1.1437540
v 1.1145428 0.3963791 -1.1889986
v 1.1540510 0.4042579 -1.1760229
v 1.1540510 0.3768761 -1.1421907
v 1.1540510 0.4805418 -1.1760229
v 1.1145428 0.4884205 -1.1889986
v 1.1145428 0.5223914 -1.1437540
v 1.1540510 0.5079241 -1.1421907
v 1.1540510 0.4805418 -1.1760229
v 1.1540510 0.4042579 -1.1760229
v 1.1540509 0.4805418 -0.9193256
v 1.1540509 0.4042579 -0.9193256
v 1.1540509 0.5079241 -0.9531578
v 0.9634261 0.8670065 1.6179642
v 0.8188105 0.8992644 1.5902092
v 0.8415586 0.9119377 1.6140065
v 0.9411010 0.8897337 1.6331114
v 0.7996377 0.7983138 1.7117683
v 0.8991803 0.7761098 1.7308727
v 0.9411010 0.8897337 1.6331114
v 0.8188105 0.8992644 1.5902092
v 0.7768903 0.7856404 1.6879710
v 0.8415586 0.9119377 1.6140065
v 0.8188105 0.8992644 1.5902092
v 0.7770897 0.7463517 1.6450414
v 0.8190098 0.8599757 1.5472795
v 0.9215054 0.7533826 1.7157260
v 0.7768903 0.7856404 1.6879710
v 0.7770897 0.7463517 1.6450414
v 0.9217046 0.7140939 1.6727965
v 0.9215054 0.7533826 1.7157260
v 0.9215054 0.7533826 1.7157260
v 0.9217046 0.7140939 1.6727965
v 0.9636255 0.8277179 1.5750345
v 0.9634261 0.8670065 1.6179642
v 0.9411010 0.8897337 1.6331114
v 0.8991803 0.7761098 1.7308727
v 0.9636255 0.8277179 1.5750345
v 0.8190098 0.8599757 1.5472795
v 0.8188105 0.8992644 1.5902092
v 0.9215054 0.7533826 1.7157260
v 0.7996377 0.7983138 1.7117683
v 0.7768903 0.7856404 1.6879710
v 0.9215054 0.7533826 1.7157260
v 0.8694647 0.6948969 1.7469659
v 0.9855633 0.9393996 1.5407411
v 0.9199929 0.9647887 1.5434331
v 0.8135818 0.7271735 1.7493863
v 0.7181843 0.4281826 1.7812575
v 0.6323079 0.2995298 1.8001799
v 0.6231381 0.3047584 1.7801161
v 0.7074402 0.4311693 1.7615175
v 0.7181843 0.4281826 1.7812575
v 0.8661141 1.1705573 0.8039626
v 1.1107180 0.7335522 -0.9442097
v 1.0848746 0.7338477 -0.9464829
v 0.8402560 1.1487720 0.8067961
v 0.8661141 1.1705573 0.8039626
v 0.5266616 0.2184528 1.8057674
v 0.5235829 0.2277360 1.7853139
v 0.6231381 0.3047584 1.7801161
v 0.5257253 0.2260271 1.8271156
v 0.6285179 0.3057547 1.8216490
v 0.6139886 0.3197865 1.8319450
v 0.5240260 0.2495868 1.8368532
v 0.6738934 0.4648699 1.8006395
v 0.5880616 0.3386339 1.8049736
v 0.5972306 0.3334053 1.8250374
v 0.7074402 0.4311693 1.7615175
v 0.8525304 0.6747209 1.7143919
v 0.8684810 0.6806142 1.7293867
v 0.7074402 0.4311693 1.7615175
v 0.9251533 1.0528807 1.4315849
v 0.8983756 0.9696794 1.5387389
v 0.9199929 0.9647887 1.5434331
v 0.9477878 1.0516761 1.4310770
v 0.6285179 0.3057547 1.8216490
v 0.7181843 0.4281826 1.7812575
v 0.7140105 0.4338731 1.8028023
v 0.6285179 0.3057547 1.8216490
v 1.1795551 0.4962241 -1.0583596
v 1.1064244 0.4928716 -1.0583596
v 1.1415532 0.4386684 -1.0583596
v 0.5329791 0.3931980 1.7817094
v 0.5318693 0.4036594 1.8017924
v 0.6292020 0.4898682 1.7813115
v 0.6337437 0.4819435 1.7605611
v 1.1295583 0.4103615 -1.0044078
v 1.1291383 0.4190275 -1.0253536
v 1.1998180 0.4715281 -1.0253535
v 1.2080424 0.4687650 -1.0044078
v 1.1295583 0.4103615 -1.0044078
v 0.8884629 1.1717528 0.8758769
v 0.8885612 1.1704005 0.8071437
v 0.8661141 1.1705573 0.8039626
v 0.8659064 1.1722495 0.8781070
v 1.1998180 0.4715281 -1.0253535
v 1.1799619 0.4781967 -1.0340301
v 1.1544466 0.5995817 -1.0340301
v 1.1748573 0.6042864 -1.0253535
v 0.9082256 1.0392306 1.4251741
v 0.8858032 0.9618717 1.4880458
v 0.6390810 0.4881502 1.8016457
v 0.5359804 0.3976296 1.8232582
v 0.5429040 0.3786422 1.8335307
v 0.6575925 0.4777954 1.8096513
v 0.6390810 0.4881502 1.8016457
v 1.1457710 0.6321377 -1.0515028
v 1.1150912 0.6321377 -1.0515028
v 1.1122855 0.5921523 -1.0585658
v 1.1491658 0.6169228 -1.0586835
v 1.1457710 0.6321377 -1.0515028
v 0.6390810 0.4881502 1.8016457
v 0.7957509 0.7384855 1.7411340
v 0.7861346 0.7405560 1.7207074
v 0.6292020 0.4898682 1.7813115
v 0.8983756 0.9696794 1.5387389
v 0.8135818 0.7271735 1.7493863
v 0.9199929 0.9647887 1.5434331
v 0.6285179 0.3057547 1.8216490
v 0.5257253 0.2260271 1.8271156
v 0.6738934 0.4648699 1.8006395
v 0.5485841 0.3578184 1.8265938
v 0.5496939 0.3473577 1.8065105
v 0.6784351 0.4569451 1.7798897
v 0.9036681 1.1549655 0.8140379
v 0.8884629 1.1717528 0.8758769
v 0.9408165 1.1066443 0.8799678
v 0.9386185 1.1079951 0.8257535
v 0.9036681 1.1549655 0.8140379
v 0.9855633 0.9393996 1.5407411
v 0.9974155 1.0068335 1.3965176
v 0.9477878 1.0516761 1.4310770
v 0.9199929 0.9647887 1.5434331
v 1.1994594 0.4897024 -1.1089275
v 1.1689760 0.6257289 -1.1089408
v 1.1772101 0.6276301 -1.0879031
v 1.2077046 0.4870014 -1.0879818
v 1.1994594 0.4897024 -1.1089275
v 0.7140105 0.4338731 1.8028023
v 0.6973633 0.4449072 1.8135326
v 0.8684810 0.6806142 1.7293867
v 0.9830246 0.9220869 1.5263254
v 0.9974155 1.0068335 1.3965176
v 0.9408165 1.1066443 0.8799678
v 0.8884629 1.1717528 0.8758769
v 0.9477878 1.0516761 1.4310770
v 0.5235829 0.2277360 1.7853139
v 0.5165924 0.2719976 1.7874736
v 0.5918515 0.3324091 1.7835048
v 0.6231381 0.3047584 1.7801161
v 1.1508692 0.4199081 -1.1089275
v 1.1994594 0.4897024 -1.1089275
v 1.2077046 0.4870014 -1.0879818
v 1.1547275 0.4121373 -1.0879818
v 1.1508692 0.4199081 -1.1089275
v 1.1759866 0.6407738 -0.9926109
v 1.1641744 0.6596141 -1.0068240
v 1.1365509 0.7174261 -0.9336800
v 1.1596292 0.6718660 -0.9244183
v 0.5211459 0.4054102 1.8046965
v 0.5318693 0.4036594 1.8017924
v 0.5211459 0.3948053 1.7846925
v 1.1107180 0.7335522 -0.9442097
v 0.8661141 1.1705573 0.8039626
v 0.8885612 1.1704005 0.8071437
v 1.1217409 0.7330952 -0.9406921
v 0.5211459 0.3787210 1.8368245
v 0.5359804 0.3976296 1.8232582
v 0.5211459 0.3987478 1.8262901
v 0.5918515 0.3324091 1.7835048
v 0.6784351 0.4569451 1.7798897
v 0.7074402 0.4311693 1.7615175
v 1.1473759 0.4399489 -1.0340301
v 1.1129014 0.4828575 -1.0253536
v 1.1799619 0.4781967 -1.0340301
v 1.1544466 0.5995817 -1.0340301
v 1.1122855 0.5948770 -1.0253536
v 1.1122855 0.6431725 -1.0199759
v 1.1374713 0.6431725 -1.0199759
v 1.1544466 0.5995817 -1.0340301
v 1.1291383 0.4190275 -1.0253536
v 1.1799619 0.4781967 -1.0340301
v 0.8659064 1.1722495 0.8781070
v 0.9251533 1.0528807 1.4315849
v 0.9477878 1.0516761 1.4310770
v 0.8884629 1.1717528 0.8758769
v 1.1457710 0.6321377 -1.0515028
v 1.1629141 0.6404115 -1.0551660
v 1.1641744 0.6596141 -1.0068240
v 1.1374713 0.6431725 -1.0199759
v 1.1126965 0.6116908 -0.9662080
v 1.1137067 0.5994995 -0.9742526
v 1.1748573 0.6042864 -0.9834621
v 1.1710249 0.6232557 -0.9791008
v 0.5240260 0.2495868 1.8368532
v 0.6139886 0.3197865 1.8319450
v 0.5972306 0.3334053 1.8250374
v 0.5187354 0.2702894 1.8292760
v 1.1562113 0.6503322 -0.9182018
v 1.1710249 0.6232557 -0.9791008
v 1.1759866 0.6407738 -0.9926109
v 1.1596292 0.6718660 -0.9244183
v 1.1217409 0.7330952 -0.9406921
v 0.8885612 1.1704005 0.8071437
v 0.9036681 1.1549655 0.8140379
v 1.1365509 0.7174261 -0.9336800
v 1.1596292 0.6718660 -0.9244183
v 0.9386185 1.1079951 0.8257535
v 0.9353706 1.0855585 0.8255521
v 1.1562113 0.6503322 -0.9182018
v 0.8435785 1.1460849 0.8768697
v 0.9082256 1.0392306 1.4251741
v 0.9251533 1.0528807 1.4315849
v 0.8659064 1.1722495 0.8781070
v 0.9526343 0.9422539 1.3866776
v 0.8989584 1.0535327 0.8764169
v 0.9375630 1.0844278 0.8768314
v 0.9938980 0.9852844 1.3904124
v 1.1365509 0.7174261 -0.9336800
v 0.9036681 1.1549655 0.8140379
v 0.9386185 1.1079951 0.8257535
v 1.1596292 0.6718660 -0.9244183
v 0.5359804 0.3976296 1.8232582
v 0.5211459 0.4054102 1.8046965
v 1.1660381 0.6581734 -1.0689039
v 1.1365509 0.7174261 -0.9336800
v 1.1641744 0.6596141 -1.0068240
v 1.1629141 0.6404115 -1.0551660
v 1.1660381 0.6581734 -1.0689039
v 1.1291383 0.4190275 -0.9834621
v 1.1295583 0.4103615 -1.0044078
v 1.2080424 0.4687650 -1.0044078
v 1.1998180 0.4715281 -0.9834621
v 1.1291383 0.4190275 -0.9834621
v 1.1748573 0.6042864 -1.0253535
v 1.1641744 0.6596141 -1.0068240
v 1.1759866 0.6407738 -0.9926109
v 1.1833115 0.6062350 -1.0044078
v 0.8525304 0.6747209 1.7143919
v 0.9658744 0.9139058 1.5139586
v 0.9830246 0.9220869 1.5263254
v 0.8684810 0.6806142 1.7293867
v 0.8661141 1.1705573 0.8039626
v 0.8402560 1.1487720 0.8067961
v 0.8435785 1.1460849 0.8768697
v 0.8659064 1.1722495 0.8781070
v 0.6784351 0.4569451 1.7798897
v 0.8062520 0.6767971 1.7248596
v 0.8525304 0.6747209 1.7143919
v 0.7074402 0.4311693 1.7615175
v 0.9830246 0.9220869 1.5263254
v 0.9658744 0.9139058 1.5139586
v 0.9526343 0.9422539 1.3866776
v 0.9938980 0.9852844 1.3904124
v 0.9830246 0.9220869 1.5263254
v 1.1833115 0.6062350 -1.0044078
v 1.1759866 0.6407738 -0.9926109
v 1.1710249 0.6232557 -0.9791008
v 1.1748573 0.6042864 -0.9834621
v 0.9938980 0.9852844 1.3904124
v 0.9375630 1.0844278 0.8768314
v 0.9408165 1.1066443 0.8799678
v 0.9974155 1.0068335 1.3965176
v 0.6390810 0.4881502 1.8016457
v 0.6292020 0.4898682 1.7813115
v 0.5918515 0.3324091 1.7835048
v 0.5880616 0.3386339 1.8049736
v 0.6738934 0.4648699 1.8006395
v 0.6784351 0.4569451 1.7798897
v 1.1528582 0.6700114 -1.0830521
v 1.1689760 0.6257289 -1.1089408
v 1.1491261 0.6193933 -1.1178757
v 1.1310947 0.6689908 -1.0893216
v 1.1528582 0.6700114 -1.0830521
v 0.8858032 0.9618717 1.4880458
v 0.7861346 0.7405560 1.7207074
v 0.8983756 0.9696794 1.5387389
v 1.1795551 0.4962241 -1.1176033
v 1.1415532 0.4386684 -1.1176033
v 1.1060844 0.5002899 -1.1176034
v 1.1690046 0.6239823 -1.0670856
v 1.1629141 0.6404115 -1.0551660
v 1.1457710 0.6321377 -1.0515028
v 1.1491658 0.6169228 -1.0586835
v 1.1120389 0.6689908 -1.0893216
v 1.1310947 0.6689908 -1.0893216
v 1.1491261 0.6193933 -1.1178757
v 1.1120389 0.6193933 -1.1178757
v 1.1120389 0.6689908 -1.0893216
v 0.8885612 1.1704005 0.8071437
v 0.8884629 1.1717528 0.8758769
v 0.9036681 1.1549655 0.8140379
v 1.1120389 0.6689908 -1.0893216
v 1.0848746 0.7338477 -0.9464829
v 1.1107180 0.7335522 -0.9442097
v 1.1310947 0.6689908 -1.0893216
v 1.1120389 0.6689908 -1.0893216
v 1.1060844 0.5002899 -1.1176034
v 1.1120389 0.6193933 -1.1178757
v 1.1491261 0.6193933 -1.1178757
v 1.1795551 0.4962241 -1.1176033
v 0.9855633 0.9393996 1.5407411
v 0.9830246 0.9220869 1.5263254
v 0.9938980 0.9852844 1.3904124
v 0.9974155 1.0068335 1.3965176
v 0.6337437 0.4819435 1.7605611
v 0.7754379 0.7076231 1.6896227
v 0.8062520 0.6767971 1.7248596
v 0.6784351 0.4569451 1.7798897
v 0.5211459 0.3464569 1.8101256
v 0.5496939 0.3473577 1.8065105
v 0.5485841 0.3578184 1.8265938
v 0.5211459 0.3570618 1.8301289
v 1.1689760 0.6257289 -1.1089408
v 1.1528582 0.6700114 -1.0830521
v 1.1660381 0.6581734 -1.0689039
v 1.1772101 0.6276301 -1.0879031
v 0.7140105 0.4338731 1.8028023
v 0.7181843 0.4281826 1.7812575
v 0.8684810 0.6806142 1.7293867
v 1.1122855 0.5921523 -1.0585658
v 1.1064244 0.4928716 -1.0583596
v 1.1795551 0.4962241 -1.0583596
v 1.1491658 0.6169228 -1.0586835
v 1.1544466 0.5995817 -1.0340301
v 1.1799619 0.4781967 -1.0340301
v 1.1129014 0.4828575 -1.0253536
v 1.1122855 0.5948770 -1.0253536
v 1.1544466 0.5995817 -1.0340301
v 1.1126965 0.6116908 -0.9662080
v 1.1710249 0.6232557 -0.9791008
v 1.1562113 0.6503322 -0.9182018
v 1.1117831 0.6274699 -0.9102715
v 1.1105508 0.4828575 -0.9745237
v 1.1291383 0.4190275 -0.9834621
v 1.1998180 0.4715281 -0.9834621
v 1.1415532 0.4386684 -1.0583596
v 1.1508692 0.4199081 -1.0670361
v 1.1994594 0.4897024 -1.0670361
v 0.7861346 0.7405560 1.7207074
v 0.7754379 0.7076231 1.6896227
v 1.1641744 0.6596141 -1.0068240
v 1.1748573 0.6042864 -1.0253535
v 1.1544466 0.5995817 -1.0340301
v 1.1374713 0.6431725 -1.0199759
v 1.1641744 0.6596141 -1.0068240
v 0.5165924 0.2719976 1.7874736
v 0.5156561 0.2795720 1.8088222
v 0.5880616 0.3386339 1.8049736
v 0.5918515 0.3324091 1.7835048
v 1.1457710 0.6321377 -1.0515028
v 1.1374713 0.6431725 -1.0199759
v 1.1122855 0.6431725 -1.0199759
v 1.1150912 0.6321377 -1.0515028
v 1.1457710 0.6321377 -1.0515028
v 1.1998180 0.4715281 -0.9834621
v 1.1748573 0.6042864 -0.9834621
v 1.1137067 0.5994995 -0.9742526
v 0.5211459 0.3464569 1.8101256
v 0.5211459 0.3948053 1.7846925
v 0.5329791 0.3931980 1.7817094
v 0.5496939 0.3473577 1.8065105
v 1.1994594 0.4897024 -1.1089275
v 1.1508692 0.4199081 -1.1089275
v 1.1415532 0.4386684 -1.1176033
v 1.1795551 0.4962241 -1.1176033
v 1.1547275 0.4121373 -1.0879818
v 1.2077046 0.4870014 -1.0879818
v 1.1994594 0.4897024 -1.0670361
v 1.1508692 0.4199081 -1.0670361
v 0.9386185 1.1079951 0.8257535
v 0.9408165 1.1066443 0.8799678
v 0.9375630 1.0844278 0.8768314
v 0.9353706 1.0855585 0.8255521
v 1.1562113 0.6503322 -0.9182018
v 0.9353706 1.0855585 0.8255521
v 0.8973853 1.0570642 0.8292863
v 1.1117831 0.6274699 -0.9102715
v 0.5156561 0.2795720 1.8088222
v 0.5211459 0.3570618 1.8301289
v 0.6139886 0.3197865 1.8319450
v 0.6973633 0.4449072 1.8135326
v 0.5972306 0.3334053 1.8250374
v 1.1994594 0.4897024 -1.1089275
v 1.1491261 0.6193933 -1.1178757
v 1.1689760 0.6257289 -1.1089408
v 1.1217409 0.7330952 -0.9406921
v 1.1528582 0.6700114 -1.0830521
v 1.1310947 0.6689908 -1.0893216
v 1.1107180 0.7335522 -0.9442097
v 1.1217409 0.7330952 -0.9406921
v 0.9353706 1.0855585 0.8255521
v 0.8989584 1.0535327 0.8764169
v 0.8973853 1.0570642 0.8292863
v 1.1748573 0.6042864 -1.0253535
v 1.1833115 0.6062350 -1.0044078
v 1.2080424 0.4687650 -1.0044078
v 1.1528582 0.6700114 -1.0830521
v 1.1217409 0.7330952 -0.9406921
v 1.1365509 0.7174261 -0.9336800
v 1.1660381 0.6581734 -1.0689039
v 0.6285179 0.3057547 1.8216490
v 0.7140105 0.4338731 1.8028023
v 1.1772101 0.6276301 -1.0879031
v 1.1660381 0.6581734 -1.0689039
v 1.1629141 0.6404115 -1.0551660
v 1.1690046 0.6239823 -1.0670856
v 1.1491658 0.6169228 -1.0586835
v 1.1795551 0.4962241 -1.0583596
v 1.1994594 0.4897024 -1.0670361
v 1.2077046 0.4870014 -1.0879818
v 1.1748573 0.6042864 -0.9834621
v 1.1998180 0.4715281 -0.9834621
v 1.2080424 0.4687650 -1.0044078
v 0.6575925 0.4777954 1.8096513
v 0.6390810 0.4881502 1.8016457
v 0.6575925 0.4777954 1.8096513
v 0.8135818 0.7271735 1.7493863
v 0.6738934 0.4648699 1.8006395
v 0.6973633 0.4449072 1.8135326
v 0.7754379 0.7076231 1.6896227
vt 0.3450272 0.3319000
vt 0.6044775 0.3650900
vt 0.6041548 0.3692122
vt 0.3438135 0.3335736
vt 0.3450272 0.3319000
vt 0.3310763 0.2655382
vt 0.3450272 0.2559510
vt 0.3450272 0.3319000
vt 0.3310763 0.3223127
vt 0.3290460 0.3227717
vt 0.3290460 0.2650793
vt 0.6044775 0.2227610
vt 0.6069028 0.2194085
vt 0.6225695 0.2333875
vt 0.6200314 0.2365996
vt 0.3310763 0.3223127
vt 0.3433971 0.3331853
vt 0.3294444 0.3236048
vt 0.3310763 0.2655382
vt 0.3294444 0.2642461
vt 0.3433972 0.2546657
vt 0.3450272 0.2559510
vt 0.6044775 0.3650900
vt 0.6200314 0.3512516
vt 0.6225696 0.3544638
vt 0.6069027 0.3684427
vt 0.6200314 0.2365996
vt 0.6240977 0.2361152
vt 0.6240977 0.3517361
vt 0.6200314 0.3512516
vt 0.3450272 0.2559510
vt 0.3438135 0.2542773
vt 0.6041549 0.2186389
vt 0.6044775 0.2227610
vt 0.6044775 0.3650900
vt 0.6200314 0.2365996
vt 0.6200314 0.3512516
vt 0.6044775 0.2227610
vt 0.6200314 0.2365996
vt 0.2624052 0.5570620
vt 0.2260402 0.5570620
vt 0.2624052 0.5008652
vt 0.2651301 0.4947194
vt 0.2161063 0.4886461
vt 0.2161063 0.4845463
vt 0.2220940 0.5507633
vt 0.2220944 0.5071647
vt 0.2260402 0.5008652
vt 0.2102922 0.5008652
vt 0.2102922 0.5071647
vt 0.2061931 0.5071647
vt 0.2061931 0.5008652
vt 0.2260402 0.5008652
vt 0.2102922 0.5071647
vt 0.2624052 0.5008652
vt 0.1903527 0.5060708
vt 0.2029029 0.5060708
vt 0.2029029 0.5496694
vt 0.1903527 0.5496694
vt 0.1998490 0.4946710
vt 0.2691282 0.5008652
vt 0.2691282 0.5570620
vt 0.2624052 0.5570620
vt 0.2624052 0.5008652
vt 0.2691282 0.5008652
vt 0.1965283 0.4922669
vt 0.2260402 0.5008652
vt 0.2161063 0.4886461
vt 0.2651301 0.4947194
vt 0.2651301 0.5632080
vt 0.2161063 0.5692810
vt 0.2624052 0.5570620
vt 0.2161063 0.5733809
vt 0.2161063 0.5692810
vt 0.2260402 0.5570620
vt 0.2102922 0.5570620
vt 0.2061931 0.5570620
vt 0.2061931 0.5507633
vt 0.2102922 0.5507633
vt 0.2220940 0.5507633
vt 0.2260402 0.5570620
vt 0.2102922 0.5570620
vt 0.1998490 0.5610694
vt 0.1965283 0.5634734
vt 0.2029029 0.5496694
vt 0.6887727 0.3585739
vt 0.6407712 0.3417677
vt 0.6914791 0.3508440
vt 0.7191756 0.3605282
vt 0.7180683 0.3636944
vt 0.6629883 0.2926288
vt 0.6777253 0.2508011
vt 0.7031574 0.2597502
vt 0.7076896 0.3083172
vt 0.6629883 0.2926288
vt 0.7861460 0.3551860
vt 0.7723581 0.3544550
vt 0.7862413 0.3493894
vt 0.7860959 0.3404502
vt 0.7910842 0.3249648
vt 0.8124640 0.3393905
vt 0.7961860 0.3494104
vt 0.7860959 0.3404502
vt 0.8009740 0.3436430
vt 0.6914791 0.3508440
vt 0.6407712 0.3417677
vt 0.6319658 0.3300101
vt 0.6292633 0.3377415
vt 0.6914791 0.3508440
vt 0.7246834 0.3557386
vt 0.7191756 0.3605282
vt 0.6914791 0.3508440
vt 0.6319658 0.3300101
vt 0.6629883 0.2926288
vt 0.7452032 0.3383079
vt 0.7910842 0.3249648
vt 0.7528018 0.3211545
vt 0.8714352 0.2000425
vt 0.8711571 0.2269904
vt 0.7541986 0.2267648
vt 0.7540248 0.1998160
vt 0.8714352 0.2000425
vt 0.7685036 0.3629792
vt 0.7723581 0.3544550
vt 0.7748482 0.3552977
vt 0.7716774 0.3638933
vt 0.7685036 0.3629792
vt 0.7862413 0.3493894
vt 0.7452032 0.3383079
vt 0.6292633 0.3377415
vt 0.6407712 0.3417677
vt 0.6319672 0.3443090
vt 0.7861460 0.3551860
vt 0.7947426 0.3552127
vt 0.7947226 0.3579183
vt 0.7872669 0.3577366
vt 0.7761553 0.3647732
vt 0.7786410 0.3656263
vt 0.7343784 0.3633057
vt 0.7685036 0.3629792
vt 0.7700225 0.3659227
vt 0.7362768 0.3656990
vt 0.7343784 0.3633057
vt 0.7246834 0.3557386
vt 0.7266983 0.3580422
vt 0.7212381 0.3631729
vt 0.7191756 0.3605282
vt 0.8659552 0.3058376
vt 0.8338924 0.3250466
vt 0.7910842 0.3249648
vt 0.7590959 0.3056320
vt 0.8659552 0.3058376
vt 0.7862413 0.3493894
vt 0.7961860 0.3494104
vt 0.7528018 0.3211545
vt 0.7452032 0.3383079
vt 0.7076896 0.3083172
vt 0.7031574 0.2597502
vt 0.7452032 0.3383079
vt 0.7723581 0.3544550
vt 0.7343784 0.3633057
vt 0.8009740 0.3436430
vt 0.7541986 0.2267648
vt 0.8659552 0.3058376
vt 0.7685036 0.3629792
vt 0.7723581 0.3544550
vt 0.9332199 0.3518640
vt 0.9840324 0.3433969
vt 0.9358330 0.3596263
vt 0.9054089 0.3612145
vt 0.9064779 0.3643941
vt 0.9623994 0.2939894
vt 0.9175161 0.3091460
vt 0.9226146 0.2606360
vt 0.9481537 0.2519883
vt 0.9623994 0.2939894
vt 0.8385630 0.3495907
vt 0.8524567 0.3547505
vt 0.8386444 0.3553640
vt 0.8904465 0.3636338
vt 0.8563160 0.3632769
vt 0.8285945 0.3495148
vt 0.8239090 0.3436445
vt 0.8388116 0.3406433
vt 0.9929775 0.3317437
vt 0.9840324 0.3433969
vt 0.9332199 0.3518640
vt 0.9955877 0.3395095
vt 0.9054089 0.3612145
vt 0.8999599 0.3563581
vt 0.9175161 0.3091460
vt 0.9623994 0.2939894
vt 0.8796626 0.3386766
vt 0.8338924 0.3250466
vt 0.8722218 0.3214651
vt 0.8338924 0.3250466
vt 0.8239090 0.3436445
vt 0.8563160 0.3632769
vt 0.8531418 0.3641905
vt 0.8499676 0.3555960
vt 0.8524567 0.3547505
vt 0.9928048 0.3460445
vt 0.9840324 0.3433969
vt 0.9955877 0.3395095
vt 0.8375189 0.3579124
vt 0.8300629 0.3580796
vt 0.8300485 0.3553740
vt 0.8486183 0.3649685
vt 0.8461311 0.3658173
vt 0.8904465 0.3636338
vt 0.8889457 0.3656222
vt 0.8547973 0.3662188
vt 0.9054089 0.3612145
vt 0.9033142 0.3638340
vt 0.8983431 0.3582575
vt 0.8796626 0.3386766
vt 0.8285945 0.3495148
vt 0.8722218 0.3214651
vt 0.9226146 0.2606360
vt 0.9175161 0.3091460
vt 0.8338924 0.3250466
vt 0.7910842 0.3249648
vt 0.5513149 0.4681188
vt 0.6271179 0.4110138
vt 0.6372232 0.4887217
vt 0.5708209 0.4846451
vt 0.5513149 0.4681188
vt 0.7425094 0.4687600
vt 0.7425101 0.4749438
vt 0.6780530 0.4749430
vt 0.6780159 0.4687600
vt 0.8080201 0.3701457
vt 0.7821891 0.3908472
vt 0.6271179 0.4110138
vt 0.6249003 0.3939601
vt 0.6899452 0.4972304
vt 0.6734596 0.4790836
vt 0.6945222 0.4930722
vt 0.9837535 0.4680815
vt 0.9066043 0.5131374
vt 0.8350312 0.4682667
vt 0.7569363 0.5731013
vt 0.7569363 0.7794610
vt 0.7097796 0.7410491
vt 0.7097796 0.6115133
vt 0.8350312 0.4682667
vt 0.8522570 0.4967397
vt 0.8502993 0.4995953
vt 0.8330987 0.4709037
vt 0.6372232 0.4887217
vt 0.6583208 0.5126762
vt 0.4082665 0.5270201
vt 0.7164229 0.5205708
vt 0.7682325 0.4959175
vt 0.8577252 0.8303779
vt 0.7569363 0.7794610
vt 0.8577252 0.5221843
vt 0.8577252 0.8303779
vt 0.4418785 0.6408923
vt 0.4418785 0.7116700
vt 0.2945799 0.7130268
vt 0.2945799 0.6395355
vt 0.4418785 0.6408923
vt 0.8350639 0.3930131
vt 0.9113277 0.4062425
vt 0.9113755 0.4394671
vt 0.4082665 0.5270201
vt 0.5041307 0.4933183
vt 0.5708209 0.4846451
vt 0.6372232 0.4887217
vt 0.4082665 0.5270201
vt 0.7562507 0.4930722
vt 0.7562500 0.4992561
vt 0.6945216 0.4992561
vt 0.2585583 0.5864199
vt 0.2768346 0.6252570
vt 0.2662038 0.6299896
vt 0.2481090 0.5916022
vt 0.2768346 0.6252570
vt 0.4418785 0.6408923
vt 0.2945799 0.6395355
vt 0.8522570 0.4967397
vt 0.9066043 0.5131374
vt 0.9061767 0.5162565
vt 0.8517591 0.5001704
vt 0.8522570 0.4967397
vt 0.2768346 0.6252570
vt 0.2695477 0.6427501
vt 0.4874838 0.4764196
vt 0.3874750 0.4245767
vt 0.6249003 0.3939601
vt 0.5513149 0.4681188
vt 0.8577252 0.5221843
vt 0.9530757 0.5218114
vt 0.9530757 0.8307508
vt 0.8577252 0.8303779
vt 0.8577252 0.5221843
vt 0.5041307 0.4933183
vt 0.4082665 0.5270201
vt 0.2001090 0.9945171
vt 0.2001090 0.8403857
vt 0.2922380 0.8403857
vt 0.2922380 0.9945171
vt 0.4082665 0.5270201
vt 0.7569363 0.5731013
vt 0.2768346 0.6252570
vt 0.7611787 0.4893371
vt 0.7562507 0.4930722
vt 0.7425101 0.4749438
vt 0.7474387 0.4712086
vt 0.7611787 0.4893371
vt 0.7569363 0.5731013
vt 0.4082665 0.5270201
vt 0.6583208 0.5126762
vt 0.9849332 0.3893396
vt 0.9834346 0.3928806
vt 0.8350639 0.3930131
vt 0.8349697 0.3893396
vt 0.9849332 0.3893396
vt 0.7569363 0.5731013
vt 0.7097796 0.6115133
vt 0.2768346 0.6252570
vt 0.9837535 0.4680815
vt 0.9834346 0.3928806
vt 0.9870748 0.3928680
vt 0.9873719 0.4678900
vt 0.9837535 0.4680815
vt 0.0207677 0.9007363
vt 0.0806759 0.8399944
vt 0.0806759 0.9949087
vt 0.0207677 0.9341671
vt 0.3349987 0.4493925
vt 0.4082665 0.5270201
vt 0.2585583 0.5864199
vt 0.0806759 0.8399944
vt 0.2001090 0.8403857
vt 0.4418785 0.6408923
vt 0.7097796 0.6115133
vt 0.9066043 0.5131374
vt 0.9589114 0.4938717
vt 0.9595008 0.4971899
vt 0.9071392 0.5162396
vt 0.8196881 0.8877798
vt 0.8080201 0.9824166
vt 0.7821891 0.9617150
vt 0.7922767 0.8841376
vt 0.7682325 0.4959175
vt 0.7922767 0.4684246
vt 0.7569363 0.5731013
vt 0.8350639 0.3930131
vt 0.8350312 0.4682667
vt 0.8315379 0.4681756
vt 0.8316854 0.3930275
vt 0.8350639 0.3930131
vt 0.8398927 0.9411902
vt 0.9170418 0.9862455
vt 0.8647351 0.9669805
vt 0.9589114 0.4938717
vt 0.9837535 0.4680815
vt 0.9862404 0.4703700
vt 0.9603403 0.4968992
vt 0.2615027 0.7140617
vt 0.2072318 0.7109526
vt 0.2072318 0.6466914
vt 0.2615027 0.6435829
vt 0.2615027 0.7140617
vt 0.6249003 0.3939601
vt 0.6271179 0.4110138
vt 0.5513149 0.4681188
vt 0.9886145 0.9413748
vt 0.9713892 0.9698479
vt 0.2072318 0.6466914
vt 0.2153372 0.6230133
vt 0.2558885 0.6197898
vt 0.4082665 0.5270201
vt 0.4874838 0.4764196
vt 0.6583208 0.5126762
vt 0.7164229 0.5205708
vt 0.7569363 0.5731013
vt 0.7425101 0.4749438
vt 0.7562507 0.4930722
vt 0.6945222 0.4930722
vt 0.6780530 0.4749430
vt 0.7425101 0.4749438
vt 0.8196881 0.4647824
vt 0.7821891 0.3908472
vt 0.8080201 0.3701457
vt 0.0087937 0.9399847
vt 0.0207677 0.9341671
vt 0.9886145 0.9413748
vt 0.8398927 0.9411902
vt 0.8520705 0.9124900
vt 0.9122707 0.9125759
vt 0.9886145 0.9413748
vt 0.8522570 0.4967397
vt 0.8350312 0.4682667
vt 0.9066043 0.5131374
vt 0.9589114 0.4938717
vt 0.9837535 0.4680815
vt 0.7569363 0.5731013
vt 0.8350312 0.4682667
vt 0.9113755 0.4394671
vt 0.9715751 0.4393805
vt 0.9834346 0.3928806
vt 0.9714783 0.4061609
vt 0.9113277 0.4062425
vt 0.8350639 0.3930131
vt 0.9834346 0.3928806
vt 0.6650560 0.6391459
vt 0.6651075 0.6679366
vt 0.6099395 0.6392469
vt 0.6687409 0.6369320
vt 0.6689197 0.6701511
vt 0.6674821 0.6716133
vt 0.6073050 0.6715775
vt 0.6098648 0.6679554
vt 0.6651075 0.6679366
vt 0.6059087 0.6702107
vt 0.6061824 0.6369910
vt 0.6098648 0.6679554
vt 0.6073131 0.6356864
vt 0.6674902 0.6354747
vt 0.6897038 0.8576177
vt 0.7541615 0.8576177
vt 0.7376917 0.8757461
vt 0.6759639 0.8757461
vt 0.0087937 0.9341671
vt 0.0207677 0.9341671
vt 0.0087937 0.9399847
vt 0.7569363 0.7794610
vt 0.7164229 0.8319915
vt 0.6583208 0.8398855
vt 0.5513149 0.8844435
vt 0.5708209 0.8679172
vt 0.6372232 0.8638405
vt 0.6271179 0.9415484
vt 0.6897045 0.8514338
vt 0.7541980 0.8514338
vt 0.7541615 0.8576177
vt 0.6897038 0.8576177
vt 0.8080201 0.9824166
vt 0.6249003 0.9586021
vt 0.6271179 0.9415484
vt 0.7821891 0.9617150
vt 0.7422689 0.8799042
vt 0.7376917 0.8757461
vt 0.7541615 0.8576177
vt 0.7587549 0.8617575
vt 0.9886145 0.9413748
vt 0.9170418 0.9862455
vt 0.8398927 0.9411902
vt 0.0087937 0.8949183
vt 0.0207677 0.9007363
vt 0.0087937 0.9007363
vt 0.9905469 0.9440119
vt 0.9733472 0.9727039
vt 0.9713892 0.9698479
vt 0.4082665 0.8255422
vt 0.6583208 0.8398855
vt 0.6372232 0.8638405
vt 0.7569363 0.7794610
vt 0.7682325 0.8566447
vt 0.7164229 0.8319915
vt 0.4874838 0.8761426
vt 0.3874750 0.9279856
vt 0.4082665 0.8255422
vt 0.6633409 0.6851696
vt 0.6081735 0.7138593
vt 0.6080981 0.6851508
vt 0.9886145 0.9413748
vt 0.9122707 0.9125759
vt 0.9123177 0.8793513
vt 0.9885817 0.8661218
vt 0.6372232 0.8638405
vt 0.5708209 0.8679172
vt 0.5041299 0.8592439
vt 0.7376917 0.8757461
vt 0.7376924 0.8819299
vt 0.6759645 0.8819299
vt 0.6759639 0.8757461
vt 0.7376917 0.8757461
vt 0.2585583 0.7661424
vt 0.2481090 0.7609608
vt 0.2662038 0.7225727
vt 0.2768346 0.7273054
vt 0.2585583 0.7661424
vt 0.2945799 0.7130268
vt 0.4418785 0.7116700
vt 0.9713892 0.9698479
vt 0.9718875 0.9732791
vt 0.9174693 0.9893646
vt 0.9170418 0.9862455
vt 0.2695477 0.7098122
vt 0.2768346 0.7273054
vt 0.4874838 0.8761426
vt 0.5513149 0.8844435
vt 0.6249003 0.9586021
vt 0.3874750 0.9279856
vt 0.6055465 0.7174198
vt 0.6081735 0.7138593
vt 0.6632901 0.7139603
vt 0.6657236 0.7176320
vt 0.4082665 0.8255422
vt 0.5041299 0.8592439
vt 0.6041421 0.6828955
vt 0.6080981 0.6851508
vt 0.6081735 0.7138593
vt 0.6044158 0.7161146
vt 0.2768346 0.7273054
vt 0.7569363 0.7794610
vt 0.4082665 0.8255422
vt 0.6710358 0.8720110
vt 0.6847759 0.8538825
vt 0.6897038 0.8576177
vt 0.6759639 0.8757461
vt 0.6583208 0.8398855
vt 0.7569363 0.7794610
vt 0.8387125 0.8624483
vt 0.9886759 0.8624483
vt 0.9885817 0.8661218
vt 0.8402111 0.8659893
vt 0.7097796 0.7410491
vt 0.7569363 0.7794610
vt 0.8398927 0.9411902
vt 0.8362737 0.9409987
vt 0.8365706 0.8659768
vt 0.8402111 0.8659893
vt 0.6657162 0.6814930
vt 0.6633409 0.6851696
vt 0.6080981 0.6851508
vt 0.6055391 0.6815287
vt 0.6657162 0.6814930
vt 0.3349987 0.9031698
vt 0.2585583 0.7661424
vt 0.2768346 0.7273054
vt 0.4082665 0.8255422
vt 0.6669743 0.7161743
vt 0.6632901 0.7139603
vt 0.6633409 0.6851696
vt 0.6671532 0.6829558
vt 0.4418785 0.7116700
vt 0.9170418 0.9862455
vt 0.9165068 0.9893478
vt 0.8641452 0.9702987
vt 0.8647351 0.9669805
vt 0.9170418 0.9862455
vt 0.2615027 0.7140617
vt 0.2558885 0.7378541
vt 0.2153380 0.7346308
vt 0.2072318 0.7109526
vt 0.7569363 0.7794610
vt 0.7922767 0.8841376
vt 0.7682325 0.8566447
vt 0.6081735 0.7138593
vt 0.6632901 0.7139603
vt 0.9885817 0.8661218
vt 0.9919601 0.8661357
vt 0.9921078 0.9412838
vt 0.9886145 0.9413748
vt 0.9885817 0.8661218
vt 0.0806759 0.8399944
vt 0.0207677 0.9007363
vt 0.0087937 0.8949183
vt 0.8647351 0.9669805
vt 0.8633057 0.9700082
vt 0.8374056 0.9434786
vt 0.8398927 0.9411902
vt 0.8647351 0.9669805
vt 0.8402111 0.8659893
vt 0.8521672 0.8792697
vt 0.8520705 0.9124900
vt 0.6271179 0.9415484
vt 0.6249003 0.9586021
vt 0.9885817 0.8661218
vt 0.9123177 0.8793513
vt 0.8521672 0.8792697
vt 0.8402111 0.8659893
vt 0.3244936 0.3032779
vt 0.1146839 0.3130388
vt 0.1146839 0.3032780
vt 0.3184525 0.1153580
vt 0.3184525 0.1081640
vt 0.3307138 0.1081640
vt 0.3307138 0.1153580
vt 0.3307138 0.0891999
vt 0.3307138 0.0963937
vt 0.3184525 0.0963937
vt 0.3184525 0.0891999
vt 0.3307138 0.0891999
vt 0.0756963 0.2139988
vt 0.0834855 0.2140983
vt 0.0834855 0.2298042
vt 0.0756962 0.2297957
vt 0.0756963 0.2139988
vt 0.0390289 0.2010008
vt 0.0327975 0.2010084
vt 0.0328107 0.1852876
vt 0.0390289 0.1852952
vt 0.0148082 0.2010636
vt 0.0148082 0.1852669
vt 0.0210396 0.1852744
vt 0.0210272 0.2010561
vt 0.0207657 0.2168534
vt 0.0207526 0.2326351
vt 0.0145337 0.2326427
vt 0.0145337 0.2168459
vt 0.0426418 0.2415872
vt 0.0401364 0.2489948
vt 0.0098303 0.2489922
vt 0.0081891 0.2415845
vt 0.0426418 0.2415872
vt 0.0756961 0.2751662
vt 0.0756961 0.2676682
vt 0.0794724 0.2714468
vt 0.1146839 0.2297957
vt 0.1146838 0.2395566
vt 0.1029136 0.2298042
vt 0.0472021 0.3508524
vt 0.3241515 0.3989801
vt 0.0472021 0.3989801
vt 0.0401364 0.2489948
vt 0.0426418 0.2415872
vt 0.0475441 0.2464900
vt 0.3244936 0.1969497
vt 0.3244936 0.2051040
vt 0.1146839 0.2051038
vt 0.0475443 0.1969494
vt 0.3244936 0.1969497
vt 0.0952559 0.2139987
vt 0.1146839 0.2051038
vt 0.1029136 0.2140983
vt 0.0952559 0.2297957
vt 0.3244936 0.2395567
vt 0.3244935 0.2464901
vt 0.1146838 0.2464900
vt 0.1146838 0.2395566
vt 0.0834855 0.3130302
vt 0.0756963 0.3130387
vt 0.0475442 0.3032779
vt 0.0327975 0.2010084
vt 0.0327975 0.2072574
vt 0.0210265 0.2072574
vt 0.0210272 0.2010561
vt 0.2176953 0.1075505
vt 0.2176953 0.0957803
vt 0.2248898 0.0957803
vt 0.2248898 0.1075505
vt 0.3244935 0.2464901
vt 0.3244935 0.2963445
vt 0.1146838 0.2676683
vt 0.4279107 0.3700998
vt 0.4279107 0.4149442
vt 0.3958639 0.3700998
vt 0.0639257 0.2554065
vt 0.0756962 0.2554065
vt 0.3335107 0.4149442
vt 0.3335113 0.3700998
vt 0.3655581 0.4149442
vt 0.0639257 0.2676682
vt 0.0475441 0.2963444
vt 0.0401364 0.2938392
vt 0.0401364 0.2489948
vt 0.0475441 0.2395566
vt 0.1146838 0.2395566
vt 0.1146838 0.2464900
vt 0.0098303 0.2489922
vt 0.0098302 0.2938366
vt 0.0024227 0.2473503
vt 0.0639257 0.2676682
vt 0.0639257 0.2554065
vt 0.1545304 0.0957803
vt 0.1617244 0.0957803
vt 0.1617244 0.1075513
vt 0.1545304 0.1075513
vt 0.1739863 0.0957803
vt 0.1811801 0.0957803
vt 0.1811801 0.1075513
vt 0.1739863 0.1075513
vt 0.0639258 0.2298042
vt 0.0475441 0.2395566
vt 0.0475442 0.2051038
vt 0.0639258 0.2140983
vt 0.0387542 0.2168741
vt 0.0387543 0.2325798
vt 0.0325229 0.2325880
vt 0.0325360 0.2168665
vt 0.3958639 0.4149442
vt 0.3958639 0.3700998
vt 0.4279107 0.4149442
vt 0.3655581 0.3700998
vt 0.3335113 0.3700998
vt 0.1146839 0.2051038
vt 0.0834855 0.2140983
vt 0.0475442 0.2051038
vt 0.0834854 0.2554065
vt 0.1146838 0.2464900
vt 0.0952558 0.2554066
vt 0.0756963 0.3288357
vt 0.0834856 0.3287362
vt 0.0475443 0.3377308
vt 0.1617244 0.1075513
vt 0.1739863 0.1075513
vt 0.1739863 0.1147451
vt 0.1617244 0.1147451
vt 0.1617244 0.0885864
vt 0.1739863 0.0885864
vt 0.1617244 0.0957803
vt 0.3655575 0.4452505
vt 0.3335107 0.4452505
vt 0.3335107 0.4149442
vt 0.1146839 0.2139989
vt 0.1029136 0.2140983
vt 0.1146839 0.2051038
vt 0.2880536 0.1147445
vt 0.2880536 0.1075500
vt 0.3003148 0.1075505
vt 0.3003148 0.1147445
vt 0.2880536 0.1147445
vt 0.3003148 0.0885864
vt 0.3003148 0.0957803
vt 0.2880536 0.0957803
vt 0.2880536 0.0885864
vt 0.3003148 0.0885864
vt 0.0270171 0.1496520
vt 0.0207858 0.1496601
vt 0.0207989 0.1339387
vt 0.0270171 0.1339462
vt 0.0313680 0.3755000
vt 0.0195976 0.3755125
vt 0.0195976 0.3692812
vt 0.0313680 0.3692812
vt 0.0313680 0.3755000
vt 0.0027973 0.1497155
vt 0.0027973 0.1339179
vt 0.0090286 0.1339256
vt 0.0090155 0.1497076
vt 0.3244936 0.2395567
vt 0.1146839 0.2297957
vt 0.3244936 0.2051040
vt 0.0952559 0.2297957
vt 0.1146838 0.2395566
vt 0.0834855 0.2298042
vt 0.1146838 0.2464900
vt 0.1029135 0.2554066
vt 0.1146838 0.2554066
vt 0.3244935 0.2464901
vt 0.1146838 0.2676683
vt 0.0834854 0.2554065
vt 0.0756962 0.2554065
vt 0.2880536 0.0957803
vt 0.3003148 0.1075505
vt 0.0200936 0.3113030
vt 0.0200936 0.3050716
vt 0.0318639 0.3050716
vt 0.0318639 0.3112898
vt 0.0639258 0.2140983
vt 0.0475442 0.2051038
vt 0.0756963 0.2139988
vt 0.1146838 0.2554066
vt 0.1029135 0.2554066
vt 0.1146838 0.2464900
vt 0.1029136 0.2298042
vt 0.1146838 0.2395566
vt 0.0639258 0.2298042
vt 0.0756962 0.2297957
vt 0.0475441 0.2395566
vt 0.0834855 0.2298042
vt 0.0207858 0.1559085
vt 0.0090155 0.1559085
vt 0.0090286 0.1277074
vt 0.0207989 0.1277074
vt 0.3075088 0.1075500
vt 0.3003148 0.1075505
vt 0.3075088 0.0957803
vt 0.0207657 0.2168534
vt 0.0207657 0.2106352
vt 0.0325360 0.2106351
vt 0.0325360 0.2168665
vt 0.0475442 0.2051038
vt 0.0834855 0.2140983
vt 0.0756963 0.2139988
vt 0.2808596 0.1075505
vt 0.2808596 0.0957803
vt 0.2880536 0.0957803
vt 0.0325360 0.2168665
vt 0.0325229 0.2325880
vt 0.0207526 0.2326351
vt 0.0207657 0.2168534
vt 0.0325229 0.2388363
vt 0.0207526 0.2388364
vt 0.0081891 0.2415845
vt 0.0098303 0.2489922
vt 0.0024227 0.2473503
vt 0.1739863 0.1075513
vt 0.1617244 0.1075513
vt 0.1617244 0.0957803
vt 0.1739863 0.0957803
vt 0.1739863 0.1075513
vt 0.1146838 0.2464900
vt 0.3244935 0.2464901
vt 0.1146838 0.2554066
vt 0.3184525 0.0963937
vt 0.3307138 0.0963937
vt 0.3307138 0.1081640
vt 0.3184525 0.1081640
vt 0.3184525 0.0963937
vt 0.3112586 0.1081640
vt 0.3112580 0.0963937
vt 0.3184525 0.0963937
vt 0.1146839 0.2051038
vt 0.3244936 0.2051040
vt 0.1146839 0.2139989
vt 0.1146838 0.2395566
vt 0.1146839 0.2297957
vt 0.3244936 0.2395567
vt 0.3379077 0.1081640
vt 0.3307138 0.1081640
vt 0.3379077 0.0963937
vt 0.0328107 0.1852876
vt 0.0327975 0.2010084
vt 0.0210272 0.2010561
vt 0.0210396 0.1852744
vt 0.0210396 0.1790562
vt 0.0328107 0.1790562
vt 0.0024227 0.2473503
vt 0.0098302 0.2938366
vt 0.0024225 0.2954780
vt 0.2687330 0.1147445
vt 0.2564710 0.1147445
vt 0.2564710 0.1075505
vt 0.2687330 0.1075505
vt 0.2687330 0.1147445
vt 0.2564710 0.0885864
vt 0.2687330 0.0885864
vt 0.2687330 0.0957803
vt 0.2564710 0.0957803
vt 0.0756963 0.3288357
vt 0.0756963 0.3130387
vt 0.0834855 0.3130302
vt 0.0834856 0.3287362
vt 0.0756963 0.3288357
vt 0.0131022 0.3591260
vt 0.0131022 0.3434203
vt 0.0193204 0.3434128
vt 0.0193335 0.3591335
vt 0.0373219 0.3591895
vt 0.0311037 0.3591819
vt 0.0310906 0.3433995
vt 0.0373219 0.3433921
vt 0.0373219 0.3591895
vt 0.0313680 0.3755000
vt 0.0375994 0.3754917
vt 0.0375995 0.3912892
vt 0.0313812 0.3912816
vt 0.0313680 0.3755000
vt 0.0426409 0.3012470
vt 0.0081881 0.3012441
vt 0.0098302 0.2938366
vt 0.0401364 0.2938392
vt 0.0201060 0.3270237
vt 0.0200936 0.3113030
vt 0.0318639 0.3112898
vt 0.0318771 0.3270715
vt 0.1029135 0.3130302
vt 0.1146839 0.3032780
vt 0.0193204 0.3434128
vt 0.0193204 0.3371813
vt 0.0310906 0.3371813
vt 0.0475441 0.2963444
vt 0.0426409 0.3012470
vt 0.0401364 0.2938392
vt 0.0475443 0.3458852
vt 0.1146839 0.3377308
vt 0.3244936 0.3377306
vt 0.3244936 0.3458850
vt 0.1029136 0.3287362
vt 0.1146839 0.3377308
vt 0.0952559 0.3288357
vt 0.0952559 0.3130388
vt 0.1029135 0.3130302
vt 0.3244936 0.3032779
vt 0.1146839 0.3032780
vt 0.1146838 0.2963445
vt 0.3244935 0.2963445
vt 0.3244936 0.3032779
vt 0.1146838 0.2751663
vt 0.1146838 0.2676683
vt 0.0193335 0.3591335
vt 0.0311037 0.3653826
vt 0.0193335 0.3653826
vt 0.2687330 0.0957803
vt 0.2564710 0.1075505
vt 0.2564710 0.0957803
vt 0.2687330 0.0957803
vt 0.3241515 0.3508524
vt 0.3241515 0.3989801
vt 0.0472021 0.3508524
vt 0.2759269 0.0957803
vt 0.2759269 0.1075505
vt 0.0756961 0.2874279
vt 0.0639257 0.2874279
vt 0.0196103 0.3912340
vt 0.0313812 0.3912816
vt 0.0313813 0.3974823
vt 0.0196104 0.3974824
vt 0.0195976 0.3755125
vt 0.0313680 0.3755000
vt 0.0313812 0.3912816
vt 0.2371512 0.1075505
vt 0.2371512 0.0957803
vt 0.2443451 0.0957803
vt 0.2443451 0.1075505
vt 0.1146838 0.2963445
vt 0.1146839 0.3032780
vt 0.0475442 0.3032779
vt 0.0193204 0.3434128
vt 0.0639257 0.2751662
vt 0.1861128 0.1075505
vt 0.1861128 0.0957803
vt 0.1933067 0.0957803
vt 0.1933067 0.1075505
vt 0.2055687 0.1075505
vt 0.2055687 0.0957803
vt 0.2127626 0.0957803
vt 0.2127626 0.1075505
vt 0.0639259 0.3130302
vt 0.0639259 0.3287361
vt 0.0475443 0.3377308
vt 0.0475442 0.3032779
vt 0.0639259 0.3130302
vt 0.0133789 0.3755202
vt 0.0133789 0.3912265
vt 0.2492778 0.1075505
vt 0.2492778 0.0957803
vt 0.2564710 0.0957803
vt 0.2564710 0.1075505
vt 0.2492778 0.1075505
vt 0.1146838 0.2874280
vt 0.3244935 0.2963445
vt 0.1146838 0.2963445
vt 0.0475443 0.3377308
vt 0.0834856 0.3287362
vt 0.1146839 0.3377308
vt 0.0834854 0.2874279
vt 0.0952558 0.2874280
vt 0.1933067 0.1075505
vt 0.1933067 0.0957803
vt 0.1933067 0.0885864
vt 0.2055687 0.0885864
vt 0.1933067 0.0957803
vt 0.1933067 0.1147445
vt 0.2055687 0.1147445
vt 0.3655581 0.3397934
vt 0.3655581 0.3700998
vt 0.3335113 0.3700998
vt 0.3335113 0.3397934
vt 0.1146839 0.3377308
vt 0.1029136 0.3287362
vt 0.1146839 0.3288358
vt 0.2371512 0.1147445
vt 0.2248898 0.1147445
vt 0.2248898 0.1075505
vt 0.2371512 0.1075505
vt 0.2371512 0.1147445
vt 0.2248898 0.0885864
vt 0.2371512 0.0885864
vt 0.2371512 0.0957803
vt 0.2248898 0.0957803
vt 0.0138746 0.3270162
vt 0.0138746 0.3113105
vt 0.0200936 0.3113030
vt 0.0201060 0.3270237
vt 0.0138746 0.3270162
vt 0.0024225 0.2954780
vt 0.0081881 0.3012441
vt 0.0380953 0.3270790
vt 0.0318771 0.3270715
vt 0.0318639 0.3112898
vt 0.0380953 0.3112823
vt 0.1146839 0.3288358
vt 0.3244936 0.3377306
vt 0.0834855 0.3130302
vt 0.1146839 0.3032780
vt 0.0952559 0.3130388
vt 0.0952558 0.2874280
vt 0.1029135 0.2874280
vt 0.1146838 0.2751663
vt 0.3244935 0.2963445
vt 0.1146838 0.2874280
vt 0.0756961 0.2874279
vt 0.0834854 0.2874279
vt 0.2371512 0.1075505
vt 0.2248898 0.1075505
vt 0.2371512 0.0957803
vt 0.0201060 0.3332721
vt 0.0201060 0.3270237
vt 0.0318771 0.3332721
vt 0.0756963 0.3288357
vt 0.0475443 0.3377308
vt 0.0639259 0.3287361
vt 0.1146839 0.3032780
vt 0.1029135 0.3130302
vt 0.0475442 0.3032779
vt 0.0756963 0.3130387
vt 0.0639259 0.3130302
vt 0.0756962 0.2554065
vt 0.0834854 0.2554065
vt 0.0756961 0.2676682
vt 0.0834854 0.2874279
vt 0.0756961 0.2751662
vt 0.0834854 0.2751662
vt 0.0952558 0.2676683
vt 0.1029135 0.2676683
vt 0.0993339 0.2712086
vt 0.0834854 0.2676682
vt 0.0952558 0.2751662
vt 0.1029135 0.2874280
vt 0.1029135 0.2751663
vt 0.1146838 0.2676683
vt 0.1146838 0.2751663
vt 0.1029135 0.2676683
vt 0.0952558 0.2751662
vt 0.0834854 0.2676682
vt 0.0639257 0.2751662
vt 0.0639257 0.2676682
vt 0.0756961 0.2751662
vt 0.1029135 0.2751663
vt 0.1146838 0.2751663
vt 0.0952558 0.2554066
vt 0.1029135 0.2554066
vt 0.0952558 0.2874280
vt 0.0952558 0.2751662
vt 0.1029135 0.2874280
vt 0.0834854 0.2676682
vt 0.0756961 0.2676682
vt 0.0834854 0.2554065
vt 0.0756961 0.2874279
vt 0.0756961 0.2751662
vt 0.0834854 0.2874279
vt 0.0794724 0.2714468
vt 0.0756961 0.2676682
vt 0.0834854 0.2751662
vt 0.0993339 0.2712086
vt 0.1029135 0.2751663
vt 0.0952558 0.2751662
vt 0.0639257 0.2676682
vt 0.0794724 0.2714468
vt 0.0834854 0.2751662
vt 0.1029135 0.2751663
vt 0.0639257 0.2751662
vt 0.0475441 0.2963444
vt 0.0639257 0.2676682
vt 0.0475442 0.3032779
vt 0.1146839 0.3032780
vt 0.0834855 0.3130302
vt 0.0952559 0.3288357
vt 0.1146839 0.3377308
vt 0.0834856 0.3287362
vt 0.0952559 0.2139987
vt 0.0834855 0.2140983
vt 0.1146839 0.2051038
vt 0.0475441 0.2395566
vt 0.0834855 0.2298042
vt 0.1146838 0.2395566
vt 0.3655581 0.4149442
vt 0.3655581 0.3700998
vt 0.3958639 0.3700998
vt 0.3958639 0.4149442
vt 0.2165576 0.4440452
vt 0.2165576 0.4207332
vt 0.2361040 0.4207733
vt 0.2361040 0.4440050
vt 0.2601278 0.4397177
vt 0.1901524 0.4171818
vt 0.1901524 0.4475967
vt 0.2852167 0.4475962
vt 0.2833445 0.4462367
vt 0.2833445 0.4185410
vt 0.2852166 0.4171814
vt 0.2852167 0.4475962
vt 0.2715499 0.4231286
vt 0.2833445 0.4185410
vt 0.3221241 0.4099915
vt 0.2772708 0.4076025
vt 0.2963365 0.4032946
vt 0.2601102 0.4249529
vt 0.2772708 0.4076025
vt 0.2876144 0.4203701
vt 0.2869067 0.4181672
vt 0.3264754 0.4110197
vt 0.3264750 0.4542326
vt 0.2869067 0.4470831
vt 0.2876145 0.4448802
vt 0.2715499 0.4416494
vt 0.2772515 0.4571827
vt 0.2601126 0.4398110
vt 0.2963117 0.4615148
vt 0.3221078 0.4548507
vt 0.2824900 0.4167669
vt 0.2772708 0.4076025
vt 0.2824823 0.4480250
vt 0.2715499 0.4416494
vt 0.2833445 0.4462367
vt 0.2601279 0.4250605
vt 0.2601278 0.4397177
vt 0.2361040 0.4207733
vt 0.3221241 0.4099915
vt 0.2824823 0.4480250
vt 0.3221078 0.4548507
vt 0.2772515 0.4571827
vt 0.2601278 0.4397177
vt 0.2601279 0.4250605
vt 0.1240377 0.8040795
vt 0.1119914 0.7919533
vt 0.1196392 0.7964026
vt 0.0680019 0.7945478
vt 0.0642236 0.8063015
vt 0.0611651 0.8053150
vt 0.0649414 0.7935672
vt 0.0680019 0.7945478
vt 0.0526742 0.8142477
vt 0.0634826 0.8075011
vt 0.0655855 0.8260016
vt 0.0637950 0.8276708
vt 0.0634826 0.8075011
vt 0.0410952 0.8185018
vt 0.0556480 0.8314278
vt 0.0473240 0.8344809
vt 0.0410952 0.8185018
vt 0.0288309 0.8172114
vt 0.0308235 0.8114260
vt 0.0403395 0.8124291
vt 0.0183814 0.8106773
vt 0.0227079 0.8063493
vt 0.0118387 0.8002079
vt 0.0176251 0.7982121
vt 0.0105351 0.7879314
vt 0.0118387 0.8002079
vt 0.0086430 0.8005475
vt 0.0073394 0.7882705
vt 0.0147405 0.7763444
vt 0.0075142 0.7868352
vt 0.0117307 0.7752167
vt 0.0235993 0.7677730
vt 0.0125382 0.7740034
vt 0.0213648 0.7654635
vt 0.0456416 0.7649710
vt 0.0563186 0.7711307
vt 0.0521464 0.7756083
vt 0.0438544 0.7708242
vt 0.0632150 0.7813460
vt 0.0575025 0.7835439
vt 0.1827799 0.7900779
vt 0.1739430 0.7905166
vt 0.1730532 0.7713157
vt 0.1817637 0.7708832
vt 0.1739430 0.7905166
vt 0.1651033 0.7908971
vt 0.1643402 0.7716907
vt 0.1562612 0.7912192
vt 0.1556248 0.7720081
vt 0.0176251 0.7982121
vt 0.0192826 0.7976787
vt 0.0239123 0.8050908
vt 0.0176251 0.7982121
vt 0.0239637 0.8051424
vt 0.0313572 0.8097675
vt 0.0314217 0.8097901
vt 0.0400945 0.8107042
vt 0.1562612 0.7912192
vt 0.1474171 0.7914829
vt 0.1469076 0.7722681
vt 0.1562612 0.7912192
vt 0.1385529 0.7916885
vt 0.1381706 0.7724708
vt 0.1474171 0.7914829
vt 0.1296873 0.7918358
vt 0.1294326 0.7726159
vt 0.1208394 0.7919240
vt 0.1207122 0.7727028
vt 0.1119913 0.7727318
vt 0.1032703 0.7727029
vt 0.1031435 0.7919242
vt 0.0945498 0.7726164
vt 0.0942959 0.7918363
vt 0.0858116 0.7724718
vt 0.0854306 0.7916895
vt 0.0770745 0.7722697
vt 0.0765664 0.7914845
vt 0.0235993 0.7677730
vt 0.0267563 0.7730157
vt 0.0198765 0.7796725
vt 0.0166107 0.7886717
vt 0.0176251 0.7982121
vt 0.0118387 0.8002079
vt 0.0558999 0.8021840
vt 0.0588417 0.7930465
vt 0.0649414 0.7935672
vt 0.0611651 0.8053150
vt 0.0526742 0.8142477
vt 0.0493201 0.8091364
vt 0.0410952 0.8185018
vt 0.0403395 0.8124291
vt 0.0118387 0.8002079
vt 0.0183814 0.8106773
vt 0.0156561 0.8123806
vt 0.0091133 0.8019109
vt 0.0288309 0.8172114
vt 0.0214055 0.8329829
vt 0.0192558 0.8318120
vt 0.0166818 0.8133714
vt 0.0410952 0.8185018
vt 0.0389631 0.8355215
vt 0.0301462 0.8345947
vt 0.0267563 0.7730157
vt 0.0276246 0.7745266
vt 0.0213572 0.7805908
vt 0.0213184 0.7806506
vt 0.0183436 0.7888484
vt 0.0183349 0.7889200
vt 0.0192589 0.7976103
vt 0.0588417 0.7930465
vt 0.0558999 0.8021840
vt 0.0544253 0.8012555
vt 0.0571035 0.7929368
vt 0.0558999 0.8021840
vt 0.0483913 0.8076746
vt 0.0543714 0.8013272
vt 0.0403395 0.8124291
vt 0.0401546 0.8106971
vt 0.0483425 0.8076953
vt 0.0571105 0.7928594
vt 0.0558909 0.7842058
vt 0.0575025 0.7835439
vt 0.0558645 0.7841365
vt 0.0509857 0.7769079
vt 0.0521464 0.7756083
vt 0.0509334 0.7768590
vt 0.0433796 0.7725009
vt 0.0438544 0.7708242
vt 0.0663970 0.7808949
vt 0.0681238 0.7931194
vt 0.0649414 0.7935672
vt 0.0632150 0.7813460
vt 0.0663970 0.7808949
vt 0.0589635 0.7693044
vt 0.0658791 0.7795485
vt 0.0456416 0.7649710
vt 0.0472476 0.7621871
vt 0.0578858 0.7683245
vt 0.0588417 0.7930465
vt 0.0575025 0.7835439
vt 0.0909785 0.8128559
vt 0.0953771 0.8205327
vt 0.1030248 0.8249819
vt 0.1118725 0.8250109
vt 0.1195493 0.8206123
vt 0.1240034 0.8129459
vt 0.1031435 0.7919242
vt 0.0954667 0.7963231
vt 0.0910127 0.8039896
vt 0.0909785 0.8128559
vt 0.0370264 0.8445704
vt 0.0319309 0.8411249
vt 0.0377301 0.8421485
vt 0.0389631 0.8355215
vt 0.0180748 0.8387308
vt 0.0192558 0.8318120
vt 0.0191391 0.8393654
vt 0.0377301 0.8421485
vt 0.0431753 0.8443942
vt 0.0370264 0.8445704
vt 0.0377301 0.8421485
vt 0.0389631 0.8355215
vt 0.0475229 0.8378266
vt 0.0435080 0.8432785
vt 0.0684496 0.8324099
vt 0.0675764 0.8332891
vt 0.0637950 0.8276708
vt 0.0655855 0.8260016
vt 0.0319309 0.8411249
vt 0.0370264 0.8445704
vt 0.0307708 0.8415653
vt 0.0431753 0.8443942
vt 0.0439181 0.8453881
vt 0.0370264 0.8445704
vt 0.3244936 0.3032779
vt 0.3244936 0.3377306
vt 0.1146839 0.3288358
vt 0.3244936 0.3032779
vt 0.6643354 0.4116373
vt 0.6374000 0.4231734
vt 0.6339393 0.4116367
vt 0.7762538 0.4213816
vt 0.7797145 0.4092335
vt 0.7800624 0.4160433
vt 0.6912063 0.4213816
vt 0.7762564 0.4298576
vt 0.7446409 0.4298576
vt 0.6330615 0.4371491
vt 0.6365886 0.4256125
vt 0.6634582 0.4371491
vt 0.6767746 0.4651852
vt 0.7761884 0.4530498
vt 0.7797157 0.4651852
vt 0.6912063 0.4530494
vt 0.6727237 0.4176022
vt 0.7761860 0.4445739
vt 0.7827496 0.4445752
vt 0.7827496 0.4535956
vt 0.7827873 0.4208366
vt 0.7827867 0.4298584
vt 0.7762564 0.4298576
vt 0.7827873 0.4208366
vt 0.7446409 0.4445733
vt 0.7570899 0.4298576
vt 0.7570899 0.4445733
vt 0.7800567 0.4583748
vt 0.7797157 0.4651852
vt 0.6767727 0.4092335
vt 0.7797145 0.4092335
vt 0.7446409 0.4445733
vt 0.6912063 0.4530494
vt 0.6330627 0.4311493
vt 0.6365886 0.4256125
vt 0.6330615 0.4371491
vt 0.7446409 0.4298576
vt 0.6727349 0.4568398
vt 0.6727237 0.4176022
vt 0.6767746 0.4651852
vt 0.7446409 0.4445733
vt 0.6339380 0.4176371
vt 0.6339393 0.4116367
vt 0.6374000 0.4231734
vt 0.6681362 0.4256125
vt 0.6634582 0.4371491
vt 0.6365886 0.4256125
vt 0.6690128 0.4231734
vt 0.6374000 0.4231734
vt 0.6643354 0.4116373
vt 0.6841550 0.6275190
vt 0.6882753 0.6275190
vt 0.6882753 0.6669116
vt 0.6841550 0.6669116
vt 0.6841550 0.6275190
vt 0.6853610 0.6204846
vt 0.6882747 0.6175706
vt 0.6903354 0.6225445
vt 0.6953099 0.6698254
vt 0.6953099 0.6739467
vt 0.6903354 0.6718861
vt 0.7006377 0.6669116
vt 0.6965166 0.6669116
vt 0.6965166 0.6275190
vt 0.7006377 0.6275190
vt 0.7006377 0.6669116
vt 0.6923959 0.6669116
vt 0.6882753 0.6669116
vt 0.6882753 0.6275190
vt 0.6923959 0.6275190
vt 0.6923959 0.6669116
vt 0.6882747 0.6175706
vt 0.6918310 0.6189878
vt 0.6853616 0.6739460
vt 0.6853616 0.6698254
vt 0.6903354 0.6718861
vt 0.6903354 0.6225445
vt 0.6918310 0.6189878
vt 0.6953099 0.6204840
vt 0.6953099 0.6739467
vt 0.6918310 0.6754429
vt 0.6923959 0.6669116
vt 0.6953099 0.6698254
vt 0.6965166 0.6275190
vt 0.6903354 0.6225445
vt 0.6953099 0.6204840
vt 0.6953099 0.6246051
vt 0.6800343 0.6669116
vt 0.6800343 0.6275190
vt 0.6841550 0.6275190
vt 0.6841550 0.6669116
vt 0.6800343 0.6669116
vt 0.6759131 0.6669116
vt 0.6759131 0.6275190
vt 0.6853616 0.6698254
vt 0.6882753 0.6669116
vt 0.6903354 0.6718861
vt 0.6903354 0.6225445
vt 0.6923959 0.6275190
vt 0.6882753 0.6768600
vt 0.6853616 0.6739460
vt 0.6903354 0.6718861
vt 0.6923959 0.6275190
vt 0.6882753 0.6275190
vt 0.6923959 0.6669116
vt 0.6903354 0.6225445
vt 0.6853616 0.6246058
vt 0.6853610 0.6204846
vt 0.6582957 0.4814670
vt 0.6609464 0.4814670
vt 0.6609464 0.4997678
vt 0.6582957 0.4997678
vt 0.6582957 0.4814670
vt 0.6641872 0.5015410
vt 0.6681944 0.5052566
vt 0.6641872 0.5040479
vt 0.6659601 0.4814672
vt 0.6684670 0.4814672
vt 0.6684670 0.4997683
vt 0.6659600 0.4997681
vt 0.6659601 0.4814672
vt 0.6709738 0.4997680
vt 0.6684670 0.4814672
vt 0.6709738 0.4814672
vt 0.6634532 0.4997679
vt 0.6609464 0.4997678
vt 0.6634532 0.4814671
vt 0.6659600 0.4997681
vt 0.6736245 0.4997680
vt 0.6709738 0.4997680
vt 0.6736245 0.4814672
vt 0.6736245 0.4997680
vt 0.6702393 0.5015415
vt 0.6712203 0.5040041
vt 0.6651688 0.5065102
vt 0.6641872 0.4771880
vt 0.6651687 0.4747257
vt 0.6681944 0.4759790
vt 0.6702392 0.4796941
vt 0.6684670 0.4814672
vt 0.6659601 0.4814672
vt 0.6641872 0.5015410
vt 0.6659600 0.4997681
vt 0.6712202 0.4772316
vt 0.6659601 0.4814672
vt 0.6641873 0.4796947
vt 0.6595286 0.9020091
vt 0.6561519 0.9020091
vt 0.6561519 0.8716581
vt 0.6595286 0.8716580
vt 0.6408040 0.8716583
vt 0.6441807 0.8716583
vt 0.6441807 0.9020094
vt 0.6408040 0.9020094
vt 0.6471734 0.8716584
vt 0.6471734 0.9020094
vt 0.6441807 0.9020094
vt 0.6441807 0.8716583
vt 0.6531592 0.9020095
vt 0.6531591 0.8716581
vt 0.6552796 0.9041218
vt 0.6529551 0.9087553
vt 0.6501662 0.9020097
vt 0.6471734 0.9020094
vt 0.6501662 0.8716583
vt 0.6480360 0.8665526
vt 0.6529535 0.8649123
vt 0.6480466 0.8695453
vt 0.6552790 0.8695454
vt 0.6565822 0.8664303
vt 0.6529551 0.9087553
vt 0.6480372 0.9071164
vt 0.6493137 0.9102424
vt 0.6565835 0.9072366
vt 0.6529535 0.8649123
vt 0.6480470 0.9041235
vt 0.6493117 0.8634263
vt 0.6480372 0.9071164
vt 0.9603375 0.4313159
vt 0.9290444 0.4321709
vt 0.9291547 0.4307503
vt 0.9602915 0.4299095
vt 0.9290444 0.4321709
vt 0.9295049 0.4357073
vt 0.9207640 0.4363280
vt 0.9198723 0.4322865
vt 0.9608946 0.4269931
vt 0.9603559 0.4284089
vt 0.9290604 0.4293225
vt 0.9288136 0.4278667
vt 0.9647229 0.4280583
vt 0.9651761 0.4253860
vt 0.9691380 0.4259103
vt 0.9684272 0.4296683
vt 0.9197667 0.4296856
vt 0.9197951 0.4283628
vt 0.9288136 0.4278667
vt 0.9290604 0.4293225
vt 0.9290158 0.4246604
vt 0.9608601 0.4257271
vt 0.9603375 0.4313159
vt 0.9600773 0.4328091
vt 0.9295049 0.4357073
vt 0.9602915 0.4299095
vt 0.9291547 0.4307503
vt 0.9290604 0.4293225
vt 0.9603559 0.4284089
vt 0.9602915 0.4299095
vt 0.9288136 0.4278667
vt 0.9197951 0.4283628
vt 0.9203103 0.4247144
vt 0.9197919 0.4309855
vt 0.9198723 0.4322865
vt 0.9197667 0.4296856
vt 0.9290604 0.4293225
vt 0.9638252 0.4302028
vt 0.9635245 0.4314595
vt 0.9603375 0.4313159
vt 0.9622876 0.4337310
vt 0.9600773 0.4328091
vt 0.9603375 0.4313159
vt 0.9663458 0.4316332
vt 0.9654219 0.4323981
vt 0.9635245 0.4314595
vt 0.9608946 0.4269931
vt 0.9608601 0.4257271
vt 0.9651761 0.4253860
vt 0.9642499 0.4290892
vt 0.9674926 0.4308344
vt 0.9663458 0.4316332
vt 0.9684272 0.4296683
vt 0.9674926 0.4308344
vt 0.9638652 0.4348030
vt 0.9635245 0.4314595
vt 0.9603559 0.4284089
vt 0.9608946 0.4269931
vt 0.9607120 0.4160137
vt 0.9608224 0.4174343
vt 0.9295294 0.4165791
vt 0.9295753 0.4151728
vt 0.9691030 0.4215912
vt 0.9603620 0.4209709
vt 0.9608224 0.4174343
vt 0.9699945 0.4175496
vt 0.9608063 0.4145859
vt 0.9295108 0.4136721
vt 0.9289721 0.4122565
vt 0.9610531 0.4131302
vt 0.9608063 0.4145859
vt 0.9207289 0.4111727
vt 0.9246908 0.4106488
vt 0.9251437 0.4133213
vt 0.9214392 0.4149308
vt 0.9700716 0.4136260
vt 0.9701000 0.4149487
vt 0.9290068 0.4109906
vt 0.9608508 0.4099239
vt 0.9289721 0.4122565
vt 0.9603620 0.4209709
vt 0.9297895 0.4180723
vt 0.9295294 0.4165791
vt 0.9608224 0.4174343
vt 0.9603620 0.4209709
vt 0.9608063 0.4145859
vt 0.9295753 0.4151728
vt 0.9295108 0.4136721
vt 0.9700716 0.4136260
vt 0.9695563 0.4099776
vt 0.9700747 0.4162486
vt 0.9699945 0.4175496
vt 0.9701000 0.4149487
vt 0.9700747 0.4162486
vt 0.9295294 0.4165791
vt 0.9263422 0.4167227
vt 0.9260415 0.4154659
vt 0.9295753 0.4151728
vt 0.9295294 0.4165791
vt 0.9297895 0.4180723
vt 0.9275790 0.4189942
vt 0.9295294 0.4165791
vt 0.9235208 0.4168961
vt 0.9260415 0.4154659
vt 0.9263422 0.4167227
vt 0.9244448 0.4176611
vt 0.9290068 0.4109906
vt 0.9289721 0.4122565
vt 0.9223738 0.4160971
vt 0.9256167 0.4143522
vt 0.9260415 0.4154659
vt 0.9235208 0.4168961
vt 0.9214392 0.4149308
vt 0.9275790 0.4189942
vt 0.9260013 0.4200661
vt 0.9263422 0.4167227
vt 0.9260415 0.4154659
vt 0.6649789 0.9387590
vt 0.6345828 0.9387600
vt 0.6380433 0.9272231
vt 0.6792938 0.8978748
vt 0.6754851 0.8925365
vt 0.6758330 0.8857266
vt 0.7643412 0.8978748
vt 0.7109066 0.9063508
vt 0.6792911 0.9063508
vt 0.6337048 0.9132476
vt 0.6641014 0.9132473
vt 0.6372320 0.9247842
vt 0.7787730 0.9416783
vt 0.6758318 0.9416783
vt 0.6793591 0.9295431
vt 0.7643412 0.9295426
vt 0.7643412 0.8978748
vt 0.7828238 0.8940954
vt 0.6793591 0.9295431
vt 0.6727979 0.9300888
vt 0.6727979 0.9210684
vt 0.6793615 0.9210671
vt 0.6793591 0.9295431
vt 0.6727602 0.8973299
vt 0.6792938 0.8978748
vt 0.6792911 0.9063508
vt 0.6727608 0.9063516
vt 0.7109066 0.9210666
vt 0.6984576 0.9210666
vt 0.6984576 0.9063508
vt 0.6754909 0.9348680
vt 0.6793591 0.9295431
vt 0.7787749 0.8857266
vt 0.6792938 0.8978748
vt 0.6793615 0.9210671
vt 0.6337060 0.9192474
vt 0.6337048 0.9132476
vt 0.6372320 0.9247842
vt 0.7109066 0.9063508
vt 0.7643412 0.8978748
vt 0.7828126 0.9333330
vt 0.7828238 0.8940954
vt 0.7787730 0.9416783
vt 0.7109066 0.9063508
vt 0.7109066 0.9210666
vt 0.6984576 0.9063508
vt 0.6792938 0.8978748
vt 0.7787749 0.8857266
vt 0.6345814 0.9327595
vt 0.6380433 0.9272231
vt 0.6345828 0.9387600
vt 0.6687796 0.9247839
vt 0.6372320 0.9247842
vt 0.6641014 0.9132473
vt 0.6696563 0.9272230
vt 0.6649789 0.9387590
vt 0.6980556 0.6877133
vt 0.6980556 0.7271059
vt 0.6939352 0.7271059
vt 0.6939352 0.6877133
vt 0.6968495 0.6806788
vt 0.6918752 0.6827388
vt 0.6939358 0.6777649
vt 0.6869007 0.7300197
vt 0.6918752 0.7320803
vt 0.6869007 0.7341410
vt 0.6815729 0.7271059
vt 0.6815729 0.6877133
vt 0.6856939 0.6877133
vt 0.6856939 0.7271059
vt 0.6898146 0.7271059
vt 0.6898146 0.6877133
vt 0.6939352 0.6877133
vt 0.6898146 0.7271059
vt 0.6903796 0.6791821
vt 0.6939358 0.6777649
vt 0.6968489 0.7341403
vt 0.6918752 0.7320803
vt 0.6968489 0.7300197
vt 0.6869007 0.6806782
vt 0.6903796 0.6791821
vt 0.6903796 0.7356372
vt 0.6869007 0.7300197
vt 0.6856939 0.7271059
vt 0.6856939 0.6877133
vt 0.6918752 0.6827388
vt 0.6869007 0.6847993
vt 0.6869007 0.6806782
vt 0.7021763 0.7271059
vt 0.6980556 0.7271059
vt 0.6980556 0.6877133
vt 0.7021763 0.6877133
vt 0.7021763 0.7271059
vt 0.7062975 0.6877133
vt 0.7062975 0.7271059
vt 0.7021763 0.7271059
vt 0.6968489 0.7300197
vt 0.6918752 0.7320803
vt 0.6918752 0.6827388
vt 0.6939352 0.7370542
vt 0.6968489 0.7341403
vt 0.6939352 0.6877133
vt 0.6898146 0.7271059
vt 0.6903796 0.7356372
vt 0.6939352 0.7370542
vt 0.6918752 0.6827388
vt 0.6968495 0.6806788
vt 0.6968489 0.6848000
vt 0.6728714 0.8464049
vt 0.6728714 0.8647050
vt 0.6702207 0.8647050
vt 0.6702207 0.8464050
vt 0.6673784 0.8653255
vt 0.6682718 0.8676043
vt 0.6649832 0.8701912
vt 0.6652076 0.8465876
vt 0.6652075 0.8645234
vt 0.6627880 0.8648880
vt 0.6627881 0.8462231
vt 0.6652076 0.8465876
vt 0.6602814 0.8647053
vt 0.6602814 0.8464053
vt 0.6677141 0.8647052
vt 0.6677141 0.8464051
vt 0.6702207 0.8464050
vt 0.6702207 0.8647050
vt 0.6677141 0.8464051
vt 0.6652076 0.8465876
vt 0.6576307 0.8647053
vt 0.6576307 0.8464052
vt 0.6617214 0.8701037
vt 0.6617342 0.8674094
vt 0.6682718 0.8676043
vt 0.6682649 0.8702450
vt 0.6682720 0.8435071
vt 0.6649833 0.8409202
vt 0.6682650 0.8408664
vt 0.6617342 0.8437019
vt 0.6652076 0.8465876
vt 0.6673784 0.8653255
vt 0.6617214 0.8410076
vt 0.6673785 0.8457858
vt 0.6386988 0.4786517
vt 0.6386988 0.4482995
vt 0.6420756 0.4482995
vt 0.6420756 0.4786518
vt 0.6573202 0.4482993
vt 0.6573202 0.4786515
vt 0.6539434 0.4786515
vt 0.6539434 0.4482993
vt 0.6509506 0.4786517
vt 0.6509506 0.4482995
vt 0.6450686 0.4480727
vt 0.6450685 0.4788787
vt 0.6477365 0.4854047
vt 0.6438389 0.4819182
vt 0.6479579 0.4784251
vt 0.6479579 0.4485264
vt 0.6509506 0.4482995
vt 0.6479579 0.4784251
vt 0.6516832 0.4449011
vt 0.6505755 0.4476094
vt 0.6477367 0.4415470
vt 0.6438389 0.4450335
vt 0.6438210 0.4416019
vt 0.6477365 0.4854047
vt 0.6516830 0.4820506
vt 0.6516765 0.4854161
vt 0.6477365 0.4854047
vt 0.6438210 0.4853498
vt 0.6505754 0.4793422
vt 0.6479579 0.4784251
vt 0.6516767 0.4415357
vt 0.6516832 0.4449011
vt 0.6516830 0.4820506
vt 0.8963003 0.9005340
vt 0.8963237 0.9019449
vt 0.8651878 0.9028248
vt 0.8650061 0.9014150
vt 0.8558376 0.9017485
vt 0.8565269 0.8976704
vt 0.8652814 0.8978619
vt 0.8650061 0.9014150
vt 0.8970807 0.9048759
vt 0.8649959 0.9056667
vt 0.8651657 0.9042544
vt 0.8964633 0.9034396
vt 0.8970807 0.9048759
vt 0.9008422 0.9035983
vt 0.9044597 0.9017952
vt 0.9053712 0.9055075
vt 0.9014468 0.9062456
vt 0.8558643 0.9043408
vt 0.8651657 0.9042544
vt 0.8559588 0.9056540
vt 0.8970807 0.9048759
vt 0.8971175 0.9061957
vt 0.8653615 0.9088028
vt 0.8650061 0.9014150
vt 0.8652814 0.8978619
vt 0.8959655 0.8990515
vt 0.8963237 0.9019449
vt 0.8964633 0.9034396
vt 0.8651657 0.9042544
vt 0.8651878 0.9028248
vt 0.8963237 0.9019449
vt 0.8653615 0.9088028
vt 0.8566752 0.9092641
vt 0.8559588 0.9056540
vt 0.8558245 0.9030467
vt 0.8558376 0.9017485
vt 0.8650061 0.9014150
vt 0.8651878 0.9028248
vt 0.8558245 0.9030467
vt 0.8651657 0.9042544
vt 0.8998389 0.9014887
vt 0.8963237 0.9019449
vt 0.8994772 0.9002452
vt 0.8981359 0.8980323
vt 0.9013285 0.8992193
vt 0.9022869 0.8999392
vt 0.8970807 0.9048759
vt 0.9008422 0.9035983
vt 0.9014468 0.9062456
vt 0.8971175 0.9061957
vt 0.9022869 0.8999392
vt 0.9034692 0.9006805
vt 0.9003180 0.9025855
vt 0.9044597 0.9017952
vt 0.9008422 0.9035983
vt 0.9034692 0.9006805
vt 0.8996625 0.8968891
vt 0.8994772 0.9002452
vt 0.8981359 0.8980323
vt 0.8963237 0.9019449
vt 0.8998389 0.9014887
vt 0.8970807 0.9048759
vt 0.8967742 0.8880875
vt 0.8656383 0.8872074
vt 0.8656618 0.8857966
vt 0.8969559 0.8866776
vt 0.9054352 0.8829331
vt 0.9061244 0.8870112
vt 0.8969559 0.8866776
vt 0.8966807 0.8831246
vt 0.8967963 0.8895171
vt 0.8969662 0.8909295
vt 0.8648814 0.8901383
vt 0.8654987 0.8887021
vt 0.8565908 0.8907698
vt 0.8575025 0.8870575
vt 0.8611199 0.8888607
vt 0.8605152 0.8915080
vt 0.8969662 0.8909295
vt 0.8967963 0.8895171
vt 0.9060977 0.8896036
vt 0.9060032 0.8909167
vt 0.8648446 0.8914580
vt 0.8966007 0.8940656
vt 0.8966807 0.8831246
vt 0.8969559 0.8866776
vt 0.8659966 0.8843142
vt 0.8967963 0.8895171
vt 0.8654987 0.8887021
vt 0.8656383 0.8872074
vt 0.8967742 0.8880875
vt 0.8967963 0.8895171
vt 0.9060032 0.8909167
vt 0.9052869 0.8945269
vt 0.8966007 0.8940656
vt 0.8969662 0.8909295
vt 0.8969559 0.8866776
vt 0.9061244 0.8870112
vt 0.9061375 0.8883094
vt 0.8967963 0.8895171
vt 0.8656618 0.8857966
vt 0.8656383 0.8872074
vt 0.8621231 0.8867512
vt 0.8624849 0.8855075
vt 0.8638263 0.8832948
vt 0.8659966 0.8843142
vt 0.8596752 0.8852016
vt 0.8606336 0.8844816
vt 0.8624849 0.8855075
vt 0.8621231 0.8867512
vt 0.8605152 0.8915080
vt 0.8611199 0.8888607
vt 0.8584929 0.8859429
vt 0.8596752 0.8852016
vt 0.8621231 0.8867512
vt 0.8616440 0.8878480
vt 0.8611199 0.8888607
vt 0.8575025 0.8870575
vt 0.8606336 0.8844816
vt 0.8622998 0.8821514
vt 0.8638263 0.8832948
vt 0.8656383 0.8872074
vt 0.8654987 0.8887021
vt 0.8611199 0.8888607
vt 0.1146839 0.2051038
vt 0.0475442 0.2051038
vt 0.0475443 0.1969494
vt 0.0475443 0.3458852
vt 0.0475443 0.3377308
vt 0.1146839 0.3377308
vt 0.0815731 0.4959871
vt 0.0563737 0.4576239
vt 0.0970076 0.4933944
vt 0.0818829 0.4484286
vt 0.1102087 0.4478293
vt 0.0970076 0.4933944
vt 0.0666121 0.5064017
vt 0.0815731 0.4959871
vt 0.0310305 0.6411517
vt 0.0818219 0.6165932
vt 0.0590369 0.6414871
vt 0.0552197 0.4415092
vt 0.0135599 0.4977276
vt 0.0019574 0.4809715
vt 0.0445027 0.4318864
vt 0.0552197 0.4415092
vt 0.0675393 0.5877732
vt 0.0760626 0.5992000
vt 0.0686355 0.6062434
vt 0.0590936 0.5930777
vt 0.0710518 0.4482745
vt 0.0588331 0.4250958
vt 0.0798998 0.4441565
vt 0.0581805 0.7006258
vt 0.0612599 0.7024382
vt 0.0588346 0.7320172
vt 0.0544926 0.7319266
vt 0.0282577 0.6954616
vt 0.0590936 0.5930777
vt 0.0610731 0.5884339
vt 0.0415955 0.5291512
vt 0.0564752 0.5197588
vt 0.0582875 0.5245358
vt 0.0457039 0.5306059
vt 0.0415955 0.5291512
vt 0.0653529 0.5252794
vt 0.0589454 0.5242093
vt 0.0714022 0.5823154
vt 0.0631038 0.5703297
vt 0.1301989 0.5703303
vt 0.1219002 0.5823159
vt 0.0168635 0.5015776
vt 0.0135599 0.4977276
vt 0.0563737 0.4576239
vt 0.0760626 0.5992000
vt 0.0875001 0.6080280
vt 0.0818219 0.6165932
vt 0.0686355 0.6062434
vt 0.0760626 0.5992000
vt 0.0183581 0.5440328
vt 0.0184695 0.6411011
vt 0.0132456 0.6411037
vt 0.0134893 0.5436527
vt 0.0328913 0.6693554
vt 0.0630358 0.6730939
vt 0.0581805 0.7006258
vt 0.0282577 0.6954616
vt 0.1367471 0.5419478
vt 0.1367475 0.5703822
vt 0.1301989 0.5703303
vt 0.1301990 0.5419999
vt 0.1483047 0.5498188
vt 0.1527023 0.5498186
vt 0.1527027 0.5625134
vt 0.1483050 0.5625136
vt 0.0310305 0.6411517
vt 0.0547307 0.6601511
vt 0.0307804 0.6644166
vt 0.0184345 0.6623865
vt 0.0184695 0.6411011
vt 0.0590369 0.6414871
vt 0.0818219 0.6165932
vt 0.1114177 0.6165595
vt 0.1342413 0.6414201
vt 0.0590369 0.6414871
vt 0.0739203 0.5139022
vt 0.0653529 0.5252794
vt 0.0564752 0.5197588
vt 0.0666121 0.5064017
vt 0.0838185 0.5220082
vt 0.0818136 0.5116941
vt 0.1114900 0.5116941
vt 0.1094851 0.5220082
vt 0.0850393 0.5058091
vt 0.0739203 0.5139022
vt 0.0666121 0.5064017
vt 0.0815731 0.4959871
vt 0.0476190 0.5822912
vt 0.0602656 0.5882011
vt 0.0590936 0.5930777
vt 0.0435652 0.5837150
vt 0.0184345 0.6623865
vt 0.0160084 0.6639006
vt 0.0141334 0.6438209
vt 0.1367475 0.5703822
vt 0.1367471 0.5419478
vt 0.1483047 0.5498188
vt 0.1483050 0.5625136
vt 0.0590936 0.5930777
vt 0.0310305 0.6411517
vt 0.0183581 0.5440328
vt 0.0437043 0.5710444
vt 0.1094844 0.5905733
vt 0.0838178 0.5905730
vt 0.0714022 0.5823154
vt 0.1219002 0.5823159
vt 0.0588346 0.7320172
vt 0.0612599 0.7024382
vt 0.1313140 0.7024382
vt 0.1337394 0.7320172
vt 0.0415955 0.5291512
vt 0.0168635 0.5015776
vt 0.0564752 0.5197588
vt 0.0563737 0.4576239
vt 0.0590936 0.5930777
vt 0.0686355 0.6062434
vt 0.0310305 0.6411517
vt 0.0818829 0.4484286
vt 0.0970076 0.4933944
vt 0.1125334 0.4953432
vt 0.1094783 0.5053152
vt 0.0970076 0.4933944
vt 0.0710518 0.4482745
vt 0.0563737 0.4576239
vt 0.0552197 0.4415092
vt 0.0818219 0.6165932
vt 0.0310305 0.6411517
vt 0.0850393 0.5058091
vt 0.1094783 0.5053152
vt 0.1219007 0.5300144
vt 0.0714028 0.5300141
vt 0.0838185 0.5220082
vt 0.1094851 0.5220082
vt 0.1301990 0.5419999
vt 0.0631042 0.5419994
vt 0.0714028 0.5300141
vt 0.1360835 0.4559371
vt 0.1102087 0.4478293
vt 0.1210215 0.4472178
vt 0.1365517 0.4397870
vt 0.1322449 0.4235412
vt 0.1412262 0.4258473
vt 0.0499580 0.4277807
vt 0.0588331 0.4250958
vt 0.0710518 0.4482745
vt 0.0552197 0.4415092
vt 0.1622379 0.6410539
vt 0.1245976 0.6061882
vt 0.1341317 0.5930068
vt 0.0970076 0.4933944
vt 0.0815731 0.4959871
vt 0.1279256 0.5051079
vt 0.1342413 0.6414201
vt 0.1114177 0.6165595
vt 0.1622379 0.6410539
vt 0.1365517 0.4397870
vt 0.1468497 0.4297171
vt 0.1914433 0.4769490
vt 0.1805634 0.4941835
vt 0.1256763 0.5877155
vt 0.1341317 0.5930068
vt 0.1245976 0.6061882
vt 0.1171637 0.5991535
vt 0.1120066 0.4434793
vt 0.1343932 0.7006258
vt 0.1380815 0.7319266
vt 0.1337394 0.7320172
vt 0.1313140 0.7024382
vt 0.1343932 0.7006258
vt 0.1643158 0.6954613
vt 0.1256763 0.5877155
vt 0.1321440 0.5883658
vt 0.1341317 0.5930068
vt 0.1538898 0.5267709
vt 0.1498471 0.5283989
vt 0.1370166 0.5228701
vt 0.1386238 0.5180203
vt 0.1363465 0.5225721
vt 0.1299906 0.5239154
vt 0.1622379 0.6410539
vt 0.1114177 0.6165595
vt 0.1245976 0.6061882
vt 0.1774258 0.4981707
vt 0.1365517 0.4397870
vt 0.1805634 0.4941835
vt 0.1114177 0.6165595
vt 0.1057335 0.6079955
vt 0.1748759 0.5439330
vt 0.1797573 0.5435520
vt 0.1800010 0.6410031
vt 0.1747898 0.6410000
vt 0.1596818 0.6693550
vt 0.1643158 0.6954613
vt 0.1343932 0.7006258
vt 0.1295374 0.6730941
vt 0.1596818 0.6693550
vt 0.0565560 0.5419472
vt 0.0631042 0.5419994
vt 0.0631038 0.5703297
vt 0.0565551 0.5703816
vt 0.0565560 0.5419472
vt 0.1624897 0.6643186
vt 0.1385390 0.6600546
vt 0.1747898 0.6410000
vt 0.1748351 0.6622852
vt 0.1622379 0.6410539
vt 0.1774258 0.4981707
vt 0.1279256 0.5051079
vt 0.1209445 0.5129157
vt 0.1299906 0.5239154
vt 0.1365517 0.4397870
vt 0.1094783 0.5053152
vt 0.1125334 0.4953432
vt 0.1279256 0.5051079
vt 0.1456041 0.5822108
vt 0.1496630 0.5836295
vt 0.1341317 0.5930068
vt 0.1329611 0.5881281
vt 0.1747898 0.6410000
vt 0.1791271 0.6437175
vt 0.1772619 0.6637980
vt 0.1748351 0.6622852
vt 0.1747898 0.6410000
vt 0.0565551 0.5703816
vt 0.0449977 0.5625128
vt 0.0449983 0.5498180
vt 0.0565560 0.5419472
vt 0.1747898 0.6410000
vt 0.1622379 0.6410539
vt 0.1341317 0.5930068
vt 0.1747898 0.6410000
vt 0.1748759 0.5439330
vt 0.1495284 0.5709560
vt 0.0710518 0.4482745
vt 0.0818829 0.4484286
vt 0.0563737 0.4576239
vt 0.1279256 0.5051079
vt 0.1774258 0.4981707
vt 0.1538898 0.5267709
vt 0.0970076 0.4933944
vt 0.1102087 0.4478293
vt 0.0449983 0.5498180
vt 0.0449977 0.5625128
vt 0.0406000 0.5625126
vt 0.0406006 0.5498178
vt 0.1301990 0.5419999
vt 0.1301989 0.5703303
vt 0.0631038 0.5703297
vt 0.0631042 0.5419994
vt 0.1301990 0.5419999
vt 0.0612599 0.7024382
vt 0.0587254 0.6998956
vt 0.1338486 0.6998956
vt 0.1313140 0.7024382
vt 0.1429552 0.1697668
vt 0.1442912 0.1628507
vt 0.3395440 0.1616384
vt 0.3382081 0.1685554
vt 0.1448261 0.1557144
vt 0.3396621 0.1548631
vt 0.4701880 0.0779691
vt 0.4749232 0.0834823
vt 0.4371202 0.1178725
vt 0.4340973 0.1132896
vt 0.4701880 0.0779691
vt 0.4854985 0.0931739
vt 0.4906277 0.0967804
vt 0.4528871 0.1331682
vt 0.4462270 0.1288353
vt 0.0222019 0.0916209
vt 0.0154010 0.0889840
vt 0.0211772 0.0753430
vt 0.0279789 0.0779808
vt 0.1437917 0.1269634
vt 0.1434779 0.1197792
vt 0.3388094 0.1187008
vt 0.3390098 0.1259360
vt 0.1450421 0.1485254
vt 0.1447822 0.1413245
vt 0.3390486 0.1404898
vt 0.3396522 0.1476634
vt 0.1450421 0.1485254
vt 0.1448261 0.1557144
vt 0.3396621 0.1548631
vt 0.1442909 0.1341355
vt 0.3388978 0.1332363
vt 0.3390486 0.1404898
vt 0.1447822 0.1413245
vt 0.1442909 0.1341355
vt 0.1437917 0.1269634
vt 0.1321431 0.1304297
vt 0.1289327 0.1377640
vt 0.1117613 0.1279482
vt 0.1148264 0.1216341
vt 0.1321431 0.1304297
vt 0.3864425 0.1886638
vt 0.3872920 0.1997391
vt 0.3775211 0.2070562
vt 0.3759153 0.1882734
vt 0.4366269 0.1435775
vt 0.4318455 0.1367378
vt 0.4432603 0.1302485
vt 0.4460378 0.1376768
vt 0.0279789 0.0779808
vt 0.0343923 0.0800533
vt 0.0277393 0.0954747
vt 0.0222019 0.0916209
vt 0.1256154 0.1440658
vt 0.1223570 0.1502517
vt 0.1075698 0.1415407
vt 0.1093763 0.1346475
vt 0.4318455 0.1367378
vt 0.4269924 0.1313837
vt 0.4415389 0.1223559
vt 0.4432603 0.1302485
vt 0.0715648 0.1833081
vt 0.0702121 0.1903772
vt 0.0560785 0.1868773
vt 0.0591106 0.1803880
vt 0.3396522 0.1476634
vt 0.3390486 0.1404898
vt 0.3997001 0.1309123
vt 0.4011977 0.1378484
vt 0.4011589 0.1450794
vt 0.3414574 0.1546529
vt 0.4011977 0.1378484
vt 0.0154010 0.0889840
vt 0.0085814 0.0866730
vt 0.0146304 0.0723440
vt 0.0154010 0.0889840
vt 0.1093763 0.1346475
vt 0.1117613 0.1279482
vt 0.4371202 0.1178725
vt 0.4415389 0.1223559
vt 0.4269924 0.1313837
vt 0.4254925 0.1248997
vt 0.4371202 0.1178725
vt 0.3436925 0.1610596
vt 0.3414574 0.1546529
vt 0.4015377 0.1519823
vt 0.3390486 0.1404898
vt 0.3388978 0.1332363
vt 0.3982762 0.1239688
vt 0.3997001 0.1309123
vt 0.3390098 0.1259360
vt 0.3969717 0.1170375
vt 0.3982762 0.1239688
vt 0.3956432 0.1100609
vt 0.3969717 0.1170375
vt 0.3390098 0.1259360
vt 0.3388094 0.1187008
vt 0.3956432 0.1100609
vt 0.1358241 0.1251227
vt 0.1194570 0.1178045
vt 0.1242164 0.1125440
vt 0.1391196 0.1189211
vt 0.1280652 0.1065679
vt 0.1421203 0.1124611
vt 0.1391196 0.1189211
vt 0.3592282 0.2153608
vt 0.3626154 0.2322538
vt 0.3555258 0.2335209
vt 0.3524600 0.2178087
vt 0.3592282 0.2153608
vt 0.4749232 0.0834823
vt 0.4800321 0.0885575
vt 0.4415389 0.1223559
vt 0.4371202 0.1178725
vt 0.4800321 0.0885575
vt 0.4854985 0.0931739
vt 0.4462270 0.1288353
vt 0.4011977 0.1378484
vt 0.3997001 0.1309123
vt 0.4254925 0.1248997
vt 0.4269924 0.1313837
vt 0.4011977 0.1378484
vt 0.4040329 0.1445169
vt 0.4276918 0.1385894
vt 0.4061802 0.1510659
vt 0.4274922 0.1469307
vt 0.3969717 0.1170375
vt 0.3956432 0.1100609
vt 0.4208260 0.1046969
vt 0.4233375 0.1115322
vt 0.4948866 0.1010150
vt 0.4586022 0.1355643
vt 0.4528871 0.1331682
vt 0.4906277 0.0967804
vt 0.3555258 0.2335209
vt 0.3485966 0.2345021
vt 0.3455153 0.2197049
vt 0.3524600 0.2178087
vt 0.3335665 0.2019737
vt 0.3400889 0.1987792
vt 0.3451150 0.2096976
vt 0.3383313 0.2118818
vt 0.0420687 0.1571321
vt 0.0363110 0.1600658
vt 0.0300133 0.1527002
vt 0.0334793 0.1475115
vt 0.1105338 0.1680419
vt 0.1116633 0.1739598
vt 0.0842903 0.1770779
vt 0.0827495 0.1704550
vt 0.1105338 0.1680419
vt 0.3384176 0.2208388
vt 0.3455153 0.2197049
vt 0.3485966 0.2345021
vt 0.3416997 0.2347802
vt 0.0608271 0.0914734
vt 0.0671912 0.0949081
vt 0.0608593 0.1091895
vt 0.0540408 0.1069110
vt 0.0576152 0.1521658
vt 0.0597327 0.1453016
vt 0.0807299 0.1490061
vt 0.0795411 0.1561034
vt 0.0544347 0.0880889
vt 0.0540408 0.1069110
vt 0.0471920 0.1047589
vt 0.3266514 0.1924467
vt 0.3335677 0.1877528
vt 0.3400889 0.1987792
vt 0.3335665 0.2019737
vt 0.3266514 0.1924467
vt 0.0343923 0.0800533
vt 0.0412106 0.0823784
vt 0.0341700 0.0986543
vt 0.0277393 0.0954747
vt 0.0807299 0.1490061
vt 0.0811569 0.1418338
vt 0.1075698 0.1415407
vt 0.1059636 0.1479837
vt 0.0811569 0.1418338
vt 0.0597327 0.1453016
vt 0.0634076 0.1391280
vt 0.0595762 0.1727898
vt 0.0736096 0.1764457
vt 0.0715648 0.1833081
vt 0.0591106 0.1803880
vt 0.0595762 0.1727898
vt 0.0842903 0.1770779
vt 0.1116633 0.1739598
vt 0.1136746 0.1806925
vt 0.0848979 0.1842076
vt 0.0815104 0.1346563
vt 0.0634076 0.1391280
vt 0.0669463 0.1328892
vt 0.0247923 0.1252403
vt 0.0194726 0.1219965
vt 0.0192541 0.1070319
vt 0.0259869 0.1067638
vt 0.0247923 0.1252403
vt 0.4233375 0.1115322
vt 0.4245387 0.1186152
vt 0.3982762 0.1239688
vt 0.3969717 0.1170375
vt 0.0471920 0.1047589
vt 0.0540408 0.1069110
vt 0.0517564 0.1269168
vt 0.0451994 0.1297948
vt 0.0048972 0.1221387
vt 0.0048319 0.1069040
vt 0.0119909 0.1076769
vt 0.0118784 0.1203883
vt 0.4245387 0.1186152
vt 0.4254925 0.1248997
vt 0.3997001 0.1309123
vt 0.3982762 0.1239688
vt 0.1421203 0.1124611
vt 0.1300761 0.1002541
vt 0.1445947 0.1059441
vt 0.0586520 0.1663932
vt 0.0752698 0.1698452
vt 0.0595762 0.1727898
vt 0.0586520 0.1663932
vt 0.4650442 0.0697728
vt 0.4701880 0.0779691
vt 0.4340973 0.1132896
vt 0.4308635 0.1040182
vt 0.4650442 0.0697728
vt 0.3649297 0.2134798
vt 0.3717864 0.2113336
vt 0.3767796 0.2296544
vt 0.3697260 0.2310885
vt 0.3830302 0.2268442
vt 0.3717864 0.2113336
vt 0.3787876 0.2096580
vt 0.3393283 0.1832970
vt 0.3466576 0.1955602
vt 0.3400889 0.1987792
vt 0.3393283 0.1832970
vt 0.3449388 0.1788543
vt 0.3526676 0.1924994
vt 0.1093763 0.1346475
vt 0.1075698 0.1415407
vt 0.0811569 0.1418338
vt 0.0815104 0.1346563
vt 0.1093763 0.1346475
vt 0.0827495 0.1704550
vt 0.0815232 0.1633645
vt 0.1078237 0.1614870
vt 0.1105338 0.1680419
vt 0.0328759 0.1047491
vt 0.0310770 0.1287476
vt 0.0247923 0.1252403
vt 0.0259869 0.1067638
vt 0.0400383 0.1040060
vt 0.0380525 0.1305175
vt 0.0310770 0.1287476
vt 0.0328759 0.1047491
vt 0.1358241 0.1251227
vt 0.1321431 0.1304297
vt 0.1148264 0.1216341
vt 0.1194570 0.1178045
vt 0.0584912 0.1244226
vt 0.0517564 0.1269168
vt 0.0540408 0.1069110
vt 0.0608593 0.1091895
vt 0.0486194 0.1542141
vt 0.0362457 0.1408677
vt 0.0399079 0.1346719
vt 0.0547054 0.1504367
vt 0.0586520 0.1663932
vt 0.0574377 0.1593260
vt 0.0775960 0.1630337
vt 0.0752698 0.1698452
vt 0.0471920 0.1047589
vt 0.0451994 0.1297948
vt 0.0380525 0.1305175
vt 0.0400383 0.1040060
vt 0.0300133 0.1527002
vt 0.0363110 0.1600658
vt 0.0301117 0.1644889
vt 0.0245604 0.1582277
vt 0.0576152 0.1521658
vt 0.0795411 0.1561034
vt 0.0574377 0.1593260
vt 0.0192541 0.1070319
vt 0.0194726 0.1219965
vt 0.0118784 0.1203883
vt 0.0119909 0.1076769
vt 0.0547054 0.1504367
vt 0.0451994 0.1297948
vt 0.0597327 0.1453016
vt 0.1223570 0.1502517
vt 0.1190859 0.1562577
vt 0.1059636 0.1479837
vt 0.1075698 0.1415407
vt 0.4245387 0.1186152
vt 0.4308635 0.1040182
vt 0.4340973 0.1132896
vt 0.0412106 0.0823784
vt 0.0479136 0.0850213
vt 0.0405596 0.1019680
vt 0.0341700 0.0986543
vt 0.0412106 0.0823784
vt 0.4254925 0.1248997
vt 0.4340973 0.1132896
vt 0.4371202 0.1178725
vt 0.4274922 0.1469307
vt 0.4282090 0.1521513
vt 0.4081278 0.1582067
vt 0.4061802 0.1510659
vt 0.4274922 0.1469307
vt 0.4490986 0.1430611
vt 0.4398640 0.1477289
vt 0.4366269 0.1435775
vt 0.4460378 0.1376768
vt 0.3449388 0.1788543
vt 0.3504787 0.1752944
vt 0.3590518 0.1891831
vt 0.3526676 0.1924994
vt 0.3466576 0.1955602
vt 0.3589967 0.2129103
vt 0.3521357 0.2108189
vt 0.3504787 0.1752944
vt 0.3600746 0.1712511
vt 0.3670645 0.1861236
vt 0.3590518 0.1891831
vt 0.3504787 0.1752944
vt 0.3759153 0.1882734
vt 0.3768076 0.1750191
vt 0.3864356 0.1767956
vt 0.3864425 0.1886638
vt 0.3768076 0.1750191
vt 0.3679326 0.1895956
vt 0.3694282 0.1732343
vt 0.3400889 0.1987792
vt 0.3521357 0.2108189
vt 0.3451150 0.2096976
vt 0.0471920 0.1047589
vt 0.0405596 0.1019680
vt 0.0479136 0.0850213
vt 0.0544347 0.0880889
vt 0.0471920 0.1047589
vt 0.3907393 0.2071629
vt 0.3947933 0.2209053
vt 0.3787876 0.2096580
vt 0.4022542 0.1593413
vt 0.3449474 0.1679825
vt 0.3436925 0.1610596
vt 0.4015377 0.1519823
vt 0.0808025 0.1562029
vt 0.0807299 0.1490061
vt 0.1059636 0.1479837
vt 0.1060347 0.1546082
vt 0.1078237 0.1614870
vt 0.0815232 0.1633645
vt 0.3526676 0.1924994
vt 0.3593298 0.1897118
vt 0.3649297 0.2134798
vt 0.3589967 0.2129103
vt 0.3526676 0.1924994
vt 0.3697260 0.2310885
vt 0.3626154 0.2322538
vt 0.3592282 0.2153608
vt 0.3649297 0.2134798
vt 0.0597327 0.1453016
vt 0.0451994 0.1297948
vt 0.0517564 0.1269168
vt 0.0634076 0.1391280
vt 0.1136746 0.1806925
vt 0.1131912 0.1877833
vt 0.0855086 0.1913794
vt 0.0848979 0.1842076
vt 0.0253742 0.1698610
vt 0.0178418 0.1608102
vt 0.0245604 0.1582277
vt 0.0301117 0.1644889
vt 0.0634076 0.1391280
vt 0.0584912 0.1244226
vt 0.0669463 0.1328892
vt 0.0420687 0.1571321
vt 0.0334793 0.1475115
vt 0.0362457 0.1408677
vt 0.0486194 0.1542141
vt 0.0420687 0.1571321
vt 0.3679326 0.1895956
vt 0.3759153 0.1882734
vt 0.3775211 0.2070562
vt 0.3717864 0.2113336
vt 0.3649297 0.2134798
vt 0.3593298 0.1897118
vt 0.4308635 0.1040182
vt 0.4233375 0.1115322
vt 0.4208260 0.1046969
vt 0.6400837 0.2392319
vt 0.6415617 0.2374775
vt 0.6430427 0.2379392
vt 0.6422932 0.2403403
vt 0.6400837 0.2392319
vt 0.6761528 0.2142420
vt 0.6751434 0.2188545
vt 0.6666408 0.2180704
vt 0.6663904 0.2133554
vt 0.6413062 0.2431345
vt 0.6420302 0.2407708
vt 0.6452439 0.2407736
vt 0.6455958 0.2435800
vt 0.6379407 0.2405673
vt 0.6405603 0.2416320
vt 0.6408213 0.2450724
vt 0.6369741 0.2447699
vt 0.6582021 0.2196949
vt 0.6542169 0.2213467
vt 0.6521121 0.2171049
vt 0.6566892 0.2152079
vt 0.6582021 0.2196949
vt 0.6394698 0.2365348
vt 0.6415330 0.2327468
vt 0.6434592 0.2339941
vt 0.6334092 0.2391940
vt 0.6351664 0.2345587
vt 0.6379407 0.2405673
vt 0.6334092 0.2391940
vt 0.6697780 0.2278847
vt 0.6721857 0.2245061
vt 0.6778706 0.2249255
vt 0.6777678 0.2306622
vt 0.6542169 0.2213467
vt 0.6504921 0.2235212
vt 0.6478330 0.2196031
vt 0.6529831 0.2283750
vt 0.6516710 0.2264929
vt 0.6553836 0.2243010
vt 0.6563973 0.2263595
vt 0.6869651 0.2318847
vt 0.6857677 0.2296813
vt 0.6883539 0.2282758
vt 0.6901381 0.2297078
vt 0.6820335 0.2237824
vt 0.6857677 0.2296813
vt 0.6814754 0.2264204
vt 0.6751434 0.2188545
vt 0.6852635 0.2175630
vt 0.6830677 0.2217424
vt 0.6751434 0.2188545
vt 0.6899411 0.2266277
vt 0.6883539 0.2282758
vt 0.6830677 0.2217424
vt 0.6470951 0.2261795
vt 0.6485041 0.2282115
vt 0.6461622 0.2306218
vt 0.6440902 0.2292740
vt 0.6931664 0.2231790
vt 0.6899411 0.2266277
vt 0.6830677 0.2217424
vt 0.6540173 0.2295313
vt 0.6529831 0.2283750
vt 0.6563973 0.2263595
vt 0.6569104 0.2278240
vt 0.6540173 0.2295313
vt 0.6820335 0.2237824
vt 0.6814754 0.2264204
vt 0.6788895 0.2264099
vt 0.6801606 0.2224750
vt 0.6603631 0.2264054
vt 0.6572461 0.2276582
vt 0.6563973 0.2263595
vt 0.6600767 0.2248805
vt 0.6603631 0.2264054
vt 0.6623726 0.2185929
vt 0.6582021 0.2196949
vt 0.6566892 0.2152079
vt 0.6614832 0.2139494
vt 0.6623726 0.2185929
vt 0.6379407 0.2405673
vt 0.6322978 0.2440257
vt 0.6470951 0.2261795
vt 0.6404766 0.2262137
vt 0.6439300 0.2226576
vt 0.6663904 0.2133554
vt 0.6666408 0.2180704
vt 0.6623726 0.2185929
vt 0.6472656 0.2328770
vt 0.6465455 0.2315026
vt 0.6480075 0.2297341
vt 0.6494936 0.2317094
vt 0.6504921 0.2235212
vt 0.6516117 0.2257249
vt 0.6489652 0.2277959
vt 0.6415330 0.2327468
vt 0.6458301 0.2307702
vt 0.6434780 0.2339646
vt 0.6666408 0.2180704
vt 0.6665581 0.2206288
vt 0.6632320 0.2210338
vt 0.6536401 0.2242384
vt 0.6527231 0.2229871
vt 0.6600767 0.2248805
vt 0.6563973 0.2263595
vt 0.6553836 0.2243010
vt 0.6593840 0.2226934
vt 0.6415617 0.2374775
vt 0.6434592 0.2339941
vt 0.6446505 0.2349878
vt 0.6430427 0.2379392
vt 0.6375379 0.2302049
vt 0.6440902 0.2292740
vt 0.6415330 0.2327468
vt 0.6375379 0.2302049
vt 0.6568703 0.2226360
vt 0.6564276 0.2211498
vt 0.6582021 0.2196949
vt 0.6592804 0.2219191
vt 0.6439300 0.2226576
vt 0.6478330 0.2196031
vt 0.6504921 0.2235212
vt 0.6623726 0.2185929
vt 0.6625305 0.2210635
vt 0.6592804 0.2219191
vt 0.6351664 0.2345587
vt 0.6415330 0.2327468
vt 0.6394698 0.2365348
vt 0.6465455 0.2315026
vt 0.6472656 0.2328770
vt 0.6446505 0.2349878
vt 0.6674773 0.2205148
vt 0.6666408 0.2180704
vt 0.6751434 0.2188545
vt 0.6721671 0.2237372
vt 0.0720800 0.0409838
vt 0.0624172 0.0174264
vt 0.0739561 0.0167474
vt 0.0807826 0.0334066
vt 0.0720800 0.0409838
vt 0.0277523 0.0242881
vt 0.0280378 0.0145241
vt 0.0557503 0.0145240
vt 0.0554648 0.0242879
vt 0.0559848 0.0535605
vt 0.0560486 0.0651006
vt 0.0286201 0.0651008
vt 0.0282723 0.0535606
vt 0.0559848 0.0535605
vt 0.0556306 0.0437843
vt 0.0282723 0.0535606
vt 0.0279180 0.0437845
vt 0.0556306 0.0437843
vt 0.0109680 0.0408141
vt 0.0023356 0.0331474
vt 0.0093376 0.0165600
vt 0.0208702 0.0173560
vt 0.0720800 0.0409838
vt 0.0622975 0.0409458
vt 0.0624172 0.0174264
vt 0.0720800 0.0409838
vt 0.0554648 0.0242879
vt 0.0554153 0.0340301
vt 0.0280378 0.0145241
vt 0.0284540 0.0029715
vt 0.0561665 0.0029714
vt 0.0557503 0.0145240
vt 0.0279180 0.0437845
vt 0.0277026 0.0340302
vt 0.0554648 0.0242879
vt 0.0277523 0.0242881
vt 0.0207504 0.0408755
vt 0.0208702 0.0173560
vt 0.0109680 0.0408141
vt 0.1310361 0.0325632
vt 0.1310266 0.0226054
vt 0.1381057 0.0395988
vt 0.1032975 0.0325632
vt 0.0962418 0.0396127
vt 0.1032882 0.0226054
vt 0.1312345 0.0425347
vt 0.1315053 0.0525194
vt 0.1037667 0.0525194
vt 0.1034961 0.0425347
vt 0.1312345 0.0425347
vt 0.1310361 0.0325632
vt 0.1380833 0.0161417
vt 0.1480711 0.0161341
vt 0.1517494 0.0359403
vt 0.1480935 0.0395913
vt 0.1380833 0.0161417
vt 0.1310266 0.0226054
vt 0.1381057 0.0395988
vt 0.1032882 0.0226054
vt 0.1312121 0.0130376
vt 0.1034735 0.0130376
vt 0.1315053 0.0525194
vt 0.1316007 0.0576854
vt 0.1038626 0.0576860
vt 0.1037667 0.0525194
vt 0.1037448 0.0030528
vt 0.1314824 0.0030528
vt 0.1312121 0.0130376
vt 0.0962418 0.0396127
vt 0.0862532 0.0396240
vt 0.0962194 0.0161549
vt 0.0825904 0.0359799
vt 0.0862313 0.0161662
vt 0.1914744 0.0688356
vt 0.2027816 0.0459282
vt 0.2080709 0.0530024
vt 0.2008024 0.0694101
vt 0.1845122 0.0314562
vt 0.1578584 0.0314561
vt 0.1587856 0.0200849
vt 0.1846622 0.0226246
vt 0.1586893 0.0512217
vt 0.1585713 0.0414696
vt 0.1852251 0.0414698
vt 0.1853432 0.0512218
vt 0.1586893 0.0512217
vt 0.1578584 0.0314561
vt 0.1845122 0.0314562
vt 0.1506588 0.0680537
vt 0.1385303 0.0671837
vt 0.1340372 0.0522619
vt 0.1419390 0.0440440
vt 0.1914744 0.0688356
vt 0.1847972 0.0611251
vt 0.1927927 0.0449271
vt 0.2027816 0.0459282
vt 0.1847972 0.0611251
vt 0.1853432 0.0512218
vt 0.1841855 0.0806267
vt 0.1577535 0.0834424
vt 0.1572530 0.0712857
vt 0.1839067 0.0712860
vt 0.1581433 0.0611250
vt 0.1853432 0.0512218
vt 0.1519771 0.0441461
vt 0.1419390 0.0440440
vt 0.1581433 0.0611250
vt 0.0787226 0.1207268
vt 0.0879330 0.1193439
vt 0.0917251 0.1290193
vt 0.0779888 0.1312233
vt 0.1032182 0.1211106
vt 0.0879330 0.1193439
vt 0.0956356 0.1141080
vt 0.1032182 0.1211106
vt 0.1002883 0.1060398
vt 0.1009494 0.0967498
vt 0.1113259 0.0951869
vt 0.1102198 0.1090496
vt 0.1002883 0.1060398
vt 0.0907336 0.0817119
vt 0.0818966 0.0787703
vt 0.0829504 0.0682205
vt 0.0961880 0.0726098
vt 0.0698087 0.1180278
vt 0.0787226 0.1207268
vt 0.0646495 0.1272901
vt 0.1063108 0.0822104
vt 0.1113259 0.0951869
vt 0.0975196 0.0880909
vt 0.1032182 0.1211106
vt 0.0956356 0.1141080
vt 0.0907336 0.0817119
vt 0.0961880 0.0726098
vt 0.0761566 0.1028757
vt 0.0785719 0.1118709
vt 0.0978730 0.0970446
vt 0.0898045 0.0923920
vt 0.0808093 0.0948073
vt 0.0866404 0.1165234
vt 0.8530979 0.1916625
vt 0.6578610 0.1913177
vt 0.6564941 0.1844084
vt 0.8517311 0.1847537
vt 0.6563456 0.1776363
vt 0.8511646 0.1776241
vt 0.8517311 0.1847537
vt 0.5261473 0.0997692
vt 0.5621848 0.1351358
vt 0.5591154 0.1397159
vt 0.5213813 0.1052597
vt 0.5261473 0.0997692
vt 0.5107617 0.1149268
vt 0.5499627 0.1506579
vt 0.5432960 0.1549803
vt 0.5056248 0.1185278
vt 0.9806549 0.1523975
vt 0.9748778 0.1387574
vt 0.9816796 0.1361195
vt 0.9874558 0.1497605
vt 0.9806549 0.1523975
vt 0.8522315 0.1488873
vt 0.6570444 0.1487638
vt 0.6572518 0.1415373
vt 0.8525355 0.1417028
vt 0.8522315 0.1488873
vt 0.8509271 0.1704417
vt 0.6563103 0.1704419
vt 0.6569357 0.1632830
vt 0.8511934 0.1632462
vt 0.8511646 0.1776241
vt 0.6563456 0.1776363
vt 0.6563103 0.1704419
vt 0.8511934 0.1632462
vt 0.6571217 0.1560469
vt 0.8517103 0.1560601
vt 0.8511934 0.1632462
vt 0.6570444 0.1487638
vt 0.8522315 0.1488873
vt 0.8517103 0.1560601
vt 0.8707136 0.1912063
vt 0.8880302 0.1824107
vt 0.8910953 0.1887248
vt 0.8739239 0.1985406
vt 0.8707136 0.1912063
vt 0.4935255 0.1752616
vt 0.5040476 0.1750057
vt 0.5022039 0.1937499
vt 0.4925357 0.1863157
vt 0.5593352 0.1654526
vt 0.5499865 0.1594567
vt 0.5528402 0.1520545
vt 0.5641854 0.1586629
vt 0.9748778 0.1387574
vt 0.9806549 0.1523975
vt 0.9751174 0.1562513
vt 0.9684643 0.1408299
vt 0.8772413 0.2048424
vt 0.8934804 0.1954241
vt 0.8952869 0.2023173
vt 0.8804997 0.2110283
vt 0.5641854 0.1586629
vt 0.5546570 0.1441812
vt 0.5690830 0.1533577
vt 0.9312919 0.2440847
vt 0.9437463 0.2411646
vt 0.9467782 0.2476539
vt 0.9326447 0.2511538
vt 0.6563103 0.1704419
vt 0.5947359 0.1604593
vt 0.5962908 0.1535724
vt 0.6569357 0.1632830
vt 0.6563103 0.1704419
vt 0.6544595 0.1774169
vt 0.5947876 0.1676944
vt 0.9874558 0.1497605
vt 0.9882264 0.1331206
vt 0.9942753 0.1474496
vt 0.8739239 0.1985406
vt 0.8910953 0.1887248
vt 0.8934804 0.1954241
vt 0.8772413 0.2048424
vt 0.8739239 0.1985406
vt 0.5591154 0.1397159
vt 0.5706630 0.1468662
vt 0.5690830 0.1533577
vt 0.5546570 0.1441812
vt 0.6522098 0.1838148
vt 0.5943928 0.1745960
vt 0.5947876 0.1676944
vt 0.6569357 0.1632830
vt 0.5962908 0.1535724
vt 0.5977600 0.1466970
vt 0.5991082 0.1398560
vt 0.6005478 0.1329460
vt 0.6572518 0.1415373
vt 0.8670326 0.1858993
vt 0.8637370 0.1796978
vt 0.8786403 0.1733206
vt 0.8833996 0.1785811
vt 0.8670326 0.1858993
vt 0.8607365 0.1732377
vt 0.8747915 0.1673445
vt 0.8786403 0.1733206
vt 0.5203727 0.2022821
vt 0.5271029 0.2048156
vt 0.5238361 0.2204725
vt 0.5167694 0.2191149
vt 0.5213813 0.1052597
vt 0.5591154 0.1397159
vt 0.5546570 0.1441812
vt 0.5162448 0.1103178
vt 0.5499627 0.1506579
vt 0.5107617 0.1149268
vt 0.5706630 0.1468662
vt 0.5962908 0.1535724
vt 0.5917275 0.1670508
vt 0.5682218 0.1605501
vt 0.5894227 0.1735449
vt 0.5682199 0.1688942
vt 0.5917275 0.1670508
vt 0.5894227 0.1735449
vt 0.5991082 0.1398560
vt 0.5729687 0.1334218
vt 0.5756359 0.1266083
vt 0.5013585 0.1227562
vt 0.5056248 0.1185278
vt 0.5432960 0.1549803
vt 0.5375773 0.1573665
vt 0.5340159 0.2068001
vt 0.5307449 0.2215432
vt 0.5461811 0.1892315
vt 0.5412953 0.1990697
vt 0.5345454 0.1968015
vt 0.5397058 0.1859572
vt 0.9607882 0.2179087
vt 0.9693775 0.2082882
vt 0.9728433 0.2134768
vt 0.9665458 0.2208425
vt 0.8923229 0.2288185
vt 0.9201072 0.2312316
vt 0.9185663 0.2378545
vt 0.8911933 0.2347364
vt 0.5410919 0.2080255
vt 0.5376313 0.2219110
vt 0.5307449 0.2215432
vt 0.5340159 0.2068001
vt 0.9420297 0.1522500
vt 0.9488160 0.1676876
vt 0.9419975 0.1699660
vt 0.9356655 0.1556846
vt 0.9452416 0.2129424
vt 0.9233156 0.2168800
vt 0.9221269 0.2097827
vt 0.9431240 0.2060782
vt 0.9484221 0.1488656
vt 0.9556648 0.1655355
vt 0.9488160 0.1676876
vt 0.5532107 0.1798012
vt 0.5397058 0.1859572
vt 0.5463606 0.1750239
vt 0.9684643 0.1408299
vt 0.9751174 0.1562513
vt 0.9686868 0.1594309
vt 0.9616463 0.1431551
vt 0.9221269 0.2097827
vt 0.8968931 0.2087603
vt 0.8952869 0.2023173
vt 0.9216999 0.2026104
vt 0.9394493 0.1999046
vt 0.9431240 0.2060782
vt 0.9216999 0.2026104
vt 0.9432806 0.2335663
vt 0.9437463 0.2411646
vt 0.9312919 0.2440847
vt 0.9292470 0.2372223
vt 0.9432806 0.2335663
vt 0.9185663 0.2378545
vt 0.9179589 0.2449842
vt 0.8891820 0.2414691
vt 0.8911933 0.2347364
vt 0.9213463 0.1954328
vt 0.9359103 0.1936658
vt 0.9216999 0.2026104
vt 0.9780645 0.1860169
vt 0.9768698 0.1675404
vt 0.9836027 0.1678085
vt 0.9833841 0.1827731
vt 0.9780645 0.1860169
vt 0.5729687 0.1334218
vt 0.5991082 0.1398560
vt 0.5977600 0.1466970
vt 0.5716822 0.1405475
vt 0.9556648 0.1655355
vt 0.9576573 0.1905714
vt 0.9511003 0.1876934
vt 0.9488160 0.1676876
vt 0.9979596 0.1829153
vt 0.9909784 0.1811649
vt 0.9908659 0.1684535
vt 0.9980249 0.1676806
vt 0.9979596 0.1829153
vt 0.5716822 0.1405475
vt 0.5977600 0.1466970
vt 0.5962908 0.1535724
vt 0.5706630 0.1468662
vt 0.8607365 0.1732377
vt 0.8582619 0.1667207
vt 0.8727807 0.1610307
vt 0.8747915 0.1673445
vt 0.8607365 0.1732377
vt 0.9442047 0.2271699
vt 0.9432806 0.2335663
vt 0.9292470 0.2372223
vt 0.9275869 0.2306218
vt 0.5313086 0.0915863
vt 0.5654926 0.1258597
vt 0.5621848 0.1351358
vt 0.5261473 0.0997692
vt 0.5147012 0.2003288
vt 0.5096815 0.2178582
vt 0.5026530 0.2163351
vt 0.5078784 0.1980963
vt 0.5147012 0.2003288
vt 0.4964451 0.2134463
vt 0.5009056 0.1963315
vt 0.5463606 0.1750239
vt 0.5397058 0.1859572
vt 0.5331837 0.1826580
vt 0.5406617 0.1704992
vt 0.5331837 0.1826580
vt 0.5272186 0.1795241
vt 0.5351133 0.1659899
vt 0.8934804 0.1954241
vt 0.9213463 0.1954328
vt 0.9216999 0.2026104
vt 0.8952869 0.2023173
vt 0.8934804 0.1954241
vt 0.9201072 0.2312316
vt 0.8923229 0.2288185
vt 0.8950330 0.2222637
vt 0.9213334 0.2241411
vt 0.9699809 0.1655257
vt 0.9768698 0.1675404
vt 0.9780645 0.1860169
vt 0.9717798 0.1895242
vt 0.9628186 0.1647826
vt 0.9648044 0.1912941
vt 0.8670326 0.1858993
vt 0.8833996 0.1785811
vt 0.8880302 0.1824107
vt 0.8707136 0.1912063
vt 0.9443657 0.1851992
vt 0.9419975 0.1699660
vt 0.9488160 0.1676876
vt 0.9511003 0.1876934
vt 0.9443657 0.1851992
vt 0.9542374 0.2149907
vt 0.9481513 0.2112133
vt 0.9629490 0.1954485
vt 0.9666111 0.2016442
vt 0.9442047 0.2271699
vt 0.9275869 0.2306218
vt 0.9252607 0.2238103
vt 0.9454190 0.2201026
vt 0.9442047 0.2271699
vt 0.9648044 0.1912941
vt 0.9576573 0.1905714
vt 0.9728433 0.2134768
vt 0.9782962 0.2190043
vt 0.9727451 0.2252654
vt 0.9665458 0.2208425
vt 0.9452416 0.2129424
vt 0.9233156 0.2168800
vt 0.9836027 0.1678085
vt 0.9908659 0.1684535
vt 0.9909784 0.1811649
vt 0.9833841 0.1827731
vt 0.9481513 0.2112133
vt 0.9431240 0.2060782
vt 0.9576573 0.1905714
vt 0.8804997 0.2110283
vt 0.8952869 0.2023173
vt 0.8968931 0.2087603
vt 0.8837708 0.2170343
vt 0.8804997 0.2110283
vt 0.5716822 0.1405475
vt 0.5621848 0.1351358
vt 0.5654926 0.1258597
vt 0.5729687 0.1334218
vt 0.9616463 0.1431551
vt 0.9686868 0.1594309
vt 0.9622971 0.1627446
vt 0.9549431 0.1457979
vt 0.5706630 0.1468662
vt 0.5621848 0.1351358
vt 0.5894227 0.1735449
vt 0.5873039 0.1806355
vt 0.5673771 0.1740960
vt 0.5468711 0.1648093
vt 0.5499865 0.1594567
vt 0.5593352 0.1654526
vt 0.5560567 0.1695703
vt 0.5351133 0.1659899
vt 0.5272186 0.1795241
vt 0.5208827 0.1761299
vt 0.5296230 0.1623632
vt 0.5331837 0.1826580
vt 0.5275173 0.1978322
vt 0.5206366 0.1998349
vt 0.5129166 0.1729714
vt 0.5200887 0.1582019
vt 0.5296230 0.1623632
vt 0.5040476 0.1750057
vt 0.4935255 0.1752616
vt 0.4936832 0.1634049
vt 0.5033249 0.1617526
vt 0.5040476 0.1750057
vt 0.5107198 0.1600639
vt 0.5120054 0.1764283
vt 0.5397058 0.1859572
vt 0.5345454 0.1968015
vt 0.5275173 0.1978322
vt 0.5397058 0.1859572
vt 0.9549431 0.1457979
vt 0.9622971 0.1627446
vt 0.4889978 0.1936846
vt 0.5009056 0.1963315
vt 0.4847696 0.2073611
vt 0.5936584 0.1819526
vt 0.5943928 0.1745960
vt 0.6522098 0.1838148
vt 0.6509385 0.1907327
vt 0.9220542 0.2169794
vt 0.8968221 0.2153848
vt 0.8968931 0.2087603
vt 0.9221269 0.2097827
vt 0.9220542 0.2169794
vt 0.9213334 0.2241411
vt 0.8950330 0.2222637
vt 0.5272186 0.1795241
vt 0.5206366 0.1998349
vt 0.5205988 0.1766540
vt 0.5203727 0.2022821
vt 0.5167694 0.2191149
vt 0.9431240 0.2060782
vt 0.9394493 0.1999046
vt 0.9511003 0.1876934
vt 0.9576573 0.1905714
vt 0.9179589 0.2449842
vt 0.9173480 0.2521560
vt 0.8896655 0.2485599
vt 0.9774825 0.2306376
vt 0.9727451 0.2252654
vt 0.9782962 0.2190043
vt 0.9850149 0.2215868
vt 0.9394493 0.1999046
vt 0.9359103 0.1936658
vt 0.9443657 0.1851992
vt 0.9607882 0.2179087
vt 0.9542374 0.2149907
vt 0.9666111 0.2016442
vt 0.9693775 0.2082882
vt 0.5120054 0.1764283
vt 0.5078784 0.1980963
vt 0.5022039 0.1937499
vt 0.5040476 0.1750057
vt 0.5205988 0.1766540
vt 0.5147012 0.2003288
vt 0.5654926 0.1258597
vt 0.5756359 0.1266083
vt 0.5729687 0.1334218
vt 0.6752861 0.2399754
vt 0.6755714 0.2424313
vt 0.6730586 0.2423142
vt 0.6731308 0.2407644
vt 0.6752861 0.2399754
vt 0.6394309 0.2652823
vt 0.6419809 0.2558962
vt 0.6463447 0.2577374
vt 0.6441261 0.2659038
vt 0.6785339 0.2424589
vt 0.6774855 0.2466427
vt 0.6749684 0.2453518
vt 0.6760649 0.2423307
vt 0.6772737 0.2384185
vt 0.6815541 0.2389482
vt 0.6805220 0.2426678
vt 0.6773780 0.2412446
vt 0.6507353 0.2503330
vt 0.6470284 0.2473854
vt 0.6503723 0.2437232
vt 0.6536443 0.2471474
vt 0.6729607 0.2384759
vt 0.6731308 0.2407644
vt 0.6692079 0.2413561
vt 0.6686945 0.2391193
vt 0.6775337 0.2336894
vt 0.6725753 0.2337556
vt 0.6544663 0.2639972
vt 0.6543433 0.2724568
vt 0.6489165 0.2705911
vt 0.6504670 0.2651046
vt 0.6544663 0.2639972
vt 0.6503723 0.2437232
vt 0.6541828 0.2405494
vt 0.6569591 0.2443864
vt 0.6536443 0.2471474
vt 0.6606916 0.2484986
vt 0.6575674 0.2509415
vt 0.6560212 0.2492455
vt 0.6594184 0.2465891
vt 0.6523645 0.2815241
vt 0.6492230 0.2837679
vt 0.6484861 0.2815944
vt 0.6506987 0.2796391
vt 0.6464202 0.2740945
vt 0.6490979 0.2744740
vt 0.6506987 0.2796391
vt 0.6441261 0.2659038
vt 0.6441413 0.2743684
vt 0.6394483 0.2750071
vt 0.6394309 0.2652823
vt 0.6441261 0.2659038
vt 0.6464202 0.2740945
vt 0.6463886 0.2825246
vt 0.6606187 0.2421017
vt 0.6645547 0.2403353
vt 0.6651134 0.2427440
vt 0.6620468 0.2441203
vt 0.6394483 0.2750071
vt 0.6441413 0.2743684
vt 0.6463886 0.2825246
vt 0.6420321 0.2843819
vt 0.6613906 0.2498838
vt 0.6587434 0.2519538
vt 0.6575674 0.2509415
vt 0.6606916 0.2484986
vt 0.6613906 0.2498838
vt 0.6464202 0.2740945
vt 0.6458303 0.2718806
vt 0.6499758 0.2720335
vt 0.6490979 0.2744740
vt 0.6561615 0.2546510
vt 0.6548467 0.2538271
vt 0.6575674 0.2509415
vt 0.6584671 0.2522060
vt 0.6561615 0.2546510
vt 0.6482873 0.2538850
vt 0.6442139 0.2514688
vt 0.6470284 0.2473854
vt 0.6507353 0.2503330
vt 0.6482873 0.2538850
vt 0.6772737 0.2384185
vt 0.6824548 0.2342984
vt 0.6815541 0.2389482
vt 0.6583895 0.2379229
vt 0.6629138 0.2358925
vt 0.6645547 0.2403353
vt 0.6482873 0.2538850
vt 0.6463447 0.2577374
vt 0.6419809 0.2558962
vt 0.6668560 0.2445514
vt 0.6649968 0.2462456
vt 0.6636484 0.2441732
vt 0.6658109 0.2434044
vt 0.6569591 0.2443864
vt 0.6606187 0.2421017
vt 0.6614993 0.2444123
vt 0.6586480 0.2461922
vt 0.6569591 0.2443864
vt 0.6686945 0.2391193
vt 0.6691728 0.2413640
vt 0.6653666 0.2424823
vt 0.6463447 0.2577374
vt 0.6482873 0.2538850
vt 0.6502391 0.2554029
vt 0.6487258 0.2584041
vt 0.6565571 0.2475910
vt 0.6556944 0.2463014
vt 0.6569591 0.2443864
vt 0.6586480 0.2461922
vt 0.6548467 0.2538271
vt 0.6530626 0.2523832
vt 0.6560212 0.2492455
vt 0.6575674 0.2509415
vt 0.6548467 0.2538271
vt 0.6731308 0.2407644
vt 0.6730586 0.2423142
vt 0.6697346 0.2428157
vt 0.6676717 0.2344948
vt 0.6645547 0.2403353
vt 0.6629138 0.2358925
vt 0.6539546 0.2500762
vt 0.6524627 0.2521017
vt 0.6507353 0.2503330
vt 0.6527053 0.2491560
vt 0.6539546 0.2500762
vt 0.6583895 0.2379229
vt 0.6606187 0.2421017
vt 0.6569591 0.2443864
vt 0.6541828 0.2405494
vt 0.6583895 0.2379229
vt 0.6482873 0.2538850
vt 0.6524627 0.2521017
vt 0.6505554 0.2548695
vt 0.6725753 0.2337556
vt 0.6729607 0.2384759
vt 0.6692079 0.2413561
vt 0.6697346 0.2428157
vt 0.6668560 0.2445514
vt 0.6658109 0.2434044
vt 0.6692079 0.2413561
vt 0.6483042 0.2592348
vt 0.6497470 0.2647572
vt 0.6441261 0.2659038
vt 0.6483042 0.2592348
vt 0.3711551 0.0455716
vt 0.3624524 0.0379940
vt 0.3692790 0.0213352
vt 0.3808178 0.0220140
vt 0.3711551 0.0455716
vt 0.4154826 0.0288757
vt 0.3877705 0.0288757
vt 0.3874849 0.0191115
vt 0.4151977 0.0191115
vt 0.3872501 0.0581483
vt 0.4149626 0.0581483
vt 0.4146158 0.0696887
vt 0.3871866 0.0696887
vt 0.3876048 0.0483719
vt 0.4153177 0.0483725
vt 0.4149626 0.0581483
vt 0.3876048 0.0483719
vt 0.4322675 0.0454016
vt 0.4223651 0.0219437
vt 0.4338981 0.0211475
vt 0.4409000 0.0377349
vt 0.4322675 0.0454016
vt 0.3711551 0.0455716
vt 0.3877705 0.0288757
vt 0.3809377 0.0455332
vt 0.3878194 0.0386174
vt 0.4151977 0.0191115
vt 0.3874849 0.0191115
vt 0.3870686 0.0075589
vt 0.4147812 0.0075589
vt 0.3878194 0.0386174
vt 0.4155329 0.0386174
vt 0.4153177 0.0483725
vt 0.3876048 0.0483719
vt 0.3878194 0.0386174
vt 0.3877705 0.0288757
vt 0.4154826 0.0288757
vt 0.4155329 0.0386174
vt 0.3878194 0.0386174
vt 0.4224852 0.0454634
vt 0.4154826 0.0288757
vt 0.4223651 0.0219437
vt 0.4322675 0.0454016
vt 0.4154826 0.0288757
vt 0.3103576 0.0353442
vt 0.3032878 0.0423800
vt 0.3103669 0.0253866
vt 0.3380959 0.0353442
vt 0.3381055 0.0253866
vt 0.3451519 0.0423938
vt 0.3101592 0.0453159
vt 0.3378976 0.0453159
vt 0.3376270 0.0553005
vt 0.3098884 0.0553005
vt 0.3101592 0.0453159
vt 0.3103576 0.0353442
vt 0.3033104 0.0189228
vt 0.2932999 0.0423725
vt 0.2896440 0.0387214
vt 0.2933226 0.0189153
vt 0.3103669 0.0253866
vt 0.3032878 0.0423800
vt 0.2932999 0.0423725
vt 0.3103576 0.0353442
vt 0.3103669 0.0253866
vt 0.3381055 0.0253866
vt 0.3103576 0.0353442
vt 0.3101816 0.0158187
vt 0.3379202 0.0158187
vt 0.3381055 0.0253866
vt 0.3101816 0.0158187
vt 0.3098884 0.0553005
vt 0.3376270 0.0553005
vt 0.3375309 0.0604671
vt 0.3097930 0.0604665
vt 0.3099110 0.0058340
vt 0.3376489 0.0058340
vt 0.3451519 0.0423938
vt 0.3381055 0.0253866
vt 0.3451743 0.0189360
vt 0.3551402 0.0424051
vt 0.3451519 0.0423938
vt 0.3451743 0.0189360
vt 0.3551622 0.0189472
vt 0.3588031 0.0387610
vt 0.2301951 0.0532797
vt 0.2208669 0.0538544
vt 0.2135983 0.0374455
vt 0.2188881 0.0303708
vt 0.2301951 0.0532797
vt 0.2371578 0.0158982
vt 0.2370079 0.0070668
vt 0.2628858 0.0045266
vt 0.2638125 0.0158982
vt 0.2629821 0.0356648
vt 0.2363265 0.0356656
vt 0.2364445 0.0259132
vt 0.2630999 0.0259126
vt 0.2710128 0.0524982
vt 0.2797329 0.0284873
vt 0.2876351 0.0367053
vt 0.2831421 0.0516281
vt 0.2301951 0.0532797
vt 0.2288768 0.0293701
vt 0.2368727 0.0455693
vt 0.2363265 0.0356656
vt 0.2374840 0.0650715
vt 0.2377632 0.0557303
vt 0.2644184 0.0557298
vt 0.2639174 0.0678874
vt 0.2374840 0.0650715
vt 0.2368727 0.0455693
vt 0.2635281 0.0455693
vt 0.2696943 0.0285890
vt 0.9207015 0.1714470
vt 0.9255598 0.1807801
vt 0.9120839 0.1842362
vt 0.9117035 0.1738511
vt 0.8983905 0.1815662
vt 0.9025519 0.1721209
vt 0.9117035 0.1738511
vt 0.8950678 0.1665770
vt 0.8871603 0.1732976
vt 0.8806181 0.1610257
vt 0.8907572 0.1583212
vt 0.8941295 0.1404571
vt 0.8854979 0.1342848
vt 0.8958874 0.1249811
vt 0.9010605 0.1342358
vt 0.9277998 0.1654173
vt 0.9362243 0.1718541
vt 0.9255598 0.1807801
vt 0.9277998 0.1654173
vt 0.8800430 0.1471255
vt 0.8904499 0.1490129
vt 0.8907572 0.1583212
vt 0.8871603 0.1732976
vt 0.9025519 0.1721209
vt 0.8983905 0.1815662
vt 0.9159366 0.1540530
vt 0.9173083 0.1632654
vt 0.9025519 0.1721209
vt 0.8936960 0.1573649
vt 0.8992401 0.1498809
vt 0.9084524 0.1485091
vt 0.9159366 0.1540530
vt 0.9173083 0.1632654
vt 0.9117643 0.1707492
vt 0.6475720 0.0814641
vt 0.6499497 0.0767591
vt 0.6568868 0.0794982
vt 0.6536163 0.0851997
vt 0.6475720 0.0814641
vt 0.6109315 0.0927100
vt 0.6080302 0.0991945
vt 0.6021202 0.0962996
vt 0.6053704 0.0896803
vt 0.6109315 0.0927100
vt 0.6148076 0.0867548
vt 0.6109315 0.0927100
vt 0.6091692 0.0833599
vt 0.6205165 0.0825250
vt 0.6110758 0.0813397
vt 0.6177669 0.0780330
vt 0.6205165 0.0825250
vt 0.6268631 0.0793626
vt 0.6205165 0.0825250
vt 0.6245705 0.0750929
vt 0.6339006 0.0784591
vt 0.6263740 0.0745539
vt 0.6337150 0.0738212
vt 0.6409923 0.0788015
vt 0.6410911 0.0739641
vt 0.6429398 0.0743681
vt 0.6499497 0.0767591
vt 0.6475720 0.0814641
vt 0.6494919 0.0898199
vt 0.6448634 0.0867882
vt 0.6161628 0.0955603
vt 0.6140507 0.1006839
vt 0.6109315 0.0927100
vt 0.6286473 0.0852929
vt 0.6337084 0.0872314
vt 0.6359179 0.0921806
vt 0.6193179 0.0910079
vt 0.6109315 0.0927100
vt 0.6148076 0.0867548
vt 0.6236619 0.0875886
vt 0.6205165 0.0825250
vt 0.6268631 0.0793626
vt 0.6396693 0.0848373
vt 0.6341374 0.0844415
vt 0.6339006 0.0784591
vt 0.6396693 0.0848373
vt 0.6689377 0.1096288
vt 0.6681156 0.1113724
vt 0.6625925 0.1067305
vt 0.6236323 0.1155510
vt 0.6195555 0.1212739
vt 0.6181623 0.1198479
vt 0.6222412 0.1143715
vt 0.6236323 0.1155510
vt 0.6286115 0.1105927
vt 0.6236323 0.1155510
vt 0.6269765 0.1094514
vt 0.6278607 0.1088165
vt 0.6343181 0.1061749
vt 0.6483511 0.1118352
vt 0.6430452 0.1123508
vt 0.6413760 0.1046586
vt 0.6485061 0.1039656
vt 0.6536335 0.1125607
vt 0.6556023 0.1049399
vt 0.6625925 0.1067305
vt 0.6586056 0.1144878
vt 0.6536335 0.1125607
vt 0.6430452 0.1123508
vt 0.6478378 0.1146967
vt 0.6495684 0.1197443
vt 0.6625925 0.1067305
vt 0.6681156 0.1113724
vt 0.6630675 0.1174108
vt 0.6625925 0.1067305
vt 0.6295918 0.1205946
vt 0.6265357 0.1250254
vt 0.6195555 0.1212739
vt 0.6236323 0.1155510
vt 0.6334450 0.1168387
vt 0.6236323 0.1155510
vt 0.6286115 0.1105927
vt 0.6380014 0.1140798
vt 0.6343181 0.1061749
vt 0.6380014 0.1140798
vt 0.6430452 0.1123508
vt 0.6413760 0.1046586
vt 0.6340046 0.0972503
vt 0.6236619 0.0875886
vt 0.6290753 0.0994942
vt 0.6217589 0.0926613
vt 0.6240020 0.0975931
vt 0.6217589 0.0926613
vt 0.6472221 0.1245371
vt 0.6380014 0.1140798
vt 0.6430452 0.1123508
vt 0.6421737 0.1262660
vt 0.6356539 0.1188707
vt 0.6373820 0.1239187
vt 0.6356539 0.1188707
vt 0.8012426 0.1120493
vt 0.8221702 0.1118049
vt 0.8222594 0.1164681
vt 0.8012652 0.1167136
vt 0.8257294 0.1148185
vt 0.8221702 0.1118049
vt 0.8220063 0.0983946
vt 0.8254921 0.0953364
vt 0.7974980 0.0956716
vt 0.8010612 0.0986395
vt 0.8012426 0.1120493
vt 0.7977619 0.1151540
vt 0.8224049 0.1221220
vt 0.8013462 0.1223674
vt 0.8012652 0.1167136
vt 0.8009519 0.0916075
vt 0.8220339 0.0913613
vt 0.8219844 0.0937578
vt 0.8009638 0.0940033
vt 0.8220063 0.0983946
vt 0.8010612 0.0986395
vt 0.8009638 0.0940033
vt 0.8221702 0.1118049
vt 0.8257294 0.1148185
vt 0.8254921 0.0953364
vt 0.8278880 0.0952608
vt 0.8313839 0.1147189
vt 0.7921074 0.1151993
vt 0.7951022 0.0956576
vt 0.8639166 0.0977178
vt 0.8430073 0.0977178
vt 0.8430073 0.0927687
vt 0.8639166 0.0927692
vt 0.8733320 0.0941277
vt 0.8733320 0.1164299
vt 0.8674396 0.1165448
vt 0.8674396 0.0942422
vt 0.8430067 0.1130689
vt 0.8430073 0.0977178
vt 0.8639166 0.1130689
vt 0.8394838 0.0942422
vt 0.8394838 0.1165448
vt 0.8433834 0.0868874
vt 0.8642928 0.0868874
vt 0.8639166 0.0927692
vt 0.8430073 0.0927687
vt 0.8430067 0.1180182
vt 0.8639166 0.1180182
vt 0.8642928 0.1238993
vt 0.8433834 0.1238993
vt 0.8430067 0.1180182
vt 0.8639166 0.1130689
vt 0.8674396 0.1165448
vt 0.8674396 0.0942422
vt 0.8394838 0.1165448
vt 0.8335914 0.1164299
vt 0.8335914 0.0941277
vt 0.3971185 0.2227718
vt 0.3971185 0.2105239
vt 0.4026524 0.2115722
vt 0.4026524 0.2217233
vt 0.4071542 0.2253674
vt 0.4071542 0.2079282
vt 0.4323103 0.2079282
vt 0.4323103 0.2253674
vt 0.4071542 0.2253674
vt 0.4325179 0.2309666
vt 0.4069463 0.2309666
vt 0.4368118 0.2115722
vt 0.4323103 0.2079282
vt 0.4349541 0.2029901
vt 0.4408604 0.2076584
vt 0.4368118 0.2217233
vt 0.4408604 0.2256373
vt 0.4349541 0.2303061
vt 0.4069463 0.2023298
vt 0.4325179 0.2023298
vt 0.4423458 0.2105239
vt 0.4423458 0.2227718
vt 0.4368118 0.2115722
vt 0.4423458 0.2105239
vt 0.4071542 0.2079282
vt 0.4026524 0.2115722
vt 0.3986041 0.2076584
vt 0.4045102 0.2029901
vt 0.4026524 0.2217233
vt 0.4071542 0.2253674
vt 0.4045102 0.2303055
vt 0.3986041 0.2256373
vt 0.4368118 0.2217233
vt 0.4323103 0.2253674
vt 0.4323103 0.2079282
vt 0.8855479 0.1145608
vt 0.8886445 0.1109946
vt 0.9024536 0.1109558
vt 0.9056086 0.1143933
vt 0.9021729 0.0902838
vt 0.8883652 0.0902453
vt 0.9071460 0.1108540
vt 0.9068654 0.0901437
vt 0.9146025 0.0898172
vt 0.9148837 0.1105281
vt 0.9068654 0.0901437
vt 0.8852686 0.0866793
vt 0.8852410 0.0789347
vt 0.9053008 0.0791023
vt 0.9053285 0.0868469
vt 0.8852686 0.0866793
vt 0.8836719 0.0901864
vt 0.8839508 0.1108975
vt 0.8762074 0.1107799
vt 0.8759281 0.0900697
vt 0.8886445 0.1109946
vt 0.9056086 0.1143933
vt 0.9055808 0.1221377
vt 0.8855210 0.1223055
vt 0.9053285 0.0868469
vt 0.9021729 0.0902838
vt 0.8883652 0.0902453
vt 0.9182480 0.0142875
vt 0.9178762 0.0228089
vt 0.8738082 0.0233822
vt 0.8730770 0.0142443
vt 0.9591947 0.0134640
vt 0.9593122 0.0104533
vt 0.9796475 0.0106229
vt 0.9798669 0.0136229
vt 0.7627411 0.0322292
vt 0.7628739 0.0366141
vt 0.5214868 0.0359643
vt 0.5213076 0.0328191
vt 0.9798669 0.0136229
vt 0.9796475 0.0106229
vt 0.9959889 0.0070556
vt 0.9971511 0.0098326
vt 0.9974052 0.0128320
vt 0.9963963 0.0160711
vt 0.9815960 0.0193719
vt 0.9805254 0.0165592
vt 0.9586375 0.0238534
vt 0.9790619 0.0226033
vt 0.9788365 0.0256048
vt 0.9593122 0.0104533
vt 0.9196452 0.0116194
vt 0.9211654 0.0090185
vt 0.9593122 0.0104533
vt 0.8556721 0.0285528
vt 0.8548186 0.0256687
vt 0.8738082 0.0233822
vt 0.8739009 0.0263851
vt 0.8556721 0.0285528
vt 0.9797951 0.0166319
vt 0.9591959 0.0164739
vt 0.9850702 0.1056664
vt 0.9937822 0.1091396
vt 0.9859122 0.1152306
vt 0.9796625 0.0522256
vt 0.9622215 0.0564187
vt 0.9617311 0.0534641
vt 0.9787282 0.0492420
vt 0.9796625 0.0522256
vt 0.9344968 0.1174531
vt 0.9432328 0.1077468
vt 0.9454016 0.1082878
vt 0.9376354 0.1186687
vt 0.7723846 0.0295879
vt 0.7725809 0.0325904
vt 0.7627411 0.0322292
vt 0.7632639 0.0292630
vt 0.9440818 0.0894142
vt 0.9471590 0.0896827
vt 0.9479782 0.1065341
vt 0.8568398 0.0312282
vt 0.8556721 0.0285528
vt 0.8739009 0.0263851
vt 0.8703358 0.0323808
vt 0.8568398 0.0312282
vt 0.9606352 0.0507118
vt 0.9591009 0.0481613
vt 0.9787611 0.0428401
vt 0.9785221 0.0460019
vt 0.9606352 0.0507118
vt 0.9660084 0.1094069
vt 0.9682980 0.1087444
vt 0.9717922 0.1139054
vt 0.9662145 0.1135750
vt 0.9660084 0.1094069
vt 0.9572024 0.0295555
vt 0.9568696 0.0325481
vt 0.9169692 0.0287400
vt 0.9173596 0.0257651
vt 0.9572024 0.0295555
vt 0.8739009 0.0263851
vt 0.8738082 0.0233822
vt 0.9178762 0.0228089
vt 0.9169084 0.0256614
vt 0.9971511 0.0098326
vt 0.9974052 0.0128320
vt 0.9805254 0.0165592
vt 0.9798669 0.0136229
vt 0.9971511 0.0098326
vt 0.9576131 0.0455701
vt 0.9566212 0.0427588
vt 0.9785301 0.0367909
vt 0.9789630 0.0397822
vt 0.9576131 0.0455701
vt 0.7642391 0.0264134
vt 0.7659637 0.0186770
vt 0.7731668 0.0185123
vt 0.7723846 0.0295879
vt 0.8738082 0.0233822
vt 0.8548186 0.0256687
vt 0.8520627 0.0163860
vt 0.8730770 0.0142443
vt 0.9856791 0.0998098
vt 0.9859244 0.1016957
vt 0.9667873 0.1023729
vt 0.9671508 0.0993391
vt 0.9591959 0.0164739
vt 0.9591644 0.0194829
vt 0.9182480 0.0142875
vt 0.8730770 0.0142443
vt 0.8736831 0.0112972
vt 0.9182463 0.0112779
vt 0.8447074 0.0142200
vt 0.8479751 0.0236458
vt 0.7723846 0.0295879
vt 0.7746019 0.0187241
vt 0.9959889 0.0070556
vt 0.9796475 0.0106229
vt 0.9792808 0.0051261
vt 0.9920908 0.0025520
vt 0.9964428 0.0964746
vt 0.9979826 0.1010467
vt 0.9859244 0.1016957
vt 0.5066027 0.0214614
vt 0.5167602 0.0221934
vt 0.5182766 0.0289167
vt 0.5060367 0.0249079
vt 0.5066027 0.0214614
vt 0.9801320 0.0487736
vt 0.9809491 0.0514304
vt 0.9796625 0.0522256
vt 0.9787282 0.0492420
vt 0.5213076 0.0328191
vt 0.5215417 0.0313015
vt 0.7627324 0.0292200
vt 0.7627411 0.0322292
vt 0.9815366 0.0436671
vt 0.9805447 0.0462334
vt 0.9785221 0.0460019
vt 0.9787611 0.0428401
vt 0.9796475 0.0106229
vt 0.9593122 0.0104533
vt 0.9589479 0.0048416
vt 0.9796475 0.0106229
vt 0.9535392 0.1104970
vt 0.9479782 0.1065341
vt 0.9567254 0.1036028
vt 0.9471590 0.0896827
vt 0.9480583 0.0831376
vt 0.9513820 0.0823643
vt 0.9529608 0.0887966
vt 0.9562806 0.1132814
vt 0.9454016 0.1082878
vt 0.9479782 0.1065341
vt 0.9535392 0.1104970
vt 0.7725809 0.0325904
vt 0.7723846 0.0295879
vt 0.8479751 0.0236458
vt 0.8479306 0.0266556
vt 0.7725809 0.0325904
vt 0.4990404 0.0226215
vt 0.5034003 0.0212601
vt 0.4991836 0.0251786
vt 0.9289952 0.0879302
vt 0.9372095 0.0866407
vt 0.9377446 0.0892681
vt 0.9292665 0.0898678
vt 0.9289952 0.0879302
vt 0.9963963 0.0160711
vt 0.9958478 0.0190306
vt 0.9828247 0.0221191
vt 0.9815960 0.0193719
vt 0.5166351 0.0191778
vt 0.5167602 0.0221934
vt 0.5066027 0.0214614
vt 0.5076079 0.0186275
vt 0.5215417 0.0313015
vt 0.5216580 0.0282938
vt 0.7628357 0.0262119
vt 0.7627324 0.0292200
vt 0.5215417 0.0313015
vt 0.5209305 0.0214690
vt 0.5210550 0.0184619
vt 0.7614422 0.0154163
vt 0.7621685 0.0183370
vt 0.5209305 0.0214690
vt 0.7731979 0.0371129
vt 0.7725809 0.0325904
vt 0.8479306 0.0266556
vt 0.8474811 0.0296237
vt 0.8437176 0.0033513
vt 0.8442145 0.0112506
vt 0.7745121 0.0157155
vt 0.7742608 0.0091748
vt 0.7621685 0.0183370
vt 0.7628357 0.0262119
vt 0.9805447 0.0462334
vt 0.9801320 0.0487736
vt 0.9787282 0.0492420
vt 0.9785221 0.0460019
vt 0.4983229 0.0278552
vt 0.4991836 0.0251786
vt 0.5060367 0.0249079
vt 0.5182766 0.0289167
vt 0.9322188 0.1149026
vt 0.9408377 0.1070455
vt 0.9432328 0.1077468
vt 0.9344968 0.1174531
vt 0.9322188 0.1149026
vt 0.9440818 0.0894142
vt 0.9409301 0.0891954
vt 0.9394389 0.0844055
vt 0.9417039 0.0815878
vt 0.9183261 0.0082691
vt 0.9182463 0.0112779
vt 0.8742468 0.0083408
vt 0.7627411 0.0322292
vt 0.7725809 0.0325904
vt 0.7721689 0.0371250
vt 0.7628739 0.0366141
vt 0.7627411 0.0322292
vt 0.9589479 0.0048416
vt 0.9593122 0.0104533
vt 0.9211654 0.0090185
vt 0.9244501 0.0037099
vt 0.8720866 0.0114111
vt 0.8522345 0.0133875
vt 0.8538176 0.0056257
vt 0.8709501 0.0086498
vt 0.9409301 0.0891954
vt 0.9377446 0.0892681
vt 0.9372095 0.0866407
vt 0.9394389 0.0844055
vt 0.8442145 0.0112506
vt 0.8447074 0.0142200
vt 0.7746019 0.0187241
vt 0.7745121 0.0157155
vt 0.8442145 0.0112506
vt 0.9787282 0.0492420
vt 0.9617311 0.0534641
vt 0.9606352 0.0507118
vt 0.9788970 0.0286121
vt 0.9588309 0.0268550
vt 0.9586375 0.0238534
vt 0.9788365 0.0256048
vt 0.9788970 0.0286121
vt 0.9602412 0.1009218
vt 0.9596114 0.0972537
vt 0.9676785 0.0963780
vt 0.9671508 0.0993391
vt 0.8710656 0.0327663
vt 0.8739009 0.0263851
vt 0.9169084 0.0256614
vt 0.9154714 0.0282338
vt 0.9848552 0.0977131
vt 0.9835311 0.0881182
vt 0.9930997 0.0933412
vt 0.9671276 0.1055691
vt 0.9682980 0.1087444
vt 0.9660084 0.1094069
vt 0.9645488 0.1069424
vt 0.9671276 0.1055691
vt 0.9588577 0.0945458
vt 0.9665653 0.0915730
vt 0.9676785 0.0963780
vt 0.9596114 0.0972537
vt 0.7632639 0.0292630
vt 0.7642391 0.0264134
vt 0.7723846 0.0295879
vt 0.4973975 0.0362248
vt 0.4970419 0.0337203
vt 0.5182992 0.0334371
vt 0.5185248 0.0368731
vt 0.9835311 0.0881182
vt 0.9848552 0.0977131
vt 0.9676785 0.0963780
vt 0.9665653 0.0915730
vt 0.8730770 0.0142443
vt 0.8520627 0.0163860
vt 0.8522345 0.0133875
vt 0.8720866 0.0114111
vt 0.9565989 0.0355341
vt 0.9566212 0.0427588
vt 0.9221534 0.0411487
vt 0.9200106 0.0341008
vt 0.9823519 0.0368015
vt 0.9826379 0.0397937
vt 0.9789630 0.0397822
vt 0.9785301 0.0367909
vt 0.9671508 0.0993391
vt 0.9667873 0.1023729
vt 0.9621459 0.1042017
vt 0.9602412 0.1009218
vt 0.9591959 0.0164739
vt 0.9182480 0.0142875
vt 0.9196452 0.0116194
vt 0.9591947 0.0134640
vt 0.9717922 0.1139054
vt 0.9682980 0.1087444
vt 0.9850702 0.1056664
vt 0.9859122 0.1152306
vt 0.9471590 0.0896827
vt 0.9529608 0.0887966
vt 0.9567254 0.1036028
vt 0.9479782 0.1065341
vt 0.5106003 0.0111725
vt 0.5181196 0.0126823
vt 0.5076079 0.0186275
vt 0.9287799 0.1060028
vt 0.9408377 0.1070455
vt 0.9322188 0.1149026
vt 0.9856756 0.1035678
vt 0.9968041 0.1057250
vt 0.9937822 0.1091396
vt 0.9565989 0.0355341
vt 0.9200106 0.0341008
vt 0.9169692 0.0287400
vt 0.9565989 0.0355341
vt 0.9437911 0.0813060
vt 0.9480583 0.0831376
vt 0.9471590 0.0896827
vt 0.9440818 0.0894142
vt 0.9437911 0.0813060
vt 0.9970824 0.0248372
vt 0.9846184 0.0278523
vt 0.9839031 0.0249288
vt 0.9959777 0.0220376
vt 0.4990404 0.0226215
vt 0.4987982 0.0185563
vt 0.5032030 0.0179220
vt 0.5034003 0.0212601
vt 0.9287799 0.1060028
vt 0.9292665 0.0898678
vt 0.9377446 0.0892681
vt 0.9408377 0.1070455
vt 0.9809756 0.0338596
vt 0.9785301 0.0367909
vt 0.9741052 0.0310200
vt 0.9750397 0.0296971
vt 0.9809756 0.0338596
vt 0.9856791 0.0998098
vt 0.9848552 0.0977131
vt 0.9930997 0.0933412
vt 0.9964428 0.0964746
vt 0.9979826 0.1010467
vt 0.9968041 0.1057250
vt 0.9856756 0.1035678
vt 0.9859244 0.1016957
vt 0.7659637 0.0186770
vt 0.7659253 0.0156669
vt 0.7727394 0.0155333
vt 0.7731668 0.0185123
vt 0.5210550 0.0184619
vt 0.5219739 0.0118239
vt 0.7615462 0.0091098
vt 0.7614422 0.0154163
vt 0.9958478 0.0190306
vt 0.9959777 0.0220376
vt 0.9839031 0.0249288
vt 0.9828247 0.0221191
vt 0.9815366 0.0436671
vt 0.9787611 0.0428401
vt 0.9789630 0.0397822
vt 0.9824093 0.0408462
vt 0.9794629 0.0196238
vt 0.9790619 0.0226033
vt 0.9586375 0.0238534
vt 0.9593527 0.0194796
vt 0.9856791 0.0998098
vt 0.9671508 0.0993391
vt 0.9676785 0.0963780
vt 0.9848552 0.0977131
vt 0.5184907 0.0319164
vt 0.5182992 0.0334371
vt 0.4970419 0.0337203
vt 0.4974420 0.0307367
vt 0.7659253 0.0156669
vt 0.7661632 0.0093485
vt 0.7724294 0.0089769
vt 0.9454016 0.1082878
vt 0.9432328 0.1077468
vt 0.9409301 0.0891954
vt 0.9440818 0.0894142
vt 0.9785301 0.0367909
vt 0.9566212 0.0427588
vt 0.9741052 0.0310200
vt 0.9785301 0.0367909
vt 0.4974420 0.0307367
vt 0.4983229 0.0278552
vt 0.5182766 0.0289167
vt 0.5184907 0.0319164
vt 0.4974420 0.0307367
vt 0.9797951 0.0166319
vt 0.9794629 0.0196238
vt 0.9593527 0.0194796
vt 0.9591959 0.0164739
vt 0.9667873 0.1023729
vt 0.9671276 0.1055691
vt 0.9645488 0.1069424
vt 0.9621459 0.1042017
vt 0.9671276 0.1055691
vt 0.9856756 0.1035678
vt 0.9850702 0.1056664
vt 0.9682980 0.1087444
vt 0.9859244 0.1016957
vt 0.9856756 0.1035678
vt 0.9377446 0.0892681
vt 0.9409301 0.0891954
vt 0.9432328 0.1077468
vt 0.9408377 0.1070455
vt 0.9789630 0.0397822
vt 0.9787611 0.0428401
vt 0.9591009 0.0481613
vt 0.9576131 0.0455701
vt 0.9572024 0.0295555
vt 0.9173596 0.0257651
vt 0.9178762 0.0228089
vt 0.9575615 0.0265666
vt 0.9578995 0.0235761
vt 0.9182480 0.0142875
vt 0.9591644 0.0194829
vt 0.9578995 0.0235761
vt 0.9165391 0.0343189
vt 0.8710656 0.0327663
vt 0.9154714 0.0282338
vt 0.5706696 0.1083404
vt 0.5646512 0.1120780
vt 0.5613781 0.1064007
vt 0.5682894 0.1036541
vt 0.6071291 0.1196434
vt 0.6126869 0.1166455
vt 0.6159003 0.1232585
vt 0.6099954 0.1261210
vt 0.6071291 0.1196434
vt 0.6032898 0.1136914
vt 0.6089246 0.1103281
vt 0.6032898 0.1136914
vt 0.5976259 0.1094385
vt 0.6004015 0.1049780
vt 0.6070487 0.1083195
vt 0.5913216 0.1062252
vt 0.5936447 0.1019897
vt 0.5976259 0.1094385
vt 0.5913216 0.1062252
vt 0.5842985 0.1053160
vt 0.5844799 0.1006930
vt 0.5918044 0.1014264
vt 0.5772263 0.1056709
vt 0.5771209 0.1008496
vt 0.5842985 0.1053160
vt 0.5772263 0.1056709
vt 0.5752736 0.1012552
vt 0.5706696 0.1083404
vt 0.5682894 0.1036541
vt 0.5733814 0.1136429
vt 0.5687730 0.1166759
vt 0.5706696 0.1083404
vt 0.6019011 0.1224638
vt 0.6071291 0.1196434
vt 0.6099954 0.1261210
vt 0.6039861 0.1275807
vt 0.5895216 0.1121200
vt 0.5821218 0.1188098
vt 0.5844397 0.1139365
vt 0.5987718 0.1179088
vt 0.6032898 0.1136914
vt 0.5944502 0.1144783
vt 0.5976259 0.1094385
vt 0.6032898 0.1136914
vt 0.5987718 0.1179088
vt 0.5976259 0.1094385
vt 0.5772263 0.1056709
vt 0.5785548 0.1116864
vt 0.5733814 0.1136429
vt 0.5706696 0.1083404
vt 0.5772263 0.1056709
vt 0.5842985 0.1053160
vt 0.5840630 0.1112800
vt 0.5913216 0.1062252
vt 0.5444826 0.0952090
vt 0.5489992 0.0899155
vt 0.5459610 0.0964395
vt 0.5879359 0.0814750
vt 0.5887008 0.0798244
vt 0.5946887 0.0830715
vt 0.5940256 0.0849464
vt 0.5813510 0.0790734
vt 0.5823526 0.0773549
vt 0.5887008 0.0798244
vt 0.5812826 0.0771492
vt 0.5743260 0.0774606
vt 0.5640301 0.0885236
vt 0.5605636 0.0814776
vt 0.5672941 0.0790888
vt 0.5690458 0.0867420
vt 0.5640301 0.0885236
vt 0.5595585 0.0914104
vt 0.5545638 0.0853522
vt 0.5640301 0.0885236
vt 0.5558730 0.0952497
vt 0.5489992 0.0899155
vt 0.5545638 0.0853522
vt 0.5662948 0.0961856
vt 0.5657133 0.0908936
vt 0.5558730 0.0952497
vt 0.5530697 0.0997727
vt 0.5459610 0.0964395
vt 0.5489992 0.0899155
vt 0.5846545 0.0885384
vt 0.5879359 0.0814750
vt 0.5940256 0.0849464
vt 0.5892791 0.0912683
vt 0.5846545 0.0885384
vt 0.5795901 0.0867528
vt 0.5743260 0.0861601
vt 0.5743260 0.0774606
vt 0.5672941 0.0790888
vt 0.5743260 0.0861601
vt 0.5839217 0.1238967
vt 0.5821218 0.1188098
vt 0.5895216 0.1121200
vt 0.5944502 0.1144783
vt 0.5839217 0.1238967
vt 0.5887890 0.1262265
vt 0.5962226 0.1195772
vt 0.5938810 0.1244383
vt 0.5704485 0.0995158
vt 0.5690458 0.0867420
vt 0.5743260 0.0861601
vt 0.5704485 0.0995158
vt 0.5757402 0.0989326
vt 0.5784825 0.0894858
vt 0.5790683 0.0947775
vt 0.7227837 0.1149295
vt 0.7181196 0.1149068
vt 0.7183649 0.0939128
vt 0.7230281 0.0940019
vt 0.7227837 0.1149295
vt 0.7200145 0.0904426
vt 0.7394966 0.0906799
vt 0.7364385 0.0941657
vt 0.7391614 0.1186740
vt 0.7196791 0.1184103
vt 0.7227837 0.1149295
vt 0.7361934 0.1151109
vt 0.7391614 0.1186740
vt 0.7127110 0.0937671
vt 0.7183649 0.0939128
vt 0.7181196 0.1149068
vt 0.7124657 0.1148259
vt 0.7432255 0.1152201
vt 0.7408296 0.1152082
vt 0.7410752 0.0941878
vt 0.7434718 0.0941382
vt 0.7432255 0.1152201
vt 0.7410752 0.0941878
vt 0.7227837 0.1149295
vt 0.7200145 0.0904426
vt 0.7201142 0.0847883
vt 0.7395722 0.0882841
vt 0.7394966 0.0906799
vt 0.7391614 0.1186740
vt 0.7391755 0.1210698
vt 0.7196338 0.1240646
vt 0.7196791 0.1184103
vt 0.6992663 0.0931078
vt 0.7042149 0.0931078
vt 0.7042156 0.1140171
vt 0.6992663 0.1140171
vt 0.6992663 0.0931078
vt 0.7028564 0.0836924
vt 0.7027422 0.0895848
vt 0.6804393 0.0895848
vt 0.6805544 0.0836924
vt 0.6839152 0.1140177
vt 0.6839152 0.0931078
vt 0.6992663 0.0931078
vt 0.6839152 0.1140177
vt 0.7027422 0.1175406
vt 0.6804393 0.1175406
vt 0.7100967 0.1136410
vt 0.7042156 0.1140171
vt 0.7042149 0.0931078
vt 0.7100967 0.0927316
vt 0.7100967 0.1136410
vt 0.6789659 0.1140177
vt 0.6730848 0.1136410
vt 0.6730848 0.0927316
vt 0.6789659 0.0931078
vt 0.6789659 0.1140177
vt 0.6839152 0.0931078
vt 0.6789659 0.0931078
vt 0.6804393 0.0895848
vt 0.7027422 0.0895848
vt 0.6992663 0.0931078
vt 0.6839152 0.0931078
vt 0.6804393 0.0895848
vt 0.7027422 0.1175406
vt 0.7028564 0.1234330
vt 0.6805544 0.1234330
vt 0.6804393 0.1175406
vt 0.7027422 0.1175406
vt 0.4445722 0.1889110
vt 0.4390385 0.1878624
vt 0.4390385 0.1777114
vt 0.4445722 0.1766629
vt 0.4445722 0.1889110
vt 0.4345367 0.1915065
vt 0.4093807 0.1915065
vt 0.4093807 0.1740673
vt 0.4345367 0.1740673
vt 0.4091728 0.1971058
vt 0.4347446 0.1971058
vt 0.4048789 0.1777114
vt 0.4008305 0.1737974
vt 0.4067366 0.1691291
vt 0.4067366 0.1964452
vt 0.4008305 0.1917764
vt 0.4048789 0.1878624
vt 0.4091728 0.1684688
vt 0.4347446 0.1684688
vt 0.4345367 0.1740673
vt 0.4093807 0.1740673
vt 0.3993449 0.1766629
vt 0.3993449 0.1889110
vt 0.4371808 0.1691291
vt 0.4430869 0.1737974
vt 0.4390385 0.1777114
vt 0.4345367 0.1740673
vt 0.4390385 0.1878624
vt 0.4430869 0.1917764
vt 0.4371808 0.1964446
vt 0.4345367 0.1915065
vt 0.4390385 0.1878624
vt 0.4390385 0.1777114
vt 0.4048789 0.1878624
vt 0.4048789 0.1777114
vt 0.4093807 0.1915065
vt 0.7551191 0.1148972
vt 0.7552868 0.0948365
vt 0.7587243 0.0979915
vt 0.7586854 0.1118006
vt 0.7793961 0.0982722
vt 0.7794347 0.1120799
vt 0.7586854 0.1118006
vt 0.7588261 0.0932990
vt 0.7795363 0.0935796
vt 0.7587243 0.0979915
vt 0.7588261 0.0932990
vt 0.7798627 0.0858426
vt 0.7591520 0.0855614
vt 0.7830008 0.1151765
vt 0.7828332 0.0951166
vt 0.7905777 0.0951443
vt 0.7907453 0.1152042
vt 0.7830008 0.1151765
vt 0.7794936 0.1167732
vt 0.7796102 0.1245170
vt 0.7589000 0.1242377
vt 0.7587824 0.1164944
vt 0.7586854 0.1118006
vt 0.7794347 0.1120799
vt 0.7473746 0.1149241
vt 0.7475422 0.0948643
vt 0.7552868 0.0948365
vt 0.7830008 0.1151765
vt 0.7793961 0.0982722
vt 0.7828332 0.0951166
vt 0.7830008 0.1151765
vt 0.5586806 0.0513915
vt 0.6039144 0.0518070
vt 0.6030639 0.0609533
vt 0.5590390 0.0599133
vt 0.5176882 0.0507700
vt 0.4969935 0.0510046
vt 0.4972061 0.0480016
vt 0.5175588 0.0477564
vt 0.5176882 0.0507700
vt 0.7119334 0.0727988
vt 0.9536053 0.0733658
vt 0.9534261 0.0765141
vt 0.7117994 0.0771879
vt 0.7119334 0.0727988
vt 0.4796888 0.0472171
vt 0.4808491 0.0444369
vt 0.4972061 0.0480016
vt 0.4794365 0.0502189
vt 0.4963343 0.0539440
vt 0.4952632 0.0567598
vt 0.4804473 0.0534602
vt 0.5182812 0.0611708
vt 0.4980683 0.0629941
vt 0.4978325 0.0599905
vt 0.5175588 0.0477564
vt 0.5557359 0.0461360
vt 0.5572680 0.0487305
vt 0.5175588 0.0477564
vt 0.6211569 0.0663728
vt 0.6029470 0.0639572
vt 0.6030639 0.0609533
vt 0.6220414 0.0634998
vt 0.4970783 0.0540161
vt 0.5176882 0.0507700
vt 0.5176982 0.0537833
vt 0.4970783 0.0540161
vt 0.9504622 0.1316133
vt 0.9496201 0.1410486
vt 0.9418732 0.1350205
vt 0.4974044 0.0894806
vt 0.4983476 0.0864967
vt 0.5153511 0.0907650
vt 0.5148525 0.0937213
vt 0.9314484 0.1509682
vt 0.9283337 0.1521736
vt 0.9206280 0.1418712
vt 0.9227797 0.1413344
vt 0.9314484 0.1509682
vt 0.7022822 0.0701490
vt 0.7114123 0.0698299
vt 0.7119334 0.0727988
vt 0.7020842 0.0731547
vt 0.9206280 0.1418712
vt 0.9180707 0.1401316
vt 0.9188809 0.1234080
vt 0.9219353 0.1231406
vt 0.6199552 0.0690347
vt 0.6064316 0.0700060
vt 0.5164559 0.0880123
vt 0.4985628 0.0832545
vt 0.4983322 0.0800900
vt 0.5179997 0.0854621
vt 0.5164559 0.0880123
vt 0.9692153 0.1353295
vt 0.9690641 0.1394155
vt 0.9635547 0.1397834
vt 0.9669727 0.1346785
vt 0.9692153 0.1353295
vt 0.5198442 0.0668716
vt 0.5597678 0.0628238
vt 0.5601432 0.0658114
vt 0.5202258 0.0698505
vt 0.6028675 0.0639660
vt 0.5590390 0.0599133
vt 0.6030639 0.0609533
vt 0.4963343 0.0539440
vt 0.4794365 0.0502189
vt 0.5194972 0.0828699
vt 0.4981387 0.0770308
vt 0.4985755 0.0740399
vt 0.5205023 0.0800563
vt 0.7104382 0.0669773
vt 0.7022822 0.0701490
vt 0.7015079 0.0590615
vt 0.7087181 0.0592321
vt 0.7104382 0.0669773
vt 0.6039144 0.0518070
vt 0.6249201 0.0542564
vt 0.6220414 0.0634998
vt 0.6030639 0.0609533
vt 0.9498831 0.1257937
vt 0.9681467 0.1254545
vt 0.9684933 0.1284401
vt 0.9496332 0.1276547
vt 0.9498831 0.1257937
vt 0.5176982 0.0537833
vt 0.5177347 0.0567948
vt 0.5587225 0.0483800
vt 0.6033272 0.0488501
vt 0.6298937 0.0547359
vt 0.7000667 0.0592733
vt 0.7022822 0.0701490
vt 0.6266192 0.0641696
vt 0.4808491 0.0444369
vt 0.4847487 0.0399272
vt 0.4975614 0.0424988
vt 0.4972061 0.0480016
vt 0.9392718 0.1225214
vt 0.9498831 0.1257937
vt 0.9496332 0.1276547
vt 0.9377488 0.1270294
vt 0.9392718 0.1225214
vt 0.9686154 0.0695376
vt 0.9691012 0.0729998
vt 0.9567589 0.0767255
vt 0.9584334 0.0700328
vt 0.4969435 0.0860241
vt 0.4983476 0.0864967
vt 0.4961183 0.0886811
vt 0.9536053 0.0733658
vt 0.7119334 0.0727988
vt 0.7119416 0.0697868
vt 0.9533710 0.0718467
vt 0.4955514 0.0809100
vt 0.4985628 0.0832545
vt 0.4965375 0.0834807
vt 0.4975614 0.0424988
vt 0.5178999 0.0421374
vt 0.5175588 0.0477564
vt 0.9125533 0.1440656
vt 0.9093894 0.1372246
vt 0.9180707 0.1401316
vt 0.9188809 0.1234080
vt 0.9131226 0.1225302
vt 0.9146878 0.1161462
vt 0.9179866 0.1169128
vt 0.9188809 0.1234080
vt 0.9098329 0.1468294
vt 0.9180707 0.1401316
vt 0.7020842 0.0731547
vt 0.6266626 0.0671823
vt 0.6266192 0.0641696
vt 0.7022822 0.0701490
vt 0.9761558 0.0708749
vt 0.9759528 0.0734306
vt 0.9691012 0.0729998
vt 0.9718245 0.0694110
vt 0.9369082 0.1216683
vt 0.9366395 0.1235914
vt 0.9282257 0.1229961
vt 0.9287562 0.1203886
vt 0.4804473 0.0534602
vt 0.4952632 0.0567598
vt 0.4940339 0.0595101
vt 0.4809971 0.0564221
vt 0.9586291 0.0670179
vt 0.9676757 0.0666782
vt 0.9686154 0.0695376
vt 0.9584334 0.0700328
vt 0.9533710 0.0718467
vt 0.7119416 0.0697868
vt 0.7118380 0.0667760
vt 0.9532543 0.0688360
vt 0.9539819 0.0620042
vt 0.7125050 0.0588933
vt 0.7132317 0.0559698
vt 0.9538569 0.0589941
vt 0.7014648 0.0776814
vt 0.6271112 0.0701535
vt 0.6266626 0.0671823
vt 0.7020842 0.0731547
vt 0.6308886 0.0438569
vt 0.7004118 0.0497146
vt 0.7001575 0.0562617
vt 0.6303880 0.0517637
vt 0.9532543 0.0688360
vt 0.7118380 0.0667760
vt 0.7125050 0.0588933
vt 0.9539819 0.0620042
vt 0.4985628 0.0832545
vt 0.4969435 0.0860241
vt 0.9767516 0.0761293
vt 0.9567589 0.0767255
vt 0.9691012 0.0729998
vt 0.9759528 0.0734306
vt 0.9767516 0.0761293
vt 0.9337093 0.1484367
vt 0.9314484 0.1509682
vt 0.9227797 0.1413344
vt 0.9251568 0.1406387
vt 0.9337093 0.1484367
vt 0.9219353 0.1231406
vt 0.9242966 0.1153741
vt 0.9265437 0.1181705
vt 0.9250638 0.1229240
vt 0.5586730 0.0453679
vt 0.6027927 0.0458849
vt 0.6033272 0.0488501
vt 0.5587225 0.0483800
vt 0.7119334 0.0727988
vt 0.7117994 0.0771879
vt 0.7024943 0.0776943
vt 0.7020842 0.0731547
vt 0.5178999 0.0421374
vt 0.5524237 0.0408385
vt 0.5557359 0.0461360
vt 0.5175588 0.0477564
vt 0.6049526 0.0489703
vt 0.6061374 0.0462179
vt 0.6233352 0.0434791
vt 0.6247902 0.0512669
vt 0.6049526 0.0489703
vt 0.9250638 0.1229240
vt 0.9265437 0.1181705
vt 0.9287562 0.1203886
vt 0.9282257 0.1229961
vt 0.6303880 0.0517637
vt 0.7001575 0.0562617
vt 0.7000667 0.0592733
vt 0.6298937 0.0547359
vt 0.5164559 0.0880123
vt 0.5153511 0.0907650
vt 0.4980182 0.0660046
vt 0.4980683 0.0629941
vt 0.5182812 0.0611708
vt 0.5180979 0.0641762
vt 0.9749521 0.1270263
vt 0.9681467 0.1254545
vt 0.9676331 0.1225220
vt 0.9755825 0.1234097
vt 0.9749521 0.1270263
vt 0.6056152 0.0703797
vt 0.5612113 0.0654140
vt 0.6028675 0.0639660
vt 0.9507037 0.1237402
vt 0.9425749 0.1194438
vt 0.9520179 0.1142890
vt 0.9681481 0.1315674
vt 0.9706808 0.1329427
vt 0.9692153 0.1353295
vt 0.9669727 0.1346785
vt 0.9763333 0.1207426
vt 0.9755825 0.1234097
vt 0.9676331 0.1225220
vt 0.9687463 0.1177843
vt 0.9763333 0.1207426
vt 0.7114123 0.0698299
vt 0.7022822 0.0701490
vt 0.7104382 0.0669773
vt 0.9774821 0.0845266
vt 0.9563246 0.0846817
vt 0.9566306 0.0812486
vt 0.9778966 0.0820285
vt 0.9774821 0.0845266
vt 0.9520179 0.1142890
vt 0.9687463 0.1177843
vt 0.9676331 0.1225220
vt 0.9507037 0.1237402
vt 0.6039144 0.0518070
vt 0.6049526 0.0489703
vt 0.6247902 0.0512669
vt 0.6249201 0.0542564
vt 0.5205143 0.0728268
vt 0.5571240 0.0712016
vt 0.5550107 0.0782707
vt 0.5205023 0.0800563
vt 0.4947501 0.0740439
vt 0.4985755 0.0740399
vt 0.4981387 0.0770308
vt 0.4944599 0.0770387
vt 0.9681467 0.1254545
vt 0.9749521 0.1270263
vt 0.9730636 0.1302552
vt 0.9684933 0.1284401
vt 0.5176982 0.0537833
vt 0.5176882 0.0507700
vt 0.5572680 0.0487305
vt 0.9635547 0.1397834
vt 0.9496201 0.1410486
vt 0.9504622 0.1316133
vt 0.9669727 0.1346785
vt 0.9188809 0.1234080
vt 0.9180707 0.1401316
vt 0.9093894 0.1372246
vt 0.9131226 0.1225302
vt 0.9188809 0.1234080
vt 0.9648555 0.0591480
vt 0.9676757 0.0666782
vt 0.9586291 0.0670179
vt 0.9572955 0.0604830
vt 0.9371230 0.1396040
vt 0.9337093 0.1484367
vt 0.9251568 0.1406387
vt 0.9418732 0.1350205
vt 0.9389027 0.1316447
vt 0.9498719 0.1295224
vt 0.5601432 0.0658114
vt 0.5571240 0.0712016
vt 0.9222202 0.1150941
vt 0.9219353 0.1231406
vt 0.9188809 0.1234080
vt 0.9179866 0.1169128
vt 0.9222202 0.1150941
vt 0.4797629 0.0622345
vt 0.4808679 0.0594319
vt 0.4929552 0.0623227
vt 0.4922400 0.0652492
vt 0.9761558 0.0708749
vt 0.9718245 0.0694110
vt 0.9720996 0.0660751
vt 0.9764928 0.0668125
vt 0.9761558 0.0708749
vt 0.9251568 0.1406387
vt 0.9282257 0.1229961
vt 0.9366395 0.1235914
vt 0.4961322 0.0711018
vt 0.5020813 0.0669459
vt 0.5030135 0.0682726
vt 0.4985755 0.0740399
vt 0.9498831 0.1257937
vt 0.9392718 0.1225214
vt 0.9425749 0.1194438
vt 0.9507037 0.1237402
vt 0.9377488 0.1270294
vt 0.9496332 0.1276547
vt 0.9498719 0.1295224
vt 0.9389027 0.1316447
vt 0.7087181 0.0592321
vt 0.7015079 0.0590615
vt 0.7019383 0.0560799
vt 0.7087591 0.0562191
vt 0.9538569 0.0589941
vt 0.7132317 0.0559698
vt 0.7131270 0.0496571
vt 0.9529365 0.0523496
vt 0.4808679 0.0594319
vt 0.4946861 0.0780842
vt 0.4974213 0.0570095
vt 0.5175507 0.0567942
vt 0.4978325 0.0599905
vt 0.9498831 0.1257937
vt 0.9676331 0.1225220
vt 0.9681467 0.1254545
vt 0.9564745 0.0797223
vt 0.9775658 0.0790334
vt 0.9778966 0.0820285
vt 0.9566306 0.0812486
vt 0.9564745 0.0797223
vt 0.7087591 0.0562191
vt 0.7022539 0.0495173
vt 0.7085260 0.0498943
vt 0.9219353 0.1231406
vt 0.9250638 0.1229240
vt 0.9227797 0.1413344
vt 0.9775658 0.0790334
vt 0.9564745 0.0797223
vt 0.9567589 0.0767255
vt 0.9767516 0.0761293
vt 0.4970783 0.0540161
vt 0.5176982 0.0537833
vt 0.9684933 0.1284401
vt 0.9730636 0.1302552
vt 0.9706808 0.1329427
vt 0.9681481 0.1315674
vt 0.9669727 0.1346785
vt 0.9504622 0.1316133
vt 0.9498719 0.1295224
vt 0.9496332 0.1276547
vt 0.9282257 0.1229961
vt 0.9251568 0.1406387
vt 0.9227797 0.1413344
vt 0.5179997 0.0854621
vt 0.5198442 0.0668716
vt 0.5194017 0.0638900
vt 0.5590390 0.0599133
vt 0.5190134 0.0608919
vt 0.5177347 0.0567948
vt 0.5600840 0.0714948
vn 0.9763826 0.1498120 -0.1556706
vn 0.9763826 0.1498120 -0.1556706
vn 0.9763826 0.1498120 -0.1556706
vn 0.9406502 0.2905140 -0.1754388
vn 0.9763826 0.1498120 -0.1556706
vn 0.0000000 0.9823518 -0.1870427
vn 0.0000000 0.9823518 -0.1870427
vn 0.9763826 0.1498120 -0.1556706
vn 0.0000000 0.9823518 -0.1870427
vn 0.0000002 0.3529932 -0.9356259
vn -0.0000000 0.3529888 -0.9356276
vn -0.7322186 0.2739435 0.6235470
vn -0.7322186 0.2739435 0.6235470
vn -0.7322186 0.2739435 0.6235470
vn -0.7428451 0.2283077 0.6293304
vn 0.0000000 0.9823518 -0.1870427
vn 0.9406502 0.2905140 -0.1754388
vn 0.0000002 0.3529932 -0.9356259
vn 0.0000000 0.9823518 -0.1870427
vn -0.0000000 0.3529888 -0.9356276
vn -0.7177667 0.3908427 -0.5762404
vn 0.0000000 0.9823518 -0.1870427
vn 0.9763826 0.1498120 -0.1556706
vn 0.7428442 0.2283078 0.6293314
vn 0.7428443 0.2283078 0.6293313
vn 0.9763826 0.1498120 -0.1556706
vn -0.7428451 0.2283077 0.6293304
vn -0.7322186 0.2739435 0.6235470
vn 0.7428443 0.2283078 0.6293313
vn 0.7428442 0.2283078 0.6293314
vn 0.0000000 0.9823518 -0.1870427
vn -0.7177667 0.3908427 -0.5762404
vn -0.7322186 0.2739435 0.6235470
vn -0.7322186 0.2739435 0.6235470
vn 0.9763826 0.1498120 -0.1556706
vn -0.7428451 0.2283077 0.6293304
vn 0.7428442 0.2283078 0.6293314
vn -0.7322186 0.2739435 0.6235470
vn -0.7428451 0.2283077 0.6293304
vn 0.0000000 0.9987258 0.0504658
vn 0.0000000 0.9987258 0.0504658
vn 0.0000000 0.9987258 0.0504658
vn -1.0000000 0.0000000 -0.0000002
vn -1.0000000 0.0000000 -0.0000002
vn -1.0000000 0.0000000 -0.0000002
vn 0.0000000 0.6691661 -0.7431129
vn 0.0000000 0.6691661 -0.7431129
vn -0.0000000 0.6691660 -0.7431129
vn -1.0000000 0.0000000 -0.0000002
vn 0.0000000 0.0504755 -0.9987253
vn 0.0000000 0.0504755 -0.9987253
vn -1.0000000 0.0000000 -0.0000002
vn -0.0000000 0.6691660 -0.7431129
vn 0.0000000 0.0504755 -0.9987253
vn 0.0000000 0.9987258 0.0504658
vn 0.0000000 -0.5446831 -0.8386419
vn 0.0000000 0.6691661 -0.7431129
vn 0.0000000 0.6691661 -0.7431129
vn 0.0000000 -0.5446830 -0.8386420
vn 0.0000000 0.0504755 -0.9987253
vn -1.0000000 0.0000000 -0.0000002
vn -0.0000003 0.3586363 0.9334774
vn 0.0000000 0.9987258 0.0504658
vn 0.0000000 0.9987258 0.0504658
vn -1.0000000 0.0000000 -0.0000002
vn 0.0000000 0.0504755 -0.9987253
vn -0.0000000 0.6691660 -0.7431129
vn -1.0000000 0.0000000 -0.0000002
vn -1.0000000 0.0000000 -0.0000002
vn -0.0000003 0.3586363 0.9334774
vn 1.0000000 -0.0000003 0.0000002
vn 0.0000000 0.9987258 0.0504658
vn 1.0000000 -0.0000000 0.0000002
vn 1.0000000 -0.0000003 0.0000002
vn 0.0000000 0.9987258 0.0504658
vn 1.0000000 -0.0000003 0.0000002
vn 1.0000000 -0.0000000 0.0000002
vn 0.0000000 0.0504755 -0.9987253
vn -0.0000000 0.0504755 -0.9987253
vn 0.0000000 0.6691661 -0.7431129
vn 0.0000000 0.9987258 0.0504658
vn 1.0000000 -0.0000003 0.0000002
vn -0.0000000 0.0504755 -0.9987253
vn 0.0000000 0.0504755 -0.9987253
vn 0.0000000 0.6691661 -0.7431129
vn -0.0528537 0.9986023 -0.0000000
vn -0.0528537 0.9986023 -0.0000000
vn -0.0528537 0.9986023 -0.0000000
vn -0.1288688 0.9914329 -0.0212981
vn -0.1288688 0.9914329 -0.0212981
vn -0.9933272 -0.1150291 0.0083268
vn -0.9933272 -0.1150291 0.0083268
vn -0.9933272 -0.1150291 0.0083268
vn -0.9930388 -0.1177245 0.0038649
vn -0.9933272 -0.1150291 0.0083268
vn -0.6928430 0.0000000 0.7210885
vn -0.6928430 0.0000000 0.7210885
vn -0.6928430 0.0000000 0.7210885
vn 0.0000000 -0.2804815 0.9598594
vn 0.0000000 -0.2804814 0.9598595
vn 0.0000000 -0.2804815 0.9598594
vn 0.0000000 -0.0829090 0.9965571
vn 0.0000000 -0.2804815 0.9598594
vn -0.0423939 -0.0367370 0.9984253
vn -0.0528537 0.9986023 -0.0000000
vn -0.0528537 0.9986023 -0.0000000
vn -0.0528537 0.9986023 -0.0000000
vn -0.0528537 0.9986023 -0.0000000
vn -0.0528537 0.9986023 -0.0000000
vn -0.9976249 -0.0688812 -0.0000002
vn -0.1288688 0.9914329 -0.0212981
vn -0.0528537 0.9986023 -0.0000000
vn -0.0528537 0.9986023 -0.0000000
vn -0.9933272 -0.1150291 0.0083268
vn -0.9969540 -0.0278123 0.0728639
vn 0.0000000 -0.2804814 0.9598595
vn -0.4892294 -0.1828150 0.8527797
vn 0.0000000 -1.0000000 -0.0000000
vn 0.0000000 -1.0000000 -0.0000000
vn -0.9933272 -0.1150291 0.0083268
vn -0.9933272 -0.1150291 0.0083268
vn 0.0000000 -1.0000000 -0.0000000
vn 0.2810254 0.4138030 0.8659052
vn -0.6928430 0.0000000 0.7210885
vn 0.2810254 0.4138030 0.8659052
vn 0.2481836 0.3996044 0.8824518
vn 0.2810254 0.4138030 0.8659052
vn -0.6928430 0.0000000 0.7210885
vn -0.9969540 -0.0278123 0.0728639
vn -0.0528537 0.9986023 -0.0000000
vn -0.0528537 0.9986023 -0.0000000
vn 1.0000000 0.0000004 0.0000004
vn -0.6928430 0.0000000 0.7210885
vn 0.0000000 1.0000000 0.0000000
vn 0.0000000 1.0000000 0.0000000
vn 0.0002271 0.9999997 0.0007202
vn -0.6928430 0.0000000 0.7210885
vn 0.2810254 0.4138030 0.8659052
vn -0.9976249 -0.0688812 -0.0000002
vn 0.2810254 0.4138030 0.8659052
vn 0.2481836 0.3996044 0.8824518
vn -0.0246419 0.9993488 0.0263569
vn -0.9976249 -0.0688812 -0.0000002
vn -0.9976249 -0.0688812 -0.0000002
vn -0.0246419 0.9993488 0.0263569
vn -0.1288688 0.9914329 -0.0212981
vn -0.1288688 0.9914329 -0.0212981
vn -0.0000000 -0.9918637 0.1273044
vn -0.0000000 -0.9918637 0.1273044
vn 0.0000000 -0.2804814 0.9598595
vn -0.4892294 -0.1828150 0.8527797
vn -0.0000000 -0.9918637 0.1273044
vn -0.6928430 0.0000000 0.7210885
vn 0.0000000 -0.0829090 0.9965571
vn -0.4892294 -0.1828150 0.8527797
vn -0.9969540 -0.0278123 0.0728639
vn -0.9930388 -0.1177245 0.0038649
vn -0.9933272 -0.1150291 0.0083268
vn -0.9969540 -0.0278123 0.0728639
vn -0.6928430 0.0000000 0.7210885
vn -0.9976249 -0.0688812 -0.0000002
vn -0.0423939 -0.0367370 0.9984253
vn -0.9933272 -0.1150291 0.0083268
vn -0.0000000 -0.9918637 0.1273044
vn 0.2810254 0.4138030 0.8659052
vn -0.6928430 0.0000000 0.7210885
vn 0.0528537 0.9986023 0.0000000
vn 0.0528537 0.9986023 0.0000000
vn 0.0528537 0.9986023 0.0000000
vn 0.0528537 0.9986023 0.0000000
vn 0.1288688 0.9914329 -0.0212980
vn 0.9930388 -0.1177246 0.0038651
vn 0.9930388 -0.1177246 0.0038651
vn 0.0000000 -1.0000000 -0.0000000
vn 0.0000000 -1.0000000 -0.0000000
vn 0.9930388 -0.1177246 0.0038651
vn 0.6928428 0.0000000 0.7210887
vn 0.6928428 0.0000000 0.7210887
vn 0.6928428 0.0000000 0.7210887
vn 0.7399707 0.0535810 0.6705016
vn 0.7399707 0.0535810 0.6705016
vn 0.0423939 -0.0367371 0.9984253
vn 0.0423939 -0.0367370 0.9984253
vn 0.0423939 -0.0367371 0.9984253
vn 0.0528537 0.9986023 0.0000000
vn 0.0528537 0.9986023 0.0000000
vn 0.0528537 0.9986023 0.0000000
vn 0.0528537 0.9986023 0.0000000
vn 0.0528537 0.9986023 0.0000000
vn 0.7399707 0.0535810 0.6705016
vn 0.9930388 -0.1177246 0.0038651
vn 0.9930388 -0.1177246 0.0038651
vn 0.9969540 -0.0278124 0.0728644
vn -0.0000000 -0.9918637 0.1273044
vn -0.0000000 -0.9918637 0.1273044
vn -0.0000000 -0.9918637 0.1273044
vn 0.0423939 -0.0367370 0.9984253
vn 0.7399707 0.0535810 0.6705016
vn -0.2481836 0.3996044 0.8824518
vn -0.2481836 0.3996044 0.8824519
vn 0.6928428 0.0000000 0.7210887
vn -1.0000000 -0.0000004 -0.0000004
vn 0.0528537 0.9986023 0.0000000
vn 0.0528537 0.9986023 0.0000000
vn -0.0002271 0.9999997 0.0007202
vn -0.0002271 0.9999997 0.0007202
vn 0.0000000 1.0000000 -0.0000000
vn 0.6928428 0.0000000 0.7210887
vn -0.2481836 0.3996044 0.8824519
vn 0.7399707 0.0535810 0.6705016
vn 0.0383749 0.9984201 0.0410456
vn -0.2481836 0.3996044 0.8824518
vn 0.0528537 0.9986023 0.0000000
vn 0.1288688 0.9914329 -0.0212980
vn 0.0383749 0.9984201 0.0410456
vn 0.9969540 -0.0278124 0.0728644
vn 0.0423939 -0.0367371 0.9984253
vn -0.0000000 -0.9918637 0.1273044
vn 0.0000000 -1.0000000 -0.0000000
vn 0.9930388 -0.1177246 0.0038651
vn -0.0000000 -0.9918637 0.1273044
vn 0.0000000 -0.2804814 0.9598595
vn -0.9999975 0.0019616 0.0011133
vn -0.9999975 0.0019616 0.0011133
vn -0.9999975 0.0019616 0.0011133
vn -0.9999925 -0.0025996 0.0028547
vn -0.9999975 0.0019616 0.0011133
vn 0.0000903 -1.0000000 0.0000000
vn 0.0000903 -1.0000000 0.0000000
vn 0.0000903 -1.0000000 0.0000000
vn -0.9999925 -0.0025996 0.0028547
vn -1.0000000 -0.0000002 -0.0000001
vn -1.0000000 -0.0000002 -0.0000001
vn -0.9999975 0.0019616 0.0011133
vn -1.0000000 0.0000000 -0.0000001
vn -0.9999975 0.0019616 0.0011133
vn -0.9999925 -0.0025996 0.0028547
vn -0.0001276 0.6724187 -0.7401710
vn -0.8836058 0.4682268 0.0021169
vn -0.8836058 0.4682268 0.0021169
vn -0.8836058 0.4682268 0.0021169
vn 0.0000000 0.9804245 -0.1968952
vn 0.0000000 0.9804246 -0.1968951
vn 0.0000000 0.9804246 -0.1968951
vn -0.0000000 0.9804245 -0.1968953
vn -0.8836058 0.4682268 0.0021169
vn -0.0118042 0.5651253 -0.8249206
vn -0.0118042 0.5651253 -0.8249206
vn -0.9999975 0.0019616 0.0011133
vn -0.9999975 0.0019616 0.0011133
vn -0.0118042 0.5651253 -0.8249206
vn -0.8884994 0.4584306 0.0202507
vn -0.8883352 0.4591954 0.0004291
vn -0.8883352 0.4591954 0.0004291
vn -0.0000002 0.6202491 0.7844049
vn 0.0000000 0.9804246 -0.1968951
vn 0.0000001 0.6202496 0.7844045
vn -0.0000002 0.6202491 0.7844049
vn 0.0000000 0.9832545 -0.1822376
vn 0.0000000 0.9832545 -0.1822376
vn 0.0000000 0.9832545 -0.1822376
vn -0.0000000 0.9832545 -0.1822376
vn 0.0000000 0.9832545 -0.1822376
vn -0.9999788 0.0065122 0.0002577
vn -0.9999788 0.0065122 0.0002577
vn -0.9999750 0.0070435 0.0006889
vn -0.8884994 0.4584306 0.0202507
vn 0.0000903 -1.0000000 0.0000000
vn -0.9999925 -0.0025996 0.0028547
vn -0.9999975 0.0019616 0.0011133
vn -0.8884994 0.4584306 0.0202507
vn -0.0000903 1.0000000 -0.0000000
vn -0.0000903 1.0000000 -0.0000000
vn -0.9999975 0.0019616 0.0011133
vn -0.0001092 0.0000000 -1.0000000
vn -0.0001092 0.0000000 -1.0000000
vn -0.0001092 0.0000000 -1.0000000
vn -0.0000000 -0.0000299 -1.0000000
vn -0.0001092 0.0000000 -1.0000000
vn 0.0000000 0.9832545 -0.1822376
vn -0.0000000 0.9832545 -0.1822376
vn -0.0118042 0.5651253 -0.8249206
vn -0.8836058 0.4682268 0.0021169
vn -0.8883352 0.4591954 0.0004291
vn -0.0118042 0.5651253 -0.8249206
vn -0.0118042 0.5651253 -0.8249206
vn -0.0001092 0.0000000 -1.0000000
vn -0.0001092 0.0000000 -1.0000000
vn -0.0000903 1.0000000 -0.0000000
vn -0.9999665 0.0074980 0.0032689
vn -1.0000000 0.0000000 -0.0000001
vn -0.9999975 0.0019616 0.0011133
vn 0.0000001 0.6202496 0.7844045
vn -1.0000000 -0.0000002 -0.0000001
vn -0.0000001 0.0066481 0.9999779
vn -0.0000002 0.6202491 0.7844049
vn 0.0000001 0.6202496 0.7844045
vn 0.0000903 -1.0000000 0.0000000
vn -0.8884994 0.4584306 0.0202507
vn -1.0000000 0.0000000 -0.0000001
vn -0.0000000 -1.0000000 -0.0000000
vn -0.0000001 0.0066481 0.9999779
vn -1.0000000 -0.0000002 -0.0000001
vn -0.8884994 0.4584306 0.0202507
vn 0.0000000 0.9804245 -0.1968952
vn -0.0001092 0.0000000 -1.0000000
vn -0.0000903 1.0000000 -0.0000000
vn -0.0000903 1.0000000 -0.0000000
vn 0.0000903 -1.0000000 0.0000000
vn 0.0000903 -1.0000000 0.0000000
vn -0.0000903 1.0000000 -0.0000000
vn 0.0000000 0.9804245 -0.1968952
vn -0.8884994 0.4584306 0.0202507
vn -0.0118042 0.5651253 -0.8249206
vn -1.0000000 -0.0000002 -0.0000001
vn -0.0001534 -1.0000000 -0.0000000
vn -0.9999788 0.0065122 0.0002577
vn -0.9999975 0.0019616 0.0011133
vn -1.0000000 -0.0000002 -0.0000001
vn 0.0000000 0.9804245 -0.1968952
vn -0.0000000 0.9804245 -0.1968953
vn -0.0001092 0.0000000 -1.0000000
vn -0.8836058 0.4682268 0.0021169
vn -0.0001534 -1.0000000 -0.0000000
vn -1.0000000 -0.0000002 -0.0000001
vn -0.4154806 0.0017977 0.9096003
vn -0.8836058 0.4682268 0.0021169
vn 0.0000001 -0.9192005 -0.3937898
vn 0.0000001 -0.9192005 -0.3937898
vn -0.9999665 0.0074980 0.0032689
vn 0.0000000 -0.9192005 -0.3937899
vn -0.9999665 0.0074980 0.0032689
vn -0.8884994 0.4584306 0.0202507
vn -0.0001092 0.0000000 -1.0000000
vn 0.0000001 -0.9192005 -0.3937898
vn -0.0000000 -1.0000000 -0.0000000
vn 0.0000000 0.9832545 -0.1822376
vn -0.0000000 0.9804245 -0.1968953
vn -0.8836058 0.4682268 0.0021169
vn -0.0350900 0.9526520 0.3020311
vn -0.8883352 0.4591954 0.0004291
vn -0.8883352 0.4591954 0.0004291
vn -0.0000002 0.6202491 0.7844049
vn -0.0000001 0.0066481 0.9999779
vn 0.9999894 0.0039264 0.0023873
vn 0.9999899 0.0043018 0.0013263
vn -0.8883352 0.4591954 0.0004291
vn -0.4154806 0.0017977 0.9096003
vn 0.0000000 0.9804245 -0.1968952
vn -0.9999788 0.0065122 0.0002577
vn -0.8836058 0.4682268 0.0021169
vn -0.9999975 0.0019616 0.0011133
vn -0.9999975 0.0019616 0.0011133
vn -0.9999788 0.0065122 0.0002577
vn 0.8896241 0.4566607 -0.0054709
vn 0.8896241 0.4566607 -0.0054709
vn 0.8896241 0.4566607 -0.0054709
vn -0.0350900 0.9526520 0.3020311
vn -0.8836058 0.4682268 0.0021169
vn -0.4154806 0.0017977 0.9096003
vn -0.8883352 0.4591954 0.0004291
vn 0.0000000 0.9832545 -0.1822376
vn 0.0000001 -0.9192005 -0.3937898
vn 0.0000000 -0.9192005 -0.3937899
vn -0.0000000 0.9832545 -0.1822376
vn 0.0000000 0.9832545 -0.1822376
vn -1.0000000 0.0000000 -0.0000001
vn -0.9999975 0.0019616 0.0011133
vn -0.9999975 0.0019616 0.0011133
vn 0.8865511 0.4625899 0.0061338
vn 0.8865511 0.4625899 0.0061338
vn 0.0000000 -0.9192005 -0.3937899
vn -0.0000000 -0.0000299 -1.0000000
vn -0.0001092 0.0000000 -1.0000000
vn -0.8884994 0.4584306 0.0202507
vn -0.0000903 1.0000000 -0.0000000
vn -0.0118042 0.5651253 -0.8249206
vn -0.8883352 0.4591954 0.0004291
vn 0.0000000 0.9804245 -0.1968952
vn 0.0000903 -1.0000000 0.0000000
vn -0.0000903 1.0000000 -0.0000000
vn -0.0001276 0.6724187 -0.7401710
vn 0.0000903 -1.0000000 0.0000000
vn 0.0000903 -1.0000000 0.0000000
vn 0.0000001 0.6202496 0.7844045
vn -1.0000000 -0.0000002 -0.0000001
vn -1.0000000 -0.0000002 -0.0000001
vn -0.0001092 0.0000000 -1.0000000
vn 0.0000000 -0.9192005 -0.3937899
vn 0.8865511 0.4625899 0.0061338
vn 0.8896241 0.4566607 -0.0054709
vn 0.9999390 0.0107783 0.0023958
vn 0.9999169 0.0125911 0.0027773
vn 0.8865511 0.4625899 0.0061338
vn -0.0118042 0.5651253 -0.8249206
vn -0.8836058 0.4682268 0.0021169
vn -0.8836058 0.4682268 0.0021169
vn -0.0350900 0.9526520 0.3020311
vn -0.8836058 0.4682268 0.0021169
vn 0.0000000 0.9804245 -0.1968952
vn -0.8836058 0.4682268 0.0021169
vn -0.9999750 0.0070435 0.0006889
vn -0.9999169 0.0125909 0.0027769
vn -0.0001534 -1.0000000 -0.0000000
vn -0.9999415 0.0108022 0.0005160
vn -0.9999788 0.0065122 0.0002577
vn -0.9999788 0.0065122 0.0002577
vn -0.0001534 -1.0000000 -0.0000000
vn -0.9999741 0.0066662 0.0027268
vn -0.9999741 0.0066662 0.0027268
vn -0.9999741 0.0066662 0.0027268
vn -0.9999750 0.0070435 0.0006889
vn -0.9999788 0.0065122 0.0002577
vn -0.9999788 0.0065122 0.0002577
vn -0.9999415 0.0108022 0.0005160
vn -0.6141907 0.7891576 0.0003169
vn -0.9999741 0.0066662 0.0027268
vn -0.9999415 0.0108022 0.0005160
vn -0.9999169 0.0125909 0.0027769
vn -0.6141907 0.7891576 0.0003169
vn -0.9999169 0.0125909 0.0027769
vn -0.9999750 0.0070435 0.0006889
vn 1.0000000 0.0000004 0.0000002
vn 1.0000000 0.0000004 0.0000002
vn 1.0000000 0.0000004 0.0000002
vn 1.0000000 0.0000004 0.0000002
vn -0.0000000 -0.0000299 -1.0000000
vn 0.0000000 -0.9192005 -0.3937899
vn -0.0001092 0.0000000 -1.0000000
vn 0.0000000 0.9804246 -0.1968951
vn 0.8883669 0.4591339 0.0005699
vn 0.8883669 0.4591338 0.0005699
vn 0.9999925 -0.0025986 0.0028548
vn 0.9999925 -0.0025986 0.0028548
vn 0.9999925 -0.0025986 0.0028548
vn 0.9999975 0.0019616 0.0011138
vn -0.0000903 -1.0000000 -0.0000000
vn 0.9999925 -0.0025986 0.0028548
vn 1.0000000 0.0000004 0.0000002
vn 1.0000000 0.0000004 0.0000002
vn -0.0000001 0.0066481 0.9999779
vn -0.0000000 -1.0000000 -0.0000000
vn 0.9999975 0.0019616 0.0011138
vn 0.9999894 0.0039264 0.0023873
vn 0.9999925 -0.0025986 0.0028548
vn 1.0000000 0.0000004 0.0000002
vn 1.0000000 0.0000004 0.0000002
vn 0.9999925 -0.0025986 0.0028548
vn 0.8865511 0.4625899 0.0061338
vn 0.8896241 0.4566607 -0.0054709
vn 0.8896241 0.4566607 -0.0054709
vn 0.0002894 -0.9185312 -0.3953483
vn 0.0000001 -0.9192005 -0.3937898
vn 0.0002894 -0.9185312 -0.3953483
vn 0.9999925 -0.0025986 0.0028548
vn 0.8883669 0.4591338 0.0005699
vn 0.8865511 0.4625899 0.0061338
vn 0.8884995 0.4584305 0.0202510
vn 0.8883669 0.4591338 0.0005699
vn 0.9999925 -0.0025986 0.0028548
vn 0.0000000 0.9804246 -0.1968951
vn 0.8883352 0.4591953 0.0004294
vn 0.8883669 0.4591339 0.0005699
vn 0.9999686 0.0008753 0.0078739
vn 0.0000001 -0.9192005 -0.3937898
vn 0.8884995 0.4584305 0.0202510
vn 0.9999349 0.0114036 0.0002589
vn 0.9999349 0.0114036 0.0002589
vn 0.9999349 0.0114036 0.0002589
vn 0.8865511 0.4625899 0.0061338
vn 0.9999169 0.0125911 0.0027773
vn 0.9999750 0.0070435 0.0006892
vn 0.9999788 0.0065122 0.0002579
vn 0.9999925 -0.0025986 0.0028548
vn 0.9999925 -0.0025986 0.0028548
vn -0.0000903 -1.0000000 -0.0000000
vn 1.0000000 0.0000004 0.0000002
vn 0.9999925 -0.0025986 0.0028548
vn 0.9999686 0.0008753 0.0078739
vn 1.0000000 0.0000004 0.0000002
vn 1.0000000 0.0000004 0.0000002
vn 0.0002894 -0.9185312 -0.3953483
vn 0.0002894 -0.9185312 -0.3953483
vn 0.0000000 -0.0000299 -1.0000000
vn 0.0001092 0.0000000 -1.0000000
vn 0.0002894 -0.9185312 -0.3953483
vn 0.0000000 0.9832545 -0.1822376
vn 0.0000000 0.9832545 -0.1822376
vn 0.8865511 0.4625899 0.0061338
vn 0.8883669 0.4591338 0.0005699
vn 0.8883669 0.4591339 0.0005699
vn 0.8896241 0.4566607 -0.0054709
vn 0.0000000 -0.0000299 -1.0000000
vn 0.0001092 0.0000000 -1.0000000
vn 0.9999686 0.0008753 0.0078739
vn 0.9999925 -0.0025986 0.0028548
vn -0.0000000 -1.0000000 -0.0000000
vn 0.0000001 -0.9192005 -0.3937898
vn 0.9999390 0.0107783 0.0023958
vn 0.9999349 0.0114036 0.0002589
vn 0.6190915 -0.7853171 0.0016884
vn 0.9999169 0.0125911 0.0027773
vn 0.8884995 0.4584305 0.0202510
vn -0.0000903 -1.0000000 -0.0000000
vn 0.6734003 0.0076776 -0.7392381
vn 0.9999349 0.0114036 0.0002589
vn 0.9999349 0.0114036 0.0002589
vn 0.9999390 0.0107783 0.0023958
vn 0.0001092 0.0000000 -1.0000000
vn 0.0000000 0.9804246 -0.1968951
vn 0.8884995 0.4584305 0.0202510
vn 0.9999686 0.0008753 0.0078739
vn -0.0000903 -1.0000000 -0.0000000
vn 1.0000000 0.0000004 0.0000002
vn 1.0000000 0.0000004 0.0000002
vn 0.8883669 0.4591338 0.0005699
vn 0.0000000 0.9804246 -0.1968951
vn 0.9999894 0.0039264 0.0023873
vn 0.9999975 0.0019616 0.0011138
vn 0.9999788 0.0065122 0.0002579
vn 0.0001534 -1.0000000 0.0000000
vn 0.0000000 0.9804246 -0.1968951
vn 0.0000000 0.9804246 -0.1968951
vn 0.8896241 0.4566607 -0.0054709
vn 0.9999899 0.0043018 0.0013263
vn 0.9999894 0.0039264 0.0023873
vn 0.0001534 -1.0000000 0.0000000
vn 0.9999750 0.0070435 0.0006892
vn 0.9999349 0.0114036 0.0002589
vn 0.9999349 0.0114036 0.0002589
vn 0.6734003 0.0076776 -0.7392381
vn 0.9999750 0.0070435 0.0006892
vn 0.0000001 -0.9192005 -0.3937898
vn 0.0002894 -0.9185312 -0.3953483
vn 0.0001092 0.0000000 -1.0000000
vn 0.8884995 0.4584305 0.0202510
vn 0.9999169 0.0125911 0.0027773
vn 0.6190915 -0.7853171 0.0016884
vn 0.9999349 0.0114036 0.0002589
vn 0.9999750 0.0070435 0.0006892
vn 0.0000000 0.9832545 -0.1822376
vn 0.8896241 0.4566607 -0.0054709
vn 0.8883669 0.4591339 0.0005699
vn 0.8883352 0.4591953 0.0004294
vn 0.8896241 0.4566607 -0.0054709
vn 0.8896241 0.4566607 -0.0054709
vn 0.0000000 0.9832545 -0.1822376
vn 0.0000000 -0.0000299 -1.0000000
vn 0.0002894 -0.9185312 -0.3953483
vn 0.0000001 -0.9192005 -0.3937898
vn 0.0000000 0.9804246 -0.1968951
vn 0.9999899 0.0043018 0.0013263
vn 0.8883352 0.4591953 0.0004294
vn 0.9999349 0.0114036 0.0002589
vn 0.6190915 -0.7853171 0.0016884
vn 0.9999788 0.0065122 0.0002579
vn 0.9999975 0.0019616 0.0011138
vn 0.9999925 -0.0025986 0.0028548
vn 0.8865511 0.4625899 0.0061338
vn 0.9999788 0.0065122 0.0002579
vn 0.0000001 -0.9192005 -0.3937898
vn 0.0000001 -0.9192005 -0.3937898
vn 0.0002894 -0.9185312 -0.3953483
vn 0.8896241 0.4566607 -0.0054709
vn 0.8883352 0.4591953 0.0004294
vn 0.9999899 0.0043018 0.0013263
vn 0.8896241 0.4566607 -0.0054709
vn 0.8896241 0.4566607 -0.0054709
vn 0.0001534 -1.0000000 0.0000000
vn 0.6734003 0.0076776 -0.7392381
vn 0.9999390 0.0107783 0.0023958
vn 0.9999975 0.0019616 0.0011138
vn -0.0000000 -1.0000000 -0.0000000
vn 0.9999788 0.0065122 0.0002579
vn 0.9999750 0.0070435 0.0006892
vn 0.6734003 0.0076776 -0.7392381
vn 0.0001534 -1.0000000 0.0000000
vn 1.0000000 0.0000000 0.0000002
vn 1.0000000 0.0000000 0.0000002
vn 1.0000000 0.0000000 0.0000002
vn 0.0000000 -0.0000000 -1.0000000
vn 0.0000000 -0.0000000 -1.0000000
vn 0.0000000 -0.0000000 -1.0000000
vn -0.0000000 0.0000000 -1.0000000
vn 0.0000000 0.0000000 1.0000000
vn 0.0000000 0.0000000 1.0000000
vn 0.0000000 0.0000000 1.0000000
vn -0.0000000 -0.0000000 1.0000000
vn 0.0000000 0.0000000 1.0000000
vn -1.0000000 0.0000000 -0.0000000
vn -1.0000000 0.0000000 -0.0000000
vn -1.0000000 0.0000000 -0.0000000
vn -1.0000000 -0.0000000 0.0000000
vn -1.0000000 0.0000000 -0.0000000
vn -1.0000000 0.0000000 -0.0000000
vn 0.0000000 0.0000000 1.0000000
vn 0.0000000 0.0000000 1.0000000
vn -1.0000000 0.0000000 -0.0000000
vn -0.0000000 0.0000000 -1.0000000
vn -0.0000000 0.0000000 -1.0000000
vn -0.0000000 0.0000000 -1.0000000
vn 0.0000000 -0.0000000 -1.0000000
vn 0.0000000 -0.0000000 -1.0000000
vn 0.0000000 -0.0000000 -1.0000000
vn -1.0000000 0.0000000 -0.0000000
vn -1.0000000 -0.0000000 0.0000000
vn 0.0000000 0.0000000 -1.0000000
vn 0.0000000 0.0000000 -1.0000000
vn 0.0000000 0.0000000 -1.0000000
vn 0.0000000 0.0000000 -1.0000000
vn 0.0000000 0.0000000 -1.0000000
vn -0.0000000 1.0000000 -0.0000000
vn -0.0000000 1.0000000 -0.0000000
vn -0.0000000 1.0000000 -0.0000000
vn -1.0000000 0.0000000 -0.0000000
vn -1.0000000 0.0000000 -0.0000000
vn -1.0000000 0.0000000 -0.0000000
vn 0.0000000 -1.0000000 -0.0000000
vn 0.0000000 -1.0000000 -0.0000000
vn 0.0000000 -1.0000000 -0.0000000
vn 0.0000000 0.0000000 -1.0000000
vn 0.0000000 0.0000000 -1.0000000
vn -0.0000000 0.0000000 -1.0000000
vn 0.0000000 -1.0000000 -0.0000000
vn -0.7071068 -0.7071068 -0.0000001
vn -0.7071068 -0.7071068 -0.0000001
vn -0.7071068 -0.7071067 -0.0000001
vn 0.0000000 -1.0000000 -0.0000000
vn -0.0000000 0.0000000 -1.0000000
vn -0.7071068 -0.7071068 -0.0000001
vn -1.0000000 -0.0000004 -0.0000003
vn -0.0000000 0.0000000 -1.0000000
vn -0.7071064 0.7071071 -0.0000001
vn -0.7071064 0.7071071 -0.0000001
vn -0.7071065 0.7071071 -0.0000001
vn -1.0000000 0.0000000 -0.0000000
vn 1.0000000 -0.0000005 0.0000000
vn 1.0000000 -0.0000005 0.0000000
vn 1.0000000 -0.0000005 0.0000000
vn 0.0000000 0.0000000 1.0000000
vn -1.0000000 0.0000000 -0.0000000
vn -0.0000000 0.0000000 -1.0000000
vn 0.0000000 -0.0000000 -1.0000000
vn -1.0000000 0.0000000 -0.0000002
vn -1.0000000 0.0000000 -0.0000002
vn -1.0000000 0.0000000 -0.0000002
vn -1.0000000 0.0000000 -0.0000002
vn -0.7071064 0.7071071 -0.0000001
vn 0.0000000 1.0000000 -0.0000000
vn 0.0000000 1.0000000 -0.0000000
vn -0.0000000 1.0000000 -0.0000000
vn 0.0000000 0.0000000 -1.0000000
vn -0.0000000 1.0000000 -0.0000000
vn 0.0000000 1.0000000 -0.0000000
vn 0.0000000 1.0000000 -0.0000000
vn 0.0000000 0.0000000 -1.0000000
vn -0.0000000 -1.0000000 -0.0000000
vn -0.0000000 -1.0000000 -0.0000000
vn 0.0000000 1.0000000 -0.0000000
vn 0.0000000 1.0000000 -0.0000000
vn -0.0000000 -1.0000000 -0.0000000
vn 0.0000000 0.0000000 -1.0000000
vn 0.0000000 0.0000000 -1.0000000
vn -1.0000000 0.0000000 -0.0000000
vn -0.7071065 0.7071071 -0.0000001
vn 0.0000000 0.0000000 -1.0000000
vn -0.0000000 1.0000000 -0.0000000
vn -0.7071068 -0.7071067 -0.0000001
vn 0.0000000 1.0000000 -0.0000000
vn 0.0000000 1.0000000 -0.0000000
vn 0.0000000 1.0000000 -0.0000000
vn 1.0000000 0.0000000 0.0000002
vn 1.0000000 0.0000000 0.0000002
vn 0.0000000 1.0000000 -0.0000000
vn -1.0000000 0.0000000 -0.0000002
vn -0.0000000 1.0000000 -0.0000000
vn 0.0000000 1.0000000 -0.0000000
vn -1.0000000 0.0000000 -0.0000002
vn -1.0000000 0.0000000 -0.0000002
vn 0.0000000 0.0000000 -1.0000000
vn 0.0000000 0.0000000 -1.0000000
vn -1.0000000 0.0000000 -0.0000002
vn -1.0000000 0.0000000 -0.0000002
vn -1.0000000 0.0000000 -0.0000002
vn 0.0000000 0.0000000 1.0000000
vn -0.0000000 -0.0000000 1.0000000
vn 0.0000000 1.0000000 -0.0000000
vn -0.0000000 1.0000000 -0.0000000
vn 0.0000000 0.0000000 -1.0000000
vn 0.0000000 -1.0000000 -0.0000000
vn -0.0000000 -1.0000000 -0.0000000
vn -0.7071068 -0.7071068 -0.0000001
vn -1.0000000 0.0000000 -0.0000000
vn 0.0000000 0.0000000 -1.0000000
vn 0.0000000 0.0000000 1.0000000
vn -0.7071065 0.7071071 -0.0000001
vn -0.0000000 0.0000000 -1.0000000
vn 1.0000000 0.0000006 -0.0000000
vn 1.0000000 0.0000006 -0.0000000
vn 1.0000000 0.0000006 -0.0000000
vn 1.0000000 0.0000000 0.0000002
vn -1.0000000 0.0000000 -0.0000002
vn 0.0000000 1.0000000 -0.0000000
vn 0.0000000 1.0000000 -0.0000000
vn 0.0000000 1.0000000 -0.0000000
vn -0.0000000 1.0000000 -0.0000000
vn 1.0000000 0.0000000 0.0000002
vn 0.0000000 1.0000000 -0.0000000
vn 0.0000000 0.0000000 -1.0000000
vn 0.0000000 0.0000000 -1.0000000
vn -1.0000000 0.0000000 -0.0000000
vn -1.0000000 -0.0000004 -0.0000003
vn -0.7071068 -0.7071068 -0.0000001
vn 0.0000000 1.0000000 -0.0000000
vn 0.0000000 -0.0000000 -1.0000000
vn 0.0000000 -0.0000000 -1.0000000
vn -0.0000000 0.0000000 -1.0000000
vn 0.0000000 1.0000000 -0.0000000
vn 0.0000000 0.0000000 1.0000000
vn 0.0000000 0.0000000 1.0000000
vn 0.0000000 0.0000000 1.0000000
vn -0.0000000 -0.0000000 1.0000000
vn 0.0000000 0.0000000 1.0000000
vn -1.0000000 -0.0000004 -0.0000003
vn 0.0000000 0.0000000 1.0000000
vn 0.0000000 0.0000000 1.0000000
vn -1.0000000 0.0000000 -0.0000000
vn 0.0000000 -0.9999997 -0.0007250
vn 0.0000000 -0.9999997 -0.0007250
vn 0.0000000 -0.9999997 -0.0007250
vn 1.0000000 -0.0000005 0.0000000
vn 0.0000000 -0.9999997 -0.0007250
vn -1.0000000 0.0000000 -0.0000000
vn -1.0000000 0.0000000 -0.0000000
vn -0.0000000 0.0000000 -1.0000000
vn 0.0000000 -0.0000000 -1.0000000
vn -0.7071064 0.7071071 -0.0000001
vn -1.0000000 0.0000000 -0.0000000
vn -0.7071068 -0.7071068 -0.0000001
vn -0.0000000 0.0000000 -1.0000000
vn -1.0000000 0.0000000 -0.0000000
vn -1.0000000 0.0000000 -0.0000000
vn -0.7071065 0.7071071 -0.0000001
vn 0.0000000 0.0000000 1.0000000
vn -0.0000000 0.0000000 -1.0000000
vn -0.7071064 0.7071071 -0.0000001
vn 0.0000000 1.0000000 -0.0000000
vn 0.0000000 0.0000000 1.0000000
vn 0.0000000 1.0000000 -0.0000000
vn 0.0000000 0.0000000 1.0000000
vn 0.0000000 -0.0000000 -1.0000000
vn 0.0000000 -0.9999997 -0.0007250
vn 0.0000000 -0.9999997 -0.0007250
vn 1.0000000 0.0000000 0.0000002
vn 0.0000000 -0.9999997 -0.0007250
vn -1.0000000 0.0000000 -0.0000002
vn 0.0000000 0.0000000 -1.0000000
vn -1.0000000 0.0000000 -0.0000000
vn -0.0000000 0.0000000 -1.0000000
vn 0.0000000 0.0000000 1.0000000
vn -0.7071065 0.7071071 -0.0000001
vn -1.0000000 0.0000000 -0.0000000
vn -1.0000000 0.0000000 -0.0000000
vn -1.0000000 0.0000000 -0.0000002
vn -1.0000000 -0.0000000 0.0000000
vn 0.0000000 0.0000000 -1.0000000
vn -1.0000000 0.0000000 -0.0000000
vn -1.0000000 -0.0000004 -0.0000003
vn -1.0000000 0.0000000 -0.0000000
vn -1.0000000 0.0000000 -0.0000000
vn -1.0000000 0.0000000 -0.0000000
vn -0.0000000 0.0000000 -1.0000000
vn 0.0000000 -0.0000000 -1.0000000
vn 0.0000000 0.0000000 1.0000000
vn 0.0000000 -0.0000000 -1.0000000
vn -1.0000000 -0.0000000 0.0000000
vn -1.0000000 0.0000000 -0.0000002
vn -0.0000000 -0.0000000 1.0000000
vn 0.0000000 0.0000000 -1.0000000
vn -1.0000000 0.0000000 -0.0000000
vn -1.0000000 0.0000000 -0.0000000
vn 0.0000000 1.0000000 -0.0000000
vn -0.0000000 -0.0000000 1.0000000
vn 0.0000000 0.0000000 1.0000000
vn -0.0000000 -0.0000000 1.0000000
vn 0.0000000 0.0000000 1.0000000
vn 0.0000000 -0.0000000 -1.0000000
vn 0.0000000 -0.0000000 -1.0000000
vn -1.0000000 0.0000000 -0.0000002
vn -1.0000000 0.0000000 -0.0000000
vn 0.0000000 0.0000000 -1.0000000
vn 0.0000000 0.0000000 -1.0000000
vn -0.7071068 -0.7071067 -0.0000001
vn -1.0000000 0.0000000 -0.0000002
vn 1.0000000 0.0000000 0.0000002
vn 1.0000000 0.0000000 0.0000002
vn -1.0000000 0.0000000 -0.0000002
vn -1.0000000 0.0000000 -0.0000002
vn -0.7071065 0.7071071 -0.0000001
vn -0.7071064 0.7071071 -0.0000001
vn -0.0000000 0.0000000 -1.0000000
vn 0.0000000 0.0000000 1.0000000
vn 0.0000000 0.0000000 1.0000000
vn 0.0000000 -0.0000000 -1.0000000
vn 0.0000000 -0.0000000 -1.0000000
vn 0.0000000 0.0000000 1.0000000
vn 0.0000000 -0.0000000 -1.0000000
vn -0.0000000 -0.0000000 1.0000000
vn 0.0000000 0.0000000 1.0000000
vn -0.7071068 -0.7071068 -0.0000001
vn -0.7071068 -0.7071068 -0.0000001
vn -1.0000000 0.0000000 -0.0000000
vn -1.0000000 0.0000000 -0.0000000
vn -1.0000000 0.0000000 -0.0000000
vn -0.7071064 0.7071071 -0.0000001
vn -0.0000000 0.0000000 -1.0000000
vn 0.0000000 -0.0000000 -1.0000000
vn 0.0000000 0.0000000 1.0000000
vn 0.0000000 0.0000000 1.0000000
vn 0.0000000 0.0000000 1.0000000
vn 0.0000000 -0.0000000 -1.0000000
vn -0.0000000 0.0000000 -1.0000000
vn -0.0000000 0.0000000 -1.0000000
vn -1.0000000 0.0000000 -0.0000000
vn -0.7071068 -0.7071067 -0.0000001
vn -0.0000000 1.0000000 -0.0000000
vn 0.0000000 -1.0000000 -0.0000000
vn 0.0000000 0.0000000 -1.0000000
vn 0.0000000 0.0000000 -1.0000000
vn 0.0000000 0.0000000 -1.0000000
vn 0.0000000 0.0000000 -1.0000000
vn 0.0000000 0.0000000 -1.0000000
vn 0.0000000 0.0000000 1.0000000
vn 0.0000000 0.0000000 1.0000000
vn 0.0000000 0.0000000 1.0000000
vn 0.0000000 0.0000000 1.0000000
vn 1.0000000 0.0000006 -0.0000000
vn 1.0000000 -0.0000005 0.0000000
vn 1.0000000 -0.0000005 0.0000000
vn 1.0000000 0.0000006 -0.0000000
vn 1.0000000 0.0000006 -0.0000000
vn 1.0000000 0.0000006 -0.0000000
vn 1.0000000 -0.0000005 0.0000000
vn -0.0000000 -0.0000000 1.0000000
vn 0.0000000 0.0000000 1.0000000
vn 0.0000000 0.0000000 -1.0000000
vn 0.0000000 0.0000000 -1.0000000
vn 0.0000000 0.0000000 -1.0000000
vn 0.0000000 0.0000000 -1.0000000
vn 0.0000000 0.0000000 -1.0000000
vn 0.0000000 -0.9999997 -0.0007250
vn 1.0000000 -0.0000005 0.0000000
vn 1.0000000 0.0000006 -0.0000000
vn 0.0000000 0.0000000 -1.0000000
vn 0.0000000 -0.9999997 -0.0007250
vn 1.0000000 -0.0000005 0.0000000
vn 1.0000000 0.0000006 -0.0000000
vn -0.0000000 1.0000000 -0.0000000
vn -0.0000000 -1.0000000 -0.0000000
vn 1.0000000 0.0000000 -0.0000000
vn 0.0000000 -0.9999997 -0.0007250
vn 0.0000000 -0.9999997 -0.0007250
vn 1.0000000 0.0000000 -0.0000000
vn 0.0000000 -0.9999997 -0.0007250
vn 1.0000000 0.0000000 0.0000002
vn -0.0000000 -0.0000000 1.0000000
vn 1.0000000 -0.0000005 0.0000000
vn 0.0000000 0.0000000 -1.0000000
vn 0.0000000 1.0000000 -0.0000000
vn 1.0000000 -0.0000005 0.0000000
vn -0.0000000 -1.0000000 -0.0000000
vn 0.0000000 -1.0000000 -0.0000000
vn 0.7071067 -0.7071069 0.0000001
vn 0.7071067 -0.7071068 0.0000001
vn 0.0000000 -1.0000000 -0.0000000
vn 1.0000000 0.0000004 0.0000003
vn 0.7071067 -0.7071069 0.0000001
vn 0.0000000 0.0000000 -1.0000000
vn 0.0000000 0.0000000 -1.0000000
vn 0.0000000 -0.9999997 -0.0007250
vn 1.0000000 0.0000000 0.0000002
vn 1.0000000 0.0000000 0.0000002
vn 0.7071064 0.7071071 0.0000001
vn 0.0000000 1.0000000 -0.0000000
vn 1.0000000 0.0000000 0.0000002
vn -0.0000000 1.0000000 -0.0000000
vn 0.0000000 1.0000000 -0.0000000
vn 0.0000000 0.0000000 1.0000000
vn 0.0000000 0.0000000 -1.0000000
vn 1.0000000 0.0000006 -0.0000000
vn 0.0000000 0.0000000 1.0000000
vn 0.0000000 0.0000000 -1.0000000
vn 0.0000000 0.0000000 1.0000000
vn 0.0000000 0.0000000 1.0000000
vn -0.7071068 -0.7071067 -0.0000001
vn 0.0000000 -1.0000000 -0.0000000
vn 0.0000000 -1.0000000 -0.0000000
vn 0.0000000 0.0000000 1.0000000
vn 0.0000000 0.0000000 -1.0000000
vn 0.0000000 1.0000000 -0.0000000
vn 0.0000000 1.0000000 -0.0000000
vn 0.0000000 0.9999642 0.0084594
vn 0.0000000 0.0000000 -1.0000000
vn 1.0000000 0.0000006 -0.0000000
vn 0.0000000 0.9999642 0.0084594
vn 0.0000000 -0.9999997 -0.0007250
vn 0.0000000 -0.9999997 -0.0007250
vn 0.0000000 0.0000000 -1.0000000
vn 1.0000000 0.0000000 0.0000002
vn 1.0000000 0.0000000 0.0000002
vn 1.0000000 0.0000000 0.0000002
vn -0.0000000 1.0000000 -0.0000000
vn 0.7071064 0.7071071 0.0000001
vn 1.0000000 0.0000000 0.0000002
vn 1.0000000 -0.0000005 0.0000000
vn -0.0000000 -0.0000000 1.0000000
vn 0.0000000 1.0000000 -0.0000000
vn 0.0000000 1.0000000 -0.0000000
vn 0.0000000 1.0000000 -0.0000000
vn -1.0000000 0.0000000 -0.0000002
vn -1.0000000 0.0000000 -0.0000002
vn 1.0000000 0.0000000 0.0000002
vn 1.0000000 0.0000000 0.0000002
vn 0.0000000 1.0000000 -0.0000000
vn -0.0000000 1.0000000 -0.0000000
vn 0.0000000 -0.9999997 -0.0007250
vn 0.0000000 0.9999642 0.0084594
vn 1.0000000 0.0000006 -0.0000000
vn 1.0000000 -0.0000005 0.0000000
vn 0.0000000 -0.9999997 -0.0007250
vn 0.0000000 -0.9999997 -0.0007250
vn 0.0000000 0.9999642 0.0084594
vn 0.0000000 0.0000000 -1.0000000
vn 0.0000000 0.0000000 1.0000000
vn 0.0000000 0.0000000 1.0000000
vn 0.0000000 0.0000000 -1.0000000
vn 0.0000000 0.0000000 -1.0000000
vn -1.0000000 0.0000000 -0.0000002
vn 0.0000000 1.0000000 -0.0000000
vn 0.7071064 0.7071071 0.0000001
vn 1.0000000 0.0000006 -0.0000000
vn 1.0000000 0.0000006 -0.0000000
vn 0.7071067 -0.7071069 0.0000001
vn 0.0000000 0.0000000 1.0000000
vn 0.0000000 0.0000000 -1.0000000
vn -1.0000000 0.0000000 -0.0000002
vn -1.0000000 0.0000000 -0.0000002
vn 0.0000000 1.0000000 -0.0000000
vn 0.0000000 1.0000000 -0.0000000
vn -1.0000000 0.0000000 -0.0000002
vn 0.0000000 1.0000000 -0.0000000
vn -0.0000000 1.0000000 -0.0000000
vn -0.0000000 1.0000000 -0.0000000
vn 0.0000000 -1.0000000 -0.0000000
vn -0.0000000 -1.0000000 -0.0000000
vn -0.0000000 1.0000000 -0.0000000
vn 0.7071067 -0.7071069 0.0000001
vn 1.0000000 0.0000004 0.0000003
vn 1.0000000 0.0000000 -0.0000000
vn -0.0000000 1.0000000 -0.0000000
vn -1.0000000 0.0000000 -0.0000002
vn -1.0000000 0.0000000 -0.0000002
vn 1.0000000 0.0000000 0.0000002
vn -0.0000000 1.0000000 -0.0000000
vn -1.0000000 0.0000000 -0.0000002
vn 1.0000000 0.0000000 0.0000002
vn 1.0000000 0.0000000 0.0000002
vn -1.0000000 0.0000000 -0.0000002
vn 1.0000000 0.0000004 0.0000003
vn 0.0000000 -0.9999997 -0.0007250
vn 0.0000000 -0.9999997 -0.0007250
vn 1.0000000 0.0000000 -0.0000000
vn 1.0000000 0.0000004 0.0000003
vn 0.0000000 -1.0000000 -0.0000000
vn 1.0000000 0.0000006 -0.0000000
vn 1.0000000 0.0000000 -0.0000000
vn 1.0000000 0.0000000 -0.0000000
vn 0.0000000 -0.9999997 -0.0007250
vn 1.0000000 0.0000000 0.0000002
vn 1.0000000 0.0000000 -0.0000000
vn 0.7071067 -0.7071068 0.0000001
vn 1.0000000 -0.0000005 0.0000000
vn 1.0000000 0.0000000 0.0000002
vn 0.0000000 0.0000000 -1.0000000
vn 0.0000000 0.0000000 -1.0000000
vn -1.0000000 0.0000000 -0.0000002
vn -0.0000000 1.0000000 -0.0000000
vn 0.0000000 1.0000000 -0.0000000
vn -1.0000000 0.0000000 -0.0000002
vn 0.0000000 1.0000000 -0.0000000
vn 0.0000000 0.0000000 1.0000000
vn 1.0000000 0.0000000 0.0000002
vn -1.0000000 0.0000000 -0.0000002
vn 1.0000000 0.0000000 0.0000002
vn 1.0000000 0.0000004 0.0000003
vn 1.0000000 0.0000000 -0.0000000
vn 1.0000000 0.0000000 -0.0000000
vn 1.0000000 0.0000006 -0.0000000
vn 1.0000000 0.0000006 -0.0000000
vn 0.0000000 0.9999642 0.0084594
vn 1.0000000 0.0000000 0.0000002
vn 0.0000000 -0.9999997 -0.0007250
vn 1.0000000 -0.0000005 0.0000000
vn 1.0000000 -0.0000005 0.0000000
vn 0.0000000 -0.9999997 -0.0007250
vn 0.0000000 1.0000000 -0.0000000
vn 0.0000000 0.0000000 1.0000000
vn -0.0000000 1.0000000 -0.0000000
vn 0.0000000 0.0000000 1.0000000
vn -0.0000000 1.0000000 -0.0000000
vn 0.0000000 0.0000000 1.0000000
vn 0.0000000 -0.0000000 -1.0000000
vn -0.0000000 -0.0000000 1.0000000
vn 0.0000000 1.0000000 -0.0000000
vn -0.0000000 -0.0000000 1.0000000
vn 0.0000000 0.0000000 -1.0000000
vn -1.0000000 0.0000000 -0.0000002
vn 1.0000000 0.0000000 0.0000002
vn 0.0000000 1.0000000 -0.0000000
vn -0.0000000 1.0000000 -0.0000000
vn -0.0000000 -0.0000000 1.0000000
vn 0.0000000 0.0000000 -1.0000000
vn -0.0000000 -0.0000000 1.0000000
vn 0.0000000 1.0000000 -0.0000000
vn 0.0000000 1.0000000 -0.0000000
vn -0.0000000 1.0000000 -0.0000000
vn 1.0000000 0.0000000 0.0000002
vn -0.0000000 1.0000000 -0.0000000
vn -0.0000000 0.0000000 -1.0000000
vn 0.0000000 0.0000000 1.0000000
vn 0.0000000 0.0000000 -1.0000000
vn 0.0000000 0.0000000 -1.0000000
vn -1.0000000 0.0000000 -0.0000002
vn -0.0000000 -0.0000000 1.0000000
vn -0.0000000 1.0000000 -0.0000000
vn 0.0000000 0.0000000 1.0000000
vn 0.0000000 1.0000000 -0.0000000
vn -0.0000000 1.0000000 -0.0000000
vn 0.0000000 0.0000000 1.0000000
vn -0.0000000 1.0000000 -0.0000000
vn -0.0000000 1.0000000 -0.0000000
vn 0.0000000 0.0000000 1.0000000
vn 0.0000000 1.0000000 -0.0000000
vn 1.0000000 0.0000000 0.0000002
vn 0.0000000 0.0000000 -1.0000000
vn 0.0000000 1.0000000 -0.0000000
vn -0.0000000 1.0000000 -0.0000000
vn 0.0000000 0.0000000 1.0000000
vn 1.0000000 0.0000000 0.0000002
vn 0.0000000 1.0000000 -0.0000000
vn 0.0000000 1.0000000 -0.0000000
vn 0.0000000 1.0000000 -0.0000000
vn 1.0000000 -0.0000005 0.0000000
vn 1.0000000 0.0000000 0.0000002
vn 1.0000000 -0.0000005 0.0000000
vn 0.0000000 0.0000000 -1.0000000
vn 0.7071067 -0.7071069 0.0000001
vn 1.0000000 0.0000006 -0.0000000
vn -0.0000000 0.0000000 -1.0000000
vn -1.0000000 0.0000000 -0.0000000
vn -0.7071068 -0.7071068 -0.0000001
vn 0.0000000 0.0000000 -1.0000000
vn -1.0000000 0.0000000 -0.0000000
vn -1.0000000 0.0000000 -0.0000000
vn -0.0000000 -1.0000000 -0.0000000
vn 0.0000000 -1.0000000 -0.0000000
vn -0.0000000 1.0000000 -0.0000000
vn 0.0000000 1.0000000 -0.0000000
vn 0.0000000 -1.0000000 -0.0000000
vn 0.0000000 -1.0000000 -0.0000000
vn 0.0000000 -1.0000000 -0.0000000
vn -0.0000000 -1.0000000 0.0000000
vn 0.0000000 -0.8002560 -0.5996586
vn 0.0000000 -0.8964256 0.4431943
vn -0.0000000 -0.8964256 0.4431943
vn 0.0000000 0.0922130 -0.9957393
vn 0.0000000 0.0922130 -0.9957393
vn 0.0000000 0.0922130 -0.9957393
vn -0.0000000 0.0922130 -0.9957393
vn 0.0000000 0.0922130 -0.9957393
vn 0.0000000 0.9221975 0.3867192
vn 0.0000000 0.0922130 -0.9957393
vn 0.0000000 -0.8964256 0.4431943
vn 0.0000000 -1.0000000 -0.0000000
vn 0.0000000 -1.0000000 -0.0000000
vn -0.9835316 0.0707593 -0.1663093
vn 0.0000000 -1.0000000 -0.0000000
vn -0.0000000 0.0922130 -0.9957393
vn 0.0000000 0.0922130 -0.9957393
vn 0.0000000 -0.8964256 0.4431943
vn -0.0000000 -0.8964256 0.4431943
vn 0.0000000 0.0922130 -0.9957393
vn 0.0000000 0.0922130 -0.9957393
vn 0.9835316 0.0707593 -0.1663090
vn -0.0000000 -1.0000000 0.0000000
vn 0.0000000 -0.8002560 -0.5996586
vn 0.0000000 -1.0000000 -0.0000000
vn -0.0000000 -0.8964256 0.4431943
vn 0.0000000 0.0922130 -0.9957393
vn 0.0000000 -1.0000000 -0.0000000
vn 0.0000000 0.0922130 -0.9957393
vn 0.9835316 0.0707593 -0.1663090
vn 0.0000000 0.0922130 -0.9957393
vn -0.9835316 0.0707593 -0.1663093
vn 0.0000000 -0.8002560 -0.5996586
vn 0.0000000 -1.0000000 -0.0000000
vn 0.0000000 -0.8964256 0.4431943
vn 0.0000000 0.0922130 -0.9957393
vn -0.0000000 -0.8964256 0.4431943
vn -0.0000000 -1.0000000 0.0000000
vn 0.0000000 -0.8002560 -0.5996586
vn -0.9835316 0.0707593 -0.1663093
vn 0.0000000 0.0000000 1.0000000
vn 0.0000000 0.0000000 1.0000000
vn 0.0000000 0.0000000 1.0000000
vn 0.9660331 0.2584184 -0.0000000
vn 0.9660331 0.2584184 -0.0000000
vn 0.9660331 0.2584184 -0.0000000
vn 0.9660331 0.2584184 0.0000000
vn 0.9660331 0.2584184 -0.0000000
vn 0.7071067 0.7071068 0.0000000
vn 0.9660331 0.2584184 -0.0000000
vn 0.6676714 0.7299267 -0.1463624
vn 0.6676714 0.7299267 -0.1463624
vn 0.9660331 0.2584184 -0.0000000
vn 0.2580687 0.9631131 -0.0762473
vn 0.6676714 0.7299267 -0.1463624
vn 0.2661466 0.9612537 -0.0718151
vn 0.2580687 0.9631131 -0.0762473
vn -0.1313809 0.4903140 0.8615865
vn -0.1313809 0.4903140 0.8615865
vn -0.1313809 0.4903140 0.8615864
vn -0.3589244 0.3589244 0.8615953
vn -0.3589244 0.3589244 0.8615953
vn -0.4903629 0.1311744 0.8615901
vn -0.4902704 0.1310743 0.8616580
vn -0.9660331 -0.2584184 -0.0000000
vn -0.4903629 0.1311744 0.8615901
vn -0.9660331 -0.2584184 -0.0000000
vn -0.9660331 -0.2584184 0.0000000
vn -0.7071069 -0.7071066 -0.0000000
vn -0.9660331 -0.2584184 0.0000000
vn -0.7051782 -0.7089561 -0.0102476
vn -0.2588114 -0.9659206 -0.0037610
vn -0.7051782 -0.7089561 -0.0102476
vn -0.2597637 -0.9656722 -0.0000000
vn -0.2588114 -0.9659206 -0.0037610
vn 0.1313764 -0.4903153 0.8615864
vn 0.1313764 -0.4903153 0.8615864
vn 0.1313837 -0.4903221 0.8615814
vn 0.3589240 -0.3589238 0.8615958
vn 0.3589240 -0.3589238 0.8615958
vn 0.7070534 -0.7070530 -0.0123076
vn 0.7070534 -0.7070530 -0.0123076
vn 0.7070534 -0.7070530 -0.0123076
vn 0.7070587 -0.7070477 -0.0123110
vn 0.7070534 -0.7070530 -0.0123076
vn 0.2588074 -0.9658504 -0.0123154
vn 0.2588074 -0.9658504 -0.0123154
vn -0.2588074 -0.9658505 -0.0123106
vn -0.2588074 -0.9658505 -0.0123106
vn -0.4902704 0.1310743 0.8616580
vn 0.3240065 -0.0866209 0.9420810
vn 0.7070587 -0.7070477 -0.0123110
vn -0.4902704 0.1310743 0.8616580
vn 0.7070587 -0.7070477 -0.0123110
vn 0.7070534 -0.7070530 -0.0123076
vn 0.7070534 -0.7070530 -0.0123076
vn 0.2588074 -0.9658504 -0.0123154
vn -0.2588074 -0.9658505 -0.0123106
vn -0.7070533 -0.7070531 -0.0123113
vn -0.7070533 -0.7070531 -0.0123113
vn -0.2588074 -0.9658505 -0.0123106
vn -0.9659993 -0.2582518 -0.0123019
vn -0.9659993 -0.2582518 -0.0123019
vn -0.7070533 -0.7070531 -0.0123113
vn 0.0000000 0.0000000 1.0000000
vn -0.9659993 0.2582518 -0.0123024
vn 0.0000000 0.0000000 1.0000000
vn -0.7070533 0.7070531 -0.0123078
vn -0.2587958 0.9658536 -0.0123106
vn 0.2587958 0.9658536 -0.0123104
vn 0.2587955 0.9658537 -0.0123105
vn 0.7070587 0.7070478 -0.0123076
vn 0.7070534 0.7070530 -0.0123110
vn 0.3240065 -0.0866209 0.9420810
vn 0.9659993 0.2582518 -0.0123015
vn 0.7070587 -0.7070477 -0.0123110
vn 0.7070534 -0.7070530 -0.0123076
vn -0.2588114 -0.9659206 -0.0037610
vn 0.1313837 -0.4903221 0.8615814
vn -0.1313813 -0.4903130 0.8615870
vn -0.3589240 -0.3589239 0.8615957
vn -0.4902704 0.1310743 0.8616580
vn -0.4903629 0.1311744 0.8615901
vn 0.4902702 0.1310743 0.8616581
vn 0.4902702 0.1310743 0.8616581
vn 0.9660331 0.2584184 0.0000000
vn 0.9660331 0.2584184 -0.0000000
vn 0.7071067 0.7071068 0.0000000
vn 0.3589242 0.3589243 0.8615955
vn 0.2580687 0.9631131 -0.0762473
vn -0.1313809 0.4903140 0.8615864
vn -0.4903629 0.1311744 0.8615901
vn -0.3589244 0.3589244 0.8615953
vn -0.9660331 0.2584184 -0.0000000
vn -0.9660331 -0.2584184 -0.0000000
vn -0.1313809 0.4903140 0.8615865
vn -0.6984709 0.6984710 -0.1558097
vn -0.6676714 0.7299267 -0.1463626
vn -0.9660331 0.2584184 -0.0000000
vn 0.2580687 0.9631131 -0.0762473
vn 0.2661466 0.9612537 -0.0718151
vn -0.6984709 0.6984710 -0.1558097
vn 0.1313837 -0.4903221 0.8615814
vn -0.2587958 0.9658536 -0.0123106
vn 0.2587958 0.9658536 -0.0123104
vn 0.2587958 0.9658536 -0.0123104
vn 0.7070587 0.7070478 -0.0123076
vn 0.7070587 0.7070478 -0.0123076
vn 0.3240065 -0.0866209 0.9420810
vn 0.4902702 0.1310743 0.8616581
vn 0.4902702 0.1310743 0.8616581
vn -0.7070533 -0.7070531 -0.0123113
vn -0.9659993 -0.2582518 -0.0123019
vn 0.4902702 0.1310743 0.8616581
vn -0.2588074 -0.9658505 -0.0123106
vn -0.7070533 -0.7070531 -0.0123113
vn -0.1313809 0.4903140 0.8615864
vn 0.2588074 -0.9658504 -0.0123154
vn -0.2588074 -0.9658505 -0.0123106
vn -0.9659993 -0.2582518 -0.0123019
vn -0.9659993 0.2582518 -0.0123024
vn 0.3589240 -0.3589238 0.8615958
vn -0.9659993 0.2582518 -0.0123024
vn -0.7070533 0.7070531 -0.0123078
vn 0.1313764 -0.4903153 0.8615864
vn -0.7070533 0.7070531 -0.0123078
vn -0.2587958 0.9658536 -0.0123106
vn 0.1313837 -0.4903221 0.8615814
vn 0.9660331 -0.2584184 -0.0000000
vn 0.9660331 0.2584184 -0.0000000
vn 0.9660331 0.2584184 0.0000000
vn 0.3589240 -0.3589238 0.8615958
vn 0.9660331 -0.2584184 -0.0000000
vn 0.7070696 -0.7070693 -0.0102751
vn 0.9660331 -0.2584184 -0.0000000
vn -0.2588114 -0.9659206 -0.0037610
vn -0.2597637 -0.9656722 -0.0000000
vn 0.7070696 -0.7070693 -0.0102751
vn 0.4902702 0.1310743 0.8616581
vn 0.3589240 -0.3589238 0.8615958
vn 0.7070534 -0.7070530 -0.0123076
vn 0.7070534 -0.7070530 -0.0123076
vn 0.2588074 -0.9658504 -0.0123154
vn -0.2588074 -0.9658505 -0.0123106
vn -0.7070533 -0.7070531 -0.0123113
vn -0.9659993 -0.2582518 -0.0123019
vn 0.2587955 0.9658537 -0.0123105
vn 0.7070534 0.7070530 -0.0123110
vn 0.9659993 0.2582518 -0.0123015
vn 0.7070534 -0.7070530 -0.0123076
vn -0.1814090 0.6839114 -0.7066512
vn -0.1814090 0.6839114 -0.7066512
vn -0.1814090 0.6839114 -0.7066512
vn 0.2661466 0.9612537 -0.0718151
vn -0.6097538 0.6911029 -0.3880426
vn -0.6676714 0.7299267 -0.1463626
vn -0.1814090 0.6839114 -0.7066512
vn -0.1814090 0.6839114 -0.7066512
vn 0.1814090 0.6839114 -0.7066512
vn -0.1814090 0.6839114 -0.7066512
vn -0.1814090 0.6839114 -0.7066512
vn 0.2661466 0.9612537 -0.0718151
vn 0.6676714 0.7299267 -0.1463624
vn 0.1814090 0.6839114 -0.7066512
vn 0.6647155 0.6371710 -0.3900851
vn 0.1814090 0.6839114 -0.7066512
vn 0.6676714 0.7299267 -0.1463624
vn 0.6676714 0.7299267 -0.1463624
vn -0.1814090 0.6839114 -0.7066512
vn -0.1814090 0.6839114 -0.7066512
vn -0.6097538 0.6911029 -0.3880426
vn 0.1814090 0.6839114 -0.7066512
vn 0.6647155 0.6371710 -0.3900851
vn -0.1814090 0.6839114 -0.7066512
vn 1.0000000 0.0000000 0.0000002
vn 0.7071067 -0.7071068 0.0000001
vn 1.0000000 0.0000000 -0.0000000
vn 1.0000000 0.0000000 0.0000002
vn 0.0000000 -1.0000000 -0.0000000
vn 0.0000000 -1.0000000 -0.0000000
vn 0.0000000 -1.0000000 -0.0000000
vn -0.4033616 0.7470358 -0.5284287
vn -0.4033616 0.7470358 -0.5284288
vn -0.4033616 0.7470358 -0.5284287
vn -0.9999996 -0.0008529 -0.0000004
vn 0.0000000 -1.0000000 -0.0000000
vn -0.9999996 -0.0008565 -0.0000000
vn -0.0000000 1.0000000 -0.0000000
vn -0.0000000 1.0000000 -0.0000000
vn -0.0000000 1.0000000 -0.0000000
vn -0.3119222 -0.9501076 -0.0000001
vn -0.3119222 -0.9501076 -0.0000001
vn -0.3119222 -0.9501076 -0.0000001
vn -0.7808891 -0.0003520 0.6246695
vn -0.7808892 -0.0003520 0.6246695
vn -0.0000000 1.0000000 -0.0000000
vn -0.5373421 -0.0004461 -0.8433643
vn -0.5378282 0.0000000 -0.8430545
vn -0.4033616 0.7470358 -0.5284287
vn -0.5300190 0.0000000 -0.8479857
vn 0.0000000 -1.0000000 -0.0000000
vn -0.4033616 0.7470358 -0.5284287
vn -0.3757462 0.0000000 -0.9267226
vn 0.0000000 -1.0000000 -0.0000000
vn -0.0000000 1.0000000 -0.0000000
vn -0.5378282 0.0000000 -0.8430545
vn -0.3119222 -0.9501076 -0.0000001
vn -0.7808892 -0.0003520 0.6246695
vn -0.4033616 0.7470358 -0.5284288
vn -0.3757462 0.0000000 -0.9267226
vn -0.7808891 -0.0003520 0.6246695
vn -0.5373421 -0.0004461 -0.8433643
vn -0.0000000 1.0000000 -0.0000000
vn -0.0000000 1.0000000 -0.0000000
vn -0.9999996 -0.0008565 -0.0000000
vn -0.3119222 -0.9501076 -0.0000001
vn -0.7808892 -0.0003520 0.6246695
vn -0.3119222 -0.9501076 -0.0000001
vn -0.3757462 0.0000000 -0.9267226
vn -0.5300190 0.0000000 -0.8479857
vn 0.0000000 -1.0000000 -0.0000000
vn 0.0000000 -1.0000000 -0.0000000
vn -0.3757462 0.0000000 -0.9267226
vn -0.0000000 1.0000000 -0.0000000
vn -0.0000000 1.0000000 -0.0000000
vn -0.9999996 -0.0008565 -0.0000000
vn 0.0000000 -1.0000000 -0.0000000
vn 0.0000000 -1.0000000 -0.0000000
vn -0.9186708 0.0000000 -0.3950240
vn -0.9186708 0.0000000 -0.3950240
vn -0.9186708 0.0000000 -0.3950240
vn -0.9186708 0.0000000 -0.3950240
vn -0.9186708 0.0000000 -0.3950240
vn -0.0000000 -1.0000000 -0.0000000
vn -0.0000000 -1.0000000 -0.0000000
vn -0.0000000 -1.0000000 -0.0000000
vn 0.0000000 1.0000000 -0.0000000
vn 0.0000000 1.0000000 -0.0000000
vn 0.0000000 1.0000000 -0.0000000
vn 0.0000000 1.0000000 -0.0000000
vn 0.0000000 1.0000000 -0.0000000
vn 0.3702745 0.0000000 0.9289224
vn 0.3702745 0.0000000 0.9289224
vn 0.0000000 1.0000000 -0.0000000
vn -0.9289204 -0.0000000 0.3702795
vn -0.9186708 0.0000000 -0.3950240
vn -0.9186708 0.0000000 -0.3950240
vn -0.9289204 0.0000000 0.3702795
vn -0.9289204 -0.0000000 0.3702795
vn -0.0000000 -1.0000000 -0.0000000
vn 0.0000000 -1.0000000 0.0000000
vn -0.0000000 1.0000000 -0.0000000
vn -0.9186708 0.0000000 -0.3950240
vn 0.0000000 1.0000000 -0.0000000
vn -0.0000000 -1.0000000 -0.0000000
vn 0.0000000 -1.0000000 0.0000000
vn 0.3702745 0.0000000 0.9289224
vn 0.0000000 1.0000000 -0.0000000
vn 0.0000000 1.0000000 -0.0000000
vn -0.9289204 -0.0000000 0.3702795
vn 0.0000000 1.0000000 -0.0000000
vn 0.3702745 0.0000000 0.9289224
vn -0.0000000 -1.0000000 -0.0000000
vn 0.3702745 0.0000000 0.9289224
vn 0.3702745 0.0000000 0.9289224
vn -0.0000000 1.0000000 -0.0000000
vn -0.0000000 -1.0000000 -0.0000000
vn -0.9186708 0.0000000 -0.3950240
vn -0.9186708 0.0000000 -0.3950240
vn -0.0000000 1.0000000 -0.0000000
vn 0.3950252 0.0000000 -0.9186703
vn -0.0000000 -1.0000000 -0.0000000
vn -0.9186708 0.0000000 -0.3950240
vn -0.9186708 0.0000000 -0.3950240
vn 0.0000000 1.0000000 -0.0000000
vn -0.0000000 -1.0000000 -0.0000000
vn -0.9289204 0.0000000 0.3702795
vn 0.3950252 0.0000000 -0.9186703
vn -0.0000000 1.0000000 -0.0000000
vn 0.0000000 1.0000000 -0.0000000
vn -0.9289204 0.0000000 0.3702795
vn -0.9186708 0.0000000 -0.3950240
vn -0.9289204 -0.0000000 0.3702795
vn -0.0000000 -1.0000000 -0.0000000
vn -0.9186708 0.0000000 -0.3950240
vn -0.0000000 -1.0000000 -0.0000000
vn 0.0000000 0.0000000 -1.0000000
vn 0.0000000 0.0000000 -1.0000000
vn 0.0000000 0.0000000 -1.0000000
vn 0.0000000 0.0000000 -1.0000000
vn 0.0000000 0.0000000 -1.0000000
vn 0.0000000 1.0000000 -0.0000000
vn 0.0000000 1.0000000 -0.0000000
vn 0.0000000 0.0000000 -1.0000000
vn -0.9289179 0.0000000 0.3702858
vn -0.9289179 0.0000000 0.3702858
vn -0.9289179 0.0000000 0.3702858
vn -0.9289179 -0.0000000 0.3702858
vn -0.9289179 0.0000000 0.3702858
vn -0.3949928 -0.0000000 0.9186842
vn -0.9289179 0.0000000 0.3702858
vn -0.3949928 0.0000000 0.9186842
vn 0.0000000 1.0000000 -0.0000000
vn 0.0000000 0.0000000 -1.0000000
vn -0.3702648 0.0000000 -0.9289262
vn -0.9289179 -0.0000000 0.3702858
vn 0.0000000 0.0000000 1.0000000
vn -0.3949928 -0.0000000 0.9186842
vn 0.0000000 0.0000000 1.0000000
vn 0.0000000 0.0000000 1.0000000
vn -0.3949928 -0.0000000 0.9186842
vn 0.0000000 0.0000000 1.0000000
vn 0.0000000 0.0000000 -1.0000000
vn 0.0000000 0.0000000 -1.0000000
vn 0.0000000 0.0000000 -1.0000000
vn -0.0000000 -1.0000000 -0.0000000
vn -0.3949928 0.0000000 0.9186842
vn -0.9289179 0.0000000 0.3702858
vn -0.9289179 0.0000000 0.3702858
vn 0.0000000 1.0000000 -0.0000000
vn -0.9289179 -0.0000000 0.3702858
vn 0.0000000 0.0000000 1.0000000
vn -0.9289179 0.0000000 0.3702858
vn -0.3702648 0.0000000 -0.9289262
vn 0.0000000 0.0000000 1.0000000
vn 0.0000000 0.0000000 1.0000000
vn 0.0000000 0.0000000 1.0000000
vn 0.0000000 0.0000000 1.0000000
vn 0.0000000 0.0000000 -1.0000000
vn 0.0000000 0.0000000 -1.0000000
vn 0.0000000 0.0000000 -1.0000000
vn 0.0000000 0.0000000 -1.0000000
vn -0.3826947 0.0000000 -0.9238749
vn -0.3826947 0.0000000 -0.9238748
vn 0.0000000 0.0000000 -1.0000000
vn 0.0000000 0.0000000 -1.0000000
vn -0.3826831 -0.0000000 0.9238797
vn -0.3826831 -0.0000000 0.9238797
vn 0.0000000 0.0000000 1.0000000
vn -0.0332729 0.9962130 0.0803281
vn -0.9238780 0.0000000 -0.3826872
vn -0.3826947 0.0000000 -0.9238748
vn -0.9238780 0.0000000 -0.3826872
vn 0.0000000 0.0000000 -1.0000000
vn -0.0332743 -0.9962129 -0.0803285
vn -0.3826947 0.0000000 -0.9238749
vn 0.0000000 0.0000000 1.0000000
vn 0.0000000 0.0000000 1.0000000
vn -0.0332729 0.9962130 0.0803281
vn 0.0000000 0.0000000 -1.0000000
vn 0.0000000 0.0000000 -1.0000000
vn 0.0000000 0.0000000 1.0000000
vn -0.0332743 -0.9962129 -0.0803285
vn -0.3826947 0.0000000 -0.9238748
vn 0.0000000 0.0000000 -1.0000000
vn 0.0000000 0.0000000 -1.0000000
vn -0.7978896 -0.6024745 -0.0199176
vn -0.7978896 -0.6024745 -0.0199176
vn -0.7978896 -0.6024745 -0.0199176
vn -0.7974335 -0.6030796 -0.0198718
vn -0.7978896 -0.6024745 -0.0199176
vn 0.0000000 -0.9999174 -0.0128557
vn 0.0000000 -0.9999174 -0.0128557
vn 0.0000000 -0.9999174 -0.0128557
vn -0.6778608 0.7349311 -0.0195196
vn -0.6778607 0.7349312 -0.0195196
vn -0.6778607 0.7349312 -0.0195196
vn -0.6194887 0.7848588 -0.0151793
vn -0.0992302 0.4752291 -0.8742486
vn -0.0992302 0.4752291 -0.8742486
vn -0.0992302 0.4752291 -0.8742486
vn -0.0709963 0.4926849 -0.8673068
vn -0.5985140 0.7831316 -0.1687777
vn -0.5985140 0.7831316 -0.1687777
vn -0.6194887 0.7848588 -0.0151793
vn -0.6778607 0.7349312 -0.0195196
vn 0.0000000 0.9999983 -0.0018277
vn 0.0000000 0.9999983 -0.0018277
vn -0.7978896 -0.6024745 -0.0199176
vn -0.0000000 -0.9999967 0.0025731
vn 0.0000000 -0.9999174 -0.0128557
vn -0.7974335 -0.6030796 -0.0198718
vn -0.7978896 -0.6024745 -0.0199176
vn -0.6778607 0.7349312 -0.0195196
vn -0.6778607 0.7349312 -0.0195196
vn -0.7974335 -0.6030796 -0.0198718
vn -0.6194887 0.7848588 -0.0151793
vn -0.5985140 0.7831316 -0.1687777
vn 0.0000000 0.9994097 -0.0343558
vn -0.7662000 -0.6134643 -0.1913090
vn 0.0000000 -0.9999174 -0.0128557
vn -0.5985140 0.7831316 -0.1687777
vn -0.6778607 0.7349312 -0.0195196
vn -0.6750916 -0.5586236 0.4818620
vn -0.6750917 -0.5586236 0.4818619
vn -0.7978896 -0.6024745 -0.0199176
vn -0.0000000 -0.9702854 0.2419633
vn -0.0000000 -0.9999967 0.0025731
vn -0.7978896 -0.6024745 -0.0199176
vn -0.5067840 -0.2989479 0.8085791
vn -0.5286211 -0.2730480 0.8037441
vn -0.6750917 -0.5586236 0.4818619
vn -0.6778608 0.7349311 -0.0195196
vn 0.0000000 0.9999983 -0.0018277
vn -0.0992302 0.4752291 -0.8742486
vn -0.9631249 0.1051445 0.2476591
vn -0.9631249 0.1051445 0.2476591
vn -0.5067840 -0.2989479 0.8085791
vn -0.0709963 0.4926849 -0.8673068
vn -0.9631249 0.1051445 0.2476591
vn -0.0000000 -0.4341328 0.9008489
vn -0.6750917 -0.5586236 0.4818619
vn -0.6778607 0.7349312 -0.0195196
vn -0.6778608 0.7349311 -0.0195196
vn -0.7978888 0.6024755 -0.0199175
vn -0.7978888 0.6024755 -0.0199175
vn -0.7978888 0.6024755 -0.0199175
vn -0.7974335 0.6030796 -0.0198718
vn 0.0000000 0.9999174 -0.0128562
vn 0.0000000 0.9999174 -0.0128562
vn -0.7978888 0.6024755 -0.0199175
vn -0.0000000 0.9999174 -0.0128562
vn -0.6778607 -0.7349312 -0.0195196
vn -0.6778607 -0.7349312 -0.0195196
vn -0.6778608 -0.7349311 -0.0195196
vn -0.6194863 -0.7848607 -0.0151792
vn -0.6778607 -0.7349312 -0.0195196
vn -0.0992311 -0.4752291 -0.8742485
vn -0.0992311 -0.4752291 -0.8742485
vn -0.0992311 -0.4752291 -0.8742485
vn -0.0709969 -0.4926850 -0.8673067
vn -0.5985129 -0.7831324 -0.1687775
vn -0.5985130 -0.7831324 -0.1687775
vn 0.0000000 -0.9999983 -0.0018276
vn 0.0000000 -0.9999983 -0.0018276
vn -0.6778608 -0.7349311 -0.0195196
vn 0.0000000 0.9999174 -0.0128562
vn 0.0000000 0.9999967 0.0025733
vn -0.7978888 0.6024755 -0.0199175
vn -0.7978888 0.6024755 -0.0199175
vn 0.0000000 0.9999174 -0.0128562
vn -0.6778607 -0.7349312 -0.0195196
vn -0.7974335 0.6030796 -0.0198718
vn -0.6778607 -0.7349312 -0.0195196
vn -0.5985129 -0.7831324 -0.1687775
vn 0.0000000 -0.9994097 -0.0343558
vn -0.7661993 0.6134652 -0.1913089
vn -0.0000000 0.9999174 -0.0128562
vn -0.5985130 -0.7831324 -0.1687775
vn -0.7661993 0.6134652 -0.1913089
vn -0.7978888 0.6024755 -0.0199175
vn -0.6750917 0.5586236 0.4818619
vn -0.6750916 0.5586236 0.4818620
vn -0.7974335 0.6030796 -0.0198718
vn -0.7978888 0.6024755 -0.0199175
vn 0.0000000 0.9999967 0.0025733
vn 0.0000000 0.9702854 0.2419633
vn -0.7978888 0.6024755 -0.0199175
vn -0.5067841 0.2989480 0.8085789
vn -0.6750916 0.5586236 0.4818620
vn -0.6750917 0.5586236 0.4818619
vn -0.5286220 0.2730473 0.8037437
vn 0.0000000 -0.9999983 -0.0018276
vn -0.6778608 -0.7349311 -0.0195196
vn -0.9631249 -0.1051444 0.2476592
vn -0.9631249 -0.1051444 0.2476593
vn -0.6750916 0.5586236 0.4818620
vn -0.5067841 0.2989480 0.8085789
vn -0.0709969 -0.4926850 -0.8673067
vn 0.0000000 0.9702854 0.2419633
vn 0.0000000 0.4341322 0.9008492
vn -0.6750917 0.5586236 0.4818619
vn -0.6750916 0.5586236 0.4818620
vn 0.0000000 -1.0000000 -0.0000000
vn 0.0000000 -1.0000000 -0.0000000
vn 0.0000000 -1.0000000 -0.0000000
vn 0.4033623 0.7470356 -0.5284285
vn 0.4033623 0.7470356 -0.5284285
vn 0.4033624 0.7470356 -0.5284285
vn 0.9999996 -0.0008505 -0.0000000
vn 0.9999996 -0.0008505 -0.0000000
vn 0.0000000 -1.0000000 -0.0000000
vn 0.0000000 1.0000000 -0.0000000
vn 0.0000000 1.0000000 -0.0000000
vn 0.0000000 1.0000000 -0.0000000
vn 0.3119224 -0.9501076 0.0000001
vn 0.3119224 -0.9501076 0.0000001
vn 0.3119224 -0.9501076 0.0000001
vn 0.7808882 -0.0003520 0.6246707
vn 0.9999996 -0.0008505 -0.0000000
vn 0.7808882 -0.0003520 0.6246707
vn 0.3119224 -0.9501076 0.0000001
vn 0.5378299 -0.0000000 -0.8430534
vn 0.5378299 -0.0000000 -0.8430534
vn 0.0000000 1.0000000 -0.0000000
vn 0.3119224 -0.9501076 0.0000001
vn 0.4033623 0.7470356 -0.5284285
vn 0.4033623 0.7470356 -0.5284285
vn 0.0000000 -1.0000000 -0.0000000
vn 0.5300202 -0.0000000 -0.8479850
vn 0.3757476 -0.0000000 -0.9267220
vn 0.0000000 1.0000000 -0.0000000
vn 0.0000000 -1.0000000 -0.0000000
vn 0.5378299 -0.0000000 -0.8430534
vn 0.3119224 -0.9501076 0.0000001
vn 0.7808882 -0.0003520 0.6246707
vn 0.4033623 0.7470356 -0.5284285
vn 0.0000000 1.0000000 -0.0000000
vn 0.5378299 -0.0000000 -0.8430534
vn 0.0000000 1.0000000 -0.0000000
vn 0.0000000 1.0000000 -0.0000000
vn 0.9999996 -0.0008505 -0.0000000
vn 0.9999996 -0.0008505 -0.0000000
vn 0.3119224 -0.9501076 0.0000001
vn 0.7808882 -0.0003520 0.6246707
vn 0.3119224 -0.9501076 0.0000001
vn 0.9999996 -0.0008505 -0.0000000
vn 0.3757476 -0.0000000 -0.9267220
vn 0.0000000 -1.0000000 -0.0000000
vn 0.4033623 0.7470356 -0.5284285
vn 0.7808882 -0.0003520 0.6246707
vn 0.5300202 -0.0000000 -0.8479850
vn 0.0000000 -1.0000000 -0.0000000
vn 0.0000000 -1.0000000 -0.0000000
vn 0.3757476 -0.0000000 -0.9267220
vn 0.0000000 1.0000000 -0.0000000
vn 0.0000000 1.0000000 -0.0000000
vn 0.9999996 -0.0008505 -0.0000000
vn 0.0000000 -1.0000000 -0.0000000
vn 0.9186707 0.0000000 -0.3950243
vn 0.9186707 0.0000000 -0.3950243
vn 0.9186707 0.0000000 -0.3950243
vn 0.9186707 -0.0000000 -0.3950243
vn 0.0000000 -1.0000000 -0.0000000
vn 0.0000000 -1.0000000 -0.0000000
vn 0.0000000 -1.0000000 -0.0000000
vn 0.0000000 1.0000000 -0.0000000
vn 0.0000000 1.0000000 -0.0000000
vn 0.0000000 1.0000000 -0.0000000
vn 0.0000000 1.0000000 -0.0000000
vn -0.3702736 0.0000000 0.9289227
vn -0.3702736 0.0000000 0.9289227
vn 0.0000000 1.0000000 -0.0000000
vn 0.9289194 0.0000000 0.3702821
vn 0.9289194 0.0000000 0.3702821
vn 0.9186707 -0.0000000 -0.3950243
vn 0.9289194 0.0000000 0.3702821
vn 0.0000000 -1.0000000 -0.0000000
vn 0.0000000 -1.0000000 -0.0000000
vn 0.0000000 1.0000000 0.0000000
vn 0.0000000 1.0000000 -0.0000000
vn 0.9186707 0.0000000 -0.3950243
vn -0.3702736 0.0000000 0.9289227
vn 0.0000000 -1.0000000 -0.0000000
vn 0.0000000 1.0000000 -0.0000000
vn 0.0000000 1.0000000 -0.0000000
vn 0.0000000 1.0000000 -0.0000000
vn -0.3702736 0.0000000 0.9289227
vn 0.0000000 -1.0000000 -0.0000000
vn -0.3702736 0.0000000 0.9289227
vn -0.3702736 0.0000000 0.9289227
vn 0.0000000 1.0000000 0.0000000
vn 0.9186707 0.0000000 -0.3950243
vn 0.9186707 0.0000000 -0.3950243
vn 0.0000000 -1.0000000 -0.0000000
vn 0.0000000 1.0000000 0.0000000
vn 0.0000000 -1.0000000 -0.0000000
vn -0.3950231 0.0000000 -0.9186712
vn 0.0000000 1.0000000 0.0000000
vn 0.9186707 0.0000000 -0.3950243
vn 0.0000000 1.0000000 -0.0000000
vn 0.0000000 -1.0000000 -0.0000000
vn -0.3950231 0.0000000 -0.9186712
vn 0.0000000 1.0000000 0.0000000
vn 0.9186707 -0.0000000 -0.3950243
vn 0.9289194 0.0000000 0.3702821
vn 0.0000000 1.0000000 -0.0000000
vn -0.3950231 0.0000000 -0.9186712
vn 0.0000000 -1.0000000 -0.0000000
vn 0.0000000 -1.0000000 -0.0000000
vn 0.9186707 0.0000000 -0.3950243
vn -0.0000000 0.0000000 -1.0000000
vn -0.0000000 0.0000000 -1.0000000
vn -0.0000000 0.0000000 -1.0000000
vn 0.0000000 -0.0000000 -1.0000000
vn 0.0000000 1.0000000 -0.0000000
vn -0.0000000 0.0000000 -1.0000000
vn 0.0000000 1.0000000 -0.0000000
vn 0.9289179 0.0000000 0.3702858
vn 0.9289179 0.0000000 0.3702858
vn 0.9289179 0.0000000 0.3702858
vn 0.9289179 0.0000000 0.3702858
vn 0.9289179 0.0000000 0.3702858
vn 0.3949860 0.0000000 0.9186871
vn 0.3949860 0.0000000 0.9186871
vn 0.0000000 1.0000000 -0.0000000
vn 0.3702648 -0.0000000 -0.9289262
vn 0.0000000 -0.0000000 -1.0000000
vn -0.0000000 0.0000000 -1.0000000
vn 0.3702648 -0.0000000 -0.9289262
vn 0.9289179 0.0000000 0.3702858
vn 0.0000000 0.0000000 1.0000000
vn 0.0000000 0.0000000 1.0000000
vn 0.0000000 0.0000000 1.0000000
vn 0.3949860 0.0000000 0.9186871
vn -0.0000000 0.0000000 -1.0000000
vn -0.0000000 0.0000000 -1.0000000
vn 0.0000000 -0.0000000 -1.0000000
vn 0.0000000 -1.0000000 -0.0000000
vn -0.0000000 0.0000000 -1.0000000
vn 0.3949860 0.0000000 0.9186871
vn 0.9289179 0.0000000 0.3702858
vn 0.0000000 1.0000000 -0.0000000
vn 0.0000000 0.0000000 1.0000000
vn 0.3702648 -0.0000000 -0.9289262
vn 0.0000000 0.0000000 1.0000000
vn 0.0000000 0.0000000 1.0000000
vn 0.0000000 0.0000000 1.0000000
vn -0.0000000 -0.0000000 1.0000000
vn -0.0000000 0.0000000 -1.0000000
vn -0.0000000 0.0000000 -1.0000000
vn -0.0000000 0.0000000 -1.0000000
vn 0.0000000 -0.0000000 -1.0000000
vn 0.3826889 0.0000000 -0.9238773
vn 0.3826889 -0.0000000 -0.9238773
vn 0.3826831 0.0000000 0.9238797
vn 0.3826831 0.0000000 0.9238797
vn 0.0332731 0.9962130 0.0803284
vn -0.0000000 -0.0000000 1.0000000
vn 0.9238790 -0.0000000 -0.3826848
vn 0.9238790 -0.0000000 -0.3826848
vn 0.3826889 -0.0000000 -0.9238773
vn 0.9238790 -0.0000000 -0.3826848
vn 0.0000000 -0.0000000 -1.0000000
vn 0.3826889 -0.0000000 -0.9238773
vn 0.0332739 -0.9962129 -0.0803289
vn 0.0000000 0.0000000 1.0000000
vn 0.0000000 0.0000000 1.0000000
vn 0.0332731 0.9962130 0.0803284
vn -0.0000000 0.0000000 -1.0000000
vn -0.0000000 0.0000000 -1.0000000
vn 0.0332731 0.9962130 0.0803284
vn 0.0000000 0.0000000 1.0000000
vn 0.3826889 0.0000000 -0.9238773
vn 0.9238790 -0.0000000 -0.3826848
vn -0.0000000 0.0000000 -1.0000000
vn 0.0000000 -0.0000000 -1.0000000
vn -0.0000000 0.0000000 -1.0000000
vn 0.7974335 -0.6030796 -0.0198718
vn 0.7974335 -0.6030796 -0.0198718
vn 0.7974335 -0.6030796 -0.0198718
vn 0.7978898 -0.6024743 -0.0199176
vn 0.0000000 -0.9999174 -0.0128556
vn 0.0000000 -0.9999174 -0.0128556
vn 0.0000000 -0.9999174 -0.0128556
vn 0.7978898 -0.6024743 -0.0199176
vn 0.6194887 0.7848588 -0.0151793
vn 0.6194887 0.7848588 -0.0151793
vn 0.6194887 0.7848588 -0.0151793
vn 0.6778607 0.7349312 -0.0195196
vn 0.6194887 0.7848588 -0.0151793
vn 0.0709915 0.4926878 -0.8673056
vn 0.0709915 0.4926878 -0.8673056
vn 0.0709915 0.4926878 -0.8673056
vn 0.0992371 0.4752248 -0.8742502
vn 0.5909928 0.7895111 -0.1655286
vn 0.6194887 0.7848588 -0.0151793
vn 0.5985142 0.7831317 -0.1687764
vn 0.6194887 0.7848588 -0.0151793
vn 0.0000000 0.9999983 -0.0018277
vn -0.0000000 0.9999983 -0.0018277
vn 0.7978898 -0.6024743 -0.0199176
vn 0.0000000 -0.9999174 -0.0128556
vn 0.0000000 -0.9999967 0.0025731
vn 0.7974335 -0.6030796 -0.0198718
vn 0.6778607 0.7349312 -0.0195196
vn 0.6194887 0.7848588 -0.0151793
vn 0.7974335 -0.6030796 -0.0198718
vn 0.7974335 -0.6030796 -0.0198718
vn -0.0000000 0.9999983 -0.0018277
vn -0.0000000 0.9994097 -0.0343558
vn 0.5985142 0.7831317 -0.1687764
vn 0.7731031 -0.6035924 -0.1949045
vn 0.0000000 -0.9999174 -0.0128556
vn 0.7978898 -0.6024743 -0.0199176
vn 0.7974335 -0.6030796 -0.0198718
vn 0.7731031 -0.6035924 -0.1949045
vn 0.6194887 0.7848588 -0.0151793
vn 0.6884658 -0.5302099 0.4948659
vn 0.7974335 -0.6030796 -0.0198718
vn 0.6750917 -0.5586236 0.4818619
vn -0.0000000 -0.9702854 0.2419633
vn 0.5286211 -0.2730480 0.8037441
vn 0.5286211 -0.2730480 0.8037441
vn 0.6194887 0.7848588 -0.0151793
vn 0.0709915 0.4926878 -0.8673056
vn 0.0992371 0.4752248 -0.8742502
vn 0.0000000 0.9999983 -0.0018277
vn 0.5286211 -0.2730480 0.8037441
vn 0.9618810 0.0938996 0.2568420
vn 0.9631252 0.1051474 0.2476567
vn 0.0709915 0.4926878 -0.8673056
vn 0.0709915 0.4926878 -0.8673056
vn 0.9618810 0.0938996 0.2568420
vn -0.0000000 -0.4341327 0.9008489
vn 0.6750917 -0.5586236 0.4818619
vn -0.0000000 -0.9702854 0.2419633
vn 0.7974335 -0.6030796 -0.0198718
vn 0.6884658 -0.5302099 0.4948659
vn 0.6194887 0.7848588 -0.0151793
vn 0.7974335 0.6030796 -0.0198718
vn 0.7974335 0.6030796 -0.0198718
vn 0.7974335 0.6030795 -0.0198718
vn 0.7978891 0.6024752 -0.0199175
vn 0.0000000 0.9999174 -0.0128562
vn 0.0000000 0.9999174 -0.0128562
vn 0.7978891 0.6024752 -0.0199175
vn -0.0000000 0.9999174 -0.0128562
vn 0.6194863 -0.7848607 -0.0151792
vn 0.6194863 -0.7848607 -0.0151792
vn 0.6194863 -0.7848607 -0.0151792
vn 0.6778607 -0.7349312 -0.0195196
vn 0.0709921 -0.4926879 -0.8673055
vn 0.0709921 -0.4926879 -0.8673055
vn 0.0709921 -0.4926879 -0.8673055
vn 0.0992379 -0.4752248 -0.8742501
vn 0.6194863 -0.7848607 -0.0151792
vn 0.6194863 -0.7848607 -0.0151792
vn 0.5909906 -0.7895130 -0.1655278
vn 0.5985132 -0.7831325 -0.1687762
vn 0.0000000 -0.9999983 -0.0018276
vn 0.0000000 -0.9999983 -0.0018276
vn -0.0000000 0.9999174 -0.0128562
vn 0.7978891 0.6024752 -0.0199175
vn 0.0000000 0.9999967 0.0025733
vn 0.6194863 -0.7848607 -0.0151792
vn 0.6778607 -0.7349312 -0.0195196
vn 0.7974335 0.6030796 -0.0198718
vn 0.7974335 0.6030796 -0.0198718
vn 0.6194863 -0.7848607 -0.0151792
vn 0.5985132 -0.7831325 -0.1687762
vn 0.0000000 -0.9994097 -0.0343558
vn 0.0000000 -0.9999983 -0.0018276
vn 0.6194863 -0.7848607 -0.0151792
vn 0.7978891 0.6024752 -0.0199175
vn 0.0000000 0.9999174 -0.0128562
vn 0.7731037 0.6035916 -0.1949049
vn 0.6194863 -0.7848607 -0.0151792
vn 0.7974335 0.6030795 -0.0198718
vn 0.7974335 0.6030796 -0.0198718
vn 0.6884658 0.5302099 0.4948659
vn 0.6750917 0.5586236 0.4818619
vn 0.0000000 0.9702854 0.2419633
vn 0.0000000 0.9999967 0.0025733
vn 0.5286220 0.2730473 0.8037437
vn 0.5286220 0.2730473 0.8037437
vn 0.6750917 0.5586236 0.4818619
vn 0.6884658 0.5302099 0.4948659
vn 0.0992379 -0.4752248 -0.8742501
vn 0.0709921 -0.4926879 -0.8673055
vn 0.9618810 -0.0938997 0.2568420
vn 0.5286220 0.2730473 0.8037437
vn 0.6884658 0.5302099 0.4948659
vn 0.9631252 -0.1051473 0.2476569
vn 0.0709921 -0.4926879 -0.8673055
vn 0.0709921 -0.4926879 -0.8673055
vn 0.5286220 0.2730473 0.8037437
vn 0.0000000 0.4341322 0.9008492
vn 0.0000000 0.9702854 0.2419633
vn 0.7974335 0.6030796 -0.0198718
vn 0.6778607 -0.7349312 -0.0195196
vn 0.0709921 -0.4926879 -0.8673055
vn -0.7071068 -0.7071068 -0.0000001
vn 0.0000000 0.0000000 -1.0000000
vn -0.7071068 -0.7071067 -0.0000001
vn 0.0000000 -1.0000000 -0.0000000
vn 1.0000000 0.0000006 -0.0000000
vn 0.7071067 -0.7071069 0.0000001
vn -0.0924493 0.9923532 -0.0817821
vn -0.0924493 0.9923532 -0.0817821
vn -0.0924493 0.9923532 -0.0817821
vn 0.0000000 0.9998674 0.0162823
vn 0.0000000 0.9998674 0.0162823
vn -0.0924493 0.9923532 -0.0817821
vn 0.0467354 0.9988721 0.0083880
vn -0.0924493 0.9923532 -0.0817821
vn -0.0001336 1.0000000 0.0002713
vn -0.0001336 1.0000000 0.0002713
vn -0.0001336 1.0000000 0.0002713
vn -0.7333220 0.1904143 0.6526724
vn -0.7333220 0.1904143 0.6526724
vn -0.7333220 0.1904143 0.6526724
vn -0.7222848 -0.0086465 0.6915417
vn -0.7333220 0.1904143 0.6526724
vn 0.7528500 0.4018737 0.5212623
vn 0.7528500 0.4018737 0.5212623
vn 0.7528500 0.4018737 0.5212623
vn 0.7529388 0.4017587 0.5212227
vn 0.0705000 -0.0208123 0.9972946
vn 0.0705000 -0.0208123 0.9972946
vn 0.0000000 0.9998674 0.0162823
vn -0.0001336 1.0000000 0.0002713
vn -0.5637288 0.8048998 0.1853272
vn -0.5637288 0.8048998 0.1853272
vn -0.3932382 0.8958098 0.2070953
vn -0.9923348 -0.0184518 0.1221936
vn 0.7529388 0.4017587 0.5212227
vn 0.2127852 0.2446973 0.9459628
vn 0.5257953 0.3120939 -0.7912880
vn 0.5257953 0.3120939 -0.7912880
vn 0.5257954 0.3120940 -0.7912879
vn 0.5232803 0.5816433 -0.6227911
vn 0.5257953 0.3120939 -0.7912880
vn 0.3084889 0.3490107 -0.8848876
vn 0.5257954 0.3120940 -0.7912879
vn 0.0000000 1.0000000 -0.0000000
vn 0.0000000 1.0000000 -0.0000000
vn 0.3084889 0.3490107 -0.8848876
vn 0.0000000 1.0000000 0.0000000
vn -0.7563403 0.0549616 0.6518654
vn -0.7333220 0.1904143 0.6526724
vn -0.0924493 0.9923532 -0.0817821
vn 0.7528500 0.4018737 0.5212623
vn 0.4756540 0.4791933 0.7376497
vn -0.0001336 1.0000000 0.0002713
vn 0.7528500 0.4018737 0.5212623
vn 0.7528500 0.4018737 0.5212623
vn -0.7563403 0.0549616 0.6518654
vn -0.9999780 0.0000108 -0.0066309
vn -0.9999780 0.0000108 -0.0066309
vn -0.7333220 0.1904143 0.6526724
vn -0.0010156 0.1222607 -0.9924975
vn -0.0001336 1.0000000 0.0002713
vn -0.0001336 1.0000000 0.0002713
vn -0.9923348 -0.0184518 0.1221936
vn 0.2127852 0.2446973 0.9459628
vn 0.5257954 0.3120940 -0.7912879
vn 0.3084889 0.3490107 -0.8848876
vn 0.7528500 0.4018737 0.5212623
vn 0.6688243 0.7434205 0.0000002
vn 0.6688243 0.7434205 0.0000002
vn 0.5257953 0.3120939 -0.7912880
vn 0.5232803 0.5816433 -0.6227911
vn -0.0001336 1.0000000 0.0002713
vn -0.0010156 0.1222607 -0.9924975
vn 0.9975981 0.0564387 -0.0401585
vn -0.0286668 0.8555018 -0.5170057
vn -0.9999780 0.0000108 -0.0066309
vn -0.0001336 1.0000000 0.0002713
vn -0.0001336 1.0000000 0.0002713
vn 0.0000000 1.0000000 0.0001498
vn 0.0000000 1.0000000 0.0001498
vn -0.0001336 1.0000000 0.0002713
vn 0.0000000 1.0000000 0.0000000
vn 0.3084889 0.3490107 -0.8848876
vn 0.5257953 0.3120939 -0.7912880
vn 0.0467354 0.9988721 0.0083880
vn 0.0000000 0.4536030 0.8912039
vn 0.0000000 1.0000000 0.0001498
vn -0.0001336 1.0000000 0.0002713
vn 0.4756540 0.4791933 0.7376497
vn 0.4898710 0.4807429 -0.7272638
vn 0.0000000 1.0000000 0.0000000
vn 0.0467354 0.9988721 0.0083880
vn -0.0924493 0.9923532 -0.0817821
vn 0.6688243 0.7434205 0.0000002
vn 0.2127852 0.2446973 0.9459628
vn 0.7529388 0.4017587 0.5212227
vn 0.6688243 0.7434205 0.0000002
vn -0.0286668 0.8555018 -0.5170057
vn -1.0000000 -0.0000000 -0.0000015
vn -0.9999780 0.0000108 -0.0066309
vn 0.5257954 0.3120940 -0.7912879
vn 0.2127852 0.2446973 0.9459628
vn 0.6688243 0.7434205 0.0000002
vn 0.5232803 0.5816433 -0.6227911
vn 0.7529388 0.4017587 0.5212227
vn -0.0001336 1.0000000 0.0002713
vn -0.7563403 0.0549616 0.6518654
vn 0.5257953 0.3120939 -0.7912880
vn 0.4898710 0.4807429 -0.7272638
vn 0.0000000 0.9998073 0.0196304
vn 0.0000000 1.0000000 -0.0000000
vn 0.0000000 1.0000000 0.0000000
vn -0.5637288 0.8048998 0.1853272
vn -0.5637288 0.8048998 0.1853272
vn 0.0000000 0.9855318 0.1694907
vn 0.0000000 0.9855318 0.1694907
vn 0.5257953 0.3120939 -0.7912880
vn -0.7563403 0.0549616 0.6518654
vn 0.5257953 0.3120939 -0.7912880
vn -0.0924493 0.9923532 -0.0817821
vn 0.7529388 0.4017587 0.5212227
vn 0.7528500 0.4018737 0.5212623
vn -0.0001336 1.0000000 0.0002713
vn 0.0000000 0.9998674 0.0162823
vn -0.0924493 0.9923532 -0.0817821
vn -0.0000055 0.5439734 -0.8391024
vn 0.0000000 0.9998073 0.0196304
vn -0.0924493 0.9923532 -0.0817821
vn 0.0705000 -0.0208123 0.9972946
vn -0.0924493 0.9923532 -0.0817821
vn -0.7333220 0.1904143 0.6526724
vn -0.0001336 1.0000000 0.0002713
vn -0.0001336 1.0000000 0.0002713
vn 0.4898710 0.4807429 -0.7272638
vn 0.0000000 0.9998073 0.0196304
vn 0.7528500 0.4018737 0.5212623
vn 0.0000000 1.0000000 -0.0000000
vn 0.0000000 0.4536030 0.8912039
vn 0.4756540 0.4791933 0.7376497
vn 0.7528500 0.4018737 0.5212623
vn 0.0000000 1.0000000 -0.0000000
vn 0.0000000 1.0000000 -0.0000000
vn -0.0035971 0.9999901 0.0026228
vn 0.0000000 0.9998674 0.0162823
vn -0.0035971 0.9999901 0.0026228
vn -0.0366580 -0.0191334 0.9991447
vn -0.0366580 -0.0191334 0.9991447
vn -0.0451203 -0.0133227 0.9988927
vn -0.7222848 -0.0086465 0.6915417
vn 0.0705000 -0.0208123 0.9972946
vn 0.0705000 -0.0208123 0.9972946
vn -0.7333220 0.1904143 0.6526724
vn -0.0000000 1.0000000 -0.0000000
vn -0.0000000 1.0000000 -0.0000000
vn -0.0000000 1.0000000 -0.0000000
vn -0.0924493 0.9923532 -0.0817821
vn -0.0924493 0.9923532 -0.0817821
vn -0.0467355 0.9988721 0.0083879
vn 0.0000000 1.0000000 0.0001498
vn 0.0000000 1.0000000 0.0001498
vn -0.0000000 1.0000000 -0.0000000
vn -0.0366580 -0.0191334 0.9991447
vn -0.0451203 -0.0133227 0.9988927
vn 0.7222845 -0.0086467 0.6915420
vn 0.7333217 0.1904143 0.6526727
vn 0.0000000 1.0000000 -0.0000000
vn -0.0000000 1.0000000 -0.0000000
vn -0.0000000 1.0000000 -0.0000000
vn 0.0000000 1.0000000 -0.0000000
vn 0.0000000 0.9998674 0.0162823
vn 0.0000000 1.0000000 0.0001498
vn 0.3932393 0.8958093 0.2070956
vn 0.0000000 0.9855318 0.1694907
vn 0.0000000 0.9855318 0.1694907
vn 0.0000000 1.0000000 0.0001498
vn 0.9923347 -0.0184515 0.1221943
vn 0.0000000 1.0000000 -0.0000000
vn -0.2127851 0.2446973 0.9459628
vn -0.0000000 1.0000000 -0.0000000
vn -0.5232802 0.5816427 -0.6227918
vn -0.5232802 0.5816427 -0.6227918
vn -0.5232802 0.5816427 -0.6227918
vn -0.5257951 0.3120934 -0.7912883
vn -0.5232802 0.5816427 -0.6227918
vn 0.0000000 1.0000000 -0.0000000
vn -0.0000000 1.0000000 -0.0000000
vn 0.0000000 1.0000000 0.0001498
vn -0.0000000 1.0000000 -0.0000000
vn 0.7595552 0.0342428 0.6495408
vn -0.0366580 -0.0191334 0.9991447
vn 0.7333217 0.1904143 0.6526727
vn 0.0000000 1.0000000 0.0001498
vn 0.0000000 0.4536030 0.8912039
vn 0.7595552 0.0342428 0.6495408
vn 0.7333217 0.1904143 0.6526727
vn 0.9999625 0.0052178 -0.0069101
vn 0.9999780 0.0000108 -0.0066302
vn -0.0015219 0.1200684 -0.9927645
vn 0.9923347 -0.0184515 0.1221943
vn 0.0000000 1.0000000 0.0001498
vn -0.0000000 1.0000000 -0.0000000
vn -0.0015219 0.1200684 -0.9927645
vn -0.2127851 0.2446973 0.9459628
vn 0.0000000 1.0000000 -0.0000000
vn 0.0000000 1.0000000 -0.0000000
vn -0.5232802 0.5816427 -0.6227918
vn -0.2127851 0.2446973 0.9459628
vn -0.9975981 0.0564390 -0.0401590
vn -0.0015219 0.1200684 -0.9927645
vn 0.9999780 0.0000108 -0.0066302
vn 0.0002153 0.8471084 -0.5314201
vn -0.0000000 1.0000000 -0.0000000
vn 0.7595552 0.0342428 0.6495408
vn -0.0467355 0.9988721 0.0083879
vn 0.0000000 1.0000000 -0.0000000
vn 0.0000000 1.0000000 -0.0000000
vn -0.0366580 -0.0191334 0.9991447
vn 0.0000000 0.9998073 0.0196304
vn -0.0000055 0.5439734 -0.8391024
vn -0.0467355 0.9988721 0.0083879
vn -0.4448433 0.4944575 0.7467437
vn -0.4448433 0.4944575 0.7467437
vn -0.0000000 1.0000000 -0.0000000
vn -0.2127851 0.2446973 0.9459628
vn 0.9999780 0.0000108 -0.0066302
vn 0.9999625 0.0052178 -0.0069101
vn 1.0000000 -0.0000000 0.0000015
vn 0.0002153 0.8471084 -0.5314201
vn 0.9999780 0.0000108 -0.0066302
vn -0.5232802 0.5816427 -0.6227918
vn -0.5232802 0.5816427 -0.6227918
vn -0.4448433 0.4944575 0.7467437
vn -0.2127851 0.2446973 0.9459628
vn 0.9999780 0.0000108 -0.0066302
vn -0.0000000 1.0000000 -0.0000000
vn -0.0000000 1.0000000 -0.0000000
vn 0.9999780 0.0000108 -0.0066302
vn 0.7595552 0.0342428 0.6495408
vn -0.5232802 0.5816427 -0.6227918
vn 0.0705000 -0.0208123 0.9972946
vn 0.0000000 0.9998674 0.0162823
vn -0.0924493 0.9923532 -0.0817821
vn -0.0467355 0.9988721 0.0083879
vn 0.7595552 0.0342428 0.6495408
vn -0.5232802 0.5816427 -0.6227918
vn -0.0924493 0.9923532 -0.0817821
vn 0.0000000 0.9998674 0.0162823
vn -0.6688247 0.7434201 -0.0000002
vn -0.6688247 0.7434202 -0.0000002
vn -0.6688247 0.7434201 -0.0000002
vn -0.6688247 0.7434202 -0.0000002
vn 0.0000000 1.0000000 -0.0000000
vn 0.0000000 1.0000000 -0.0000000
vn 0.0000000 1.0000000 -0.0000000
vn 0.0000000 1.0000000 -0.0000000
vn 0.0000000 1.0000000 -0.0000000
vn 0.0000000 0.5615314 0.8274555
vn 0.0000000 0.5615313 0.8274555
vn 0.0000000 0.5615313 0.8274555
vn 0.0000000 0.5615313 0.8274555
vn 0.9805808 -0.1486679 0.1279032
vn 0.9805808 -0.1486679 0.1279032
vn 0.9805808 -0.1486679 0.1279032
vn 0.9805806 -0.1486686 0.1279033
vn 0.9245567 0.3810309 0.0032212
vn 0.9245567 0.3810309 0.0032212
vn -0.8174012 0.1778141 0.5479392
vn -0.8174012 0.1778141 0.5479392
vn -0.8174012 0.1778141 0.5479392
vn -0.8163776 0.1787835 0.5491484
vn -0.8174012 0.1778141 0.5479392
vn 0.9730024 0.2009133 -0.1135789
vn 0.9730024 0.2009133 -0.1135789
vn 0.9730024 0.2009133 -0.1135789
vn 0.9622058 0.2685001 -0.0454715
vn 0.2727746 0.1390774 0.9519724
vn 0.2727746 0.1390775 0.9519724
vn 0.2727746 0.1390774 0.9519724
vn 0.2727732 0.1390779 0.9519727
vn -0.3851751 -0.9085600 0.1617370
vn -0.3851751 -0.9085600 0.1617370
vn -0.3851751 -0.9085600 0.1617370
vn -0.3865954 -0.9079917 0.1615395
vn -0.3749663 0.8979289 -0.2304864
vn -0.3749663 0.8979289 -0.2304864
vn -0.3749663 0.8979289 -0.2304864
vn -0.3753706 0.8977557 -0.2305030
vn -0.3749663 0.8979289 -0.2304864
vn 0.9245567 0.3810309 0.0032212
vn 0.9245567 0.3810309 0.0032212
vn -0.9172023 0.3628993 -0.1644507
vn -0.9172023 0.3628993 -0.1644507
vn -0.3749663 0.8979289 -0.2304864
vn -0.3749663 0.8979289 -0.2304864
vn -0.9172023 0.3628993 -0.1644507
vn -0.3851751 -0.9085600 0.1617370
vn 0.3447956 -0.9379442 0.0371019
vn 0.3447957 -0.9379442 0.0371019
vn 0.3447957 -0.9379442 0.0371019
vn 0.4584462 -0.8887022 -0.0059596
vn 0.3447956 -0.9379442 0.0371019
vn 0.6696137 -0.3291059 -0.6658129
vn 0.6696137 -0.3291059 -0.6658129
vn 0.6696137 -0.3291059 -0.6658129
vn 0.6547518 -0.3358552 -0.6771273
vn 0.9652536 0.2031293 -0.1643898
vn 0.9652536 0.2031293 -0.1643898
vn 0.9622058 0.2685001 -0.0454715
vn 0.9730024 0.2009133 -0.1135789
vn 0.2727732 0.1390779 0.9519727
vn 0.7845475 0.2103187 0.5833107
vn 0.7845475 0.2103187 0.5833106
vn 0.2727746 0.1390774 0.9519724
vn -0.9111068 -0.4074447 -0.0622360
vn -0.9111067 -0.4074447 -0.0622360
vn -0.9111068 -0.4074447 -0.0622360
vn -0.9017636 -0.4265605 -0.0697750
vn 0.9652536 0.2031293 -0.1643898
vn 0.4012669 0.8192965 0.4095584
vn 0.4012669 0.8192965 0.4095584
vn 0.9622058 0.2685001 -0.0454715
vn -0.3630897 -0.8579127 -0.3635268
vn -0.3630897 -0.8579127 -0.3635268
vn -0.3630897 -0.8579127 -0.3635268
vn -0.3410426 -0.8603429 -0.3788141
vn -0.3753706 0.8977557 -0.2305030
vn -0.3749663 0.8979289 -0.2304864
vn -0.3907959 0.9195790 -0.0406570
vn -0.4097822 0.9110540 -0.0453790
vn 0.3526845 0.9347083 0.0439783
vn 0.9245567 0.3810309 0.0032212
vn -0.4097822 0.9110540 -0.0453790
vn 0.2727746 0.1390775 0.9519724
vn -0.5407043 -0.0327824 0.8405737
vn -0.5407043 -0.0327823 0.8405737
vn 0.2727746 0.1390775 0.9519724
vn -0.9017636 -0.4265605 -0.0697750
vn 0.3447957 -0.9379442 0.0371019
vn -0.8174012 0.1778141 0.5479392
vn 0.4012669 0.8192965 0.4095584
vn 0.4012669 0.8192965 0.4095584
vn -0.2500028 0.7755160 0.5797185
vn -0.8174012 0.1778141 0.5479392
vn 0.9805808 -0.1486679 0.1279032
vn 0.9245567 0.3810309 0.0032212
vn 0.9507772 0.2875955 0.1153752
vn -0.3749663 0.8979289 -0.2304864
vn -0.9172023 0.3628993 -0.1644507
vn -0.9224995 0.3716832 -0.1041455
vn -0.3907959 0.9195790 -0.0406570
vn -0.3865954 -0.9079917 0.1615395
vn -0.9076358 -0.4054507 -0.1086597
vn -0.9224995 0.3716832 -0.1041455
vn -0.3526968 -0.9344413 -0.0492375
vn -0.9076358 -0.4054507 -0.1086597
vn -0.3865954 -0.9079917 0.1615395
vn -0.3851751 -0.9085600 0.1617370
vn -0.3526968 -0.9344413 -0.0492375
vn 0.8983572 0.4387977 0.0202703
vn 0.8983573 0.4387976 0.0202703
vn 0.8983572 0.4387976 0.0202703
vn 0.9128443 0.4082211 0.0084165
vn 0.3811100 0.9230800 -0.0517542
vn 0.3787070 0.9241247 -0.0507399
vn 0.9128443 0.4082211 0.0084165
vn -0.2545784 0.6147996 0.7464658
vn -0.2545784 0.6147997 0.7464658
vn -0.2545784 0.6147996 0.7464658
vn -0.2505021 0.5815774 0.7739615
vn -0.2545784 0.6147996 0.7464658
vn -0.8174012 0.1778141 0.5479392
vn -0.2118821 0.5566141 0.8032974
vn 0.4012669 0.8192965 0.4095584
vn -0.8174012 0.1778141 0.5479392
vn -0.2118821 0.5566141 0.8032974
vn 0.9730024 0.2009133 -0.1135789
vn 0.9622058 0.2685001 -0.0454715
vn -0.4097822 0.9110540 -0.0453790
vn -0.3907959 0.9195790 -0.0406570
vn -0.2500028 0.7755160 0.5797185
vn 0.4012669 0.8192965 0.4095584
vn -0.4097822 0.9110540 -0.0453790
vn 0.3526845 0.9347083 0.0439783
vn 0.9652536 0.2031293 -0.1643898
vn 0.9507772 0.2875955 0.1153752
vn 0.9652536 0.2031293 -0.1643898
vn -0.9076358 -0.4054507 -0.1086597
vn -0.3526968 -0.9344413 -0.0492375
vn -0.3526545 -0.9348645 -0.0407818
vn -0.3531917 -0.9346717 -0.0405517
vn 0.8584387 -0.1508158 -0.4902423
vn 0.8584387 -0.1508158 -0.4902423
vn 0.9730024 0.2009133 -0.1135789
vn 0.9730024 0.2009133 -0.1135789
vn -0.2545784 0.6147996 0.7464658
vn 0.0532367 0.9874912 0.1484149
vn 0.0532367 0.9874912 0.1484149
vn -0.2505021 0.5815774 0.7739615
vn 0.6696137 -0.3291059 -0.6658129
vn 0.8884376 0.4429617 -0.1202643
vn 0.0532367 0.9874912 0.1484149
vn 0.6696137 -0.3291059 -0.6658129
vn 0.9056540 -0.3896172 0.1673000
vn 0.9056540 -0.3896172 0.1673000
vn 0.9056540 -0.3896172 0.1673000
vn 0.8821689 -0.4235850 0.2058003
vn 0.8983573 0.4387976 0.0202703
vn 0.4584462 -0.8887022 -0.0059596
vn 0.9288825 -0.2611272 -0.2626591
vn 0.8930221 -0.3453362 -0.2885386
vn 0.8983573 0.4387976 0.0202703
vn 0.6696137 -0.3291059 -0.6658129
vn 0.0532367 0.9874912 0.1484149
vn 0.0532367 0.9874912 0.1484149
vn 0.3813806 0.7219008 -0.5774150
vn -0.9613050 -0.1712138 0.2158208
vn -0.5407043 -0.0327823 0.8405737
vn -0.5407043 -0.0327824 0.8405737
vn -0.9618823 -0.1705750 0.2137442
vn -0.3686993 0.8685101 0.3312870
vn -0.3686993 0.8685101 0.3312870
vn -0.3686993 0.8685101 0.3312870
vn -0.4013489 0.8594726 0.3165847
vn -0.8173442 -0.2074784 -0.5374952
vn -0.9618823 -0.1705750 0.2137442
vn -0.8158494 -0.2060816 -0.5402964
vn 0.9692085 0.2420209 -0.0453947
vn 0.9692085 0.2420209 -0.0453947
vn 0.8884376 0.4429617 -0.1202643
vn 0.6696137 -0.3291059 -0.6658129
vn 0.9692085 0.2420209 -0.0453947
vn 0.7845475 0.2103187 0.5833107
vn 0.9615916 0.1698754 -0.2156014
vn 0.9615916 0.1698754 -0.2156014
vn 0.7845475 0.2103187 0.5833106
vn -0.3686993 0.8685101 0.3312870
vn -0.9234667 0.2734442 0.2691420
vn -0.9111068 -0.4074447 -0.0622360
vn -0.9277579 0.2661896 0.2615498
vn -0.9234667 0.2734442 0.2691420
vn -0.3686993 0.8685101 0.3312870
vn -0.9111967 0.3725066 0.1759529
vn 0.9056540 -0.3896172 0.1673000
vn 0.9288825 -0.2611272 -0.2626591
vn -0.3630897 -0.8579127 -0.3635268
vn -0.3410426 -0.8603429 -0.3788141
vn 0.9056540 -0.3896172 0.1673000
vn 0.9288825 -0.2611272 -0.2626591
vn 0.4584462 -0.8887022 -0.0059596
vn 0.3447957 -0.9379442 0.0371019
vn -0.3630897 -0.8579127 -0.3635268
vn -0.3630897 -0.8579127 -0.3635268
vn -0.9111967 0.3725066 0.1759529
vn -0.3630897 -0.8579127 -0.3635268
vn 0.8821689 -0.4235850 0.2058003
vn 0.9056540 -0.3896172 0.1673000
vn 0.2727746 0.1390774 0.9519724
vn 0.7845475 0.2103187 0.5833106
vn 0.8821689 -0.4235850 0.2058003
vn -0.3531917 -0.9346717 -0.0405517
vn -0.9085586 -0.4145325 0.0518077
vn -0.9224995 0.3716832 -0.1041455
vn -0.9076358 -0.4054507 -0.1086597
vn -0.8158494 -0.2060816 -0.5402964
vn -0.9618823 -0.1705750 0.2137442
vn -0.8480701 0.0062805 -0.5298468
vn -0.8077459 0.0559405 -0.5868707
vn -0.4938645 -0.2657679 0.8279283
vn -0.5407043 -0.0327824 0.8405737
vn 0.2727746 0.1390775 0.9519724
vn -0.4903309 -0.2634459 0.8307658
vn -0.9085586 -0.4145325 0.0518077
vn -0.2500028 0.7755160 0.5797185
vn -0.3907959 0.9195790 -0.0406570
vn -0.9224995 0.3716832 -0.1041455
vn 0.3787070 0.9241247 -0.0507399
vn -0.9277579 0.2661896 0.2615498
vn -0.3705045 0.9258777 -0.0740060
vn 0.9056540 -0.3896172 0.1673000
vn 0.8930221 -0.3453362 -0.2885386
vn 0.9056540 -0.3896172 0.1673000
vn 0.9056540 -0.3896172 0.1673000
vn -0.8828673 -0.4175866 -0.2148645
vn -0.8174012 0.1778141 0.5479392
vn -0.8163776 0.1787835 0.5491484
vn -0.9443596 -0.3289041 -0.0026555
vn -0.8828673 -0.4175866 -0.2148645
vn -0.3496749 -0.8018283 0.4845604
vn -0.3496749 -0.8018284 0.4845604
vn -0.3496749 -0.8018284 0.4845603
vn -0.3448250 -0.7802554 0.5218211
vn -0.1043172 -0.9819189 -0.1579660
vn -0.3496749 -0.8018284 0.4845604
vn 0.6696137 -0.3291059 -0.6658129
vn 0.4678617 0.7246552 0.5059449
vn 0.4678617 0.7246552 0.5059449
vn 0.8884376 0.4429617 -0.1202643
vn 0.4678617 0.7246552 0.5059449
vn -0.1491458 0.6946585 0.7037081
vn -0.1491458 0.6946585 0.7037081
vn -0.9017636 -0.4265605 -0.0697750
vn -0.9111068 -0.4074447 -0.0622360
vn -0.9234667 0.2734442 0.2691420
vn -0.3630897 -0.8579127 -0.3635268
vn -0.9017636 -0.4265605 -0.0697750
vn 0.8930221 -0.3453362 -0.2885386
vn 0.9181642 0.3499029 0.1858558
vn 0.8983572 0.4387976 0.0202703
vn 0.8983573 0.4387976 0.0202703
vn 0.9615916 0.1698754 -0.2156014
vn 0.9533418 0.2235332 -0.2029096
vn 0.8821689 -0.4235850 0.2058003
vn 0.7845475 0.2103187 0.5833106
vn 0.4925855 0.3460991 -0.7984829
vn 0.4925855 0.3460991 -0.7984829
vn 0.9533418 0.2235332 -0.2029096
vn 0.9615916 0.1698754 -0.2156014
vn 0.8983572 0.4387977 0.0202703
vn 0.3447956 -0.9379442 0.0371019
vn 0.4584462 -0.8887022 -0.0059596
vn 0.8983573 0.4387976 0.0202703
vn -0.4938645 -0.2657679 0.8279283
vn -0.8480701 0.0062805 -0.5298468
vn -0.9618823 -0.1705750 0.2137442
vn -0.5407043 -0.0327824 0.8405737
vn 0.3555045 0.8873977 -0.2934992
vn 0.9533418 0.2235332 -0.2029096
vn 0.4925855 0.3460991 -0.7984829
vn -0.3686993 0.8685101 0.3312870
vn 0.9056540 -0.3896172 0.1673000
vn 0.3555045 0.8873977 -0.2934992
vn 0.9181642 0.3499029 0.1858558
vn 0.8930221 -0.3453362 -0.2885386
vn -0.8158494 -0.2060816 -0.5402964
vn -0.8077459 0.0559405 -0.5868707
vn 0.4925855 0.3460991 -0.7984829
vn 0.4925855 0.3460991 -0.7984829
vn 0.9056540 -0.3896172 0.1673000
vn 0.9056540 -0.3896172 0.1673000
vn -0.3410426 -0.8603429 -0.3788141
vn -0.4903309 -0.2634459 0.8307658
vn -0.3686993 0.8685101 0.3312870
vn -0.4013489 0.8594726 0.3165847
vn 0.3555045 0.8873977 -0.2934992
vn 0.2727746 0.1390774 0.9519724
vn 0.9056540 -0.3896172 0.1673000
vn -0.4903309 -0.2634459 0.8307658
vn 0.2727746 0.1390775 0.9519724
vn -0.3686993 0.8685101 0.3312870
vn -0.8077459 0.0559405 -0.5868707
vn -0.3686993 0.8685101 0.3312870
vn -0.9111067 -0.4074447 -0.0622360
vn -0.3705045 0.9258777 -0.0740060
vn -0.9277579 0.2661896 0.2615498
vn -0.9111068 -0.4074447 -0.0622360
vn -0.9085586 -0.4145325 0.0518077
vn -0.9443596 -0.3289041 -0.0026555
vn -0.8163776 0.1787835 0.5491484
vn 0.9615916 0.1698754 -0.2156014
vn 0.5409751 0.0337402 -0.8403615
vn 0.4925855 0.3460991 -0.7984829
vn 0.9615916 0.1698754 -0.2156014
vn 0.9615916 0.1698754 -0.2156014
vn -0.2500028 0.7755160 0.5797185
vn -0.8163776 0.1787835 0.5491484
vn -0.8174012 0.1778141 0.5479392
vn 0.9652536 0.2031293 -0.1643898
vn 0.9767087 -0.1879104 -0.1035848
vn 0.9767087 -0.1879104 -0.1035848
vn 0.9507772 0.2875955 0.1153752
vn 0.9652536 0.2031293 -0.1643898
vn 0.8584387 -0.1508158 -0.4902423
vn 0.9767087 -0.1879104 -0.1035848
vn 0.9652536 0.2031293 -0.1643898
vn 0.9730024 0.2009133 -0.1135789
vn -0.1491458 0.6946585 0.7037081
vn -0.7674869 0.2646213 0.5839002
vn -0.7674869 0.2646213 0.5839002
vn -0.1491458 0.6946585 0.7037081
vn 0.4678617 0.7246552 0.5059449
vn -0.2545784 0.6147996 0.7464658
vn -0.2505021 0.5815774 0.7739615
vn -0.7674869 0.2646213 0.5839002
vn -0.9066996 -0.4199500 -0.0392156
vn -0.9066996 -0.4199500 -0.0392156
vn -0.7674869 0.2646213 0.5839002
vn -0.7674869 0.2646213 0.5839002
vn 0.6547518 -0.3358552 -0.6771273
vn 0.5788984 -0.4693556 -0.6667697
vn 0.9692085 0.2420209 -0.0453947
vn 0.6696137 -0.3291059 -0.6658129
vn 0.5788984 -0.4693556 -0.6667697
vn -0.9066996 -0.4199500 -0.0392156
vn -0.9066996 -0.4199500 -0.0392156
vn 0.8884376 0.4429617 -0.1202643
vn -0.2505021 0.5815774 0.7739615
vn 0.0532367 0.9874912 0.1484149
vn -0.8158494 -0.2060816 -0.5402964
vn 0.4925855 0.3460991 -0.7984829
vn 0.5409751 0.0337402 -0.8403615
vn -0.8173442 -0.2074784 -0.5374952
vn -0.8158494 -0.2060816 -0.5402964
vn 0.6696137 -0.3291059 -0.6658129
vn 0.3813806 0.7219008 -0.5774150
vn 0.6696137 -0.3291059 -0.6658129
vn 0.9767087 -0.1879104 -0.1035848
vn 0.9805806 -0.1486686 0.1279033
vn 0.9805808 -0.1486679 0.1279032
vn 0.9507772 0.2875955 0.1153752
vn -0.4013489 0.8594726 0.3165847
vn -0.3686993 0.8685101 0.3312870
vn -0.9277579 0.2661896 0.2615498
vn 0.3811100 0.9230800 -0.0517542
vn 0.8983572 0.4387976 0.0202703
vn 0.9181642 0.3499029 0.1858558
vn -0.1491458 0.6946585 0.7037081
vn -0.7674869 0.2646213 0.5839002
vn -0.3496749 -0.8018283 0.4845604
vn -0.2545784 0.6147996 0.7464658
vn -0.1491458 0.6946585 0.7037081
vn -0.3448250 -0.7802554 0.5218211
vn -0.2545784 0.6147997 0.7464658
vn -0.2545784 0.6147996 0.7464658
vn -0.3496749 -0.8018283 0.4845604
vn -0.3686993 0.8685101 0.3312870
vn -0.8077459 0.0559405 -0.5868707
vn -0.8480701 0.0062805 -0.5298468
vn -0.9111967 0.3725066 0.1759529
vn 0.3447957 -0.9379442 0.0371019
vn -0.9017636 -0.4265605 -0.0697750
vn -0.3630897 -0.8579127 -0.3635268
vn -0.3630897 -0.8579127 -0.3635268
vn -0.3630897 -0.8579127 -0.3635268
vn -0.4938645 -0.2657679 0.8279283
vn -0.4903309 -0.2634459 0.8307658
vn -0.3410426 -0.8603429 -0.3788141
vn -0.9111967 0.3725066 0.1759529
vn -0.4938645 -0.2657679 0.8279283
vn -0.3630897 -0.8579127 -0.3635268
vn 0.9056540 -0.3896172 0.1673000
vn 0.8821689 -0.4235850 0.2058003
vn 0.9533418 0.2235332 -0.2029096
vn 0.3555045 0.8873977 -0.2934992
vn 0.9056540 -0.3896172 0.1673000
vn -0.9066996 -0.4199500 -0.0392156
vn 0.6547518 -0.3358552 -0.6771273
vn 0.6696137 -0.3291059 -0.6658129
vn -0.3496749 -0.8018284 0.4845604
vn -0.3496749 -0.8018283 0.4845604
vn -0.7674869 0.2646213 0.5839002
vn -0.9443596 -0.3289041 -0.0026555
vn -0.3531917 -0.9346717 -0.0405517
vn -0.3526545 -0.9348645 -0.0407818
vn -0.0000270 -0.6087593 -0.7933550
vn -0.0000270 -0.6087592 -0.7933550
vn -0.0000270 -0.6087593 -0.7933550
vn 0.0000000 -0.6087406 -0.7933693
vn -0.0000270 -0.6087593 -0.7933550
vn -0.3255109 0.4727670 -0.8188614
vn -0.3255109 0.4727670 -0.8188614
vn -0.3255110 0.4727670 -0.8188614
vn -0.3254983 0.4727752 -0.8188617
vn -0.0000270 -0.6087593 -0.7933550
vn 0.0000000 -0.6087406 -0.7933693
vn -0.9856417 0.1583666 -0.0585699
vn -0.9894453 0.1299634 -0.0640892
vn -0.9894453 0.1299634 -0.0640892
vn -0.9856417 0.1583666 -0.0585699
vn -0.9875031 0.1531332 0.0372551
vn -0.9945180 0.1043413 -0.0068419
vn -0.3432671 0.8894006 0.3018846
vn -0.3432671 0.8894006 0.3018846
vn -0.3432671 0.8894006 0.3018846
vn -0.3432549 0.8894090 0.3018735
vn -0.3432671 0.8894006 0.3018846
vn -0.0000270 -0.6087593 -0.7933550
vn -0.3807278 -0.6096770 0.6952268
vn -0.3807278 -0.6096770 0.6952268
vn -0.3432539 -0.8423763 0.4154262
vn -0.3432539 -0.8423763 0.4154262
vn -0.9894453 0.1299634 -0.0640892
vn -0.3432539 -0.8423763 0.4154262
vn -0.9936505 0.0000000 0.1125106
vn -0.9936505 0.0000000 0.1125106
vn -0.9936505 0.0000000 0.1125106
vn -0.3255109 0.4727670 -0.8188614
vn -0.3432671 0.8894006 0.3018846
vn -0.3432673 0.7061405 0.6193005
vn -0.3432474 0.7061317 0.6193216
vn -0.3807576 0.6951918 0.6096983
vn -0.3432673 0.7061405 0.6193005
vn -0.3432671 0.8894006 0.3018846
vn -0.3807237 0.6951889 0.6097227
vn -0.9875031 0.1531332 0.0372551
vn 0.0000000 -0.0686004 0.9976442
vn 0.0000000 -0.0686004 0.9976442
vn -0.9945180 0.1043413 -0.0068419
vn -1.0000000 0.0000000 -0.0000000
vn 0.0000000 -0.0686004 0.9976442
vn -1.0000000 -0.0000000 -0.0000000
vn -0.3255109 0.4727670 -0.8188614
vn -0.3255085 -0.2447185 -0.9133220
vn -0.9936505 0.0000000 0.1125106
vn -0.3255109 0.4727670 -0.8188614
vn -0.9945180 0.1043413 -0.0068419
vn 0.0000000 -0.0686004 0.9976442
vn -0.9936505 0.0000000 0.1125106
vn -0.9863654 -0.0107633 -0.1642176
vn -0.9863654 -0.0107633 -0.1642176
vn -0.9863654 -0.0107633 -0.1642176
vn -0.9863650 -0.0107620 -0.1642199
vn -0.3255106 -0.8188592 -0.4727710
vn -0.9945180 0.1043413 -0.0068419
vn -0.9936505 0.0000000 0.1125106
vn -1.0000000 0.0000000 -0.0000000
vn -0.3807576 0.6951918 0.6096983
vn -0.3807237 0.6951889 0.6097227
vn -1.0000000 0.0000000 0.0000000
vn -1.0000000 0.0000000 -0.0000000
vn -1.0000000 0.0000000 -0.0000000
vn -1.0000000 -0.0000000 -0.0000000
vn -0.9936505 0.0000000 0.1125106
vn -0.9936505 0.0000000 0.1125106
vn -1.0000000 0.0000000 -0.0000000
vn -1.0000000 0.0000000 0.0000000
vn -0.3807237 0.6951889 0.6097227
vn -1.0000000 -0.0000000 -0.0000000
vn -1.0000000 0.0000000 -0.0000000
vn -0.3432542 0.9372303 -0.0614481
vn -0.3432671 0.8894006 0.3018846
vn -0.3432549 0.8894090 0.3018735
vn -0.3432737 0.9372246 -0.0614266
vn -0.3432542 0.9372303 -0.0614481
vn -0.9894453 0.1299634 -0.0640892
vn -0.3255106 -0.8188592 -0.4727710
vn -0.9863654 -0.0107633 -0.1642176
vn -0.3432571 0.0614205 0.9372311
vn -0.3432562 0.0614216 0.9372313
vn -0.3254983 0.4727752 -0.8188617
vn -0.3255110 0.4727670 -0.8188614
vn -0.3432542 0.9372303 -0.0614481
vn 0.0000248 0.9914460 0.1305178
vn 0.0000248 0.9914460 0.1305178
vn -0.9863650 -0.0107620 -0.1642199
vn -0.9863654 -0.0107633 -0.1642176
vn -0.3432673 0.7061405 0.6193005
vn -0.9863649 -0.0727879 -0.1476015
vn -0.9863654 -0.0107633 -0.1642176
vn -0.3807278 -0.6096770 0.6952268
vn 0.0000248 0.9914460 0.1305178
vn -0.3807278 -0.6096770 0.6952268
vn -0.3255110 0.4727670 -0.8188614
vn -0.9863645 -0.1476045 0.0727869
vn -0.9863645 -0.1476045 0.0727869
vn -1.0000000 0.0000000 -0.0000000
vn -0.3807576 0.6951918 0.6096983
vn -1.0000000 -0.0000000 -0.0000000
vn -0.3807237 0.6951889 0.6097227
vn -0.3432671 0.8894006 0.3018846
vn -0.3432671 0.8894006 0.3018846
vn -0.0000270 -0.6087592 -0.7933550
vn -0.3807278 -0.6096770 0.6952268
vn -1.0000000 0.0000000 -0.0000000
vn -0.0000270 -0.6087593 -0.7933550
vn -0.3432566 -0.3019302 0.8893891
vn -0.9863650 -0.0107620 -0.1642199
vn -0.3807278 -0.6096770 0.6952268
vn -0.3432566 -0.3019302 0.8893891
vn -1.0000000 0.0000000 -0.0000000
vn -1.0000000 -0.0000000 -0.0000000
vn -0.3432671 0.8894006 0.3018846
vn 0.0000000 0.1305263 -0.9914448
vn -0.3432562 0.0614216 0.9372313
vn -0.3432474 0.7061317 0.6193216
vn -0.3432673 0.7061405 0.6193005
vn -0.3432542 0.9372303 -0.0614481
vn -0.9863645 -0.1476045 0.0727869
vn 0.0000000 0.1305263 -0.9914448
vn -0.3432539 -0.8423763 0.4154262
vn -0.3807278 -0.6096770 0.6952268
vn -0.0000270 -0.6087593 -0.7933550
vn 0.0000248 0.9914460 0.1305178
vn 0.0000248 0.9914460 0.1305178
vn -1.0000000 0.0000000 -0.0000000
vn -0.9863645 -0.1476045 0.0727869
vn -0.3255110 0.4727670 -0.8188614
vn -0.3255109 0.4727670 -0.8188614
vn -0.9936505 0.0000000 0.1125106
vn -0.1012971 0.2149870 0.9713493
vn -0.1012971 0.2149870 0.9713493
vn -0.1012971 0.2149870 0.9713493
vn -0.0798783 0.1882637 0.9788648
vn -0.1012971 0.2149870 0.9713493
vn -0.9775641 0.1744026 -0.1181193
vn -0.9775641 0.1744026 -0.1181193
vn -0.1012971 0.2149870 0.9713493
vn -0.9775641 0.1744027 -0.1181193
vn -0.1012971 0.2149870 0.9713493
vn -0.0798783 0.1882637 0.9788648
vn 0.9877181 -0.1133243 0.1075662
vn 0.9877185 -0.1133222 0.1075648
vn -0.1012971 0.2149870 0.9713493
vn 0.8285769 0.5589438 -0.0322810
vn 0.9877185 -0.1133222 0.1075648
vn 0.8285779 0.5589424 -0.0322800
vn 0.8285769 0.5589438 -0.0322810
vn 0.9877185 -0.1133222 0.1075648
vn 0.9877181 -0.1133243 0.1075662
vn 0.1013034 -0.2149935 -0.9713472
vn -0.9775641 0.1744026 -0.1181193
vn -0.1012971 0.2149870 0.9713493
vn 0.8285769 0.5589438 -0.0322810
vn -0.1012971 0.2149870 0.9713493
vn -0.1012971 0.2149870 0.9713493
vn -0.9775641 0.1744027 -0.1181193
vn -0.1013836 0.2154207 0.9712442
vn -0.9775641 0.1744026 -0.1181193
vn 0.1013034 -0.2149935 -0.9713472
vn -0.1012971 0.2149870 0.9713493
vn -0.1012971 0.2149870 0.9713493
vn 0.8285779 0.5589424 -0.0322800
vn 0.1958713 0.9668196 -0.1639951
vn -0.9775641 0.1744027 -0.1181193
vn -0.9775641 0.1744026 -0.1181193
vn 0.8285779 0.5589424 -0.0322800
vn -0.9775641 0.1744026 -0.1181193
vn 0.9877185 -0.1133222 0.1075648
vn -0.1119803 0.1831868 0.9766796
vn -0.1119803 0.1831868 0.9766796
vn -0.1119803 0.1831868 0.9766796
vn 0.1119768 -0.1831975 -0.9766780
vn 0.1119768 -0.1831975 -0.9766780
vn 0.1119768 -0.1831975 -0.9766780
vn -0.1119803 0.1831868 0.9766796
vn 0.9199614 0.3907649 0.0312068
vn 0.9199614 0.3907649 0.0312068
vn 0.1119768 -0.1831975 -0.9766780
vn -0.1119803 0.1831868 0.9766796
vn -0.1119803 0.1831868 0.9766796
vn -0.1119814 0.1831960 0.9766777
vn -0.1119814 0.1831960 0.9766777
vn -0.1119814 0.1831959 0.9766777
vn 0.9199614 0.3907649 0.0312068
vn -0.1119814 0.1831960 0.9766777
vn -0.1119803 0.1831868 0.9766796
vn -0.1119803 0.1831868 0.9766796
vn 0.1119768 -0.1831975 -0.9766780
vn -0.1119814 0.1831960 0.9766777
vn -0.9344335 0.3237447 -0.1484031
vn 0.9199614 0.3907649 0.0312068
vn -0.1119814 0.1831959 0.9766777
vn 0.9188542 -0.3636183 0.1532603
vn 0.9199614 0.3907649 0.0312068
vn -0.9199572 -0.3907748 -0.0312043
vn -0.1119814 0.1831960 0.9766777
vn -0.1119814 0.1831960 0.9766777
vn 0.1119768 -0.1831975 -0.9766780
vn 0.9199614 0.3907649 0.0312068
vn -0.9344335 0.3237447 -0.1484031
vn 0.9188542 -0.3636183 0.1532603
vn -0.9199572 -0.3907748 -0.0312043
vn -0.2315758 0.7350599 -0.6372280
vn -0.2315758 0.7350599 -0.6372280
vn -0.2315758 0.7350599 -0.6372280
vn -0.2357973 0.7276681 -0.6441264
vn -0.2315758 0.7350599 -0.6372280
vn 0.8526078 -0.1982015 -0.4835040
vn 0.8526078 -0.1982015 -0.4835040
vn -0.2315758 0.7350599 -0.6372280
vn 0.4337700 0.6775396 0.5939559
vn 0.4337700 0.6775396 0.5939559
vn 0.4337700 0.6775396 0.5939559
vn 0.4337720 0.6775387 0.5939555
vn 0.4337700 0.6775396 0.5939559
vn 0.8526078 -0.1982015 -0.4835040
vn -0.2315758 0.7350599 -0.6372280
vn 0.2744715 -0.7177130 0.6399636
vn 0.2744715 -0.7177130 0.6399636
vn 0.8526078 -0.1982015 -0.4835040
vn 0.8526078 -0.1982015 -0.4835040
vn -0.2315758 0.7350599 -0.6372280
vn -0.2365718 0.6533051 -0.7191844
vn 0.4337700 0.6775396 0.5939559
vn -0.2315758 0.7350599 -0.6372280
vn -0.2365718 0.6533051 -0.7191844
vn 0.4337720 0.6775387 0.5939555
vn -0.2357973 0.7276681 -0.6441264
vn 0.2744715 -0.7177130 0.6399636
vn 0.2744715 -0.7177130 0.6399636
vn -0.2315758 0.7350599 -0.6372280
vn -0.8809305 0.1559146 0.4468243
vn 0.4337720 0.6775387 0.5939555
vn 0.4337700 0.6775396 0.5939559
vn 0.8526078 -0.1982015 -0.4835040
vn -0.8809305 0.1559146 0.4468243
vn -0.8817473 0.2974983 -0.3660826
vn -0.8817473 0.2974984 -0.3660826
vn -0.8817473 0.2974983 -0.3660826
vn -0.8850255 0.2928089 -0.3619291
vn -0.4508294 0.3158416 -0.8348634
vn -0.8817473 0.2974984 -0.3660826
vn -0.4487295 0.3186334 -0.8349339
vn -0.4508294 0.3158416 -0.8348634
vn 0.6196360 0.6406766 -0.4534145
vn 0.6196361 0.6406766 -0.4534145
vn 0.6196361 0.6406766 -0.4534145
vn 0.6179995 0.6451750 -0.4492502
vn 0.6196360 0.6406766 -0.4534145
vn -0.4244709 0.5818000 0.6937819
vn -0.4244709 0.5818000 0.6937819
vn -0.4244709 0.5818000 0.6937819
vn -0.4220572 0.5802346 0.6965598
vn -0.4244709 0.5818000 0.6937819
vn -0.8817473 0.2974983 -0.3660826
vn -0.4244709 0.5818000 0.6937819
vn 0.6299408 0.7548713 0.1826029
vn 0.6196361 0.6406766 -0.4534145
vn 0.6382022 0.7489097 0.1784161
vn -0.4508294 0.3158416 -0.8348634
vn -0.4487295 0.3186334 -0.8349339
vn -0.4244709 0.5818000 0.6937819
vn -0.4220572 0.5802346 0.6965598
vn -0.4244709 0.5818000 0.6937819
vn -0.8817473 0.2974983 -0.3660826
vn 0.6196361 0.6406766 -0.4534145
vn 0.6382022 0.7489097 0.1784161
vn -0.4244709 0.5818000 0.6937819
vn -0.8817473 0.2974984 -0.3660826
vn -0.9805808 -0.1486686 0.1279023
vn -0.9805808 -0.1486686 0.1279023
vn -0.9805808 -0.1486686 0.1279023
vn -0.9805809 -0.1486679 0.1279022
vn -0.9567023 0.2895274 0.0299089
vn -0.9245567 0.3810308 0.0032203
vn -0.9805809 -0.1486679 0.1279022
vn 0.8163776 0.1787833 0.5491485
vn 0.8163776 0.1787833 0.5491486
vn 0.8163776 0.1787833 0.5491485
vn 0.8174018 0.1778134 0.5479386
vn 0.8163776 0.1787833 0.5491485
vn -0.9622060 0.2684992 -0.0454724
vn -0.9622060 0.2684992 -0.0454724
vn -0.9622060 0.2684992 -0.0454724
vn -0.9730023 0.2009144 -0.1135778
vn -0.2727748 0.1390782 0.9519722
vn -0.2727748 0.1390782 0.9519722
vn -0.2727748 0.1390782 0.9519722
vn -0.2727717 0.1390791 0.9519730
vn -0.2727748 0.1390782 0.9519722
vn 0.3865958 -0.9079915 0.1615397
vn 0.3865958 -0.9079915 0.1615397
vn 0.3865958 -0.9079915 0.1615397
vn 0.3851754 -0.9085598 0.1617373
vn 0.3865958 -0.9079915 0.1615397
vn 0.3753707 0.8977558 -0.2305026
vn 0.3753707 0.8977557 -0.2305026
vn 0.3753707 0.8977557 -0.2305026
vn 0.3749666 0.8979289 -0.2304859
vn -0.9245567 0.3810308 0.0032203
vn -0.9567023 0.2895274 0.0299089
vn 0.3753707 0.8977557 -0.2305026
vn 0.3749666 0.8979289 -0.2304859
vn 0.9178386 0.3613821 -0.1642417
vn 0.9172024 0.3628995 -0.1644498
vn 0.3749666 0.8979289 -0.2304859
vn 0.3865958 -0.9079915 0.1615397
vn 0.3865958 -0.9079915 0.1615397
vn 0.9172024 0.3628995 -0.1644498
vn -0.4584459 -0.8887023 -0.0059606
vn -0.4584459 -0.8887024 -0.0059606
vn -0.4584459 -0.8887024 -0.0059606
vn -0.3447959 -0.9379442 0.0371010
vn -0.4584459 -0.8887023 -0.0059606
vn -0.6547511 -0.3358545 -0.6771283
vn -0.6547511 -0.3358545 -0.6771283
vn -0.6547511 -0.3358545 -0.6771283
vn -0.6696115 -0.3291059 -0.6658151
vn -0.9138041 0.3658518 -0.1763932
vn -0.9622060 0.2684992 -0.0454724
vn -0.9622060 0.2684992 -0.0454724
vn -0.9652529 0.2031312 -0.1643913
vn -0.2727748 0.1390782 0.9519722
vn -0.2727748 0.1390782 0.9519722
vn -0.7883876 0.2082771 0.5788485
vn -0.7845486 0.2103181 0.5833094
vn 0.9017641 -0.4265600 -0.0697721
vn 0.9017641 -0.4265600 -0.0697721
vn 0.9017641 -0.4265600 -0.0697721
vn 0.9111069 -0.4074448 -0.0622333
vn -0.9652529 0.2031312 -0.1643913
vn -0.2286598 0.8892146 0.3962476
vn -0.4012669 0.8192968 0.4095578
vn 0.3410458 -0.8603423 -0.3788126
vn 0.3410458 -0.8603422 -0.3788126
vn 0.3410458 -0.8603422 -0.3788126
vn 0.3630907 -0.8579122 -0.3635268
vn 0.3753707 0.8977557 -0.2305026
vn 0.4097826 0.9110538 -0.0453786
vn 0.4097826 0.9110538 -0.0453786
vn 0.3753707 0.8977557 -0.2305026
vn 0.3753707 0.8977557 -0.2305026
vn -0.9567023 0.2895274 0.0299089
vn -0.3526851 0.9347081 0.0439781
vn -0.2727717 0.1390791 0.9519730
vn 0.5412133 -0.0326397 0.8402516
vn 0.5407006 -0.0327848 0.8405760
vn -0.3447959 -0.9379442 0.0371010
vn -0.4584459 -0.8887024 -0.0059606
vn 0.9017641 -0.4265600 -0.0697721
vn 0.9017641 -0.4265600 -0.0697721
vn -0.3447959 -0.9379442 0.0371010
vn 0.8163776 0.1787833 0.5491485
vn 0.2500027 0.7755158 0.5797188
vn -0.4012669 0.8192968 0.4095578
vn -0.2286598 0.8892146 0.3962476
vn -0.9805808 -0.1486686 0.1279023
vn -0.9507773 0.2875956 0.1153744
vn -0.3526851 0.9347081 0.0439781
vn 0.3753707 0.8977557 -0.2305026
vn 0.4097826 0.9110538 -0.0453786
vn 0.9277161 0.3577449 -0.1065900
vn 0.9080458 -0.4045529 -0.1085808
vn 0.3574581 -0.9326354 -0.0491410
vn 0.3865958 -0.9079915 0.1615397
vn -0.9128443 0.4082211 0.0084139
vn -0.9128443 0.4082211 0.0084139
vn -0.9128443 0.4082211 0.0084139
vn -0.8983568 0.4387987 0.0202682
vn -0.9128443 0.4082211 0.0084139
vn -0.3787073 0.9241245 -0.0507412
vn -0.3787073 0.9241245 -0.0507412
vn -0.9128443 0.4082211 0.0084139
vn 0.2505021 0.5815774 0.7739615
vn 0.2505021 0.5815774 0.7739615
vn 0.2505021 0.5815774 0.7739615
vn 0.2545784 0.6147997 0.7464658
vn 0.8174018 0.1778134 0.5479386
vn 0.8163776 0.1787833 0.5491485
vn -0.2286598 0.8892146 0.3962476
vn 0.2118818 0.5566142 0.8032974
vn -0.9622060 0.2684992 -0.0454724
vn -0.9622060 0.2684992 -0.0454724
vn 0.2500027 0.7755158 0.5797188
vn 0.4097826 0.9110538 -0.0453786
vn -0.3526851 0.9347081 0.0439781
vn -0.9652529 0.2031312 -0.1643913
vn -0.9507773 0.2875956 0.1153744
vn -0.9138041 0.3658518 -0.1763932
vn -0.3526851 0.9347081 0.0439781
vn -0.9507773 0.2875956 0.1153744
vn 0.9080458 -0.4045529 -0.1085808
vn 0.3531911 -0.9346719 -0.0405512
vn 0.3531911 -0.9346719 -0.0405512
vn -0.8248228 -0.1865659 -0.5337233
vn -0.9730023 0.2009144 -0.1135778
vn -0.9622060 0.2684992 -0.0454724
vn -0.8584371 -0.1508176 -0.4902446
vn -0.0198290 0.9835435 0.1795803
vn -0.0532367 0.9874912 0.1484149
vn -0.6547511 -0.3358545 -0.6771283
vn -0.6696115 -0.3291059 -0.6658151
vn -0.0198290 0.9835435 0.1795803
vn -0.8884378 0.4429612 -0.1202648
vn -0.8821718 -0.4235813 0.2057955
vn -0.8821718 -0.4235813 0.2057955
vn -0.8821718 -0.4235813 0.2057955
vn -0.9056537 -0.3896177 0.1673001
vn -0.8983568 0.4387987 0.0202682
vn -0.8930213 -0.3453373 -0.2885395
vn -0.8930213 -0.3453373 -0.2885395
vn -0.4584459 -0.8887024 -0.0059606
vn -0.6696115 -0.3291059 -0.6658151
vn -0.3813806 0.7219008 -0.5774150
vn -0.0532367 0.9874912 0.1484149
vn -0.0198290 0.9835435 0.1795803
vn 0.9618817 -0.1705752 0.2137468
vn 0.9618817 -0.1705752 0.2137468
vn 0.5407006 -0.0327848 0.8405760
vn 0.5412133 -0.0326397 0.8402516
vn 0.4013488 0.8594727 0.3165846
vn 0.4013489 0.8594727 0.3165846
vn 0.4013489 0.8594727 0.3165846
vn 0.3686974 0.8685106 0.3312877
vn 0.8158504 -0.2060810 -0.5402951
vn 0.8158504 -0.2060810 -0.5402951
vn 0.9618817 -0.1705752 0.2137468
vn -0.9339240 0.3564779 -0.0266365
vn -0.8884378 0.4429612 -0.1202648
vn -0.9692085 0.2420210 -0.0453948
vn -0.7845486 0.2103181 0.5833094
vn -0.7883876 0.2082771 0.5788485
vn -0.9636851 0.1804234 -0.1968717
vn -0.9615917 0.1698757 -0.2156008
vn 0.4013489 0.8594727 0.3165846
vn 0.9277586 0.2661881 0.2615488
vn 0.9017641 -0.4265600 -0.0697721
vn 0.9234666 0.2734443 0.2691426
vn 0.9111967 0.3725066 0.1759531
vn 0.3686974 0.8685106 0.3312877
vn 0.9234666 0.2734443 0.2691426
vn -0.9056537 -0.3896177 0.1673001
vn 0.3410458 -0.8603422 -0.3788126
vn 0.3410458 -0.8603423 -0.3788126
vn -0.8930213 -0.3453373 -0.2885395
vn -0.9056537 -0.3896177 0.1673001
vn -0.8930213 -0.3453373 -0.2885395
vn 0.3410458 -0.8603423 -0.3788126
vn -0.4584459 -0.8887024 -0.0059606
vn -0.4584459 -0.8887024 -0.0059606
vn 0.3630907 -0.8579122 -0.3635268
vn 0.3410458 -0.8603422 -0.3788126
vn 0.9234666 0.2734443 0.2691426
vn -0.8821718 -0.4235813 0.2057955
vn -0.7883876 0.2082771 0.5788485
vn -0.2727748 0.1390782 0.9519722
vn -0.8821718 -0.4235813 0.2057955
vn -0.8821718 -0.4235813 0.2057955
vn 0.3531911 -0.9346719 -0.0405512
vn 0.9080458 -0.4045529 -0.1085808
vn 0.9277161 0.3577449 -0.1065900
vn 0.9085560 -0.4145383 0.0518070
vn 0.8158504 -0.2060810 -0.5402951
vn 0.8077472 0.0559403 -0.5868689
vn 0.8077472 0.0559403 -0.5868689
vn 0.9618817 -0.1705752 0.2137468
vn 0.4903215 -0.2634418 0.8307727
vn 0.4903215 -0.2634418 0.8307727
vn -0.2727717 0.1390791 0.9519730
vn 0.5407006 -0.0327848 0.8405760
vn 0.4903215 -0.2634418 0.8307727
vn 0.9085560 -0.4145383 0.0518070
vn 0.9277161 0.3577449 -0.1065900
vn 0.4097826 0.9110538 -0.0453786
vn 0.2500027 0.7755158 0.5797188
vn -0.3787073 0.9241245 -0.0507412
vn 0.3705047 0.9258777 -0.0740046
vn 0.9277586 0.2661881 0.2615488
vn -0.3787073 0.9241245 -0.0507412
vn -0.3787073 0.9241245 -0.0507412
vn -0.8821718 -0.4235813 0.2057955
vn -0.9056537 -0.3896177 0.1673001
vn -0.8930213 -0.3453373 -0.2885395
vn -0.8930213 -0.3453373 -0.2885395
vn 0.9443595 -0.3289043 -0.0026553
vn 0.9443595 -0.3289043 -0.0026553
vn 0.8163776 0.1787833 0.5491486
vn 0.8163776 0.1787833 0.5491485
vn 0.3448250 -0.7802554 0.5218211
vn 0.3448250 -0.7802554 0.5218211
vn 0.3448250 -0.7802554 0.5218211
vn 0.3496748 -0.8018280 0.4845611
vn 0.3448250 -0.7802554 0.5218211
vn 0.1003820 -0.9708676 -0.2175766
vn -0.6547511 -0.3358545 -0.6771283
vn -0.9692085 0.2420210 -0.0453948
vn -0.8884378 0.4429612 -0.1202648
vn -0.5041952 0.7019637 0.5030251
vn -0.4678615 0.7246546 0.5059460
vn -0.5041952 0.7019637 0.5030251
vn 0.2142177 0.6952557 0.6860978
vn 0.1491453 0.6946571 0.7037096
vn 0.9017641 -0.4265600 -0.0697721
vn 0.3630907 -0.8579122 -0.3635268
vn 0.9234666 0.2734443 0.2691426
vn 0.9017641 -0.4265600 -0.0697721
vn 0.9017641 -0.4265600 -0.0697721
vn -0.8930213 -0.3453373 -0.2885395
vn -0.8983568 0.4387987 0.0202682
vn -0.9128443 0.4082211 0.0084139
vn -0.9181641 0.3499034 0.1858556
vn -0.9636851 0.1804234 -0.1968717
vn -0.7883876 0.2082771 0.5788485
vn -0.8821718 -0.4235813 0.2057955
vn -0.9533418 0.2235330 -0.2029097
vn -0.4674759 0.3542773 -0.8099098
vn -0.4925852 0.3460992 -0.7984830
vn -0.9128443 0.4082211 0.0084139
vn -0.8983568 0.4387987 0.0202682
vn -0.4584459 -0.8887024 -0.0059606
vn -0.4584459 -0.8887023 -0.0059606
vn 0.4903215 -0.2634418 0.8307727
vn 0.5407006 -0.0327848 0.8405760
vn 0.9618817 -0.1705752 0.2137468
vn 0.8077472 0.0559403 -0.5868689
vn 0.4903215 -0.2634418 0.8307727
vn -0.3583082 0.8861454 -0.2938735
vn 0.4013488 0.8594727 0.3165846
vn -0.4925852 0.3460992 -0.7984830
vn -0.9533418 0.2235330 -0.2029097
vn -0.8821718 -0.4235813 0.2057955
vn -0.8930213 -0.3453373 -0.2885395
vn -0.9181641 0.3499034 0.1858556
vn -0.3583082 0.8861454 -0.2938735
vn -0.8821718 -0.4235813 0.2057955
vn -0.4925852 0.3460992 -0.7984830
vn 0.8077472 0.0559403 -0.5868689
vn -0.8821718 -0.4235813 0.2057955
vn 0.4903215 -0.2634418 0.8307727
vn 0.3410458 -0.8603422 -0.3788126
vn -0.9056537 -0.3896177 0.1673001
vn 0.4013488 0.8594727 0.3165846
vn 0.4013489 0.8594727 0.3165846
vn -0.2727748 0.1390782 0.9519722
vn -0.2727717 0.1390791 0.9519730
vn 0.4903215 -0.2634418 0.8307727
vn -0.8821718 -0.4235813 0.2057955
vn 0.4013488 0.8594727 0.3165846
vn 0.3686974 0.8685106 0.3312877
vn 0.8077472 0.0559403 -0.5868689
vn 0.9111069 -0.4074448 -0.0622333
vn 0.9017641 -0.4265600 -0.0697721
vn 0.9277586 0.2661881 0.2615488
vn 0.3705047 0.9258777 -0.0740046
vn 0.9111069 -0.4074448 -0.0622333
vn 0.9085560 -0.4145383 0.0518070
vn 0.8163776 0.1787833 0.5491486
vn 0.9443595 -0.3289043 -0.0026553
vn 0.3531911 -0.9346719 -0.0405512
vn -0.9615917 0.1698757 -0.2156008
vn -0.9636851 0.1804234 -0.1968717
vn -0.4674759 0.3542773 -0.8099098
vn -0.5409732 0.0337395 -0.8403628
vn 0.2500027 0.7755158 0.5797188
vn 0.8163776 0.1787833 0.5491486
vn -0.9507773 0.2875956 0.1153744
vn -0.9690003 -0.2272399 -0.0969563
vn -0.9767082 -0.1879118 -0.1035867
vn -0.8584371 -0.1508176 -0.4902446
vn -0.9622060 0.2684992 -0.0454724
vn -0.9138041 0.3658518 -0.1763932
vn -0.9767082 -0.1879118 -0.1035867
vn 0.1491453 0.6946571 0.7037096
vn 0.2142177 0.6952557 0.6860978
vn 0.8296829 0.2264244 0.5102532
vn 0.7674871 0.2646192 0.5839009
vn -0.5041952 0.7019637 0.5030251
vn 0.2505021 0.5815774 0.7739615
vn 0.2505021 0.5815774 0.7739615
vn 0.8959104 -0.4337617 -0.0958927
vn 0.9066997 -0.4199498 -0.0392145
vn 0.7674871 0.2646192 0.5839009
vn -0.6547511 -0.3358545 -0.6771283
vn -0.6547511 -0.3358545 -0.6771283
vn -0.9339240 0.3564779 -0.0266365
vn -0.5788955 -0.4693559 -0.6667721
vn -0.6547511 -0.3358545 -0.6771283
vn 0.9066997 -0.4199498 -0.0392145
vn 0.8959104 -0.4337617 -0.0958927
vn -0.8884378 0.4429612 -0.1202648
vn -0.0198290 0.9835435 0.1795803
vn 0.2505021 0.5815774 0.7739615
vn -0.8884378 0.4429612 -0.1202648
vn -0.5409732 0.0337395 -0.8403628
vn -0.4674759 0.3542773 -0.8099098
vn -0.6696115 -0.3291059 -0.6658151
vn -0.6547511 -0.3358545 -0.6771283
vn -0.3813806 0.7219008 -0.5774150
vn -0.9690003 -0.2272399 -0.0969563
vn -0.9507773 0.2875956 0.1153744
vn -0.9805808 -0.1486686 0.1279023
vn -0.9805808 -0.1486686 0.1279023
vn 0.4013489 0.8594727 0.3165846
vn -0.3787073 0.9241245 -0.0507412
vn 0.9277586 0.2661881 0.2615488
vn 0.4013489 0.8594727 0.3165846
vn 0.4013489 0.8594727 0.3165846
vn -0.9181641 0.3499034 0.1858556
vn -0.9128443 0.4082211 0.0084139
vn 0.2142177 0.6952557 0.6860978
vn 0.2505021 0.5815774 0.7739615
vn 0.8296829 0.2264244 0.5102532
vn 0.2505021 0.5815774 0.7739615
vn 0.2545784 0.6147997 0.7464658
vn 0.3686974 0.8685106 0.3312877
vn 0.9111967 0.3725066 0.1759531
vn 0.8077472 0.0559403 -0.5868689
vn 0.8077472 0.0559403 -0.5868689
vn 0.3410458 -0.8603423 -0.3788126
vn 0.3630907 -0.8579122 -0.3635268
vn 0.9017641 -0.4265600 -0.0697721
vn 0.3410458 -0.8603422 -0.3788126
vn 0.3410458 -0.8603422 -0.3788126
vn 0.4903215 -0.2634418 0.8307727
vn 0.4903215 -0.2634418 0.8307727
vn 0.9111967 0.3725066 0.1759531
vn 0.3410458 -0.8603422 -0.3788126
vn 0.4903215 -0.2634418 0.8307727
vn -0.8821718 -0.4235813 0.2057955
vn -0.3583082 0.8861454 -0.2938735
vn -0.9533418 0.2235330 -0.2029097
vn -0.8821718 -0.4235813 0.2057955
vn 0.8959104 -0.4337617 -0.0958927
vn 0.3496748 -0.8018280 0.4845611
vn -0.6547511 -0.3358545 -0.6771283
vn -0.6547511 -0.3358545 -0.6771283
vn 0.8296829 0.2264244 0.5102532
vn 0.3448250 -0.7802554 0.5218211
vn 0.9443595 -0.3289043 -0.0026553
vn 0.3531911 -0.9346719 -0.0405512
vn 0.3531911 -0.9346719 -0.0405512
vn 0.0000000 -0.6087407 -0.7933693
vn 0.0000000 -0.6087406 -0.7933693
vn 0.0000000 -0.6087406 -0.7933693
vn 0.0000270 -0.6087592 -0.7933550
vn 0.0000000 -0.6087407 -0.7933693
vn 0.3254983 0.4727752 -0.8188617
vn 0.3254983 0.4727752 -0.8188617
vn 0.3254983 0.4727752 -0.8188617
vn 0.3255109 0.4727670 -0.8188614
vn 0.0000000 -0.6087407 -0.7933693
vn 0.9894453 0.1299634 -0.0640892
vn 0.9894453 0.1299634 -0.0640892
vn 0.0000000 -0.6087406 -0.7933693
vn 0.9894453 0.1299634 -0.0640892
vn 0.9945181 0.1043411 -0.0068396
vn 0.9945181 0.1043411 -0.0068396
vn 0.9894453 0.1299634 -0.0640892
vn 0.3432549 0.8894090 0.3018735
vn 0.3432549 0.8894090 0.3018735
vn 0.3432549 0.8894090 0.3018735
vn 0.3432671 0.8894006 0.3018846
vn 0.0000000 -0.6087407 -0.7933693
vn 0.0000270 -0.6087592 -0.7933550
vn 0.3807229 -0.6096761 0.6952303
vn 0.3807278 -0.6096770 0.6952268
vn 0.3432727 -0.8423792 0.4154048
vn 0.3432539 -0.8423763 0.4154262
vn 0.9973161 0.0189498 0.0707213
vn 0.3255109 0.4727670 -0.8188614
vn 0.9973161 0.0189498 0.0707213
vn 0.9936505 0.0000000 0.1125106
vn 0.9973161 0.0189498 0.0707213
vn 0.3432549 0.8894090 0.3018735
vn 0.3432474 0.7061317 0.6193216
vn 0.3432474 0.7061317 0.6193216
vn 0.3432671 0.8894006 0.3018846
vn 0.3807236 0.6951890 0.6097227
vn 0.3807237 0.6951889 0.6097227
vn 0.3432671 0.8894006 0.3018846
vn 0.3432474 0.7061317 0.6193216
vn 0.9945181 0.1043411 -0.0068396
vn 0.9945181 0.1043411 -0.0068396
vn -0.0192411 -0.0849308 0.9962011
vn -0.0000000 -0.0686004 0.9976442
vn 1.0000000 0.0000000 -0.0000000
vn 1.0000000 0.0000000 -0.0000000
vn -0.0000000 -0.0686004 0.9976442
vn 0.3255109 0.4727670 -0.8188614
vn 0.9973161 0.0189498 0.0707213
vn 0.3255199 -0.2447235 -0.9133166
vn 0.3254983 0.4727752 -0.8188617
vn 0.3255109 0.4727670 -0.8188614
vn 1.0000000 0.0000000 -0.0000000
vn 0.9945181 0.1043411 -0.0068396
vn 0.9863650 -0.0107620 -0.1642199
vn 0.9863650 -0.0107620 -0.1642199
vn 0.9863650 -0.0107620 -0.1642199
vn 0.9863654 -0.0107633 -0.1642176
vn 0.3255199 -0.2447235 -0.9133166
vn 0.9973161 0.0189498 0.0707213
vn 0.9945181 0.1043411 -0.0068396
vn 0.3255106 -0.8188592 -0.4727710
vn 1.0000000 0.0000000 -0.0000000
vn 1.0000000 0.0000000 -0.0000000
vn 0.3807237 0.6951889 0.6097227
vn 0.3807236 0.6951890 0.6097227
vn 1.0000000 0.0000000 -0.0000000
vn 1.0000000 0.0000000 -0.0000000
vn 0.9973161 0.0189498 0.0707213
vn 0.9936505 0.0000000 0.1125106
vn 1.0000000 0.0000000 -0.0000000
vn 1.0000000 0.0000000 -0.0000000
vn 1.0000000 0.0000000 -0.0000000
vn 0.3807237 0.6951889 0.6097227
vn 1.0000000 0.0000000 -0.0000000
vn 1.0000000 0.0000000 -0.0000000
vn 0.3432736 0.9372247 -0.0614259
vn 0.3432736 0.9372247 -0.0614259
vn 0.3432549 0.8894090 0.3018735
vn 0.3432549 0.8894090 0.3018735
vn 0.3432736 0.9372247 -0.0614259
vn 0.9894453 0.1299634 -0.0640892
vn 0.3255106 -0.8188592 -0.4727710
vn 0.9945181 0.1043411 -0.0068396
vn 0.3432562 0.0614216 0.9372313
vn 0.3432561 0.0614216 0.9372314
vn 0.9863650 -0.0107620 -0.1642199
vn 0.3432736 0.9372247 -0.0614259
vn 0.3254983 0.4727752 -0.8188617
vn 0.3254983 0.4727752 -0.8188617
vn 0.0000000 0.9914432 0.1305391
vn 0.9863650 -0.0107620 -0.1642199
vn 0.9863650 -0.0107620 -0.1642199
vn -0.0000248 0.9914460 0.1305178
vn 0.3432474 0.7061317 0.6193216
vn 0.9863650 -0.0107620 -0.1642199
vn 0.9863654 -0.0107633 -0.1642176
vn 0.9863649 -0.0727879 -0.1476015
vn 0.3432474 0.7061317 0.6193216
vn 0.3807278 -0.6096770 0.6952268
vn 0.3807229 -0.6096761 0.6952303
vn -0.0000248 0.9914460 0.1305178
vn 0.3254983 0.4727752 -0.8188617
vn 0.3432736 0.9372247 -0.0614259
vn 0.9863644 -0.1476056 0.0727868
vn 0.9863645 -0.1476045 0.0727869
vn 1.0000000 0.0000000 -0.0000000
vn 0.3807236 0.6951890 0.6097227
vn 0.3432474 0.7061317 0.6193216
vn 0.9863649 -0.0727879 -0.1476015
vn 1.0000000 0.0000000 -0.0000000
vn 0.3432549 0.8894090 0.3018735
vn 0.3432671 0.8894006 0.3018846
vn 0.3807237 0.6951889 0.6097227
vn 1.0000000 0.0000000 -0.0000000
vn 0.0000270 -0.6087592 -0.7933550
vn 0.0000000 -0.6087406 -0.7933693
vn 1.0000000 0.0000000 -0.0000000
vn 0.3432524 -0.3019265 0.8893920
vn 0.9863650 -0.0107620 -0.1642199
vn 0.3432561 0.0614216 0.9372314
vn 1.0000000 0.0000000 -0.0000000
vn -0.0000000 0.1305263 -0.9914448
vn 0.3432549 0.8894090 0.3018735
vn 1.0000000 0.0000000 -0.0000000
vn 1.0000000 0.0000000 -0.0000000
vn 0.3432562 0.0614216 0.9372313
vn 0.9863650 -0.0107620 -0.1642199
vn 0.3432474 0.7061317 0.6193216
vn 0.3432474 0.7061317 0.6193216
vn 0.3432562 0.0614216 0.9372313
vn 0.3432736 0.9372247 -0.0614259
vn -0.0000000 0.1305263 -0.9914448
vn 0.9863644 -0.1476056 0.0727868
vn 0.3432539 -0.8423763 0.4154262
vn 0.0000000 -0.6087407 -0.7933693
vn 0.3807229 -0.6096761 0.6952303
vn 1.0000000 0.0000000 -0.0000000
vn 0.0000000 0.9914432 0.1305391
vn -0.0000248 0.9914460 0.1305178
vn 0.3807229 -0.6096761 0.6952303
vn 0.9863645 -0.1476045 0.0727869
vn 0.9973161 0.0189498 0.0707213
vn 0.3255109 0.4727670 -0.8188614
vn 0.9863645 -0.1476045 0.0727869
vn 0.0798769 0.1882626 0.9788651
vn 0.0798769 0.1882626 0.9788651
vn 0.0798769 0.1882626 0.9788651
vn 0.1012963 0.2149866 0.9713495
vn 0.0798769 0.1882626 0.9788651
vn 0.9775641 0.1744027 -0.1181193
vn 0.9775641 0.1744027 -0.1181193
vn 0.1012963 0.2149866 0.9713495
vn 0.9775641 0.1744026 -0.1181193
vn 0.0798769 0.1882626 0.9788651
vn -0.9877187 -0.1133214 0.1075645
vn -0.9877187 -0.1133214 0.1075645
vn 0.0798769 0.1882626 0.9788651
vn -0.8285783 0.5589418 -0.0322795
vn -0.8285783 0.5589418 -0.0322795
vn -0.9877187 -0.1133214 0.1075645
vn -0.8285783 0.5589418 -0.0322795
vn -0.9877187 -0.1133214 0.1075645
vn 0.9775641 0.1744026 -0.1181193
vn -0.1012952 -0.2149872 -0.9713495
vn -0.9877187 -0.1133214 0.1075645
vn -0.9877187 -0.1133214 0.1075645
vn 0.0798769 0.1882626 0.9788651
vn 0.9775641 0.1744027 -0.1181193
vn -0.8285783 0.5589418 -0.0322795
vn 0.1013827 0.2154211 0.9712442
vn 0.9775641 0.1744026 -0.1181193
vn 0.1012963 0.2149866 0.9713495
vn 0.0798769 0.1882626 0.9788651
vn -0.1012952 -0.2149872 -0.9713495
vn 0.1013827 0.2154211 0.9712442
vn -0.1958708 0.9668196 -0.1639953
vn -0.8285783 0.5589418 -0.0322795
vn -0.8285783 0.5589418 -0.0322795
vn 0.1013827 0.2154211 0.9712442
vn 0.9775641 0.1744027 -0.1181193
vn 0.9775641 0.1744027 -0.1181193
vn -0.1958708 0.9668196 -0.1639953
vn 0.1013827 0.2154211 0.9712442
vn -0.8285783 0.5589418 -0.0322795
vn 0.9775641 0.1744027 -0.1181193
vn 0.9775641 0.1744026 -0.1181193
vn -0.9877187 -0.1133214 0.1075645
vn 0.9775641 0.1744027 -0.1181193
vn 0.1119792 0.1831868 0.9766797
vn 0.1119792 0.1831868 0.9766797
vn 0.1119792 0.1831868 0.9766797
vn -0.1119763 -0.1831989 -0.9766778
vn -0.1119763 -0.1831989 -0.9766778
vn -0.1119763 -0.1831989 -0.9766778
vn 0.1119792 0.1831868 0.9766797
vn -0.1119763 -0.1831989 -0.9766778
vn -0.9199579 0.3907734 0.0312012
vn -0.9199612 0.3907653 0.0312064
vn 0.1119792 0.1831868 0.9766797
vn 0.1119792 0.1831868 0.9766797
vn 0.1119775 0.1832099 0.9766756
vn -0.9199612 0.3907653 0.0312064
vn 0.1119775 0.1832099 0.9766756
vn 0.1119805 0.1831965 0.9766778
vn 0.1119792 0.1831868 0.9766797
vn 0.1119792 0.1831868 0.9766797
vn -0.9199612 0.3907653 0.0312064
vn 0.1119792 0.1831868 0.9766797
vn 0.1119792 0.1831868 0.9766797
vn -0.1119763 -0.1831989 -0.9766778
vn 0.1119792 0.1831868 0.9766797
vn 0.1119775 0.1832099 0.9766756
vn 0.9344339 0.3237436 -0.1484030
vn -0.1119763 -0.1831989 -0.9766778
vn 0.1119775 0.1832099 0.9766756
vn -0.9199612 0.3907653 0.0312064
vn -0.9199579 0.3907734 0.0312012
vn -0.9188455 -0.3636378 0.1532663
vn 0.1119775 0.1832099 0.9766756
vn 0.1119805 0.1831965 0.9766778
vn 0.9199576 -0.3907740 -0.0312045
vn -0.1119763 -0.1831989 -0.9766778
vn -0.1119763 -0.1831989 -0.9766778
vn 0.9344339 0.3237436 -0.1484030
vn -0.9199579 0.3907734 0.0312012
vn -0.1119763 -0.1831989 -0.9766778
vn 0.9344339 0.3237436 -0.1484030
vn 0.9199576 -0.3907740 -0.0312045
vn -0.9188455 -0.3636378 0.1532663
vn 0.2357973 0.7276683 -0.6441261
vn 0.2357973 0.7276683 -0.6441261
vn 0.2357973 0.7276683 -0.6441261
vn 0.2315758 0.7350600 -0.6372279
vn 0.2357973 0.7276683 -0.6441261
vn 0.2315758 0.7350600 -0.6372279
vn 0.2357973 0.7276683 -0.6441261
vn -0.8468156 -0.2017188 -0.4921512
vn -0.8526057 -0.1982028 -0.4835072
vn -0.4337725 0.6775385 0.5939555
vn -0.4337724 0.6775385 0.5939554
vn -0.4337725 0.6775385 0.5939554
vn -0.4337675 0.6775407 0.5939566
vn -0.2269550 -0.7805152 0.5824838
vn -0.8526057 -0.1982028 -0.4835072
vn -0.8468156 -0.2017188 -0.4921512
vn -0.2744714 -0.7177137 0.6399629
vn 0.2357973 0.7276683 -0.6441261
vn -0.4337725 0.6775385 0.5939554
vn 0.2365719 0.6533049 -0.7191846
vn -0.4337724 0.6775385 0.5939554
vn 0.2357973 0.7276683 -0.6441261
vn 0.2357973 0.7276683 -0.6441261
vn -0.2269550 -0.7805152 0.5824838
vn -0.2744714 -0.7177137 0.6399629
vn 0.2357973 0.7276683 -0.6441261
vn 0.2365719 0.6533049 -0.7191846
vn 0.8809288 0.1559149 0.4468277
vn -0.4337675 0.6775407 0.5939566
vn 0.8850254 0.2928099 -0.3619286
vn 0.8850255 0.2928099 -0.3619286
vn 0.8850255 0.2928099 -0.3619286
vn 0.8817475 0.2974989 -0.3660816
vn 0.4487344 0.3186314 -0.8349320
vn 0.4487344 0.3186314 -0.8349320
vn 0.8817475 0.2974989 -0.3660816
vn -0.6179994 0.6451745 -0.4492512
vn -0.6179994 0.6451745 -0.4492512
vn -0.6179994 0.6451745 -0.4492512
vn -0.6196354 0.6406773 -0.4534144
vn 0.4220548 0.5802348 0.6965611
vn 0.4220548 0.5802348 0.6965611
vn 0.4220548 0.5802348 0.6965611
vn 0.4244683 0.5818000 0.6937834
vn 0.4244683 0.5818000 0.6937834
vn 0.4220548 0.5802348 0.6965611
vn 0.8850255 0.2928099 -0.3619286
vn 0.4244683 0.5818000 0.6937834
vn -0.6382007 0.7489111 0.1784154
vn -0.6382007 0.7489111 0.1784154
vn -0.6196354 0.6406773 -0.4534144
vn -0.6179994 0.6451745 -0.4492512
vn 0.4487344 0.3186314 -0.8349320
vn 0.4487344 0.3186314 -0.8349320
vn 0.4244683 0.5818000 0.6937834
vn 0.8850254 0.2928099 -0.3619286
vn 0.4487344 0.3186314 -0.8349320
vn -0.6196354 0.6406773 -0.4534144
vn -0.6382007 0.7489111 0.1784154
vn 0.4220548 0.5802348 0.6965611
vn 0.4244683 0.5818000 0.6937834
vn 0.8850254 0.2928099 -0.3619286
vn 0.8817475 0.2974989 -0.3660816
vn 0.0000035 -0.3826871 -0.9238780
vn 0.0000035 -0.3826871 -0.9238780
vn 0.0000035 -0.3826870 -0.9238780
vn 0.0000000 -0.3826900 -0.9238768
vn 0.0000035 -0.3826871 -0.9238780
vn 0.0000000 -0.9238772 -0.3826891
vn 0.0000000 -0.3826900 -0.9238768
vn 0.0000035 -0.3826870 -0.9238780
vn 0.0000000 -0.9238772 -0.3826891
vn 0.0000000 -0.9238772 -0.3826891
vn 0.0000000 -0.9238780 0.3826871
vn 0.0000000 -0.9238772 -0.3826891
vn -0.0000000 -0.9238780 0.3826871
vn 0.0000000 -0.3826756 0.9238828
vn -0.0000000 -0.9238780 0.3826871
vn -0.0000000 -0.3826756 0.9238828
vn 0.0000000 -0.3826756 0.9238828
vn 0.0000000 0.3826754 0.9238828
vn 0.0000000 -0.3826756 0.9238828
vn 0.0000000 0.3826754 0.9238828
vn 0.0000000 0.9238826 0.3826760
vn 0.0000000 0.3826754 0.9238828
vn 0.0000000 0.9238826 0.3826760
vn -0.0000000 0.9238818 -0.3826779
vn 0.0000000 0.9238818 -0.3826780
vn 0.0000000 0.9238818 -0.3826780
vn 0.0000035 -0.3826871 -0.9238780
vn 0.0000035 -0.3826871 -0.9238780
vn -0.3652211 -0.3562541 -0.8600562
vn -0.3652474 -0.3562252 -0.8600569
vn -0.3652284 -0.8600593 -0.3562389
vn -0.3652211 -0.3562541 -0.8600562
vn 0.0000000 -0.9238772 -0.3826891
vn -1.0000000 -0.0000000 -0.0000000
vn -1.0000000 -0.0000000 -0.0000000
vn -1.0000000 -0.0000000 -0.0000000
vn -0.3652429 -0.8600500 0.3562466
vn 0.0000000 -0.9238772 -0.3826891
vn 0.0000000 -0.9238780 0.3826871
vn -0.3652489 -0.3562549 0.8600440
vn 0.0000000 -0.3826756 0.9238828
vn 0.0000000 0.3826754 0.9238828
vn -1.0000000 -0.0000000 -0.0000000
vn -1.0000000 -0.0000000 -0.0000000
vn 0.0000000 0.9238826 0.3826760
vn -1.0000000 -0.0000000 -0.0000000
vn 0.3523197 -0.3981619 -0.8469580
vn 0.3523197 -0.3981619 -0.8469580
vn 0.3523198 -0.3981619 -0.8469580
vn 0.3467433 -0.8665627 -0.3589403
vn 0.3523197 -0.3981619 -0.8469580
vn 0.3523197 -0.3981619 -0.8469580
vn 0.3467337 -0.8665649 -0.3589443
vn 0.3467433 -0.8665627 -0.3589403
vn 0.3467335 -0.8665645 0.3589455
vn 0.3467433 -0.8665627 -0.3589403
vn 0.3467293 -0.8665664 0.3589450
vn 0.3467293 -0.8665664 0.3589450
vn 0.3522861 -0.3981673 0.8469695
vn -0.2816261 0.8864838 0.3671964
vn -0.2816261 0.8864838 0.3671964
vn -0.2816261 0.8864838 0.3671964
vn -0.2816263 0.8864836 0.3671967
vn -0.2816266 0.8864847 -0.3671938
vn -0.2816275 0.8864849 -0.3671927
vn 0.3523198 -0.3981619 -0.8469580
vn -0.2569336 0.3401640 -0.9045848
vn -0.2816266 0.8864847 -0.3671938
vn -0.2816261 0.8864838 0.3671964
vn -0.2816261 0.8864838 0.3671964
vn -0.2816266 0.8864847 -0.3671938
vn 0.3523198 -0.3981619 -0.8469580
vn 0.3523197 -0.3981619 -0.8469580
vn -0.2775989 -0.3355695 -0.9001844
vn 0.3523198 -0.3981619 -0.8469580
vn -0.2816170 -0.8864877 -0.3671941
vn -0.2775989 -0.3355695 -0.9001844
vn 0.3523197 -0.3981619 -0.8469580
vn 0.3467433 -0.8665627 -0.3589403
vn -0.2816162 -0.8864868 0.3671967
vn 0.3467433 -0.8665627 -0.3589403
vn 0.3467335 -0.8665645 0.3589455
vn -0.2816226 -0.3672096 0.8864794
vn 0.3522861 -0.3981673 0.8469695
vn -0.2816226 -0.3672096 0.8864794
vn -0.2816261 0.8864838 0.3671964
vn -0.2816261 0.8864838 0.3671964
vn -0.3652474 -0.3562252 -0.8600569
vn -0.3652489 -0.3562549 0.8600440
vn -0.3652211 -0.3562541 -0.8600562
vn -0.3652429 -0.8600500 0.3562466
vn -0.3652284 -0.8600593 -0.3562389
vn -0.3652429 -0.8600500 0.3562466
vn -0.2569336 0.3401640 -0.9045848
vn -0.2816226 -0.3672096 0.8864794
vn -0.2816261 0.8864838 0.3671964
vn -0.2775989 -0.3355695 -0.9001844
vn -0.2816162 -0.8864868 0.3671967
vn -0.2816170 -0.8864877 -0.3671941
vn -0.2816162 -0.8864868 0.3671967
vn -0.9332235 -0.3100007 0.1816410
vn -0.9332235 -0.3100007 0.1816410
vn -0.9332235 -0.3100007 0.1816410
vn -0.9332305 -0.3099845 0.1816327
vn -0.9332235 -0.3100007 0.1816410
vn -0.9332235 -0.3100007 0.1816410
vn -0.1052528 -0.2637933 -0.9588195
vn -0.1052552 -0.2637925 -0.9588195
vn 0.0870134 0.2724618 0.9582240
vn 0.0870134 0.2724618 0.9582240
vn -0.9332235 -0.3100007 0.1816410
vn -0.9332305 -0.3099845 0.1816327
vn -0.4732081 -0.8345508 0.2821332
vn -0.4732081 -0.8345508 0.2821332
vn -0.9332305 -0.3099845 0.1816327
vn 0.4609905 0.8411567 -0.2827422
vn 0.4609905 0.8411567 -0.2827422
vn -0.1052552 -0.2637925 -0.9588195
vn 0.0870134 0.2724618 0.9582240
vn -0.1052528 -0.2637933 -0.9588195
vn 0.0870134 0.2724618 0.9582240
vn 0.0870134 0.2724618 0.9582240
vn -0.9332235 -0.3100007 0.1816410
vn -0.9332235 -0.3100007 0.1816410
vn -0.1052552 -0.2637925 -0.9588195
vn 0.4609905 0.8411567 -0.2827422
vn -0.4732081 -0.8345508 0.2821332
vn -0.4732081 -0.8345508 0.2821332
vn 0.4609905 0.8411567 -0.2827422
vn -0.9538389 -0.2454997 0.1729776
vn -0.9538389 -0.2454998 0.1729776
vn -0.9538389 -0.2454998 0.1729776
vn -0.9538369 -0.2455053 0.1729806
vn 0.0462046 0.3074312 0.9504479
vn 0.0462046 0.3074312 0.9504479
vn 0.0462046 0.3074312 0.9504479
vn -0.9538369 -0.2455053 0.1729806
vn -0.8709476 0.4889654 -0.0486108
vn -0.9538389 -0.2454998 0.1729776
vn -0.8709439 0.4889723 -0.0486081
vn -0.9538389 -0.2454998 0.1729776
vn -0.1020359 -0.2767696 -0.9555037
vn -0.4975438 -0.8175469 0.2899435
vn 0.0462046 0.3074312 0.9504479
vn -0.9538369 -0.2455053 0.1729806
vn -0.9538389 -0.2454998 0.1729776
vn -0.1020359 -0.2767696 -0.9555037
vn 0.0462046 0.3074312 0.9504479
vn 0.0462046 0.3074312 0.9504479
vn 0.4975401 0.8175500 -0.2899413
vn -0.1020359 -0.2767696 -0.9555037
vn -0.8709439 0.4889723 -0.0486081
vn 0.0462046 0.3074312 0.9504479
vn -0.9538369 -0.2455053 0.1729806
vn -0.1020359 -0.2767696 -0.9555037
vn 0.4975401 0.8175500 -0.2899413
vn -0.4975438 -0.8175469 0.2899435
vn -0.3120312 0.0000000 -0.9500719
vn -0.3120312 0.0000000 -0.9500719
vn -0.3120312 0.0000000 -0.9500719
vn -0.3120312 0.0000000 -0.9500719
vn -1.0000000 0.0000000 -0.0000004
vn -1.0000000 0.0000000 -0.0000004
vn -1.0000000 0.0000000 -0.0000004
vn -1.0000000 0.0000000 -0.0000004
vn -1.0000000 0.0000000 -0.0000004
vn -0.3438566 0.9390222 -0.0000001
vn -0.3438566 0.9390222 -0.0000001
vn -0.2956849 -0.7425590 0.6009796
vn -1.0000000 0.0000000 -0.0000004
vn -0.2956849 -0.7425591 0.6009796
vn -0.3359404 -0.7532169 0.5655160
vn -0.3400795 0.7309789 0.5916213
vn -0.3400795 0.7309789 0.5916214
vn -0.3438566 0.9390222 -0.0000001
vn -0.3438565 -0.9390222 -0.0000001
vn -0.2956849 -0.7425591 0.6009796
vn -0.3359404 -0.7532169 0.5655160
vn -0.3400795 0.7309789 0.5916214
vn -0.2956849 -0.7425590 0.6009796
vn -0.3359404 -0.7532169 0.5655160
vn -1.0000000 0.0000000 -0.0000004
vn -0.3120312 0.0000000 -0.9500719
vn -0.3120312 0.0000000 -0.9500719
vn -0.3438565 -0.9390222 -0.0000001
vn -0.3120312 0.0000000 -0.9500719
vn -1.0000000 0.0000000 -0.0000004
vn -0.3438566 0.9390222 -0.0000001
vn -0.3120312 0.0000000 -0.9500719
vn -0.3400795 0.7309789 0.5916213
vn -1.0000000 0.0000000 -0.0000004
vn -1.0000000 0.0000000 -0.0000004
vn -0.2821737 0.7083763 -0.6469784
vn -0.2821738 0.7083762 -0.6469784
vn -0.2821737 0.7083762 -0.6469784
vn -0.2821733 0.7083748 -0.6469802
vn -0.0000050 0.6522117 0.7580369
vn -0.0000076 0.6522094 0.7580389
vn -0.2821733 0.7083748 -0.6469802
vn 0.7181960 0.5867738 0.3740200
vn 0.9629830 0.1966143 -0.1844088
vn 0.9629830 0.1966143 -0.1844088
vn 0.7181960 0.5867738 0.3740200
vn 0.2821743 -0.7083715 0.6469834
vn 0.2821743 -0.7083715 0.6469834
vn 0.9629830 0.1966143 -0.1844088
vn 0.7181960 0.5867738 0.3740200
vn 0.2821743 -0.7083715 0.6469834
vn 0.2821743 -0.7083715 0.6469834
vn -0.2821737 0.7083763 -0.6469784
vn -0.9629818 -0.1966167 0.1844127
vn 0.2821743 -0.7083715 0.6469834
vn -0.2821738 0.7083762 -0.6469784
vn -0.2821733 0.7083748 -0.6469802
vn 0.9629830 0.1966143 -0.1844088
vn -0.9629818 -0.1966167 0.1844127
vn 0.7181960 0.5867738 0.3740200
vn -0.0000050 0.6522117 0.7580369
vn -0.0000076 0.6522094 0.7580389
vn -0.3374537 0.5257035 0.7808718
vn -0.3374537 0.5257035 0.7808718
vn -0.3374538 0.5257035 0.7808718
vn -0.2469927 0.5535537 0.7953445
vn -0.7037536 -0.5376509 -0.4643947
vn -0.7037536 -0.5376509 -0.4643947
vn -0.7037536 -0.5376509 -0.4643947
vn -0.7046065 -0.5383270 -0.4623135
vn 0.6386057 0.7241141 -0.2604641
vn 0.6386057 0.7241141 -0.2604640
vn 0.6386057 0.7241141 -0.2604641
vn -0.0320457 0.9706950 -0.2381688
vn -0.7046065 -0.5383270 -0.4623135
vn -0.7037536 -0.5376509 -0.4643947
vn -0.5370126 -0.7233993 -0.4339480
vn -0.5403572 -0.7326254 -0.4138528
vn -0.3158228 -0.3428788 0.8846977
vn -0.3158228 -0.3428788 0.8846977
vn -0.3158228 -0.3428788 0.8846977
vn -0.3073640 -0.3352195 0.8905926
vn 0.7250664 0.5089261 0.4639752
vn 0.7250664 0.5089261 0.4639752
vn 0.7250664 0.5089261 0.4639752
vn -0.7037536 -0.5376509 -0.4643947
vn -0.7140170 -0.5211844 -0.4674896
vn -0.6821087 -0.5081065 -0.5258855
vn -0.7037536 -0.5376509 -0.4643947
vn -0.0555781 0.7831344 0.6193639
vn -0.0555781 0.7831344 0.6193639
vn -0.3374538 0.5257035 0.7808718
vn -0.0428532 0.7839130 0.6193901
vn -0.0555781 0.7831344 0.6193639
vn -0.3073640 -0.3352195 0.8905926
vn -0.8151548 -0.5012425 0.2903078
vn 0.0000000 0.0000000 1.0000000
vn 0.0000000 0.0000000 1.0000000
vn 0.0000000 0.0000000 1.0000000
vn 0.6532233 0.6485928 -0.3906747
vn 0.6532233 0.6485928 -0.3906747
vn 0.6532233 0.6485927 -0.3906747
vn 0.6574008 0.6528098 -0.3763822
vn 0.6532233 0.6485928 -0.3906747
vn -0.5651739 -0.7594930 -0.3221005
vn -0.5651739 -0.7594931 -0.3221005
vn -0.5651739 -0.7594930 -0.3221005
vn -0.5638443 -0.7590864 -0.3253727
vn -0.0197592 0.9995457 -0.0227573
vn -0.0197592 0.9995457 -0.0227573
vn 0.6386057 0.7241141 -0.2604641
vn -0.0097685 0.9997591 -0.0196561
vn -0.3763759 0.0707652 -0.9237605
vn -0.3763759 0.0707652 -0.9237605
vn -0.4237849 0.0890799 -0.9013718
vn 0.6648114 0.6613336 0.3473668
vn -0.0555781 0.7831344 0.6193639
vn -0.0428532 0.7839130 0.6193901
vn 0.9040898 0.3948623 0.1634181
vn 0.6648114 0.6613336 0.3473668
vn 0.1626690 0.4048564 0.8997945
vn 0.1626690 0.4048564 0.8997945
vn 0.1626690 0.4048565 0.8997944
vn 0.1791437 0.4168130 0.8911647
vn 0.1626690 0.4048564 0.8997945
vn -0.2494998 -0.3672184 0.8960472
vn -0.2494998 -0.3672184 0.8960472
vn -0.2494997 -0.3672184 0.8960472
vn -0.0000000 -0.1739464 0.9847551
vn -0.2494998 -0.3672184 0.8960472
vn 0.1626690 0.4048564 0.8997945
vn 0.6532233 0.6485927 -0.3906747
vn 0.7296223 0.5537540 0.4012578
vn 0.7303380 0.5537531 0.3999548
vn 0.1626690 0.4048564 0.8997945
vn -0.0428532 0.7839130 0.6193901
vn -0.3374538 0.5257035 0.7808718
vn -0.3374537 0.5257035 0.7808718
vn 0.7303380 0.5537531 0.3999548
vn -0.5403572 -0.7326254 -0.4138528
vn -0.3158228 -0.3428788 0.8846977
vn -0.3073640 -0.3352195 0.8905926
vn -0.7046065 -0.5383270 -0.4623135
vn -0.5403572 -0.7326254 -0.4138528
vn 0.7250664 0.5089261 0.4639752
vn -0.6419439 -0.6588845 0.3921469
vn -0.6419439 -0.6588845 0.3921469
vn -0.6449395 -0.6626188 0.3807747
vn 0.7250664 0.5089261 0.4639752
vn -0.8042632 0.5940064 -0.0178077
vn -0.8042632 0.5940064 -0.0178077
vn -0.8042632 0.5940064 -0.0178077
vn -0.0197592 0.9995457 -0.0227573
vn -0.3374538 0.5257035 0.7808718
vn -0.0555781 0.7831344 0.6193639
vn -0.7438591 0.4269494 0.5141866
vn -0.2469927 0.5535537 0.7953445
vn -0.9202564 0.1997407 -0.3364993
vn -0.9202564 0.1997407 -0.3364993
vn -0.9202564 0.1997407 -0.3364993
vn -0.9054865 0.2028820 -0.3727373
vn -0.8151548 -0.5012425 0.2903078
vn -0.4883760 -0.1055571 0.8662255
vn -0.3374537 0.5257035 0.7808718
vn -0.2469927 0.5535537 0.7953445
vn -0.9389599 -0.2907753 0.1838590
vn -0.7140170 -0.5211844 -0.4674896
vn -0.7438591 0.4269494 0.5141866
vn -0.0555781 0.7831344 0.6193639
vn -0.0197592 0.9995457 -0.0227573
vn -0.8042632 0.5940064 -0.0178077
vn -0.5370126 -0.7233993 -0.4339480
vn -0.7037536 -0.5376509 -0.4643947
vn 0.0781123 0.0337249 -0.9963740
vn 0.0812410 0.0357711 -0.9960524
vn -0.7668905 -0.5426860 -0.3425943
vn -0.7668905 -0.5426860 -0.3425943
vn -0.9202564 0.1997407 -0.3364993
vn -0.8914584 0.4530442 0.0072707
vn -0.8914584 0.4530442 0.0072707
vn -0.8914584 0.4530442 0.0072707
vn -0.8665293 0.4950069 -0.0639931
vn -0.8914584 0.4530442 0.0072707
vn -0.0019256 0.8835202 -0.4683891
vn -0.0019256 0.8835202 -0.4683891
vn 0.6532233 0.6485928 -0.3906747
vn 0.6574008 0.6528098 -0.3763822
vn -0.0320457 0.9706950 -0.2381688
vn -0.1125496 0.9673652 -0.2270178
vn -0.0097685 0.9997591 -0.0196561
vn 0.6386057 0.7241141 -0.2604641
vn -0.2111080 0.4550445 0.8650826
vn -0.2111079 0.4550445 0.8650826
vn 0.1791437 0.4168130 0.8911647
vn 0.1626690 0.4048565 0.8997944
vn -0.7037536 -0.5376509 -0.4643947
vn -0.7037536 -0.5376509 -0.4643947
vn -0.6419439 -0.6588845 0.3921469
vn -0.7037536 -0.5376509 -0.4643947
vn 0.1206067 0.1027530 -0.9873681
vn -0.4237849 0.0890799 -0.9013718
vn 0.1206067 0.1027530 -0.9873681
vn -0.3763759 0.0707652 -0.9237605
vn -0.0000000 0.3068560 -0.9517560
vn -0.0000000 0.3068560 -0.9517559
vn 0.2119497 0.1081509 -0.9712779
vn -0.5638443 -0.7590864 -0.3253727
vn -0.5651739 -0.7594930 -0.3221005
vn -0.4237849 0.0890799 -0.9013718
vn 0.1206067 0.1027530 -0.9873681
vn -0.0197592 0.9995457 -0.0227573
vn -0.0197592 0.9995457 -0.0227573
vn -0.0555781 0.7831344 0.6193639
vn -0.0555781 0.7831344 0.6193639
vn -0.0197592 0.9995457 -0.0227573
vn -0.2494998 -0.3672184 0.8960472
vn -0.0000000 0.3068560 -0.9517560
vn -0.4662996 -0.8262443 0.3160459
vn -0.2447094 -0.1700253 0.9545725
vn -0.2447095 -0.1700253 0.9545725
vn -0.2447095 -0.1700253 0.9545725
vn -0.1666477 -0.5334055 0.8292811
vn -0.2447094 -0.1700253 0.9545725
vn -0.3158228 -0.3428788 0.8846977
vn 0.1867767 0.2952125 0.9369973
vn 0.7250664 0.5089261 0.4639752
vn -0.3158228 -0.3428788 0.8846977
vn -0.9611895 -0.0760019 0.2652140
vn -0.8914584 0.4530442 0.0072707
vn -0.8914584 0.4530442 0.0072707
vn -0.2447095 -0.1700253 0.9545725
vn -0.1125496 0.9673652 -0.2270178
vn -0.8914584 0.4530442 0.0072707
vn -0.8042632 0.5940064 -0.0178077
vn -0.0097685 0.9997591 -0.0196561
vn -0.1125496 0.9673652 -0.2270178
vn -0.8914584 0.4530442 0.0072707
vn -0.9611895 -0.0760019 0.2652140
vn -0.9819802 -0.1119006 0.1522930
vn -0.8042632 0.5940064 -0.0178077
vn -0.8914584 0.4530442 0.0072707
vn 0.7478122 0.6279677 0.2154846
vn -0.0197592 0.9995457 -0.0227573
vn -0.0555781 0.7831344 0.6193639
vn 0.6648114 0.6613336 0.3473668
vn -0.7150149 -0.6676622 -0.2073185
vn -0.7150148 -0.6676622 -0.2073185
vn -0.7150149 -0.6676622 -0.2073185
vn -0.6096467 -0.7586960 -0.2295892
vn -0.8042632 0.5940064 -0.0178077
vn -0.8042632 0.5940064 -0.0178077
vn -0.2111079 0.4550445 0.8650826
vn -0.0019256 0.8835202 -0.4683891
vn 0.6574008 0.6528098 -0.3763822
vn 0.1791437 0.4168130 0.8911647
vn -0.9883991 -0.1482264 0.0331080
vn -0.4662996 -0.8262443 0.3160459
vn -0.8665293 0.4950069 -0.0639931
vn -0.8914584 0.4530442 0.0072707
vn -0.5645475 -0.7600329 0.3219258
vn -0.5645475 -0.7600329 0.3219258
vn -0.5651739 -0.7594931 -0.3221005
vn -0.5651739 -0.7594930 -0.3221005
vn -0.5645475 -0.7600329 0.3219258
vn -0.3763759 0.0707652 -0.9237605
vn -0.8697911 0.3143605 -0.3803169
vn -0.8914584 0.4530442 0.0072707
vn -0.8665293 0.4950069 -0.0639931
vn -0.6821087 -0.5081065 -0.5258855
vn -0.7140170 -0.5211844 -0.4674896
vn -0.6220197 -0.6546853 -0.4295098
vn 0.6386057 0.7241141 -0.2604641
vn -0.0197592 0.9995457 -0.0227573
vn 0.7478122 0.6279677 0.2154846
vn 0.6386057 0.7241141 -0.2604640
vn 0.6386057 0.7241141 -0.2604641
vn -0.6419439 -0.6588845 0.3921469
vn -0.7037536 -0.5376509 -0.4643947
vn -0.6821087 -0.5081065 -0.5258855
vn 0.2240067 -0.1120945 -0.9681197
vn -0.9389599 -0.2907753 0.1838590
vn -0.7150148 -0.6676622 -0.2073185
vn -0.7150149 -0.6676622 -0.2073185
vn -0.6220197 -0.6546853 -0.4295098
vn -0.8697911 0.3143605 -0.3803169
vn -0.2447095 -0.1700253 0.9545725
vn -0.2447095 -0.1700253 0.9545725
vn -0.8914584 0.4530442 0.0072707
vn -0.7150148 -0.6676622 -0.2073185
vn -0.7438591 0.4269494 0.5141866
vn -0.8042632 0.5940064 -0.0178077
vn -0.7150149 -0.6676622 -0.2073185
vn -0.7150148 -0.6676622 -0.2073185
vn 0.6574008 0.6528098 -0.3763822
vn 0.6532233 0.6485927 -0.3906747
vn 0.1626690 0.4048564 0.8997945
vn 0.0781123 0.0337249 -0.9963740
vn -0.6419439 -0.6588845 0.3921469
vn 0.7250664 0.5089261 0.4639752
vn 0.7250664 0.5089261 0.4639752
vn 0.0781123 0.0337249 -0.9963740
vn -0.2086543 0.5438265 -0.8128444
vn -0.2086543 0.5438265 -0.8128444
vn -0.2086543 0.5438265 -0.8128444
vn -0.9054865 0.2028820 -0.3727373
vn 0.9040898 0.3948623 0.1634181
vn -0.0428532 0.7839130 0.6193901
vn 0.7303380 0.5537531 0.3999548
vn 0.7296223 0.5537540 0.4012578
vn 0.0000000 0.0000000 -1.0000000
vn 0.0000000 0.0000000 -1.0000000
vn 0.0000000 0.0000000 -1.0000000
vn -0.4594191 -0.2931898 0.8384353
vn -0.2494998 -0.3672184 0.8960472
vn -0.2494998 -0.3672184 0.8960472
vn -0.4662996 -0.8262443 0.3160459
vn -0.4594191 -0.2931898 0.8384353
vn 0.0000000 0.4989384 -0.8666375
vn 0.0000000 0.4989384 -0.8666375
vn -0.2086543 0.5438265 -0.8128444
vn -0.2086543 0.5438265 -0.8128444
vn -0.0097685 0.9997591 -0.0196561
vn -0.8042632 0.5940064 -0.0178077
vn -0.0197592 0.9995457 -0.0227573
vn 0.0000000 0.4989384 -0.8666375
vn -0.2086543 0.5438265 -0.8128444
vn -0.0320457 0.9706950 -0.2381688
vn 0.6386057 0.7241141 -0.2604641
vn 0.0000000 0.0000000 -1.0000000
vn 0.0000000 0.0000000 -1.0000000
vn -0.2086543 0.5438265 -0.8128444
vn 0.0000000 0.4989384 -0.8666375
vn -0.2469927 0.5535537 0.7953445
vn -0.7438591 0.4269494 0.5141866
vn -0.7150148 -0.6676622 -0.2073185
vn -0.9389599 -0.2907753 0.1838590
vn 0.6532233 0.6485928 -0.3906747
vn -0.6419439 -0.6588845 0.3921469
vn 0.2240067 -0.1120945 -0.9681197
vn -0.3950800 -0.4919244 -0.7758364
vn -0.0844099 -0.8803628 0.4667294
vn -0.0844099 -0.8803628 0.4667295
vn -0.6449395 -0.6626188 0.3807747
vn -0.6419439 -0.6588845 0.3921469
vn -0.9054865 0.2028820 -0.3727373
vn -0.9202564 0.1997407 -0.3364993
vn -0.9883991 -0.1482264 0.0331080
vn -0.2086543 0.5438265 -0.8128444
vn -0.8151548 -0.5012425 0.2903078
vn -0.3374537 0.5257035 0.7808718
vn -0.7140170 -0.5211844 -0.4674896
vn -0.7037536 -0.5376509 -0.4643947
vn -0.2494997 -0.3672184 0.8960472
vn -0.2494998 -0.3672184 0.8960472
vn 0.0000000 0.0000000 1.0000000
vn 0.0000000 0.0000000 1.0000000
vn -0.3763759 0.0707652 -0.9237605
vn 0.2119497 0.1081509 -0.9712779
vn 0.1206067 0.1027530 -0.9873681
vn -0.4237849 0.0890799 -0.9013718
vn -0.2447094 -0.1700253 0.9545725
vn -0.4778522 -0.8433762 0.2457109
vn -0.2447095 -0.1700253 0.9545725
vn -0.0846530 -0.1139657 0.9898715
vn -0.5645475 -0.7600329 0.3219258
vn -0.5645475 -0.7600329 0.3219258
vn -0.3257811 -0.2268055 0.9178376
vn -0.3257811 -0.2268055 0.9178376
vn 0.0000000 0.0000000 1.0000000
vn 0.6532233 0.6485928 -0.3906747
vn -0.3950800 -0.4919244 -0.7758364
vn 0.7296223 0.5537540 0.4012578
vn 0.6532233 0.6485928 -0.3906747
vn -0.8665293 0.4950069 -0.0639931
vn -0.0000000 0.3068560 -0.9517560
vn -0.3763759 0.0707652 -0.9237605
vn -0.3763759 0.0707652 -0.9237605
vn -0.8665293 0.4950069 -0.0639931
vn 0.0812410 0.0357711 -0.9960524
vn 0.0781123 0.0337249 -0.9963740
vn 0.7250664 0.5089261 0.4639752
vn 0.6145190 0.7346147 -0.2875894
vn -0.2494998 -0.3672184 0.8960472
vn -0.0000000 -0.1739464 0.9847551
vn -0.0000000 0.3068560 -0.9517559
vn -0.0000000 0.3068560 -0.9517560
vn -0.0846530 -0.1139657 0.9898715
vn -0.1666477 -0.5334055 0.8292811
vn -0.2447095 -0.1700253 0.9545725
vn -0.5645475 -0.7600329 0.3219258
vn -0.0844099 -0.8803628 0.4667294
vn -0.6419439 -0.6588845 0.3921469
vn 0.6532233 0.6485928 -0.3906747
vn -0.0019256 0.8835202 -0.4683891
vn -0.0844099 -0.8803628 0.4667294
vn -0.9202564 0.1997407 -0.3364993
vn 0.0000000 0.0000000 -1.0000000
vn 0.0000000 0.0000000 -1.0000000
vn -0.7668905 -0.5426860 -0.3425943
vn -0.7668905 -0.5426860 -0.3425943
vn -0.3257811 -0.2268055 0.9178376
vn -0.3257811 -0.2268055 0.9178376
vn -0.9202564 0.1997407 -0.3364993
vn -0.8042632 0.5940064 -0.0178077
vn -0.9819802 -0.1119006 0.1522930
vn -0.7150149 -0.6676622 -0.2073185
vn -0.8042632 0.5940064 -0.0178077
vn -0.9611895 -0.0760019 0.2652140
vn -0.4778522 -0.8433762 0.2457109
vn -0.4781904 -0.8371116 0.2656655
vn -0.9819802 -0.1119006 0.1522930
vn 0.1867767 0.2952125 0.9369973
vn 0.6145190 0.7346147 -0.2875894
vn 0.7250664 0.5089261 0.4639752
vn 0.7250664 0.5089261 0.4639752
vn -0.2111080 0.4550445 0.8650826
vn 0.1626690 0.4048565 0.8997944
vn -0.6449395 -0.6626188 0.3807747
vn -0.0844099 -0.8803628 0.4667295
vn -0.3158228 -0.3428788 0.8846977
vn 0.7250664 0.5089261 0.4639752
vn 0.7250664 0.5089261 0.4639752
vn -0.4883760 -0.1055571 0.8662255
vn -0.9202564 0.1997407 -0.3364993
vn -0.9054865 0.2028820 -0.3727373
vn -0.2086543 0.5438265 -0.8128444
vn 0.0000000 0.0000000 -1.0000000
vn -0.1125496 0.9673652 -0.2270178
vn -0.0320457 0.9706950 -0.2381688
vn -0.2086543 0.5438265 -0.8128444
vn -0.2086543 0.5438265 -0.8128444
vn -0.9819802 -0.1119006 0.1522930
vn -0.4781904 -0.8371116 0.2656655
vn -0.6096467 -0.7586960 -0.2295892
vn -0.5651739 -0.7594930 -0.3221005
vn -0.5651739 -0.7594931 -0.3221005
vn -0.8697911 0.3143605 -0.3803169
vn -0.3763759 0.0707652 -0.9237605
vn -0.6419439 -0.6588845 0.3921469
vn -0.6419439 -0.6588845 0.3921469
vn 0.6532233 0.6485928 -0.3906747
vn -0.6419439 -0.6588845 0.3921469
vn -0.2086543 0.5438265 -0.8128444
vn -0.9883991 -0.1482264 0.0331080
vn -0.8914584 0.4530442 0.0072707
vn -0.1125496 0.9673652 -0.2270178
vn -0.2086543 0.5438265 -0.8128444
vn -0.3073640 -0.3352195 0.8905926
vn -0.3158228 -0.3428788 0.8846977
vn -0.4883760 -0.1055571 0.8662255
vn -0.8151548 -0.5012425 0.2903078
vn -0.9202564 0.1997407 -0.3364993
vn -0.4594191 -0.2931898 0.8384353
vn -0.4662996 -0.8262443 0.3160459
vn -0.9883991 -0.1482264 0.0331080
vn -0.4594191 -0.2931898 0.8384353
vn -0.3257811 -0.2268055 0.9178376
vn 0.0000000 0.0000000 1.0000000
vn -0.2494998 -0.3672184 0.8960472
vn -0.9202564 0.1997407 -0.3364993
vn -0.3257811 -0.2268055 0.9178376
vn -0.2447095 -0.1700253 0.9545725
vn -0.8697911 0.3143605 -0.3803169
vn -0.5651739 -0.7594931 -0.3221005
vn -0.5645475 -0.7600329 0.3219258
vn -0.6449395 -0.6626188 0.3807747
vn 0.1626690 0.4048565 0.8997944
vn 0.1626690 0.4048564 0.8997945
vn 0.7250664 0.5089261 0.4639752
vn 0.1626690 0.4048564 0.8997945
vn 0.7303380 0.5537531 0.3999548
vn -0.3374537 0.5257035 0.7808718
vn 0.1626690 0.4048564 0.8997945
vn 0.7250664 0.5089261 0.4639752
vn -0.3374537 0.5257035 0.7808718
vn -0.4883760 -0.1055571 0.8662255
vn 0.7250664 0.5089261 0.4639752
vn -0.3950800 -0.4919244 -0.7758364
vn 0.9040898 0.3948623 0.1634181
vn 0.7296223 0.5537540 0.4012578
vn 0.0000000 -0.3826852 -0.9238788
vn 0.0000000 -0.3826852 -0.9238788
vn 0.0000000 -0.3826852 -0.9238788
vn 0.0000035 -0.3826880 -0.9238776
vn 0.0000000 -0.9238772 -0.3826891
vn 0.0000000 -0.9238772 -0.3826891
vn 0.0000000 -0.3826852 -0.9238788
vn 0.0000000 -0.3826852 -0.9238788
vn 0.0000000 -0.9238772 -0.3826891
vn 0.0000000 -0.9238780 0.3826871
vn 0.0000000 -0.9238780 0.3826871
vn 0.0000000 -0.9238780 0.3826871
vn 0.0000000 -0.3826756 0.9238828
vn 0.0000000 -0.3826756 0.9238828
vn 0.0000000 -0.9238780 0.3826871
vn 0.0000000 0.3826754 0.9238828
vn 0.0000000 0.3826754 0.9238828
vn 0.0000000 -0.3826756 0.9238828
vn 0.0000000 0.3826754 0.9238828
vn 0.0000000 0.9238826 0.3826760
vn 0.0000000 0.9238826 0.3826760
vn 0.0000000 0.3826754 0.9238828
vn -0.0000000 0.9238818 -0.3826779
vn -0.0000000 0.9238818 -0.3826780
vn 0.0000000 0.9238826 0.3826760
vn -0.0000000 0.9238818 -0.3826779
vn -0.0000000 0.9238818 -0.3826780
vn 0.0000000 -0.3826852 -0.9238788
vn 0.0000035 -0.3826880 -0.9238776
vn 0.3652420 -0.3562261 -0.8600589
vn 0.3652420 -0.3562260 -0.8600589
vn 0.0000000 -0.3826852 -0.9238788
vn 0.3652424 -0.8600488 -0.3562500
vn 0.0000000 -0.9238772 -0.3826891
vn 0.0000000 -0.3826852 -0.9238788
vn 0.3652420 -0.3562260 -0.8600589
vn 1.0000000 0.0000000 -0.0000000
vn 1.0000000 0.0000000 -0.0000000
vn 1.0000000 0.0000000 -0.0000000
vn 0.3652414 -0.8600499 0.3562483
vn 0.0000000 -0.9238780 0.3826871
vn 0.3652294 -0.3562393 0.8600587
vn 0.0000000 -0.3826756 0.9238828
vn 0.0000000 -0.9238780 0.3826871
vn 0.3652414 -0.8600499 0.3562483
vn 0.0000000 -0.3826756 0.9238828
vn -0.0000000 0.9238818 -0.3826779
vn 1.0000000 0.0000000 -0.0000000
vn 0.3652420 -0.3562261 -0.8600589
vn 0.0000000 -0.3826852 -0.9238788
vn -0.0000000 0.9238818 -0.3826779
vn 0.0000000 0.9238826 0.3826760
vn 1.0000000 0.0000000 -0.0000000
vn 0.0000000 0.3826754 0.9238828
vn -0.3523197 -0.3981619 -0.8469580
vn -0.3523197 -0.3981619 -0.8469580
vn -0.3523197 -0.3981619 -0.8469580
vn -0.3467337 -0.8665649 -0.3589443
vn -0.3467337 -0.8665649 -0.3589443
vn -0.3523197 -0.3981619 -0.8469580
vn -0.3523197 -0.3981619 -0.8469580
vn -0.3467294 -0.8665664 0.3589450
vn -0.3467293 -0.8665664 0.3589450
vn -0.3467337 -0.8665649 -0.3589443
vn -0.3467293 -0.8665664 0.3589450
vn -0.3522860 -0.3981673 0.8469695
vn 0.2816263 0.8864836 0.3671967
vn 0.2816263 0.8864836 0.3671967
vn 0.2816263 0.8864836 0.3671967
vn 0.2816261 0.8864838 0.3671964
vn 0.2816263 0.8864836 0.3671967
vn 0.2816275 0.8864849 -0.3671927
vn 0.2816275 0.8864849 -0.3671927
vn 0.2816263 0.8864836 0.3671967
vn 0.2816299 0.3671963 -0.8864827
vn -0.3523197 -0.3981619 -0.8469580
vn 0.2816275 0.8864849 -0.3671927
vn 0.2816275 0.8864849 -0.3671927
vn 0.2816263 0.8864836 0.3671967
vn 0.2816299 0.3671963 -0.8864827
vn 0.2538199 -0.3701539 -0.8936227
vn -0.3523197 -0.3981619 -0.8469580
vn -0.3523197 -0.3981619 -0.8469580
vn 0.2816166 -0.8864880 -0.3671936
vn -0.3467337 -0.8665649 -0.3589443
vn -0.3523197 -0.3981619 -0.8469580
vn 0.2538199 -0.3701539 -0.8936227
vn 0.2816166 -0.8864880 -0.3671936
vn 0.2816156 -0.8864867 0.3671976
vn 0.2569243 -0.3401751 0.9045832
vn -0.3522860 -0.3981673 0.8469695
vn 0.2816263 0.8864836 0.3671967
vn 0.2569243 -0.3401751 0.9045832
vn 0.3652420 -0.3562261 -0.8600589
vn 1.0000000 0.0000000 -0.0000000
vn 1.0000000 0.0000000 -0.0000000
vn 0.3652294 -0.3562393 0.8600587
vn 0.3652420 -0.3562261 -0.8600589
vn 0.3652420 -0.3562260 -0.8600589
vn 0.3652414 -0.8600499 0.3562483
vn 0.3652424 -0.8600488 -0.3562500
vn 0.2816299 0.3671963 -0.8864827
vn 0.2816261 0.8864838 0.3671964
vn 0.2569243 -0.3401751 0.9045832
vn 0.2816299 0.3671963 -0.8864827
vn 0.2538199 -0.3701539 -0.8936227
vn 0.2816156 -0.8864867 0.3671976
vn 0.2816166 -0.8864880 -0.3671936
vn 0.9332312 -0.3099826 0.1816323
vn 0.9332312 -0.3099826 0.1816323
vn 0.9332312 -0.3099826 0.1816323
vn 0.9332235 -0.3100006 0.1816415
vn 0.9332312 -0.3099826 0.1816323
vn 0.9332312 -0.3099826 0.1816323
vn 0.1052551 -0.2637932 -0.9588193
vn 0.1052551 -0.2637932 -0.9588193
vn -0.0870092 0.2724670 0.9582229
vn 0.9332312 -0.3099826 0.1816323
vn 0.9332312 -0.3099826 0.1816323
vn -0.0870169 0.2724603 0.9582241
vn -0.0870092 0.2724670 0.9582229
vn 0.4731910 -0.8345586 0.2821387
vn 0.9332312 -0.3099826 0.1816323
vn 0.9332312 -0.3099826 0.1816323
vn 0.4732064 -0.8345516 0.2821335
vn -0.4610353 0.8411309 -0.2827458
vn -0.0870092 0.2724670 0.9582229
vn 0.1052551 -0.2637932 -0.9588193
vn -0.4609894 0.8411573 -0.2827423
vn -0.4610353 0.8411309 -0.2827458
vn 0.1052551 -0.2637932 -0.9588193
vn 0.9332312 -0.3099826 0.1816323
vn 0.9332312 -0.3099826 0.1816323
vn 0.4731910 -0.8345586 0.2821387
vn -0.4609894 0.8411573 -0.2827423
vn 0.1052551 -0.2637932 -0.9588193
vn -0.0870092 0.2724670 0.9582229
vn -0.4610353 0.8411309 -0.2827458
vn 0.4732064 -0.8345516 0.2821335
vn 0.9332312 -0.3099826 0.1816323
vn 0.9538369 -0.2455053 0.1729807
vn 0.9538369 -0.2455054 0.1729807
vn 0.9538369 -0.2455054 0.1729807
vn 0.9538384 -0.2455011 0.1729784
vn 0.9538369 -0.2455053 0.1729807
vn -0.0462098 0.3074299 0.9504481
vn 0.9538369 -0.2455054 0.1729807
vn -0.0462098 0.3074299 0.9504481
vn -0.0462046 0.3074312 0.9504479
vn 0.8709443 0.4889717 -0.0486084
vn 0.8709443 0.4889717 -0.0486084
vn 0.9538369 -0.2455053 0.1729807
vn 0.8709443 0.4889717 -0.0486084
vn 0.9538369 -0.2455054 0.1729807
vn 0.1020381 -0.2767689 -0.9555036
vn 0.4975493 -0.8175443 0.2899414
vn 0.9538369 -0.2455054 0.1729807
vn 0.9538369 -0.2455054 0.1729807
vn -0.0462098 0.3074299 0.9504481
vn 0.4975493 -0.8175443 0.2899414
vn 0.1020381 -0.2767689 -0.9555036
vn -0.4975405 0.8175497 -0.2899413
vn -0.0462046 0.3074312 0.9504479
vn -0.0462098 0.3074299 0.9504481
vn 0.1020381 -0.2767689 -0.9555036
vn 0.8709443 0.4889717 -0.0486084
vn -0.0462098 0.3074299 0.9504481
vn -0.0462098 0.3074299 0.9504481
vn 0.9538369 -0.2455054 0.1729807
vn 0.9538369 -0.2455053 0.1729807
vn 0.8709443 0.4889717 -0.0486084
vn -0.0462098 0.3074299 0.9504481
vn 0.9538369 -0.2455054 0.1729807
vn 0.4975493 -0.8175443 0.2899414
vn -0.4975405 0.8175497 -0.2899413
vn 0.1020381 -0.2767689 -0.9555036
vn 0.9538369 -0.2455054 0.1729807
vn 0.3120328 0.0000000 -0.9500713
vn 0.3120328 0.0000000 -0.9500713
vn 0.3120328 0.0000000 -0.9500713
vn 0.3120328 -0.0000000 -0.9500713
vn 0.3120328 0.0000000 -0.9500713
vn 1.0000000 0.0000000 0.0000004
vn 1.0000000 0.0000000 0.0000004
vn 1.0000000 0.0000000 0.0000004
vn 1.0000000 0.0000000 0.0000004
vn 0.3438566 0.9390222 0.0000001
vn 0.3438566 0.9390222 0.0000001
vn 0.3359405 -0.7532164 0.5655166
vn 0.3359405 -0.7532164 0.5655166
vn 0.3359405 -0.7532164 0.5655166
vn 0.3438566 0.9390222 0.0000001
vn 0.3018183 0.7623934 0.5724177
vn 0.3400796 0.7309782 0.5916222
vn 0.3359405 -0.7532164 0.5655166
vn 0.3438566 -0.9390222 0.0000001
vn 1.0000000 0.0000000 0.0000004
vn 1.0000000 0.0000000 0.0000004
vn 0.3359405 -0.7532164 0.5655166
vn 0.3018183 0.7623934 0.5724177
vn 0.3438566 -0.9390222 0.0000001
vn 0.3120328 -0.0000000 -0.9500713
vn 0.3120328 0.0000000 -0.9500713
vn 1.0000000 0.0000000 0.0000004
vn 0.3120328 0.0000000 -0.9500713
vn 0.3120328 0.0000000 -0.9500713
vn 0.3438566 0.9390222 0.0000001
vn 1.0000000 0.0000000 0.0000004
vn 0.3120328 0.0000000 -0.9500713
vn 0.3120328 0.0000000 -0.9500713
vn 0.3400796 0.7309782 0.5916222
vn 0.3359405 -0.7532164 0.5655166
vn 1.0000000 0.0000000 0.0000004
vn 0.2821789 0.7083700 -0.6469830
vn 0.2821790 0.7083700 -0.6469830
vn 0.2821790 0.7083700 -0.6469830
vn 0.2821830 0.7083824 -0.6469676
vn -0.0000012 0.6522107 0.7580378
vn -0.0000012 0.6522107 0.7580377
vn 0.2821830 0.7083824 -0.6469676
vn 0.2821790 0.7083700 -0.6469830
vn -0.7181946 0.5867756 0.3740200
vn 0.2821790 0.7083700 -0.6469830
vn 0.2821790 0.7083700 -0.6469830
vn -0.9629825 0.1966136 -0.1844119
vn -0.9629828 0.1966147 -0.1844091
vn -0.2821794 -0.7083711 0.6469815
vn -0.7181946 0.5867756 0.3740200
vn -0.9629825 0.1966136 -0.1844119
vn -0.2821804 -0.7083691 0.6469834
vn -0.2821794 -0.7083711 0.6469815
vn -0.2821794 -0.7083711 0.6469815
vn -0.2821804 -0.7083691 0.6469834
vn 0.9629816 -0.1966183 0.1844117
vn 0.2821789 0.7083700 -0.6469830
vn 0.2821830 0.7083824 -0.6469676
vn -0.0000012 0.6522107 0.7580377
vn 0.9629816 -0.1966183 0.1844117
vn -0.9629828 0.1966147 -0.1844091
vn 0.2821790 0.7083700 -0.6469830
vn -0.2821794 -0.7083711 0.6469815
vn -0.0000012 0.6522107 0.7580378
vn -0.7181946 0.5867756 0.3740200
vn -0.2821794 -0.7083711 0.6469815
vn 0.2469900 0.5535521 0.7953465
vn 0.2469900 0.5535521 0.7953465
vn 0.2469900 0.5535521 0.7953465
vn 0.3374527 0.5257016 0.7808735
vn 0.7046068 -0.5383265 -0.4623135
vn 0.7046068 -0.5383266 -0.4623135
vn 0.7046068 -0.5383266 -0.4623135
vn 0.7037565 -0.5376525 -0.4643884
vn 0.7046068 -0.5383265 -0.4623135
vn 0.0320457 0.9706950 -0.2381688
vn 0.0320457 0.9706950 -0.2381688
vn 0.0320457 0.9706950 -0.2381688
vn -0.6386045 0.7241149 -0.2604647
vn 0.0320457 0.9706950 -0.2381688
vn 0.5403572 -0.7326254 -0.4138528
vn 0.5403572 -0.7326254 -0.4138528
vn 0.7046068 -0.5383266 -0.4623135
vn 0.3073640 -0.3352195 0.8905926
vn 0.3073640 -0.3352195 0.8905926
vn 0.3073640 -0.3352195 0.8905926
vn 0.3158228 -0.3428788 0.8846977
vn -0.7250666 0.5089257 0.4639753
vn -0.7250666 0.5089257 0.4639752
vn -0.7250667 0.5089257 0.4639752
vn 0.7037565 -0.5376525 -0.4643884
vn 0.6821074 -0.5081055 -0.5258881
vn 0.6821074 -0.5081054 -0.5258882
vn 0.7037565 -0.5376525 -0.4643884
vn 0.0428532 0.7839130 0.6193900
vn 0.0428532 0.7839130 0.6193901
vn 0.2469900 0.5535521 0.7953465
vn 0.0555781 0.7831344 0.6193639
vn 0.3073640 -0.3352195 0.8905926
vn 0.7046068 -0.5383265 -0.4623135
vn 0.8151551 -0.5012420 0.2903077
vn 0.3073640 -0.3352195 0.8905926
vn 0.0000000 0.0000000 1.0000000
vn 0.0000000 0.0000000 1.0000000
vn 0.0000000 0.0000000 1.0000000
vn -0.6574008 0.6528097 -0.3763822
vn -0.6574008 0.6528098 -0.3763822
vn -0.6574008 0.6528098 -0.3763822
vn -0.6532233 0.6485928 -0.3906747
vn 0.5638456 -0.7590868 -0.3253696
vn 0.5638456 -0.7590868 -0.3253696
vn 0.5638456 -0.7590868 -0.3253696
vn 0.5651733 -0.7594928 -0.3221023
vn 0.5638456 -0.7590868 -0.3253696
vn 0.0097685 0.9997591 -0.0196561
vn 0.0097685 0.9997591 -0.0196561
vn 0.0320457 0.9706950 -0.2381688
vn 0.0197592 0.9995457 -0.0227573
vn 0.5638456 -0.7590868 -0.3253696
vn 0.4237895 0.0890811 -0.9013695
vn 0.4237895 0.0890811 -0.9013695
vn 0.3763776 0.0707653 -0.9237598
vn -0.9040936 0.3948572 0.1634091
vn -0.9040936 0.3948571 0.1634091
vn -0.1791437 0.4168130 0.8911647
vn -0.1791437 0.4168130 0.8911647
vn -0.1791437 0.4168130 0.8911647
vn -0.1626692 0.4048566 0.8997943
vn -0.1791437 0.4168130 0.8911647
vn 0.0000000 -0.1739464 0.9847551
vn 0.0000000 -0.1739464 0.9847551
vn 0.0000000 -0.1739464 0.9847551
vn 0.2495034 -0.3672211 0.8960450
vn 0.0000000 -0.1739464 0.9847551
vn -0.1791437 0.4168130 0.8911647
vn -0.7303381 0.5537530 0.3999548
vn -0.7303381 0.5537530 0.3999548
vn -0.6574008 0.6528098 -0.3763822
vn 0.0428532 0.7839130 0.6193901
vn 0.3374527 0.5257016 0.7808735
vn 0.2469900 0.5535521 0.7953465
vn 0.3073640 -0.3352195 0.8905926
vn 0.3073640 -0.3352195 0.8905926
vn -0.7250666 0.5089257 0.4639753
vn 0.6449399 -0.6626185 0.3807746
vn 0.6449399 -0.6626185 0.3807746
vn 0.6419437 -0.6588836 0.3921488
vn 0.7784861 0.6273062 0.0211243
vn 0.0097685 0.9997591 -0.0196561
vn 0.7784862 0.6273062 0.0211243
vn 0.8042637 0.5940058 -0.0178066
vn 0.7784861 0.6273062 0.0211243
vn 0.2469900 0.5535521 0.7953465
vn 0.3425162 0.8399630 0.4208857
vn 0.0555781 0.7831344 0.6193639
vn 0.2469900 0.5535521 0.7953465
vn 0.9054853 0.2028820 -0.3727401
vn 0.9054853 0.2028820 -0.3727401
vn 0.9054853 0.2028820 -0.3727401
vn 0.9202564 0.1997405 -0.3364993
vn 0.9054853 0.2028820 -0.3727401
vn 0.8151551 -0.5012420 0.2903077
vn 0.4883766 -0.1055590 0.8662249
vn 0.6821074 -0.5081054 -0.5258882
vn 0.9389517 -0.2908574 0.1837709
vn 0.3425162 0.8399630 0.4208857
vn 0.7784862 0.6273062 0.0211243
vn 0.0097685 0.9997591 -0.0196561
vn 0.0555781 0.7831344 0.6193639
vn 0.5403572 -0.7326254 -0.4138528
vn -0.0812410 0.0357711 -0.9960524
vn -0.0812410 0.0357711 -0.9960524
vn 0.7046068 -0.5383266 -0.4623135
vn 0.7628521 -0.5310906 -0.3687811
vn 0.9054853 0.2028820 -0.3727401
vn 0.9202564 0.1997405 -0.3364993
vn 0.7668898 -0.5426854 -0.3425968
vn 0.7628521 -0.5310906 -0.3687811
vn 0.8665295 0.4950065 -0.0639935
vn 0.8665295 0.4950065 -0.0639935
vn 0.8665295 0.4950065 -0.0639935
vn 0.8914590 0.4530430 0.0072714
vn 0.0199904 0.8871621 -0.4610246
vn -0.6574008 0.6528098 -0.3763822
vn 0.0019256 0.8835202 -0.4683891
vn 0.0320457 0.9706950 -0.2381688
vn 0.0320457 0.9706950 -0.2381688
vn 0.0097685 0.9997591 -0.0196561
vn 0.1125504 0.9673652 -0.2270176
vn 0.1307036 0.5082068 0.8512593
vn -0.1791437 0.4168130 0.8911647
vn 0.2111079 0.4550445 0.8650826
vn -0.0812410 0.0357711 -0.9960524
vn 0.6419437 -0.6588836 0.3921488
vn 0.7037565 -0.5376525 -0.4643884
vn -0.1206065 0.1027531 -0.9873682
vn -0.1206065 0.1027531 -0.9873682
vn 0.4237895 0.0890811 -0.9013695
vn 0.4237895 0.0890811 -0.9013695
vn -0.2119502 0.1081524 -0.9712776
vn -0.2119502 0.1081524 -0.9712776
vn 0.0000000 0.3068575 -0.9517555
vn 0.4237895 0.0890811 -0.9013695
vn 0.5638456 -0.7590868 -0.3253696
vn 0.4237895 0.0890811 -0.9013695
vn 0.0197592 0.9995457 -0.0227573
vn 0.0428532 0.7839130 0.6193900
vn 0.0555781 0.7831344 0.6193639
vn 0.0097685 0.9997591 -0.0196561
vn 0.0000000 -0.1739464 0.9847551
vn 0.4663012 -0.8262429 0.3160473
vn 0.8665295 0.4950065 -0.0639935
vn 0.0000000 0.3068575 -0.9517555
vn 0.1666475 -0.5334055 0.8292811
vn 0.1666475 -0.5334055 0.8292811
vn 0.1666475 -0.5334055 0.8292811
vn 0.2447086 -0.1700292 0.9545720
vn 0.3158228 -0.3428788 0.8846977
vn 0.3073640 -0.3352195 0.8905926
vn -0.7250667 0.5089257 0.4639752
vn -0.1867767 0.2952125 0.9369973
vn 0.9619610 -0.0685118 0.2644562
vn 0.2447086 -0.1700292 0.9545720
vn 0.8665295 0.4950065 -0.0639935
vn 0.8914590 0.4530430 0.0072714
vn 0.1125504 0.9673652 -0.2270176
vn 0.0097685 0.9997591 -0.0196561
vn 0.7784861 0.6273062 0.0211243
vn 0.8665295 0.4950065 -0.0639935
vn 0.8914590 0.4530430 0.0072714
vn 0.8042637 0.5940058 -0.0178066
vn 0.9768976 -0.1428416 0.1589571
vn 0.9619610 -0.0685118 0.2644562
vn -0.6613082 0.7177823 0.2178530
vn -0.9040936 0.3948572 0.1634091
vn 0.0428532 0.7839130 0.6193900
vn 0.0197592 0.9995457 -0.0227573
vn 0.6096454 -0.7586972 -0.2295890
vn 0.6096455 -0.7586971 -0.2295890
vn 0.6096455 -0.7586971 -0.2295890
vn 0.7150149 -0.6676623 -0.2073181
vn 0.8665295 0.4950065 -0.0639935
vn 0.7784861 0.6273062 0.0211243
vn 0.8042637 0.5940058 -0.0178066
vn 0.8914590 0.4530430 0.0072714
vn -0.1791437 0.4168130 0.8911647
vn 0.0199904 0.8871621 -0.4610246
vn 0.9107044 0.4126767 0.0177620
vn 0.8665295 0.4950065 -0.0639935
vn 0.8665295 0.4950065 -0.0639935
vn 0.4663012 -0.8262429 0.3160473
vn 0.9107044 0.4126767 0.0177620
vn 0.5645404 -0.7586425 0.3252009
vn 0.5638456 -0.7590868 -0.3253696
vn 0.5651733 -0.7594928 -0.3221023
vn 0.5645475 -0.7600320 0.3219277
vn 0.5645404 -0.7586425 0.3252009
vn 0.3763776 0.0707653 -0.9237598
vn 0.8665295 0.4950065 -0.0639935
vn 0.8665295 0.4950065 -0.0639935
vn 0.8697905 0.3143623 -0.3803169
vn 0.6821074 -0.5081055 -0.5258881
vn 0.6220194 -0.6546844 -0.4295116
vn 0.9389517 -0.2908574 0.1837709
vn 0.6821074 -0.5081054 -0.5258882
vn 0.0320457 0.9706950 -0.2381688
vn -0.6386045 0.7241149 -0.2604647
vn -0.6613082 0.7177823 0.2178530
vn 0.0197592 0.9995457 -0.0227573
vn 0.6419437 -0.6588836 0.3921488
vn -0.2240070 -0.1120928 -0.9681199
vn 0.6821074 -0.5081055 -0.5258881
vn 0.7037565 -0.5376525 -0.4643884
vn 0.9389517 -0.2908574 0.1837709
vn 0.6220194 -0.6546844 -0.4295116
vn 0.6096454 -0.7586972 -0.2295890
vn 0.7150149 -0.6676623 -0.2073181
vn 0.9389517 -0.2908574 0.1837709
vn 0.8697905 0.3143623 -0.3803169
vn 0.8665295 0.4950065 -0.0639935
vn 0.2447086 -0.1700292 0.9545720
vn 0.1666475 -0.5334055 0.8292811
vn 0.7150149 -0.6676623 -0.2073181
vn 0.6096455 -0.7586971 -0.2295890
vn 0.7784862 0.6273062 0.0211243
vn 0.3425162 0.8399630 0.4208857
vn -0.1791437 0.4168130 0.8911647
vn -0.6574008 0.6528098 -0.3763822
vn -0.0812410 0.0357711 -0.9960524
vn -0.7250666 0.5089257 0.4639752
vn -0.7250666 0.5089257 0.4639753
vn 0.6419437 -0.6588836 0.3921488
vn 0.1924280 0.5465292 -0.8150321
vn 0.9054853 0.2028820 -0.3727401
vn 0.1924281 0.5465292 -0.8150321
vn 0.2086576 0.5438268 -0.8128434
vn 0.1924280 0.5465292 -0.8150321
vn -0.9040936 0.3948571 0.1634091
vn -0.7303381 0.5537530 0.3999548
vn 0.0428532 0.7839130 0.6193901
vn 0.0000010 -0.0000007 -1.0000000
vn 0.0000010 -0.0000007 -1.0000000
vn 0.0000010 -0.0000007 -1.0000000
vn 0.3867459 -0.4433101 0.8086432
vn 0.4663012 -0.8262429 0.3160473
vn 0.0000000 -0.1739464 0.9847551
vn 0.2495034 -0.3672211 0.8960450
vn 0.0000000 0.4989383 -0.8666375
vn 0.2086576 0.5438268 -0.8128434
vn 0.1924281 0.5465292 -0.8150321
vn -0.0000000 0.4989384 -0.8666375
vn 0.0000000 0.4989383 -0.8666375
vn 0.0097685 0.9997591 -0.0196561
vn 0.0097685 0.9997591 -0.0196561
vn 0.7784861 0.6273062 0.0211243
vn 0.0000000 0.4989383 -0.8666375
vn 0.0320457 0.9706950 -0.2381688
vn 0.0320457 0.9706950 -0.2381688
vn 0.2086576 0.5438268 -0.8128434
vn 0.0000000 0.4989383 -0.8666375
vn 0.0000010 -0.0000007 -1.0000000
vn -0.0000000 0.4989384 -0.8666375
vn 0.1924281 0.5465292 -0.8150321
vn 0.0000010 -0.0000007 -1.0000000
vn 0.2469900 0.5535521 0.7953465
vn 0.9389517 -0.2908574 0.1837709
vn 0.7150149 -0.6676623 -0.2073181
vn 0.3425162 0.8399630 0.4208857
vn -0.6532233 0.6485928 -0.3906747
vn 0.3950806 -0.4919239 -0.7758365
vn -0.2240070 -0.1120928 -0.9681199
vn 0.6419437 -0.6588836 0.3921488
vn 0.0865735 -0.8816044 0.4639813
vn 0.6449399 -0.6626185 0.3807746
vn 0.6449399 -0.6626185 0.3807746
vn 0.0844099 -0.8803628 0.4667295
vn 0.9054853 0.2028820 -0.3727401
vn 0.1924280 0.5465292 -0.8150321
vn 0.9107044 0.4126767 0.0177620
vn 0.9054853 0.2028820 -0.3727401
vn 0.8151551 -0.5012420 0.2903077
vn 0.7046068 -0.5383265 -0.4623135
vn 0.6821074 -0.5081054 -0.5258882
vn 0.0000000 -0.1739464 0.9847551
vn 0.0000000 0.0000000 1.0000000
vn 0.0000000 0.0000000 1.0000000
vn 0.2495034 -0.3672211 0.8960450
vn 0.4237895 0.0890811 -0.9013695
vn 0.4237895 0.0890811 -0.9013695
vn -0.1206065 0.1027531 -0.9873682
vn -0.2119502 0.1081524 -0.9712776
vn 0.4237895 0.0890811 -0.9013695
vn 0.1666475 -0.5334055 0.8292811
vn 0.2447086 -0.1700292 0.9545720
vn 0.9619610 -0.0685118 0.2644562
vn 0.4778519 -0.8433764 0.2457109
vn 0.0846523 -0.1139647 0.9898717
vn 0.5645404 -0.7586425 0.3252009
vn 0.5645475 -0.7600320 0.3219277
vn 0.0000000 0.0000000 1.0000000
vn 0.3605476 -0.2380561 0.9018507
vn 0.3257802 -0.2268052 0.9178380
vn -0.7303381 0.5537530 0.3999548
vn 0.3950806 -0.4919239 -0.7758365
vn 0.8665295 0.4950065 -0.0639935
vn 0.3763776 0.0707653 -0.9237598
vn 0.4237895 0.0890811 -0.9013695
vn 0.0000000 0.3068575 -0.9517555
vn 0.8665295 0.4950065 -0.0639935
vn -0.0812410 0.0357711 -0.9960524
vn -0.6145190 0.7346147 -0.2875894
vn -0.7250666 0.5089257 0.4639752
vn -0.0812410 0.0357711 -0.9960524
vn 0.0000000 -0.1739464 0.9847551
vn 0.0000000 0.3068575 -0.9517555
vn -0.2119502 0.1081524 -0.9712776
vn 0.0000000 -0.1739464 0.9847551
vn 0.0000000 -0.1739464 0.9847551
vn 0.5645475 -0.7600320 0.3219277
vn 0.1666475 -0.5334055 0.8292811
vn 0.1666475 -0.5334055 0.8292811
vn 0.0865735 -0.8816044 0.4639813
vn 0.0019256 0.8835202 -0.4683891
vn -0.6574008 0.6528097 -0.3763822
vn 0.6449399 -0.6626185 0.3807746
vn 0.9054853 0.2028820 -0.3727401
vn 0.7628521 -0.5310906 -0.3687811
vn 0.0000010 -0.0000007 -1.0000000
vn 0.0000010 -0.0000007 -1.0000000
vn 0.7668898 -0.5426854 -0.3425968
vn 0.9202564 0.1997405 -0.3364993
vn 0.3257802 -0.2268052 0.9178380
vn 0.3605476 -0.2380561 0.9018507
vn 0.8042637 0.5940058 -0.0178066
vn 0.7784862 0.6273062 0.0211243
vn 0.6096455 -0.7586971 -0.2295890
vn 0.9768976 -0.1428416 0.1589571
vn 0.9619610 -0.0685118 0.2644562
vn 0.9768976 -0.1428416 0.1589571
vn 0.5951800 -0.7587281 0.2647497
vn 0.4778519 -0.8433764 0.2457109
vn -0.6145190 0.7346147 -0.2875894
vn 0.0844099 -0.8803628 0.4667295
vn 0.3073640 -0.3352195 0.8905926
vn 0.4883766 -0.1055590 0.8662249
vn -0.7250667 0.5089257 0.4639752
vn 0.9054853 0.2028820 -0.3727401
vn 0.1924281 0.5465292 -0.8150321
vn 0.9054853 0.2028820 -0.3727401
vn 0.1125504 0.9673652 -0.2270176
vn 0.1924280 0.5465292 -0.8150321
vn 0.2086576 0.5438268 -0.8128434
vn 0.0320457 0.9706950 -0.2381688
vn 0.1125504 0.9673652 -0.2270176
vn 0.9768976 -0.1428416 0.1589571
vn 0.6096455 -0.7586971 -0.2295890
vn 0.5951800 -0.7587281 0.2647497
vn 0.3763776 0.0707653 -0.9237598
vn 0.8697905 0.3143623 -0.3803169
vn 0.5651733 -0.7594928 -0.3221023
vn 0.1924280 0.5465292 -0.8150321
vn 0.1125504 0.9673652 -0.2270176
vn 0.8665295 0.4950065 -0.0639935
vn 0.9107044 0.4126767 0.0177620
vn 0.3073640 -0.3352195 0.8905926
vn 0.8151551 -0.5012420 0.2903077
vn 0.9054853 0.2028820 -0.3727401
vn 0.9107044 0.4126767 0.0177620
vn 0.4663012 -0.8262429 0.3160473
vn 0.3867459 -0.4433101 0.8086432
vn 0.2495034 -0.3672211 0.8960450
vn 0.0000000 0.0000000 1.0000000
vn 0.3257802 -0.2268052 0.9178380
vn 0.9202564 0.1997405 -0.3364993
vn 0.1666475 -0.5334055 0.8292811
vn 0.5645475 -0.7600320 0.3219277
vn 0.5651733 -0.7594928 -0.3221023
vn -0.1626692 0.4048566 0.8997943
vn -0.1791437 0.4168130 0.8911647
vn -0.1626692 0.4048566 0.8997943
vn 0.3374527 0.5257016 0.7808735
vn -0.7250666 0.5089257 0.4639753
vn 0.4883766 -0.1055590 0.8662249
vn 0.3950806 -0.4919239 -0.7758365
s 1
f 1/1/1 2/2/2 3/3/3
f 3/3/3 4/4/4 5/5/5
f 6/6/6 7/7/7 8/8/8
f 8/8/8 9/9/9 6/6/6
f 6/6/6 9/9/9 10/10/10
f 10/10/10 11/11/11 6/6/6
f 12/12/12 13/13/13 14/14/14
f 14/14/14 15/15/15 12/12/12
f 16/16/16 8/8/8 17/17/17
f 17/17/17 18/18/18 16/16/16
f 19/19/19 20/20/20 21/21/21
f 21/21/21 22/22/22 19/19/19
f 23/23/23 24/24/24 25/25/25
f 25/25/25 26/26/26 23/23/23
f 27/27/27 28/28/28 29/29/29
f 29/29/29 30/30/30 27/27/27
f 31/31/31 32/32/32 33/33/33
f 33/33/33 34/34/34 31/31/31
f 34/34/34 35/35/35 8/8/8
f 8/8/8 31/31/31 34/34/34
f 36/36/36 37/37/37 35/35/35
f 35/35/35 38/38/38 39/39/39
f 40/40/40 41/41/41 42/42/42
f 43/43/43 44/44/44 45/45/45
f 41/41/41 46/46/46 47/47/47
f 47/47/47 48/48/48 41/41/41
f 49/49/49 50/50/50 51/51/51
f 51/51/51 52/52/52 49/49/49
f 50/50/50 49/49/49 53/53/53
f 53/53/53 47/47/47 54/54/54
f 53/53/53 55/55/55 41/41/41
f 56/56/56 57/57/57 58/58/58
f 58/58/58 59/59/59 56/56/56
f 57/57/57 56/56/56 60/60/60
f 61/61/61 62/62/62 63/63/63
f 63/63/63 64/64/64 65/65/65
f 66/66/66 60/60/60 56/56/56
f 67/67/67 68/68/68 64/64/64
f 64/64/64 68/68/68 69/69/69
f 70/70/70 71/71/71 72/72/72
f 73/73/73 74/74/74 70/70/70
f 72/72/72 74/74/74 75/75/75
f 76/76/76 77/77/77 78/78/78
f 78/78/78 79/79/79 76/76/76
f 79/79/79 80/80/80 81/81/81
f 81/81/81 82/82/82 79/79/79
f 83/83/83 84/84/84 59/59/59
f 83/83/83 59/59/59 85/85/85
f 86/86/86 87/87/87 88/88/88
f 89/89/89 90/90/90 86/86/86
f 86/86/86 88/88/88 89/89/89
f 91/91/91 92/92/92 93/93/93
f 93/93/93 94/94/94 95/95/95
f 96/96/96 97/97/97 98/98/98
f 99/99/99 100/100/100 101/101/101
f 102/102/102 98/98/98 103/103/103
f 103/103/103 104/104/104 102/102/102
f 105/105/105 106/106/106 107/107/107
f 108/108/108 107/107/107 106/106/106
f 109/109/109 110/110/110 111/111/111
f 94/94/94 112/112/112 113/113/113
f 113/113/113 114/114/114 94/94/94
f 94/94/94 115/115/115 110/110/110
f 110/110/110 112/112/112 94/94/94
f 116/116/116 103/103/103 115/115/115
f 115/115/115 117/117/117 116/116/116
f 118/118/118 119/119/119 120/120/120
f 120/120/120 121/121/121 122/122/122
f 123/123/123 124/124/124 125/125/125
f 125/125/125 126/126/126 127/127/127
f 103/103/103 128/128/128 124/124/124
f 124/124/124 129/129/129 103/103/103
f 130/130/130 131/131/131 132/132/132
f 133/133/133 134/134/134 135/135/135
f 135/135/135 136/136/136 133/133/133
f 137/137/137 133/133/133 136/136/136
f 136/136/136 138/138/138 137/137/137
f 139/139/139 140/140/140 141/141/141
f 141/141/141 142/142/142 143/143/143
f 144/144/144 145/145/145 146/146/146
f 146/146/146 147/147/147 144/144/144
f 148/148/148 149/149/149 150/150/150
f 150/150/150 151/151/151 152/152/152
f 134/134/134 133/133/133 153/153/153
f 153/153/153 154/154/154 134/134/134
f 155/155/155 156/156/156 157/157/157
f 157/157/157 158/158/158 155/155/155
f 159/159/159 160/160/160 161/161/161
f 162/162/162 103/103/103 101/101/101
f 163/163/163 119/119/119 164/164/164
f 164/164/164 151/151/151 163/163/163
f 165/165/165 161/161/161 166/166/166
f 167/167/167 168/168/168 169/169/169
f 170/170/170 167/167/167 169/169/169
f 169/169/169 171/171/171 170/170/170
f 172/172/172 173/173/173 174/174/174
f 174/174/174 175/175/175 176/176/176
f 177/177/177 178/178/178 179/179/179
f 178/178/178 180/180/180 181/181/181
f 182/182/182 183/183/183 184/184/184
f 184/184/184 177/177/177 182/182/182
f 185/185/185 186/186/186 187/187/187
f 186/186/186 185/185/185 188/188/188
f 189/189/189 190/190/190 187/187/187
f 191/191/191 192/192/192 185/185/185
f 185/185/185 187/187/187 191/191/191
f 191/191/191 187/187/187 190/190/190
f 190/190/190 193/193/193 191/191/191
f 194/194/194 195/195/195 193/193/193
f 193/193/193 184/184/184 196/196/196
f 101/101/101 184/184/184 197/197/197
f 198/198/198 199/199/199 200/200/200
f 200/200/200 201/201/201 198/198/198
f 184/184/184 193/193/193 201/201/201
f 201/201/201 177/177/177 184/184/184
f 202/202/202 203/203/203 204/204/204
f 179/179/179 205/205/205 206/206/206
f 206/206/206 207/207/207 179/179/179
f 208/208/208 209/209/209 205/205/205
f 205/205/205 179/179/179 208/208/208
f 210/210/210 211/211/211 212/212/212
f 212/212/212 198/198/198 210/210/210
f 190/190/190 213/213/213 214/214/214
f 214/214/214 215/215/215 190/190/190
f 210/210/210 201/201/201 216/216/216
f 207/207/207 217/217/217 177/177/177
f 177/177/177 179/179/179 207/207/207
f 218/218/218 219/219/219 220/220/220
f 220/220/220 216/216/216 218/218/218
f 221/221/221 101/101/101 222/222/222
f 184/184/184 101/101/101 221/221/221
f 223/223/223 224/224/224 225/225/225
f 225/225/225 226/226/226 227/227/227
f 228/228/228 229/229/229 230/230/230
f 230/230/230 231/231/231 228/228/228
f 232/232/232 233/233/233 234/234/234
f 234/234/234 235/235/235 232/232/232
f 236/236/236 237/237/237 230/230/230
f 230/230/230 238/238/238 236/236/236
f 239/239/239 240/240/240 241/241/241
f 242/242/242 243/243/243 244/244/244
f 244/244/244 245/245/245 242/242/242
f 246/246/246 247/247/247 248/248/248
f 248/248/248 249/249/249 246/246/246
f 250/250/250 251/251/251 252/252/252
f 253/253/253 254/254/254 242/242/242
f 255/255/255 256/256/256 242/242/242
f 242/242/242 257/257/257 258/258/258
f 259/259/259 260/260/260 261/261/261
f 261/261/261 262/262/262 263/263/263
f 246/246/246 264/264/264 265/265/265
f 265/265/265 266/266/266 246/246/246
f 267/267/267 268/268/268 269/269/269
f 269/269/269 270/270/270 271/271/271
f 238/238/238 272/272/272 273/273/273
f 273/273/273 274/274/274 238/238/238
f 275/275/275 276/276/276 277/277/277
f 277/277/277 278/278/278 275/275/275
f 279/279/279 280/280/280 281/281/281
f 282/282/282 283/283/283 284/284/284
f 284/284/284 285/285/285 286/286/286
f 287/287/287 281/281/281 288/288/288
f 289/289/289 290/290/290 291/291/291
f 291/291/291 292/292/292 289/289/289
f 293/293/293 294/294/294 295/295/295
f 295/295/295 296/296/296 297/297/297
f 289/289/289 298/298/298 299/299/299
f 300/300/300 301/301/301 302/302/302
f 302/302/302 303/303/303 300/300/300
f 304/304/304 305/305/305 306/306/306
f 307/307/307 308/308/308 309/309/309
f 309/309/309 310/310/310 311/311/311
f 312/312/312 313/313/313 314/314/314
f 315/315/315 316/316/316 317/317/317
f 317/317/317 318/318/318 319/319/319
f 320/320/320 321/321/321 322/322/322
f 323/323/323 324/324/324 325/325/325
f 325/325/325 326/326/326 327/327/327
f 328/328/328 329/329/329 330/330/330
f 330/330/330 331/331/331 328/328/328
f 332/332/332 333/333/333 322/322/322
f 322/322/322 334/334/334 332/332/332
f 330/330/330 335/335/335 336/336/336
f 336/336/336 300/300/300 330/330/330
f 337/337/337 322/322/322 338/338/338
f 339/339/339 340/340/340 341/341/341
f 341/341/341 342/342/342 339/339/339
f 343/343/343 344/344/344 345/345/345
f 345/345/345 346/346/346 343/343/343
f 347/347/347 348/348/348 349/349/349
f 346/346/346 256/256/256 343/343/343
f 350/350/350 351/351/351 352/352/352
f 352/352/352 353/353/353 354/354/354
f 355/355/355 356/356/356 357/357/357
f 358/358/358 359/359/359 360/360/360
f 360/360/360 361/361/361 358/358/358
f 362/362/362 363/363/363 364/364/364
f 364/364/364 365/365/365 366/366/366
f 367/367/367 368/368/368 369/369/369
f 356/356/356 370/370/370 371/371/371
f 365/365/365 372/372/372 373/373/373
f 373/373/373 374/374/374 365/365/365
f 375/375/375 290/290/290 376/376/376
f 377/377/377 378/378/378 379/379/379
f 380/380/380 381/381/381 382/382/382
f 382/382/382 383/383/383 384/384/384
f 385/385/385 348/348/348 386/386/386
f 386/386/386 387/387/387 385/385/385
f 388/388/388 389/389/389 330/330/330
f 390/390/390 391/391/391 392/392/392
f 392/392/392 393/393/393 394/394/394
f 395/395/395 396/396/396 397/397/397
f 398/398/398 397/397/397 399/399/399
f 385/385/385 400/400/400 348/348/348
f 401/401/401 402/402/402 403/403/403
f 403/403/403 399/399/399 401/401/401
f 404/404/404 405/405/405 406/406/406
f 406/406/406 407/407/407 408/408/408
f 399/399/399 403/403/403 405/405/405
f 405/405/405 408/408/408 399/399/399
f 409/409/409 410/410/410 411/411/411
f 412/412/412 413/413/413 410/410/410
f 410/410/410 409/409/409 412/412/412
f 414/414/414 415/415/415 416/416/416
f 416/416/416 417/417/417 414/414/414
f 418/418/418 419/419/419 411/411/411
f 411/411/411 420/420/420 418/418/418
f 421/421/421 422/422/422 409/409/409
f 409/409/409 411/411/411 421/421/421
f 420/420/420 411/411/411 417/417/417
f 423/423/423 424/424/424 425/425/425
f 425/425/425 426/426/426 423/423/423
f 427/427/427 428/428/428 429/429/429
f 430/430/430 431/431/431 432/432/432
f 433/433/433 434/434/434 435/435/435
f 435/435/435 436/436/436 433/433/433
f 437/437/437 438/438/438 439/439/439
f 439/439/439 440/440/440 437/437/437
f 441/441/441 442/442/442 443/443/443
f 443/443/443 444/444/444 441/441/441
f 445/445/445 446/446/446 447/447/447
f 447/447/447 448/448/448 445/445/445
f 449/449/449 450/450/450 451/451/451
f 452/452/452 453/453/453 454/454/454
f 449/449/449 455/455/455 456/456/456
f 456/456/456 457/457/457 449/449/449
f 458/458/458 459/459/459 460/460/460
f 461/461/461 462/462/462 463/463/463
f 464/464/464 465/465/465 466/466/466
f 467/467/467 468/468/468 469/469/469
f 470/470/470 471/471/471 472/472/472
f 472/472/472 473/473/473 470/470/470
f 466/466/466 474/474/474 475/475/475
f 475/475/475 476/476/476 466/466/466
f 477/477/477 478/478/478 479/479/479
f 479/479/479 480/480/480 481/481/481
f 482/482/482 483/483/483 484/484/484
f 484/484/484 485/485/485 486/486/486
f 487/487/487 488/488/488 485/485/485
f 489/489/489 490/490/490 491/491/491
f 491/491/491 492/492/492 489/489/489
f 493/493/493 487/487/487 494/494/494
f 495/495/495 496/496/496 497/497/497
f 497/497/497 498/498/498 495/495/495
f 499/499/499 500/500/500 501/501/501
f 501/501/501 502/502/502 499/499/499
f 503/503/503 504/504/504 495/495/495
f 505/505/505 506/506/506 507/507/507
f 507/507/507 508/508/508 505/505/505
f 509/509/509 510/510/510 511/511/511
f 512/512/512 513/513/513 514/514/514
f 514/514/514 515/515/515 512/512/512
f 516/516/516 511/511/511 517/517/517
f 518/518/518 519/519/519 520/520/520
f 520/520/520 521/521/521 518/518/518
f 509/509/509 522/522/522 523/523/523
f 524/524/524 525/525/525 526/526/526
f 526/526/526 527/527/527 524/524/524
f 528/528/528 529/529/529 530/530/530
f 530/530/530 531/531/531 532/532/532
f 533/533/533 534/534/534 535/535/535
f 535/535/535 536/536/536 533/533/533
f 537/537/537 538/538/538 539/539/539
f 539/539/539 540/540/540 537/537/537
f 522/522/522 535/535/535 541/541/541
f 542/542/542 543/543/543 544/544/544
f 544/544/544 545/545/545 546/546/546
f 547/547/547 548/548/548 549/549/549
f 549/549/549 550/550/550 547/547/547
f 551/551/551 552/552/552 553/553/553
f 554/554/554 539/539/539 555/555/555
f 556/556/556 557/557/557 558/558/558
f 558/558/558 559/559/559 560/560/560
f 561/561/561 562/562/562 563/563/563
f 564/564/564 565/565/565 566/566/566
f 566/566/566 567/567/567 568/568/568
f 567/567/567 569/569/569 570/570/570
f 570/570/570 571/571/571 567/567/567
f 496/496/496 572/572/572 573/573/573
f 569/569/569 574/574/574 575/575/575
f 575/575/575 576/576/576 577/577/577
f 578/578/578 579/579/579 580/580/580
f 581/581/581 582/582/582 583/583/583
f 583/583/583 584/584/584 581/581/581
f 585/585/585 586/586/586 587/587/587
f 587/587/587 588/588/588 589/589/589
f 590/590/590 591/591/591 592/592/592
f 592/592/592 593/593/593 594/594/594
f 595/595/595 596/596/596 597/597/597
f 597/597/597 598/598/598 595/595/595
f 599/599/599 600/600/600 601/601/601
f 601/601/601 602/602/602 599/599/599
f 603/603/603 604/604/604 605/605/605
f 605/605/605 606/606/606 603/603/603
f 607/607/607 608/608/608 609/609/609
f 609/609/609 610/610/610 611/611/611
f 612/612/612 613/613/613 614/614/614
f 615/615/615 616/616/616 617/617/617
f 618/618/618 619/619/619 620/620/620
f 621/621/621 622/622/622 623/623/623
f 624/624/624 625/625/625 626/626/626
f 626/626/626 627/627/627 628/628/628
f 629/629/629 630/630/630 631/631/631
f 629/629/629 631/631/631 617/617/617
f 617/617/617 632/632/632 629/629/629
f 633/633/633 634/634/634 635/635/635
f 635/635/635 636/636/636 633/633/633
f 637/637/637 638/638/638 639/639/639
f 640/640/640 641/641/641 642/642/642
f 642/642/642 643/643/643 640/640/640
f 644/644/644 645/645/645 646/646/646
f 646/646/646 647/647/647 644/644/644
f 648/648/648 649/649/649 650/650/650
f 651/651/651 652/652/652 653/653/653
f 654/654/654 623/623/623 655/655/655
f 656/656/656 657/657/657 658/658/658
f 659/659/659 660/660/660 623/623/623
f 660/660/660 661/661/661 662/662/662
f 662/662/662 623/623/623 660/660/660
f 623/623/623 663/663/663 664/664/664
f 664/664/664 665/665/665 623/623/623
f 666/666/666 667/667/667 668/668/668
f 669/669/669 623/623/623 670/670/670
f 671/671/671 672/672/672 673/673/673
f 673/673/673 674/674/674 671/671/671
f 675/675/675 676/676/676 677/677/677
f 677/677/677 678/678/678 675/675/675
f 679/679/679 680/680/680 681/681/681
f 681/681/681 682/682/682 679/679/679
f 683/683/683 684/684/684 685/685/685
f 685/685/685 686/686/686 683/683/683
f 687/687/687 688/688/688 689/689/689
f 690/690/690 658/658/658 691/691/691
f 692/692/692 693/693/693 694/694/694
f 695/695/695 623/623/623 696/696/696
f 696/696/696 697/697/697 695/695/695
f 698/698/698 699/699/699 700/700/700
f 701/701/701 702/702/702 703/703/703
f 703/703/703 704/704/704 701/701/701
f 705/705/705 706/706/706 675/675/675
f 675/675/675 707/707/707 705/705/705
f 708/708/708 709/709/709 710/710/710
f 710/710/710 658/658/658 708/708/708
f 711/711/711 712/712/712 713/713/713
f 714/714/714 715/715/715 716/716/716
f 716/716/716 717/717/717 718/718/718
f 719/719/719 720/720/720 721/721/721
f 721/721/721 722/722/722 723/723/723
f 724/724/724 725/725/725 726/726/726
f 726/726/726 727/727/727 724/724/724
f 728/728/728 729/729/729 730/730/730
f 730/730/730 731/731/731 732/732/732
f 733/733/733 734/734/734 735/735/735
f 735/735/735 736/736/736 733/733/733
f 737/737/737 738/738/738 711/711/711
f 711/711/711 739/739/739 737/737/737
f 740/740/740 741/741/741 742/742/742
f 743/743/743 744/744/744 697/697/697
f 745/745/745 746/746/746 747/747/747
f 623/623/623 748/748/748 749/749/749
f 715/715/715 750/750/750 720/720/720
f 720/720/720 751/751/751 715/715/715
f 752/752/752 753/753/753 754/754/754
f 754/754/754 755/755/755 752/752/752
f 756/756/756 757/757/757 758/758/758
f 759/759/759 760/760/760 761/761/761
f 762/762/762 763/763/763 740/740/740
f 764/764/764 765/765/765 766/766/766
f 725/725/725 736/736/736 735/735/735
f 735/735/735 726/726/726 725/725/725
f 766/766/766 765/765/765 767/767/767
f 768/768/768 769/769/769 736/736/736
f 736/736/736 725/725/725 768/768/768
f 726/726/726 735/735/735 770/770/770
f 770/770/770 771/771/771 726/726/726
f 772/772/772 773/773/773 720/720/720
f 720/720/720 774/774/774 772/772/772
f 775/775/775 776/776/776 777/777/777
f 777/777/777 778/778/778 775/775/775
f 779/779/779 780/780/780 781/781/781
f 715/715/715 782/782/782 783/783/783
f 783/783/783 784/784/784 715/715/715
f 785/785/785 786/786/786 787/787/787
f 787/787/787 788/788/788 785/785/785
f 786/786/786 789/789/789 790/790/790
f 790/790/790 787/787/787 786/786/786
f 791/791/791 792/792/792 793/793/793
f 794/794/794 795/795/795 796/796/796
f 796/796/796 797/797/797 798/798/798
f 799/799/799 800/800/800 801/801/801
f 802/802/802 803/803/803 804/804/804
f 804/804/804 805/805/805 806/806/806
f 805/805/805 807/807/807 808/808/808
f 808/808/808 809/809/809 805/805/805
f 810/810/810 811/811/811 812/812/812
f 813/813/813 814/814/814 815/815/815
f 816/816/816 817/817/817 803/803/803
f 803/803/803 818/818/818 816/816/816
f 819/819/819 820/820/820 821/821/821
f 821/821/821 822/822/822 819/819/819
f 822/822/822 823/823/823 824/824/824
f 824/824/824 819/819/819 822/822/822
f 825/825/825 826/826/826 827/827/827
f 828/828/828 829/829/829 830/830/830
f 830/830/830 831/831/831 832/832/832
f 833/833/833 834/834/834 835/835/835
f 835/835/835 836/836/836 833/833/833
f 837/837/837 838/838/838 839/839/839
f 839/839/839 840/840/840 841/841/841
f 842/842/842 843/843/843 844/844/844
f 844/844/844 845/845/845 842/842/842
f 846/846/846 847/847/847 848/848/848
f 848/848/848 849/849/849 850/850/850
f 851/851/851 852/852/852 853/853/853
f 853/853/853 854/854/854 855/855/855
f 856/856/856 857/857/857 858/858/858
f 858/858/858 859/859/859 856/856/856
f 860/860/860 861/861/861 862/862/862
f 862/862/862 863/863/863 860/860/860
f 864/864/864 865/865/865 579/579/579
f 848/848/848 866/866/866 867/867/867
f 867/867/867 868/868/868 848/848/848
f 869/869/869 870/870/870 871/871/871
f 872/872/872 873/873/873 874/874/874
f 874/874/874 875/875/875 872/872/872
f 876/876/876 877/877/877 878/878/878
f 878/878/878 879/879/879 880/880/880
f 880/880/880 876/876/876 878/878/878
f 881/881/881 882/882/882 883/883/883
f 883/883/883 884/884/884 885/885/885
f 886/886/886 887/887/887 884/884/884
f 888/888/888 847/847/847 889/889/889
f 889/889/889 890/890/890 888/888/888
f 891/891/891 831/831/831 892/892/892
f 892/892/892 893/893/893 894/894/894
f 895/895/895 896/896/896 897/897/897
f 831/831/831 894/894/894 898/898/898
f 898/898/898 899/899/899 831/831/831
f 900/900/900 869/869/869 901/901/901
f 902/902/902 903/903/903 904/904/904
f 904/904/904 905/905/905 902/902/902
f 906/906/906 907/907/907 908/908/908
f 908/908/908 902/902/902 906/906/906
f 909/909/909 910/910/910 911/911/911
f 911/911/911 912/912/912 909/909/909
f 869/869/869 913/913/913 914/914/914
f 914/914/914 915/915/915 869/869/869
f 916/916/916 848/848/848 847/847/847
f 847/847/847 888/888/888 916/916/916
f 901/901/901 869/869/869 917/917/917
f 918/918/918 919/919/919 920/920/920
f 920/920/920 921/921/921 918/918/918
f 922/922/922 923/923/923 924/924/924
f 924/924/924 925/925/925 922/922/922
f 926/926/926 927/927/927 928/928/928
f 928/928/928 929/929/929 930/930/930
f 931/931/931 906/906/906 902/902/902
f 902/902/902 932/932/932 931/931/931
f 933/933/933 934/934/934 935/935/935
f 935/935/935 936/936/936 937/937/937
f 938/938/938 939/939/939 940/940/940
f 941/941/941 942/942/942 943/943/943
f 944/944/944 945/945/945 940/940/940
f 940/940/940 869/869/869 944/944/944
f 923/923/923 922/922/922 946/946/946
f 946/946/946 947/947/947 923/923/923
f 947/947/947 948/948/948 949/949/949
f 949/949/949 923/923/923 950/950/950
f 951/951/951 946/946/946 922/922/922
f 922/922/922 952/952/952 951/951/951
f 953/953/953 954/954/954 955/955/955
f 955/955/955 956/956/956 953/953/953
f 957/957/957 958/958/958 959/959/959
f 960/960/960 961/961/961 962/962/962
f 962/962/962 963/963/963 964/964/964
f 965/965/965 966/966/966 967/967/967
f 967/967/967 968/968/968 965/965/965
f 969/969/969 970/970/970 971/971/971
f 971/971/971 972/972/972 973/973/973
f 974/974/974 858/858/858 975/975/975
f 976/976/976 977/977/977 978/978/978
f 978/978/978 979/979/979 976/976/976
f 980/980/980 981/981/981 957/957/957
f 982/982/982 983/983/983 984/984/984
f 985/985/985 986/986/986 940/940/940
f 987/987/987 988/988/988 989/989/989
f 990/990/990 991/991/991 869/869/869
f 992/992/992 993/993/993 968/968/968
f 968/968/968 994/994/994 992/992/992
f 995/995/995 996/996/996 977/977/977
f 977/977/977 997/997/997 995/995/995
f 998/998/998 999/999/999 1000/1000/1000
f 940/940/940 986/986/986 989/989/989
f 984/984/984 1001/1001/1001 1002/1002/1002
f 1003/1003/1003 1004/1004/1004 1005/1005/1005
f 1006/1006/1006 1007/1007/1007 1008/1008/1008
f 1009/1009/1009 1010/1010/1010 1011/1011/1011
f 1012/1012/1012 1013/1013/1013 1014/1014/1014
f 1011/1011/1011 1015/1015/1015 1016/1016/1016
f 1017/1017/1017 1016/1016/1016 1018/1018/1018
f 1019/1019/1019 1020/1020/1020 1021/1021/1021
f 1012/1012/1012 1022/1022/1022 1023/1023/1023
f 1024/1024/1024 1025/1025/1025 1026/1026/1026
f 1027/1027/1027 1021/1021/1021 1028/1028/1028
f 1029/1029/1029 1030/1030/1030 1012/1012/1012
f 1031/1031/1031 1032/1032/1032 1033/1033/1033
f 1034/1034/1034 1035/1035/1035 1036/1036/1036
f 1037/1037/1037 1038/1038/1038 1039/1039/1039
f 1040/1040/1040 1041/1041/1041 1034/1034/1034
f 1040/1040/1040 1042/1042/1042 1038/1038/1038
f 1030/1030/1030 1021/1021/1021 1012/1012/1012
f 1043/1043/1043 1044/1044/1044 1045/1045/1045
f 1046/1046/1046 1041/1041/1041 1038/1038/1038
f 1047/1047/1047 1034/1034/1034 1048/1048/1048
f 1043/1043/1043 1045/1045/1045 1012/1012/1012
f 1043/1043/1043 1021/1021/1021 1049/1049/1049
f 1050/1050/1050 1051/1051/1051 1052/1052/1052
f 1053/1053/1053 1054/1054/1054 1055/1055/1055
f 1056/1056/1056 1057/1057/1057 1058/1058/1058
f 1059/1059/1059 1060/1060/1060 1061/1061/1061
f 1062/1062/1062 1063/1063/1063 1064/1064/1064
f 1065/1065/1065 1066/1066/1066 1067/1067/1067
f 1067/1067/1067 1068/1068/1068 1065/1065/1065
f 1069/1069/1069 1070/1070/1070 1071/1071/1071
f 1071/1071/1071 1072/1072/1072 1069/1069/1069
f 1071/1071/1071 1073/1073/1073 1072/1072/1072
f 1074/1074/1074 1070/1070/1070 1069/1069/1069
f 1069/1069/1069 1075/1075/1075 1074/1074/1074
f 1076/1076/1076 1077/1077/1077 1078/1078/1078
f 1078/1078/1078 1079/1079/1079 1080/1080/1080
f 1077/1077/1077 1081/1081/1081 1082/1082/1082
f 1083/1083/1083 1084/1084/1084 1085/1085/1085
f 1086/1086/1086 1087/1087/1087 1081/1081/1081
f 1088/1088/1088 1089/1089/1089 1090/1090/1090
f 1091/1091/1091 1092/1092/1092 1093/1093/1093
f 1094/1094/1094 1095/1095/1095 1096/1096/1096
f 1097/1097/1097 1095/1095/1095 1098/1098/1098
f 1099/1099/1099 1081/1081/1081 1100/1100/1100
f 1101/1101/1101 1095/1095/1095 1102/1102/1102
f 1102/1102/1102 1081/1081/1081 1103/1103/1103
f 1104/1104/1104 1105/1105/1105 1106/1106/1106
f 1099/1099/1099 1100/1100/1100 1107/1107/1107
f 1108/1108/1108 1109/1109/1109 1110/1110/1110
f 1104/1104/1104 1081/1081/1081 1102/1102/1102
f 1102/1102/1102 1111/1111/1111 1112/1112/1112
f 1113/1113/1113 1114/1114/1114 1115/1115/1115
f 1116/1116/1116 1117/1117/1117 1118/1118/1118
f 1118/1118/1118 1119/1119/1119 1120/1120/1120
f 1121/1121/1121 1118/1118/1118 1122/1122/1122
f 1122/1122/1122 1123/1123/1123 1124/1124/1124
f 1121/1121/1121 1125/1125/1125 1124/1124/1124
f 1126/1126/1126 1121/1121/1121 1127/1127/1127
f 1127/1127/1127 1128/1128/1128 1129/1129/1129
f 1129/1129/1129 1130/1130/1130 1131/1131/1131
f 1131/1131/1131 1132/1132/1132 1129/1129/1129
f 1130/1130/1130 1133/1133/1133 1134/1134/1134
f 1134/1134/1134 1131/1131/1131 1130/1130/1130
f 1134/1134/1134 1133/1133/1133 1135/1135/1135
f 1135/1135/1135 1136/1136/1136 1134/1134/1134
f 1137/1137/1137 1138/1138/1138 1139/1139/1139
f 1139/1139/1139 1140/1140/1140 1137/1137/1137
f 1141/1141/1141 1137/1137/1137 1142/1142/1142
f 1142/1142/1142 1143/1143/1143 1141/1141/1141
f 1144/1144/1144 1141/1141/1141 1145/1145/1145
f 1145/1145/1145 1146/1146/1146 1144/1144/1144
f 1147/1147/1147 1148/1148/1148 1149/1149/1149
f 1149/1149/1149 1150/1150/1150 1147/1147/1147
f 1148/1148/1148 1151/1151/1151 1152/1152/1152
f 1152/1152/1152 1149/1149/1149 1148/1148/1148
f 1153/1153/1153 1154/1154/1154 1155/1155/1155
f 1155/1155/1155 1156/1156/1156 1153/1153/1153
f 1157/1157/1157 1158/1158/1158 1159/1159/1159
f 1159/1159/1159 1155/1155/1155 1157/1157/1157
f 1158/1158/1158 1160/1160/1160 1161/1161/1161
f 1161/1161/1161 1159/1159/1159 1158/1158/1158
f 1162/1162/1162 1163/1163/1163 1164/1164/1164
f 1164/1164/1164 1134/1134/1134 1165/1165/1165
f 1131/1131/1131 1134/1134/1134 1166/1166/1166
f 1166/1166/1166 1167/1167/1167 1131/1131/1131
f 1132/1132/1132 1131/1131/1131 1168/1168/1168
f 1168/1168/1168 1169/1169/1169 1132/1132/1132
f 1170/1170/1170 1171/1171/1171 1172/1172/1172
f 1172/1172/1172 1161/1161/1161 1173/1173/1173
f 1171/1171/1171 1174/1174/1174 1175/1175/1175
f 1175/1175/1175 1172/1172/1172 1176/1176/1176
f 1174/1174/1174 1177/1177/1177 1178/1178/1178
f 1178/1178/1178 1175/1175/1175 1174/1174/1174
f 1177/1177/1177 1179/1179/1179 1180/1180/1180
f 1180/1180/1180 1178/1178/1178 1177/1177/1177
f 1181/1181/1181 1180/1180/1180 1179/1179/1179
f 1179/1179/1179 1114/1114/1114 1181/1181/1181
f 1182/1182/1182 1181/1181/1181 1114/1114/1114
f 1114/1114/1114 1183/1183/1183 1182/1182/1182
f 1184/1184/1184 1182/1182/1182 1183/1183/1183
f 1183/1183/1183 1185/1185/1185 1184/1184/1184
f 1186/1186/1186 1184/1184/1184 1185/1185/1185
f 1185/1185/1185 1187/1187/1187 1186/1186/1186
f 1188/1188/1188 1186/1186/1186 1187/1187/1187
f 1187/1187/1187 1189/1189/1189 1188/1188/1188
f 1141/1141/1141 1190/1190/1190 1191/1191/1191
f 1191/1191/1191 1192/1192/1192 1141/1141/1141
f 1137/1137/1137 1141/1141/1141 1192/1192/1192
f 1192/1192/1192 1193/1193/1193 1137/1137/1137
f 1193/1193/1193 1194/1194/1194 1195/1195/1195
f 1195/1195/1195 1137/1137/1137 1193/1193/1193
f 1196/1196/1196 1197/1197/1197 1198/1198/1198
f 1198/1198/1198 1199/1199/1199 1196/1196/1196
f 1196/1196/1196 1199/1199/1199 1200/1200/1200
f 1200/1200/1200 1201/1201/1201 1196/1196/1196
f 1200/1200/1200 1202/1202/1202 1203/1203/1203
f 1203/1203/1203 1201/1201/1201 1200/1200/1200
f 1204/1204/1204 1205/1205/1205 1206/1206/1206
f 1206/1206/1206 1207/1207/1207 1204/1204/1204
f 1205/1205/1205 1208/1208/1208 1209/1209/1209
f 1209/1209/1209 1210/1210/1210 1211/1211/1211
f 1205/1205/1205 1209/1209/1209 1211/1211/1211
f 1208/1208/1208 1212/1212/1212 1213/1213/1213
f 1213/1213/1213 1214/1214/1214 1208/1208/1208
f 1215/1215/1215 1216/1216/1216 1217/1217/1217
f 1217/1217/1217 1192/1192/1192 1215/1215/1215
f 1192/1192/1192 1218/1218/1218 1219/1219/1219
f 1219/1219/1219 1193/1193/1193 1192/1192/1192
f 1193/1193/1193 1220/1220/1220 1221/1221/1221
f 1221/1221/1221 1194/1194/1194 1193/1193/1193
f 1222/1222/1222 1223/1223/1223 1224/1224/1224
f 1224/1224/1224 1225/1225/1225 1222/1222/1222
f 1226/1226/1226 1201/1201/1201 1227/1227/1227
f 1227/1227/1227 1228/1228/1228 1226/1226/1226
f 1201/1201/1201 1229/1229/1229 1230/1230/1230
f 1230/1230/1230 1231/1231/1231 1201/1201/1201
f 1222/1222/1222 1232/1232/1232 1233/1233/1233
f 1233/1233/1233 1234/1234/1234 1222/1222/1222
f 1234/1234/1234 1235/1235/1235 1236/1236/1236
f 1236/1236/1236 1237/1237/1237 1234/1234/1234
f 1237/1237/1237 1238/1238/1238 1239/1239/1239
f 1239/1239/1239 1240/1240/1240 1237/1237/1237
f 1241/1241/1241 1242/1242/1242 1243/1243/1243
f 1243/1243/1243 1244/1244/1244 1245/1245/1245
f 1244/1244/1244 1148/1148/1148 1246/1246/1246
f 1246/1246/1246 1247/1247/1247 1244/1244/1244
f 1148/1148/1148 1248/1248/1248 1249/1249/1249
f 1249/1249/1249 1250/1250/1250 1148/1148/1148
f 1251/1251/1251 1252/1252/1252 1244/1244/1244
f 1244/1244/1244 1243/1243/1243 1251/1251/1251
f 1253/1253/1253 1114/1114/1114 1254/1254/1254
f 1254/1254/1254 1114/1114/1114 1255/1255/1255
f 1255/1255/1255 1114/1114/1114 1256/1256/1256
f 1256/1256/1256 1114/1114/1114 1257/1257/1257
f 1257/1257/1257 1114/1114/1114 1258/1258/1258
f 1258/1258/1258 1114/1114/1114 1113/1113/1113
f 1259/1259/1259 1114/1114/1114 1260/1260/1260
f 1260/1260/1260 1114/1114/1114 1261/1261/1261
f 1261/1261/1261 1114/1114/1114 1262/1262/1262
f 1263/1263/1263 1264/1264/1264 1265/1265/1265
f 1265/1265/1265 1264/1264/1264 1214/1214/1214
f 1214/1214/1214 1266/1266/1266 1265/1265/1265
f 1267/1267/1267 1268/1268/1268 1209/1209/1209
f 1209/1209/1209 1269/1269/1269 1267/1267/1267
f 1270/1270/1270 1271/1271/1271 1272/1272/1272
f 1273/1273/1273 1274/1274/1274 1275/1275/1275
f 1275/1275/1275 1276/1276/1276 1273/1273/1273
f 1277/1277/1277 1278/1278/1278 1279/1279/1279
f 1279/1279/1279 1280/1280/1280 1277/1277/1277
f 1281/1281/1281 1282/1282/1282 1283/1283/1283
f 1284/1284/1284 1285/1285/1285 1286/1286/1286
f 1287/1287/1287 1288/1288/1288 1289/1289/1289
f 1289/1289/1289 579/579/579 1290/1290/1290
f 1291/1291/1291 1292/1292/1292 1293/1293/1293
f 1294/1294/1294 1295/1295/1295 1296/1296/1296
f 1297/1297/1297 1294/1294/1294 1298/1298/1298
f 1298/1298/1298 1299/1299/1299 1297/1297/1297
f 1300/1300/1300 1301/1301/1301 1302/1302/1302
f 1303/1303/1303 1304/1304/1304 1305/1305/1305
f 1306/1306/1306 1307/1307/1307 1297/1297/1297
f 1304/1304/1304 1308/1308/1308 1309/1309/1309
f 1309/1309/1309 1310/1310/1310 1304/1304/1304
f 1311/1311/1311 1312/1312/1312 1313/1313/1313
f 1313/1313/1313 1294/1294/1294 1314/1314/1314
f 1315/1315/1315 1316/1316/1316 1317/1317/1317
f 1318/1318/1318 1319/1319/1319 1304/1304/1304
f 1320/1320/1320 1321/1321/1321 1294/1294/1294
f 1322/1322/1322 1308/1308/1308 1304/1304/1304
f 1304/1304/1304 1323/1323/1323 1322/1322/1322
f 1324/1324/1324 1325/1325/1325 1326/1326/1326
f 1322/1322/1322 1323/1323/1323 1297/1297/1297
f 1297/1297/1297 1327/1327/1327 1322/1322/1322
f 1328/1328/1328 1329/1329/1329 1323/1323/1323
f 1323/1323/1323 1304/1304/1304 1330/1330/1330
f 1327/1327/1327 1316/1316/1316 1331/1331/1331
f 1297/1297/1297 1320/1320/1320 1294/1294/1294
f 1332/1332/1332 1333/1333/1333 1334/1334/1334
f 1335/1335/1335 1336/1336/1336 1337/1337/1337
f 1338/1338/1338 1339/1339/1339 1340/1340/1340
f 1341/1341/1341 1342/1342/1342 1343/1343/1343
f 1343/1343/1343 1344/1344/1344 1345/1345/1345
f 1346/1346/1346 1347/1347/1347 1348/1348/1348
f 1349/1349/1349 1350/1350/1350 1351/1351/1351
f 1352/1352/1352 1353/1353/1353 1354/1354/1354
f 1354/1354/1354 1355/1355/1355 1356/1356/1356
f 1357/1357/1357 1358/1358/1358 1359/1359/1359
f 1359/1359/1359 1360/1360/1360 1361/1361/1361
f 1348/1348/1348 1362/1362/1362 1363/1363/1363
f 1364/1364/1364 1365/1365/1365 1366/1366/1366
f 1367/1367/1367 1368/1368/1368 1369/1369/1369
f 1370/1370/1370 1371/1371/1371 1366/1366/1366
f 1372/1372/1372 1373/1373/1373 1366/1366/1366
f 1360/1360/1360 1374/1374/1374 1353/1353/1353
f 1353/1353/1353 1372/1372/1372 1360/1360/1360
f 1375/1375/1375 1376/1376/1376 1377/1377/1377
f 1378/1378/1378 1379/1379/1379 1380/1380/1380
f 1380/1380/1380 1381/1381/1381 1382/1382/1382
f 1382/1382/1382 1383/1383/1383 1384/1384/1384
f 1384/1384/1384 1379/1379/1379 1382/1382/1382
f 1385/1385/1385 1386/1386/1386 1387/1387/1387
f 1388/1388/1388 1377/1377/1377 1389/1389/1389
f 1390/1390/1390 1391/1391/1391 1392/1392/1392
f 1388/1388/1388 1393/1393/1393 1394/1394/1394
f 1386/1386/1386 1395/1395/1395 1392/1392/1392
f 1371/1371/1371 1390/1390/1390 1392/1392/1392
f 1396/1396/1396 1397/1397/1397 1398/1398/1398
f 1396/1396/1396 1394/1394/1394 1397/1397/1397
f 1399/1399/1399 1400/1400/1400 1401/1401/1401
f 1401/1401/1401 1402/1402/1402 1403/1403/1403
f 1404/1404/1404 1405/1405/1405 1406/1406/1406
f 1407/1407/1407 1408/1408/1408 1409/1409/1409
f 1409/1409/1409 1410/1410/1410 1411/1411/1411
f 1412/1412/1412 1409/1409/1409 1413/1413/1413
f 1413/1413/1413 1414/1414/1414 1412/1412/1412
f 1415/1415/1415 1416/1416/1416 1400/1400/1400
f 1400/1400/1400 1417/1417/1417 1415/1415/1415
f 1417/1417/1417 1411/1411/1411 1418/1418/1418
f 1418/1418/1418 1415/1415/1415 1417/1417/1417
f 1419/1419/1419 1420/1420/1420 1414/1414/1414
f 1414/1414/1414 1421/1421/1421 1422/1422/1422
f 1405/1405/1405 1423/1423/1423 1424/1424/1424
f 1406/1406/1406 1405/1405/1405 1425/1425/1425
f 1426/1426/1426 1427/1427/1427 1428/1428/1428
f 1428/1428/1428 1429/1429/1429 1430/1430/1430
f 1428/1428/1428 1430/1430/1430 1431/1431/1431
f 1432/1432/1432 1433/1433/1433 1405/1405/1405
f 1429/1429/1429 1428/1428/1428 1434/1434/1434
f 1433/1433/1433 1409/1409/1409 1405/1405/1405
f 1428/1428/1428 1435/1435/1435 1436/1436/1436
f 1428/1428/1428 1436/1436/1436 1426/1426/1426
f 1409/1409/1409 1423/1423/1423 1405/1405/1405
f 1437/1437/1437 1438/1438/1438 1439/1439/1439
f 1439/1439/1439 1440/1440/1440 1437/1437/1437
f 1441/1441/1441 1442/1442/1442 1443/1443/1443
f 1443/1443/1443 1444/1444/1444 1441/1441/1441
f 1442/1442/1442 1445/1445/1445 1446/1446/1446
f 1446/1446/1446 1447/1447/1447 1448/1448/1448
f 1438/1438/1438 1449/1449/1449 1450/1450/1450
f 1450/1450/1450 1439/1439/1439 1438/1438/1438
f 1449/1449/1449 1451/1451/1451 1452/1452/1452
f 1453/1453/1453 1454/1454/1454 1445/1445/1445
f 1445/1445/1445 1455/1455/1455 1453/1453/1453
f 1453/1453/1453 1455/1455/1455 1450/1450/1450
f 1450/1450/1450 1449/1449/1449 1453/1453/1453
f 1456/1456/1456 1457/1457/1457 1458/1458/1458
f 1459/1459/1459 1457/1457/1457 1460/1460/1460
f 1453/1453/1453 1449/1449/1449 1461/1461/1461
f 1462/1462/1462 1461/1461/1461 1463/1463/1463
f 1451/1451/1451 1464/1464/1464 1461/1461/1461
f 1465/1465/1465 1459/1459/1459 1450/1450/1450
f 1465/1465/1465 1450/1450/1450 1455/1455/1455
f 1466/1466/1466 1453/1453/1453 1461/1461/1461
f 1465/1465/1465 1456/1456/1456 1467/1467/1467
f 1465/1465/1465 1455/1455/1455 1458/1458/1458
f 1466/1466/1466 1461/1461/1461 1468/1468/1468
f 1469/1469/1469 1470/1470/1470 1471/1471/1471
f 1471/1471/1471 1472/1472/1472 1469/1469/1469
f 1473/1473/1473 1474/1474/1474 1475/1475/1475
f 1475/1475/1475 1476/1476/1476 1473/1473/1473
f 1477/1477/1477 1478/1478/1478 1479/1479/1479
f 1479/1479/1479 1480/1480/1480 1477/1477/1477
f 1481/1481/1481 1482/1482/1482 1483/1483/1483
f 1483/1483/1483 1484/1484/1484 1481/1481/1481
f 1485/1485/1485 1486/1486/1486 1487/1487/1487
f 1487/1487/1487 1488/1488/1488 1485/1485/1485
f 1487/1487/1487 1489/1489/1489 1490/1490/1490
f 1490/1490/1490 1477/1477/1477 1487/1487/1487
f 1491/1491/1491 1492/1492/1492 1493/1493/1493
f 1493/1493/1493 1473/1473/1473 1491/1491/1491
f 1494/1494/1494 1495/1495/1495 1496/1496/1496
f 1496/1496/1496 1497/1497/1497 1498/1498/1498
f 1489/1489/1489 1499/1499/1499 1500/1500/1500
f 1500/1500/1500 1501/1501/1501 1489/1489/1489
f 1502/1502/1502 1495/1495/1495 1473/1473/1473
f 1473/1473/1473 1503/1503/1503 1502/1502/1502
f 1502/1502/1502 1504/1504/1504 1505/1505/1505
f 1505/1505/1505 1495/1495/1495 1502/1502/1502
f 1506/1506/1506 1507/1507/1507 1508/1508/1508
f 1508/1508/1508 1498/1498/1498 1506/1506/1506
f 1509/1509/1509 1510/1510/1510 1511/1511/1511
f 1511/1511/1511 1507/1507/1507 1509/1509/1509
f 1507/1507/1507 1506/1506/1506 1512/1512/1512
f 1512/1512/1512 1513/1513/1513 1514/1514/1514
f 1515/1515/1515 1516/1516/1516 1517/1517/1517
f 1517/1517/1517 1481/1481/1481 1515/1515/1515
f 1506/1506/1506 1518/1518/1518 1519/1519/1519
f 1519/1519/1519 1520/1520/1520 1506/1506/1506
f 1519/1519/1519 1518/1518/1518 1481/1481/1481
f 1481/1481/1481 1521/1521/1521 1522/1522/1522
f 1523/1523/1523 1509/1509/1509 1524/1524/1524
f 1524/1524/1524 1513/1513/1513 1523/1523/1523
f 1498/1498/1498 1525/1525/1525 1518/1518/1518
f 1518/1518/1518 1506/1506/1506 1498/1498/1498
f 1481/1481/1481 1518/1518/1518 1525/1525/1525
f 1525/1525/1525 1526/1526/1526 1481/1481/1481
f 1527/1527/1527 1528/1528/1528 1529/1529/1529
f 1529/1529/1529 1530/1530/1530 1527/1527/1527
f 1531/1531/1531 1532/1532/1532 1533/1533/1533
f 1533/1533/1533 1534/1534/1534 1531/1531/1531
f 1535/1535/1535 1536/1536/1536 1537/1537/1537
f 1537/1537/1537 1538/1538/1538 1539/1539/1539
f 1540/1540/1540 1541/1541/1541 1542/1542/1542
f 1542/1542/1542 1543/1543/1543 1540/1540/1540
f 1538/1538/1538 1544/1544/1544 1545/1545/1545
f 1545/1545/1545 1539/1539/1539 1538/1538/1538
f 1546/1546/1546 1547/1547/1547 1538/1538/1538
f 1538/1538/1538 1548/1548/1548 1546/1546/1546
f 1549/1549/1549 1550/1550/1550 1551/1551/1551
f 1551/1551/1551 1552/1552/1552 1553/1553/1553
f 1554/1554/1554 1527/1527/1527 1555/1555/1555
f 1555/1555/1555 1556/1556/1556 1554/1554/1554
f 1557/1557/1557 1538/1538/1538 1547/1547/1547
f 1547/1547/1547 1558/1558/1558 1557/1557/1557
f 1552/1552/1552 1527/1527/1527 1559/1559/1559
f 1559/1559/1559 1560/1560/1560 1552/1552/1552
f 1554/1554/1554 1561/1561/1561 1562/1562/1562
f 1562/1562/1562 1527/1527/1527 1554/1554/1554
f 1563/1563/1563 1564/1564/1564 1565/1565/1565
f 1565/1565/1565 1566/1566/1566 1567/1567/1567
f 1567/1567/1567 1568/1568/1568 1569/1569/1569
f 1569/1569/1569 1564/1564/1564 1570/1570/1570
f 1571/1571/1571 1572/1572/1572 1573/1573/1573
f 1573/1573/1573 1574/1574/1574 1571/1571/1571
f 1541/1541/1541 1575/1575/1575 1576/1576/1576
f 1576/1576/1576 1542/1542/1542 1541/1541/1541
f 1577/1577/1577 1578/1578/1578 1579/1579/1579
f 1579/1579/1579 1580/1580/1580 1577/1577/1577
f 1542/1542/1542 1578/1578/1578 1577/1577/1577
f 1577/1577/1577 1581/1581/1581 1542/1542/1542
f 1573/1573/1573 1582/1582/1582 1583/1583/1583
f 1583/1583/1583 1574/1574/1574 1584/1584/1584
f 1578/1578/1578 1556/1556/1556 1566/1566/1566
f 1566/1566/1566 1585/1585/1585 1578/1578/1578
f 1556/1556/1556 1578/1578/1578 1542/1542/1542
f 1542/1542/1542 1576/1576/1576 1556/1556/1556
f 1586/1586/1586 1587/1587/1587 1588/1588/1588
f 1589/1589/1589 1590/1590/1590 1591/1591/1591
f 1592/1592/1592 1593/1593/1593 1594/1594/1594
f 1594/1594/1594 1589/1589/1589 1592/1592/1592
f 1595/1595/1595 1596/1596/1596 1597/1597/1597
f 1598/1598/1598 1599/1599/1599 1600/1600/1600
f 1601/1601/1601 1602/1602/1602 1603/1603/1603
f 1604/1604/1604 1605/1605/1605 1606/1606/1606
f 1606/1606/1606 1607/1607/1607 1608/1608/1608
f 1609/1609/1609 1610/1610/1610 1611/1611/1611
f 1611/1611/1611 1612/1612/1612 1609/1609/1609
f 1613/1613/1613 1614/1614/1614 1615/1615/1615
f 1616/1616/1616 1617/1617/1617 1599/1599/1599
f 1618/1618/1618 1619/1619/1619 1591/1591/1591
f 1613/1613/1613 1601/1601/1601 1617/1617/1617
f 1617/1617/1617 1620/1620/1620 1613/1613/1613
f 1621/1621/1621 1622/1622/1622 1623/1623/1623
f 1613/1613/1613 1624/1624/1624 1625/1625/1625
f 1625/1625/1625 1601/1601/1601 1613/1613/1613
f 1626/1626/1626 1601/1601/1601 1627/1627/1627
f 1601/1601/1601 1628/1628/1628 1617/1617/1617
f 1629/1629/1629 1630/1630/1630 1631/1631/1631
f 1625/1625/1625 1632/1632/1632 1633/1633/1633
f 1634/1634/1634 1635/1635/1635 1636/1636/1636
f 1637/1637/1637 1638/1638/1638 1639/1639/1639
f 1640/1640/1640 1641/1641/1641 1635/1635/1635
f 1642/1642/1642 1643/1643/1643 1644/1644/1644
f 1644/1644/1644 1645/1645/1645 1642/1642/1642
f 1646/1646/1646 1647/1647/1647 1648/1648/1648
f 1649/1649/1649 1650/1650/1650 1651/1651/1651
f 1652/1652/1652 1653/1653/1653 1654/1654/1654
f 1654/1654/1654 1655/1655/1655 1652/1652/1652
f 1656/1656/1656 1657/1657/1657 1658/1658/1658
f 1658/1658/1658 1644/1644/1644 1659/1659/1659
f 1647/1647/1647 1660/1660/1660 1661/1661/1661
f 1662/1662/1662 1663/1663/1663 1664/1664/1664
f 1647/1647/1647 1665/1665/1665 1666/1666/1666
f 1651/1651/1651 1663/1663/1663 1667/1667/1667
f 1659/1659/1659 1663/1663/1663 1668/1668/1668
f 1657/1657/1657 1659/1659/1659 1669/1669/1669
f 1669/1669/1669 1670/1670/1670 1657/1657/1657
f 1671/1671/1671 1672/1672/1672 1673/1673/1673
f 1674/1674/1674 1675/1675/1675 1676/1676/1676
f 1676/1676/1676 1677/1677/1677 1678/1678/1678
f 1678/1678/1678 1677/1677/1677 1679/1679/1679
f 1679/1679/1679 1680/1680/1680 1681/1681/1681
f 1682/1682/1682 1683/1683/1683 1644/1644/1644
f 1684/1684/1684 1657/1657/1657 1672/1672/1672
f 1685/1685/1685 1683/1683/1683 1686/1686/1686
f 1684/1684/1684 1687/1687/1687 1657/1657/1657
f 1644/1644/1644 1683/1683/1683 1688/1688/1688
f 1689/1689/1689 1683/1683/1683 1690/1690/1690
f 1691/1691/1691 1692/1692/1692 1693/1693/1693
f 1691/1691/1691 1693/1693/1693 1687/1687/1687
f 1694/1694/1694 1695/1695/1695 1696/1696/1696
f 1696/1696/1696 1697/1697/1697 1694/1694/1694
f 1698/1698/1698 1699/1699/1699 1700/1700/1700
f 1701/1701/1701 1702/1702/1702 1703/1703/1703
f 1703/1703/1703 1704/1704/1704 1705/1705/1705
f 1706/1706/1706 1707/1707/1707 1704/1704/1704
f 1704/1704/1704 1703/1703/1703 1706/1706/1706
f 1708/1708/1708 1709/1709/1709 1710/1710/1710
f 1710/1710/1710 1711/1711/1711 1708/1708/1708
f 1712/1712/1712 1708/1708/1708 1702/1702/1702
f 1702/1702/1702 1713/1713/1713 1712/1712/1712
f 1714/1714/1714 1715/1715/1715 1707/1707/1707
f 1707/1707/1707 1706/1706/1706 1714/1714/1714
f 1700/1700/1700 1716/1716/1716 1717/1717/1717
f 1718/1718/1718 1719/1719/1719 1700/1700/1700
f 1720/1720/1720 1721/1721/1721 1722/1722/1722
f 1721/1721/1721 1704/1704/1704 1723/1723/1723
f 1721/1721/1721 1724/1724/1724 1704/1704/1704
f 1725/1725/1725 1700/1700/1700 1702/1702/1702
f 1723/1723/1723 1726/1726/1726 1721/1721/1721
f 1702/1702/1702 1700/1700/1700 1703/1703/1703
f 1721/1721/1721 1727/1727/1727 1724/1724/1724
f 1721/1721/1721 1720/1720/1720 1727/1727/1727
f 1703/1703/1703 1700/1700/1700 1717/1717/1717
f 1728/1728/1728 1729/1729/1729 1730/1730/1730
f 1730/1730/1730 1731/1731/1731 1728/1728/1728
f 1732/1732/1732 1733/1733/1733 1734/1734/1734
f 1734/1734/1734 1735/1735/1735 1732/1732/1732
f 1735/1735/1735 1734/1734/1734 1736/1736/1736
f 1736/1736/1736 1737/1737/1737 1735/1735/1735
f 1731/1731/1731 1730/1730/1730 1738/1738/1738
f 1738/1738/1738 1739/1739/1739 1731/1731/1731
f 1739/1739/1739 1740/1740/1740 1741/1741/1741
f 1742/1742/1742 1743/1743/1743 1744/1744/1744
f 1744/1744/1744 1736/1736/1736 1745/1745/1745
f 1745/1745/1745 1739/1739/1739 1738/1738/1738
f 1738/1738/1738 1743/1743/1743 1745/1745/1745
f 1746/1746/1746 1747/1747/1747 1748/1748/1748
f 1749/1749/1749 1750/1750/1750 1748/1748/1748
f 1745/1745/1745 1751/1751/1751 1739/1739/1739
f 1752/1752/1752 1753/1753/1753 1754/1754/1754
f 1741/1741/1741 1754/1754/1754 1755/1755/1755
f 1748/1748/1748 1738/1738/1738 1749/1749/1749
f 1748/1748/1748 1743/1743/1743 1738/1738/1738
f 1756/1756/1756 1754/1754/1754 1757/1757/1757
f 1748/1748/1748 1758/1758/1758 1759/1759/1759
f 1748/1748/1748 1747/1747/1747 1743/1743/1743
f 1756/1756/1756 1760/1760/1760 1754/1754/1754
f 1761/1761/1761 1762/1762/1762 1763/1763/1763
f 1763/1763/1763 1764/1764/1764 1761/1761/1761
f 1764/1764/1764 1765/1765/1765 1766/1766/1766
f 1766/1766/1766 1767/1767/1767 1768/1768/1768
f 1769/1769/1769 1770/1770/1770 1771/1771/1771
f 1771/1771/1771 1772/1772/1772 1773/1773/1773
f 1774/1774/1774 1775/1775/1775 1776/1776/1776
f 1776/1776/1776 1777/1777/1777 1774/1774/1774
f 1778/1778/1778 1779/1779/1779 1770/1770/1770
f 1770/1770/1770 1780/1780/1780 1778/1778/1778
f 1770/1770/1770 1781/1781/1781 1782/1782/1782
f 1782/1782/1782 1783/1783/1783 1770/1770/1770
f 1761/1761/1761 1784/1784/1784 1785/1785/1785
f 1785/1785/1785 1786/1786/1786 1761/1761/1761
f 1787/1787/1787 1788/1788/1788 1789/1789/1789
f 1789/1789/1789 1790/1790/1790 1791/1791/1791
f 1792/1792/1792 1793/1793/1793 1794/1794/1794
f 1794/1794/1794 1770/1770/1770 1792/1792/1792
f 1795/1795/1795 1796/1796/1796 1797/1797/1797
f 1797/1797/1797 1798/1798/1798 1799/1799/1799
f 1799/1799/1799 1798/1798/1798 1800/1800/1800
f 1800/1800/1800 1778/1778/1778 1799/1799/1799
f 1801/1801/1801 1802/1802/1802 1761/1761/1761
f 1761/1761/1761 1803/1803/1803 1801/1801/1801
f 1804/1804/1804 1803/1803/1803 1761/1761/1761
f 1761/1761/1761 1786/1786/1786 1804/1804/1804
f 1803/1803/1803 1805/1805/1805 1806/1806/1806
f 1806/1806/1806 1801/1801/1801 1803/1803/1803
f 1807/1807/1807 1808/1808/1808 1809/1809/1809
f 1809/1809/1809 1810/1810/1810 1807/1807/1807
f 1801/1801/1801 1811/1811/1811 1812/1812/1812
f 1812/1812/1812 1813/1813/1813 1801/1801/1801
f 1812/1812/1812 1814/1814/1814 1815/1815/1815
f 1815/1815/1815 1813/1813/1813 1816/1816/1816
f 1817/1817/1817 1805/1805/1805 1818/1818/1818
f 1818/1818/1818 1819/1819/1819 1817/1817/1817
f 1820/1820/1820 1821/1821/1821 1813/1813/1813
f 1813/1813/1813 1788/1788/1788 1820/1820/1820
f 1815/1815/1815 1822/1822/1822 1788/1788/1788
f 1788/1788/1788 1813/1813/1813 1815/1815/1815
f 1823/1823/1823 1824/1824/1824 1825/1825/1825
f 1825/1825/1825 1826/1826/1826 1823/1823/1823
f 1827/1827/1827 1828/1828/1828 1829/1829/1829
f 1829/1829/1829 1830/1830/1830 1827/1827/1827
f 1831/1831/1831 1832/1832/1832 1833/1833/1833
f 1833/1833/1833 1834/1834/1834 1831/1831/1831
f 1835/1835/1835 1836/1836/1836 1837/1837/1837
f 1837/1837/1837 1838/1838/1838 1835/1835/1835
f 1839/1839/1839 1840/1840/1840 1841/1841/1841
f 1841/1841/1841 1842/1842/1842 1839/1839/1839
f 1843/1843/1843 1833/1833/1833 1839/1839/1839
f 1839/1839/1839 1844/1844/1844 1843/1843/1843
f 1845/1845/1845 1846/1846/1846 1825/1825/1825
f 1825/1825/1825 1847/1847/1847 1845/1845/1845
f 1848/1848/1848 1849/1849/1849 1850/1850/1850
f 1850/1850/1850 1851/1851/1851 1852/1852/1852
f 1853/1853/1853 1854/1854/1854 1855/1855/1855
f 1855/1855/1855 1856/1856/1856 1853/1853/1853
f 1857/1857/1857 1858/1858/1858 1859/1859/1859
f 1859/1859/1859 1851/1851/1851 1857/1857/1857
f 1860/1860/1860 1851/1851/1851 1859/1859/1859
f 1859/1859/1859 1841/1841/1841 1860/1860/1860
f 1861/1861/1861 1862/1862/1862 1863/1863/1863
f 1863/1863/1863 1864/1864/1864 1861/1861/1861
f 1861/1861/1861 1864/1864/1864 1865/1865/1865
f 1865/1865/1865 1866/1866/1866 1861/1861/1861
f 1867/1867/1867 1868/1868/1868 1869/1869/1869
f 1869/1869/1869 1870/1870/1870 1867/1867/1867
f 1871/1871/1871 1872/1872/1872 1833/1833/1833
f 1833/1833/1833 1843/1843/1843 1871/1871/1871
f 1873/1873/1873 1874/1874/1874 1875/1875/1875
f 1875/1875/1875 1876/1876/1876 1873/1873/1873
f 1877/1877/1877 1878/1878/1878 1873/1873/1873
f 1873/1873/1873 1876/1876/1876 1877/1877/1877
f 1869/1869/1869 1879/1879/1879 1880/1880/1880
f 1880/1880/1880 1881/1881/1881 1869/1869/1869
f 1876/1876/1876 1875/1875/1875 1882/1882/1882
f 1882/1882/1882 1883/1883/1883 1876/1876/1876
f 1883/1883/1883 1833/1833/1833 1884/1884/1884
f 1884/1884/1884 1876/1876/1876 1883/1883/1883
f 1885/1885/1885 1886/1886/1886 1887/1887/1887
f 1888/1888/1888 1889/1889/1889 1890/1890/1890
f 1891/1891/1891 1892/1892/1892 1893/1893/1893
f 1894/1894/1894 1895/1895/1895 1896/1896/1896
f 1897/1897/1897 1892/1892/1892 1898/1898/1898
f 1899/1899/1899 1900/1900/1900 1901/1901/1901
f 1902/1902/1902 1903/1903/1903 1904/1904/1904
f 1904/1904/1904 1905/1905/1905 1906/1906/1906
f 1907/1907/1907 1908/1908/1908 1909/1909/1909
f 1909/1909/1909 1910/1910/1910 1907/1907/1907
f 1911/1911/1911 1912/1912/1912 1913/1913/1913
f 1914/1914/1914 1915/1915/1915 1916/1916/1916
f 1916/1916/1916 1917/1917/1917 1914/1914/1914
f 1914/1914/1914 1917/1917/1917 1918/1918/1918
f 1919/1919/1919 1920/1920/1920 1907/1907/1907
f 1921/1921/1921 1922/1922/1922 1923/1923/1923
f 1923/1923/1923 1924/1924/1924 1925/1925/1925
f 1926/1926/1926 1927/1927/1927 1922/1922/1922
f 1928/1928/1928 1929/1929/1929 1930/1930/1930
f 1930/1930/1930 1931/1931/1931 1928/1928/1928
f 1932/1932/1932 1933/1933/1933 1906/1906/1906
f 1906/1906/1906 1934/1934/1934 1932/1932/1932
f 1935/1935/1935 1936/1936/1936 1937/1937/1937
f 1937/1937/1937 1938/1938/1938 1939/1939/1939
f 1940/1940/1940 1941/1941/1941 1942/1942/1942
f 1942/1942/1942 1943/1943/1943 1940/1940/1940
f 1944/1944/1944 1945/1945/1945 1946/1946/1946
f 1946/1946/1946 1947/1947/1947 1944/1944/1944
f 1948/1948/1948 1949/1949/1949 1950/1950/1950
f 1950/1950/1950 1951/1951/1951 1948/1948/1948
f 1952/1952/1952 1953/1953/1953 1954/1954/1954
f 1954/1954/1954 1955/1955/1955 1952/1952/1952
f 1956/1956/1956 1957/1957/1957 1958/1958/1958
f 1956/1956/1956 1958/1958/1958 1959/1959/1959
f 1959/1959/1959 1960/1960/1960 1956/1956/1956
f 1961/1961/1961 1962/1962/1962 1963/1963/1963
f 1963/1963/1963 1964/1964/1964 1965/1965/1965
f 1966/1966/1966 1967/1967/1967 1968/1968/1968
f 1968/1968/1968 1969/1969/1969 1966/1966/1966
f 1970/1970/1970 1971/1971/1971 1972/1972/1972
f 1972/1972/1972 1973/1973/1973 1970/1970/1970
f 1974/1974/1974 1975/1975/1975 1976/1976/1976
f 1976/1976/1976 1977/1977/1977 1974/1974/1974
f 1978/1978/1978 1979/1979/1979 1980/1980/1980
f 1980/1980/1980 1981/1981/1981 1978/1978/1978
f 1960/1960/1960 1982/1982/1982 1983/1983/1983
f 1983/1983/1983 1984/1984/1984 1960/1960/1960
f 1985/1985/1985 1986/1986/1986 1987/1987/1987
f 1987/1987/1987 1988/1988/1988 1985/1985/1985
f 1960/1960/1960 1981/1981/1981 1989/1989/1989
f 1989/1989/1989 1990/1990/1990 1960/1960/1960
f 1991/1991/1991 1992/1992/1992 1981/1981/1981
f 1981/1981/1981 1960/1960/1960 1991/1991/1991
f 1993/1993/1993 1994/1994/1994 1995/1995/1995
f 1995/1995/1995 1996/1996/1996 1993/1993/1993
f 1997/1997/1997 1998/1998/1998 1999/1999/1999
f 1999/1999/1999 2000/2000/2000 1997/1997/1997
f 2001/2001/2001 2002/2002/2002 2003/2003/2003
f 2003/2003/2003 2002/2002/2002 1976/1976/1976
f 2004/2004/2004 1976/1976/1976 2002/2002/2002
f 2005/2005/2005 2006/2006/2006 2007/2007/2007
f 2004/2004/2004 2008/2008/2008 2009/2009/2009
f 2010/2010/2010 2011/2011/2011 2012/2012/2012
f 2013/2013/2013 2014/2014/2014 2015/2015/2015
f 2006/2006/2006 2016/2016/2016 2017/2017/2017
f 2018/2018/2018 2012/2012/2012 2019/2019/2019
f 2020/2020/2020 2021/2021/2021 2022/2022/2022
f 2022/2022/2022 2023/2023/2023 2020/2020/2020
f 2024/2024/2024 2025/2025/2025 2026/2026/2026
f 2026/2026/2026 2020/2020/2020 2024/2024/2024
f 2027/2027/2027 2028/2028/2028 2029/2029/2029
f 2030/2030/2030 2029/2029/2029 2031/2031/2031
f 2031/2031/2031 2032/2032/2032 2030/2030/2030
f 2015/2015/2015 2033/2033/2033 2034/2034/2034
f 2034/2034/2034 2035/2035/2035 2036/2036/2036
f 2037/2037/2037 2038/2038/2038 2039/2039/2039
f 2040/2040/2040 2027/2027/2027 2010/2010/2010
f 2041/2041/2041 2040/2040/2040 2018/2018/2018
f 2010/2010/2010 2027/2027/2027 2042/2042/2042
f 2043/2043/2043 2044/2044/2044 2045/2045/2045
f 2046/2046/2046 2047/2047/2047 2048/2048/2048
f 2048/2048/2048 2049/2049/2049 2046/2046/2046
f 2050/2050/2050 2051/2051/2051 2052/2052/2052
f 2052/2052/2052 2053/2053/2053 2050/2050/2050
f 2054/2054/2054 2031/2031/2031 2029/2029/2029
f 2055/2055/2055 2056/2056/2056 2057/2057/2057
f 2057/2057/2057 2058/2058/2058 2059/2059/2059
f 2060/2060/2060 2056/2056/2056 2059/2059/2059
f 2061/2061/2061 2062/2062/2062 2063/2063/2063
f 2064/2064/2064 2065/2065/2065 2066/2066/2066
f 2066/2066/2066 2067/2067/2067 2064/2064/2064
f 2067/2067/2067 2068/2068/2068 2069/2069/2069
f 2070/2070/2070 2071/2071/2071 2072/2072/2072
f 2073/2073/2073 2027/2027/2027 2074/2074/2074
f 2074/2074/2074 2075/2075/2075 2073/2073/2073
f 2053/2053/2053 2072/2072/2072 2076/2076/2076
f 2076/2076/2076 2077/2077/2077 2053/2053/2053
f 2078/2078/2078 2079/2079/2079 2080/2080/2080
f 2080/2080/2080 2081/2081/2081 2078/2078/2078
f 2082/2082/2082 2083/2083/2083 2084/2084/2084
f 2084/2084/2084 2085/2085/2085 2086/2086/2086
f 2087/2087/2087 2088/2088/2088 2089/2089/2089
f 2089/2089/2089 2090/2090/2090 2091/2091/2091
f 2092/2092/2092 2093/2093/2093 2070/2070/2070
f 2070/2070/2070 2094/2094/2094 2095/2095/2095
f 2095/2095/2095 2092/2092/2092 2096/2096/2096
f 2097/2097/2097 2098/2098/2098 2027/2027/2027
f 2099/2099/2099 2098/2098/2098 2067/2067/2067
f 2067/2067/2067 2100/2100/2100 2099/2099/2099
f 2101/2101/2101 2027/2027/2027 2029/2029/2029
f 2102/2102/2102 2103/2103/2103 2104/2104/2104
f 2104/2104/2104 2099/2099/2099 2102/2102/2102
f 2105/2105/2105 2106/2106/2106 2107/2107/2107
f 2107/2107/2107 2108/2108/2108 2105/2105/2105
f 2109/2109/2109 2110/2110/2110 2111/2111/2111
f 2111/2111/2111 2112/2112/2112 2113/2113/2113
f 2114/2114/2114 2115/2115/2115 2116/2116/2116
f 2116/2116/2116 2117/2117/2117 2114/2114/2114
f 2118/2118/2118 2119/2119/2119 2120/2120/2120
f 2120/2120/2120 2106/2106/2106 2121/2121/2121
f 2122/2122/2122 2121/2121/2121 2106/2106/2106
f 2106/2106/2106 2123/2123/2123 2122/2122/2122
f 2124/2124/2124 2125/2125/2125 2126/2126/2126
f 2127/2127/2127 2128/2128/2128 2067/2067/2067
f 2067/2067/2067 2128/2128/2128 2129/2129/2129
f 2130/2130/2130 2131/2131/2131 2027/2027/2027
f 2132/2132/2132 2133/2133/2133 2134/2134/2134
f 2134/2134/2134 2135/2135/2135 2132/2132/2132
f 2136/2136/2136 2137/2137/2137 2138/2138/2138
f 2138/2138/2138 2139/2139/2139 2140/2140/2140
f 2141/2141/2141 2142/2142/2142 2143/2143/2143
f 2143/2143/2143 2144/2144/2144 2141/2141/2141
f 2145/2145/2145 2146/2146/2146 2147/2147/2147
f 2147/2147/2147 2148/2148/2148 2145/2145/2145
f 2146/2146/2146 2149/2149/2149 2150/2150/2150
f 2150/2150/2150 2147/2147/2147 2146/2146/2146
f 2151/2151/2151 2152/2152/2152 2153/2153/2153
f 2153/2153/2153 2154/2154/2154 2155/2155/2155
f 2156/2156/2156 2157/2157/2157 2158/2158/2158
f 2158/2158/2158 2159/2159/2159 2156/2156/2156
f 2160/2160/2160 2161/2161/2161 2162/2162/2162
f 2162/2162/2162 2163/2163/2163 2160/2160/2160
f 2164/2164/2164 2165/2165/2165 2166/2166/2166
f 2166/2166/2166 2167/2167/2167 2164/2164/2164
f 2168/2168/2168 2169/2169/2169 2170/2170/2170
f 2170/2170/2170 2171/2171/2171 2172/2172/2172
f 2173/2173/2173 2172/2172/2172 2171/2171/2171
f 2171/2171/2171 2174/2174/2174 2173/2173/2173
f 2169/2169/2169 2175/2175/2175 2176/2176/2176
f 2176/2176/2176 2177/2177/2177 2178/2178/2178
f 2179/2179/2179 2180/2180/2180 2167/2167/2167
f 2167/2167/2167 2176/2176/2176 2179/2179/2179
f 2181/2181/2181 2182/2182/2182 2183/2183/2183
f 2183/2183/2183 2184/2184/2184 2185/2185/2185
f 2186/2186/2186 2187/2187/2187 2188/2188/2188
f 2188/2188/2188 2189/2189/2189 2186/2186/2186
f 2190/2190/2190 2191/2191/2191 2192/2192/2192
f 2192/2192/2192 2193/2193/2193 2190/2190/2190
f 2194/2194/2194 2195/2195/2195 2196/2196/2196
f 2196/2196/2196 2197/2197/2197 2194/2194/2194
f 2198/2198/2198 2199/2199/2199 2200/2200/2200
f 2200/2200/2200 2201/2201/2201 2198/2198/2198
f 2202/2202/2202 2203/2203/2203 2204/2204/2204
f 2204/2204/2204 2205/2205/2205 2202/2202/2202
f 2206/2206/2206 2207/2207/2207 2208/2208/2208
f 2208/2208/2208 2209/2209/2209 2206/2206/2206
f 2210/2210/2210 2211/2211/2211 2212/2212/2212
f 2212/2212/2212 2213/2213/2213 2210/2210/2210
f 2213/2213/2213 2214/2214/2214 2215/2215/2215
f 2215/2215/2215 2210/2210/2210 2216/2216/2216
f 2217/2217/2217 2218/2218/2218 2219/2219/2219
f 2219/2219/2219 2162/2162/2162 2220/2220/2220
f 2182/2182/2182 2198/2198/2198 2221/2221/2221
f 2221/2221/2221 2222/2222/2222 2182/2182/2182
f 2223/2223/2223 2224/2224/2224 2225/2225/2225
f 2225/2225/2225 2226/2226/2226 2227/2227/2227
f 2228/2228/2228 2229/2229/2229 2214/2214/2214
f 2214/2214/2214 2230/2230/2230 2228/2228/2228
f 2231/2231/2231 2232/2232/2232 2233/2233/2233
f 2233/2233/2233 2234/2234/2234 2231/2231/2231
f 2232/2232/2232 2235/2235/2235 2236/2236/2236
f 2236/2236/2236 2237/2237/2237 2232/2232/2232
f 2238/2238/2238 2239/2239/2239 2240/2240/2240
f 2240/2240/2240 2241/2241/2241 2242/2242/2242
f 2243/2243/2243 2244/2244/2244 2245/2245/2245
f 2245/2245/2245 2246/2246/2246 2243/2243/2243
f 2246/2246/2246 2245/2245/2245 2247/2247/2247
f 2247/2247/2247 2248/2248/2248 2249/2249/2249
f 2250/2250/2250 2251/2251/2251 2252/2252/2252
f 2252/2252/2252 2253/2253/2253 2254/2254/2254
f 2255/2255/2255 2256/2256/2256 2257/2257/2257
f 2257/2257/2257 2258/2258/2258 2255/2255/2255
f 2259/2259/2259 2260/2260/2260 2261/2261/2261
f 2261/2261/2261 2257/2257/2257 2259/2259/2259
f 2262/2262/2262 2263/2263/2263 2264/2264/2264
f 2264/2264/2264 2265/2265/2265 2266/2266/2266
f 2267/2267/2267 2266/2266/2266 2265/2265/2265
f 2265/2265/2265 2268/2268/2268 2267/2267/2267
f 2269/2269/2269 2267/2267/2267 2268/2268/2268
f 2268/2268/2268 2270/2270/2270 2269/2269/2269
f 2271/2271/2271 2272/2272/2272 2273/2273/2273
f 2273/2273/2273 2274/2274/2274 2271/2271/2271
f 2275/2275/2275 2276/2276/2276 2277/2277/2277
f 2277/2277/2277 2278/2278/2278 2275/2275/2275
f 2279/2279/2279 2280/2280/2280 2281/2281/2281
f 2281/2281/2281 2282/2282/2282 2279/2279/2279
f 2283/2283/2283 2284/2284/2284 2285/2285/2285
f 2285/2285/2285 2286/2286/2286 2283/2283/2283
f 2287/2287/2287 2288/2288/2288 2289/2289/2289
f 2289/2289/2289 2290/2290/2290 2287/2287/2287
f 2291/2291/2291 2292/2292/2292 2293/2293/2293
f 2293/2293/2293 2294/2294/2294 2295/2295/2295
f 2296/2296/2296 2297/2297/2297 2298/2298/2298
f 2298/2298/2298 2299/2299/2299 2296/2296/2296
f 2300/2300/2300 2301/2301/2301 2302/2302/2302
f 2302/2302/2302 2303/2303/2303 2300/2300/2300
f 2304/2304/2304 2305/2305/2305 2306/2306/2306
f 2306/2306/2306 2307/2307/2307 2304/2304/2304
f 2308/2308/2308 2300/2300/2300 2309/2309/2309
f 2309/2309/2309 2310/2310/2310 2308/2308/2308
f 2311/2311/2311 2312/2312/2312 2313/2313/2313
f 2313/2313/2313 2314/2314/2314 2315/2315/2315
f 2316/2316/2316 2317/2317/2317 2318/2318/2318
f 2318/2318/2318 2319/2319/2319 2316/2316/2316
f 2320/2320/2320 2321/2321/2321 2322/2322/2322
f 2322/2322/2322 2323/2323/2323 2320/2320/2320
f 2324/2324/2324 2320/2320/2320 2325/2325/2325
f 2325/2325/2325 2326/2326/2326 2324/2324/2324
f 2327/2327/2327 2328/2328/2328 2329/2329/2329
f 2329/2329/2329 2330/2330/2330 2331/2331/2331
f 2332/2332/2332 2333/2333/2333 2334/2334/2334
f 2334/2334/2334 2335/2335/2335 2332/2332/2332
f 2336/2336/2336 2324/2324/2324 2337/2337/2337
f 2337/2337/2337 2338/2338/2338 2336/2336/2336
f 2339/2339/2339 2340/2340/2340 2341/2341/2341
f 2341/2341/2341 2342/2342/2342 2343/2343/2343
f 2344/2344/2344 2345/2345/2345 2346/2346/2346
f 2346/2346/2346 2347/2347/2347 2344/2344/2344
f 2348/2348/2348 2349/2349/2349 2350/2350/2350
f 2350/2350/2350 2351/2351/2351 2348/2348/2348
f 2352/2352/2352 2353/2353/2353 2354/2354/2354
f 2354/2354/2354 2355/2355/2355 2352/2352/2352
f 2356/2356/2356 2357/2357/2357 2358/2358/2358
f 2358/2358/2358 2359/2359/2359 2356/2356/2356
f 2360/2360/2360 2247/2247/2247 2361/2361/2361
f 2361/2361/2361 2362/2362/2362 2360/2360/2360
f 2363/2363/2363 2364/2364/2364 2328/2328/2328
f 2328/2328/2328 2365/2365/2365 2366/2366/2366
f 2367/2367/2367 2368/2368/2368 2369/2369/2369
f 2369/2369/2369 2370/2370/2370 2371/2371/2371
f 2372/2372/2372 2373/2373/2373 2374/2374/2374
f 2374/2374/2374 2375/2375/2375 2372/2372/2372
f 2376/2376/2376 2374/2374/2374 2377/2377/2377
f 2377/2377/2377 2378/2378/2378 2376/2376/2376
f 2312/2312/2312 2379/2379/2379 2380/2380/2380
f 2380/2380/2380 2381/2381/2381 2312/2312/2312
f 2382/2382/2382 2383/2383/2383 2384/2384/2384
f 2384/2384/2384 2380/2380/2380 2382/2382/2382
f 2385/2385/2385 2386/2386/2386 2387/2387/2387
f 2387/2387/2387 2388/2388/2388 2389/2389/2389
f 2390/2390/2390 2391/2391/2391 2392/2392/2392
f 2392/2392/2392 2393/2393/2393 2390/2390/2390
f 2394/2394/2394 2395/2395/2395 2396/2396/2396
f 2396/2396/2396 2397/2397/2397 2394/2394/2394
f 2398/2398/2398 2399/2399/2399 2400/2400/2400
f 2400/2400/2400 2401/2401/2401 2398/2398/2398
f 2402/2402/2402 2403/2403/2403 2404/2404/2404
f 2404/2404/2404 2405/2405/2405 2402/2402/2402
f 2406/2406/2406 2407/2407/2407 2408/2408/2408
f 2408/2408/2408 2409/2409/2409 2406/2406/2406
f 2410/2410/2410 2411/2411/2411 2412/2412/2412
f 2412/2412/2412 2413/2413/2413 2410/2410/2410
f 2414/2414/2414 2415/2415/2415 2416/2416/2416
f 2416/2416/2416 2417/2417/2417 2414/2414/2414
f 2418/2418/2418 2419/2419/2419 2420/2420/2420
f 2420/2420/2420 2421/2421/2421 2418/2418/2418
f 2422/2422/2422 2423/2423/2423 2424/2424/2424
f 2424/2424/2424 2425/2425/2425 2422/2422/2422
f 2426/2426/2426 2427/2427/2427 2416/2416/2416
f 2416/2416/2416 2428/2428/2428 2426/2426/2426
f 2429/2429/2429 2430/2430/2430 2431/2431/2431
f 2431/2431/2431 2432/2432/2432 2429/2429/2429
f 2433/2433/2433 2412/2412/2412 2434/2434/2434
f 2434/2434/2434 2435/2435/2435 2433/2433/2433
f 2436/2436/2436 2437/2437/2437 2438/2438/2438
f 2438/2438/2438 2439/2439/2439 2436/2436/2436
f 2440/2440/2440 2344/2344/2344 2441/2441/2441
f 2441/2441/2441 2442/2442/2442 2440/2440/2440
f 2443/2443/2443 2444/2444/2444 2445/2445/2445
f 2445/2445/2445 2446/2446/2446 2447/2447/2447
f 2448/2448/2448 2440/2440/2440 2449/2449/2449
f 2449/2449/2449 2450/2450/2450 2448/2448/2448
f 2451/2451/2451 2452/2452/2452 2453/2453/2453
f 2453/2453/2453 2454/2454/2454 2455/2455/2455
f 2456/2456/2456 2457/2457/2457 2458/2458/2458
f 2458/2458/2458 2459/2459/2459 2456/2456/2456
f 2460/2460/2460 2461/2461/2461 2462/2462/2462
f 2462/2462/2462 2463/2463/2463 2460/2460/2460
f 2464/2464/2464 2463/2463/2463 2465/2465/2465
f 2465/2465/2465 2466/2466/2466 2464/2464/2464
f 2467/2467/2467 2468/2468/2468 2469/2469/2469
f 2469/2469/2469 2470/2470/2470 2471/2471/2471
f 2472/2472/2472 2473/2473/2473 2474/2474/2474
f 2474/2474/2474 2475/2475/2475 2472/2472/2472
f 2476/2476/2476 2472/2472/2472 2477/2477/2477
f 2477/2477/2477 2478/2478/2478 2476/2476/2476
f 2479/2479/2479 2464/2464/2464 2480/2480/2480
f 2480/2480/2480 2481/2481/2481 2479/2479/2479
f 2482/2482/2482 2483/2483/2483 2484/2484/2484
f 2484/2484/2484 2485/2485/2485 2486/2486/2486
f 2487/2487/2487 2488/2488/2488 2376/2376/2376
f 2376/2376/2376 2489/2489/2489 2487/2487/2487
f 2490/2490/2490 2491/2491/2491 2492/2492/2492
f 2492/2492/2492 2493/2493/2493 2490/2490/2490
f 2494/2494/2494 2495/2495/2495 2496/2496/2496
f 2496/2496/2496 2497/2497/2497 2494/2494/2494
f 2497/2497/2497 2498/2498/2498 2499/2499/2499
f 2499/2499/2499 2494/2494/2494 2497/2497/2497
f 2500/2500/2500 2501/2501/2501 2502/2502/2502
f 2502/2502/2502 2503/2503/2503 2504/2504/2504
f 2505/2505/2505 2506/2506/2506 2507/2507/2507
f 2507/2507/2507 2508/2508/2508 2505/2505/2505
f 2509/2509/2509 2510/2510/2510 2511/2511/2511
f 2511/2511/2511 2512/2512/2512 2509/2509/2509
f 2513/2513/2513 2514/2514/2514 2515/2515/2515
f 2515/2515/2515 2516/2516/2516 2513/2513/2513
f 2517/2517/2517 2518/2518/2518 2519/2519/2519
f 2519/2519/2519 2520/2520/2520 2517/2517/2517
f 2521/2521/2521 2511/2511/2511 2522/2522/2522
f 2522/2522/2522 2523/2523/2523 2521/2521/2521
f 2524/2524/2524 2525/2525/2525 2526/2526/2526
f 2526/2526/2526 2527/2527/2527 2528/2528/2528
f 2529/2529/2529 2530/2530/2530 2531/2531/2531
f 2531/2531/2531 2532/2532/2532 2529/2529/2529
f 2532/2532/2532 2533/2533/2533 2534/2534/2534
f 2534/2534/2534 2529/2529/2529 2532/2532/2532
f 2535/2535/2535 2536/2536/2536 2537/2537/2537
f 2538/2538/2538 2539/2539/2539 2540/2540/2540
f 2540/2540/2540 2541/2541/2541 2542/2542/2542
f 2543/2543/2543 2544/2544/2544 2545/2545/2545
f 2545/2545/2545 2546/2546/2546 2543/2543/2543
f 2547/2547/2547 2548/2548/2548 2549/2549/2549
f 2549/2549/2549 2550/2550/2550 2547/2547/2547
f 2551/2551/2551 2552/2552/2552 2553/2553/2553
f 2553/2553/2553 2554/2554/2554 2551/2551/2551
f 2555/2555/2555 2556/2556/2556 2557/2557/2557
f 2557/2557/2557 2558/2558/2558 2559/2559/2559
f 2560/2560/2560 2561/2561/2561 2562/2562/2562
f 2562/2562/2562 2539/2539/2539 2560/2560/2560
f 2563/2563/2563 2564/2564/2564 2560/2560/2560
f 2560/2560/2560 2565/2565/2565 2566/2566/2566
f 2567/2567/2567 2568/2568/2568 2569/2569/2569
f 2569/2569/2569 2570/2570/2570 2567/2567/2567
f 2557/2557/2557 2571/2571/2571 2572/2572/2572
f 2572/2572/2572 2573/2573/2573 2557/2557/2557
f 2574/2574/2574 2575/2575/2575 2576/2576/2576
f 2576/2576/2576 2577/2577/2577 2574/2574/2574
f 2578/2578/2578 2579/2579/2579 2580/2580/2580
f 2580/2580/2580 2581/2581/2581 2578/2578/2578
f 2582/2582/2582 2580/2580/2580 2583/2583/2583
f 2583/2583/2583 2584/2584/2584 2582/2582/2582
f 2585/2585/2585 2543/2543/2543 2586/2586/2586
f 2586/2586/2586 2587/2587/2587 2588/2588/2588
f 2587/2587/2587 2589/2589/2589 2590/2590/2590
f 2590/2590/2590 2582/2582/2582 2591/2591/2591
f 2592/2592/2592 2593/2593/2593 2594/2594/2594
f 2594/2594/2594 2595/2595/2595 2592/2592/2592
f 2586/2586/2586 2596/2596/2596 2597/2597/2597
f 2597/2597/2597 2598/2598/2598 2586/2586/2586
f 2599/2599/2599 2600/2600/2600 2601/2601/2601
f 2601/2601/2601 2602/2602/2602 2603/2603/2603
f 2604/2604/2604 2605/2605/2605 2606/2606/2606
f 2606/2606/2606 2607/2607/2607 2604/2604/2604
f 2608/2608/2608 2609/2609/2609 2610/2610/2610
f 2610/2610/2610 2611/2611/2611 2612/2612/2612
f 2613/2613/2613 2614/2614/2614 2615/2615/2615
f 2615/2615/2615 2616/2616/2616 2617/2617/2617
f 2618/2618/2618 2554/2554/2554 2619/2619/2619
f 2619/2619/2619 2566/2566/2566 2618/2618/2618
f 2620/2620/2620 2595/2595/2595 2621/2621/2621
f 2621/2621/2621 2622/2622/2622 2620/2620/2620
f 2616/2616/2616 2623/2623/2623 2624/2624/2624
f 2624/2624/2624 2625/2625/2625 2616/2616/2616
f 2626/2626/2626 2627/2627/2627 2628/2628/2628
f 2628/2628/2628 2629/2629/2629 2626/2626/2626
f 2630/2630/2630 2631/2631/2631 2632/2632/2632
f 2632/2632/2632 2620/2620/2620 2630/2630/2630
f 2633/2633/2633 2595/2595/2595 2634/2634/2634
f 2634/2634/2634 2635/2635/2635 2633/2633/2633
f 2636/2636/2636 2637/2637/2637 2638/2638/2638
f 2638/2638/2638 2625/2625/2625 2636/2636/2636
f 2639/2639/2639 2631/2631/2631 2630/2630/2630
f 2630/2630/2630 2640/2640/2640 2639/2639/2639
f 2641/2641/2641 2642/2642/2642 2643/2643/2643
f 2643/2643/2643 2644/2644/2644 2641/2641/2641
f 2645/2645/2645 2646/2646/2646 2647/2647/2647
f 2647/2647/2647 2648/2648/2648 2645/2645/2645
f 2649/2649/2649 2621/2621/2621 2650/2650/2650
f 2650/2650/2650 2651/2651/2651 2652/2652/2652
f 2653/2653/2653 2654/2654/2654 2655/2655/2655
f 2655/2655/2655 2656/2656/2656 2653/2653/2653
f 2657/2657/2657 2658/2658/2658 2659/2659/2659
f 2659/2659/2659 2620/2620/2620 2657/2657/2657
f 2660/2660/2660 2661/2661/2661 2662/2662/2662
f 2662/2662/2662 2655/2655/2655 2660/2660/2660
f 2663/2663/2663 2652/2652/2652 2664/2664/2664
f 2664/2664/2664 2665/2665/2665 2663/2663/2663
f 2646/2646/2646 2666/2666/2666 2667/2667/2667
f 2667/2667/2667 2668/2668/2668 2646/2646/2646
f 2669/2669/2669 2670/2670/2670 2671/2671/2671
f 2671/2671/2671 2672/2672/2672 2669/2669/2669
f 2673/2673/2673 2674/2674/2674 2675/2675/2675
f 2675/2675/2675 2676/2676/2676 2677/2677/2677
f 2678/2678/2678 2679/2679/2679 2680/2680/2680
f 2680/2680/2680 2681/2681/2681 2678/2678/2678
f 2682/2682/2682 2683/2683/2683 2684/2684/2684
f 2684/2684/2684 2685/2685/2685 2686/2686/2686
f 2687/2687/2687 2686/2686/2686 2688/2688/2688
f 2688/2688/2688 2689/2689/2689 2690/2690/2690
f 2691/2691/2691 2692/2692/2692 2693/2693/2693
f 2693/2693/2693 2694/2694/2694 2691/2691/2691
f 2695/2695/2695 2696/2696/2696 2681/2681/2681
f 2681/2681/2681 2697/2697/2697 2698/2698/2698
f 2699/2699/2699 2696/2696/2696 2700/2700/2700
f 2701/2701/2701 2702/2702/2702 2703/2703/2703
f 2703/2703/2703 2704/2704/2704 2701/2701/2701
f 2700/2700/2700 2690/2690/2690 2705/2705/2705
f 2705/2705/2705 2706/2706/2706 2700/2700/2700
f 2707/2707/2707 2700/2700/2700 2706/2706/2706
f 2706/2706/2706 2708/2708/2708 2707/2707/2707
f 2709/2709/2709 2708/2708/2708 2706/2706/2706
f 2710/2710/2710 2708/2708/2708 2709/2709/2709
f 2709/2709/2709 2711/2711/2711 2710/2710/2710
f 2712/2712/2712 2713/2713/2713 2714/2714/2714
f 2715/2715/2715 2716/2716/2716 2717/2717/2717
f 2718/2718/2718 2719/2719/2719 2720/2720/2720
f 2720/2720/2720 2721/2721/2721 2722/2722/2722
f 2715/2715/2715 2723/2723/2723 2722/2722/2722
f 2722/2722/2722 2721/2721/2721 2715/2715/2715
f 2724/2724/2724 2725/2725/2725 2726/2726/2726
f 2726/2726/2726 2727/2727/2727 2728/2728/2728
f 2729/2729/2729 2728/2728/2728 2727/2727/2727
f 2727/2727/2727 2730/2730/2730 2729/2729/2729
f 2723/2723/2723 2715/2715/2715 2731/2731/2731
f 2731/2731/2731 2729/2729/2729 2723/2723/2723
f 2732/2732/2732 2729/2729/2729 2731/2731/2731
f 2731/2731/2731 2733/2733/2733 2732/2732/2732
f 2734/2734/2734 2735/2735/2735 2736/2736/2736
f 2736/2736/2736 2737/2737/2737 2734/2734/2734
f 2733/2733/2733 2738/2738/2738 2739/2739/2739
f 2739/2739/2739 2740/2740/2740 2733/2733/2733
f 2741/2741/2741 2742/2742/2742 2743/2743/2743
f 2743/2743/2743 2731/2731/2731 2741/2741/2741
f 2742/2742/2742 2744/2744/2744 2745/2745/2745
f 2745/2745/2745 2743/2743/2743 2742/2742/2742
f 2746/2746/2746 2747/2747/2747 2748/2748/2748
f 2748/2748/2748 2749/2749/2749 2746/2746/2746
f 2750/2750/2750 2751/2751/2751 2752/2752/2752
f 2752/2752/2752 2753/2753/2753 2750/2750/2750
f 2754/2754/2754 2755/2755/2755 2756/2756/2756
f 2756/2756/2756 2757/2757/2757 2758/2758/2758
f 2755/2755/2755 2759/2759/2759 2760/2760/2760
f 2760/2760/2760 2756/2756/2756 2755/2755/2755
f 2761/2761/2761 2762/2762/2762 2763/2763/2763
f 2763/2763/2763 2764/2764/2764 2761/2761/2761
f 2765/2765/2765 2766/2766/2766 2767/2767/2767
f 2767/2767/2767 2768/2768/2768 2765/2765/2765
f 2767/2767/2767 2769/2769/2769 2770/2770/2770
f 2771/2771/2771 2772/2772/2772 2773/2773/2773
f 2773/2773/2773 2774/2774/2774 2771/2771/2771
f 2773/2773/2773 2775/2775/2775 2769/2769/2769
f 2769/2769/2769 2774/2774/2774 2773/2773/2773
f 2775/2775/2775 2758/2758/2758 2776/2776/2776
f 2776/2776/2776 2769/2769/2769 2775/2775/2775
f 2775/2775/2775 2777/2777/2777 2758/2758/2758
f 2778/2778/2778 2777/2777/2777 2779/2779/2779
f 2779/2779/2779 2761/2761/2761 2778/2778/2778
f 2780/2780/2780 2781/2781/2781 2782/2782/2782
f 2782/2782/2782 2783/2783/2783 2780/2780/2780
f 2784/2784/2784 2782/2782/2782 2785/2785/2785
f 2785/2785/2785 2786/2786/2786 2787/2787/2787
f 2788/2788/2788 2789/2789/2789 2790/2790/2790
f 2790/2790/2790 2791/2791/2791 2792/2792/2792
f 2793/2793/2793 2794/2794/2794 2795/2795/2795
f 2795/2795/2795 2796/2796/2796 2793/2793/2793
f 2797/2797/2797 2798/2798/2798 2783/2783/2783
f 2783/2783/2783 2799/2799/2799 2797/2797/2797
f 2800/2800/2800 2801/2801/2801 2789/2789/2789
f 2789/2789/2789 2802/2802/2802 2800/2800/2800
f 2791/2791/2791 2803/2803/2803 2804/2804/2804
f 2804/2804/2804 2788/2788/2788 2791/2791/2791
f 2802/2802/2802 2805/2805/2805 2806/2806/2806
f 2806/2806/2806 2800/2800/2800 2802/2802/2802
f 2807/2807/2807 2804/2804/2804 2808/2808/2808
f 2809/2809/2809 2788/2788/2788 2804/2804/2804
f 2810/2810/2810 2809/2809/2809 2804/2804/2804
f 2811/2811/2811 2810/2810/2810 2804/2804/2804
f 2807/2807/2807 2811/2811/2811 2804/2804/2804
f 2804/2804/2804 2812/2812/2812 2808/2808/2808
f 2813/2813/2813 2814/2814/2814 2815/2815/2815
f 2815/2815/2815 2816/2816/2816 2813/2813/2813
f 2816/2816/2816 2815/2815/2815 2817/2817/2817
f 2817/2817/2817 2818/2818/2818 2819/2819/2819
f 2820/2820/2820 2821/2821/2821 2822/2822/2822
f 2822/2822/2822 2823/2823/2823 2824/2824/2824
f 2825/2825/2825 2826/2826/2826 2827/2827/2827
f 2827/2827/2827 2828/2828/2828 2825/2825/2825
f 2829/2829/2829 2830/2830/2830 2831/2831/2831
f 2831/2831/2831 2832/2832/2832 2833/2833/2833
f 2834/2834/2834 2835/2835/2835 2836/2836/2836
f 2836/2836/2836 2837/2837/2837 2838/2838/2838
f 2839/2839/2839 2840/2840/2840 2841/2841/2841
f 2841/2841/2841 2842/2842/2842 2839/2839/2839
f 2843/2843/2843 2844/2844/2844 2845/2845/2845
f 2845/2845/2845 2839/2839/2839 2843/2843/2843
f 2846/2846/2846 2841/2841/2841 2847/2847/2847
f 2847/2847/2847 2848/2848/2848 2849/2849/2849
f 2848/2848/2848 2847/2847/2847 2850/2850/2850
f 2850/2850/2850 2851/2851/2851 2852/2852/2852
f 2853/2853/2853 2854/2854/2854 2855/2855/2855
f 2855/2855/2855 2856/2856/2856 2857/2857/2857
f 2858/2858/2858 2859/2859/2859 2860/2860/2860
f 2860/2860/2860 2861/2861/2861 2858/2858/2858
f 2862/2862/2862 2863/2863/2863 2864/2864/2864
f 2864/2864/2864 2865/2865/2865 2862/2862/2862
f 2866/2866/2866 2867/2867/2867 2868/2868/2868
f 2868/2868/2868 2869/2869/2869 2866/2866/2866
f 2870/2870/2870 2871/2871/2871 2872/2872/2872
f 2872/2872/2872 2873/2873/2873 2870/2870/2870
f 2874/2874/2874 2864/2864/2864 2875/2875/2875
f 2875/2875/2875 2876/2876/2876 2874/2874/2874
f 2877/2877/2877 2878/2878/2878 2879/2879/2879
f 2879/2879/2879 2880/2880/2880 2877/2877/2877
f 2881/2881/2881 2882/2882/2882 2883/2883/2883
f 2883/2883/2883 2884/2884/2884 2885/2885/2885
f 2882/2882/2882 2885/2885/2885 2886/2886/2886
f 2886/2886/2886 2887/2887/2887 2882/2882/2882
f 2888/2888/2888 2831/2831/2831 2889/2889/2889
f 2889/2889/2889 2890/2890/2890 2888/2888/2888
f 2891/2891/2891 2892/2892/2892 2893/2893/2893
f 2893/2893/2893 2894/2894/2894 2895/2895/2895
f 2896/2896/2896 2897/2897/2897 2898/2898/2898
f 2898/2898/2898 2899/2899/2899 2896/2896/2896
f 2900/2900/2900 2901/2901/2901 2902/2902/2902
f 2902/2902/2902 2886/2886/2886 2900/2900/2900
f 2903/2903/2903 2904/2904/2904 2905/2905/2905
f 2905/2905/2905 2847/2847/2847 2903/2903/2903
f 2847/2847/2847 2905/2905/2905 2906/2906/2906
f 2906/2906/2906 2850/2850/2850 2847/2847/2847
f 2907/2907/2907 2908/2908/2908 2850/2850/2850
f 2850/2850/2850 2906/2906/2906 2907/2907/2907
f 2909/2909/2909 2910/2910/2910 2911/2911/2911
f 2911/2911/2911 2912/2912/2912 2913/2913/2913
f 2910/2910/2910 2914/2914/2914 2915/2915/2915
f 2915/2915/2915 2916/2916/2916 2910/2910/2910
f 2917/2917/2917 2918/2918/2918 2919/2919/2919
f 2919/2919/2919 2920/2920/2920 2917/2917/2917
f 2921/2921/2921 2922/2922/2922 2923/2923/2923
f 2923/2923/2923 2924/2924/2924 2921/2921/2921
f 2924/2924/2924 2923/2923/2923 2925/2925/2925
f 2925/2925/2925 2926/2926/2926 2924/2924/2924
f 2882/2882/2882 2898/2898/2898 2927/2927/2927
f 2927/2927/2927 2928/2928/2928 2882/2882/2882
f 2929/2929/2929 2930/2930/2930 2898/2898/2898
f 2898/2898/2898 2882/2882/2882 2929/2929/2929
f 2931/2931/2931 2932/2932/2932 2930/2930/2930
f 2930/2930/2930 2933/2933/2933 2934/2934/2934
f 2935/2935/2935 2936/2936/2936 2937/2937/2937
f 2937/2937/2937 2907/2907/2907 2935/2935/2935
f 2938/2938/2938 2939/2939/2939 2940/2940/2940
f 2940/2940/2940 2941/2941/2941 2938/2938/2938
f 2919/2919/2919 2918/2918/2918 2942/2942/2942
f 2942/2942/2942 2943/2943/2943 2919/2919/2919
f 2944/2944/2944 2945/2945/2945 2946/2946/2946
f 2946/2946/2946 2947/2947/2947 2944/2944/2944
f 2948/2948/2948 2949/2949/2949 2950/2950/2950
f 2950/2950/2950 2951/2951/2951 2948/2948/2948
f 2952/2952/2952 2953/2953/2953 2954/2954/2954
f 2954/2954/2954 2955/2955/2955 2952/2952/2952
f 2956/2956/2956 2957/2957/2957 2958/2958/2958
f 2958/2958/2958 2959/2959/2959 2956/2956/2956
f 2960/2960/2960 2961/2961/2961 2962/2962/2962
f 2962/2962/2962 2963/2963/2963 2960/2960/2960
f 2964/2964/2964 2965/2965/2965 2966/2966/2966
f 2966/2966/2966 2967/2967/2967 2964/2964/2964
f 2968/2968/2968 2969/2969/2969 2970/2970/2970
f 2970/2970/2970 2960/2960/2960 2968/2968/2968
f 2971/2971/2971 2944/2944/2944 2972/2972/2972
f 2972/2972/2972 2973/2973/2973 2971/2971/2971
f 2974/2974/2974 2975/2975/2975 2976/2976/2976
f 2976/2976/2976 2977/2977/2977 2974/2974/2974
f 2978/2978/2978 2979/2979/2979 2980/2980/2980
f 2980/2980/2980 2981/2981/2981 2978/2978/2978
f 2981/2981/2981 2982/2982/2982 2983/2983/2983
f 2983/2983/2983 2978/2978/2978 2984/2984/2984
f 2985/2985/2985 2986/2986/2986 2987/2987/2987
f 2987/2987/2987 2988/2988/2988 2989/2989/2989
f 2990/2990/2990 2991/2991/2991 2992/2992/2992
f 2992/2992/2992 2993/2993/2993 2990/2990/2990
f 2994/2994/2994 2995/2995/2995 2982/2982/2982
f 2982/2982/2982 2996/2996/2996 2994/2994/2994
f 2997/2997/2997 2998/2998/2998 2999/2999/2999
f 2999/2999/2999 3000/3000/3000 3001/3001/3001
f 3002/3002/3002 3003/3003/3003 3004/3004/3004
f 3004/3004/3004 3005/3005/3005 3002/3002/3002
f 3006/3006/3006 3007/3007/3007 3008/3008/3008
f 3008/3008/3008 3009/3009/3009 3006/3006/3006
f 3010/3010/3010 3011/3011/3011 3012/3012/3012
f 3012/3012/3012 3013/3013/3013 3014/3014/3014
f 3015/3015/3015 3016/3016/3016 3017/3017/3017
f 3017/3017/3017 3018/3018/3018 3015/3015/3015
f 3019/3019/3019 3020/3020/3020 3021/3021/3021
f 3021/3021/3021 3022/3022/3022 3023/3023/3023
f 3024/3024/3024 3025/3025/3025 3026/3026/3026
f 3026/3026/3026 3027/3027/3027 3024/3024/3024
f 3028/3028/3028 3029/3029/3029 3030/3030/3030
f 3030/3030/3030 3031/3031/3031 3028/3028/3028
f 3032/3032/3032 3033/3033/3033 3034/3034/3034
f 3034/3034/3034 3035/3035/3035 3036/3036/3036
f 3037/3037/3037 3038/3038/3038 3035/3035/3035
f 3035/3035/3035 3034/3034/3034 3037/3037/3037
f 3039/3039/3039 3040/3040/3040 3041/3041/3041
f 3041/3041/3041 3042/3042/3042 3039/3039/3039
f 3042/3042/3042 3043/3043/3043 3044/3044/3044
f 3044/3044/3044 3045/3045/3045 3042/3042/3042
f 3046/3046/3046 3047/3047/3047 3048/3048/3048
f 3048/3048/3048 3049/3049/3049 3050/3050/3050
f 3051/3051/3051 3052/3052/3052 3053/3053/3053
f 3053/3053/3053 3054/3054/3054 3051/3051/3051
f 3055/3055/3055 3056/3056/3056 3057/3057/3057
f 3057/3057/3057 3058/3058/3058 3055/3055/3055
f 3059/3059/3059 3055/3055/3055 3058/3058/3058
f 3058/3058/3058 3060/3060/3060 3059/3059/3059
f 3061/3061/3061 3062/3062/3062 3063/3063/3063
f 3063/3063/3063 3064/3064/3064 3061/3061/3061
f 3065/3065/3065 3066/3066/3066 3067/3067/3067
f 3067/3067/3067 3068/3068/3068 3069/3069/3069
f 3070/3070/3070 3071/3071/3071 3072/3072/3072
f 3072/3072/3072 3073/3073/3073 3070/3070/3070
f 3074/3074/3074 3075/3075/3075 3076/3076/3076
f 3076/3076/3076 3077/3077/3077 3078/3078/3078
f 3006/3006/3006 3059/3059/3059 3079/3079/3079
f 3079/3079/3079 3080/3080/3080 3006/3006/3006
f 3081/3081/3081 3082/3082/3082 3083/3083/3083
f 3083/3083/3083 3084/3084/3084 3081/3081/3081
f 3085/3085/3085 3077/3077/3077 3076/3076/3076
f 3076/3076/3076 3086/3086/3086 3085/3085/3085
f 3087/3087/3087 3088/3088/3088 3089/3089/3089
f 3089/3089/3089 3090/3090/3090 3087/3087/3087
f 3091/3091/3091 3092/3092/3092 3093/3093/3093
f 3093/3093/3093 3072/3072/3072 3091/3091/3091
f 3094/3094/3094 3095/3095/3095 3096/3096/3096
f 3096/3096/3096 3097/3097/3097 3098/3098/3098
f 3099/3099/3099 3100/3100/3100 3101/3101/3101
f 3101/3101/3101 3102/3102/3102 3099/3099/3099
f 3103/3103/3103 3104/3104/3104 3105/3105/3105
f 3105/3105/3105 3106/3106/3106 3103/3103/3103
f 3107/3107/3107 2922/2922/2922 3108/3108/3108
f 3108/3108/3108 3099/3099/3099 3107/3107/3107
f 2932/2932/2932 3109/3109/3109 3110/3110/3110
f 3110/3110/3110 3111/3111/3111 2932/2932/2932
f 3112/3112/3112 3113/3113/3113 3114/3114/3114
f 3114/3114/3114 3115/3115/3115 3112/3112/3112
f 3116/3116/3116 3117/3117/3117 3118/3118/3118
f 3118/3118/3118 3119/3119/3119 3116/3116/3116
f 3120/3120/3120 3121/3121/3121 3122/3122/3122
f 3122/3122/3122 3117/3117/3117 3120/3120/3120
f 3119/3119/3119 3118/3118/3118 3123/3123/3123
f 3123/3123/3123 3124/3124/3124 3125/3125/3125
f 3126/3126/3126 3127/3127/3127 3128/3128/3128
f 3128/3128/3128 3129/3129/3129 3130/3130/3130
f 3129/3129/3129 3131/3131/3131 3132/3132/3132
f 3132/3132/3132 3130/3130/3130 3129/3129/3129
f 3133/3133/3133 3134/3134/3134 3135/3135/3135
f 3135/3135/3135 3120/3120/3120 3136/3136/3136
f 3006/3006/3006 2968/2968/2968 3137/3137/3137
f 3137/3137/3137 3138/3138/3138 3006/3006/3006
f 3139/3139/3139 3140/3140/3140 3037/3037/3037
f 3037/3037/3037 3141/3141/3141 3139/3139/3139
f 3142/3142/3142 3143/3143/3143 3144/3144/3144
f 3144/3144/3144 3145/3145/3145 3142/3142/3142
f 3146/3146/3146 3147/3147/3147 3148/3148/3148
f 3148/3148/3148 3149/3149/3149 3150/3150/3150
f 3147/3147/3147 3150/3150/3150 3151/3151/3151
f 3151/3151/3151 3152/3152/3152 3147/3147/3147
f 3153/3153/3153 3154/3154/3154 3036/3036/3036
f 3036/3036/3036 3155/3155/3155 3153/3153/3153
f 3033/3033/3033 3036/3036/3036 3156/3156/3156
f 3156/3156/3156 3157/3157/3157 3033/3033/3033
f 3158/3158/3158 3159/3159/3159 3160/3160/3160
f 3160/3160/3160 3161/3161/3161 3158/3158/3158
f 2992/2992/2992 3162/3162/3162 3163/3163/3163
f 3163/3163/3163 3164/3164/3164 2992/2992/2992
f 3165/3165/3165 3166/3166/3166 3167/3167/3167
f 3167/3167/3167 3168/3168/3168 3165/3165/3165
f 3169/3169/3169 3170/3170/3170 3171/3171/3171
f 3171/3171/3171 3160/3160/3160 3169/3169/3169
f 3172/3172/3172 3173/3173/3173 3174/3174/3174
f 3174/3174/3174 3175/3175/3175 3172/3172/3172
f 3176/3176/3176 3177/3177/3177 3178/3178/3178
f 3178/3178/3178 3179/3179/3179 3176/3176/3176
f 3177/3177/3177 3176/3176/3176 3180/3180/3180
f 3180/3180/3180 3181/3181/3181 3177/3177/3177
f 3182/3182/3182 3183/3183/3183 3184/3184/3184
f 3185/3185/3185 3186/3186/3186 3187/3187/3187
f 3187/3187/3187 3188/3188/3188 3189/3189/3189
f 3190/3190/3190 3191/3191/3191 3192/3192/3192
f 3192/3192/3192 3193/3193/3193 3190/3190/3190
f 3194/3194/3194 3195/3195/3195 3196/3196/3196
f 3196/3196/3196 3197/3197/3197 3194/3194/3194
f 3198/3198/3198 3199/3199/3199 3200/3200/3200
f 3200/3200/3200 3201/3201/3201 3198/3198/3198
f 3202/3202/3202 3203/3203/3203 3204/3204/3204
f 3204/3204/3204 3205/3205/3205 3202/3202/3202
f 3206/3206/3206 3207/3207/3207 3208/3208/3208
f 3208/3208/3208 3209/3209/3209 3206/3206/3206
f 3210/3210/3210 3198/3198/3198 3206/3206/3206
f 3206/3206/3206 3211/3211/3211 3210/3210/3210
f 3212/3212/3212 3213/3213/3213 3214/3214/3214
f 3214/3214/3214 3215/3215/3215 3216/3216/3216
f 3217/3217/3217 3218/3218/3218 3219/3219/3219
f 3219/3219/3219 3220/3220/3220 3217/3217/3217
f 3221/3221/3221 3222/3222/3222 3223/3223/3223
f 3223/3223/3223 3224/3224/3224 3221/3221/3221
f 3225/3225/3225 3226/3226/3226 3227/3227/3227
f 3227/3227/3227 3228/3228/3228 3225/3225/3225
f 3229/3229/3229 3230/3230/3230 3231/3231/3231
f 3231/3231/3231 3227/3227/3227 3229/3229/3229
f 3232/3232/3232 3233/3233/3233 3234/3234/3234
f 3234/3234/3234 3235/3235/3235 3236/3236/3236
f 3233/3233/3233 3237/3237/3237 3227/3227/3227
f 3227/3227/3227 3238/3238/3238 3233/3233/3233
f 3239/3239/3239 3240/3240/3240 3241/3241/3241
f 3241/3241/3241 3242/3242/3242 3239/3239/3239
f 3243/3243/3243 3244/3244/3244 3245/3245/3245
f 3245/3245/3245 3246/3246/3246 3243/3243/3243
f 3247/3247/3247 3248/3248/3248 3249/3249/3249
f 3249/3249/3249 3250/3250/3250 3251/3251/3251
f 3252/3252/3252 3253/3253/3253 3254/3254/3254
f 3254/3254/3254 3255/3255/3255 3252/3252/3252
f 3256/3256/3256 3257/3257/3257 3258/3258/3258
f 3258/3258/3258 3259/3259/3259 3260/3260/3260
f 3261/3261/3261 3262/3262/3262 3263/3263/3263
f 3263/3263/3263 3264/3264/3264 3265/3265/3265
f 3266/3266/3266 3210/3210/3210 3267/3267/3267
f 3267/3267/3267 3268/3268/3268 3266/3266/3266
f 3239/3239/3239 3269/3269/3269 3270/3270/3270
f 3270/3270/3270 3271/3271/3271 3239/3239/3239
f 3262/3262/3262 3272/3272/3272 3273/3273/3273
f 3273/3273/3273 3274/3274/3274 3262/3262/3262
f 3275/3275/3275 3276/3276/3276 3277/3277/3277
f 3277/3277/3277 3278/3278/3278 3275/3275/3275
f 3279/3279/3279 3280/3280/3280 3281/3281/3281
f 3281/3281/3281 3282/3282/3282 3283/3283/3283
f 3284/3284/3284 3285/3285/3285 3286/3286/3286
f 3286/3286/3286 3271/3271/3271 3284/3284/3284
f 3287/3287/3287 3288/3288/3288 3289/3289/3289
f 3289/3289/3289 3290/3290/3290 3287/3287/3287
f 3291/3291/3291 3292/3292/3292 3293/3293/3293
f 3293/3293/3293 3294/3294/3294 3291/3291/3291
f 3295/3295/3295 3296/3296/3296 3297/3297/3297
f 3297/3297/3297 3298/3298/3298 3299/3299/3299
f 3300/3300/3300 3301/3301/3301 3302/3302/3302
f 3302/3302/3302 3208/3208/3208 3300/3300/3300
f 3303/3303/3303 3284/3284/3284 3304/3304/3304
f 3304/3304/3304 3305/3305/3305 3303/3303/3303
f 3306/3306/3306 3307/3307/3307 3308/3308/3308
f 3308/3308/3308 3309/3309/3309 3310/3310/3310
f 3311/3311/3311 3312/3312/3312 3313/3313/3313
f 3313/3313/3313 3314/3314/3314 3315/3315/3315
f 3316/3316/3316 3308/3308/3308 3317/3317/3317
f 3317/3317/3317 3318/3318/3318 3316/3316/3316
f 3319/3319/3319 3320/3320/3320 3284/3284/3284
f 3284/3284/3284 3303/3303/3303 3319/3319/3319
f 3321/3321/3321 3322/3322/3322 3323/3323/3323
f 3323/3323/3323 3324/3324/3324 3325/3325/3325
f 3326/3326/3326 3327/3327/3327 3328/3328/3328
f 3328/3328/3328 3287/3287/3287 3329/3329/3329
f 3330/3330/3330 3331/3331/3331 3332/3332/3332
f 3332/3332/3332 3333/3333/3333 3334/3334/3334
f 3335/3335/3335 3336/3336/3336 3337/3337/3337
f 3337/3337/3337 3338/3338/3338 3335/3335/3335
f 3339/3339/3339 3340/3340/3340 3341/3341/3341
f 3341/3341/3341 3342/3342/3342 3339/3339/3339
f 3343/3343/3343 3344/3344/3344 3345/3345/3345
f 3345/3345/3345 3339/3339/3339 3346/3346/3346
f 3347/3347/3347 3348/3348/3348 3349/3349/3349
f 3349/3349/3349 3350/3350/3350 3351/3351/3351
f 3352/3352/3352 3333/3333/3333 3353/3353/3353
f 3353/3353/3353 3354/3354/3354 3352/3352/3352
f 3353/3353/3353 3355/3355/3355 3354/3354/3354
f 3356/3356/3356 3357/3357/3357 3358/3358/3358
f 3358/3358/3358 3359/3359/3359 3356/3356/3356
f 3360/3360/3360 3361/3361/3361 3362/3362/3362
f 3362/3362/3362 3363/3363/3363 3364/3364/3364
f 3365/3365/3365 3366/3366/3366 3367/3367/3367
f 3367/3367/3367 3368/3368/3368 3365/3365/3365
f 3369/3369/3369 3367/3367/3367 3370/3370/3370
f 3371/3371/3371 3372/3372/3372 3369/3369/3369
f 3369/3369/3369 3373/3373/3373 3371/3371/3371
f 3374/3374/3374 3375/3375/3375 3376/3376/3376
f 3377/3377/3377 3378/3378/3378 3379/3379/3379
f 3380/3380/3380 3381/3381/3381 3382/3382/3382
f 3382/3382/3382 3383/3383/3383 3384/3384/3384
f 3377/3377/3377 3381/3381/3381 3384/3384/3384
f 3384/3384/3384 3385/3385/3385 3377/3377/3377
f 3386/3386/3386 3387/3387/3387 3388/3388/3388
f 3388/3388/3388 3389/3389/3389 3386/3386/3386
f 3390/3390/3390 3391/3391/3391 3392/3392/3392
f 3392/3392/3392 3386/3386/3386 3390/3390/3390
f 3393/3393/3393 3394/3394/3394 3395/3395/3395
f 3395/3395/3395 3377/3377/3377 3396/3396/3396
f 3397/3397/3397 3398/3398/3398 3399/3399/3399
f 3399/3399/3399 3394/3394/3394 3400/3400/3400
f 3401/3401/3401 3402/3402/3402 3403/3403/3403
f 3403/3403/3403 3404/3404/3404 3401/3401/3401
f 3398/3398/3398 3400/3400/3400 3405/3405/3405
f 3405/3405/3405 3406/3406/3406 3398/3398/3398
f 3407/3407/3407 3408/3408/3408 3409/3409/3409
f 3409/3409/3409 3410/3410/3410 3411/3411/3411
f 3410/3410/3410 3412/3412/3412 3413/3413/3413
f 3413/3413/3413 3414/3414/3414 3410/3410/3410
f 3415/3415/3415 3416/3416/3416 3417/3417/3417
f 3417/3417/3417 3418/3418/3418 3419/3419/3419
f 3420/3420/3420 3421/3421/3421 3422/3422/3422
f 3422/3422/3422 3423/3423/3423 3420/3420/3420
f 3424/3424/3424 3425/3425/3425 3426/3426/3426
f 3426/3426/3426 3427/3427/3427 3424/3424/3424
f 3427/3427/3427 3426/3426/3426 3420/3420/3420
f 3420/3420/3420 3423/3423/3423 3427/3427/3427
f 3428/3428/3428 3429/3429/3429 3430/3430/3430
f 3430/3430/3430 3431/3431/3431 3428/3428/3428
f 3432/3432/3432 3418/3418/3418 3433/3433/3433
f 3433/3433/3433 3434/3434/3434 3432/3432/3432
f 3433/3433/3433 3435/3435/3435 3434/3434/3434
f 3436/3436/3436 3437/3437/3437 3438/3438/3438
f 3438/3438/3438 3439/3439/3439 3440/3440/3440
f 3438/3438/3438 3437/3437/3437 3441/3441/3441
f 3441/3441/3441 3442/3442/3442 3438/3438/3438
f 3442/3442/3442 3441/3441/3441 3435/3435/3435
f 3435/3435/3435 3424/3424/3424 3442/3442/3442
f 3442/3442/3442 3424/3424/3424 3443/3443/3443
f 3429/3429/3429 3428/3428/3428 3442/3442/3442
f 3442/3442/3442 3443/3443/3443 3429/3429/3429
f 3444/3444/3444 3445/3445/3445 3446/3446/3446
f 3446/3446/3446 3447/3447/3447 3444/3444/3444
f 3448/3448/3448 3449/3449/3449 3450/3450/3450
f 3450/3450/3450 3446/3446/3446 3448/3448/3448
f 3451/3451/3451 3452/3452/3452 3453/3453/3453
f 3453/3453/3453 3454/3454/3454 3451/3451/3451
f 3455/3455/3455 3456/3456/3456 3457/3457/3457
f 3457/3457/3457 3458/3458/3458 3455/3455/3455
f 3459/3459/3459 3460/3460/3460 3461/3461/3461
f 3461/3461/3461 3444/3444/3444 3462/3462/3462
f 3463/3463/3463 3464/3464/3464 3465/3465/3465
f 3465/3465/3465 3453/3453/3453 3463/3463/3463
f 3466/3466/3466 3451/3451/3451 3467/3467/3467
f 3467/3467/3467 3468/3468/3468 3466/3466/3466
f 3464/3464/3464 3463/3463/3463 3456/3456/3456
f 3456/3456/3456 3455/3455/3455 3464/3464/3464
f 3469/3469/3469 3470/3470/3470 3471/3471/3471
f 3472/3472/3472 3471/3471/3471 3451/3451/3451
f 3473/3473/3473 3471/3471/3471 3472/3472/3472
f 3474/3474/3474 3471/3471/3471 3473/3473/3473
f 3475/3475/3475 3471/3471/3471 3474/3474/3474
f 3471/3471/3471 3476/3476/3476 3477/3477/3477
f 3478/3478/3478 3479/3479/3479 3480/3480/3480
f 3480/3480/3480 3481/3481/3481 3482/3482/3482
f 3483/3483/3483 3484/3484/3484 3485/3485/3485
f 3485/3485/3485 3486/3486/3486 3487/3487/3487
f 3488/3488/3488 3489/3489/3489 3486/3486/3486
f 3486/3486/3486 3490/3490/3490 3488/3488/3488
f 3491/3491/3491 3488/3488/3488 3492/3492/3492
f 3492/3492/3492 3493/3493/3493 3494/3494/3494
f 3495/3495/3495 3496/3496/3496 3493/3493/3493
f 3493/3493/3493 3497/3497/3497 3495/3495/3495
f 3498/3498/3498 3495/3495/3495 3499/3499/3499
f 3499/3499/3499 3500/3500/3500 3498/3498/3498
f 3501/3501/3501 3498/3498/3498 3500/3500/3500
f 3500/3500/3500 3502/3502/3502 3501/3501/3501
f 3503/3503/3503 3504/3504/3504 3505/3505/3505
f 3505/3505/3505 3501/3501/3501 3503/3503/3503
f 3505/3505/3505 3481/3481/3481 3506/3506/3506
f 3506/3506/3506 3507/3507/3507 3505/3505/3505
f 3508/3508/3508 3509/3509/3509 3484/3484/3484
f 3484/3484/3484 3510/3510/3510 3508/3508/3508
f 3511/3511/3511 3512/3512/3512 3513/3513/3513
f 3514/3514/3514 3508/3508/3508 3515/3515/3515
f 3515/3515/3515 3516/3516/3516 3514/3514/3514
f 3517/3517/3517 3514/3514/3514 3516/3516/3516
f 3516/3516/3516 3518/3518/3518 3517/3517/3517
f 3511/3511/3511 3517/3517/3517 3518/3518/3518
f 3518/3518/3518 3519/3519/3519 3511/3511/3511
f 3501/3501/3501 3505/3505/3505 3507/3507/3507
f 3507/3507/3507 3520/3520/3520 3501/3501/3501
f 3520/3520/3520 3521/3521/3521 3522/3522/3522
f 3522/3522/3522 3501/3501/3501 3523/3523/3523
f 3521/3521/3521 3511/3511/3511 3519/3519/3519
f 3519/3519/3519 3522/3522/3522 3521/3521/3521
f 3524/3524/3524 3525/3525/3525 3526/3526/3526
f 3527/3527/3527 3528/3528/3528 3529/3529/3529
f 3529/3529/3529 3530/3530/3530 3531/3531/3531
f 3532/3532/3532 3533/3533/3533 3530/3530/3530
f 3530/3530/3530 3534/3534/3534 3532/3532/3532
f 3535/3535/3535 3536/3536/3536 3532/3532/3532
f 3537/3537/3537 3538/3538/3538 3539/3539/3539
f 3539/3539/3539 3540/3540/3540 3537/3537/3537
f 3541/3541/3541 3537/3537/3537 3540/3540/3540
f 3540/3540/3540 3542/3542/3542 3541/3541/3541
f 3542/3542/3542 3543/3543/3543 3544/3544/3544
f 3544/3544/3544 3545/3545/3545 3542/3542/3542
f 3546/3546/3546 3547/3547/3547 3548/3548/3548
f 3549/3549/3549 3550/3550/3550 3551/3551/3551
f 3551/3551/3551 3544/3544/3544 3552/3552/3552
f 3553/3553/3553 3554/3554/3554 3555/3555/3555
f 3555/3555/3555 3556/3556/3556 3553/3553/3553
f 3557/3557/3557 3553/3553/3553 3558/3558/3558
f 3558/3558/3558 3559/3559/3559 3557/3557/3557
f 3560/3560/3560 3557/3557/3557 3559/3559/3559
f 3559/3559/3559 3561/3561/3561 3562/3562/3562
f 3563/3563/3563 3562/3562/3562 3561/3561/3561
f 3561/3561/3561 3564/3564/3564 3563/3563/3563
f 3565/3565/3565 3566/3566/3566 3511/3511/3511
f 3511/3511/3511 3513/3513/3513 3565/3565/3565
f 3567/3567/3567 3568/3568/3568 3566/3566/3566
f 3566/3566/3566 3565/3565/3565 3567/3567/3567
f 3567/3567/3567 3569/3569/3569 3570/3570/3570
f 3571/3571/3571 3572/3572/3572 3573/3573/3573
f 3573/3573/3573 3548/3548/3548 3571/3571/3571
f 3574/3574/3574 3575/3575/3575 3572/3572/3572
f 3572/3572/3572 3571/3571/3571 3574/3574/3574
f 3574/3574/3574 3576/3576/3576 3577/3577/3577
f 3578/3578/3578 3579/3579/3579 3580/3580/3580
f 3580/3580/3580 3581/3581/3581 3578/3578/3578
f 3582/3582/3582 3583/3583/3583 3584/3584/3584
f 3584/3584/3584 3585/3585/3585 3582/3582/3582
f 3586/3586/3586 3587/3587/3587 3588/3588/3588
f 3588/3588/3588 3589/3589/3589 3586/3586/3586
f 3590/3590/3590 3591/3591/3591 3592/3592/3592
f 3592/3592/3592 3580/3580/3580 3590/3590/3590
f 3593/3593/3593 3594/3594/3594 3595/3595/3595
f 3595/3595/3595 3596/3596/3596 3593/3593/3593
f 3596/3596/3596 3595/3595/3595 3597/3597/3597
f 3597/3597/3597 3598/3598/3598 3599/3599/3599
f 3597/3597/3597 3600/3600/3600 3588/3588/3588
f 3588/3588/3588 3598/3598/3598 3597/3597/3597
f 3601/3601/3601 3602/3602/3602 3603/3603/3603
f 3603/3603/3603 3604/3604/3604 3601/3601/3601
f 3586/3586/3586 3589/3589/3589 3605/3605/3605
f 3605/3605/3605 3606/3606/3606 3586/3586/3586
f 3607/3607/3607 3608/3608/3608 3609/3609/3609
f 3609/3609/3609 3610/3610/3610 3607/3607/3607
f 3611/3611/3611 3612/3612/3612 3613/3613/3613
f 3613/3613/3613 3614/3614/3614 3611/3611/3611
f 3615/3615/3615 3616/3616/3616 3607/3607/3607
f 3607/3607/3607 3617/3617/3617 3615/3615/3615
f 3618/3618/3618 3616/3616/3616 3615/3615/3615
f 3615/3615/3615 3619/3619/3619 3618/3618/3618
f 3620/3620/3620 3621/3621/3621 3622/3622/3622
f 3622/3622/3622 3623/3623/3623 3620/3620/3620
f 3624/3624/3624 3625/3625/3625 3626/3626/3626
f 3626/3626/3626 3627/3627/3627 3628/3628/3628
f 3625/3625/3625 3628/3628/3628 3615/3615/3615
f 3615/3615/3615 3629/3629/3629 3625/3625/3625
f 3630/3630/3630 3629/3629/3629 3607/3607/3607
f 3607/3607/3607 3631/3631/3631 3630/3630/3630
f 3618/3618/3618 3632/3632/3632 3633/3633/3633
f 3633/3633/3633 3634/3634/3634 3618/3618/3618
f 3635/3635/3635 3636/3636/3636 3637/3637/3637
f 3637/3637/3637 3638/3638/3638 3635/3635/3635
f 3639/3639/3639 3640/3640/3640 3641/3641/3641
f 3641/3641/3641 3642/3642/3642 3643/3643/3643
f 3644/3644/3644 3645/3645/3645 3643/3643/3643
f 3643/3643/3643 3642/3642/3642 3644/3644/3644
f 3646/3646/3646 3647/3647/3647 3648/3648/3648
f 3648/3648/3648 3649/3649/3649 3646/3646/3646
f 3642/3642/3642 3650/3650/3650 3651/3651/3651
f 3651/3651/3651 3652/3652/3652 3642/3642/3642
f 3647/3647/3647 3640/3640/3640 3653/3653/3653
f 3653/3653/3653 3654/3654/3654 3647/3647/3647
f 3655/3655/3655 3656/3656/3656 3650/3650/3650
f 3650/3650/3650 3657/3657/3657 3658/3658/3658
f 3659/3659/3659 3660/3660/3660 3661/3661/3661
f 3661/3661/3661 3662/3662/3662 3659/3659/3659
f 3663/3663/3663 3664/3664/3664 3665/3665/3665
f 3665/3665/3665 3666/3666/3666 3663/3663/3663
f 3663/3663/3663 3660/3660/3660 3664/3664/3664
f 3667/3667/3667 3668/3668/3668 3657/3657/3657
f 3660/3660/3660 3659/3659/3659 3664/3664/3664
f 3657/3657/3657 3668/3668/3668 3669/3669/3669
f 3670/3670/3670 3671/3671/3671 3672/3672/3672
f 3672/3672/3672 3673/3673/3673 3670/3670/3670
f 3674/3674/3674 3672/3672/3672 3671/3671/3671
f 3671/3671/3671 3675/3675/3675 3674/3674/3674
f 3676/3676/3676 3672/3672/3672 3674/3674/3674
f 3674/3674/3674 3677/3677/3677 3676/3676/3676
f 3678/3678/3678 3679/3679/3679 3676/3676/3676
f 3676/3676/3676 3680/3680/3680 3678/3678/3678
f 3681/3681/3681 3682/3682/3682 3683/3683/3683
f 3683/3683/3683 3684/3684/3684 3685/3685/3685
f 3686/3686/3686 3687/3687/3687 3688/3688/3688
f 3688/3688/3688 3689/3689/3689 3686/3686/3686
f 3686/3686/3686 3675/3675/3675 3690/3690/3690
f 3690/3690/3690 3687/3687/3687 3686/3686/3686
f 3670/3670/3670 3691/3691/3691 3692/3692/3692
f 3692/3692/3692 3693/3693/3693 3670/3670/3670
f 3685/3685/3685 3694/3694/3694 3695/3695/3695
f 3695/3695/3695 3696/3696/3696 3685/3685/3685
f 3697/3697/3697 3698/3698/3698 3699/3699/3699
f 3699/3699/3699 3700/3700/3700 3697/3697/3697
f 3701/3701/3701 3702/3702/3702 3703/3703/3703
f 3703/3703/3703 3704/3704/3704 3701/3701/3701
f 3705/3705/3705 3706/3706/3706 3707/3707/3707
f 3707/3707/3707 3708/3708/3708 3705/3705/3705
f 3709/3709/3709 3710/3710/3710 3711/3711/3711
f 3711/3711/3711 3712/3712/3712 3709/3709/3709
f 3713/3713/3713 3714/3714/3714 3715/3715/3715
f 3715/3715/3715 3716/3716/3716 3713/3713/3713
f 3717/3717/3717 3718/3718/3718 3719/3719/3719
f 3720/3720/3720 3701/3701/3701 3721/3721/3721
f 3721/3721/3721 3722/3722/3722 3723/3723/3723
f 3724/3724/3724 3725/3725/3725 3726/3726/3726
f 3726/3726/3726 3727/3727/3727 3728/3728/3728
f 3729/3729/3729 3730/3730/3730 3701/3701/3701
f 3701/3701/3701 3709/3709/3709 3729/3729/3729
f 3731/3731/3731 3732/3732/3732 3733/3733/3733
f 3734/3734/3734 3735/3735/3735 3736/3736/3736
f 3736/3736/3736 3737/3737/3737 3738/3738/3738
f 3739/3739/3739 3740/3740/3740 3741/3741/3741
f 3741/3741/3741 3742/3742/3742 3739/3739/3739
f 3743/3743/3743 3744/3744/3744 3745/3745/3745
f 3745/3745/3745 3746/3746/3746 3743/3743/3743
f 3741/3741/3741 3747/3747/3747 3748/3748/3748
f 3748/3748/3748 3749/3749/3749 3741/3741/3741
f 3750/3750/3750 3751/3751/3751 3752/3752/3752
f 3752/3752/3752 3753/3753/3753 3754/3754/3754
f 3755/3755/3755 3756/3756/3756 3757/3757/3757
f 3757/3757/3757 3758/3758/3758 3759/3759/3759
f 3760/3760/3760 3761/3761/3761 3762/3762/3762
f 3762/3762/3762 3763/3763/3763 3764/3764/3764
f 3765/3765/3765 3766/3766/3766 3767/3767/3767
f 3767/3767/3767 3768/3768/3768 3769/3769/3769
f 3770/3770/3770 3771/3771/3771 3772/3772/3772
f 3772/3772/3772 3773/3773/3773 3770/3770/3770
f 3774/3774/3774 3775/3775/3775 3776/3776/3776
f 3776/3776/3776 3777/3777/3777 3778/3778/3778
f 3779/3779/3779 3780/3780/3780 3781/3781/3781
f 3781/3781/3781 3782/3782/3782 3783/3783/3783
f 3784/3784/3784 3785/3785/3785 3786/3786/3786
f 3786/3786/3786 3787/3787/3787 3784/3784/3784
f 3788/3788/3788 3789/3789/3789 3790/3790/3790
f 3790/3790/3790 3791/3791/3791 3788/3788/3788
f 3792/3792/3792 3793/3793/3793 3794/3794/3794
f 3794/3794/3794 3795/3795/3795 3792/3792/3792
f 3796/3796/3796 3797/3797/3797 3798/3798/3798
f 3798/3798/3798 3799/3799/3799 3800/3800/3800
f 3800/3800/3800 3801/3801/3801 3798/3798/3798
f 3802/3802/3802 3803/3803/3803 3804/3804/3804
f 3804/3804/3804 3805/3805/3805 3802/3802/3802
f 3806/3806/3806 3807/3807/3807 3808/3808/3808
f 3808/3808/3808 3809/3809/3809 3806/3806/3806
f 3810/3810/3810 3811/3811/3811 3812/3812/3812
f 3812/3812/3812 3792/3792/3792 3810/3810/3810
f 3813/3813/3813 3814/3814/3814 3815/3815/3815
f 3815/3815/3815 3816/3816/3816 3817/3817/3817
f 3818/3818/3818 3819/3819/3819 3820/3820/3820
f 3820/3820/3820 3821/3821/3821 3818/3818/3818
f 3822/3822/3822 3823/3823/3823 3824/3824/3824
f 3824/3824/3824 3825/3825/3825 3822/3822/3822
f 3826/3826/3826 3827/3827/3827 3828/3828/3828
f 3828/3828/3828 3829/3829/3829 3826/3826/3826
f 3830/3830/3830 3831/3831/3831 3832/3832/3832
f 3832/3832/3832 3808/3808/3808 3833/3833/3833
f 3834/3834/3834 3835/3835/3835 3836/3836/3836
f 3837/3837/3837 3838/3838/3838 3839/3839/3839
f 3839/3839/3839 3840/3840/3840 3837/3837/3837
f 3841/3841/3841 3842/3842/3842 3843/3843/3843
f 3843/3843/3843 3844/3844/3844 3841/3841/3841
f 3845/3845/3845 3846/3846/3846 3847/3847/3847
f 3847/3847/3847 3848/3848/3848 3849/3849/3849
f 3850/3850/3850 3851/3851/3851 3816/3816/3816
f 3816/3816/3816 3852/3852/3852 3850/3850/3850
f 3853/3853/3853 3854/3854/3854 3855/3855/3855
f 3855/3855/3855 3856/3856/3856 3857/3857/3857
f 3858/3858/3858 3859/3859/3859 3860/3860/3860
f 3860/3860/3860 3861/3861/3861 3858/3858/3858
f 3862/3862/3862 3863/3863/3863 3864/3864/3864
f 3864/3864/3864 3865/3865/3865 3862/3862/3862
f 3866/3866/3866 3867/3867/3867 3868/3868/3868
f 3868/3868/3868 3869/3869/3869 3870/3870/3870
f 3871/3871/3871 3872/3872/3872 3873/3873/3873
f 3873/3873/3873 3874/3874/3874 3875/3875/3875
f 3876/3876/3876 3877/3877/3877 3878/3878/3878
f 3878/3878/3878 3879/3879/3879 3876/3876/3876
f 3880/3880/3880 3881/3881/3881 3882/3882/3882
f 3882/3882/3882 3883/3883/3883 3880/3880/3880
f 3867/3867/3867 3875/3875/3875 3884/3884/3884
f 3884/3884/3884 3885/3885/3885 3867/3867/3867
f 3886/3886/3886 3887/3887/3887 3888/3888/3888
f 3888/3888/3888 3889/3889/3889 3886/3886/3886
f 3890/3890/3890 3891/3891/3891 3892/3892/3892
f 3892/3892/3892 3893/3893/3893 3890/3890/3890
f 3894/3894/3894 3895/3895/3895 3896/3896/3896
f 3896/3896/3896 3897/3897/3897 3898/3898/3898
f 3899/3899/3899 3900/3900/3900 3901/3901/3901
f 3901/3901/3901 3902/3902/3902 3899/3899/3899
f 3903/3903/3903 3904/3904/3904 3800/3800/3800
f 3800/3800/3800 3905/3905/3905 3903/3903/3903
f 3906/3906/3906 3907/3907/3907 3908/3908/3908
f 3908/3908/3908 3909/3909/3909 3910/3910/3910
f 3911/3911/3911 3912/3912/3912 3913/3913/3913
f 3913/3913/3913 3914/3914/3914 3911/3911/3911
f 3915/3915/3915 3916/3916/3916 3917/3917/3917
f 3917/3917/3917 3918/3918/3918 3915/3915/3915
f 3919/3919/3919 3920/3920/3920 3921/3921/3921
f 3921/3921/3921 3922/3922/3922 3919/3919/3919
f 3923/3923/3923 3924/3924/3924 3925/3925/3925
f 3925/3925/3925 3926/3926/3926 3927/3927/3927
f 3928/3928/3928 3929/3929/3929 3930/3930/3930
f 3930/3930/3930 3889/3889/3889 3928/3928/3928
f 3931/3931/3931 3932/3932/3932 3933/3933/3933
f 3933/3933/3933 3934/3934/3934 3935/3935/3935
f 3936/3936/3936 3937/3937/3937 3938/3938/3938
f 3938/3938/3938 3939/3939/3939 3936/3936/3936
f 3940/3940/3940 3941/3941/3941 3942/3942/3942
f 3942/3942/3942 3943/3943/3943 3940/3940/3940
f 3944/3944/3944 3945/3945/3945 3946/3946/3946
f 3947/3947/3947 3948/3948/3948 3949/3949/3949
f 3949/3949/3949 3950/3950/3950 3951/3951/3951
f 3952/3952/3952 3953/3953/3953 3954/3954/3954
f 3954/3954/3954 3955/3955/3955 3952/3952/3952
f 3956/3956/3956 3957/3957/3957 3958/3958/3958
f 3959/3959/3959 3960/3960/3960 3961/3961/3961
f 3961/3961/3961 3962/3962/3962 3959/3959/3959
f 3963/3963/3963 3964/3964/3964 3965/3965/3965
f 3965/3965/3965 3966/3966/3966 3963/3963/3963
f 3967/3967/3967 3968/3968/3968 3969/3969/3969
f 3969/3969/3969 3970/3970/3970 3967/3967/3967
f 3971/3971/3971 3972/3972/3972 3973/3973/3973
f 3973/3973/3973 3974/3974/3974 3971/3971/3971
f 3975/3975/3975 3976/3976/3976 3977/3977/3977
f 3977/3977/3977 3978/3978/3978 3975/3975/3975
f 3979/3979/3979 3980/3980/3980 3981/3981/3981
f 3981/3981/3981 3982/3982/3982 3979/3979/3979
f 3983/3983/3983 3984/3984/3984 3985/3985/3985
f 3985/3985/3985 3986/3986/3986 3983/3983/3983
f 3987/3987/3987 3988/3988/3988 3989/3989/3989
f 3989/3989/3989 3990/3990/3990 3987/3987/3987
f 3991/3991/3991 3992/3992/3992 3993/3993/3993
f 3993/3993/3993 3994/3994/3994 3991/3991/3991
f 3995/3995/3995 3996/3996/3996 3862/3862/3862
f 3862/3862/3862 3997/3997/3997 3995/3995/3995
f 3998/3998/3998 3999/3999/3999 4000/4000/4000
f 3989/3989/3989 4001/4001/4001 4002/4002/4002
f 4002/4002/4002 4003/4003/4003 3989/3989/3989
f 4004/4004/4004 4005/4005/4005 4006/4006/4006
f 4006/4006/4006 3766/3766/3766 4007/4007/4007
f 4008/4008/4008 4009/4009/4009 4010/4010/4010
f 4010/4010/4010 4011/4011/4011 4012/4012/4012
f 4013/4013/4013 4014/4014/4014 4015/4015/4015
f 4015/4015/4015 4016/4016/4016 4013/4013/4013
f 4017/4017/4017 4018/4018/4018 4019/4019/4019
f 4019/4019/4019 4020/4020/4020 4017/4017/4017
f 4021/4021/4021 4022/4022/4022 4023/4023/4023
f 4023/4023/4023 4024/4024/4024 4021/4021/4021
f 4025/4025/4025 4026/4026/4026 4027/4027/4027
f 4027/4027/4027 4028/4028/4028 4029/4029/4029
f 4030/4030/4030 4031/4031/4031 4032/4032/4032
f 4032/4032/4032 4033/4033/4033 4030/4030/4030
f 4034/4034/4034 4035/4035/4035 4036/4036/4036
f 4036/4036/4036 4037/4037/4037 4034/4034/4034
f 4038/4038/4038 4039/4039/4039 4040/4040/4040
f 4040/4040/4040 4041/4041/4041 4038/4038/4038
f 4042/4042/4042 4043/4043/4043 4044/4044/4044
f 4044/4044/4044 4045/4045/4045 4042/4042/4042
f 4046/4046/4046 4047/4047/4047 4048/4048/4048
f 4048/4048/4048 4049/4049/4049 4046/4046/4046
f 4050/4050/4050 4051/4051/4051 4052/4052/4052
f 4052/4052/4052 4053/4053/4053 4050/4050/4050
f 4054/4054/4054 4055/4055/4055 4056/4056/4056
f 4056/4056/4056 4057/4057/4057 4054/4054/4054
f 4058/4058/4058 4059/4059/4059 4060/4060/4060
f 4060/4060/4060 4061/4061/4061 4058/4058/4058
f 4062/4062/4062 4063/4063/4063 4064/4064/4064
f 4064/4064/4064 4065/4065/4065 4062/4062/4062
f 4066/4066/4066 4067/4067/4067 4068/4068/4068
f 4068/4068/4068 4040/4040/4040 4066/4066/4066
f 4069/4069/4069 4070/4070/4070 4071/4071/4071
f 4071/4071/4071 4072/4072/4072 4069/4069/4069
f 4073/4073/4073 4074/4074/4074 4007/4007/4007
f 4007/4007/4007 4075/4075/4075 4076/4076/4076
f 4077/4077/4077 4078/4078/4078 4079/4079/4079
f 4079/4079/4079 4080/4080/4080 4081/4081/4081
f 4082/4082/4082 4083/4083/4083 4084/4084/4084
f 4084/4084/4084 4085/4085/4085 4082/4082/4082
f 4086/4086/4086 4087/4087/4087 4088/4088/4088
f 4088/4088/4088 4089/4089/4089 4086/4086/4086
f 4090/4090/4090 4091/4091/4091 4092/4092/4092
f 4092/4092/4092 4093/4093/4093 4090/4090/4090
f 4086/4086/4086 4094/4094/4094 4095/4095/4095
f 4095/4095/4095 4090/4090/4090 4086/4086/4086
f 4096/4096/4096 4097/4097/4097 4098/4098/4098
f 4098/4098/4098 4099/4099/4099 4096/4096/4096
f 4100/4100/4100 4101/4101/4101 4102/4102/4102
f 4102/4102/4102 4103/4103/4103 4100/4100/4100
f 4104/4104/4104 4105/4105/4105 4106/4106/4106
f 4106/4106/4106 4107/4107/4107 4104/4104/4104
f 4107/4107/4107 4106/4106/4106 4108/4108/4108
f 4109/4109/4109 4110/4110/4110 4111/4111/4111
f 4111/4111/4111 4106/4106/4106 4109/4109/4109
f 4112/4112/4112 4113/4113/4113 4114/4114/4114
f 4115/4115/4115 4116/4116/4116 4117/4117/4117
f 4117/4117/4117 4118/4118/4118 4115/4115/4115
f 4119/4119/4119 4120/4120/4120 4121/4121/4121
f 4121/4121/4121 4122/4122/4122 4123/4123/4123
f 4124/4124/4124 4125/4125/4125 4120/4120/4120
f 4120/4120/4120 4123/4123/4123 4126/4126/4126
f 4127/4127/4127 4128/4128/4128 4129/4129/4129
f 4129/4129/4129 4126/4126/4126 4127/4127/4127
f 4130/4130/4130 4131/4131/4131 4128/4128/4128
f 4128/4128/4128 4132/4132/4132 4133/4133/4133
f 4134/4134/4134 4135/4135/4135 4136/4136/4136
f 4136/4136/4136 4133/4133/4133 4134/4134/4134
f 4137/4137/4137 4138/4138/4138 4135/4135/4135
f 4135/4135/4135 4139/4139/4139 4140/4140/4140
f 4141/4141/4141 4140/4140/4140 4142/4142/4142
f 4142/4142/4142 4143/4143/4143 4141/4141/4141
f 4142/4142/4142 4144/4144/4144 4145/4145/4145
f 4145/4145/4145 4116/4116/4116 4146/4146/4146
f 4147/4147/4147 4148/4148/4148 4149/4149/4149
f 4149/4149/4149 4150/4150/4150 4147/4147/4147
f 4151/4151/4151 4152/4152/4152 4153/4153/4153
f 4154/4154/4154 4155/4155/4155 4148/4148/4148
f 4148/4148/4148 4147/4147/4147 4154/4154/4154
f 4156/4156/4156 4157/4157/4157 4158/4158/4158
f 4158/4158/4158 4159/4159/4159 4156/4156/4156
f 4151/4151/4151 4133/4133/4133 4160/4160/4160
f 4160/4160/4160 4156/4156/4156 4151/4151/4151
f 4161/4161/4161 4162/4162/4162 4163/4163/4163
f 4163/4163/4163 4164/4164/4164 4165/4165/4165
f 4162/4162/4162 4165/4165/4165 4166/4166/4166
f 4166/4166/4166 4167/4167/4167 4162/4162/4162
f 4167/4167/4167 4166/4166/4166 4168/4168/4168
f 4168/4168/4168 4151/4151/4151 4167/4167/4167
f 4169/4169/4169 4170/4170/4170 4171/4171/4171
f 4172/4172/4172 4173/4173/4173 4174/4174/4174
f 4174/4174/4174 4175/4175/4175 4172/4172/4172
f 4176/4176/4176 4177/4177/4177 4178/4178/4178
f 4178/4178/4178 4172/4172/4172 4176/4176/4176
f 4179/4179/4179 4176/4176/4176 4180/4180/4180
f 4181/4181/4181 4182/4182/4182 4183/4183/4183
f 4183/4183/4183 4184/4184/4184 4185/4185/4185
f 4186/4186/4186 4187/4187/4187 4182/4182/4182
f 4182/4182/4182 4188/4188/4188 4186/4186/4186
f 4187/4187/4187 4186/4186/4186 4189/4189/4189
f 4189/4189/4189 4190/4190/4190 4191/4191/4191
f 4184/4184/4184 4192/4192/4192 4193/4193/4193
f 4190/4190/4190 4194/4194/4194 4195/4195/4195
f 4195/4195/4195 4196/4196/4196 4197/4197/4197
f 4198/4198/4198 4199/4199/4199 4200/4200/4200
f 4200/4200/4200 4201/4201/4201 4202/4202/4202
f 4203/4203/4203 4176/4176/4176 4199/4199/4199
f 4199/4199/4199 4202/4202/4202 4203/4203/4203
f 4204/4204/4204 4205/4205/4205 4176/4176/4176
f 4176/4176/4176 4203/4203/4203 4204/4204/4204
f 4184/4184/4184 4206/4206/4206 4205/4205/4205
f 4205/4205/4205 4207/4207/4207 4184/4184/4184
f 4208/4208/4208 4209/4209/4209 4210/4210/4210
f 4210/4210/4210 4211/4211/4211 4212/4212/4212
f 4213/4213/4213 4212/4212/4212 4211/4211/4211
f 4211/4211/4211 4214/4214/4214 4213/4213/4213
f 4213/4213/4213 4214/4214/4214 4215/4215/4215
f 4216/4216/4216 4192/4192/4192 4217/4217/4217
f 4217/4217/4217 4218/4218/4218 4219/4219/4219
f 4220/4220/4220 4219/4219/4219 4218/4218/4218
f 4218/4218/4218 4221/4221/4221 4220/4220/4220
f 4220/4220/4220 4221/4221/4221 4222/4222/4222
f 4223/4223/4223 4224/4224/4224 4225/4225/4225
f 4225/4225/4225 4226/4226/4226 4227/4227/4227
f 4228/4228/4228 4229/4229/4229 4230/4230/4230
f 4230/4230/4230 4226/4226/4226 4228/4228/4228
f 4231/4231/4231 4232/4232/4232 4233/4233/4233
f 4233/4233/4233 4234/4234/4234 4235/4235/4235
f 4236/4236/4236 4237/4237/4237 4238/4238/4238
f 4238/4238/4238 4239/4239/4239 4236/4236/4236
f 4240/4240/4240 4241/4241/4241 4242/4242/4242
f 4242/4242/4242 4243/4243/4243 4244/4244/4244
f 4241/4241/4241 4234/4234/4234 4230/4230/4230
f 4230/4230/4230 4245/4245/4245 4241/4241/4241
f 4230/4230/4230 4234/4234/4234 4246/4246/4246
f 4246/4246/4246 4226/4226/4226 4230/4230/4230
f 4247/4247/4247 4248/4248/4248 4249/4249/4249
f 4249/4249/4249 4250/4250/4250 4247/4247/4247
f 4251/4251/4251 4252/4252/4252 4253/4253/4253
f 4253/4253/4253 4254/4254/4254 4251/4251/4251
f 4255/4255/4255 4256/4256/4256 4257/4257/4257
f 4257/4257/4257 4258/4258/4258 4259/4259/4259
f 4260/4260/4260 4261/4261/4261 4262/4262/4262
f 4262/4262/4262 4263/4263/4263 4260/4260/4260
f 4264/4264/4264 4265/4265/4265 4266/4266/4266
f 4266/4266/4266 4258/4258/4258 4267/4267/4267
f 4268/4268/4268 4269/4269/4269 4267/4267/4267
f 4267/4267/4267 4258/4258/4258 4268/4268/4268
f 4270/4270/4270 4271/4271/4271 4272/4272/4272
f 4272/4272/4272 4273/4273/4273 4274/4274/4274
f 4275/4275/4275 4276/4276/4276 4277/4277/4277
f 4277/4277/4277 4278/4278/4278 4279/4279/4279
f 4278/4278/4278 4280/4280/4280 4267/4267/4267
f 4267/4267/4267 4279/4279/4279 4281/4281/4281
f 4282/4282/4282 4283/4283/4283 4284/4284/4284
f 4284/4284/4284 4285/4285/4285 4286/4286/4286
f 4287/4287/4287 4288/4288/4288 4289/4289/4289
f 4289/4289/4289 4290/4290/4290 4291/4291/4291
f 4292/4292/4292 4293/4293/4293 4294/4294/4294
f 4294/4294/4294 4295/4295/4295 4296/4296/4296
f 4297/4297/4297 4298/4298/4298 4299/4299/4299
f 4299/4299/4299 4300/4300/4300 4297/4297/4297
f 4301/4301/4301 4298/4298/4298 4297/4297/4297
f 4297/4297/4297 4302/4302/4302 4301/4301/4301
f 4303/4303/4303 4304/4304/4304 4305/4305/4305
f 4305/4305/4305 4299/4299/4299 4303/4303/4303
f 4298/4298/4298 4306/4306/4306 4307/4307/4307
f 4307/4307/4307 4308/4308/4308 4298/4298/4298
f 4299/4299/4299 4309/4309/4309 4310/4310/4310
f 4310/4310/4310 4311/4311/4311 4312/4312/4312
f 4313/4313/4313 4303/4303/4303 4308/4308/4308
f 4308/4308/4308 4314/4314/4314 4313/4313/4313
f 4311/4311/4311 4315/4315/4315 4316/4316/4316
f 4316/4316/4316 4317/4317/4317 4318/4318/4318
f 4319/4319/4319 4320/4320/4320 4321/4321/4321
f 4321/4321/4321 4322/4322/4322 4323/4323/4323
f 4323/4323/4323 4322/4322/4322 4324/4324/4324
f 4325/4325/4325 4326/4326/4326 4327/4327/4327
f 4324/4324/4324 4322/4322/4322 4318/4318/4318
f 4326/4326/4326 4312/4312/4312 4327/4327/4327
f 4328/4328/4328 4329/4329/4329 4330/4330/4330
f 4330/4330/4330 4331/4331/4331 4328/4328/4328
f 4332/4332/4332 4333/4333/4333 4334/4334/4334
f 4334/4334/4334 4330/4330/4330 4332/4332/4332
f 4335/4335/4335 4336/4336/4336 4332/4332/4332
f 4332/4332/4332 4337/4337/4337 4338/4338/4338
f 4339/4339/4339 4336/4336/4336 4338/4338/4338
f 4338/4338/4338 4340/4340/4340 4339/4339/4339
f 4341/4341/4341 4342/4342/4342 4343/4343/4343
f 4343/4343/4343 4344/4344/4344 4345/4345/4345
f 4346/4346/4346 4347/4347/4347 4348/4348/4348
f 4348/4348/4348 4349/4349/4349 4346/4346/4346
f 4346/4346/4346 4349/4349/4349 4350/4350/4350
f 4350/4350/4350 4351/4351/4351 4346/4346/4346
f 4328/4328/4328 4352/4352/4352 4353/4353/4353
f 4353/4353/4353 4354/4354/4354 4328/4328/4328
f 4355/4355/4355 4351/4351/4351 4356/4356/4356
f 4356/4356/4356 4357/4357/4357 4358/4358/4358
f 4359/4359/4359 4360/4360/4360 4361/4361/4361
f 4361/4361/4361 4362/4362/4362 4359/4359/4359
f 4363/4363/4363 4364/4364/4364 4365/4365/4365
f 4365/4365/4365 4366/4366/4366 4367/4367/4367
f 4368/4368/4368 4369/4369/4369 4370/4370/4370
f 4370/4370/4370 4371/4371/4371 4372/4372/4372
f 4364/4364/4364 4373/4373/4373 4374/4374/4374
f 4374/4374/4374 4375/4375/4375 4364/4364/4364
f 4376/4376/4376 4377/4377/4377 4378/4378/4378
f 4378/4378/4378 4379/4379/4379 4376/4376/4376
f 4380/4380/4380 4381/4381/4381 4382/4382/4382
f 4383/4383/4383 4384/4384/4384 4385/4385/4385
f 4385/4385/4385 4367/4367/4367 4386/4386/4386
f 4387/4387/4387 4388/4388/4388 4389/4389/4389
f 4389/4389/4389 4390/4390/4390 4387/4387/4387
f 4391/4391/4391 4364/4364/4364 4392/4392/4392
f 4392/4392/4392 4393/4393/4393 4394/4394/4394
f 4395/4395/4395 4396/4396/4396 4397/4397/4397
f 4398/4398/4398 4399/4399/4399 4400/4400/4400
f 4400/4400/4400 4401/4401/4401 4398/4398/4398
f 4402/4402/4402 4403/4403/4403 4404/4404/4404
f 4404/4404/4404 4405/4405/4405 4406/4406/4406
f 4407/4407/4407 4408/4408/4408 4409/4409/4409
f 4409/4409/4409 4410/4410/4410 4407/4407/4407
f 4411/4411/4411 4412/4412/4412 4413/4413/4413
f 4413/4413/4413 4414/4414/4414 4411/4411/4411
f 4415/4415/4415 4416/4416/4416 4388/4388/4388
f 4388/4388/4388 4387/4387/4387 4415/4415/4415
f 4417/4417/4417 4418/4418/4418 4419/4419/4419
f 4419/4419/4419 4420/4420/4420 4421/4421/4421
f 4422/4422/4422 4423/4423/4423 4424/4424/4424
f 4424/4424/4424 4425/4425/4425 4426/4426/4426
f 4427/4427/4427 4428/4428/4428 4429/4429/4429
f 4429/4429/4429 4430/4430/4430 4427/4427/4427
f 4431/4431/4431 4428/4428/4428 4432/4432/4432
f 4432/4432/4432 4433/4433/4433 4431/4431/4431
f 4373/4373/4373 4364/4364/4364 4434/4434/4434
f 4434/4434/4434 4435/4435/4435 4373/4373/4373
f 4436/4436/4436 4437/4437/4437 4438/4438/4438
f 4438/4438/4438 4439/4439/4439 4436/4436/4436
f 4440/4440/4440 4441/4441/4441 4442/4442/4442
f 4442/4442/4442 4443/4443/4443 4444/4444/4444
f 4433/4433/4433 4445/4445/4445 4446/4446/4446
f 4446/4446/4446 4447/4447/4447 4448/4448/4448
f 4449/4449/4449 4450/4450/4450 4451/4451/4451
f 4451/4451/4451 4452/4452/4452 4453/4453/4453
f 4454/4454/4454 4359/4359/4359 4455/4455/4455
f 4359/4359/4359 4456/4456/4456 4457/4457/4457
f 4457/4457/4457 4445/4445/4445 4359/4359/4359
f 4458/4458/4458 4459/4459/4459 4460/4460/4460
f 4460/4460/4460 4461/4461/4461 4458/4458/4458
f 4462/4462/4462 4463/4463/4463 4464/4464/4464
f 4464/4464/4464 4465/4465/4465 4462/4462/4462
f 4466/4466/4466 4467/4467/4467 4468/4468/4468
f 4468/4468/4468 4469/4469/4469 4470/4470/4470
f 4471/4471/4471 4472/4472/4472 4473/4473/4473
f 4473/4473/4473 4474/4474/4474 4471/4471/4471
f 4475/4475/4475 4476/4476/4476 4398/4398/4398
f 4398/4398/4398 4477/4477/4477 4475/4475/4475
f 4478/4478/4478 4479/4479/4479 4480/4480/4480
f 4480/4480/4480 4481/4481/4481 4478/4478/4478
f 4482/4482/4482 4419/4419/4419 4483/4483/4483
f 4483/4483/4483 4484/4484/4484 4482/4482/4482
f 4465/4465/4465 4485/4485/4485 4486/4486/4486
f 4486/4486/4486 4487/4487/4487 4465/4465/4465
f 4488/4488/4488 4489/4489/4489 4490/4490/4490
f 4491/4491/4491 4492/4492/4492 4493/4493/4493
f 4493/4493/4493 4494/4494/4494 4495/4495/4495
f 4496/4496/4496 4488/4488/4488 4497/4497/4497
f 4497/4497/4497 4411/4411/4411 4496/4496/4496
f 4498/4498/4498 4499/4499/4499 4500/4500/4500
f 4500/4500/4500 4501/4501/4501 4498/4498/4498
f 4502/4502/4502 4503/4503/4503 4504/4504/4504
f 4504/4504/4504 4505/4505/4505 4502/4502/4502
f 4506/4506/4506 4507/4507/4507 4508/4508/4508
f 4508/4508/4508 4509/4509/4509 4506/4506/4506
f 4510/4510/4510 4511/4511/4511 4512/4512/4512
f 4512/4512/4512 4513/4513/4513 4510/4510/4510
f 4514/4514/4514 4515/4515/4515 4516/4516/4516
f 4516/4516/4516 4517/4517/4517 4514/4514/4514
f 4518/4518/4518 4519/4519/4519 4520/4520/4520
f 4520/4520/4520 4521/4521/4521 4518/4518/4518
f 4522/4522/4522 4523/4523/4523 4524/4524/4524
f 4524/4524/4524 4525/4525/4525 4522/4522/4522
f 4526/4526/4526 4527/4527/4527 4528/4528/4528
f 4528/4528/4528 4529/4529/4529 4526/4526/4526
f 4530/4530/4530 4531/4531/4531 4532/4532/4532
f 4532/4532/4532 4533/4533/4533 4530/4530/4530
f 4534/4534/4534 4535/4535/4535 4536/4536/4536
f 4536/4536/4536 4537/4537/4537 4534/4534/4534
f 4484/4484/4484 4538/4538/4538 4476/4476/4476
f 4476/4476/4476 4539/4539/4539 4484/4484/4484
f 4540/4540/4540 4541/4541/4541 4542/4542/4542
f 4542/4542/4542 4543/4543/4543 4544/4544/4544
f 4545/4545/4545 4546/4546/4546 4547/4547/4547
f 4547/4547/4547 4548/4548/4548 4549/4549/4549
f 4550/4550/4550 4551/4551/4551 4552/4552/4552
f 4552/4552/4552 4553/4553/4553 4550/4550/4550
f 4554/4554/4554 4555/4555/4555 4556/4556/4556
f 4556/4556/4556 4557/4557/4557 4554/4554/4554
f 4558/4558/4558 4559/4559/4559 4560/4560/4560
f 4560/4560/4560 4561/4561/4561 4558/4558/4558
f 4562/4562/4562 4563/4563/4563 4564/4564/4564
f 4564/4564/4564 4565/4565/4565 4562/4562/4562
f 4566/4566/4566 4567/4567/4567 4568/4568/4568
f 4568/4568/4568 4569/4569/4569 4570/4570/4570
f 4571/4571/4571 4572/4572/4572 4573/4573/4573
f 4573/4573/4573 4574/4574/4574 4571/4571/4571
f 4575/4575/4575 4576/4576/4576 4577/4577/4577
f 4577/4577/4577 4578/4578/4578 4575/4575/4575
f 4476/4476/4476 4538/4538/4538 4579/4579/4579
f 4579/4579/4579 4580/4580/4580 4476/4476/4476
f 4581/4581/4581 4582/4582/4582 4583/4583/4583
f 4583/4583/4583 4584/4584/4584 4581/4581/4581
f 4585/4585/4585 4586/4586/4586 4587/4587/4587
f 4587/4587/4587 4588/4588/4588 4589/4589/4589
f 4590/4590/4590 4591/4591/4591 4428/4428/4428
f 4428/4428/4428 4592/4592/4592 4590/4590/4590
f 4593/4593/4593 4594/4594/4594 4595/4595/4595
f 4596/4596/4596 4597/4597/4597 4598/4598/4598
f 4598/4598/4598 4599/4599/4599 4596/4596/4596
f 4600/4600/4600 4601/4601/4601 4602/4602/4602
f 4602/4602/4602 4603/4603/4603 4604/4604/4604
f 4605/4605/4605 4606/4606/4606 4607/4607/4607
f 4608/4608/4608 4609/4609/4609 4610/4610/4610
f 4610/4610/4610 4611/4611/4611 4612/4612/4612
f 4613/4613/4613 4614/4614/4614 4615/4615/4615
f 4615/4615/4615 4616/4616/4616 4613/4613/4613
f 4617/4617/4617 4618/4618/4618 4619/4619/4619
f 4619/4619/4619 4620/4620/4620 4617/4617/4617
f 4621/4621/4621 4622/4622/4622 4623/4623/4623
f 4623/4623/4623 4624/4624/4624 4621/4621/4621
f 4625/4625/4625 4626/4626/4626 4627/4627/4627
f 4627/4627/4627 4628/4628/4628 4625/4625/4625
f 4629/4629/4629 4630/4630/4630 4631/4631/4631
f 4631/4631/4631 4632/4632/4632 4629/4629/4629
f 4633/4633/4633 4634/4634/4634 4635/4635/4635
f 4635/4635/4635 4359/4359/4359 4633/4633/4633
f 4636/4636/4636 4637/4637/4637 4638/4638/4638
f 4638/4638/4638 4639/4639/4639 4636/4636/4636
f 4640/4640/4640 4641/4641/4641 4642/4642/4642
f 4642/4642/4642 4643/4643/4643 4644/4644/4644
f 4645/4645/4645 4646/4646/4646 4647/4647/4647
f 4647/4647/4647 4648/4648/4648 4645/4645/4645
f 4649/4649/4649 4650/4650/4650 4651/4651/4651
f 4638/4638/4638 4652/4652/4652 4653/4653/4653
f 4653/4653/4653 4654/4654/4654 4638/4638/4638
f 4621/4621/4621 4430/4430/4430 4655/4655/4655
f 4655/4655/4655 4656/4656/4656 4621/4621/4621
f 4657/4657/4657 4658/4658/4658 4659/4659/4659
f 4659/4659/4659 4660/4660/4660 4661/4661/4661
f 4662/4662/4662 4663/4663/4663 4664/4664/4664
f 4664/4664/4664 4665/4665/4665 4662/4662/4662
f 4666/4666/4666 4667/4667/4667 4668/4668/4668
f 4668/4668/4668 4669/4669/4669 4670/4670/4670
f 4649/4649/4649 4671/4671/4671 4672/4672/4672
f 4672/4672/4672 4673/4673/4673 4649/4649/4649
f 4674/4674/4674 4675/4675/4675 4676/4676/4676
f 4676/4676/4676 4677/4677/4677 4674/4674/4674
f 4678/4678/4678 4679/4679/4679 4680/4680/4680
f 4680/4680/4680 4681/4681/4681 4678/4678/4678
f 4682/4682/4682 4683/4683/4683 4684/4684/4684
f 4684/4684/4684 4685/4685/4685 4682/4682/4682
f 4686/4686/4686 4687/4687/4687 4688/4688/4688
f 4688/4688/4688 4689/4689/4689 4686/4686/4686
f 4690/4690/4690 4691/4691/4691 4692/4692/4692
f 4692/4692/4692 4693/4693/4693 4690/4690/4690
f 4513/4513/4513 4512/4512/4512 4664/4664/4664
f 4664/4664/4664 4694/4694/4694 4513/4513/4513
f 4482/4482/4482 4695/4695/4695 4627/4627/4627
f 4627/4627/4627 4419/4419/4419 4482/4482/4482
f 4696/4696/4696 4697/4697/4697 4583/4583/4583
f 4583/4583/4583 4698/4698/4698 4696/4696/4696
f 4699/4699/4699 4681/4681/4681 4700/4700/4700
f 4700/4700/4700 4701/4701/4701 4699/4699/4699
f 4702/4702/4702 4703/4703/4703 4704/4704/4704
f 4704/4704/4704 4705/4705/4705 4706/4706/4706
f 4707/4707/4707 4688/4688/4688 4708/4708/4708
f 4708/4708/4708 4709/4709/4709 4707/4707/4707
f 4411/4411/4411 4710/4710/4710 4711/4711/4711
f 4711/4711/4711 4712/4712/4712 4411/4411/4411
f 4677/4677/4677 4676/4676/4676 4621/4621/4621
f 4621/4621/4621 4624/4624/4624 4677/4677/4677
f 4713/4713/4713 4714/4714/4714 4715/4715/4715
f 4715/4715/4715 4716/4716/4716 4713/4713/4713
f 4717/4717/4717 4718/4718/4718 4697/4697/4697
f 4697/4697/4697 4696/4696/4696 4717/4717/4717
f 4719/4719/4719 4720/4720/4720 4721/4721/4721
f 4721/4721/4721 4722/4722/4722 4719/4719/4719
f 4722/4722/4722 4723/4723/4723 4724/4724/4724
f 4724/4724/4724 4725/4725/4725 4722/4722/4722
f 4719/4719/4719 4722/4722/4722 4725/4725/4725
f 4725/4725/4725 4726/4726/4726 4719/4719/4719
f 4727/4727/4727 4728/4728/4728 4729/4729/4729
f 4729/4729/4729 4711/4711/4711 4727/4727/4727
f 4627/4627/4627 4436/4436/4436 4730/4730/4730
f 4730/4730/4730 4419/4419/4419 4627/4627/4627
f 4731/4731/4731 4732/4732/4732 4733/4733/4733
f 4733/4733/4733 4428/4428/4428 4731/4731/4731
f 4732/4732/4732 4734/4734/4734 4733/4733/4733
f 4359/4359/4359 4733/4733/4733 4734/4734/4734
f 4734/4734/4734 4735/4735/4735 4359/4359/4359
f 4736/4736/4736 4591/4591/4591 4590/4590/4590
