# Tanki Online 2.0 Demo turret converted from A3D 1.0
o turret
v 0.8651202 0.9429166 -0.9127311
v 0.8651205 0.9429296 1.0087243
v 0.8651201 0.6688191 -0.9145429
v 0.8651203 -0.0000005 1.0087243
v 0.5135279 0.5853528 1.4572485
v 0.5135278 -0.0000004 1.4572485
v 0.5135279 0.5853528 1.4572485
v -0.8650962 0.9429299 1.0087243
v -0.5135279 0.5853529 1.4572485
v 0.5135279 0.5853528 1.4572485
v 0.7396065 0.0607332 -1.1981846
v 0.7418300 0.2826183 -1.1952235
v 0.8849969 0.2826183 -1.0065138
v 0.8827732 0.0607332 -1.0094749
v 0.7418300 0.2826183 -1.1952235
v 0.6611620 0.3345415 -1.1902103
v 0.8651201 0.3345415 -0.9133349
v 0.8827732 0.0607332 -1.0094749
v 0.8651202 -0.0000007 -0.9133348
v 0.6593787 -0.0000006 -1.1853142
v 0.7396065 0.0607332 -1.1981846
v 0.8827732 0.0607332 -1.0094749
v 0.8651201 0.3345415 -0.9133349
v 0.8651202 -0.0000007 -0.9133348
v 0.6593787 -0.0000006 -1.1853142
v 0.6611620 0.3345415 -1.1902103
v 0.7418300 0.2826183 -1.1952235
v 0.7396065 0.0607332 -1.1981846
v 0.7396066 0.3937271 -1.1981847
v 0.7418300 0.6140012 -1.1952236
v 0.8849967 0.6178030 -1.0065138
v 0.8827732 0.3937271 -1.0094749
v 0.7396066 0.3937271 -1.1981847
v 0.6571525 0.6656464 -1.1883464
v 0.8651201 0.6688191 -0.9145429
v 0.8849967 0.6178030 -1.0065138
v 0.7418300 0.6140012 -1.1952236
v 0.6611620 0.3345415 -1.1902103
v 0.7396066 0.3937271 -1.1981847
v 0.8651201 0.6688191 -0.9145429
v 0.8651201 0.3345415 -0.9133349
v 0.6611620 0.3345415 -1.1902103
v 0.6571525 0.6656464 -1.1883464
v 0.7418300 0.6140012 -1.1952236
v 0.7396066 0.3937271 -1.1981847
v 0.5289452 0.0579015 -1.4801819
v 0.5311689 0.2778150 -1.4772211
v 0.6776501 0.2778150 -1.2829999
v 0.6754265 0.0579015 -1.2859610
v 0.5289452 0.0579015 -1.4801819
v 0.4402325 0.3345415 -1.4688907
v 0.6611620 0.3345415 -1.1902103
v 0.6776501 0.2778150 -1.2829999
v 0.5311689 0.2778150 -1.4772211
v 0.6593787 -0.0000006 -1.1853142
v 0.4402324 -0.0000006 -1.4688907
v 0.5289452 0.0579015 -1.4801819
v 0.6611620 0.3345415 -1.1902103
v 0.6593787 -0.0000006 -1.1853142
v 0.4402324 -0.0000006 -1.4688907
v 0.4402325 0.3345415 -1.4688907
v 0.5311689 0.2778150 -1.4772211
v 0.5289453 0.3852590 -1.4801819
v 0.5311690 0.6139987 -1.4772208
v 0.6809326 0.6178005 -1.2786475
v 0.6787090 0.3852590 -1.2816089
v 0.5289453 0.3852590 -1.4801819
v 0.4418175 0.6620092 -1.4700989
v 0.6571525 0.6656464 -1.1883464
v 0.6809326 0.6178005 -1.2786475
v 0.6611620 0.3345415 -1.1902103
v 0.4402325 0.3345415 -1.4688907
v 0.5289453 0.3852590 -1.4801819
v 0.6787090 0.3852590 -1.2816089
v 0.6571525 0.6656464 -1.1883464
v 0.6611620 0.3345415 -1.1902103
v 0.6809326 0.6178005 -1.2786475
v 0.5289453 0.3852590 -1.4801819
v 0.4402325 0.3345415 -1.4688907
v 0.4418175 0.6620092 -1.4700989
v 0.1962648 0.0512594 -1.5531485
v 0.1962653 0.2853896 -1.5531366
v 0.3949163 0.2833604 -1.5548199
v 0.3949026 0.0530976 -1.5548294
v 0.1962648 0.0512594 -1.5531485
v 0.1563733 0.3342115 -1.4688907
v 0.4402325 0.3345415 -1.4688907
v 0.3949163 0.2833604 -1.5548199
v 0.1962653 0.2853896 -1.5531366
v 0.4402324 -0.0000006 -1.4688907
v 0.1563732 -0.0000006 -1.4688904
v 0.1962648 0.0512594 -1.5531485
v 0.4402325 0.3345415 -1.4688907
v 0.4402324 -0.0000006 -1.4688907
v 0.1563732 -0.0000006 -1.4688904
v 0.1563733 0.3342115 -1.4688907
v 0.1962653 0.2853896 -1.5531366
v 0.1962662 0.3784059 -1.5531488
v 0.1964429 0.6094590 -1.5531778
v 0.3948027 0.6075983 -1.5548026
v 0.3948951 0.3802959 -1.5548318
v 0.1962662 0.3784059 -1.5531488
v 0.1584584 0.6595082 -1.4688907
v 0.4418175 0.6620092 -1.4700989
v 0.3948027 0.6075983 -1.5548026
v 0.1964429 0.6094590 -1.5531778
v 0.4402325 0.3345415 -1.4688907
v 0.1563733 0.3342115 -1.4688907
v 0.1962662 0.3784059 -1.5531488
v 0.4402325 0.3345415 -1.4688907
v 0.1563733 0.3342115 -1.4688907
v 0.1584584 0.6595082 -1.4688907
v 0.1964429 0.6094590 -1.5531778
v 0.8651203 -0.0000005 1.0087243
v 0.8651202 -0.0000007 -0.9133348
v 0.8651201 0.3345415 -0.9133349
v 0.8651205 0.9429296 1.0087243
v 0.8651203 -0.0000005 1.0087243
v 0.8651201 0.6688191 -0.9145429
v 0.4418175 0.6620092 -1.4700989
v 0.8651202 0.9429166 -0.9127311
v 0.6571525 0.6656464 -1.1883464
v 0.8651201 0.6688191 -0.9145429
v 0.1981272 0.7573026 -1.4661453
v 0.1981273 0.8535641 -1.2657294
v 0.3958409 0.8535641 -1.2657294
v 0.3958409 0.7573026 -1.4661450
v 0.1981272 0.7573026 -1.4661453
v 0.1557774 0.8062339 -1.1930531
v 0.4353004 0.8049960 -1.1878883
v 0.3958409 0.8535641 -1.2657294
v 0.4418175 0.6620092 -1.4700989
v 0.1584584 0.6595082 -1.4688907
v 0.1981272 0.7573026 -1.4661453
v 0.3958409 0.7573026 -1.4661450
v 0.4353004 0.8049960 -1.1878883
v 0.4418175 0.6620092 -1.4700989
v 0.3958409 0.8535641 -1.2657294
v 0.1981272 0.7573026 -1.4661453
v 0.1584584 0.6595082 -1.4688907
v 0.1557774 0.8062339 -1.1930531
v 0.2026604 0.8934308 -1.1830371
v 0.2026525 0.9884959 -0.9829877
v 0.3927270 0.9884958 -0.9797129
v 0.3927349 0.8934308 -1.1797623
v 0.2026604 0.8934308 -1.1830371
v 0.1586460 0.9429295 -0.9093942
v 0.4353174 0.9429295 -0.9103815
v 0.3927270 0.9884958 -0.9797129
v 0.2026525 0.9884959 -0.9829877
v 0.4353004 0.8049960 -1.1878883
v 0.1557774 0.8062339 -1.1930531
v 0.2026604 0.8934308 -1.1830371
v 0.4353174 0.9429295 -0.9103815
v 0.4353004 0.8049960 -1.1878883
v 0.1557774 0.8062339 -1.1930531
v 0.1586460 0.9429295 -0.9093942
v 0.2026525 0.9884959 -0.9829877
v 0.2026604 0.8934308 -1.1830371
v 0.4418175 0.6620092 -1.4700989
v 0.4353004 0.8049960 -1.1878883
v 0.8651202 0.9429166 -0.9127311
v 0.8651205 0.9429296 1.0087243
v 0.3699405 0.9429295 -0.0052202
v 0.3699405 0.9429295 -0.5381751
v 0.2487898 0.9429295 -0.6965896
v 0.1907059 1.0520780 -0.6348251
v 0.2937068 1.0516308 -0.5007063
v 0.3699405 0.9429295 -0.5381751
v 0.2937069 1.0516308 -0.0775776
v 0.3699405 0.9429295 -0.0052202
v 0.3699405 0.9429295 -0.5381751
v 0.1907059 1.0520780 -0.6348251
v 0.2487898 0.9429295 -0.6965896
v -0.2487897 0.9429296 -0.6965896
v -0.1907057 1.0520781 -0.6348251
v 0.1907059 1.0520780 -0.6348251
v -0.2487897 0.9429296 -0.6965896
v 0.2487898 0.9429295 -0.6965896
v 0.1586460 0.9429295 -0.9093942
v -0.1586459 0.9429296 -0.9093942
v 0.3699405 0.9429295 -0.5381751
v 0.4353174 0.9429295 -0.9103815
v 0.2487898 0.9429295 -0.6965896
v 0.3699405 0.9429295 -0.5381751
v 0.8651202 0.9429166 -0.9127311
v 0.4353174 0.9429295 -0.9103815
v 0.3699405 0.9429295 -0.0052202
v 0.3699405 0.9429295 -0.5381751
v 0.4353004 0.8049960 -1.1878883
v 0.4353174 0.9429295 -0.9103815
v 0.1563733 0.3342115 -1.4688907
v -0.1563733 0.3342115 -1.4688907
v -0.1584584 0.6595083 -1.4688907
v 0.1584584 0.6595082 -1.4688907
v -0.1557773 0.8062339 -1.1930531
v 0.1557774 0.8062339 -1.1930531
v -0.1586459 0.9429296 -0.9093942
v 0.1586460 0.9429295 -0.9093942
v -0.2937066 1.0516309 -0.5007063
v -0.2937067 1.0516309 -0.0775776
v 0.2937069 1.0516308 -0.0775776
v 0.2937068 1.0516308 -0.5007063
v 0.1907059 1.0520780 -0.6348251
v -0.2937067 1.0516309 -0.0775776
v -0.3699404 0.9429297 -0.0052202
v 0.3699405 0.9429295 -0.0052202
v 0.6593787 -0.0000006 -1.1853142
v 0.8651202 -0.0000007 -0.9133348
v -0.8650964 -0.0000004 -0.9133348
v -0.6593789 -0.0000004 -1.1853140
v 0.5135278 -0.0000004 1.4572485
v -0.5135279 -0.0000002 1.4572485
v -0.8650964 -0.0000002 1.0087243
v 0.8651203 -0.0000005 1.0087243
v -0.3699404 0.9429297 -0.0052202
v -0.8650962 0.9429299 1.0087243
v -0.3026900 0.9429298 0.8607345
v -0.2801651 0.9429297 0.0520473
v -0.3699404 0.9429297 -0.0052202
v -0.8650965 0.9429170 -0.9127398
v -0.8650966 0.6688190 -0.9145251
v -0.8650964 -0.0000002 1.0087243
v -0.5135279 -0.0000002 1.4572485
v -0.5135279 0.5853529 1.4572485
v 0.5135279 0.5853528 1.4572485
v -0.5135279 0.5853529 1.4572485
v -0.5135279 -0.0000002 1.4572485
v 0.5135278 -0.0000004 1.4572485
v -0.7396066 0.0607334 -1.1981846
v -0.8827734 0.0607335 -1.0094749
v -0.8849970 0.2826185 -1.0065138
v -0.7418301 0.2826185 -1.1952235
v -0.8650966 0.3345418 -0.9133349
v -0.6611620 0.3345417 -1.1902103
v -0.6593789 -0.0000004 -1.1853140
v -0.8650964 -0.0000004 -0.9133348
v -0.8650964 -0.0000004 -0.9133348
v -0.8650966 0.3345418 -0.9133349
v -0.6611620 0.3345417 -1.1902103
v -0.6593789 -0.0000004 -1.1853140
v -0.7396066 0.3937273 -1.1981847
v -0.8827732 0.3937274 -1.0094749
v -0.8849967 0.6178033 -1.0065138
v -0.7418300 0.6140014 -1.1952236
v -0.8650966 0.6688190 -0.9145251
v -0.6571640 0.6656469 -1.1883552
v -0.7396066 0.3937273 -1.1981847
v -0.8650966 0.3345418 -0.9133349
v -0.8650966 0.6688190 -0.9145251
v -0.6571640 0.6656469 -1.1883552
v -0.6611620 0.3345417 -1.1902103
v -0.5289453 0.0579017 -1.4801819
v -0.6754266 0.0579018 -1.2859610
v -0.6776503 0.2778153 -1.2829999
v -0.5311690 0.2778152 -1.4772211
v -0.6611620 0.3345417 -1.1902103
v -0.4402325 0.3345417 -1.4688904
v -0.4402326 -0.0000005 -1.4688904
v -0.6593789 -0.0000004 -1.1853140
v -0.6754266 0.0579018 -1.2859610
v -0.4402325 0.3345417 -1.4688904
v -0.4402326 -0.0000005 -1.4688904
v -0.5289454 0.3852592 -1.4801819
v -0.6787090 0.3852592 -1.2816089
v -0.6809326 0.6178007 -1.2786475
v -0.5311690 0.6139989 -1.4772208
v -0.6571640 0.6656469 -1.1883552
v -0.4417942 0.6620090 -1.4700806
v -0.6809326 0.6178007 -1.2786475
v -0.6571640 0.6656469 -1.1883552
v -0.4417942 0.6620090 -1.4700806
v -0.4402325 0.3345417 -1.4688904
v -0.1962650 0.0512594 -1.5531485
v -0.3949027 0.0530977 -1.5548294
v -0.3949163 0.2833605 -1.5548199
v -0.1962653 0.2853897 -1.5531366
v -0.1962650 0.0512594 -1.5531485
v -0.3949163 0.2833605 -1.5548199
v -0.4402325 0.3345417 -1.4688904
v -0.1563733 0.3342115 -1.4688907
v -0.3949027 0.0530977 -1.5548294
v -0.1962650 0.0512594 -1.5531485
v -0.1563734 -0.0000005 -1.4688907
v -0.4402326 -0.0000005 -1.4688904
v -0.4402326 -0.0000005 -1.4688904
v -0.1563733 0.3342115 -1.4688907
v -0.1563734 -0.0000005 -1.4688907
v -0.1962663 0.3784059 -1.5531488
v -0.3948952 0.3802961 -1.5548318
v -0.3948027 0.6075985 -1.5548026
v -0.1964429 0.6094591 -1.5531778
v -0.1962663 0.3784059 -1.5531488
v -0.3948027 0.6075985 -1.5548026
v -0.4417942 0.6620090 -1.4700806
v -0.1584584 0.6595083 -1.4688907
v -0.3948952 0.3802961 -1.5548318
v -0.1962663 0.3784059 -1.5531488
v -0.4402325 0.3345417 -1.4688904
v -0.3948952 0.3802961 -1.5548318
v -0.3948027 0.6075985 -1.5548026
v -0.4417942 0.6620090 -1.4700806
v -0.1584584 0.6595083 -1.4688907
v -0.1563733 0.3342115 -1.4688907
v -0.1962663 0.3784059 -1.5531488
v -0.8650964 -0.0000002 1.0087243
v -0.8650966 0.3345418 -0.9133349
v -0.8650964 -0.0000004 -0.9133348
v -0.8650962 0.9429299 1.0087243
v -0.4417942 0.6620090 -1.4700806
v -0.6571640 0.6656469 -1.1883552
v -0.8650965 0.9429170 -0.9127398
v -0.8650966 0.6688190 -0.9145251
v -0.1981271 0.7573028 -1.4661453
v -0.3958408 0.7573028 -1.4661450
v -0.3958408 0.8535641 -1.2657294
v -0.1981271 0.8535641 -1.2657294
v -0.1981271 0.7573028 -1.4661453
v -0.3958408 0.8535641 -1.2657294
v -0.4353003 0.8049962 -1.1878883
v -0.1557773 0.8062339 -1.1930531
v -0.3958408 0.7573028 -1.4661450
v -0.1981271 0.7573028 -1.4661453
v -0.1584584 0.6595083 -1.4688907
v -0.4417942 0.6620090 -1.4700806
v -0.3958408 0.7573028 -1.4661450
v -0.3958408 0.8535641 -1.2657294
v -0.4417942 0.6620090 -1.4700806
v -0.4353003 0.8049962 -1.1878883
v -0.1557773 0.8062339 -1.1930531
v -0.1584584 0.6595083 -1.4688907
v -0.1981271 0.7573028 -1.4661453
v -0.2026602 0.8934309 -1.1830371
v -0.3927348 0.8934309 -1.1797623
v -0.3927269 0.9884959 -0.9797129
v -0.2026523 0.9884959 -0.9829877
v -0.2026602 0.8934309 -1.1830371
v -0.4353172 0.9429296 -0.9103815
v -0.1586459 0.9429296 -0.9093942
v -0.4353003 0.8049962 -1.1878883
v -0.4353003 0.8049962 -1.1878883
v -0.4353172 0.9429296 -0.9103815
v -0.2026602 0.8934309 -1.1830371
v -0.1586459 0.9429296 -0.9093942
v -0.1557773 0.8062339 -1.1930531
v -0.4417942 0.6620090 -1.4700806
v -0.4353003 0.8049962 -1.1878883
v -0.8650962 0.9429299 1.0087243
v -0.3699404 0.9429297 -0.0052202
v -0.8650965 0.9429170 -0.9127398
v -0.3699403 0.9429296 -0.5381751
v -0.2937066 1.0516309 -0.5007063
v -0.2487897 0.9429296 -0.6965896
v -0.2937067 1.0516309 -0.0775776
v -0.3699403 0.9429296 -0.5381751
v -0.3699404 0.9429297 -0.0052202
v -0.3699403 0.9429296 -0.5381751
v -0.2487897 0.9429296 -0.6965896
v -0.4353172 0.9429296 -0.9103815
v -0.3699403 0.9429296 -0.5381751
v -0.4353172 0.9429296 -0.9103815
v -0.8650965 0.9429170 -0.9127398
v -0.3699404 0.9429297 -0.0052202
v -0.3699403 0.9429296 -0.5381751
v -0.4353003 0.8049962 -1.1878883
v 0.1563733 0.3342115 -1.4688907
v 0.1563732 -0.0000006 -1.4688904
v -0.1563734 -0.0000005 -1.4688907
v -0.1563733 0.3342115 -1.4688907
v 0.8651202 -0.0000007 -0.9133348
v -0.8650964 -0.0000004 -0.9133348
v 0.1563732 -0.0000006 -1.4688904
v 0.6593787 -0.0000006 -1.1853142
v -0.6593789 -0.0000004 -1.1853140
v -0.1563734 -0.0000005 -1.4688907
v 0.4402324 -0.0000006 -1.4688907
v -0.4402326 -0.0000005 -1.4688904
v -0.4353172 0.9429296 -0.9103815
v -0.2487897 0.9429296 -0.6965896
v -0.1586459 0.9429296 -0.9093942
v 0.2487898 0.9429295 -0.6965896
v 0.4353174 0.9429295 -0.9103815
v 0.1586460 0.9429295 -0.9093942
v -0.0229938 0.2565619 -2.6976074
v 0.0281935 0.2565619 -2.6976074
v 0.0025998 0.2122324 -2.6976074
v 0.0537871 0.2122324 -2.6976074
v 0.0281934 0.1679029 -2.6976074
v -0.0229938 0.1679029 -2.6976074
v -0.0485875 0.2122324 -2.6976074
v -0.0419494 0.1350709 -2.6599310
v -0.0864986 0.2122324 -2.6599310
v -0.0419494 0.2893939 -2.6017419
v 0.0471490 0.2893939 -2.6017419
v 0.0471490 0.2893939 -2.6599310
v -0.0419494 0.2893939 -2.6599310
v -0.0419494 0.2893939 -2.6017419
v 0.0471490 0.2893939 -2.6017419
v 0.0916982 0.2122324 -2.6017419
v 0.0916982 0.2122324 -2.6599310
v 0.0471490 0.2893939 -2.6599310
v 0.0471490 0.2893939 -2.6017419
v -0.0864986 0.2122324 -2.6017419
v -0.0419494 0.2893939 -2.6017419
v -0.0419494 0.2893939 -2.6599310
v -0.0864986 0.2122324 -2.6599310
v 0.0916982 0.2122324 -2.6017419
v 0.0471490 0.1350709 -2.6017419
v 0.0471490 0.1350709 -2.6599310
v 0.0916982 0.2122324 -2.6599310
v 0.0916982 0.2122324 -2.6017419
v 0.0471490 0.1350709 -2.6017419
v -0.0419494 0.1350709 -2.6017419
v -0.0419494 0.1350709 -2.6599310
v 0.0471490 0.1350709 -2.6599310
v -0.0419494 0.1350709 -2.6017419
v -0.0864986 0.2122324 -2.6017419
v -0.0864986 0.2122324 -2.6599310
v 0.0281935 0.2565619 -2.6976074
v 0.0471490 0.2893939 -2.6599310
v -0.0229938 0.1679029 -2.6976074
v 0.0281934 0.1679029 -2.6976074
v 0.0916982 0.2122324 -2.6599310
v 0.0537871 0.2122324 -2.6976074
v -0.0485875 0.2122324 -2.6976074
v -0.0864986 0.2122324 -2.6599310
v 0.0281934 0.1679029 -2.6976074
v -0.1642495 0.2814585 -2.4879602
v -0.1603133 0.1406918 -2.4878845
v -0.1592787 0.1405975 -2.3133099
v -0.1632150 0.2813641 -2.3133856
v -0.1642495 0.2814585 -2.4879602
v 0.1642489 0.2814585 -2.4879602
v 0.1632145 0.2813641 -2.3133856
v 0.1592782 0.1405974 -2.3133099
v 0.1603127 0.1406918 -2.4878845
v 0.0972592 0.1406918 -2.4878845
v 0.1011955 0.2814585 -2.4879602
v 0.1603127 0.1406918 -2.4878845
v 0.0962247 0.1405974 -2.3133099
v 0.0972592 0.1406918 -2.4878845
v 0.1632145 0.2813641 -2.3133856
v 0.1001610 0.2813641 -2.3133856
v 0.0962247 0.1405974 -2.3133099
v 0.1632145 0.2813641 -2.3133856
v 0.1642489 0.2814585 -2.4879602
v 0.1011955 0.2814585 -2.4879602
v 0.1001610 0.2813641 -2.3133856
v -0.1642495 0.2814585 -2.4879602
v -0.1011961 0.2814585 -2.4879602
v -0.0972599 0.1406918 -2.4878845
v -0.1603133 0.1406918 -2.4878845
v -0.0972599 0.1406918 -2.4878845
v -0.0962253 0.1405974 -2.3133099
v -0.1592787 0.1405975 -2.3133099
v -0.0962253 0.1405974 -2.3133099
v -0.1001615 0.2813641 -2.3133856
v -0.1632150 0.2813641 -2.3133856
v -0.1001615 0.2813641 -2.3133856
v -0.1011961 0.2814585 -2.4879602
v -0.1642495 0.2814585 -2.4879602
v 0.8008437 1.0242565 -0.1603125
v 0.8424461 1.0242565 -0.1603125
v 0.8424461 1.0242565 0.1259761
v 0.8008438 1.0242565 0.1259761
v -0.8424456 1.0242567 -0.1603122
v -0.8008433 1.0242567 -0.1603122
v -0.8008432 1.0242567 0.1259764
v -0.8424455 1.0242567 0.1259764
v -0.8424455 1.0242567 0.1640561
v -0.8008432 1.0242567 0.1640561
v -0.8008432 1.0242567 0.3829081
v -0.8424455 1.0242567 0.3829081
v -0.8424455 1.0242567 0.1640561
v -0.8008433 1.0242567 -0.1987683
v -0.8424456 1.0242567 -0.1987683
v -0.8424456 1.0242567 -0.4091705
v -0.8008433 1.0242567 -0.4091705
v 0.8424461 1.0242565 -0.1987686
v 0.8008437 1.0242565 -0.1987686
v 0.8008437 1.0242565 -0.4091708
v 0.8424461 1.0242565 -0.4091708
v 0.8424461 1.0242565 0.3829078
v 0.8008438 1.0242565 0.3829078
v 0.8008438 1.0242565 0.1640558
v 0.8424461 1.0242565 0.1640558
v 0.8424461 1.0242565 0.3829078
v 0.8008438 0.9376718 0.1633686
v 0.8424461 0.9376718 0.1633686
v 0.8424461 1.0242565 0.1640558
v 0.8008438 1.0242565 0.1640558
v 0.8008438 0.9376718 0.1259762
v 0.8008438 1.0242565 0.1259761
v 0.8008437 0.9376717 -0.4487594
v 0.8424460 0.9376717 -0.4487594
v 0.8424461 1.0242565 -0.4091708
v 0.8008437 1.0242565 -0.4091708
v 0.8008437 0.9376717 -0.4487594
v -0.8424456 0.9376720 -0.1987682
v -0.8424456 1.0242567 -0.1987683
v -0.8008433 1.0242567 -0.1987683
v -0.8008433 0.9376720 -0.1987682
v -0.8008433 0.9376720 -0.1603121
v -0.8008433 1.0242567 -0.1603122
v -0.8424456 1.0242567 -0.1603122
v -0.8424456 0.9376720 -0.1603121
v 0.8008437 0.9376717 -0.1987685
v 0.8008437 0.9376717 -0.1603124
v 0.8008437 1.0242565 -0.1603125
v 0.8008437 1.0242565 -0.1987686
v 0.8424461 0.9376718 0.4224964
v 0.8008438 0.9376718 0.4224964
v 0.8008438 1.0242565 0.3829078
v 0.8424461 1.0242565 0.3829078
v 0.8424461 0.9376718 0.4224964
v 0.8424461 0.9376717 -0.1987685
v 0.8008437 0.9376717 -0.1987685
v 0.8008437 1.0242565 -0.1987686
v 0.8424461 1.0242565 -0.1987686
v 0.8008437 0.9376717 -0.1603124
v 0.8424461 0.9376717 -0.1603124
v 0.8424461 1.0242565 -0.1603125
v 0.8424461 0.9376717 -0.1603124
v 0.8424461 0.9376717 -0.1987685
v 0.8424461 1.0242565 -0.1987686
v 0.8424461 1.0242565 -0.1603125
v -0.8008434 0.9376720 -0.4487591
v -0.8008433 1.0242567 -0.4091705
v -0.8424456 1.0242567 -0.4091705
v -0.8424457 0.9376720 -0.4487591
v -0.8008434 0.9376720 -0.4487591
v -0.8008433 0.9376720 -0.1987682
v -0.8008433 1.0242567 -0.1987683
v -0.8008433 1.0242567 -0.1603122
v -0.8008433 0.9376720 -0.1603121
v -0.8424455 0.9376720 0.4224967
v -0.8424455 1.0242567 0.3829081
v -0.8008432 1.0242567 0.3829081
v -0.8008432 0.9376720 0.4224967
v -0.8424455 0.9376720 0.4224967
v -0.8424455 0.9376720 0.1633689
v -0.8424455 1.0242567 0.1640561
v -0.8424455 1.0242567 0.1259764
v -0.8424455 0.9376720 0.1259765
v -0.8008432 0.9376720 0.1633689
v -0.8008432 1.0242567 0.1640561
v -0.8424455 1.0242567 0.1640561
v -0.8424455 0.9376720 0.1633689
v -0.8424455 0.9376720 0.1259765
v -0.8008432 1.0242567 0.1259764
v -0.8008432 0.9376720 0.1259765
v -0.8008432 0.9376720 0.1259765
v -0.8008432 1.0242567 0.1259764
v -0.8008432 1.0242567 0.1640561
v -0.8008432 0.9376720 0.1633689
v -0.8424456 0.9376720 -0.1603121
v -0.8424456 1.0242567 -0.1987683
v -0.8424456 0.9376720 -0.1987682
v -0.8424456 0.9376720 -0.1603121
v 0.8424461 0.9376718 0.1633686
v 0.8424461 0.9376718 0.1259762
v 0.8424461 1.0242565 0.1259761
v 0.8424461 1.0242565 0.1640558
v 0.8424461 0.9376718 0.1633686
v 0.8424461 0.9376718 0.1259762
v 0.8008438 0.9376718 0.1259762
v 0.8008438 1.0242565 0.1259761
v 0.8424461 1.0242565 0.1259761
v 0.8424461 0.9376718 0.1259762
v 0.8424460 0.9376717 -0.4487594
v 0.8424460 0.9376717 -0.4918435
v 0.8424460 1.0546781 -0.4330543
v 0.8424461 1.0242565 -0.4091708
v 0.8008437 0.9376717 -0.4918435
v 0.8008437 0.9376717 -0.4487594
v 0.8008437 1.0242565 -0.4091708
v 0.8008437 1.0546781 -0.4330543
v 0.8424460 0.9376717 -0.4918435
v 0.8008437 0.9376717 -0.4918435
v -0.8424457 0.9376720 -0.4487591
v -0.8424456 1.0242567 -0.4091705
v -0.8424457 1.0546783 -0.4330540
v -0.8424457 0.9376720 -0.4918432
v -0.8008434 0.9376720 -0.4918432
v -0.8008434 1.0546783 -0.4330540
v -0.8008433 1.0242567 -0.4091705
v -0.8008434 0.9376720 -0.4487591
v -0.8424457 0.9376720 -0.4918432
v -0.8008434 1.0546783 -0.4330540
v -0.8008434 0.9376720 -0.4918432
v 0.8008437 1.0242565 -0.1987686
v 0.8008437 1.0242565 -0.1603125
v 0.8008437 1.0546781 -0.1795406
v 0.8008437 1.0242565 -0.1987686
v 0.8008437 1.0242565 -0.4091708
v 0.8424461 1.0242565 -0.1987686
v 0.8424461 1.0546781 -0.1795406
v 0.8424461 1.0242565 -0.1603125
v 0.8424461 1.0242565 -0.4091708
v 0.8424461 1.0546781 -0.1795406
v 0.8008437 1.0546781 -0.1795406
v -0.8008433 1.0546784 -0.1795403
v -0.8008433 1.0242567 -0.1603122
v -0.8008433 1.0242567 -0.1987683
v -0.8008433 1.0242567 -0.4091705
v -0.8008434 1.0546783 -0.4330540
v -0.8424456 1.0242567 -0.1987683
v -0.8424456 1.0242567 -0.1603122
v -0.8424456 1.0546784 -0.1795403
v -0.8424456 1.0242567 -0.4091705
v 0.8424461 1.0242565 0.1640558
v 0.8424461 1.0242565 0.1259761
v 0.8424461 1.0546782 0.1451366
v 0.8424461 1.0546781 -0.1795406
v 0.8424461 1.0242565 0.1259761
v 0.8008438 1.0242565 0.1259761
v 0.8008438 1.0242565 0.1640558
v 0.8008438 1.0546782 0.1451366
v 0.8008437 1.0546781 -0.1795406
v 0.8008437 1.0242565 -0.1603125
v 0.8008438 1.0546782 0.1451366
v 0.8424461 1.0546781 -0.1795406
v 0.8424461 1.0546782 0.1451366
v -0.8424455 1.0546784 0.1451369
v -0.8424455 1.0242567 0.1259764
v -0.8424455 1.0242567 0.1640561
v -0.8424456 1.0546784 -0.1795403
v -0.8424456 1.0242567 -0.1603122
v -0.8424455 1.0546784 0.1451369
v -0.8008432 1.0546784 0.1451369
v -0.8008432 1.0242567 0.1640561
v -0.8008432 1.0242567 0.1259764
v -0.8008433 1.0242567 -0.1603122
v -0.8008433 1.0546784 -0.1795403
v -0.8424455 1.0546784 0.1451369
v 0.8424461 1.0242565 0.3829078
v 0.8424461 1.0242565 0.1640558
v 0.8424461 1.0546782 0.4067913
v 0.8424462 0.9376719 0.4655805
v 0.8424461 0.9376718 0.4224964
v 0.8008438 1.0242565 0.3829078
v 0.8008438 1.0546782 0.4067913
v 0.8008438 1.0546782 0.1451366
v 0.8008438 1.0242565 0.1640558
v 0.8008438 0.9376718 0.4224964
v 0.8008439 0.9376719 0.4655805
v 0.8008438 1.0546782 0.4067913
v 0.8008438 0.9376718 0.4224964
v 0.8424461 1.0546782 0.4067913
v 0.8008438 1.0546782 0.1451366
v 0.8008438 1.0546782 0.4067913
v 0.8008439 0.9376719 0.4655805
v 0.8424462 0.9376719 0.4655805
v -0.8424455 1.0242567 0.3829081
v -0.8424455 1.0546784 0.4067916
v -0.8424455 1.0546784 0.1451369
v -0.8424454 0.9376720 0.4655808
v -0.8424455 0.9376720 0.4224967
v -0.8008432 1.0546784 0.1451369
v -0.8008432 1.0546784 0.4067916
v -0.8008432 1.0242567 0.3829081
v -0.8008432 1.0242567 0.1640561
v -0.8008432 0.9376720 0.4224967
v -0.8008431 0.9376720 0.4655808
v -0.8424455 1.0546784 0.1451369
v -0.8008431 0.9376720 0.4655808
v -0.8424454 0.9376720 0.4655808
v 0.5780995 0.9948750 -0.8023583
v 0.5780995 0.9376717 -0.8023583
v 0.4997565 0.9376717 -0.7366207
v 0.4997565 0.9948750 -0.7366207
v 0.7253363 0.9948749 -0.5473368
v 0.7253363 0.9376717 -0.5473368
v 0.7764710 0.9376717 -0.6359048
v 0.7764710 0.9948749 -0.6359048
v 0.7253363 0.9948749 -0.5473368
v 0.7764710 0.9948749 -0.6359048
v 0.7764710 0.9376717 -0.6359048
v 0.7587122 0.9376717 -0.7366207
v 0.7587122 0.9948749 -0.7366207
v 0.6292344 0.9948749 -0.5123586
v 0.6292344 0.9376717 -0.5123586
v 0.7253363 0.9376717 -0.5473368
v 0.7253363 0.9948749 -0.5473368
v 0.6803691 0.9948749 -0.8023583
v 0.6730552 1.0546781 -0.7822636
v 0.7401927 1.0546781 -0.7259284
v 0.7587122 0.9948749 -0.7366207
v 0.4997565 0.9948750 -0.7366207
v 0.4997565 0.9376717 -0.7366207
v 0.4819976 0.9376717 -0.6359048
v 0.4819976 0.9948750 -0.6359048
v 0.6803691 0.9376717 -0.8023583
v 0.7587122 0.9948749 -0.7366207
v 0.7587122 0.9376717 -0.7366207
v 0.6803691 0.9376717 -0.8023583
v 0.6803691 0.9948749 -0.8023583
v 0.6803691 0.9376717 -0.8023583
v 0.5780995 0.9376717 -0.8023583
v 0.5780995 0.9948750 -0.8023583
v 0.7587122 0.9948749 -0.7366207
v 0.7401927 1.0546781 -0.7259284
v 0.7554115 1.0546781 -0.6396181
v 0.7764710 0.9948749 -0.6359048
v 0.7587122 0.9948749 -0.7366207
v 0.7764710 0.9948749 -0.6359048
v 0.7554115 1.0546781 -0.6396181
v 0.7115906 1.0546781 -0.5637182
v 0.7253363 0.9948749 -0.5473368
v 0.7253363 0.9948749 -0.5473368
v 0.6292343 1.0546781 -0.5337429
v 0.6292344 0.9948749 -0.5123586
v 0.6292344 0.9948749 -0.5123586
v 0.5468780 1.0546781 -0.5637182
v 0.5331324 0.9948750 -0.5473368
v 0.4819976 0.9948750 -0.6359048
v 0.4819976 0.9376717 -0.6359048
v 0.5331324 0.9376717 -0.5473368
v 0.5331324 0.9948750 -0.5473368
v 0.4819976 0.9948750 -0.6359048
v 0.5030571 1.0546781 -0.6396181
v 0.5331324 0.9376717 -0.5473368
v 0.6292344 0.9376717 -0.5123586
v 0.4997565 0.9948750 -0.7366207
v 0.4819976 0.9948750 -0.6359048
v 0.5182759 1.0546781 -0.7259284
v 0.5780995 0.9948750 -0.8023583
v 0.4997565 0.9948750 -0.7366207
v 0.5854134 1.0546781 -0.7822636
v 0.5780995 0.9948750 -0.8023583
v 0.5780995 0.9948750 -0.8023583
v 0.5854134 1.0546781 -0.7822636
v 0.6730552 1.0546781 -0.7822636
v 0.5780995 0.9948750 -0.8023583
v 0.5468780 1.0546781 -0.5637182
v 0.6292343 1.0681584 -0.6618667
v 0.6292343 1.0546781 -0.5337429
v 0.7115906 1.0546781 -0.5637182
v 0.7554115 1.0546781 -0.6396181
v 0.6292343 1.0681584 -0.6618667
v 0.6730552 1.0546781 -0.7822636
v 0.5854134 1.0546781 -0.7822636
v 0.5030571 1.0546781 -0.6396181
v 0.0487051 0.9159992 -1.1102261
v -0.0396045 0.9159992 -1.1102261
v -0.0248126 0.9523215 -1.0483268
v 0.0339133 0.9523215 -1.0483268
v 0.0487051 0.9159992 -1.1102261
v -0.0396045 0.9159992 -1.1102261
v -0.0396045 0.9159992 -0.9565782
v -0.0248126 0.9523215 -0.9765236
v -0.0248126 0.9523215 -1.0483268
v -0.0396045 0.9159992 -0.9565782
v 0.0487052 0.9159992 -0.9565782
v 0.0339133 0.9523215 -0.9765236
v 0.0487052 0.9159992 -0.9565782
v 0.0487051 0.9159992 -1.1102261
v -0.9181610 0.5983536 -0.7983738
v -0.9181610 0.5983536 -0.4915571
v -0.9181610 0.7621626 -0.4915571
v -0.9181610 0.7621625 -0.7983738
v -0.9181610 0.5983536 -0.7983738
v -0.8593466 0.5983536 -0.7983738
v -0.8593466 0.5983536 -0.4915571
v -0.9181610 0.5983536 -0.7983738
v -0.8593466 0.5983536 -0.4915571
v -0.8593466 0.7621626 -0.4915571
v -0.9181610 0.7621626 -0.4915571
v -0.8593466 0.7621626 -0.4915571
v -0.8593466 0.7621625 -0.7983738
v -0.9181610 0.7621625 -0.7983738
v -0.9181610 0.7621626 -0.4915571
v -0.8593466 0.7621625 -0.7983738
v -0.8593466 0.5983536 -0.7983738
v -0.9181610 0.5983536 -0.7983738
v -0.1804364 1.0240875 0.9762225
v -0.3838838 1.0240876 0.9762225
v -0.3838838 1.0240876 0.9346203
v -0.1804364 1.0240875 0.9346203
v 0.1823879 1.0240874 0.9762225
v 0.1823879 1.0240874 0.9346203
v 0.3942852 1.0240874 0.9346203
v 0.3942852 1.0240874 0.9762225
v -0.1419803 1.0240875 0.9346203
v 0.1443083 1.0240874 0.9346203
v 0.1443083 1.0240874 0.9762225
v -0.1419803 1.0240875 0.9762225
v 0.1443083 0.9375028 0.9346203
v 0.1443083 1.0240874 0.9346203
v 0.1823879 1.0240874 0.9346203
v 0.1817007 0.9375028 0.9346203
v 0.1823879 1.0240874 0.9762225
v 0.1817008 0.9375028 0.9762225
v 0.1443083 0.9375028 0.9762225
v 0.1443083 1.0240874 0.9762225
v 0.1817008 0.9375028 0.9762225
v 0.1443083 0.9375028 0.9762225
v -0.1419803 0.9375029 0.9762225
v -0.1804364 1.0240875 0.9762225
v -0.1804364 0.9375029 0.9762225
v -0.1804364 0.9375029 0.9762225
v -0.1804364 1.0240875 0.9762225
v -0.1804364 1.0240875 0.9346203
v -0.1804364 0.9375029 0.9346203
v -0.1419803 0.9375029 0.9346203
v -0.1419803 1.0240875 0.9346203
v -0.1419803 1.0240875 0.9762225
v -0.1419803 0.9375029 0.9762225
v -0.1419803 0.9375029 0.9346203
v 0.3942852 0.9324325 0.9346203
v 0.3942852 0.9324325 0.9762225
v 0.3942852 1.0240874 0.9762225
v 0.3942852 1.0240874 0.9346203
v -0.3838838 0.9324326 0.9762225
v -0.3838838 0.9324326 0.9346203
v -0.3838838 1.0240876 0.9346203
v -0.3838838 1.0240876 0.9762225
v -0.4223647 0.9324326 0.9346203
v -0.4223647 0.9324326 0.9762225
v -0.4223647 1.0345092 0.9762225
v -0.4223647 1.0345092 0.9346203
v -0.4223647 0.9324326 0.9346203
v -0.1612083 1.0545092 0.9346203
v -0.1804364 1.0240875 0.9346203
v -0.1612083 1.0545092 0.9762225
v -0.4023647 1.0545092 0.9346203
v -0.4023647 1.0545092 0.9762225
v -0.1612083 1.0545092 0.9346203
v 0.1634688 1.0545091 0.9346203
v 0.1823879 1.0240874 0.9346203
v 0.1634688 1.0545091 0.9762225
v -0.1612083 1.0545092 0.9762225
v 0.4127661 1.0545090 0.9762225
v 0.4127661 1.0545090 0.9346203
v 0.1634688 1.0545091 0.9346203
v 0.4327661 0.9324325 0.9762225
v 0.4327661 0.9324325 0.9346203
v 0.4327661 1.0345090 0.9346203
v 0.4327661 1.0345090 0.9762225
v 0.4327661 0.9324325 0.9762225
v 0.1924109 0.2850365 1.5399982
v 0.2459079 0.1923769 1.5399982
v 0.2850705 0.2315394 1.5399982
v 0.1924109 0.2850365 1.5399982
v 0.2850705 0.2315394 1.5399982
v 0.2994050 0.2850365 1.5399982
v -0.1924100 0.2850366 1.5399982
v -0.2459071 0.3776962 1.5399982
v -0.2850696 0.3385337 1.5399982
v -0.1924100 0.3920307 1.5399982
v 0.0375489 0.2850366 1.4934219
v 0.0854167 0.2850365 1.5399982
v 0.0997512 0.3385336 1.5399982
v 0.0582965 0.3624675 1.4934219
v -0.1389130 0.3776962 1.5399982
v -0.0582956 0.3624675 1.4934219
v -0.0997504 0.3385336 1.5399982
v -0.0854159 0.2850366 1.5399982
v -0.0375481 0.2850366 1.4934219
v -0.1389130 0.3776962 1.5399982
v -0.3265244 0.3624676 1.4934219
v -0.3472720 0.2850366 1.4934219
v -0.2994042 0.2850366 1.5399982
v 0.3265252 0.3624675 1.4934219
v 0.2850705 0.3385336 1.5399982
v 0.2994050 0.2850365 1.5399982
v 0.3472729 0.2850365 1.4934219
v -0.0854159 0.2850366 1.5399982
v -0.0997504 0.3385336 1.5399982
v -0.0997504 0.2315395 1.5399982
v -0.0854159 0.2850366 1.5399982
v -0.0375481 0.2850366 1.4934219
v -0.0582957 0.2076056 1.4934219
v -0.1389130 0.1923770 1.5399982
v -0.1149790 0.4191509 1.4934219
v -0.0582956 0.3624675 1.4934219
v -0.1924100 0.1780425 1.5399982
v 0.1149799 0.4191509 1.4934219
v 0.0582965 0.3624675 1.4934219
v 0.1389138 0.3776962 1.5399982
v -0.2459071 0.1923770 1.5399982
v -0.2850697 0.2315395 1.5399982
v 0.3472729 0.2850365 1.4934219
v 0.2994050 0.2850365 1.5399982
v 0.2850705 0.2315394 1.5399982
v 0.3265252 0.2076056 1.4934219
v -0.1149790 0.4191509 1.4934219
v -0.1924100 0.4398986 1.4934219
v 0.0375489 0.2850366 1.4934219
v 0.0582965 0.2076056 1.4934219
v 0.0997512 0.2315395 1.5399982
v -0.1924100 0.1301746 1.4934219
v -0.2698410 0.1509222 1.4934219
v -0.2698410 0.4191510 1.4934219
v -0.3265244 0.3624676 1.4934219
v -0.1149791 0.1509222 1.4934219
v -0.0582957 0.2076056 1.4934219
v 0.0582965 0.2076056 1.4934219
v 0.1149798 0.1509222 1.4934219
v 0.1389138 0.1923769 1.5399982
v -0.2698410 0.4191510 1.4934219
v -0.1924100 0.4398986 1.4934219
v 0.1924109 0.1301746 1.4934219
v 0.1924109 0.1780424 1.5399982
v 0.1149798 0.1509222 1.4934219
v 0.1924109 0.1301746 1.4934219
v -0.1149791 0.1509222 1.4934219
v -0.1924100 0.1301746 1.4934219
v 0.2698418 0.1509221 1.4934219
v 0.2459079 0.1923769 1.5399982
v 0.1924109 0.1780424 1.5399982
v 0.1924109 0.1301746 1.4934219
v 0.3265252 0.3624675 1.4934219
v 0.2698419 0.4191509 1.4934219
v 0.2459079 0.3776961 1.5399982
v 0.2850705 0.3385336 1.5399982
v 0.2698418 0.1509221 1.4934219
v 0.3265252 0.2076056 1.4934219
v 0.2850705 0.2315394 1.5399982
v 0.2459079 0.1923769 1.5399982
v 0.2698418 0.1509221 1.4934219
v 0.1149799 0.4191509 1.4934219
v 0.1389138 0.3776962 1.5399982
v 0.1924109 0.3920306 1.5399982
v 0.1924109 0.4398985 1.4934219
v -0.3472720 0.2850366 1.4934219
v -0.3265244 0.2076056 1.4934219
v 0.2698419 0.4191509 1.4934219
v 0.1924109 0.4398985 1.4934219
v 0.2459079 0.3776961 1.5399982
v -0.3265244 0.2076056 1.4934219
v -0.2698410 0.1509222 1.4934219
v -0.2850697 0.2315395 1.5399982
v 0.1924109 0.2850365 1.5399982
v 0.2850705 0.3385336 1.5399982
v 0.2459079 0.3776961 1.5399982
v 0.1389138 0.3776962 1.5399982
v 0.0997512 0.3385336 1.5399982
v 0.1924109 0.2850365 1.5399982
v 0.0997512 0.3385336 1.5399982
v 0.0854167 0.2850365 1.5399982
v 0.2994050 0.2850365 1.5399982
v 0.1389138 0.1923769 1.5399982
v 0.1924109 0.1780424 1.5399982
v 0.2459079 0.1923769 1.5399982
v -0.3472720 0.2850366 1.4520480
v -0.3265244 0.2076056 1.4520480
v 0.3265252 0.2076056 1.4520480
v 0.3472729 0.2850365 1.4520480
v 0.3472729 0.2850365 1.4934219
v 0.3265252 0.2076056 1.4934219
v 0.2698418 0.1509221 1.4520480
v 0.3265252 0.2076056 1.4520480
v 0.3265252 0.2076056 1.4934219
v 0.1924108 0.1301746 1.4520480
v 0.2698418 0.1509221 1.4520480
v 0.2698418 0.1509221 1.4934219
v 0.1924108 0.1301746 1.4520480
v 0.1149798 0.1509222 1.4520480
v 0.1924108 0.1301746 1.4520480
v 0.1149798 0.1509222 1.4934219
v 0.3472729 0.2850365 1.4520480
v 0.3265252 0.3624675 1.4520480
v 0.3265252 0.3624675 1.4934219
v 0.3472729 0.2850365 1.4934219
v 0.0582965 0.2076056 1.4520480
v 0.1149798 0.1509222 1.4520480
v 0.1149798 0.1509222 1.4934219
v 0.0582965 0.2076056 1.4934219
v 0.0582965 0.2076056 1.4520480
v 0.0375489 0.2850366 1.4520480
v 0.0582965 0.2076056 1.4520480
v 0.0582965 0.2076056 1.4934219
v 0.0375489 0.2850366 1.4934219
v 0.0582965 0.3624675 1.4520480
v 0.0375489 0.2850366 1.4520480
v 0.0375489 0.2850366 1.4934219
v 0.0582965 0.3624675 1.4934219
v 0.1149799 0.4191509 1.4520480
v 0.0582965 0.3624675 1.4520480
v 0.0582965 0.3624675 1.4934219
v 0.1924109 0.4398985 1.4520480
v 0.1149799 0.4191509 1.4520480
v 0.1924109 0.4398985 1.4934219
v 0.2698418 0.4191509 1.4520480
v 0.1924109 0.4398985 1.4520480
v 0.1924109 0.4398985 1.4934219
v 0.2698419 0.4191509 1.4934219
v 0.2698418 0.4191509 1.4520480
v 0.3265252 0.3624675 1.4520480
v 0.2698418 0.4191509 1.4520480
v 0.2698419 0.4191509 1.4934219
v 0.3265252 0.3624675 1.4934219
v 0.3265252 0.3624675 1.4520480
v -0.2698410 0.4191510 1.4520480
v -0.3265244 0.3624676 1.4520480
v -0.2698410 0.4191510 1.4934219
v -0.1924100 0.4398985 1.4520480
v -0.2698410 0.4191510 1.4520480
v -0.2698410 0.4191510 1.4934219
v -0.1924100 0.4398986 1.4934219
v -0.1924100 0.4398985 1.4520480
v -0.1149790 0.4191509 1.4520480
v -0.1924100 0.4398985 1.4520480
v -0.1924100 0.4398986 1.4934219
v -0.1149790 0.4191509 1.4934219
v -0.1149790 0.4191509 1.4520480
v -0.0582957 0.3624675 1.4520480
v -0.1149790 0.4191509 1.4520480
v -0.1149790 0.4191509 1.4934219
v -0.0582956 0.3624675 1.4934219
v -0.0582957 0.3624675 1.4520480
v -0.0375481 0.2850366 1.4520480
v -0.0582957 0.3624675 1.4520480
v -0.0582956 0.3624675 1.4934219
v -0.0375481 0.2850366 1.4934219
v -0.0375481 0.2850366 1.4520480
v -0.0582957 0.2076056 1.4520480
v -0.0375481 0.2850366 1.4520480
v -0.0375481 0.2850366 1.4934219
v -0.0582957 0.2076056 1.4934219
v -0.3265244 0.3624676 1.4520480
v -0.3472720 0.2850366 1.4520480
v -0.3472720 0.2850366 1.4934219
v -0.1149791 0.1509222 1.4520480
v -0.0582957 0.2076056 1.4520480
v -0.0582957 0.2076056 1.4934219
v -0.1149791 0.1509222 1.4934219
v -0.1149791 0.1509222 1.4520480
v -0.1924101 0.1301746 1.4520480
v -0.1149791 0.1509222 1.4520480
v -0.1149791 0.1509222 1.4934219
v -0.2698410 0.1509222 1.4520480
v -0.1924101 0.1301746 1.4520480
v -0.1924100 0.1301746 1.4934219
v -0.3265244 0.2076056 1.4520480
v -0.2698410 0.1509222 1.4520480
v -0.2698410 0.1509222 1.4934219
v 0.7676918 0.1270908 0.3657073
v 0.7676918 0.1270908 0.2264342
v 0.7676918 0.1270908 0.3770435
v 0.7676918 0.1270908 0.2150980
v 0.8757092 0.6464947 0.5324210
v 0.8757092 0.7283216 0.5324210
v 0.9119214 0.7283216 0.5324210
v 0.9119214 0.6464947 0.5324210
v 0.9119214 0.6464947 0.6035790
v 0.9119214 0.7283216 0.6035790
v 0.8757092 0.7283216 0.6035790
v 0.8757092 0.6464947 0.6035790
v 0.9300277 0.6464947 0.5680001
v 0.8757092 0.6464947 0.5680001
v 0.8757092 0.6464947 0.5324210
v 0.9119214 0.6464947 0.5324210
v 0.9119214 0.6464947 0.6035790
v 0.8757092 0.6464947 0.6035790
v 0.9300277 0.7283216 0.5680001
v 0.9300277 0.6464947 0.5680001
v 0.8757092 0.7283216 0.5324210
v 0.8757092 0.7283216 0.5680001
v 0.9119214 0.7283216 0.5324210
v 0.8757092 0.7283216 0.6035790
v 0.9119214 0.7283216 0.6035790
v 0.8757092 0.5184378 0.5324210
v 0.8757092 0.6002646 0.5324210
v 0.9119214 0.6002646 0.5324210
v 0.9119214 0.5184378 0.5324210
v 0.9119214 0.5184378 0.6035790
v 0.9119214 0.6002646 0.6035790
v 0.8757092 0.6002646 0.6035790
v 0.8757092 0.5184378 0.6035790
v 0.9300277 0.5184378 0.5680001
v 0.8757092 0.5184378 0.5680001
v 0.8757092 0.5184378 0.5324210
v 0.9119214 0.5184378 0.6035790
v 0.8757092 0.5184378 0.6035790
v 0.9300277 0.6002646 0.5680001
v 0.9119214 0.5184378 0.5324210
v 0.8757092 0.6002646 0.5324210
v 0.8757092 0.6002646 0.5680001
v 0.9300277 0.6002646 0.5680001
v 0.8757092 0.6002646 0.6035790
v 0.9119214 0.6002646 0.6035790
v -0.8757086 0.6464950 0.5324213
v -0.9119208 0.6464950 0.5324213
v -0.9119208 0.7283219 0.5324213
v -0.8757086 0.7283219 0.5324213
v -0.9119208 0.6464950 0.6035793
v -0.8757086 0.6464950 0.6035793
v -0.8757086 0.7283219 0.6035793
v -0.9119208 0.7283219 0.6035793
v -0.9119208 0.6464950 0.6035793
v -0.8757086 0.6464950 0.5324213
v -0.8757086 0.6464950 0.5680004
v -0.9300271 0.6464950 0.5680004
v -0.9119208 0.6464950 0.5324213
v -0.8757086 0.6464950 0.5680004
v -0.8757086 0.6464950 0.6035793
v -0.9119208 0.6464950 0.6035793
v -0.9300271 0.7283219 0.5680004
v -0.9119208 0.7283219 0.5324213
v -0.9119208 0.6464950 0.6035793
v -0.8757086 0.7283219 0.5324213
v -0.9119208 0.7283219 0.5324213
v -0.8757086 0.7283219 0.5680004
v -0.8757086 0.7283219 0.5324213
v -0.9300271 0.7283219 0.5680004
v -0.9119208 0.7283219 0.6035793
v -0.8757086 0.7283219 0.6035793
v -0.8757086 0.7283219 0.5680004
v -0.9300271 0.7283219 0.5680004
v -0.8757086 0.5184380 0.5324213
v -0.9119208 0.5184380 0.5324213
v -0.9119208 0.6002649 0.5324213
v -0.8757086 0.6002649 0.5324213
v -0.8757086 0.5184380 0.5324213
v -0.9119208 0.5184381 0.6035793
v -0.8757086 0.5184380 0.6035793
v -0.8757086 0.6002649 0.6035793
v -0.9119208 0.6002649 0.6035793
v -0.8757086 0.5184380 0.5324213
v -0.8757086 0.5184380 0.5680004
v -0.9300271 0.5184381 0.5680004
v -0.8757086 0.5184380 0.6035793
v -0.9119208 0.5184381 0.6035793
v -0.9300271 0.6002649 0.5680004
v -0.9119208 0.6002649 0.5324213
v -0.9119208 0.5184380 0.5324213
v -0.8757086 0.6002649 0.5324213
v -0.8757086 0.6002649 0.5680004
v -0.9119208 0.6002649 0.6035793
v -0.8757086 0.6002649 0.6035793
v -0.8475694 0.7699408 -0.9800857
v -0.8532410 0.7727280 -0.9796992
v -0.8426928 0.8218325 -0.9976852
v -0.8365067 0.8213111 -0.9989275
v -0.8532410 0.7727280 -0.9796992
v -0.8543664 0.7770002 -0.9751638
v -0.8446770 0.8224923 -0.9917089
v -0.8426928 0.8218325 -0.9976852
v -0.8232672 0.9017525 -0.9979373
v -0.8286930 0.9047269 -0.9965961
v -0.8171846 0.9181860 -0.9967944
v -0.8135995 0.9131312 -0.9980914
v -0.8232672 0.9017525 -0.9979373
v -0.8304501 0.9055416 -0.9905682
v -0.8180793 0.9199755 -0.9907875
v -0.8171846 0.9181860 -0.9967944
v -0.8135995 0.9131312 -0.9980914
v -0.8171846 0.9181860 -0.9967944
v -0.7981233 0.9251551 -0.9976407
v -0.7972060 0.9190008 -0.9988107
v -0.8135995 0.9131312 -0.9980914
v -0.8180793 0.9199755 -0.9907875
v -0.7982632 0.9272558 -0.9916696
v -0.7981233 0.9251551 -0.9976407
v -0.7449438 0.9230157 -0.9986987
v -0.7458815 0.9168568 -0.9998273
v -0.7972060 0.9190008 -0.9988107
v -0.7982632 0.9272558 -0.9916696
v -0.7445427 0.9251170 -0.9927399
v -0.7449438 0.9230157 -0.9986987
v -0.7981233 0.9251551 -0.9976407
v -0.7449438 0.9230157 -0.9986987
v -0.6704793 0.9077543 -0.9995618
v -0.6718137 0.9016679 -1.0006845
v -0.7449438 0.9230157 -0.9986987
v -0.7445427 0.9251170 -0.9927399
v -0.6699244 0.9098269 -0.9936050
v -0.6704793 0.9077543 -0.9995618
v -0.3941548 0.9721291 -1.0462077
v -0.3966758 0.9777048 -1.0445820
v -0.3756844 0.9839503 -1.0474213
v -0.3746976 0.9778548 -1.0488206
v -0.3964423 0.9796495 -1.0385612
v -0.3754553 0.9858935 -1.0414002
v -0.3746976 0.9778548 -1.0488206
v -0.2413773 0.9890856 -1.0506586
v -0.2418604 0.9829151 -1.0519910
v -0.3754553 0.9858935 -1.0414002
v -0.2411025 0.9910111 -1.0446336
v -0.2413773 0.9890856 -1.0506586
v -0.2418604 0.9829151 -1.0519910
v -0.1925466 0.9803027 -1.0515907
v -0.1951688 0.9746897 -1.0528965
v -0.2413773 0.9890856 -1.0506586
v -0.1917383 0.9820957 -1.0455726
v -0.1925466 0.9803027 -1.0515907
v -0.2413773 0.9890856 -1.0506586
v -0.1951688 0.9746897 -1.0528965
v -0.1925466 0.9803027 -1.0515907
v -0.1627814 0.9535149 -1.0521775
v -0.1679587 0.9500957 -1.0534394
v -0.1951688 0.9746897 -1.0528965
v -0.1917383 0.9820957 -1.0455726
v -0.1610203 0.9544955 -1.0461756
v -0.1627814 0.9535149 -1.0521775
v -0.1925466 0.9803027 -1.0515907
v -0.8968101 0.7143882 -0.7949099
v -0.8965346 0.7206411 -0.7958640
v -0.8918215 0.7188695 -0.8576020
v -0.8919389 0.7125819 -0.8583358
v -0.8914738 0.7110571 -0.7941932
v -0.8865750 0.7092447 -0.8579128
v -0.8841103 0.7217633 -0.8974911
v -0.8919389 0.7125819 -0.8583358
v -0.8918215 0.7188695 -0.8576020
v -0.8842576 0.7277441 -0.8954189
v -0.8787004 0.7184795 -0.8973013
v -0.8865750 0.7092447 -0.8579128
v -0.8919389 0.7125819 -0.8583358
v -0.8841103 0.7217633 -0.8974911
v -0.8393795 0.8657667 -0.9982900
v -0.8426928 0.8218325 -0.9976852
v -0.8446770 0.8224923 -0.9917089
v -0.8414085 0.8658056 -0.9922927
v -0.8393795 0.8657667 -0.9982900
v -0.8393795 0.8657667 -0.9982900
v -0.8332143 0.8650524 -0.9995415
v -0.8365067 0.8213111 -0.9989275
v -0.8426928 0.8218325 -0.9976852
v -0.8648203 0.7381944 -0.9405909
v -0.8702439 0.7414568 -0.9407568
v -0.8532410 0.7727280 -0.9796992
v -0.8475694 0.7699408 -0.9800857
v -0.8702439 0.7414568 -0.9407568
v -0.8841103 0.7217633 -0.8974911
v -0.8842576 0.7277441 -0.8954189
v -0.8706995 0.7469969 -0.9377258
v -0.8787004 0.7184795 -0.8973013
v -0.8702439 0.7414568 -0.9407568
v -0.8706995 0.7469969 -0.9377258
v -0.8543664 0.7770002 -0.9751638
v -0.8532410 0.7727280 -0.9796992
v -0.8414085 0.8658056 -0.9922927
v -0.8304501 0.9055416 -0.9905682
v -0.8286930 0.9047269 -0.9965961
v -0.8393795 0.8657667 -0.9982900
v -0.8414085 0.8658056 -0.9922927
v -0.8232672 0.9017525 -0.9979373
v -0.8332143 0.8650524 -0.9995415
v -0.8393795 0.8657667 -0.9982900
v -0.5734563 0.8999040 -1.0066211
v -0.5730493 0.9019750 -1.0006537
v -0.4646663 0.9033668 -1.0077026
v -0.4653391 0.9013927 -1.0136807
v -0.5734563 0.8999040 -1.0066211
v -0.5734703 0.8938337 -1.0078394
v -0.5734563 0.8999040 -1.0066211
v -0.4653391 0.9013927 -1.0136807
v -0.4652867 0.8951994 -1.0149942
v -0.4646663 0.9033668 -1.0077026
v -0.4369265 0.9145416 -1.0129846
v -0.4373839 0.9123547 -1.0189087
v -0.4653391 0.9013927 -1.0136807
v -0.4653391 0.9013927 -1.0136807
v -0.4373839 0.9123547 -1.0189087
v -0.4333956 0.9078803 -1.0209482
v -0.3966758 0.9777048 -1.0445820
v -0.4176765 0.9575443 -1.0364240
v -0.4172149 0.9597054 -1.0304908
v -0.3964423 0.9796495 -1.0385612
v -0.3941548 0.9721291 -1.0462077
v -0.4130812 0.9539200 -1.0388395
v -0.4176765 0.9575443 -1.0364240
v -0.4272946 0.9345731 -1.0269250
v -0.4267818 0.9368476 -1.0210388
v -0.4176765 0.9575443 -1.0364240
v -0.4130812 0.9539200 -1.0388395
v -0.4223830 0.9316209 -1.0296171
v -0.4272946 0.9345731 -1.0269250
v -0.4267818 0.9368476 -1.0210388
v -0.4272946 0.9345731 -1.0269250
v -0.4373839 0.9123547 -1.0189087
v -0.4369265 0.9145416 -1.0129846
v -0.1468918 0.9259007 -1.0528550
v -0.1451829 0.9269773 -1.0468543
v -0.1200140 0.9003318 -1.0441755
v -0.1206362 0.8981059 -1.0500697
v -0.1468918 0.9259007 -1.0528550
v -0.1521377 0.9225838 -1.0541059
v -0.1468918 0.9259007 -1.0528550
v -0.1206362 0.8981059 -1.0500697
v -0.1234805 0.8925381 -1.0510670
v -0.0988209 0.8928524 -1.0490336
v -0.1206362 0.8981059 -1.0500697
v -0.1200140 0.9003318 -1.0441755
v -0.0988160 0.8952398 -1.0431696
v -0.0988209 0.8928524 -1.0490336
v -0.0992248 0.8865941 -1.0499036
v -0.1234805 0.8925381 -1.0510670
v -0.1206362 0.8981059 -1.0500697
v -0.0988209 0.8928524 -1.0490336
v -0.1627814 0.9535149 -1.0521775
v -0.1468918 0.9259007 -1.0528550
v -0.1521377 0.9225838 -1.0541059
v -0.1679587 0.9500957 -1.0534394
v -0.1627814 0.9535149 -1.0521775
v -0.1610203 0.9544955 -1.0461756
v -0.1451829 0.9269773 -1.0468543
v -0.1468918 0.9259007 -1.0528550
v -0.4223830 0.9316209 -1.0296171
v -0.4164459 0.9332178 -1.0205366
v -0.4284925 0.9112019 -1.0111395
v -0.2418604 0.9829151 -1.0519910
v -0.2417937 0.9805953 -1.0412733
v -0.3732528 0.9756458 -1.0381767
v -0.3746976 0.9778548 -1.0488206
v -0.2418604 0.9829151 -1.0519910
v -0.1539659 0.9214204 -1.0433561
v -0.1696136 0.9486376 -1.0426972
v -0.1679587 0.9500957 -1.0534394
v -0.7460168 0.9149003 -0.9890379
v -0.7458815 0.9168568 -0.9998273
v -0.6718137 0.9016679 -1.0006845
v -0.6720385 0.8997266 -0.9898936
v -0.8365067 0.8213111 -0.9989275
v -0.8332143 0.8650524 -0.9995415
v -0.8311073 0.8644158 -0.9887983
v -0.8342885 0.8221094 -0.9882177
v -0.8365067 0.8213111 -0.9989275
v -0.4284925 0.9112019 -1.0111395
v -0.4557204 0.8965671 -1.0043518
v -0.6718137 0.9016679 -1.0006845
v -0.5734703 0.8938337 -1.0078394
v -0.5726708 0.8919054 -0.9971228
v -0.1250804 0.8914220 -1.0402757
v -0.1539659 0.9214204 -1.0433561
v -0.1521377 0.9225838 -1.0541059
v -0.1234805 0.8925381 -1.0510670
v -0.8914738 0.7110571 -0.7941932
v -0.8865750 0.7092447 -0.8579128
v -0.8809764 0.7184827 -0.8560226
v -0.8855865 0.7202319 -0.7953849
v -0.3732528 0.9756458 -1.0381767
v -0.3911668 0.9704431 -1.0357920
v -0.3941548 0.9721291 -1.0462077
v -0.3746976 0.9778548 -1.0488206
v -0.1961743 0.9726629 -1.0421662
v -0.1951688 0.9746897 -1.0528965
v -0.1679587 0.9500957 -1.0534394
v -0.1696136 0.9486376 -1.0426972
v -0.1961743 0.9726629 -1.0421662
v -0.7965686 0.9170477 -0.9880386
v -0.7972060 0.9190008 -0.9988107
v -0.7458815 0.9168568 -0.9998273
v -0.8365067 0.8213111 -0.9989275
v -0.8342885 0.8221094 -0.9882177
v -0.8441482 0.7756979 -0.9714022
v -0.8475694 0.7699408 -0.9800857
v -0.8648203 0.7381944 -0.9405909
v -0.8441482 0.7756979 -0.9714022
v -0.8603081 0.7460118 -0.9343633
v -0.4130812 0.9539200 -1.0388395
v -0.3941548 0.9721291 -1.0462077
v -0.3911668 0.9704431 -1.0357920
v -0.4075627 0.9546185 -1.0293888
v -0.8603081 0.7460118 -0.9343633
v -0.8735851 0.7271575 -0.8929668
v -0.8787004 0.7184795 -0.8973013
v -0.7965686 0.9170477 -0.9880386
v -0.8118037 0.9116557 -0.9873740
v -0.8135995 0.9131312 -0.9980914
v -0.7972060 0.9190008 -0.9988107
v -0.1961743 0.9726629 -1.0421662
v -0.2417937 0.9805953 -1.0412733
v -0.2418604 0.9829151 -1.0519910
v -0.1951688 0.9746897 -1.0528965
v -0.4223830 0.9316209 -1.0296171
v -0.4075627 0.9546185 -1.0293888
v -0.4164459 0.9332178 -1.0205366
v -0.8213556 0.9004078 -0.9872230
v -0.8232672 0.9017525 -0.9979373
v -0.8135995 0.9131312 -0.9980914
v -0.8118037 0.9116557 -0.9873740
v -0.0996190 0.8851105 -1.0390455
v -0.1234805 0.8925381 -1.0510670
v -0.0992248 0.8865941 -1.0499036
v -0.8735851 0.7271575 -0.8929668
v -0.8809764 0.7184827 -0.8560226
v -0.8865750 0.7092447 -0.8579128
v -0.8332143 0.8650524 -0.9995415
v -0.8232672 0.9017525 -0.9979373
v -0.8213556 0.9004078 -0.9872230
v -0.8311073 0.8644158 -0.9887983
v -0.8332143 0.8650524 -0.9995415
v -0.1539659 0.9214204 -1.0433561
v -0.1451829 0.9269773 -1.0468543
v -0.1610203 0.9544955 -1.0461756
v -0.1696136 0.9486376 -1.0426972
v -0.6699244 0.9098269 -0.9936050
v -0.7445427 0.9251170 -0.9927399
v -0.8446770 0.8224923 -0.9917089
v -0.8342885 0.8221094 -0.9882177
v -0.8311073 0.8644158 -0.9887983
v -0.3732528 0.9756458 -1.0381767
v -0.2417937 0.9805953 -1.0412733
v -0.2411025 0.9910111 -1.0446336
v -0.3754553 0.9858935 -1.0414002
v -0.4646663 0.9033668 -1.0077026
v -0.4557204 0.8965671 -1.0043518
v -0.4284925 0.9112019 -1.0111395
v -0.4369265 0.9145416 -1.0129846
v -0.6699244 0.9098269 -0.9936050
v -0.5730493 0.9019750 -1.0006537
v -0.1200140 0.9003318 -1.0441755
v -0.1451829 0.9269773 -1.0468543
v -0.1539659 0.9214204 -1.0433561
v -0.8965346 0.7206411 -0.7958640
v -0.8855865 0.7202319 -0.7953849
v -0.8809764 0.7184827 -0.8560226
v -0.8965346 0.7206411 -0.7958640
v -0.3754553 0.9858935 -1.0414002
v -0.3964423 0.9796495 -1.0385612
v -0.3911668 0.9704431 -1.0357920
v -0.3732528 0.9756458 -1.0381767
v -0.1610203 0.9544955 -1.0461756
v -0.1917383 0.9820957 -1.0455726
v -0.1961743 0.9726629 -1.0421662
v -0.1696136 0.9486376 -1.0426972
v -0.1610203 0.9544955 -1.0461756
v -0.7445427 0.9251170 -0.9927399
v -0.7982632 0.9272558 -0.9916696
v -0.7965686 0.9170477 -0.9880386
v -0.7460168 0.9149003 -0.9890379
v -0.8543664 0.7770002 -0.9751638
v -0.8441482 0.7756979 -0.9714022
v -0.8342885 0.8221094 -0.9882177
v -0.8446770 0.8224923 -0.9917089
v -0.8603081 0.7460118 -0.9343633
v -0.8441482 0.7756979 -0.9714022
v -0.8543664 0.7770002 -0.9751638
v -0.8706995 0.7469969 -0.9377258
v -0.4075627 0.9546185 -1.0293888
v -0.3911668 0.9704431 -1.0357920
v -0.3964423 0.9796495 -1.0385612
v -0.8706995 0.7469969 -0.9377258
v -0.8735851 0.7271575 -0.8929668
v -0.8603081 0.7460118 -0.9343633
v -0.7982632 0.9272558 -0.9916696
v -0.8180793 0.9199755 -0.9907875
v -0.8118037 0.9116557 -0.9873740
v -0.7965686 0.9170477 -0.9880386
v -0.2411025 0.9910111 -1.0446336
v -0.2417937 0.9805953 -1.0412733
v -0.1961743 0.9726629 -1.0421662
v -0.1917383 0.9820957 -1.0455726
v -0.4164459 0.9332178 -1.0205366
v -0.4075627 0.9546185 -1.0293888
v -0.8213556 0.9004078 -0.9872230
v -0.8180793 0.9199755 -0.9907875
v -0.0996190 0.8851105 -1.0390455
v -0.0988160 0.8952398 -1.0431696
v -0.1200140 0.9003318 -1.0441755
v -0.1250804 0.8914220 -1.0402757
v -0.8918215 0.7188695 -0.8576020
v -0.8809764 0.7184827 -0.8560226
v -0.8735851 0.7271575 -0.8929668
v -0.8414085 0.8658056 -0.9922927
v -0.8311073 0.8644158 -0.9887983
v -0.8213556 0.9004078 -0.9872230
v -0.8304501 0.9055416 -0.9905682
v -0.4369265 0.9145416 -1.0129846
v -0.4284925 0.9112019 -1.0111395
v -0.4164459 0.9332178 -1.0205366
v -0.6704793 0.9077543 -0.9995618
v -0.6699244 0.9098269 -0.9936050
v -0.5730493 0.9019750 -1.0006537
v -0.5734563 0.8999040 -1.0066211
v -0.6718137 0.9016679 -1.0006845
v -0.6704793 0.9077543 -0.9995618
v -0.5734563 0.8999040 -1.0066211
v -0.4557204 0.8965671 -1.0043518
v -0.4646663 0.9033668 -1.0077026
v -0.5730493 0.9019750 -1.0006537
v -0.8837948 0.8719114 -0.6811652
v -0.8900948 0.8720916 -0.6817678
v -0.8851283 0.9161376 -0.6825564
v -0.8791656 0.9140908 -0.6819712
v -0.8900948 0.8720916 -0.6817678
v -0.8937583 0.8724612 -0.6766174
v -0.8887105 0.9169678 -0.6774023
v -0.8911218 0.8726505 -0.6708642
v -0.8863300 0.9157508 -0.6716631
v -0.8848218 0.8724703 -0.6702616
v -0.8803674 0.9137038 -0.6710780
v -0.8837948 0.8719114 -0.6811652
v -0.8840499 0.7605798 -0.6777207
v -0.8903458 0.7602731 -0.6783144
v -0.8911218 0.8726505 -0.6708642
v -0.8913660 0.7600808 -0.6673974
v -0.8850700 0.7603873 -0.6668038
v -0.8848218 0.8724703 -0.6702616
v -0.8937583 0.8724612 -0.6766174
v -0.8940038 0.7600237 -0.6731527
v -0.8900948 0.8720916 -0.6817678
v -0.8903458 0.7602731 -0.6783144
v -0.8515683 0.9586446 -0.6631081
v -0.8491718 0.9527882 -0.6633172
v -0.7931843 0.9603028 -0.6647613
v -0.7937576 0.9666060 -0.6645940
v -0.8527470 0.9617765 -0.6684829
v -0.7942368 0.9698855 -0.6699885
v -0.7941426 0.9668619 -0.6755505
v -0.8515290 0.9590517 -0.6740667
v -0.7942368 0.9698855 -0.6699885
v -0.7935694 0.9605589 -0.6757177
v -0.8491324 0.9531953 -0.6742757
v -0.8515290 0.9590517 -0.6740667
v -0.7935694 0.9605589 -0.6757177
v -0.8688558 0.9374729 -0.6667194
v -0.8491718 0.9527882 -0.6633172
v -0.8515683 0.9586446 -0.6631081
v -0.8738311 0.9413836 -0.6669218
v -0.8754326 0.9441897 -0.6723667
v -0.8527470 0.9617765 -0.6684829
v -0.8515290 0.9590517 -0.6740667
v -0.8720589 0.9430851 -0.6776093
v -0.8670838 0.9391744 -0.6774068
v -0.8863300 0.9157508 -0.6716631
v -0.8803674 0.9137038 -0.6710780
v -0.8688558 0.9374729 -0.6667194
v -0.8738311 0.9413836 -0.6669218
v -0.8887105 0.9169678 -0.6774023
v -0.8754326 0.9441897 -0.6723667
v -0.8791656 0.9140908 -0.6819712
v -0.8837948 0.8719114 -0.6811652
v -0.8791656 0.9140908 -0.6819712
v -0.8803674 0.9137038 -0.6710780
v -0.8848218 0.8724703 -0.6702616
v -0.8837948 0.8719114 -0.6811652
v -0.8688558 0.9374729 -0.6667194
v -0.8670838 0.9391744 -0.6774068
v -0.8491324 0.9531953 -0.6742757
v -0.8491718 0.9527882 -0.6633172
v -0.7931843 0.9603028 -0.6647613
v -0.8491718 0.9527882 -0.6633172
v -0.8491324 0.9531953 -0.6742757
v -0.7935694 0.9605589 -0.6757177
v -0.8791656 0.9140908 -0.6819712
v -0.8670838 0.9391744 -0.6774068
v -0.8837948 0.8719114 -0.6811652
v -0.8848218 0.8724703 -0.6702616
v -0.8850700 0.7603873 -0.6668038
v -0.8840499 0.7605798 -0.6777207
v -0.8837948 0.8719114 -0.6811652
v -0.7094580 0.4355637 -1.3038501
v -0.7087396 0.4365140 -1.2976315
v -0.6783496 0.4371775 -1.2985394
v -0.6780588 0.4362468 -1.3047952
v -0.7087396 0.4365140 -1.2976315
v -0.7083279 0.4315682 -1.2937000
v -0.6782777 0.4322252 -1.2945953
v -0.8855920 0.5273000 -1.0143374
v -0.8877194 0.5323605 -1.0174920
v -0.8925843 0.5373381 -1.0090713
v -0.8911629 0.5329766 -1.0047073
v -0.8855920 0.5273000 -1.0143374
v -0.8929366 0.5319096 -1.0210506
v -0.8983354 0.5374111 -1.0117181
v -0.8925843 0.5373381 -1.0090713
v -0.8877194 0.5323605 -1.0174920
v -0.8134323 0.5229800 -1.1202154
v -0.8213074 0.5309964 -1.1024407
v -0.8187012 0.5258762 -1.0997802
v -0.8113496 0.5184133 -1.1163561
v -0.8853271 0.6487362 -0.8049670
v -0.8848372 0.6424239 -0.8049456
v -0.8857115 0.6417865 -0.8619335
v -0.8862035 0.6480969 -0.8620846
v -0.8134323 0.5229800 -1.1202154
v -0.8194794 0.5230264 -1.1220904
v -0.8268376 0.5305141 -1.1054852
v -0.8213074 0.5309964 -1.1024407
v -0.8862035 0.6480969 -0.8620846
v -0.8857115 0.6417865 -0.8619335
v -0.8879499 0.6316965 -0.9491351
v -0.8885061 0.6376392 -0.9512470
v -0.8910381 0.6514684 -0.8048956
v -0.8853271 0.6487362 -0.8049670
v -0.8862035 0.6480969 -0.8620846
v -0.8919151 0.6508286 -0.8620577
v -0.8919151 0.6508286 -0.8620577
v -0.8862035 0.6480969 -0.8620846
v -0.8885061 0.6376392 -0.9512470
v -0.8942400 0.6402436 -0.9518990
v -0.8919151 0.6508286 -0.8620577
v -0.8885061 0.6376392 -0.9512470
v -0.8879499 0.6316965 -0.9491351
v -0.8896101 0.6185819 -0.9674096
v -0.8904446 0.6223052 -0.9724621
v -0.7421285 0.4336617 -1.2845758
v -0.7083279 0.4315682 -1.2937000
v -0.7087396 0.4365140 -1.2976315
v -0.7432453 0.4386556 -1.2883038
v -0.7807655 0.4438150 -1.2518475
v -0.7826794 0.4490147 -1.2549114
v -0.8052981 0.4774876 -1.1725884
v -0.8031616 0.4725046 -1.1693188
v -0.8942400 0.6402436 -0.9518990
v -0.8885061 0.6376392 -0.9512470
v -0.8904446 0.6223052 -0.9724621
v -0.8962653 0.6242179 -0.9740578
v -0.7432453 0.4386556 -1.2883038
v -0.7094580 0.4355637 -1.3038501
v -0.7460574 0.4378485 -1.2939191
v -0.7826794 0.4490147 -1.2549114
v -0.7878687 0.4488249 -1.2585336
v -0.8114304 0.4778797 -1.1741137
v -0.7826794 0.4490147 -1.2549114
v -0.8213074 0.5309964 -1.1024407
v -0.8531203 0.5306247 -1.0596102
v -0.8503930 0.5254386 -1.0572118
v -0.8187012 0.5258762 -1.0997802
v -0.8268376 0.5305141 -1.1054852
v -0.8581738 0.5300858 -1.0633865
v -0.8213074 0.5309964 -1.1024407
v -0.7826794 0.4490147 -1.2549114
v -0.7807655 0.4438150 -1.2518475
v -0.7421285 0.4336617 -1.2845758
v -0.7432453 0.4386556 -1.2883038
v -0.8134323 0.5229800 -1.1202154
v -0.8113496 0.5184133 -1.1163561
v -0.8031616 0.4725046 -1.1693188
v -0.8052981 0.4774876 -1.1725884
v -0.7878687 0.4488249 -1.2585336
v -0.7826794 0.4490147 -1.2549114
v -0.7432453 0.4386556 -1.2883038
v -0.7460574 0.4378485 -1.2939191
v -0.7878687 0.4488249 -1.2585336
v -0.8134323 0.5229800 -1.1202154
v -0.8114304 0.4778797 -1.1741137
v -0.8194794 0.5230264 -1.1220904
v -0.8134323 0.5229800 -1.1202154
v -0.8904446 0.6223052 -0.9724621
v -0.8896101 0.6185819 -0.9674096
v -0.8942162 0.5813586 -0.9782566
v -0.8953950 0.5824664 -0.9843777
v -0.8904446 0.6223052 -0.9724621
v -0.8962653 0.6242179 -0.9740578
v -0.9013490 0.5833329 -0.9863488
v -0.8942162 0.5813586 -0.9782566
v -0.8947102 0.5522079 -0.9900278
v -0.8958336 0.5552929 -0.9954415
v -0.8953950 0.5824664 -0.9843777
v -0.9017889 0.5562072 -0.9973870
v -0.9013490 0.5833329 -0.9863488
v -0.8947102 0.5522079 -0.9900278
v -0.8911629 0.5329766 -1.0047073
v -0.8925843 0.5373381 -1.0090713
v -0.8958336 0.5552929 -0.9954415
v -0.8947102 0.5522079 -0.9900278
v -0.9017889 0.5562072 -0.9973870
v -0.8925843 0.5373381 -1.0090713
v -0.8983354 0.5374111 -1.0117181
v -0.8531203 0.5306247 -1.0596102
v -0.8877194 0.5323605 -1.0174920
v -0.8855920 0.5273000 -1.0143374
v -0.8503930 0.5254386 -1.0572118
v -0.8581738 0.5300858 -1.0633865
v -0.8929366 0.5319096 -1.0210506
v -0.8877194 0.5323605 -1.0174920
v -0.8988616 0.6309624 -0.9483273
v -0.8942400 0.6402436 -0.9518990
v -0.8962653 0.6242179 -0.9740578
v -0.9004167 0.6186843 -0.9655489
v -0.7460574 0.4378485 -1.2939191
v -0.7094580 0.4355637 -1.3038501
v -0.7093528 0.4247221 -1.3022052
v -0.7466357 0.4270535 -1.2920770
v -0.7878687 0.4488249 -1.2585336
v -0.7892304 0.4382360 -1.2560281
v -0.8132899 0.4683059 -1.1690997
v -0.8114304 0.4778797 -1.1741137
v -0.8911629 0.5329766 -1.0047073
v -0.9012437 0.5287611 -1.0056371
v -0.8938988 0.5213376 -1.0183004
v -0.8855920 0.5273000 -1.0143374
v -0.6782777 0.4322252 -1.2945953
v -0.7083279 0.4315682 -1.2937000
v -0.7093528 0.4247221 -1.3022052
v -0.6776241 0.4254114 -1.3031628
v -0.8132899 0.4683059 -1.1690997
v -0.7892304 0.4382360 -1.2560281
v -0.7807655 0.4438150 -1.2518475
v -0.8031616 0.4725046 -1.1693188
v -0.6780588 0.4362468 -1.3047952
v -0.6776241 0.4254114 -1.3031628
v -0.7094580 0.4355637 -1.3038501
v -0.8503930 0.5254386 -1.0572118
v -0.8855920 0.5273000 -1.0143374
v -0.8577725 0.5191745 -1.0623660
v -0.8942162 0.5813586 -0.9782566
v -0.8896101 0.6185819 -0.9674096
v -0.9004167 0.6186843 -0.9655489
v -0.9049454 0.5819834 -0.9760773
v -0.8577725 0.5191745 -1.0623660
v -0.8271554 0.5197914 -1.1032092
v -0.8187012 0.5258762 -1.0997802
v -0.8503930 0.5254386 -1.0572118
v -0.8947102 0.5522079 -0.9900278
v -0.8942162 0.5813586 -0.9782566
v -0.9049454 0.5819834 -0.9760773
v -0.9054972 0.5509513 -0.9885053
v -0.8983354 0.5374111 -1.0117181
v -0.8929366 0.5319096 -1.0210506
v -0.8187012 0.5258762 -1.0997802
v -0.8271554 0.5197914 -1.1032092
v -0.8213612 0.5139395 -1.1162469
v -0.8113496 0.5184133 -1.1163561
v -0.8947102 0.5522079 -0.9900278
v -0.8911629 0.5329766 -1.0047073
v -0.8577725 0.5191745 -1.0623660
v -0.8929366 0.5319096 -1.0210506
v -0.8848372 0.6424239 -0.8049456
v -0.8957694 0.6415762 -0.8047811
v -0.8966430 0.6409393 -0.8617294
v -0.8857115 0.6417865 -0.8619335
v -0.8857115 0.6417865 -0.8619335
v -0.8966430 0.6409393 -0.8617294
v -0.8988616 0.6309624 -0.9483273
v -0.8879499 0.6316965 -0.9491351
v -0.9013490 0.5833329 -0.9863488
v -0.8962653 0.6242179 -0.9740578
v -0.7807655 0.4438150 -1.2518475
v -0.7892304 0.4382360 -1.2560281
v -0.7466357 0.4270535 -1.2920770
v -0.7421285 0.4336617 -1.2845758
v -0.7807655 0.4438150 -1.2518475
v -0.8113496 0.5184133 -1.1163561
v -0.8213612 0.5139395 -1.1162469
v -0.8132899 0.4683059 -1.1690997
v -0.8031616 0.4725046 -1.1693188
v -0.8113496 0.5184133 -1.1163561
v -0.8268376 0.5305141 -1.1054852
v -0.8271554 0.5197914 -1.1032092
v -0.8577725 0.5191745 -1.0623660
v -0.8879499 0.6316965 -0.9491351
v -0.8896101 0.6185819 -0.9674096
v -0.9013490 0.5833329 -0.9863488
v -0.7466357 0.4270535 -1.2920770
v -0.7093528 0.4247221 -1.3022052
v -0.7083279 0.4315682 -1.2937000
v -0.7421285 0.4336617 -1.2845758
v -0.8268376 0.5305141 -1.1054852
v -0.8194794 0.5230264 -1.1220904
v -0.8213612 0.5139395 -1.1162469
v -0.8271554 0.5197914 -1.1032092
v -0.8268376 0.5305141 -1.1054852
v -0.8983354 0.5374111 -1.0117181
v -0.8910381 0.6514684 -0.8048956
v -0.8919151 0.6508286 -0.8620577
v -0.8957694 0.6415762 -0.8047811
v -0.8919151 0.6508286 -0.8620577
v -0.8942400 0.6402436 -0.9518990
v -0.8966430 0.6409393 -0.8617294
v -0.7878687 0.4488249 -1.2585336
v -0.7460574 0.4378485 -1.2939191
v -0.8194794 0.5230264 -1.1220904
v -0.8114304 0.4778797 -1.1741137
v -0.8132899 0.4683059 -1.1690997
v -0.8213612 0.5139395 -1.1162469
v -0.8194794 0.5230264 -1.1220904
v -0.0626166 0.3073167 1.5005991
v -0.0855871 0.3073166 1.5202536
v -0.0696993 0.3021906 1.5324167
v -0.0538086 0.3021906 1.5140173
v -0.0458633 0.2811363 1.5048178
v -0.0511328 0.2811364 1.4907877
v -0.0626166 0.3073167 1.5005991
v -0.0538086 0.3021906 1.5140173
v -0.0538086 0.2600821 1.5140173
v -0.0626166 0.2549560 1.5005991
v -0.0511328 0.2811364 1.4907877
v -0.0458633 0.2811363 1.5048178
v -0.0538086 0.2600821 1.5140173
v -0.0970587 0.2811364 1.5300772
v -0.0776446 0.2811364 1.5416159
v -0.0855871 0.3073166 1.5202536
v -0.0696993 0.2600821 1.5324167
v -0.0855871 0.2549561 1.5202536
v -0.0776446 0.2811364 1.5416159
v 0.0923528 0.2811363 1.5339127
v 0.0812848 0.3063841 1.5244461
v 0.0676044 0.3021906 1.5349069
v 0.0753756 0.2811363 1.5442542
v 0.0676044 0.2600821 1.5349069
v 0.0812848 0.2558885 1.5244461
v 0.0676044 0.2600821 1.5349069
v 0.0520620 0.2600821 1.5162131
v 0.0591187 0.2558884 1.5055087
v 0.0812848 0.3063841 1.5244461
v 0.0591187 0.3063843 1.5055087
v 0.0520620 0.3021906 1.5162131
v 0.0520620 0.2600821 1.5162131
v 0.0442908 0.2811363 1.5068655
v 0.0480327 0.2811363 1.4960596
v 0.0591187 0.2558884 1.5055087
v 0.0520620 0.3021906 1.5162131
v 0.0480327 0.2811363 1.4960596
v 0.0442908 0.2811363 1.5068655
v -0.0288236 0.2600821 1.5274188
v -0.0252744 0.2811363 1.5157919
v 0.0019255 0.2811363 1.5171320
v 0.0012666 0.2600821 1.5292212
v -0.0359220 0.2600821 1.5506717
v -0.0000513 0.2600821 1.5534241
v -0.0007102 0.2811363 1.5655341
v -0.0394712 0.2811363 1.5622980
v -0.0000513 0.2600821 1.5534241
v -0.0288236 0.3021906 1.5274188
v 0.0012666 0.3021906 1.5292212
v 0.0019255 0.2811363 1.5171320
v -0.0252744 0.2811363 1.5157919
v -0.0359220 0.3021906 1.5506717
v -0.0000513 0.3021906 1.5534241
v 0.0012666 0.3021906 1.5292212
v -0.0359220 0.3021906 1.5506717
v -0.0394712 0.2811363 1.5622980
v 0.0413840 0.2811363 1.5616620
v 0.0378541 0.2600821 1.5500296
v 0.0676044 0.2600821 1.5349069
v 0.0378541 0.2600821 1.5500296
v 0.0307942 0.2600821 1.5267654
v 0.0520620 0.2600821 1.5162131
v 0.0272642 0.2811363 1.5151334
v 0.0442908 0.2811363 1.5068655
v 0.0307942 0.2600821 1.5267654
v -0.0458633 0.2811363 1.5048178
v -0.0252744 0.2811363 1.5157919
v -0.0538086 0.3021906 1.5140173
v -0.0696993 0.3021906 1.5324167
v -0.0359220 0.3021906 1.5506717
v -0.0288236 0.3021906 1.5274188
v -0.0696993 0.3021906 1.5324167
v -0.0776446 0.2811364 1.5416159
v -0.0394712 0.2811363 1.5622980
v -0.0538086 0.2600821 1.5140173
v -0.0458633 0.2811363 1.5048178
v -0.0252744 0.2811363 1.5157919
v -0.0288236 0.2600821 1.5274188
v 0.0307942 0.3021906 1.5267654
v 0.0520620 0.3021906 1.5162131
v 0.0442908 0.2811363 1.5068655
v 0.0272642 0.2811363 1.5151334
v 0.0307942 0.3021906 1.5267654
v 0.0378541 0.3021906 1.5500296
v 0.0676044 0.3021906 1.5349069
v 0.0307942 0.3021906 1.5267654
v 0.0413840 0.2811363 1.5616620
v 0.0753756 0.2811363 1.5442542
v 0.0676044 0.3021906 1.5349069
v 0.0378541 0.3021906 1.5500296
v 0.0272642 0.2811363 1.5151334
v 0.0307942 0.2600821 1.5267654
v 0.0012666 0.2600821 1.5292212
v 0.0019255 0.2811363 1.5171320
v 0.0272642 0.2811363 1.5151334
v -0.0000513 0.3021906 1.5534241
v -0.0007102 0.2811363 1.5655341
v 0.0378541 0.2600821 1.5500296
v 0.0012666 0.2600821 1.5292212
v 0.0012666 0.3021906 1.5292212
v 0.0307942 0.3021906 1.5267654
v 0.0272642 0.2811363 1.5151334
v 0.0019255 0.2811363 1.5171320
v 0.3772088 0.4166491 1.4553372
v 0.3746349 0.4132758 1.4867834
v 0.3514328 0.4192476 1.4827155
v 0.3510226 0.4213688 1.4553372
v 0.3772088 0.4166491 1.4553372
v 0.3944722 0.4368110 1.4553372
v 0.3888386 0.4280734 1.4997189
v 0.3854966 0.4617326 1.4553372
v 0.3798400 0.4488373 1.5085663
v 0.3566249 0.4547668 1.5044485
v 0.3593104 0.4664523 1.4553372
v 0.3424111 0.4399419 1.4914883
v 0.3566249 0.4547668 1.5044485
v 0.3420470 0.4462904 1.4553372
v 0.3440247 0.4289008 1.4857666
v 0.3424111 0.4399419 1.4914883
v 0.3431673 0.4326262 1.4553372
v 0.3440247 0.4289008 1.4857666
v 0.3514328 0.4192476 1.4827155
v 0.3431673 0.4326262 1.4553372
v 0.3510226 0.4213688 1.4553372
v 0.3514328 0.4192476 1.4827155
v 0.3243005 0.4094748 1.5366364
v 0.3206967 0.4095058 1.5125961
v 0.3022205 0.3905486 1.5123502
v 0.3021538 0.3868090 1.5363724
v 0.3243005 0.4094748 1.5366364
v 0.3558264 0.3819688 1.5318759
v 0.3522226 0.3819998 1.5078354
v 0.3667228 0.4005180 1.5001367
v 0.3765178 0.4082647 1.5209952
v 0.3558264 0.3819688 1.5318759
v 0.3418654 0.3957064 1.5462769
v 0.3243005 0.4094748 1.5366364
v 0.3151317 0.3685777 1.5458731
v 0.3440281 0.4344765 1.5265164
v 0.3243005 0.4094748 1.5366364
v 0.3651704 0.4252440 1.5341849
v 0.3440281 0.4344765 1.5265164
v 0.3667228 0.4005180 1.5001367
v 0.3346577 0.3957686 1.4981964
v 0.3455804 0.4097507 1.4924686
v 0.3260398 0.4037046 1.5027911
v 0.3375138 0.4183552 1.4968570
v 0.3346577 0.3957686 1.4981964
v 0.3260398 0.4037046 1.5027911
v 0.3206967 0.4095058 1.5125961
v 0.3342331 0.4267298 1.5056583
v 0.3375138 0.4183552 1.4968570
v 0.3260398 0.4037046 1.5027911
v 0.3798400 0.4488373 1.5085663
v 0.3566249 0.4547668 1.5044485
v 0.3651704 0.4252440 1.5341849
v 0.3798400 0.4488373 1.5085663
v 0.3424111 0.4399419 1.4914883
v 0.3342331 0.4267298 1.5056583
v 0.3440247 0.4289008 1.4857666
v 0.3375138 0.4183552 1.4968570
v 0.3514328 0.4192476 1.4827155
v 0.3455804 0.4097507 1.4924686
v 0.3558264 0.3819688 1.5318759
v 0.3765178 0.4082647 1.5209952
v 0.3667228 0.4005180 1.5001367
v 0.3455804 0.4097507 1.4924686
v 0.3514328 0.4192476 1.4827155
v 0.3746349 0.4132758 1.4867834
v 0.3558264 0.3819688 1.5318759
v 0.3151317 0.3685777 1.5458731
v 0.3281764 0.3540855 1.5313516
v 0.3888386 0.4280734 1.4997189
v 0.3765178 0.4082647 1.5209952
v 0.3558264 0.3819688 1.5318759
v 0.3282432 0.3578248 1.5073294
v 0.3522226 0.3819998 1.5078354
v 0.3765178 0.4082647 1.5209952
v 0.3798400 0.4488373 1.5085663
v 0.3282432 0.3578248 1.5073294
v 0.3152653 0.3760563 1.4978293
v 0.3346577 0.3957686 1.4981964
v 0.3346577 0.3957686 1.4981964
v 0.3152653 0.3760563 1.4978293
v 0.3077442 0.3850019 1.5024966
v 0.3260398 0.4037046 1.5027911
v 0.3206967 0.4095058 1.5125961
v 0.3077442 0.3850019 1.5024966
v 0.3022205 0.3905486 1.5123502
v 0.3206967 0.4095058 1.5125961
v 0.3281764 0.3540855 1.5313516
v 0.2788721 0.3475125 1.5335410
v 0.2979089 0.3292940 1.5204446
v 0.3281764 0.3540855 1.5313516
v 0.3282432 0.3578248 1.5073294
v 0.2979089 0.3292940 1.5204446
v 0.3110307 0.3372820 1.4953506
v 0.3051204 0.3634882 1.4833475
v 0.3152653 0.3760563 1.4978293
v 0.3110307 0.3372820 1.4953506
v 0.3151317 0.3685777 1.5458731
v 0.3021538 0.3868090 1.5363724
v 0.2729618 0.3737186 1.5215378
v 0.2788721 0.3475125 1.5335410
v 0.2961594 0.3752435 1.4870258
v 0.3077442 0.3850019 1.5024966
v 0.3152653 0.3760563 1.4978293
v 0.3051204 0.3634882 1.4833475
v 0.2860837 0.3817067 1.4964438
v 0.3022205 0.3905486 1.5123502
v 0.2961594 0.3752435 1.4870258
v 0.2860837 0.3817067 1.4964438
v 0.2729618 0.3737186 1.5215378
v 0.3626360 0.1630484 1.4838962
v 0.3746349 0.1632975 1.4875961
v 0.3771144 0.1583744 1.4566135
v 0.3645516 0.1593981 1.4566135
v 0.3626360 0.1630484 1.4838962
v 0.3842255 0.1579720 1.4936902
v 0.3874966 0.1512550 1.4566135
v 0.3771144 0.1583744 1.4566135
v 0.3746349 0.1632975 1.4875961
v 0.3872342 0.1374305 1.5062759
v 0.3918879 0.1274184 1.4566135
v 0.3874966 0.1512550 1.4566135
v 0.3842255 0.1579720 1.4936902
v 0.3732974 0.1117731 1.4566135
v 0.3686362 0.1220171 1.5090076
v 0.3470249 0.1271583 1.4991443
v 0.3503524 0.1199163 1.4566135
v 0.3918879 0.1274184 1.4566135
v 0.3470249 0.1271583 1.4991443
v 0.3440247 0.1476725 1.4865790
v 0.3459611 0.1437529 1.4566135
v 0.3459611 0.1437529 1.4566135
v 0.3440247 0.1476725 1.4865790
v 0.3626360 0.1630484 1.4838962
v 0.3470249 0.1271583 1.4991443
v 0.3686362 0.1220171 1.5090076
v 0.3452015 0.1572873 1.5409909
v 0.3297357 0.1532275 1.5226779
v 0.3872342 0.1374305 1.5062759
v 0.3633761 0.1732002 1.5382520
v 0.3660849 0.1850535 1.5171997
v 0.3842255 0.1579720 1.4936902
v 0.3324443 0.1650807 1.5016263
v 0.3506190 0.1809938 1.4988870
v 0.3440247 0.1476725 1.4865790
v 0.3297357 0.1532275 1.5226779
v 0.3324443 0.1650807 1.5016263
v 0.3842255 0.1579720 1.4936902
v 0.3746349 0.1632975 1.4875961
v 0.3599673 0.1851714 1.5062030
v 0.3626360 0.1630484 1.4838962
v 0.3506190 0.1809938 1.4988870
v 0.3194250 0.1871727 1.5458817
v 0.3452015 0.1572873 1.5409909
v 0.3368241 0.2039357 1.5431760
v 0.3441820 0.2103338 1.5209061
v 0.3410764 0.2069429 1.5091919
v 0.3341409 0.1999689 1.5013416
v 0.3341409 0.1999689 1.5013416
v 0.3506190 0.1809938 1.4988870
v 0.3324443 0.1650807 1.5016263
v 0.3167419 0.1832058 1.5040466
v 0.3093840 0.1768078 1.5263168
v 0.3297357 0.1532275 1.5226779
v 0.3194250 0.1871727 1.5458817
v 0.2734291 0.2151654 1.5313052
v 0.2775935 0.1954256 1.5098880
v 0.3093840 0.1768078 1.5263168
v 0.2961594 0.2013299 1.4878384
v 0.3167419 0.1832058 1.5040466
v 0.3341409 0.1999689 1.5013416
v 0.3105633 0.2269807 1.4872079
v 0.2878331 0.2408162 1.5306750
v 0.3341409 0.1999689 1.5013416
v 0.3105633 0.2269807 1.4872079
v 0.3110307 0.2392913 1.4961633
v 0.3441820 0.2103338 1.5209061
v 0.3063991 0.2467205 1.5086255
v 0.3368241 0.2039357 1.5431760
v -0.3626352 0.1630485 1.4838962
v -0.3645508 0.1593983 1.4566135
v -0.3771136 0.1583745 1.4566135
v -0.3746341 0.1632977 1.4875961
v -0.3874959 0.1512552 1.4566135
v -0.3842248 0.1579722 1.4936902
v -0.3918872 0.1274185 1.4566135
v -0.3872334 0.1374306 1.5062759
v -0.3732967 0.1117732 1.4566135
v -0.3503516 0.1199164 1.4566135
v -0.3470241 0.1271584 1.4991443
v -0.3686355 0.1220173 1.5090076
v -0.3459604 0.1437530 1.4566135
v -0.3440239 0.1476726 1.4865790
v -0.3503516 0.1199164 1.4566135
v -0.3459604 0.1437530 1.4566135
v -0.3645508 0.1593983 1.4566135
v -0.3440239 0.1476726 1.4865790
v -0.3459604 0.1437530 1.4566135
v -0.3470241 0.1271584 1.4991443
v -0.3297349 0.1532276 1.5226779
v -0.3452007 0.1572873 1.5409909
v -0.3686355 0.1220173 1.5090076
v -0.3633753 0.1732004 1.5382520
v -0.3660841 0.1850537 1.5171997
v -0.3324436 0.1650808 1.5016263
v -0.3440239 0.1476726 1.4865790
v -0.3506182 0.1809939 1.4988870
v -0.3324436 0.1650808 1.5016263
v -0.3440239 0.1476726 1.4865790
v -0.3324436 0.1650808 1.5016263
v -0.3599665 0.1851715 1.5062030
v -0.3746341 0.1632977 1.4875961
v -0.3506182 0.1809939 1.4988870
v -0.3194242 0.1871728 1.5458817
v -0.3368232 0.2039358 1.5431760
v -0.3452007 0.1572873 1.5409909
v -0.3441812 0.2103339 1.5209061
v -0.3410756 0.2069430 1.5091919
v -0.3341401 0.1999690 1.5013416
v -0.3341401 0.1999690 1.5013416
v -0.3167411 0.1832059 1.5040466
v -0.3324436 0.1650808 1.5016263
v -0.3506182 0.1809939 1.4988870
v -0.3093832 0.1768078 1.5263168
v -0.3297349 0.1532276 1.5226779
v -0.3194242 0.1871728 1.5458817
v -0.3093832 0.1768078 1.5263168
v -0.2775927 0.1954257 1.5098880
v -0.2734283 0.2151655 1.5313052
v -0.3167411 0.1832059 1.5040466
v -0.2961586 0.2013300 1.4878384
v -0.3341401 0.1999690 1.5013416
v -0.3105626 0.2269808 1.4872079
v -0.2878322 0.2408163 1.5306750
v -0.3110299 0.2392914 1.4961633
v -0.3105626 0.2269808 1.4872079
v -0.3063982 0.2467206 1.5086255
v -0.3772079 0.4166492 1.4553372
v -0.3510217 0.4213689 1.4553372
v -0.3514318 0.4192477 1.4827155
v -0.3746341 0.4132759 1.4867834
v -0.3772079 0.4166492 1.4553372
v -0.3888377 0.4280735 1.4997189
v -0.3944713 0.4368111 1.4553372
v -0.3798391 0.4488374 1.5085663
v -0.3854957 0.4617327 1.4553372
v -0.3566240 0.4547670 1.5044485
v -0.3593095 0.4664524 1.4553372
v -0.3424102 0.4399421 1.4914883
v -0.3420461 0.4462905 1.4553372
v -0.3566240 0.4547670 1.5044485
v -0.3424102 0.4399421 1.4914883
v -0.3440238 0.4289009 1.4857666
v -0.3431664 0.4326263 1.4553372
v -0.3514318 0.4192477 1.4827155
v -0.3510217 0.4213689 1.4553372
v -0.3440238 0.4289009 1.4857666
v -0.3514318 0.4192477 1.4827155
v -0.3242997 0.4094749 1.5366364
v -0.3021529 0.3868091 1.5363724
v -0.3022196 0.3905486 1.5123502
v -0.3206959 0.4095059 1.5125961
v -0.3558255 0.3819689 1.5318759
v -0.3765169 0.4082648 1.5209952
v -0.3667220 0.4005181 1.5001367
v -0.3522217 0.3820000 1.5078354
v -0.3418645 0.3957066 1.5462769
v -0.3151309 0.3685777 1.5458731
v -0.3440272 0.4344766 1.5265164
v -0.3651695 0.4252441 1.5341849
v -0.3455796 0.4097508 1.4924686
v -0.3346569 0.3957687 1.4981964
v -0.3667220 0.4005181 1.5001367
v -0.3260390 0.4037047 1.5027911
v -0.3346569 0.3957687 1.4981964
v -0.3375129 0.4183553 1.4968570
v -0.3260390 0.4037047 1.5027911
v -0.3206959 0.4095059 1.5125961
v -0.3260390 0.4037047 1.5027911
v -0.3375129 0.4183553 1.4968570
v -0.3342322 0.4267299 1.5056583
v -0.3206959 0.4095059 1.5125961
v -0.3798391 0.4488374 1.5085663
v -0.3566240 0.4547670 1.5044485
v -0.3342322 0.4267299 1.5056583
v -0.3424102 0.4399421 1.4914883
v -0.3375129 0.4183553 1.4968570
v -0.3440238 0.4289009 1.4857666
v -0.3342322 0.4267299 1.5056583
v -0.3375129 0.4183553 1.4968570
v -0.3455796 0.4097508 1.4924686
v -0.3514318 0.4192477 1.4827155
v -0.3667220 0.4005181 1.5001367
v -0.3746341 0.4132759 1.4867834
v -0.3514318 0.4192477 1.4827155
v -0.3455796 0.4097508 1.4924686
v -0.3558255 0.3819689 1.5318759
v -0.3281755 0.3540856 1.5313516
v -0.3151309 0.3685777 1.5458731
v -0.3765169 0.4082648 1.5209952
v -0.3522217 0.3820000 1.5078354
v -0.3282424 0.3578249 1.5073294
v -0.3798391 0.4488374 1.5085663
v -0.3346569 0.3957687 1.4981964
v -0.3152645 0.3760564 1.4978293
v -0.3346569 0.3957687 1.4981964
v -0.3260390 0.4037047 1.5027911
v -0.3077433 0.3850020 1.5024966
v -0.3152645 0.3760564 1.4978293
v -0.3346569 0.3957687 1.4981964
v -0.3206959 0.4095059 1.5125961
v -0.3022196 0.3905486 1.5123502
v -0.3077433 0.3850020 1.5024966
v -0.3260390 0.4037047 1.5027911
v -0.2979080 0.3292941 1.5204446
v -0.2788713 0.3475126 1.5335410
v -0.3151309 0.3685777 1.5458731
v -0.3282424 0.3578249 1.5073294
v -0.3110299 0.3372822 1.4953506
v -0.3152645 0.3760564 1.4978293
v -0.3051195 0.3634882 1.4833475
v -0.2729609 0.3737186 1.5215378
v -0.3021529 0.3868091 1.5363724
v -0.2961586 0.3752435 1.4870258
v -0.3051195 0.3634882 1.4833475
v -0.3152645 0.3760564 1.4978293
v -0.3077433 0.3850020 1.5024966
v -0.2860828 0.3817067 1.4964438
v -0.3022196 0.3905486 1.5123502
v -0.4223647 0.9324326 0.9762225
v -0.3838838 0.9324326 0.9762225
v -0.3838838 1.0240876 0.9762225
v -0.4223647 1.0345092 0.9762225
v -0.4223647 0.9324326 0.9762225
v -0.1612083 1.0545092 0.9346203
v -0.1804364 1.0240875 0.9346203
v -0.3838838 1.0240876 0.9346203
v -0.4023647 1.0545092 0.9346203
v 0.1634688 1.0545091 0.9762225
v 0.1823879 1.0240874 0.9762225
v 0.3942852 1.0240874 0.9762225
v 0.4127661 1.0545090 0.9762225
v 0.4327661 1.0345090 0.9346203
v 0.3942852 1.0240874 0.9346203
v 0.4127661 1.0545090 0.9346203
v -0.4023647 1.0545092 0.9762225
v -0.4023647 1.0545092 0.9346203
v -0.4223647 1.0345092 0.9346203
v -0.4223647 1.0345092 0.9762225
v 0.4127661 1.0545090 0.9762225
v 0.4327661 1.0345090 0.9762225
v 0.4327661 1.0345090 0.9346203
v 0.4127661 1.0545090 0.9762225
v 0.3942852 0.9324325 0.9762225
v 0.4327661 0.9324325 0.9762225
v -0.1804364 1.0240875 0.9762225
v -0.1612083 1.0545092 0.9762225
v -0.4023647 1.0545092 0.9762225
v -0.3838838 1.0240876 0.9762225
v -0.1804364 1.0240875 0.9762225
v -0.4023647 1.0545092 0.9762225
v 0.4327661 0.9324325 0.9346203
v 0.3942852 0.9324325 0.9346203
v 0.3942852 1.0240874 0.9346203
v 0.4327661 1.0345090 0.9346203
v 0.4327661 0.9324325 0.9346203
v 0.1823879 1.0240874 0.9346203
v 0.1634688 1.0545091 0.9346203
v 0.3942852 1.0240874 0.9346203
v -0.3838838 1.0240876 0.9346203
v -0.4223647 1.0345092 0.9346203
v -0.4023647 1.0545092 0.9346203
v -0.3838838 1.0240876 0.9346203
v -0.3838838 0.9324326 0.9346203
v -0.4223647 0.9324326 0.9346203
v -0.1390883 0.2371222 -1.7140948
v -0.1684259 0.2867549 -1.7140948
v -0.0286017 0.2386615 -1.7140948
v -0.1684258 0.2867549 -1.4633374
v -0.1684259 0.2867549 -1.7140948
v -0.1390883 0.2371222 -1.7140948
v -0.1390882 0.2371222 -1.4633374
v -0.0286017 0.2386615 -1.7140948
v -0.0286017 0.2386615 -1.4633374
v -0.1390882 0.2371222 -1.4633374
v -0.0286017 0.3394670 -1.4633374
v -0.0286017 0.3394670 -1.7140948
v -0.1415135 0.3379278 -1.7140948
v -0.1415135 0.3379278 -1.4633374
v -0.0286017 0.3394670 -1.4633374
v -0.1684259 0.2867549 -1.7140948
v -0.1684259 0.2867549 -1.7140948
v -0.0286017 0.2386615 -1.7140948
v -0.0286017 0.3394670 -1.7140948
v -0.0536930 0.6847374 -1.4277155
v -0.1369554 0.6236954 -1.5541599
v -0.1388350 0.6231592 -1.7472198
v -0.0530303 0.6854999 -1.7472198
v -0.0536930 0.6847374 -1.4277155
v -0.0536930 0.7066512 -1.4305869
v -0.1388350 0.6450731 -1.7500912
v -0.1369554 0.6456092 -1.5570313
v -0.1388350 0.6450731 -1.7500912
v -0.0530303 0.7074138 -1.7500912
v -0.0530303 0.6854999 -1.7472198
v -0.1388350 0.6231592 -1.7472198
v -0.1388350 0.6231592 -1.7472198
v -0.1369554 0.6456092 -1.5570313
v -0.1388350 0.6450731 -1.7500912
v -0.1559133 0.6236954 -1.5541599
v -0.1559133 0.6456092 -1.5570313
v -0.1369554 0.6456092 -1.5570313
v -0.1369554 0.6236954 -1.5541599
v -0.1559132 0.7856425 -1.2228950
v -0.1559132 0.7760774 -1.2778400
v -0.1559133 0.6236954 -1.5541599
v 0.0536929 0.6847373 -1.4277155
v 0.0530301 0.6854999 -1.7472198
v 0.1388348 0.6231592 -1.7472198
v 0.1369552 0.6236953 -1.5541599
v 0.0536929 0.7066512 -1.4305869
v 0.1388348 0.6450730 -1.7500912
v 0.0530301 0.7074138 -1.7500912
v 0.1388348 0.6450730 -1.7500912
v 0.1388348 0.6231592 -1.7472198
v 0.0530301 0.6854999 -1.7472198
v 0.1388348 0.6450730 -1.7500912
v 0.1369552 0.6456091 -1.5570313
v 0.1369552 0.6236953 -1.5541599
v 0.1388348 0.6450730 -1.7500912
v 0.1559131 0.6236953 -1.5541599
v 0.1369552 0.6236953 -1.5541599
v 0.1369552 0.6456091 -1.5570313
v 0.1559132 0.6456091 -1.5570313
v 0.1559131 0.6236953 -1.5541599
v 0.1559132 0.7760773 -1.2778400
v 0.1559132 0.7856425 -1.2228951
v -0.0536930 0.6847374 -1.4277155
v -0.0530303 0.6854999 -1.7472198
v 0.0530301 0.6854999 -1.7472198
v 0.0536929 0.6847373 -1.4277155
v -0.0530303 0.6854999 -1.7472198
v -0.0530303 0.7074138 -1.7500912
v -0.0536930 0.7066512 -1.4305869
v 0.0536929 0.7066512 -1.4305869
v -0.0530303 0.7074138 -1.7500912
v -0.1559132 0.8124149 -1.2638474
v -0.1559132 0.8118660 -1.2383094
v 0.1559132 0.8124148 -1.2638474
v 0.1559132 0.7856425 -1.2228951
v 0.1559132 0.7902287 -1.2765067
v -0.1559132 0.7902287 -1.2765067
v 0.1559132 0.7902287 -1.2765067
v 0.1559132 0.7760773 -1.2778400
v -0.1559132 0.7760774 -1.2778400
v -0.1559132 0.7902287 -1.2765067
v -0.1559132 0.8124149 -1.2638474
v 0.1559132 0.8124148 -1.2638474
v 0.1559132 0.7902287 -1.2765067
v -0.1559132 0.8124149 -1.2638474
v -0.1559132 0.8118660 -1.2383094
v 0.1559132 0.8118659 -1.2383094
v -0.1559132 0.7856425 -1.2228950
v 0.1559132 0.7856425 -1.2228951
v -0.1369554 0.6456092 -1.5570313
v -0.1559133 0.6456092 -1.5570313
v -0.1559132 0.7760774 -1.2778400
v 0.1559132 0.7760773 -1.2778400
v 0.1559132 0.6456091 -1.5570313
v 0.1369552 0.6456091 -1.5570313
v 0.0536929 0.7066512 -1.4305869
v 0.1369552 0.6456091 -1.5570313
v 0.1388348 0.6450730 -1.7500912
v -0.0536930 0.7066512 -1.4305869
v -0.0530303 0.7074138 -1.7500912
v -0.1388350 0.6450731 -1.7500912
v 0.1559132 0.7760773 -1.2778400
v 0.0536929 0.7066512 -1.4305869
v -0.0536930 0.7066512 -1.4305869
v -0.1559132 0.7760774 -1.2778400
v -0.1369554 0.6456092 -1.5570313
v 0.1369552 0.6456091 -1.5570313
v 0.0536929 0.7066512 -1.4305869
v 0.1559132 0.8124148 -1.2638474
v 0.1559132 0.8118659 -1.2383094
v 0.1559132 0.7760773 -1.2778400
v 0.1559132 0.7902287 -1.2765067
v -0.1559132 0.8124149 -1.2638474
v -0.1559132 0.7902287 -1.2765067
v -0.1559132 0.7760774 -1.2778400
v 0.1559132 0.7760773 -1.2778400
v -0.1559133 0.6456092 -1.5570313
v -0.1559133 0.6236954 -1.5541599
v 0.1150563 0.8873371 -1.1403334
v -0.1059557 0.8873371 -1.1403333
v -0.0759557 0.9173371 -1.1403333
v 0.0850563 0.9173371 -1.1403334
v 0.1150563 0.8873371 -1.1403334
v -0.1059557 0.8258659 -1.1403333
v -0.1059557 0.9173371 -0.9503938
v 0.1150563 0.8258659 -1.1403334
v 0.1150563 0.8873371 -1.1403334
v 0.1150563 0.9173371 -0.9503938
v -0.1059557 0.9173371 -1.1103333
v 0.1150563 0.9173371 -1.1103334
v -0.0759557 0.9173371 -1.1403333
v -0.1059557 0.9173371 -1.1103333
v -0.1059557 0.8873371 -1.1403333
v -0.1059557 0.9173371 -1.1103333
v -0.0759557 0.9173371 -1.1403333
v 0.1150563 0.8873371 -1.1403334
v 0.0850563 0.9173371 -1.1403334
v 0.1150563 0.9173371 -1.1103334
v -0.1059557 0.8258659 -1.1403333
v -0.1059557 0.8873371 -1.1403333
v 0.1150563 0.8873371 -1.1403334
v -0.1059557 0.9173371 -0.9503938
v 0.1150563 0.9173371 -0.9503938
v -0.1059557 0.9173371 -0.9503938
v 0.1150563 0.9173371 -0.9503938
v 0.1390879 0.2371222 -1.7140948
v 0.0286014 0.2386615 -1.7140948
v 0.1684256 0.2867549 -1.7140948
v 0.1684256 0.2867549 -1.4633374
v 0.1390880 0.2371222 -1.4633374
v 0.1390879 0.2371222 -1.7140948
v 0.1684256 0.2867549 -1.7140948
v 0.1390880 0.2371222 -1.4633374
v 0.0286014 0.2386615 -1.4633374
v 0.0286014 0.2386615 -1.7140948
v 0.1390880 0.2371222 -1.4633374
v 0.0286015 0.3394670 -1.4633374
v 0.1415133 0.3379278 -1.4633374
v 0.1415133 0.3379277 -1.7140948
v 0.0286014 0.3394670 -1.7140948
v 0.0286015 0.3394670 -1.4633374
v 0.1684256 0.2867549 -1.4633374
v 0.1415133 0.3379277 -1.7140948
v 0.0286014 0.2386615 -1.7140948
v -0.8631615 0.1292527 0.2090148
v -0.8631614 0.4954235 0.2090150
v -0.9620520 0.3123381 0.2090150
v -0.8631616 0.4954234 -0.9301791
v -0.8631617 0.1292527 -0.9301791
v -0.9620522 0.3123381 -0.9301791
v -0.8631617 0.1292527 -0.9301791
v -0.8631615 0.1292527 0.2090148
v -0.8056178 1.0134227 -0.8277945
v -0.8056178 1.0134227 -0.5889697
v -0.5174101 1.0134226 -0.5889698
v -0.5174102 1.0134226 -0.8277945
v -0.8056178 0.9402721 -0.8277945
v -0.8056178 0.9402721 -0.5889697
v -0.8056178 1.0134227 -0.5889697
v -0.8056178 0.9402721 -0.5889697
v -0.5174101 0.9402720 -0.5889698
v -0.5174101 0.9402720 -0.5889698
v -0.5174102 0.9402720 -0.8277945
v -0.5174102 1.0134226 -0.8277945
v -0.5174101 1.0134226 -0.5889698
v -0.5174102 0.9402720 -0.8277945
v -0.8056178 0.9402721 -0.8277945
v -0.5174102 1.0134226 -0.8277945
v -0.6122002 1.0312771 -0.7496329
v -0.7116203 1.0312771 -0.7496329
v -0.7718218 1.0312771 -0.5712886
v -0.5519256 1.0312771 -0.5712886
v -0.7721349 0.9194709 -0.5703903
v -0.5516125 0.9194709 -0.5703903
v -0.6122002 1.0085259 -0.7514688
v -0.7116203 1.0085259 -0.7514688
v -0.7116203 1.0312771 -0.7496329
v -0.6122002 1.0312771 -0.7496329
v -0.7718218 1.0312771 -0.5712886
v -0.7741534 1.0072258 -0.5919108
v -0.7744665 0.9194709 -0.5910125
v -0.5516125 0.9194709 -0.5703903
v -0.5490051 0.9194709 -0.5910126
v -0.5493182 1.0072257 -0.5919109
v -0.7116203 1.0085259 -0.7514688
v -0.7741534 1.0072258 -0.5919108
v -0.5493182 1.0072257 -0.5919109
v -0.6122002 1.0085259 -0.7514688
v -0.6122002 1.0312771 -0.7496329
v -0.9003410 0.7724100 -0.2602028
v -0.8541462 0.7731098 -0.2602029
v -0.8541462 0.4932044 -0.2602029
v -0.9003410 0.4939042 -0.2602029
v -0.9003410 0.7724100 -0.2602028
v -0.9517341 0.4939042 -0.1950813
v -0.8541462 0.4932044 -0.2602029
v -0.9300361 0.4939042 -0.1642892
v -0.9300361 0.7724100 -0.1642892
v -0.9517341 0.7724100 -0.1950812
v -0.9300361 0.4939042 -0.1642892
v -0.9357431 0.4939042 -0.2486050
v -0.9357431 0.7724100 -0.2486049
v -0.9003410 0.7724100 -0.2602028
v -0.9517342 0.4939042 -0.2236703
v -0.9517342 0.7724100 -0.2236700
v -0.9357431 0.7724100 -0.2486049
v -0.8541461 0.4939042 -0.1585487
v -0.8541461 0.7724100 -0.1585485
v -0.8541462 0.7731098 -0.2602029
v -0.9300361 0.7724100 -0.1642892
v -0.8541461 0.7724100 -0.1585485
v -0.8541461 0.4939042 -0.1585487
v -0.9357431 0.4939042 -0.2486050
v -0.9003410 0.4939042 -0.2602029
v -0.9517342 0.7724100 -0.2236700
v -0.8541462 0.7731098 -0.2602029
v -0.9357431 0.7724100 -0.2486049
v -0.9003410 0.7724100 -0.2602028
v -0.9517342 0.7724100 -0.2236700
v -0.3895068 0.9400543 0.4756547
v -0.3895068 0.9714673 0.4805419
v -0.3895068 0.9511048 0.4756547
v 0.3895075 0.9400542 0.4756547
v 0.3895075 0.9714671 0.5489631
v 0.3895075 0.9580401 0.5538503
v -0.3895068 0.9714673 0.5489631
v -0.3895068 0.9580402 0.5538503
v 0.3895075 0.9580401 0.5538503
v 0.3895075 0.9714671 0.5489631
v -0.3895068 0.9714673 0.5489631
v 0.3895075 0.9714671 0.5489631
v 0.3895075 0.9860117 0.5343014
v -0.3895068 0.9860118 0.5343014
v 0.3895075 0.9714671 0.5489631
v -0.3895068 0.9400543 0.4756547
v 0.3895075 0.9511047 0.4756547
v 0.3895075 0.9400542 0.4756547
v 0.3895075 0.9918294 0.5147524
v 0.3895075 0.9860117 0.4952036
v -0.3895068 0.9860118 0.4952036
v -0.3895068 0.9918295 0.5147524
v -0.3895068 0.9714673 0.4805419
v 0.3895075 0.9860117 0.4952036
v 0.3895075 0.9714671 0.4805419
v -0.3895068 0.9918295 0.5147524
v -0.3895068 0.9860118 0.5343014
v 0.3895075 0.9918294 0.5147524
v -0.3895068 0.9511048 0.4756547
v -0.3839066 0.9400542 0.8879575
v -0.2992849 0.9400542 0.9396696
v -0.2992849 0.9541400 0.9381744
v -0.3826273 0.9541400 0.8878577
v 0.3839075 0.9400541 0.8879575
v 0.3826281 0.9541399 0.8878577
v 0.2992857 0.9541399 0.9381744
v 0.2992857 0.9400542 0.9396696
v -0.2992849 0.9400542 0.9396696
v 0.2992857 0.9400542 0.9396696
v 0.2992857 0.9541399 0.9381744
v -0.2992849 0.9541400 0.9381744
v -0.2992849 0.9400542 0.9396696
v 0.3895075 0.9580401 0.5538503
v -0.3895068 0.9580402 0.5538503
v -0.3826273 0.9541400 0.8878577
v 0.3895074 0.9580401 0.0910251
v 0.3826280 0.9541399 0.4250324
v 0.3839074 0.9400541 0.4251322
v 0.3895074 0.9400541 0.0128296
v -0.3895069 0.9714672 0.0861380
v -0.3895069 0.9580402 0.0910252
v 0.3895074 0.9714671 0.0861378
v -0.3895069 0.9714672 0.0861380
v 0.3895074 0.9860116 0.0714762
v -0.3895069 0.9860117 0.0714764
v 0.3895074 0.9714671 0.0861378
v -0.3895069 0.9400542 0.0128297
v -0.3895069 0.9511047 0.0128297
v 0.3895074 0.9511046 0.0128296
v 0.3895074 0.9400541 0.0128296
v 0.3895074 0.9918293 0.0519273
v 0.3895074 0.9860116 0.0323783
v -0.3895069 0.9860117 0.0323785
v -0.3895069 0.9918295 0.0519274
v 0.3895074 0.9918293 0.0519273
v -0.3895069 0.9714672 0.0177168
v -0.3895069 0.9860117 0.0323785
v 0.3895074 0.9714671 0.0177167
v -0.3895069 0.9860117 0.0714764
v 0.3895074 0.9860116 0.0714762
v 0.3895074 0.9918293 0.0519273
v -0.3895069 0.9918295 0.0519274
v 0.3895074 0.9511046 0.0128296
v -0.3895069 0.9511047 0.0128297
v 0.3895074 0.9714671 0.0177167
v -0.3839067 0.9400542 0.4251322
v -0.2992850 0.9400542 0.4768444
v -0.2992850 0.9541401 0.4772863
v -0.3826273 0.9541401 0.4250324
v -0.3839067 0.9400542 0.4251322
v 0.3839074 0.9400541 0.4251322
v 0.2992856 0.9541399 0.4772863
v 0.2992856 0.9400542 0.4768444
v 0.3826280 0.9541399 0.4250324
v 0.3895074 0.9580401 0.0910251
v -0.3895069 0.9580402 0.0910252
v -0.3826273 0.9541401 0.4250324
v -0.3839067 0.9400542 0.4251322
v -0.3895069 0.9400542 0.0128297
v -0.2992849 0.9541400 0.9381744
v 0.2992857 0.9541399 0.9381744
v -0.3826273 0.9541400 0.8878577
v -0.3839066 0.9400542 0.8879575
v -0.3895068 0.9400543 0.4756547
v 0.3895075 0.9580401 0.5538503
v 0.3839075 0.9400541 0.8879575
v 0.3895075 0.9400542 0.4756547
v 0.3895075 0.9580401 0.5538503
v -0.3895069 0.9714672 0.0861380
v -0.3895069 0.9860117 0.0714764
v -0.3895069 0.9400542 0.0128297
v -0.3895069 0.9918295 0.0519274
v -0.3895069 0.9860117 0.0323785
v -0.3895069 0.9580402 0.0910252
v 0.3895075 0.9400542 0.4756547
v 0.3895075 0.9860117 0.5343014
v 0.3895075 0.9714671 0.5489631
v 0.3895075 0.9918294 0.5147524
v 0.3895075 0.9860117 0.4952036
v 0.3895075 0.9511047 0.4756547
v 0.3895074 0.9400541 0.0128296
v 0.3895074 0.9714671 0.0861378
v 0.3895074 0.9580401 0.0910251
v 0.3895074 0.9860116 0.0714762
v 0.3895074 0.9714671 0.0861378
v 0.3895074 0.9918293 0.0519273
v 0.3895074 0.9860116 0.0714762
v 0.3895074 0.9400541 0.0128296
v 0.3895074 0.9860116 0.0323783
v 0.3895074 0.9918293 0.0519273
v 0.3895074 0.9400541 0.0128296
v 0.3895074 0.9714671 0.0177167
v 0.3895074 0.9511046 0.0128296
v -0.3895068 0.9400543 0.4756547
v -0.3895068 0.9860118 0.4952036
v -0.3895068 0.9714673 0.4805419
v -0.3895068 0.9918295 0.5147524
v -0.3895068 0.9860118 0.4952036
v -0.3895068 0.9400543 0.4756547
v -0.3895068 0.9860118 0.5343014
v -0.3895068 0.9714673 0.5489631
v -0.3895068 0.9580402 0.5538503
v -0.9263274 0.7361959 0.2163834
v -0.9533691 0.6893586 0.2163834
v -0.9308511 0.6893585 0.2163834
v -0.9150686 0.7166949 0.2163834
v -0.9263274 0.6425214 0.2163834
v -0.9150686 0.6620224 0.2163834
v -0.9308511 0.6893585 0.2163834
v -0.9533691 0.6893586 0.2163834
v -0.8596717 0.6425214 0.2163834
v -0.8835036 0.6620224 0.2163834
v -0.9150686 0.6620224 0.2163834
v -0.9263274 0.6425214 0.2163834
v -0.8596717 0.7361958 0.2163834
v -0.9150686 0.7166949 0.2163834
v -0.8835036 0.7166948 0.2163834
v -0.9263275 0.7361958 -0.1516409
v -0.8596718 0.7361958 -0.1516409
v -0.8824529 0.7185148 -0.1516409
v -0.9161195 0.7185148 -0.1516409
v -0.8596718 0.6425214 -0.1516409
v -0.9263275 0.6425214 -0.1516409
v -0.9161195 0.6602023 -0.1516409
v -0.8824529 0.6602023 -0.1516409
v -0.9533691 0.6893585 -0.1516409
v -0.9329529 0.6893585 -0.1516409
v -0.9161195 0.6602023 -0.1516409
v -0.9161195 0.7185148 -0.1516409
v -0.9329529 0.6893585 -0.1516409
v -0.9533691 0.6893586 0.2163834
v -0.9161195 0.7185148 -0.1516409
v -0.8824529 0.7185148 -0.1516409
v -0.8824529 0.7185148 -0.1997434
v -0.9161195 0.7185148 -0.1997434
v -0.9329529 0.6893585 -0.1516409
v -0.9329529 0.6893585 -0.1997434
v -0.8824529 0.6602023 -0.1516409
v -0.9161195 0.6602023 -0.1516409
v -0.9161195 0.6602023 -0.1997434
v -0.8824529 0.6602023 -0.1997434
v -0.8835036 0.7166948 0.2163834
v -0.9150686 0.7166949 0.2163834
v -0.9150685 0.7166949 0.5687026
v -0.8835036 0.7166949 0.5687026
v -0.9308511 0.6893585 0.2163834
v -0.9308511 0.6893586 0.5687026
v -0.9150686 0.6620224 0.2163834
v -0.8835036 0.6620224 0.2163834
v -0.8835036 0.6620225 0.5687026
v -0.9150685 0.6620225 0.5687026
v -0.8824529 0.7185148 -0.1516409
v -0.8824529 0.6602023 -0.1997434
v -0.8824529 0.7185148 -0.1997434
v -0.8835036 0.7166949 0.5687026
v -0.8835036 0.6620225 0.5687026
v -0.8835036 0.7166948 0.2163834
v -0.8596718 0.7361958 -0.1516409
v -0.8596718 0.6425214 -0.1516409
v -0.8596717 0.6425214 0.2163834
v -0.8596717 0.7361958 0.2163834
v -0.9263274 0.6152893 0.2163834
v -0.9533691 0.5684521 0.2163834
v -0.9308511 0.5684521 0.2163834
v -0.9150686 0.5957882 0.2163834
v -0.9263274 0.5216149 0.2163834
v -0.9150686 0.5411159 0.2163834
v -0.9308511 0.5684521 0.2163834
v -0.9263274 0.5216149 0.2163834
v -0.8596717 0.5216149 0.2163834
v -0.8835036 0.5411159 0.2163834
v -0.9150686 0.5411159 0.2163834
v -0.9263274 0.5216149 0.2163834
v -0.8596717 0.6152892 0.2163834
v -0.9150686 0.5957882 0.2163834
v -0.8835036 0.5957882 0.2163834
v -0.8596717 0.6152892 0.2163834
v -0.9263275 0.6152892 -0.1516409
v -0.8596718 0.6152892 -0.1516409
v -0.8824529 0.5976083 -0.1516409
v -0.9161195 0.5976083 -0.1516409
v -0.8596718 0.5216148 -0.1516409
v -0.9263275 0.5216148 -0.1516409
v -0.9161195 0.5392958 -0.1516409
v -0.8824529 0.5392958 -0.1516409
v -0.9533691 0.5684520 -0.1516409
v -0.9329529 0.5684520 -0.1516409
v -0.9161195 0.5392958 -0.1516409
v -0.9263275 0.6152892 -0.1516409
v -0.9161195 0.5976083 -0.1516409
v -0.9329529 0.5684520 -0.1516409
v -0.8596718 0.6152892 -0.1516409
v -0.9263275 0.6152892 -0.1516409
v -0.8835036 0.5957882 0.2163834
v -0.9150686 0.5957882 0.2163834
v -0.9150685 0.5957882 0.5687026
v -0.8835036 0.5957882 0.5687026
v -0.9308511 0.5684521 0.2163834
v -0.9308511 0.5684520 0.5687026
v -0.9150686 0.5411159 0.2163834
v -0.8835036 0.5411159 0.2163834
v -0.8835036 0.5411159 0.5687026
v -0.9150685 0.5411159 0.5687026
v -0.9161195 0.5976083 -0.1516409
v -0.8824529 0.5976083 -0.1516409
v -0.8824529 0.5976083 -0.1997434
v -0.9161195 0.5976083 -0.1997434
v -0.9329529 0.5684520 -0.1516409
v -0.9329529 0.5684520 -0.1997434
v -0.8824529 0.5392958 -0.1516409
v -0.9161195 0.5392958 -0.1516409
v -0.9161195 0.5392958 -0.1997434
v -0.8824529 0.5392958 -0.1997434
v -0.8596717 0.5216149 0.2163834
v -0.8596717 0.6152892 0.2163834
v -0.8835036 0.5957882 0.2163834
v -0.8824529 0.5976083 -0.1516409
v -0.8824529 0.5976083 -0.1997434
v -0.8835036 0.5957882 0.5687026
v -0.8596718 0.6152892 -0.1516409
v -0.8596718 0.5216148 -0.1516409
v -0.8778297 0.7478418 0.2979086
v -0.8778297 0.8125385 0.3618310
v -0.8606363 0.8125385 0.3618310
v -0.8606364 0.7478418 0.2979086
v -0.8778296 0.8125385 0.8339732
v -0.8778296 0.7478418 0.8978954
v -0.8606362 0.7478418 0.8978954
v -0.8606362 0.8125385 0.8339732
v -0.8606364 0.2746560 0.2979086
v -0.8606364 0.2099593 0.3618308
v -0.8778298 0.2099593 0.3618308
v -0.8778298 0.2746560 0.2979086
v -0.8778297 0.2746561 0.8978954
v -0.8778297 0.2099593 0.8339732
v -0.8606364 0.2099593 0.8339732
v -0.8606363 0.2746561 0.8978954
v -0.8606364 0.2099593 0.3618308
v -0.8606364 0.2099593 0.8339732
v -0.8778297 0.2099593 0.8339732
v -0.8778297 0.8125385 0.3618310
v -0.8606362 0.8125385 0.8339732
v -0.8606363 0.8125385 0.3618310
v -0.8606363 0.2746561 0.8978954
v -0.8606362 0.7478418 0.8978954
v -0.8606364 0.2746560 0.2979086
v -0.8778298 0.2746560 0.2979086
v -0.8606364 0.7478418 0.2979086
v -0.8778298 0.2099593 0.3618308
v -0.8778297 0.2099593 0.8339732
v -0.8778298 0.2746560 0.2979086
v -0.8778297 0.8125385 0.3618310
v -0.6278593 0.3246888 1.3205890
v -0.6278592 0.4975982 1.3205890
v -0.7583192 0.4975982 1.1671803
v -0.7583192 0.3246888 1.1671803
v -0.7410349 0.4975982 1.1523862
v -0.6105748 0.4975982 1.3057947
v -0.7410349 0.3246888 1.1523862
v -0.6105749 0.3246888 1.3057947
v -0.7410349 0.4975982 1.1523862
v -0.7410349 0.3246888 1.1523862
v -0.7583192 0.4975982 1.1671803
v -0.6105748 0.4975982 1.3057947
v -0.6105749 0.3246888 1.3057947
v 0.6254089 0.3246886 1.3205887
v 0.7558688 0.3246886 1.1671799
v 0.7558688 0.4975980 1.1671799
v 0.6254089 0.4975980 1.3205887
v 0.6254089 0.3246886 1.3205887
v 0.7385844 0.4975980 1.1523859
v 0.6081245 0.4975980 1.3057944
v 0.7558688 0.4975980 1.1671799
v 0.7385844 0.3246886 1.1523859
v 0.7558688 0.3246886 1.1671799
v 0.6081245 0.3246886 1.3057944
v 0.7385844 0.4975980 1.1523859
v 0.7385844 0.3246886 1.1523859
v 0.6081245 0.4975980 1.3057944
v 0.6081245 0.3246886 1.3057944
v 0.8778302 0.7478416 0.2979082
v 0.8606368 0.7478416 0.2979082
v 0.8606369 0.8125382 0.3618307
v 0.8778303 0.8125382 0.3618307
v 0.8778304 0.8125382 0.8339729
v 0.8606370 0.8125382 0.8339729
v 0.8606370 0.7478416 0.8978951
v 0.8778304 0.7478416 0.8978951
v 0.8606367 0.2746558 0.2979082
v 0.8778301 0.2746558 0.2979082
v 0.8778301 0.2099590 0.3618305
v 0.8606367 0.2099590 0.3618305
v 0.8606367 0.2746558 0.2979082
v 0.8778303 0.2746558 0.8978951
v 0.8606369 0.2746558 0.8978951
v 0.8606368 0.2099590 0.8339729
v 0.8778302 0.2099590 0.8339729
v 0.8606367 0.2099590 0.3618305
v 0.8606368 0.2099590 0.8339729
v 0.8778303 0.8125382 0.3618307
v 0.8606369 0.8125382 0.3618307
v 0.8606370 0.8125382 0.8339729
v 0.8778304 0.8125382 0.8339729
v 0.8606370 0.7478416 0.8978951
v 0.8606369 0.2746558 0.8978951
v 0.8606367 0.2746558 0.2979082
v 0.8606368 0.7478416 0.2979082
v 0.8778302 0.7478416 0.2979082
v 0.8778303 0.2746558 0.8978951
v 0.8778304 0.8125382 0.8339729
v 0.8778304 0.7478416 0.8978951
v 0.8778303 0.2746558 0.8978951
v 0.9263279 0.7361956 0.2163831
v 0.9150690 0.7166946 0.2163831
v 0.9308516 0.6893583 0.2163831
v 0.9533695 0.6893583 0.2163831
v 0.9308516 0.6893583 0.2163831
v 0.9150690 0.6620222 0.2163831
v 0.9263279 0.6425211 0.2163831
v 0.9150690 0.6620222 0.2163831
v 0.8835041 0.6620222 0.2163831
v 0.8596722 0.6425211 0.2163831
v 0.9263279 0.6425211 0.2163831
v 0.8596722 0.7361956 0.2163831
v 0.8835041 0.7166946 0.2163831
v 0.9150690 0.7166946 0.2163831
v 0.9263278 0.7361955 -0.1516412
v 0.9161198 0.7185145 -0.1516412
v 0.8824532 0.7185145 -0.1516412
v 0.8596721 0.7361955 -0.1516412
v 0.9263278 0.7361955 -0.1516412
v 0.8596721 0.6425211 -0.1516412
v 0.8824532 0.6602020 -0.1516412
v 0.9161198 0.6602020 -0.1516412
v 0.9263278 0.6425211 -0.1516412
v 0.9161198 0.6602020 -0.1516412
v 0.9329532 0.6893582 -0.1516412
v 0.9533694 0.6893582 -0.1516412
v 0.9329532 0.6893582 -0.1516412
v 0.9161198 0.7185145 -0.1516412
v 0.9263278 0.7361955 -0.1516412
v 0.9533694 0.6893582 -0.1516412
v 0.9533695 0.6893583 0.2163831
v 0.9263279 0.7361956 0.2163831
v 0.8596721 0.7361955 -0.1516412
v 0.9263279 0.6425211 0.2163831
v 0.9533694 0.6893582 -0.1516412
v 0.8596721 0.6425211 -0.1516412
v 0.9263278 0.6425211 -0.1516412
v 0.9161198 0.7185145 -0.1516412
v 0.9161198 0.7185145 -0.1997437
v 0.8824532 0.7185145 -0.1997437
v 0.8824532 0.7185145 -0.1516412
v 0.9329532 0.6893582 -0.1516412
v 0.9329532 0.6893582 -0.1997437
v 0.8824532 0.6602020 -0.1516412
v 0.8824532 0.6602020 -0.1997437
v 0.9161198 0.6602020 -0.1997437
v 0.9161198 0.6602020 -0.1516412
v 0.8835041 0.7166946 0.2163831
v 0.8835042 0.7166946 0.5687023
v 0.9150691 0.7166946 0.5687023
v 0.9150690 0.7166946 0.2163831
v 0.8835041 0.7166946 0.2163831
v 0.9150691 0.7166946 0.5687023
v 0.9308517 0.6893583 0.5687023
v 0.9308516 0.6893583 0.2163831
v 0.9150690 0.7166946 0.2163831
v 0.9150690 0.6620222 0.2163831
v 0.9150691 0.6620222 0.5687023
v 0.8835042 0.6620222 0.5687023
v 0.8835041 0.6620222 0.2163831
v 0.9308517 0.6893583 0.5687023
v 0.9150691 0.6620222 0.5687023
v 0.9308516 0.6893583 0.2163831
v 0.8824532 0.7185145 -0.1516412
v 0.8824532 0.7185145 -0.1997437
v 0.8824532 0.6602020 -0.1997437
v 0.8824532 0.6602020 -0.1516412
v 0.8824532 0.7185145 -0.1516412
v 0.8835042 0.7166946 0.5687023
v 0.8835041 0.7166946 0.2163831
v 0.8835041 0.6620222 0.2163831
v 0.8835042 0.6620222 0.5687023
v 0.8596721 0.7361955 -0.1516412
v 0.8824532 0.7185145 -0.1516412
v 0.8824532 0.6602020 -0.1516412
v 0.8596721 0.6425211 -0.1516412
v 0.8596722 0.6425211 0.2163831
v 0.8835041 0.7166946 0.2163831
v 0.8596722 0.7361956 0.2163831
v 0.8596722 0.6425211 0.2163831
v 0.9263279 0.6152890 0.2163831
v 0.9150690 0.5957879 0.2163831
v 0.9308516 0.5684518 0.2163831
v 0.9533695 0.5684518 0.2163831
v 0.9308516 0.5684518 0.2163831
v 0.9150690 0.5411156 0.2163831
v 0.9263279 0.5216146 0.2163831
v 0.9150690 0.5411156 0.2163831
v 0.8835041 0.5411156 0.2163831
v 0.8596722 0.5216146 0.2163831
v 0.8596722 0.6152890 0.2163831
v 0.8835041 0.5957879 0.2163831
v 0.9150690 0.5957879 0.2163831
v 0.9263278 0.6152889 -0.1516412
v 0.9161198 0.5976080 -0.1516412
v 0.8824532 0.5976080 -0.1516412
v 0.8596721 0.6152890 -0.1516412
v 0.9263278 0.6152889 -0.1516412
v 0.8596721 0.5216146 -0.1516412
v 0.8824532 0.5392955 -0.1516412
v 0.9161198 0.5392955 -0.1516412
v 0.9263278 0.5216145 -0.1516412
v 0.9161198 0.5392955 -0.1516412
v 0.9329532 0.5684517 -0.1516412
v 0.9533694 0.5684517 -0.1516412
v 0.9329532 0.5684517 -0.1516412
v 0.9161198 0.5976080 -0.1516412
v 0.9263278 0.6152889 -0.1516412
v 0.9533694 0.5684517 -0.1516412
v 0.9263279 0.6152890 0.2163831
v 0.9533695 0.5684518 0.2163831
v 0.9533694 0.5684517 -0.1516412
v 0.8835041 0.5957879 0.2163831
v 0.8835042 0.5957879 0.5687023
v 0.9150691 0.5957879 0.5687023
v 0.9150690 0.5957879 0.2163831
v 0.8835041 0.5957879 0.2163831
v 0.9150691 0.5957879 0.5687023
v 0.9308517 0.5684517 0.5687023
v 0.9308516 0.5684518 0.2163831
v 0.9150690 0.5957879 0.2163831
v 0.9150690 0.5411156 0.2163831
v 0.9150691 0.5411156 0.5687023
v 0.8835042 0.5411156 0.5687023
v 0.8835041 0.5411156 0.2163831
v 0.9308517 0.5684517 0.5687023
v 0.9161198 0.5976080 -0.1516412
v 0.9161198 0.5976080 -0.1997437
v 0.8824532 0.5976080 -0.1997437
v 0.8824532 0.5976080 -0.1516412
v 0.9329532 0.5684517 -0.1516412
v 0.9329532 0.5684517 -0.1997437
v 0.9161198 0.5976080 -0.1997437
v 0.8824532 0.5392955 -0.1516412
v 0.8824532 0.5392955 -0.1997437
v 0.9161198 0.5392955 -0.1997437
v 0.9161198 0.5392955 -0.1516412
v 0.9329532 0.5684517 -0.1997437
v 0.8596722 0.5216146 0.2163831
v 0.8835041 0.5957879 0.2163831
v 0.8596722 0.6152890 0.2163831
v 0.8824532 0.5976080 -0.1516412
v 0.8824532 0.5976080 -0.1997437
v 0.8824532 0.5392955 -0.1997437
v 0.8824532 0.5392955 -0.1516412
v 0.8824532 0.5976080 -0.1516412
v 0.8835042 0.5957879 0.5687023
v 0.8835041 0.5957879 0.2163831
v 0.8835042 0.5411156 0.5687023
v 0.8596721 0.6152890 -0.1516412
v 0.8824532 0.5976080 -0.1516412
v 0.8596721 0.5216146 -0.1516412
v 0.9003413 0.7724097 -0.2602031
v 0.9003413 0.4939039 -0.2602032
v 0.8541465 0.4932041 -0.2602032
v 0.8541465 0.7731095 -0.2602032
v 0.9003413 0.7724097 -0.2602031
v 0.9517344 0.4939039 -0.1950816
v 0.9300364 0.4939039 -0.1642895
v 0.8541465 0.4932041 -0.2602032
v 0.9300364 0.7724097 -0.1642895
v 0.9300364 0.4939039 -0.1642895
v 0.9517344 0.7724097 -0.1950815
v 0.9300364 0.7724097 -0.1642895
v 0.9357434 0.4939039 -0.2486053
v 0.9003413 0.7724097 -0.2602031
v 0.9357434 0.7724097 -0.2486052
v 0.9357434 0.4939039 -0.2486053
v 0.9517345 0.7724097 -0.2236703
v 0.9517345 0.4939039 -0.2236706
v 0.9517344 0.7724097 -0.1950815
v 0.9300364 0.7724097 -0.1642895
v 0.8541464 0.7724097 -0.1585488
v 0.8541464 0.4939039 -0.1585490
v 0.8541465 0.7731095 -0.2602032
v 0.8541464 0.7724097 -0.1585488
v 0.9300364 0.7724097 -0.1642895
v 0.9300364 0.4939039 -0.1642895
v 0.8541464 0.4939039 -0.1585490
v 0.8541465 0.4932041 -0.2602032
v 0.9357434 0.4939039 -0.2486053
v 0.9003413 0.4939039 -0.2602032
v 0.9517344 0.7724097 -0.1950815
v 0.9517345 0.7724097 -0.2236703
v 0.8541465 0.7731095 -0.2602032
v 0.9357434 0.7724097 -0.2486052
v 0.9003413 0.7724097 -0.2602031
v 0.9517345 0.7724097 -0.2236703
v 0.9357434 0.7724097 -0.2486052
v 0.8631618 0.1292524 0.2090145
v 0.9620525 0.3123378 0.2090147
v 0.8631618 0.4954232 0.2090147
v 0.8631616 0.4954232 -0.9301794
v 0.9620522 0.3123378 -0.9301794
v 0.8631615 0.1292524 -0.9301794
v 0.8631618 0.4954232 0.2090147
v 0.8631618 0.1292524 0.2090145
v 0.8631615 0.1292524 -0.9301794
v 0.9620522 0.3123378 -0.9301794
v -0.6783120 0.4582384 -1.3978192
v -0.5853569 0.4582384 -1.3978192
v -0.5853569 0.2294910 -1.3978189
v -0.6783121 0.2294910 -1.3978189
v -0.6740788 0.2294910 -1.2784112
v -0.6740788 0.4582384 -1.2784112
v -0.6740788 0.2294910 -1.2784112
v -0.6740788 0.4582384 -1.2784112
v -0.1716095 0.4891475 -1.3743054
v -0.1716097 0.4891475 -1.8150290
v -0.1388353 0.3882781 -1.8150290
v -0.1388350 0.3882781 -1.3743054
v -0.1716095 0.4891475 -1.3743054
v 0.1388347 0.3882780 -1.3743054
v 0.1388344 0.3882780 -1.8150290
v 0.1716089 0.4891474 -1.8150290
v 0.1716092 0.4891474 -1.3743057
v 0.1388345 0.5900169 -1.8150290
v 0.1388347 0.5900169 -1.3743054
v 0.1716092 0.4891474 -1.3743057
v 0.0530298 0.6523576 -1.8150290
v 0.0530301 0.6523576 -1.3743054
v 0.1388347 0.5900169 -1.3743054
v 0.0530298 0.6523576 -1.8150290
v -0.0530306 0.6523576 -1.8150290
v -0.0530303 0.6523576 -1.3743054
v -0.1388352 0.5900169 -1.8150290
v -0.1388350 0.5900169 -1.3743054
v -0.1716095 0.4891475 -1.3743054
v -0.0968115 0.4188105 -3.0325452
v -0.1196653 0.4891474 -3.0325452
v -0.1036518 0.4891474 -3.0318951
v -0.0838563 0.4282230 -3.0318951
v -0.1196653 0.4891474 -3.0325452
v -0.0968115 0.5594843 -3.0325452
v -0.0838562 0.5500718 -3.0318951
v -0.0369793 0.6029549 -3.0325452
v -0.0320309 0.5877251 -3.0318951
v -0.0968115 0.5594843 -3.0325452
v 0.0369773 0.6029549 -3.0325452
v 0.0320288 0.5877250 -3.0318951
v -0.0320309 0.5877251 -3.0318951
v 0.0968094 0.5594843 -3.0325452
v 0.0838542 0.5500718 -3.0318951
v 0.0320288 0.5877250 -3.0318951
v 0.0968094 0.5594843 -3.0325452
v 0.1196632 0.4891474 -3.0325452
v 0.1036497 0.4891474 -3.0318951
v 0.0968094 0.4188105 -3.0325452
v 0.0838542 0.4282230 -3.0318951
v 0.1196632 0.4891474 -3.0325452
v 0.0369772 0.3753400 -3.0325452
v 0.0320288 0.3905697 -3.0318951
v -0.0369793 0.3753400 -3.0325452
v -0.0320309 0.3905697 -3.0318951
v -0.0968115 0.4188105 -3.0325452
v -0.0838563 0.4282230 -3.0318951
v -0.0809248 0.4303531 -3.7105322
v -0.1249217 0.3983875 -3.7105322
v -0.1544114 0.4891474 -3.7105322
v -0.1000282 0.4891474 -3.7105322
v -0.1249217 0.5799073 -3.7105322
v -0.0809248 0.5479417 -3.7105322
v -0.1000282 0.4891474 -3.7105322
v -0.0477167 0.6360000 -3.7105322
v -0.0309114 0.5842785 -3.7105322
v -0.0809248 0.5479417 -3.7105322
v -0.0477167 0.6360000 -3.7105322
v 0.0477139 0.6360000 -3.7105322
v 0.0309086 0.5842785 -3.7105322
v 0.1249190 0.5799073 -3.7105322
v 0.0809220 0.5479417 -3.7105322
v 0.1544087 0.4891473 -3.7105322
v 0.1000254 0.4891474 -3.7105322
v 0.1249190 0.3983874 -3.7105322
v 0.0809220 0.4303531 -3.7105322
v 0.0477139 0.3422947 -3.7105322
v 0.0309086 0.3940162 -3.7105322
v -0.0477167 0.3422947 -3.7105322
v -0.0309114 0.3940162 -3.7105322
v -0.1249217 0.3983875 -3.7105322
v 0.1182965 0.4891474 -2.6767157
v 0.0957037 0.5586808 -2.6767157
v 0.1388341 0.5900169 -2.6078516
v 0.1716085 0.4891474 -2.6078516
v 0.0365550 0.6016549 -2.6767157
v -0.0365567 0.6016549 -2.6767157
v -0.0530310 0.6523576 -2.6078516
v 0.0530294 0.6523576 -2.6078516
v -0.0365567 0.6016549 -2.6767157
v -0.0957053 0.5586809 -2.6767157
v -0.1388356 0.5900169 -2.6078516
v -0.1182981 0.4891475 -2.6767157
v -0.1716101 0.4891475 -2.6078516
v 0.0957037 0.5586808 -2.6767157
v 0.0530294 0.6523576 -2.6078516
v 0.1388341 0.5900169 -2.6078516
v 0.0957037 0.5586808 -2.6767157
v -0.1182981 0.4891475 -2.6767157
v -0.0957054 0.4196140 -2.6767157
v -0.1388357 0.3882780 -2.6078516
v -0.1716101 0.4891475 -2.6078516
v 0.0957037 0.4196140 -2.6767157
v 0.1716085 0.4891474 -2.6078516
v 0.1388340 0.3882780 -2.6078516
v -0.0957054 0.4196140 -2.6767157
v -0.1182981 0.4891475 -2.6767157
v -0.1196653 0.4891474 -3.0325452
v -0.0968115 0.4188105 -3.0325452
v 0.1182965 0.4891474 -2.6767157
v 0.0957037 0.4196140 -2.6767157
v 0.0968094 0.4188105 -3.0325452
v 0.1196632 0.4891474 -3.0325452
v 0.0957037 0.5586808 -2.6767157
v 0.0968094 0.5594843 -3.0325452
v -0.0369793 0.3753400 -3.0325452
v -0.0365567 0.3766400 -2.6767157
v 0.0369773 0.6029549 -3.0325452
v 0.0365550 0.6016549 -2.6767157
v -0.0365567 0.6016549 -2.6767157
v -0.0369793 0.6029549 -3.0325452
v -0.0957053 0.5586809 -2.6767157
v -0.0968115 0.5594843 -3.0325452
v 0.0365550 0.3766400 -2.6767157
v 0.0369772 0.3753400 -3.0325452
v -0.1182981 0.4891475 -2.6767157
v -0.1196653 0.4891474 -3.0325452
v -0.0838563 0.5500718 -3.2129950
v -0.0838562 0.5500718 -3.0318951
v -0.0320309 0.5877251 -3.0318951
v -0.0320310 0.5877251 -3.2129950
v 0.0320287 0.3905697 -3.2129950
v 0.0320288 0.3905697 -3.0318951
v -0.0320309 0.3905697 -3.0318951
v -0.0320310 0.3905697 -3.2129950
v -0.1036519 0.4891474 -3.2129950
v -0.1036518 0.4891474 -3.0318951
v -0.0838562 0.5500718 -3.0318951
v 0.0838541 0.4282230 -3.2129950
v 0.0838542 0.4282230 -3.0318951
v 0.0320288 0.3905697 -3.0318951
v 0.0838541 0.4282230 -3.2129950
v -0.0838563 0.4282230 -3.2129950
v -0.0838563 0.4282230 -3.0318951
v -0.1036518 0.4891474 -3.0318951
v -0.1036519 0.4891474 -3.2129950
v -0.0838563 0.4282230 -3.2129950
v 0.1036496 0.4891474 -3.2129950
v 0.1036497 0.4891474 -3.0318951
v 0.0838542 0.4282230 -3.0318951
v 0.0838541 0.5500718 -3.2129950
v 0.0838542 0.5500718 -3.0318951
v 0.1036497 0.4891474 -3.0318951
v 0.0838541 0.5500718 -3.2129950
v -0.0320310 0.3905697 -3.2129950
v -0.0320309 0.3905697 -3.0318951
v -0.0838563 0.4282230 -3.0318951
v -0.0838563 0.4282230 -3.2129950
v -0.0320310 0.3905697 -3.2129950
v 0.0320287 0.5877251 -3.2129950
v 0.0320288 0.5877250 -3.0318951
v 0.0838542 0.5500718 -3.0318951
v -0.0320310 0.5877251 -3.2129950
v -0.0320309 0.5877251 -3.0318951
v 0.0320288 0.5877250 -3.0318951
v 0.1546576 0.4891474 -3.3215448
v 0.1251204 0.5800536 -3.3215448
v 0.0838541 0.5500718 -3.2129950
v 0.1036496 0.4891474 -3.2129950
v 0.1546576 0.4891474 -3.3215448
v -0.1546600 0.4891474 -3.3215448
v -0.1251228 0.3982412 -3.3215448
v -0.0838563 0.4282230 -3.2129950
v -0.1036519 0.4891474 -3.2129950
v -0.0477934 0.3420581 -3.3215448
v -0.0320310 0.3905697 -3.2129950
v 0.0477910 0.6362366 -3.3215448
v 0.0320287 0.5877251 -3.2129950
v -0.0477934 0.6362366 -3.3215448
v -0.0320310 0.5877251 -3.2129950
v 0.0477910 0.3420581 -3.3215448
v 0.0320287 0.3905697 -3.2129950
v -0.0320310 0.3905697 -3.2129950
v -0.1251228 0.5800536 -3.3215448
v -0.0838563 0.5500718 -3.2129950
v -0.1546600 0.4891474 -3.3215448
v -0.1036519 0.4891474 -3.2129950
v 0.1251204 0.3982412 -3.3215448
v 0.0838541 0.4282230 -3.2129950
v 0.1036496 0.4891474 -3.2129950
v 0.1198961 0.4891474 -2.1166650
v 0.0969979 0.4186739 -2.1166650
v 0.1388342 0.3882780 -2.1935706
v 0.1716088 0.4891474 -2.1935706
v -0.1198972 0.4891474 -2.1166650
v -0.1716099 0.4891474 -2.1935706
v -0.1388355 0.3882780 -2.1935706
v -0.0969990 0.4186740 -2.1166650
v -0.1198972 0.4891474 -2.1166650
v -0.0969990 0.5596209 -2.1166650
v -0.1388354 0.5900169 -2.1935706
v -0.0370506 0.6031760 -2.1166650
v -0.0530308 0.6523576 -2.1935706
v -0.0969990 0.5596209 -2.1166650
v -0.0370506 0.6031760 -2.1166650
v 0.0969979 0.5596209 -2.1166650
v 0.1198961 0.4891474 -2.1166650
v 0.1388343 0.5900169 -2.1935706
v 0.0969979 0.5596209 -2.1166650
v 0.0370496 0.6031760 -2.1166650
v 0.0530296 0.6523576 -2.1935706
v -0.0370506 0.6031760 -2.1166650
v 0.0370496 0.6031760 -2.1166650
v 0.1388343 0.5900169 -2.1935706
v 0.0365555 0.6016549 -1.8792526
v 0.0370496 0.6031760 -2.1166650
v -0.0370506 0.6031760 -2.1166650
v -0.0365563 0.6016549 -1.8792526
v 0.0957041 0.5586809 -1.8792526
v 0.0969979 0.5596209 -2.1166650
v 0.0370496 0.6031760 -2.1166650
v -0.1182977 0.4891475 -1.8792526
v -0.1198972 0.4891474 -2.1166650
v -0.0969990 0.4186740 -2.1166650
v -0.0957050 0.4196141 -1.8792526
v 0.1182969 0.4891474 -1.8792526
v 0.1198961 0.4891474 -2.1166650
v 0.0957041 0.4196140 -1.8792526
v 0.0969979 0.4186739 -2.1166650
v -0.0957049 0.5586809 -1.8792526
v -0.0969990 0.5596209 -2.1166650
v -0.0365563 0.6016549 -1.8792526
v -0.0957049 0.5586809 -1.8792526
v -0.1388352 0.5900169 -1.8150290
v -0.0530306 0.6523576 -1.8150290
v -0.0365563 0.6016549 -1.8792526
v -0.0957049 0.5586809 -1.8792526
v -0.1182977 0.4891475 -1.8792526
v -0.1716097 0.4891475 -1.8150290
v -0.0957050 0.4196141 -1.8792526
v -0.1388353 0.3882781 -1.8150290
v 0.0957041 0.4196140 -1.8792526
v 0.1182969 0.4891474 -1.8792526
v 0.1716089 0.4891474 -1.8150290
v 0.1388344 0.3882780 -1.8150290
v 0.0957041 0.4196140 -1.8792526
v 0.0957041 0.5586809 -1.8792526
v 0.1388345 0.5900169 -1.8150290
v 0.1716089 0.4891474 -1.8150290
v 0.1182969 0.4891474 -1.8792526
v 0.0365555 0.6016549 -1.8792526
v 0.0530298 0.6523576 -1.8150290
v 0.1388345 0.5900169 -1.8150290
v 0.0957041 0.5586809 -1.8792526
v -0.0365563 0.6016549 -1.8792526
v -0.0530306 0.6523576 -1.8150290
v 0.0530298 0.6523576 -1.8150290
v 0.0365555 0.6016549 -1.8792526
v 0.0365550 0.3766400 -2.6767157
v 0.0957037 0.4196140 -2.6767157
v 0.1388340 0.3882780 -2.6078516
v 0.0738158 0.3141355 -2.6078516
v -0.0957054 0.4196140 -2.6767157
v -0.0365567 0.3766400 -2.6767157
v -0.0738174 0.3141356 -2.6078516
v -0.1388357 0.3882780 -2.6078516
v -0.0365567 0.3766400 -2.6767157
v 0.0365550 0.3766400 -2.6767157
v 0.0738158 0.3141355 -2.6078516
v -0.1054008 0.2877887 -2.6078516
v 0.1053991 0.2877887 -2.6078516
v 0.1053949 0.1315087 -2.6078516
v -0.1053966 0.1315087 -2.6078516
v -0.1054008 0.2877887 -2.6078516
v -0.0738172 0.3141356 -2.1935706
v -0.1388355 0.3882780 -2.1935706
v -0.1388357 0.3882780 -2.6078516
v -0.0738174 0.3141356 -2.6078516
v -0.1716099 0.4891474 -2.1935706
v -0.1716101 0.4891475 -2.6078516
v -0.1388355 0.3882780 -2.1935706
v -0.1716099 0.4891474 -2.1935706
v -0.1388354 0.5900169 -2.1935706
v -0.1388356 0.5900169 -2.6078516
v -0.0530308 0.6523576 -2.1935706
v -0.0530310 0.6523576 -2.6078516
v -0.1388354 0.5900169 -2.1935706
v -0.0530308 0.6523576 -2.1935706
v 0.0530296 0.6523576 -2.1935706
v 0.0530294 0.6523576 -2.6078516
v 0.1388343 0.5900169 -2.1935706
v 0.1388341 0.5900169 -2.6078516
v 0.0530296 0.6523576 -2.1935706
v 0.1388343 0.5900169 -2.1935706
v 0.1716088 0.4891474 -2.1935706
v 0.1716085 0.4891474 -2.6078516
v 0.1388342 0.3882780 -2.1935706
v 0.1388340 0.3882780 -2.6078516
v 0.0738160 0.3141356 -2.1935706
v 0.0738158 0.3141355 -2.6078516
v 0.0370495 0.3751189 -2.1166650
v 0.0738160 0.3141356 -2.1935706
v 0.1388342 0.3882780 -2.1935706
v 0.0969979 0.4186739 -2.1166650
v 0.0365554 0.3766401 -1.8792526
v 0.0370495 0.3751189 -2.1166650
v 0.0969979 0.4186739 -2.1166650
v 0.0957041 0.4196140 -1.8792526
v -0.0969990 0.4186740 -2.1166650
v -0.1388355 0.3882780 -2.1935706
v -0.0738172 0.3141356 -2.1935706
v -0.0370507 0.3751189 -2.1166650
v -0.0957050 0.4196141 -1.8792526
v -0.0370507 0.3751189 -2.1166650
v -0.0365563 0.3766401 -1.8792526
v 0.0957041 0.4196140 -1.8792526
v 0.1388344 0.3882780 -1.8150290
v 0.0530298 0.3259373 -1.8150290
v 0.0365554 0.3766401 -1.8792526
v 0.0957041 0.4196140 -1.8792526
v 0.0530300 0.3259373 -1.3743054
v 0.0530298 0.3259373 -1.8150290
v 0.1388344 0.3882780 -1.8150290
v 0.1388347 0.3882780 -1.3743054
v 0.0530300 0.3259373 -1.3743054
v -0.0957050 0.4196141 -1.8792526
v -0.0365563 0.3766401 -1.8792526
v -0.0530306 0.3259373 -1.8150290
v -0.1388353 0.3882781 -1.8150290
v -0.1388350 0.3882781 -1.3743054
v -0.1388353 0.3882781 -1.8150290
v -0.0530306 0.3259373 -1.8150290
v -0.0530304 0.3259373 -1.3743054
v 0.1053951 0.1315087 -2.1935706
v 0.1053949 0.1315087 -2.6078516
v 0.1053991 0.2877887 -2.6078516
v 0.1053993 0.2877887 -2.1935706
v -0.1053964 0.1315087 -2.1935706
v -0.1054006 0.2877887 -2.1935706
v -0.1054008 0.2877887 -2.6078516
v -0.0309114 0.3940162 -3.7105322
v -0.0000012 0.4891474 -3.3660132
v 0.0309086 0.3940162 -3.7105322
v -0.0809248 0.4303531 -3.7105322
v -0.0000012 0.4891474 -3.3660132
v -0.1000282 0.4891474 -3.7105322
v -0.0809248 0.4303531 -3.7105322
v -0.0809248 0.5479417 -3.7105322
v -0.1000282 0.4891474 -3.7105322
v -0.0309114 0.5842785 -3.7105322
v -0.0809248 0.5479417 -3.7105322
v 0.0309086 0.5842785 -3.7105322
v -0.0309114 0.5842785 -3.7105322
v 0.0809220 0.5479417 -3.7105322
v 0.0309086 0.5842785 -3.7105322
v 0.1000254 0.4891474 -3.7105322
v 0.0809220 0.5479417 -3.7105322
v 0.0809220 0.4303531 -3.7105322
v 0.1000254 0.4891474 -3.7105322
v 0.0309086 0.3940162 -3.7105322
v -0.0000012 0.4891474 -3.3660132
v 0.0809220 0.4303531 -3.7105322
v -0.0477167 0.3422947 -3.7105322
v -0.0477934 0.3420581 -3.3215448
v -0.1251228 0.3982412 -3.3215448
v -0.1249217 0.3983875 -3.7105322
v 0.0477139 0.3422947 -3.7105322
v 0.0477910 0.3420581 -3.3215448
v 0.0477139 0.3422947 -3.7105322
v 0.1249190 0.3983874 -3.7105322
v 0.1251204 0.3982412 -3.3215448
v 0.0477910 0.3420581 -3.3215448
v 0.1544087 0.4891473 -3.7105322
v 0.1546576 0.4891474 -3.3215448
v 0.1249190 0.5799073 -3.7105322
v 0.1251204 0.5800536 -3.3215448
v 0.1544087 0.4891473 -3.7105322
v 0.1249190 0.5799073 -3.7105322
v -0.1546600 0.4891474 -3.3215448
v -0.1544114 0.4891474 -3.7105322
v 0.0477139 0.6360000 -3.7105322
v 0.0477910 0.6362366 -3.3215448
v -0.0477167 0.6360000 -3.7105322
v -0.0477934 0.6362366 -3.3215448
v 0.0477910 0.6362366 -3.3215448
v -0.1249217 0.5799073 -3.7105322
v -0.1251228 0.5800536 -3.3215448
v -0.0477934 0.6362366 -3.3215448
v -0.1249217 0.5799073 -3.7105322
v -0.1544114 0.4891474 -3.7105322
v -0.1546600 0.4891474 -3.3215448
v -0.1054008 0.2877887 -2.6078516
v -0.0738174 0.3141356 -2.6078516
v 0.0738158 0.3141355 -2.6078516
v 0.1053991 0.2877887 -2.6078516
v 0.1053991 0.2877887 -2.6078516
v 0.0738158 0.3141355 -2.6078516
v 0.0738160 0.3141356 -2.1935706
v 0.1053993 0.2877887 -2.1935706
v -0.1054006 0.2877887 -2.1935706
v -0.0738172 0.3141356 -2.1935706
v -0.0738174 0.3141356 -2.6078516
v -0.1054008 0.2877887 -2.6078516
v -0.1053964 0.1315087 -2.1935706
v 0.1053951 0.1315087 -2.1935706
v 0.1053993 0.2877887 -2.1935706
v -0.1054006 0.2877887 -2.1935706
v 0.0738160 0.3141356 -2.1935706
v -0.0738172 0.3141356 -2.1935706
v -0.0738172 0.3141356 -2.1935706
v 0.0738160 0.3141356 -2.1935706
v 0.0370495 0.3751189 -2.1166650
v -0.0370507 0.3751189 -2.1166650
v 0.0792357 0.1360913 -1.4881625
v 0.0792356 0.1360912 -1.7228284
v 0.0792386 0.3979484 -1.7228284
v 0.0792388 0.3979484 -1.4881625
v -0.0794945 0.1360913 -1.4881625
v -0.0794947 0.1360912 -1.7228284
v -0.0794975 0.3979484 -1.4881625
v -0.0794976 0.3979484 -1.7228284
v -0.0571555 0.1691477 -1.7228284
v 0.0571546 0.1691477 -1.7228284
v 0.0792356 0.1360912 -1.7228284
v -0.0571555 0.1691477 -1.7228284
v -0.0571556 0.1691477 -2.1982840
v 0.0571545 0.1691477 -2.1982840
v 0.0516736 0.3979484 -2.1982840
v 0.0516737 0.3979484 -1.7228284
v -0.0521262 0.3979484 -1.7228284
v -0.0521263 0.3979484 -2.1982840
v -0.0571555 0.1691477 -1.7228284
v -0.0794947 0.1360912 -1.7228284
v -0.0794976 0.3979484 -1.7228284
v -0.0521262 0.3979484 -1.7228284
v -0.0571555 0.1691477 -1.7228284
v 0.0571546 0.1691477 -1.7228284
v 0.0516737 0.3979484 -1.7228284
v 0.0792386 0.3979484 -1.7228284
v 0.0792356 0.1360912 -1.7228284
v 0.3699405 0.9429295 -0.0052202
v -0.3699404 0.9429297 -0.0052202
v -0.2801651 0.9429297 0.0520473
v 0.2755370 0.9429295 0.0516567
v 0.3119647 0.9429297 0.8605970
v 0.8651205 0.9429296 1.0087243
v 0.2755370 0.9429295 0.0516567
v -0.8650962 0.9429299 1.0087243
v 0.8651205 0.9429296 1.0087243
v -0.3026900 0.9429298 0.8607345
v -0.8650962 0.9429299 1.0087243
vt 0.5479751 0.5131840
vt 0.2089547 0.5131917
vt 0.5482941 0.4648228
vt 0.2089521 0.3468217
vt 0.1083999 0.4501025
vt 0.1083984 0.3468232
vt 0.1077474 0.5752281
vt 0.2089601 0.8184698
vt 0.1077503 0.7564414
vt 0.1077474 0.5752281
vt 0.6148238 0.3583076
vt 0.6144698 0.3975250
vt 0.5726177 0.3974553
vt 0.5731137 0.3583209
vt 0.6144698 0.3975250
vt 0.6223044 0.4128792
vt 0.5616300 0.4129690
vt 0.5731137 0.3583209
vt 0.5614339 0.3416845
vt 0.6216052 0.3417248
vt 0.6148238 0.3583076
vt 0.5731137 0.3583209
vt 0.5558394 0.4066238
vt 0.5558385 0.3475981
vt 0.6286262 0.3474031
vt 0.6291190 0.4064313
vt 0.6144698 0.3975250
vt 0.6148238 0.3583076
vt 0.6152818 0.4290932
vt 0.6145516 0.4680371
vt 0.5728253 0.4687130
vt 0.5733969 0.4292058
vt 0.6152818 0.4290932
vt 0.6227534 0.4835610
vt 0.5620900 0.4842722
vt 0.5728253 0.4687130
vt 0.6145516 0.4680371
vt 0.6223044 0.4128792
vt 0.6152818 0.4290932
vt 0.5562937 0.4777284
vt 0.5560839 0.4187493
vt 0.6295748 0.4190056
vt 0.6292756 0.4774283
vt 0.6145516 0.4680371
vt 0.6152818 0.4290932
vt 0.6887935 0.3560522
vt 0.6892545 0.3949170
vt 0.6461717 0.3963358
vt 0.6460850 0.3574984
vt 0.6887935 0.3560522
vt 0.6981140 0.4118013
vt 0.6353733 0.4126266
vt 0.6461717 0.3963358
vt 0.6892545 0.3949170
vt 0.6329632 0.3414431
vt 0.6961371 0.3387033
vt 0.6887935 0.3560522
vt 0.6291190 0.4064313
vt 0.6286262 0.3474031
vt 0.7042016 0.3451695
vt 0.7057746 0.4041745
vt 0.6892545 0.3949170
vt 0.6901067 0.4282676
vt 0.6895015 0.4686626
vt 0.6456308 0.4691201
vt 0.6461982 0.4280308
vt 0.6901067 0.4282676
vt 0.6980334 0.4844492
vt 0.6354617 0.4845950
vt 0.6456308 0.4691201
vt 0.6353733 0.4126266
vt 0.6981140 0.4118013
vt 0.6901067 0.4282676
vt 0.6461982 0.4280308
vt 0.6292756 0.4774283
vt 0.6295748 0.4190056
vt 0.6456308 0.4691201
vt 0.6901067 0.4282676
vt 0.7057046 0.4197162
vt 0.7054362 0.4774931
vt 0.7567647 0.3528193
vt 0.7576503 0.3941751
vt 0.7226327 0.3942815
vt 0.7216820 0.3538685
vt 0.7567647 0.3528193
vt 0.7647472 0.4113379
vt 0.7146633 0.4113535
vt 0.7226327 0.3942815
vt 0.7576503 0.3941751
vt 0.7133917 0.3361893
vt 0.7634676 0.3352961
vt 0.7567647 0.3528193
vt 0.7057746 0.4041745
vt 0.7042016 0.3451695
vt 0.7730170 0.3434536
vt 0.7742763 0.4024083
vt 0.7576503 0.3941751
vt 0.7577109 0.4279242
vt 0.7576417 0.4686537
vt 0.7226462 0.4681365
vt 0.7226751 0.4281417
vt 0.7577109 0.4279242
vt 0.7643020 0.4858928
vt 0.7143044 0.4859498
vt 0.7226462 0.4681365
vt 0.7576417 0.4686537
vt 0.7146633 0.4113535
vt 0.7647472 0.4113379
vt 0.7577109 0.4279242
vt 0.7057046 0.4197162
vt 0.7741328 0.4201073
vt 0.7739791 0.4775034
vt 0.7576417 0.4686537
vt 0.2089521 0.3468217
vt 0.5480792 0.3468167
vt 0.5480800 0.4058431
vt 0.2089547 0.5131917
vt 0.2089521 0.3468217
vt 0.5482941 0.4648228
vt 0.6580629 0.5879264
vt 0.5479751 0.5131840
vt 0.6225819 0.5363865
vt 0.5882309 0.4863807
vt 0.7572209 0.5030016
vt 0.7572225 0.5421875
vt 0.7223380 0.5422081
vt 0.7223367 0.5029379
vt 0.7572209 0.5030016
vt 0.7647322 0.5574794
vt 0.7154132 0.5584058
vt 0.7223380 0.5422081
vt 0.7143044 0.4859498
vt 0.7643020 0.4858928
vt 0.7572209 0.5030016
vt 0.7223367 0.5029379
vt 0.7069985 0.5508587
vt 0.7054135 0.4950501
vt 0.7223380 0.5422081
vt 0.7572209 0.5030016
vt 0.7740702 0.4950644
vt 0.7722690 0.5501593
vt 0.7567679 0.5731909
vt 0.7569082 0.6122998
vt 0.7233724 0.6129067
vt 0.7232333 0.5738577
vt 0.7567679 0.5731909
vt 0.7646983 0.6275889
vt 0.7158828 0.6275247
vt 0.7233724 0.6129067
vt 0.7569082 0.6122998
vt 0.7154132 0.5584058
vt 0.7647322 0.5574794
vt 0.7567679 0.5731909
vt 0.7088062 0.6205722
vt 0.7077783 0.5659044
vt 0.7722628 0.5649507
vt 0.7719374 0.6205089
vt 0.7569082 0.6122998
vt 0.7567679 0.5731909
vt 0.6580629 0.5879264
vt 0.6022424 0.5890486
vt 0.5479751 0.5131840
vt 0.2089547 0.5131917
vt 0.3878568 0.6005578
vt 0.8901641 0.6703190
vt 0.9181430 0.6916576
vt 0.9014958 0.7094770
vt 0.8778315 0.6913040
vt 0.8901641 0.6703190
vt 0.8031749 0.6913052
vt 0.7904078 0.6678798
vt 0.8844421 0.6678783
vt 0.9014958 0.7094770
vt 0.9236234 0.6992285
vt 0.9236246 0.7870211
vt 0.9014968 0.7767732
vt 0.9014958 0.7094770
vt 0.5098463 0.7097244
vt 0.5098438 0.6219311
vt 0.5473916 0.6378350
vt 0.5473935 0.6938186
vt 0.4818920 0.6005558
vt 0.5475639 0.5890183
vt 0.5098438 0.6219311
vt 0.4818920 0.6005558
vt 0.5479751 0.5131840
vt 0.5475639 0.5890183
vt 0.3878568 0.6005578
vt 0.4818920 0.6005558
vt 0.6022424 0.5890486
vt 0.5475639 0.5890183
vt 0.7154706 0.6382304
vt 0.7154714 0.6934114
vt 0.6580763 0.6937803
vt 0.6580749 0.6378636
vt 0.6029509 0.6933094
vt 0.6029487 0.6383389
vt 0.5473935 0.6938186
vt 0.5473916 0.6378350
vt 0.8778331 0.7949470
vt 0.8031764 0.7949482
vt 0.8031749 0.6913052
vt 0.8778315 0.6913040
vt 0.9014958 0.7094770
vt 0.8031764 0.7949482
vt 0.7801368 0.8083991
vt 0.7801349 0.6778548
vt 0.2006937 0.1278129
vt 0.1804506 0.1431261
vt 0.1804497 0.0143483
vt 0.2006929 0.0296596
vt 0.0040109 0.1169588
vt 0.0040103 0.0405164
vt 0.0373933 0.0143494
vt 0.0373942 0.1431271
vt 0.3878593 0.7311019
vt 0.2089601 0.8184698
vt 0.2354353 0.7192388
vt 0.3682180 0.7156017
vt 0.3878593 0.7311019
vt 0.5479820 0.8184665
vt 0.5482978 0.8668289
vt 0.2089625 0.9848402
vt 0.1084114 0.9848415
vt 0.1084099 0.8815621
vt 0.1077474 0.5752281
vt 0.1077503 0.7564414
vt 0.0044707 0.7564429
vt 0.0044681 0.5752296
vt 0.6155092 0.9771578
vt 0.5737672 0.9771503
vt 0.5732387 0.9380269
vt 0.6151193 0.9379147
vt 0.5621021 0.9225535
vt 0.6227741 0.9224669
vt 0.6222776 0.9937387
vt 0.5621087 0.9937919
vt 0.5564758 0.9878790
vt 0.5564750 0.9288533
vt 0.6299044 0.9290476
vt 0.6294203 0.9880757
vt 0.6155692 0.9062716
vt 0.5737073 0.9062221
vt 0.5731005 0.8666919
vt 0.6147892 0.8673363
vt 0.5623344 0.8511368
vt 0.6229983 0.8518080
vt 0.6155692 0.9062716
vt 0.5563768 0.9166675
vt 0.5565819 0.8576885
vt 0.6293979 0.8578951
vt 0.6297312 0.9163177
vt 0.6902019 0.9783140
vt 0.6472973 0.9780365
vt 0.6467835 0.9391462
vt 0.6897466 0.9394869
vt 0.6357492 0.9229218
vt 0.6984938 0.9225196
vt 0.6979342 0.9954504
vt 0.6347089 0.9944506
vt 0.6472973 0.9780365
vt 0.7059199 0.9298733
vt 0.7058745 0.9888992
vt 0.6904243 0.9062027
vt 0.6464108 0.9072583
vt 0.6454497 0.8661784
vt 0.6891715 0.8658103
vt 0.6349153 0.8509022
vt 0.6974784 0.8498595
vt 0.6454497 0.8661784
vt 0.6293979 0.8578951
vt 0.7048482 0.8566192
vt 0.7063828 0.9143770
vt 0.7580447 0.9803071
vt 0.7230018 0.9798332
vt 0.7230369 0.9393151
vt 0.7580834 0.9390664
vt 0.7580447 0.9803071
vt 0.7230369 0.9393151
vt 0.7150324 0.9221272
vt 0.7651164 0.9221413
vt 0.7230018 0.9798332
vt 0.7580447 0.9803071
vt 0.7651011 0.9976608
vt 0.7150171 0.9977054
vt 0.7058745 0.9888992
vt 0.7745113 0.9304175
vt 0.7745120 0.9893857
vt 0.7579554 0.9055430
vt 0.7230698 0.9054730
vt 0.7224676 0.8654993
vt 0.7576365 0.8648307
vt 0.7579554 0.9055430
vt 0.7224676 0.8654993
vt 0.7142166 0.8476088
vt 0.7642100 0.8476667
vt 0.7230698 0.9054730
vt 0.7579554 0.9055430
vt 0.7150324 0.9221272
vt 0.7230698 0.9054730
vt 0.7224676 0.8654993
vt 0.7048482 0.8566192
vt 0.7740980 0.8559721
vt 0.7742532 0.9133681
vt 0.7579554 0.9055430
vt 0.2089625 0.9848402
vt 0.5480888 0.9258088
vt 0.5480897 0.9848353
vt 0.2089601 0.8184698
vt 0.6580630 0.7437202
vt 0.6225852 0.7952621
vt 0.5479820 0.8184665
vt 0.5882376 0.8452703
vt 0.7571294 0.8305573
vt 0.7222452 0.8306216
vt 0.7222455 0.7913517
vt 0.7571298 0.7913716
vt 0.7571294 0.8305573
vt 0.7222455 0.7913517
vt 0.7153203 0.7751542
vt 0.7646392 0.7760792
vt 0.7222452 0.8306216
vt 0.7571294 0.8305573
vt 0.7642100 0.8476667
vt 0.7142166 0.8476088
vt 0.7222452 0.8306216
vt 0.7222455 0.7913517
vt 0.7053228 0.8385071
vt 0.7069057 0.7827013
vt 0.7721758 0.7833991
vt 0.7739787 0.8384939
vt 0.7571294 0.8305573
vt 0.7566748 0.7603679
vt 0.7231401 0.7597021
vt 0.7232781 0.7206529
vt 0.7568141 0.7212590
vt 0.7566748 0.7603679
vt 0.7157882 0.7060349
vt 0.7646037 0.7059692
vt 0.7153203 0.7751542
vt 0.7076852 0.7676556
vt 0.7087119 0.7129877
vt 0.7566748 0.7603679
vt 0.7718433 0.7130494
vt 0.7721699 0.7686076
vt 0.6580630 0.7437202
vt 0.6022454 0.7426039
vt 0.2089601 0.8184698
vt 0.3878593 0.7311019
vt 0.5479820 0.8184665
vt 0.8901665 0.8159316
vt 0.8778331 0.7949470
vt 0.9181447 0.7945920
vt 0.8031764 0.7949482
vt 0.8844444 0.8183725
vt 0.7904100 0.8183740
vt 0.4818948 0.7311008
vt 0.5098463 0.7097244
vt 0.5475672 0.7426360
vt 0.4818948 0.7311008
vt 0.5475672 0.7426360
vt 0.5479820 0.8184665
vt 0.3878593 0.7311019
vt 0.4818948 0.7311008
vt 0.6022454 0.7426039
vt 0.7154706 0.6382304
vt 0.7744388 0.6382295
vt 0.7744396 0.6934104
vt 0.7154714 0.6934114
vt 0.1804506 0.1431261
vt 0.1804497 0.0143483
vt 0.2217997 0.0903748
vt 0.2006937 0.1278129
vt 0.2006929 0.0296596
vt 0.2217995 0.0670974
vt 0.2217998 0.1115020
vt 0.2217994 0.0459701
vt 0.5475672 0.7426360
vt 0.5098463 0.7097244
vt 0.5473935 0.6938186
vt 0.5098438 0.6219311
vt 0.5475639 0.5890183
vt 0.5473916 0.6378350
vt 0.5956500 0.3040580
vt 0.6000225 0.3119606
vt 0.5909926 0.3117958
vt 0.5953647 0.3196986
vt 0.5863346 0.3195335
vt 0.5819623 0.3116310
vt 0.5866199 0.3038932
vt 0.5726828 0.3099488
vt 0.5807901 0.2964802
vt 0.6107302 0.2918926
vt 0.6183403 0.3056484
vt 0.6093566 0.3106185
vt 0.6017464 0.2968628
vt 0.6107302 0.2918926
vt 0.6180982 0.3189366
vt 0.6099911 0.3324054
vt 0.6011948 0.3271111
vt 0.6093017 0.3136421
vt 0.6180982 0.3189366
vt 0.5836232 0.2847512
vt 0.5993412 0.2850373
vt 0.5991541 0.2953024
vt 0.5834363 0.2950163
vt 0.5983594 0.3388411
vt 0.5826417 0.3385533
vt 0.5828292 0.3282882
vt 0.5985472 0.3285758
vt 0.5983594 0.3388411
vt 0.5712553 0.3316995
vt 0.5636443 0.3179444
vt 0.5726277 0.3129736
vt 0.5802385 0.3267287
vt 0.5638865 0.3046539
vt 0.5719941 0.2911853
vt 0.5807901 0.2964802
vt 0.6000225 0.3119606
vt 0.6093566 0.3106185
vt 0.5819623 0.3116310
vt 0.5863346 0.3195335
vt 0.6011948 0.3271111
vt 0.5953647 0.3196986
vt 0.5866199 0.3038932
vt 0.5834363 0.2950163
vt 0.5863346 0.3195335
vt 0.6860337 0.5124250
vt 0.6860164 0.5372716
vt 0.6552139 0.5372885
vt 0.6552312 0.5124419
vt 0.6860337 0.5124250
vt 0.6543226 0.7952980
vt 0.6851251 0.7953144
vt 0.6851428 0.8201609
vt 0.6543403 0.8201445
vt 0.6432198 0.8204635
vt 0.6432020 0.7956169
vt 0.6543403 0.8201445
vt 0.6852028 0.8312858
vt 0.6544003 0.8312695
vt 0.6851251 0.7953144
vt 0.6962460 0.7956173
vt 0.6962638 0.8204639
vt 0.6851251 0.7953144
vt 0.6543226 0.7952980
vt 0.6543944 0.7841731
vt 0.6851969 0.7841894
vt 0.6860337 0.5124250
vt 0.6971543 0.5127438
vt 0.6971369 0.5375903
vt 0.6860164 0.5372716
vt 0.6859564 0.5483967
vt 0.6551540 0.5484135
vt 0.6552139 0.5372885
vt 0.6440929 0.5375917
vt 0.6441101 0.5127451
vt 0.6552312 0.5124419
vt 0.6551593 0.5013170
vt 0.6859617 0.5013000
vt 0.6860337 0.5124250
vt 0.1794450 0.2745329
vt 0.1794448 0.2671924
vt 0.2299576 0.2671914
vt 0.2299577 0.2745317
vt 0.2299187 0.2958347
vt 0.2299189 0.3031750
vt 0.1794062 0.3031760
vt 0.1794059 0.2958356
vt 0.1726871 0.2958359
vt 0.1726873 0.3031760
vt 0.1340733 0.3031771
vt 0.1340730 0.2958368
vt 0.1726871 0.2958359
vt 0.2367041 0.3031747
vt 0.2367039 0.2958344
vt 0.2738271 0.2958336
vt 0.2738273 0.3031738
vt 0.1726596 0.2671925
vt 0.1726596 0.2745329
vt 0.1355364 0.2745336
vt 0.1355362 0.2671934
vt 0.2752906 0.2671903
vt 0.2752907 0.2745305
vt 0.2366765 0.2745314
vt 0.2366764 0.2671911
vt 0.2752906 0.2671903
vt 0.2365544 0.2338384
vt 0.2438944 0.2337800
vt 0.2440161 0.2490570
vt 0.2366759 0.2491154
vt 0.2299568 0.2338386
vt 0.2299573 0.2491155
vt 0.1285503 0.2338408
vt 0.1352257 0.2307885
vt 0.1422113 0.2460652
vt 0.1355357 0.2491177
vt 0.1285503 0.2338408
vt 0.2367050 0.3365276
vt 0.2367045 0.3212506
vt 0.2440449 0.3212503
vt 0.2440453 0.3365272
vt 0.2225795 0.3365279
vt 0.2225790 0.3212510
vt 0.2299193 0.3212508
vt 0.2299198 0.3365277
vt 0.1726587 0.2338399
vt 0.1794438 0.2338397
vt 0.1794445 0.2491167
vt 0.1726591 0.2491168
vt 0.2755992 0.2307853
vt 0.2822749 0.2338374
vt 0.2752902 0.2491146
vt 0.2686146 0.2460623
vt 0.2755992 0.2307853
vt 0.1653182 0.2338400
vt 0.1726587 0.2338399
vt 0.1726591 0.2491168
vt 0.1653187 0.2491171
vt 0.1794438 0.2338397
vt 0.1867842 0.2338393
vt 0.1867847 0.2491165
vt 0.1794452 0.2824695
vt 0.1726601 0.2824696
vt 0.1726596 0.2671925
vt 0.1794448 0.2671924
vt 0.2741375 0.3395789
vt 0.2671523 0.3243021
vt 0.2738278 0.3212495
vt 0.2808130 0.3365264
vt 0.2741375 0.3395789
vt 0.2367038 0.2878977
vt 0.2367041 0.3031747
vt 0.2299189 0.3031750
vt 0.2299186 0.2878979
vt 0.1270888 0.3365299
vt 0.1340734 0.3212529
vt 0.1407490 0.3243051
vt 0.1337643 0.3395822
vt 0.1270888 0.3365299
vt 0.1728091 0.3365289
vt 0.1726877 0.3212520
vt 0.1794065 0.3212520
vt 0.1794067 0.3365289
vt 0.1654692 0.3365875
vt 0.1653476 0.3213105
vt 0.1726877 0.3212520
vt 0.1728091 0.3365289
vt 0.1794067 0.3365289
vt 0.1867467 0.3212519
vt 0.1867470 0.3365288
vt 0.1794058 0.2878989
vt 0.1794062 0.3031760
vt 0.1726873 0.3031760
vt 0.1728083 0.2878991
vt 0.2299198 0.3365277
vt 0.2367045 0.3212506
vt 0.2367050 0.3365276
vt 0.2299198 0.3365277
vt 0.2365555 0.2824681
vt 0.2299580 0.2824683
vt 0.2299576 0.2671914
vt 0.2366764 0.2671911
vt 0.2365555 0.2824681
vt 0.2226166 0.2338387
vt 0.2299568 0.2338386
vt 0.2299573 0.2491155
vt 0.2226169 0.2491156
vt 0.2226166 0.2338387
vt 0.1285517 0.2824705
vt 0.1209500 0.2824705
vt 0.1313221 0.2618257
vt 0.1355362 0.2671934
vt 0.1209485 0.2338410
vt 0.1285503 0.2338408
vt 0.1355357 0.2491177
vt 0.1313219 0.2544854
vt 0.1082182 0.2618262
vt 0.1082179 0.2544859
vt 0.2808130 0.3365264
vt 0.2738278 0.3212495
vt 0.2780416 0.3158820
vt 0.2884147 0.3365263
vt 0.2884138 0.2878968
vt 0.2780414 0.3085415
vt 0.2738273 0.3031738
vt 0.2808120 0.2878969
vt 0.3011454 0.3158814
vt 0.2780414 0.3085415
vt 0.3011454 0.3085411
vt 0.1726591 0.2491168
vt 0.1794445 0.2491167
vt 0.1760518 0.2544844
vt 0.1726591 0.2491168
vt 0.1355357 0.2491177
vt 0.1726596 0.2671925
vt 0.1760521 0.2618248
vt 0.1794448 0.2671924
vt 0.1355362 0.2671934
vt 0.1760521 0.2618248
vt 0.1760518 0.2544844
vt 0.2333114 0.3085425
vt 0.2299189 0.3031750
vt 0.2367041 0.3031747
vt 0.2738273 0.3031738
vt 0.2780414 0.3085415
vt 0.2367045 0.3212506
vt 0.2299193 0.3212508
vt 0.2333117 0.3158830
vt 0.2738278 0.3212495
vt 0.2366764 0.2671911
vt 0.2299576 0.2671914
vt 0.2333381 0.2618235
vt 0.1760521 0.2618248
vt 0.2299576 0.2671914
vt 0.2299573 0.2491155
vt 0.2366759 0.2491154
vt 0.2333378 0.2544830
vt 0.1760518 0.2544844
vt 0.1794445 0.2491167
vt 0.2333378 0.2544830
vt 0.1760521 0.2618248
vt 0.2333381 0.2618235
vt 0.1760256 0.3158842
vt 0.1794065 0.3212520
vt 0.1726877 0.3212520
vt 0.2333117 0.3158830
vt 0.2299193 0.3212508
vt 0.1760256 0.3158842
vt 0.1760255 0.3085437
vt 0.1726873 0.3031760
vt 0.1794062 0.3031760
vt 0.2299189 0.3031750
vt 0.2333114 0.3085425
vt 0.1760256 0.3158842
vt 0.2752906 0.2671903
vt 0.2366764 0.2671911
vt 0.2795045 0.2618226
vt 0.2898779 0.2824668
vt 0.2822761 0.2824669
vt 0.2752902 0.2491146
vt 0.2795043 0.2544822
vt 0.2333378 0.2544830
vt 0.2366759 0.2491154
vt 0.2822749 0.2338374
vt 0.2898766 0.2338373
vt 0.2795043 0.2544822
vt 0.2822749 0.2338374
vt 0.2795045 0.2618226
vt 0.2333378 0.2544830
vt 0.2795043 0.2544822
vt 0.3026082 0.2544817
vt 0.3026083 0.2618220
vt 0.1340734 0.3212529
vt 0.1298592 0.3158853
vt 0.1760256 0.3158842
vt 0.1194871 0.3365301
vt 0.1270888 0.3365299
vt 0.1760255 0.3085437
vt 0.1298592 0.3085449
vt 0.1340733 0.3031771
vt 0.1726873 0.3031760
vt 0.1270878 0.2879002
vt 0.1194861 0.2879004
vt 0.1760256 0.3158842
vt 0.1067553 0.3085452
vt 0.1067554 0.3158857
vt 0.4247285 0.6890629
vt 0.4160001 0.6941306
vt 0.4069398 0.6785258
vt 0.4156682 0.6734579
vt 0.4786128 0.6503741
vt 0.4885480 0.6485967
vt 0.4917253 0.6663592
vt 0.4817901 0.6681364
vt 0.4786128 0.6503741
vt 0.4808926 0.6732999
vt 0.4896454 0.6783254
vt 0.4806609 0.6939739
vt 0.4719081 0.6889485
vt 0.4621316 0.6342779
vt 0.4686005 0.6265305
vt 0.4824513 0.6380958
vt 0.4759824 0.6458431
vt 0.4509616 0.6985388
vt 0.4483150 0.6876529
vt 0.4628836 0.6823102
vt 0.4679027 0.6923257
vt 0.4147457 0.6682993
vt 0.4048018 0.6665704
vt 0.4078927 0.6487926
vt 0.4178364 0.6505216
vt 0.4544370 0.7080147
vt 0.4679027 0.6923257
vt 0.4713779 0.7018015
vt 0.4544370 0.7080147
vt 0.4457213 0.6985515
vt 0.4422924 0.7080442
vt 0.4253213 0.7019138
vt 0.4287503 0.6924211
vt 0.4719081 0.6889485
vt 0.4628836 0.6823102
vt 0.4706099 0.6688529
vt 0.4808926 0.6732999
vt 0.4719081 0.6889485
vt 0.4817901 0.6681364
vt 0.4706099 0.6688529
vt 0.4678781 0.6535778
vt 0.4786128 0.6503741
vt 0.4759824 0.6458431
vt 0.4559670 0.6436324
vt 0.4621316 0.6342779
vt 0.4572038 0.6324980
vt 0.4404498 0.6436698
vt 0.4391594 0.6325412
vt 0.4204451 0.6459774
vt 0.4139389 0.6382616
vt 0.4277335 0.6266294
vt 0.4342399 0.6343453
vt 0.4204451 0.6459774
vt 0.4285869 0.6536731
vt 0.4391354 0.6224482
vt 0.4571798 0.6224051
vt 0.4147457 0.6682993
vt 0.4178364 0.6505216
vt 0.4259292 0.6689613
vt 0.4247285 0.6890629
vt 0.4156682 0.6734579
vt 0.4337206 0.6823809
vt 0.4247285 0.6890629
vt 0.4287503 0.6924211
vt 0.4337206 0.6823809
vt 0.4483150 0.6876529
vt 0.4287503 0.6924211
vt 0.4404498 0.6436698
vt 0.4482599 0.6649680
vt 0.4559670 0.6436324
vt 0.4678781 0.6535778
vt 0.4706099 0.6688529
vt 0.4482599 0.6649680
vt 0.4483150 0.6876529
vt 0.4337206 0.6823809
vt 0.4285869 0.6536731
vt 0.9633932 0.7890577
vt 0.9633934 0.8046391
vt 0.9507304 0.8020295
vt 0.9507301 0.7916678
vt 0.9633932 0.7890577
vt 0.9616520 0.8089490
vt 0.9345424 0.8089494
vt 0.9380614 0.8020296
vt 0.9507304 0.8020295
vt 0.9307500 0.8046396
vt 0.9307497 0.7890582
vt 0.9380612 0.7916679
vt 0.9345420 0.7847482
vt 0.9616516 0.7847478
vt 0.9228729 0.3932258
vt 0.9770077 0.3932247
vt 0.9770082 0.4221271
vt 0.9228736 0.4221283
vt 0.9228729 0.3932258
vt 0.9228729 0.3828487
vt 0.9770075 0.3828474
vt 0.9228729 0.3932258
vt 0.9873849 0.3932245
vt 0.9873854 0.4221269
vt 0.9770082 0.4221271
vt 0.9770083 0.4325042
vt 0.9228737 0.4325054
vt 0.9228736 0.4221283
vt 0.9770082 0.4221271
vt 0.9124962 0.4221284
vt 0.9124957 0.3932260
vt 0.9228729 0.3932258
vt 0.4215796 0.1358299
vt 0.4579601 0.1356755
vt 0.4577181 0.1430927
vt 0.4218221 0.1430934
vt 0.3571787 0.1358303
vt 0.3569367 0.1430945
vt 0.3195497 0.1430953
vt 0.3193071 0.1356788
vt 0.4146023 0.1433224
vt 0.3640896 0.1433234
vt 0.3640280 0.1359829
vt 0.4146633 0.1359823
vt 0.3639772 0.1025001
vt 0.3640335 0.1177749
vt 0.3572745 0.1178098
vt 0.3573260 0.1025303
vt 0.3499601 0.1178090
vt 0.3499599 0.1025316
vt 0.3713455 0.1024989
vt 0.3713458 0.1177760
vt 0.3570235 0.1511071
vt 0.3636193 0.1512551
vt 0.4150665 0.1512541
vt 0.4215796 0.1358299
vt 0.4218500 0.1511045
vt 0.4288211 0.1025190
vt 0.4288214 0.1177959
vt 0.4214879 0.1177989
vt 0.4214742 0.1025165
vt 0.4146705 0.1025069
vt 0.4146476 0.1177786
vt 0.4073189 0.1177813
vt 0.4073186 0.1025046
vt 0.4146705 0.1025069
vt 0.3117566 0.1037769
vt 0.3183286 0.1005074
vt 0.3255639 0.1149700
vt 0.3190067 0.1182690
vt 0.4589407 0.1005064
vt 0.4655128 0.1037758
vt 0.4582624 0.1182678
vt 0.4517053 0.1149691
vt 0.4823006 0.1236655
vt 0.4821844 0.1310049
vt 0.4641709 0.1310590
vt 0.4642979 0.1230400
vt 0.4823006 0.1236655
vt 0.4179587 0.1231708
vt 0.4214879 0.1177989
vt 0.4179431 0.1305669
vt 0.4600619 0.1236504
vt 0.4600099 0.1302550
vt 0.4179587 0.1231708
vt 0.3607434 0.1231741
vt 0.3572745 0.1178098
vt 0.3607599 0.1305669
vt 0.4179431 0.1305669
vt 0.3172566 0.1302585
vt 0.3172047 0.1236516
vt 0.3607434 0.1231741
vt 0.2950828 0.1310045
vt 0.2949671 0.1236652
vt 0.3129699 0.1230411
vt 0.3130962 0.1310610
vt 0.2950828 0.1310045
vt 0.0496761 0.8644446
vt 0.0363276 0.8777938
vt 0.0314415 0.8693310
vt 0.0496761 0.8644446
vt 0.0314415 0.8693310
vt 0.0314415 0.8595587
vt 0.0502515 0.9457002
vt 0.0636171 0.9323689
vt 0.0684909 0.9408383
vt 0.0551609 0.9274704
vt 0.0794905 0.8715166
vt 0.0679109 0.8693306
vt 0.0679109 0.8595585
vt 0.0794904 0.8573728
vt 0.0453890 0.9274606
vt 0.0279964 0.9246379
vt 0.0369197 0.9323342
vt 0.0320216 0.9407902
vt 0.0209060 0.9368761
vt 0.0453890 0.9274606
vt 0.0800678 0.9386595
vt 0.0800637 0.9528033
vt 0.0684814 0.9506102
vt 0.0273922 0.8434129
vt 0.0363273 0.8510956
vt 0.0314415 0.8595587
vt 0.0203203 0.8556616
vt 0.0320216 0.9407902
vt 0.0369197 0.9323342
vt 0.0320121 0.9505621
vt 0.0320216 0.9407902
vt 0.0204394 0.9385972
vt 0.0204354 0.9527410
vt 0.0368859 0.9590316
vt 0.0415088 0.9163337
vt 0.0292496 0.9233876
vt 0.0453421 0.9639301
vt 0.0719598 0.8434127
vt 0.0790320 0.8556616
vt 0.0630247 0.8510958
vt 0.0551140 0.9639399
vt 0.0635832 0.9590663
vt 0.0198619 0.8573730
vt 0.0314415 0.8595587
vt 0.0314415 0.8693310
vt 0.0198621 0.8715168
vt 0.0432097 0.9158838
vt 0.0573535 0.9158880
vt 0.0790320 0.8732277
vt 0.0719600 0.8854765
vt 0.0630249 0.8777937
vt 0.0431494 0.9755126
vt 0.0572932 0.9755167
vt 0.0725641 0.9246994
vt 0.0796177 0.9369588
vt 0.0279389 0.9667013
vt 0.0208855 0.9544417
vt 0.0707077 0.8867289
vt 0.0584589 0.8938010
vt 0.0545622 0.8826797
vt 0.0713129 0.9234454
vt 0.0590744 0.9163553
vt 0.0426046 0.8942596
vt 0.0447903 0.8826799
vt 0.0567484 0.8942595
vt 0.0426046 0.8942596
vt 0.0291903 0.9679555
vt 0.0414288 0.9750454
vt 0.0286449 0.8867296
vt 0.0363276 0.8777938
vt 0.0447903 0.8826799
vt 0.0408940 0.8938013
vt 0.0286448 0.8421599
vt 0.0408939 0.8350883
vt 0.0447901 0.8462097
vt 0.0363273 0.8510956
vt 0.0273927 0.8854769
vt 0.0203205 0.8732281
vt 0.0314415 0.8693310
vt 0.0363276 0.8777938
vt 0.0273927 0.8854769
vt 0.0707077 0.8421603
vt 0.0630247 0.8510958
vt 0.0545620 0.8462096
vt 0.0584587 0.8350885
vt 0.0795970 0.9545245
vt 0.0725063 0.9667626
vt 0.0426040 0.8346301
vt 0.0567478 0.8346299
vt 0.0447901 0.8462097
vt 0.0712535 0.9680128
vt 0.0589942 0.9750669
vt 0.0635832 0.9590663
vt 0.0496761 0.8644446
vt 0.0363273 0.8510956
vt 0.0447901 0.8462097
vt 0.0630247 0.8510958
vt 0.0679109 0.8595585
vt 0.0496761 0.8644446
vt 0.0679109 0.8595585
vt 0.0679109 0.8693306
vt 0.0314415 0.8595587
vt 0.0545622 0.8826797
vt 0.0447903 0.8826799
vt 0.0363276 0.8777938
vt 0.0859133 0.9581842
vt 0.0788227 0.9704223
vt 0.0125621 0.8715170
vt 0.0125619 0.8573732
vt 0.0198619 0.8573730
vt 0.0198621 0.8715168
vt 0.0210709 0.8891270
vt 0.0139986 0.8768784
vt 0.0203205 0.8732281
vt 0.0372442 0.9001233
vt 0.0249951 0.8930519
vt 0.0286449 0.8867296
vt 0.0372442 0.9001233
vt 0.0567485 0.9015595
vt 0.0426047 0.9015597
vt 0.0567484 0.8942595
vt 0.0139983 0.8520117
vt 0.0210703 0.8397628
vt 0.0273922 0.8434129
vt 0.0203203 0.8556616
vt 0.0743577 0.8930508
vt 0.0621088 0.9001229
vt 0.0584589 0.8938010
vt 0.0707077 0.8867289
vt 0.0743577 0.8930508
vt 0.0853539 0.8768775
vt 0.0782820 0.8891265
vt 0.0719600 0.8854765
vt 0.0790320 0.8732277
vt 0.0867903 0.8573726
vt 0.0867905 0.8715165
vt 0.0794905 0.8715166
vt 0.0794904 0.8573728
vt 0.0782817 0.8397626
vt 0.0853539 0.8520113
vt 0.0790320 0.8556616
vt 0.0621087 0.8287665
vt 0.0743576 0.8358384
vt 0.0584587 0.8350885
vt 0.0426039 0.8273301
vt 0.0567477 0.8273299
vt 0.0567478 0.8346299
vt 0.0426040 0.8346301
vt 0.0426039 0.8273301
vt 0.0249951 0.8358377
vt 0.0372441 0.8287662
vt 0.0408939 0.8350883
vt 0.0286448 0.8421599
vt 0.0249951 0.8358377
vt 0.0788917 0.9210591
vt 0.0859450 0.9333186
vt 0.0725641 0.9246994
vt 0.0627340 0.9100388
vt 0.0749722 0.9171291
vt 0.0713129 0.9234454
vt 0.0590744 0.9163553
vt 0.0627340 0.9100388
vt 0.0432096 0.9085861
vt 0.0573534 0.9085859
vt 0.0573535 0.9158880
vt 0.0432097 0.9158838
vt 0.0432096 0.9085861
vt 0.0256089 0.9170603
vt 0.0378682 0.9100063
vt 0.0415088 0.9163337
vt 0.0292496 0.9233876
vt 0.0256089 0.9170603
vt 0.0145895 0.9332164
vt 0.0216802 0.9209782
vt 0.0279964 0.9246379
vt 0.0209060 0.9368761
vt 0.0145895 0.9332164
vt 0.0131376 0.9527412
vt 0.0131373 0.9385974
vt 0.0204394 0.9385972
vt 0.0204354 0.9527410
vt 0.0873656 0.9386593
vt 0.0873658 0.9528031
vt 0.0800637 0.9528033
vt 0.0216115 0.9703416
vt 0.0145581 0.9580820
vt 0.0208855 0.9544417
vt 0.0279389 0.9667013
vt 0.0216115 0.9703416
vt 0.0377694 0.9813618
vt 0.0255310 0.9742719
vt 0.0291903 0.9679555
vt 0.0572933 0.9828146
vt 0.0431495 0.9828147
vt 0.0431494 0.9755126
vt 0.0748942 0.9743403
vt 0.0626349 0.9813942
vt 0.0589942 0.9750669
vt 0.0058430 0.2675915
vt 0.0058430 0.2675915
vt 0.0058430 0.2675915
vt 0.0058430 0.2675915
vt 0.9778886 0.8434746
vt 0.9778888 0.8579120
vt 0.9714996 0.8579119
vt 0.9714993 0.8434746
vt 0.9574116 0.8434747
vt 0.9574119 0.8579121
vt 0.9510226 0.8579124
vt 0.9510222 0.8434748
vt 0.9644554 0.8434744
vt 0.9688029 0.8349332
vt 0.9743974 0.8377807
vt 0.9714993 0.8434746
vt 0.9603102 0.8377796
vt 0.9632086 0.8320855
vt 0.9644558 0.8579122
vt 0.9644554 0.8434744
vt 0.9743978 0.8636058
vt 0.9688033 0.8664535
vt 0.9714996 0.8579119
vt 0.9632091 0.8693011
vt 0.9603106 0.8636072
vt 0.9778886 0.8845529
vt 0.9778890 0.8989903
vt 0.9714996 0.8989905
vt 0.9714993 0.8845531
vt 0.9574116 0.8845534
vt 0.9574119 0.8989909
vt 0.9510226 0.8989913
vt 0.9510222 0.8845537
vt 0.9644554 0.8845533
vt 0.9688025 0.8760118
vt 0.9743972 0.8788590
vt 0.9603100 0.8788586
vt 0.9632079 0.8731645
vt 0.9644558 0.8989909
vt 0.9714993 0.8845531
vt 0.9743981 0.9046845
vt 0.9688036 0.9075322
vt 0.9644558 0.8989909
vt 0.9632095 0.9103799
vt 0.9603109 0.9046859
vt 0.9599701 0.9628640
vt 0.9663592 0.9628638
vt 0.9663596 0.9773011
vt 0.9599702 0.9773015
vt 0.9804469 0.9628633
vt 0.9868360 0.9628630
vt 0.9868366 0.9773006
vt 0.9804472 0.9773007
vt 0.9804469 0.9628633
vt 0.9634607 0.9571701
vt 0.9690550 0.9543223
vt 0.9734030 0.9628634
vt 0.9663592 0.9628638
vt 0.9690550 0.9543223
vt 0.9746491 0.9514744
vt 0.9775479 0.9571683
vt 0.9734034 0.9773012
vt 0.9663596 0.9773011
vt 0.9804469 0.9628633
vt 0.9634613 0.9829952
vt 0.9663596 0.9773011
vt 0.9690562 0.9858426
vt 0.9634613 0.9829952
vt 0.9734034 0.9773012
vt 0.9775488 0.9829960
vt 0.9746507 0.9886901
vt 0.9690562 0.9858426
vt 0.9734034 0.9773012
vt 0.9599701 0.9214782
vt 0.9663592 0.9214780
vt 0.9663594 0.9359154
vt 0.9599701 0.9359156
vt 0.9599701 0.9214782
vt 0.9804466 0.9214777
vt 0.9868360 0.9214776
vt 0.9868363 0.9359151
vt 0.9804469 0.9359152
vt 0.9634609 0.9157841
vt 0.9690554 0.9129365
vt 0.9734030 0.9214777
vt 0.9746496 0.9100886
vt 0.9775481 0.9157826
vt 0.9734033 0.9359156
vt 0.9663594 0.9359154
vt 0.9663592 0.9214780
vt 0.9634612 0.9416094
vt 0.9690558 0.9444570
vt 0.9775487 0.9416104
vt 0.9746503 0.9473044
vt 0.9494199 0.0301592
vt 0.9492626 0.0290534
vt 0.9580855 0.0257856
vt 0.9586602 0.0267432
vt 0.9513072 0.0346214
vt 0.9513104 0.0335042
vt 0.9594893 0.0305079
vt 0.9601537 0.0314062
vt 0.7540171 0.0289091
vt 0.7539589 0.0277941
vt 0.7570479 0.0282652
vt 0.7566226 0.0292985
vt 0.7540171 0.0289091
vt 0.7540238 0.0266792
vt 0.7573400 0.0271861
vt 0.7570479 0.0282652
vt 0.7584007 0.0291426
vt 0.7577751 0.0282163
vt 0.7611711 0.0270742
vt 0.7613235 0.0281807
vt 0.7584007 0.0291426
vt 0.7573400 0.0271861
vt 0.7608745 0.0259987
vt 0.7611711 0.0270742
vt 0.7705514 0.0275350
vt 0.7703779 0.0286379
vt 0.7613235 0.0281807
vt 0.7611654 0.0259569
vt 0.7706416 0.0264216
vt 0.7705514 0.0275350
vt 0.7611711 0.0270742
vt 0.7704155 0.0275217
vt 0.7837789 0.0286691
vt 0.7836711 0.0297808
vt 0.7698886 0.0335982
vt 0.7699678 0.0324839
vt 0.7833581 0.0336384
vt 0.7832515 0.0347506
vt 0.9113113 0.0414011
vt 0.9112684 0.0402834
vt 0.9151505 0.0408055
vt 0.9148856 0.0418922
vt 0.9113971 0.0391733
vt 0.9152371 0.0396950
vt 0.9152967 0.0419156
vt 0.9389042 0.0410109
vt 0.9387571 0.0421200
vt 0.9152371 0.0396950
vt 0.9389318 0.0398944
vt 0.9389042 0.0410109
vt 0.9390024 0.0421243
vt 0.9476709 0.0411820
vt 0.9473679 0.0422584
vt 0.9389042 0.0410109
vt 0.9477698 0.0400686
vt 0.9476709 0.0411820
vt 0.9389042 0.0410109
vt 0.9491479 0.0421402
vt 0.9488425 0.0410659
vt 0.9559078 0.0411751
vt 0.9556189 0.0422541
vt 0.9491479 0.0421402
vt 0.9487389 0.0399534
vt 0.9560248 0.0400643
vt 0.9559078 0.0411751
vt 0.9488425 0.0410659
vt 0.9115567 0.0326497
vt 0.9116974 0.0315415
vt 0.9226270 0.0315518
vt 0.9227848 0.0326578
vt 0.9115186 0.0337662
vt 0.9227991 0.0337746
vt 0.9312030 0.0357412
vt 0.9239740 0.0356984
vt 0.9241095 0.0345895
vt 0.9310915 0.0346296
vt 0.9312507 0.0307749
vt 0.9239798 0.0307347
vt 0.9240084 0.0296180
vt 0.9312389 0.0296579
vt 0.9678959 0.0269387
vt 0.9612596 0.0309889
vt 0.9607432 0.0299982
vt 0.9672847 0.0260039
vt 0.9678959 0.0269387
vt 0.9647202 0.0217354
vt 0.9652667 0.0227094
vt 0.9586602 0.0267432
vt 0.9580855 0.0257856
vt 0.9399929 0.0307623
vt 0.9399765 0.0296453
vt 0.9492626 0.0290534
vt 0.9494199 0.0301592
vt 0.9399856 0.0357342
vt 0.9312488 0.0357445
vt 0.9313405 0.0346313
vt 0.9398835 0.0346218
vt 0.9312507 0.0307749
vt 0.9403691 0.0357051
vt 0.9404548 0.0345913
vt 0.9493780 0.0340104
vt 0.9496577 0.0350921
vt 0.9687560 0.0212005
vt 0.9760352 0.0212161
vt 0.9759322 0.0223283
vt 0.9687979 0.0223170
vt 0.9687560 0.0212005
vt 0.9756682 0.0234136
vt 0.9689531 0.0234230
vt 0.9687979 0.0223170
vt 0.8011606 0.0347939
vt 0.8011506 0.0336772
vt 0.8203127 0.0333652
vt 0.8202765 0.0344815
vt 0.8011606 0.0347939
vt 0.8011310 0.0298818
vt 0.8011467 0.0287896
vt 0.8202655 0.0288205
vt 0.8202841 0.0299377
vt 0.8213770 0.0339765
vt 0.8265648 0.0326353
vt 0.8268117 0.0337244
vt 0.8216050 0.0350699
vt 0.8205504 0.0288474
vt 0.8259076 0.0283757
vt 0.8264357 0.0293670
vt 0.8418939 0.0299029
vt 0.8368918 0.0317560
vt 0.8365669 0.0306852
vt 0.8414416 0.0288798
vt 0.8420177 0.0310132
vt 0.8375059 0.0326892
vt 0.8368764 0.0317598
vt 0.8322980 0.0328344
vt 0.8320905 0.0317357
vt 0.8353508 0.0257617
vt 0.8355224 0.0268677
vt 0.8311604 0.0280657
vt 0.8308148 0.0270024
vt 0.8305523 0.0259176
vt 0.8308008 0.0270067
vt 0.8264415 0.0282453
vt 0.8261740 0.0271607
vt 0.9640615 0.0439500
vt 0.9641960 0.0428411
vt 0.9706798 0.0427726
vt 0.9708252 0.0438803
vt 0.9640615 0.0439500
vt 0.9638022 0.0390002
vt 0.9640312 0.0379068
vt 0.9707952 0.0379272
vt 0.9711478 0.0389875
vt 0.9759119 0.0434124
vt 0.9719727 0.0438493
vt 0.9719121 0.0427337
vt 0.9757392 0.0423087
vt 0.9759119 0.0434124
vt 0.9755282 0.0384669
vt 0.9711478 0.0389875
vt 0.9712795 0.0378781
vt 0.9752134 0.0373953
vt 0.9563518 0.0411324
vt 0.9617528 0.0395693
vt 0.9621112 0.0406277
vt 0.9567306 0.0421829
vt 0.9563518 0.0411324
vt 0.9560248 0.0400643
vt 0.9614071 0.0385069
vt 0.9617528 0.0395693
vt 0.8311604 0.0280657
vt 0.8317891 0.0298579
vt 0.8272902 0.0311838
vt 0.9387571 0.0421200
vt 0.9386914 0.0440536
vt 0.9154751 0.0438423
vt 0.9152967 0.0419156
vt 0.9387571 0.0421200
vt 0.9626265 0.0424926
vt 0.9573038 0.0440310
vt 0.9567306 0.0421829
vt 0.7702339 0.0305672
vt 0.7703779 0.0286379
vt 0.7836711 0.0297808
vt 0.7835088 0.0317094
vt 0.9586602 0.0267432
vt 0.9652667 0.0227094
vt 0.9661789 0.0244160
vt 0.9597883 0.0283154
vt 0.9586602 0.0267432
vt 0.8272902 0.0311838
vt 0.8217995 0.0319459
vt 0.7836711 0.0297808
vt 0.8011310 0.0298818
vt 0.8011339 0.0317984
vt 0.9712381 0.0409201
vt 0.9638703 0.0409338
vt 0.9638022 0.0390002
vt 0.9711478 0.0389875
vt 0.9115186 0.0337662
vt 0.9227991 0.0337746
vt 0.9224949 0.0356852
vt 0.9117603 0.0356860
vt 0.9145172 0.0437919
vt 0.9112308 0.0433344
vt 0.9113113 0.0414011
vt 0.9148856 0.0418922
vt 0.9491940 0.0440747
vt 0.9491479 0.0421402
vt 0.9556189 0.0422541
vt 0.9555128 0.0441861
vt 0.9491940 0.0440747
vt 0.7613156 0.0301157
vt 0.7613235 0.0281807
vt 0.7703779 0.0286379
vt 0.9586602 0.0267432
vt 0.9589097 0.0286620
vt 0.9505697 0.0317165
vt 0.9494199 0.0301592
vt 0.9399929 0.0307623
vt 0.9492074 0.0320827
vt 0.9403790 0.0326582
vt 0.8355224 0.0268677
vt 0.8400297 0.0255467
vt 0.8402443 0.0274100
vt 0.8361461 0.0287493
vt 0.9398074 0.0326884
vt 0.9314467 0.0326994
vt 0.9312507 0.0307749
vt 0.7599227 0.0243149
vt 0.7572281 0.0252540
vt 0.7564664 0.0234753
vt 0.7593694 0.0224610
vt 0.9471881 0.0441849
vt 0.9390178 0.0440591
vt 0.9390024 0.0421243
vt 0.9473679 0.0422584
vt 0.8311604 0.0280657
vt 0.8361461 0.0287493
vt 0.8317891 0.0298579
vt 0.7537487 0.0308253
vt 0.7540171 0.0289091
vt 0.7566226 0.0292985
vt 0.7563241 0.0312101
vt 0.9758395 0.0403766
vt 0.9711478 0.0389875
vt 0.9755282 0.0384669
vt 0.9310256 0.0326961
vt 0.9242043 0.0326568
vt 0.9239798 0.0307347
vt 0.9689531 0.0234230
vt 0.9756682 0.0234136
vt 0.9756098 0.0253477
vt 0.9690247 0.0253566
vt 0.9689531 0.0234230
vt 0.9609305 0.0366315
vt 0.9614071 0.0385069
vt 0.9560248 0.0400643
vt 0.9556086 0.0381750
vt 0.7833581 0.0336384
vt 0.7699678 0.0324839
vt 0.9607432 0.0299982
vt 0.9597883 0.0283154
vt 0.9661789 0.0244160
vt 0.9155418 0.0377871
vt 0.9387586 0.0379689
vt 0.9389318 0.0398944
vt 0.9152371 0.0396950
vt 0.8213770 0.0339765
vt 0.8217995 0.0319459
vt 0.8272902 0.0311838
vt 0.8265648 0.0326353
vt 0.7837741 0.0336255
vt 0.8009679 0.0336748
vt 0.9706798 0.0427726
vt 0.9641960 0.0428411
vt 0.9638703 0.0409338
vt 0.9116974 0.0315415
vt 0.9117641 0.0296080
vt 0.9224982 0.0296213
vt 0.9116974 0.0315415
vt 0.9152371 0.0396950
vt 0.9113971 0.0391733
vt 0.9120022 0.0373375
vt 0.9152929 0.0377623
vt 0.9560248 0.0400643
vt 0.9487389 0.0399534
vt 0.9492887 0.0380980
vt 0.9556086 0.0381750
vt 0.9560248 0.0400643
vt 0.7706416 0.0264216
vt 0.7611654 0.0259569
vt 0.7616155 0.0240753
vt 0.7705352 0.0244897
vt 0.9513104 0.0335042
vt 0.9505697 0.0317165
vt 0.9589097 0.0286620
vt 0.9594893 0.0305079
vt 0.9403790 0.0326582
vt 0.9492074 0.0320827
vt 0.9493780 0.0340104
vt 0.9404548 0.0345913
vt 0.8361461 0.0287493
vt 0.8402443 0.0274100
vt 0.8414416 0.0288798
vt 0.9398835 0.0346218
vt 0.9314467 0.0326994
vt 0.9398074 0.0326884
vt 0.7608745 0.0259987
vt 0.7573400 0.0271861
vt 0.7572281 0.0252540
vt 0.7599227 0.0243149
vt 0.9389318 0.0398944
vt 0.9391588 0.0379735
vt 0.9473274 0.0381863
vt 0.9477698 0.0400686
vt 0.8317891 0.0298579
vt 0.8361461 0.0287493
vt 0.7546566 0.0248510
vt 0.7573400 0.0271861
vt 0.9758395 0.0403766
vt 0.9757392 0.0423087
vt 0.9719121 0.0427337
vt 0.9712381 0.0409201
vt 0.9241095 0.0345895
vt 0.9242043 0.0326568
vt 0.9310256 0.0326961
vt 0.9687626 0.0272737
vt 0.9690247 0.0253566
vt 0.9756098 0.0253477
vt 0.9760417 0.0272338
vt 0.8276640 0.0327688
vt 0.8272902 0.0311838
vt 0.8317891 0.0298579
vt 0.7837794 0.0347425
vt 0.7837741 0.0336255
vt 0.8009679 0.0336748
vt 0.8009989 0.0347911
vt 0.7836711 0.0297808
vt 0.7838161 0.0286729
vt 0.8010354 0.0287932
vt 0.8217995 0.0319459
vt 0.8203127 0.0333652
vt 0.8011506 0.0336772
vt 0.9397087 0.0193837
vt 0.9401007 0.0204294
vt 0.9325850 0.0225917
vt 0.9325149 0.0214768
vt 0.9401007 0.0204294
vt 0.9404335 0.0214956
vt 0.9328372 0.0236803
vt 0.9406769 0.0225857
vt 0.9333189 0.0246885
vt 0.9408975 0.0236807
vt 0.9338539 0.0256694
vt 0.9397087 0.0193837
vt 0.9579306 0.0120158
vt 0.9583988 0.0130300
vt 0.9409018 0.0225146
vt 0.9593232 0.0150636
vt 0.9596922 0.0161179
vt 0.9413509 0.0235377
vt 0.9404857 0.0214782
vt 0.9588854 0.0140356
vt 0.9401007 0.0204294
vt 0.9583988 0.0130300
vt 0.9213331 0.0210676
vt 0.9202549 0.0213611
vt 0.9152877 0.0127162
vt 0.9162323 0.0121195
vt 0.9223521 0.0206093
vt 0.9171929 0.0115497
vt 0.9181786 0.0110247
vt 0.9232266 0.0199139
vt 0.9171929 0.0115497
vt 0.9191730 0.0105159
vt 0.9240267 0.0191345
vt 0.9232266 0.0199139
vt 0.9191730 0.0105159
vt 0.9255080 0.0250270
vt 0.9216657 0.0227997
vt 0.9219427 0.0217173
vt 0.9262865 0.0242254
vt 0.9268875 0.0232837
vt 0.9224617 0.0207281
vt 0.9232266 0.0199139
vt 0.9272416 0.0222241
vt 0.9275463 0.0211491
vt 0.9322701 0.0247973
vt 0.9320428 0.0258910
vt 0.9273319 0.0255536
vt 0.9271812 0.0244467
vt 0.9325027 0.0237051
vt 0.9270983 0.0233323
vt 0.9325149 0.0214768
vt 0.9414623 0.0255314
vt 0.9342549 0.0275622
vt 0.9338539 0.0256694
vt 0.9408975 0.0236807
vt 0.9414623 0.0255314
vt 0.9255080 0.0250270
vt 0.9243927 0.0266077
vt 0.9208846 0.0245697
vt 0.9216657 0.0227997
vt 0.9152877 0.0127162
vt 0.9202549 0.0213611
vt 0.9185455 0.0222673
vt 0.9136162 0.0136904
vt 0.9320660 0.0278255
vt 0.9271002 0.0274746
vt 0.9421124 0.0253163
vt 0.9413509 0.0235377
vt 0.9596922 0.0161179
vt 0.9603302 0.0179446
vt 0.9421124 0.0253163
vt 0.8613732 0.0180057
vt 0.8618195 0.0169813
vt 0.8669071 0.0186859
vt 0.8666296 0.0197678
vt 0.8618195 0.0169813
vt 0.8622055 0.0159330
vt 0.8672361 0.0176182
vt 0.7870322 0.0061502
vt 0.7866570 0.0072026
vt 0.7847730 0.0067958
vt 0.7848784 0.0056838
vt 0.7870322 0.0061502
vt 0.7865307 0.0083126
vt 0.7844431 0.0078625
vt 0.7847730 0.0067958
vt 0.7866570 0.0072026
vt 0.8119783 0.0131485
vt 0.8082798 0.0128544
vt 0.8084872 0.0117567
vt 0.8119359 0.0120322
vt 0.7308733 0.0094964
vt 0.7308681 0.0083792
vt 0.7409241 0.0082663
vt 0.7409523 0.0093830
vt 0.8119783 0.0131485
vt 0.8117676 0.0142457
vt 0.8083122 0.0139709
vt 0.8082798 0.0128544
vt 0.7421825 0.0093148
vt 0.7423141 0.0082055
vt 0.7578011 0.0086562
vt 0.7580214 0.0097513
vt 0.7308834 0.0106134
vt 0.7308733 0.0094964
vt 0.7409523 0.0093830
vt 0.7409704 0.0104998
vt 0.7421167 0.0104302
vt 0.7421825 0.0093148
vt 0.7580214 0.0097513
vt 0.7580774 0.0108671
vt 0.7421167 0.0104302
vt 0.7586420 0.0095848
vt 0.7590182 0.0085329
vt 0.7629879 0.0088156
vt 0.7632625 0.0098982
vt 0.8540523 0.0150051
vt 0.8602219 0.0154851
vt 0.8601935 0.0166019
vt 0.8538947 0.0161111
vt 0.8423493 0.0102916
vt 0.8424072 0.0114070
vt 0.8265526 0.0105297
vt 0.8264592 0.0094170
vt 0.7584662 0.0106882
vt 0.7586420 0.0095848
vt 0.7632625 0.0098982
vt 0.7632935 0.0110150
vt 0.8538947 0.0161111
vt 0.8602810 0.0177155
vt 0.8535986 0.0171885
vt 0.8424072 0.0114070
vt 0.8427136 0.0124813
vt 0.8264434 0.0116414
vt 0.8424072 0.0114070
vt 0.8075860 0.0127032
vt 0.7983658 0.0108029
vt 0.7985332 0.0096986
vt 0.8077037 0.0115924
vt 0.8072145 0.0137568
vt 0.7981427 0.0118975
vt 0.8075860 0.0127032
vt 0.8447654 0.0121548
vt 0.8454783 0.0112945
vt 0.8529427 0.0165207
vt 0.8523834 0.0174875
vt 0.8128884 0.0131487
vt 0.8127186 0.0120446
vt 0.8249156 0.0095431
vt 0.8249581 0.0106594
vt 0.8439202 0.0128853
vt 0.8447654 0.0121548
vt 0.8523834 0.0174875
vt 0.8519967 0.0185356
vt 0.8439202 0.0128853
vt 0.8128884 0.0131487
vt 0.8252137 0.0117466
vt 0.8132288 0.0142128
vt 0.8128884 0.0131487
vt 0.7636054 0.0097907
vt 0.7638724 0.0087062
vt 0.7707345 0.0081010
vt 0.7709696 0.0091930
vt 0.7636054 0.0097907
vt 0.7635758 0.0109075
vt 0.7711372 0.0102976
vt 0.7719390 0.0088015
vt 0.7770678 0.0066865
vt 0.7773571 0.0077656
vt 0.7725656 0.0097263
vt 0.7777765 0.0088009
vt 0.7729933 0.0107580
vt 0.7783786 0.0063292
vt 0.7826444 0.0056831
vt 0.7826320 0.0068001
vt 0.7786604 0.0074102
vt 0.7783786 0.0063292
vt 0.7787597 0.0085263
vt 0.7826320 0.0068001
vt 0.7829237 0.0078749
vt 0.7966819 0.0131609
vt 0.7885654 0.0079934
vt 0.7890209 0.0069734
vt 0.7972882 0.0122225
vt 0.7960417 0.0140771
vt 0.7878864 0.0088803
vt 0.7885654 0.0079934
vt 0.7588470 0.0125851
vt 0.7584662 0.0106882
vt 0.7632935 0.0110150
vt 0.7625816 0.0128142
vt 0.8535986 0.0171885
vt 0.8602810 0.0177155
vt 0.8601856 0.0196479
vt 0.8533778 0.0191109
vt 0.8427136 0.0124813
vt 0.8427362 0.0144158
vt 0.8259852 0.0135211
vt 0.8264434 0.0116414
vt 0.7836065 0.0115747
vt 0.7836912 0.0096435
vt 0.7865179 0.0102481
vt 0.7857730 0.0120344
vt 0.8652985 0.0233979
vt 0.8602686 0.0217093
vt 0.8607280 0.0198300
vt 0.8660398 0.0216106
vt 0.8259852 0.0135211
vt 0.8427362 0.0144158
vt 0.8420322 0.0162182
vt 0.8261352 0.0154502
vt 0.8666296 0.0197678
vt 0.8660398 0.0216106
vt 0.8613732 0.0180057
vt 0.7939951 0.0173618
vt 0.7857730 0.0120344
vt 0.7949755 0.0156928
vt 0.7711966 0.0141624
vt 0.7643239 0.0146330
vt 0.7643082 0.0126985
vt 0.7710760 0.0122314
vt 0.7976396 0.0137658
vt 0.8064697 0.0155423
vt 0.8065126 0.0174769
vt 0.7973235 0.0156748
vt 0.7793505 0.0123119
vt 0.7742019 0.0143743
vt 0.7732861 0.0126701
vt 0.7787592 0.0104677
vt 0.7844431 0.0078625
vt 0.7865307 0.0083126
vt 0.8080161 0.0177625
vt 0.8085210 0.0158945
vt 0.8112338 0.0161056
vt 0.8114655 0.0180265
vt 0.7793505 0.0123119
vt 0.7836065 0.0115747
vt 0.7949755 0.0156928
vt 0.7878864 0.0088803
vt 0.7309372 0.0144829
vt 0.7309175 0.0125481
vt 0.7409666 0.0124348
vt 0.7409933 0.0143693
vt 0.7421534 0.0142947
vt 0.7422321 0.0123616
vt 0.7576125 0.0127453
vt 0.7576420 0.0146798
vt 0.7711372 0.0102976
vt 0.7635758 0.0109075
vt 0.8420322 0.0162182
vt 0.8427362 0.0144158
vt 0.8509641 0.0201718
vt 0.8495014 0.0214383
vt 0.8420322 0.0162182
vt 0.8139436 0.0179798
vt 0.8138430 0.0160477
vt 0.8259852 0.0135211
vt 0.8261352 0.0154502
vt 0.8139436 0.0179798
vt 0.8072145 0.0137568
vt 0.8064697 0.0155423
vt 0.7976396 0.0137658
vt 0.7586284 0.0145077
vt 0.7626007 0.0147489
vt 0.7729933 0.0107580
vt 0.8533778 0.0191109
vt 0.8601856 0.0196479
vt 0.8597448 0.0215320
vt 0.8535767 0.0210354
vt 0.8083122 0.0139709
vt 0.8117676 0.0142457
vt 0.8112338 0.0161056
vt 0.8085210 0.0158945
vt 0.8083122 0.0139709
vt 0.7829237 0.0078749
vt 0.7308834 0.0106134
vt 0.7409704 0.0104998
vt 0.7309175 0.0125481
vt 0.7421167 0.0104302
vt 0.7580774 0.0108671
vt 0.7422321 0.0123616
vt 0.8439202 0.0128853
vt 0.8519967 0.0185356
vt 0.8132288 0.0142128
vt 0.8252137 0.0117466
vt 0.8259852 0.0135211
vt 0.8138430 0.0160477
vt 0.8132288 0.0142128
vt 0.0527873 0.7742504
vt 0.0580276 0.7736350
vt 0.0578178 0.7773005
vt 0.0534913 0.7770998
vt 0.0458886 0.7838422
vt 0.0443759 0.7816743
vt 0.0492041 0.7794108
vt 0.0498920 0.7823025
vt 0.0700784 0.7821618
vt 0.0718437 0.7796718
vt 0.0758052 0.7828665
vt 0.0738503 0.7844601
vt 0.0700784 0.7821618
vt 0.0632172 0.7743955
vt 0.0620882 0.7781718
vt 0.0580276 0.7736350
vt 0.0661782 0.7798542
vt 0.0678888 0.7766469
vt 0.0620882 0.7781718
vt 0.0628885 0.8094232
vt 0.0577913 0.8100922
vt 0.0577173 0.8069669
vt 0.0619165 0.8060913
vt 0.0659688 0.8044593
vt 0.0674481 0.8072077
vt 0.0659688 0.8044593
vt 0.0698358 0.8021692
vt 0.0712237 0.8041730
vt 0.0577913 0.8100922
vt 0.0527325 0.8091701
vt 0.0534294 0.8068961
vt 0.0698358 0.8021692
vt 0.0736546 0.7999654
vt 0.0751344 0.8012004
vt 0.0712237 0.8041730
vt 0.0534294 0.8068961
vt 0.0482433 0.8066622
vt 0.0495301 0.8051097
vt 0.0682406 0.7870711
vt 0.0724275 0.7880324
vt 0.0722768 0.7926942
vt 0.0680418 0.7926024
vt 0.0640575 0.7861862
vt 0.0638518 0.7923797
vt 0.0596963 0.7922648
vt 0.0597961 0.7854615
vt 0.0638518 0.7923797
vt 0.0511759 0.7871548
vt 0.0512925 0.7924796
vt 0.0470334 0.7925979
vt 0.0469248 0.7878093
vt 0.0553799 0.7860709
vt 0.0555222 0.7924759
vt 0.0512925 0.7924796
vt 0.0553799 0.7860709
vt 0.0597961 0.7854615
vt 0.0599420 0.7996650
vt 0.0641809 0.7989413
vt 0.0659688 0.8044593
vt 0.0641809 0.7989413
vt 0.0683645 0.7980226
vt 0.0698358 0.8021692
vt 0.0725502 0.7970462
vt 0.0736546 0.7999654
vt 0.0683645 0.7980226
vt 0.0458886 0.7838422
vt 0.0469248 0.7878093
vt 0.0534913 0.7770998
vt 0.0578178 0.7773005
vt 0.0558898 0.7838242
vt 0.0521087 0.7818657
vt 0.0578178 0.7773005
vt 0.0620882 0.7781718
vt 0.0597961 0.7854615
vt 0.0700784 0.7821618
vt 0.0738503 0.7844601
vt 0.0724275 0.7880324
vt 0.0682406 0.7870711
vt 0.0513443 0.7984954
vt 0.0502248 0.8025910
vt 0.0462664 0.8011090
vt 0.0470445 0.7979041
vt 0.0513443 0.7984954
vt 0.0556217 0.7992127
vt 0.0538610 0.8047525
vt 0.0513443 0.7984954
vt 0.0599420 0.7996650
vt 0.0619165 0.8060913
vt 0.0577052 0.8069029
vt 0.0559676 0.8012768
vt 0.0725502 0.7970462
vt 0.0683645 0.7980226
vt 0.0680418 0.7926024
vt 0.0722768 0.7926942
vt 0.0725502 0.7970462
vt 0.0555222 0.7924759
vt 0.0596963 0.7922648
vt 0.0641809 0.7989413
vt 0.0680418 0.7926024
vt 0.0513254 0.7932103
vt 0.0513443 0.7984954
vt 0.0470445 0.7979041
vt 0.0470854 0.7934626
vt 0.1419884 0.8513399
vt 0.1430753 0.8458488
vt 0.1471572 0.8471547
vt 0.1466389 0.8519709
vt 0.1419884 0.8513399
vt 0.1372959 0.8511112
vt 0.1396256 0.8432877
vt 0.1325407 0.8504289
vt 0.1358761 0.8415776
vt 0.1320406 0.8400841
vt 0.1282206 0.8482902
vt 0.1277432 0.8397924
vt 0.1320406 0.8400841
vt 0.1245127 0.8454052
vt 0.1255859 0.8393055
vt 0.1277432 0.8397924
vt 0.1226573 0.8438553
vt 0.1255859 0.8393055
vt 0.1235839 0.8383622
vt 0.1226573 0.8438553
vt 0.1207860 0.8423182
vt 0.1235839 0.8383622
vt 0.1350226 0.8287830
vt 0.1307332 0.8287065
vt 0.1302931 0.8240564
vt 0.1344981 0.8232141
vt 0.1350226 0.8287830
vt 0.1435003 0.8297373
vt 0.1475442 0.8311652
vt 0.1470398 0.8355024
vt 0.1427687 0.8359021
vt 0.1435003 0.8297373
vt 0.1393118 0.8288165
vt 0.1350226 0.8287830
vt 0.1386497 0.8221301
vt 0.1342414 0.8346328
vt 0.1350226 0.8287830
vt 0.1384823 0.8357348
vt 0.1342414 0.8346328
vt 0.1470398 0.8355024
vt 0.1517106 0.8321841
vt 0.1513290 0.8354515
vt 0.1539245 0.8323523
vt 0.1535256 0.8357754
vt 0.1517106 0.8321841
vt 0.1539245 0.8323523
vt 0.1307476 0.8291361
vt 0.1302137 0.8331552
vt 0.1280718 0.8325702
vt 0.1285276 0.8291541
vt 0.1358761 0.8415776
vt 0.1320406 0.8400841
vt 0.1384823 0.8357348
vt 0.1358761 0.8415776
vt 0.1286094 0.8374910
vt 0.1299745 0.8340410
vt 0.1267512 0.8362911
vt 0.1278079 0.8335536
vt 0.1247710 0.8353027
vt 0.1256991 0.8328587
vt 0.1435003 0.8297373
vt 0.1427687 0.8359021
vt 0.1454739 0.8410017
vt 0.1490390 0.8433865
vt 0.1478275 0.8457034
vt 0.1438332 0.8441442
vt 0.1435764 0.8283708
vt 0.1386497 0.8221301
vt 0.1428834 0.8214769
vt 0.1396256 0.8432877
vt 0.1421985 0.8382114
vt 0.1435764 0.8283708
vt 0.1471733 0.8214684
vt 0.1477645 0.8274478
vt 0.1421985 0.8382114
vt 0.1358761 0.8415776
vt 0.1471733 0.8214684
vt 0.1514571 0.8216945
vt 0.1519584 0.8265480
vt 0.1263110 0.8290867
vt 0.1258595 0.8242283
vt 0.1280798 0.8242283
vt 0.1285159 0.8288243
vt 0.1307332 0.8287065
vt 0.1280798 0.8242283
vt 0.1302931 0.8240564
vt 0.1307332 0.8287065
vt 0.1428834 0.8214769
vt 0.1375393 0.8145052
vt 0.1427151 0.8143269
vt 0.1428834 0.8214769
vt 0.1470682 0.8206836
vt 0.1427151 0.8143269
vt 0.1477278 0.8155757
vt 0.1523380 0.8178929
vt 0.1512372 0.8215131
vt 0.1477278 0.8155757
vt 0.1386497 0.8221301
vt 0.1343770 0.8219346
vt 0.1325755 0.8159858
vt 0.1375393 0.8145052
vt 0.1253815 0.8191757
vt 0.1279197 0.8220279
vt 0.1259355 0.8230116
vt 0.1230499 0.8205022
vt 0.1278062 0.8180212
vt 0.1301045 0.8216412
vt 0.1253815 0.8191757
vt 0.1278062 0.8180212
vt 0.1325755 0.8159858
vt 0.0853635 0.7972759
vt 0.0878187 0.7977656
vt 0.0856757 0.8029332
vt 0.0839492 0.8020616
vt 0.0853635 0.7972759
vt 0.0902021 0.7982596
vt 0.0872470 0.8042369
vt 0.0856757 0.8029332
vt 0.0878187 0.7977656
vt 0.0945089 0.7991105
vt 0.0904331 0.8070127
vt 0.0872470 0.8042369
vt 0.0902021 0.7982596
vt 0.0941056 0.8092288
vt 0.0984424 0.8008269
vt 0.1015529 0.8037783
vt 0.0981684 0.8106215
vt 0.0904331 0.8070127
vt 0.1015529 0.8037783
vt 0.1044531 0.8069223
vt 0.1022785 0.8118027
vt 0.0798842 0.8013127
vt 0.0810393 0.7962857
vt 0.0853635 0.7972759
vt 0.1028071 0.7974154
vt 0.0987945 0.7989291
vt 0.0981592 0.7895876
vt 0.1023451 0.7905241
vt 0.0945089 0.7991105
vt 0.0938744 0.7897617
vt 0.0898492 0.7912000
vt 0.0902021 0.7982596
vt 0.0817855 0.7919898
vt 0.0858545 0.7926008
vt 0.1067817 0.7958345
vt 0.1023451 0.7905241
vt 0.1065645 0.7912948
vt 0.0902021 0.7982596
vt 0.0878187 0.7977656
vt 0.0878271 0.7919592
vt 0.0853635 0.7972759
vt 0.0858545 0.7926008
vt 0.0939429 0.7815130
vt 0.0975431 0.7875355
vt 0.0901753 0.7835609
vt 0.0867891 0.7861707
vt 0.0850643 0.7875437
vt 0.0833991 0.7889904
vt 0.1054473 0.7758303
vt 0.1076641 0.7796949
vt 0.1039285 0.7818036
vt 0.1018156 0.7781129
vt 0.0979145 0.7798952
vt 0.1007277 0.7846599
vt 0.0928690 0.7802395
vt 0.0867715 0.7725207
vt 0.0915353 0.7704848
vt 0.0951421 0.7766129
vt 0.0962371 0.7683051
vt 0.0981566 0.7735727
vt 0.1021930 0.7722050
vt 0.1006426 0.7656019
vt 0.0825766 0.7755545
vt 0.0833991 0.7889904
vt 0.0779931 0.7849128
vt 0.0787747 0.7823650
vt 0.0867891 0.7861707
vt 0.0797171 0.7798660
vt 0.0901753 0.7835609
vt 0.0328159 0.7979844
vt 0.0342902 0.8027520
vt 0.0325749 0.8036452
vt 0.0303671 0.7985049
vt 0.0310202 0.8049687
vt 0.0279901 0.7990289
vt 0.0278696 0.8077843
vt 0.0236942 0.7999342
vt 0.0242255 0.8100467
vt 0.0201808 0.8114911
vt 0.0167095 0.8046914
vt 0.0197824 0.8017007
vt 0.0160861 0.8127247
vt 0.0138496 0.8078722
vt 0.0201808 0.8114911
vt 0.0383455 0.8019522
vt 0.0342902 0.8027520
vt 0.0371273 0.7969401
vt 0.0383455 0.8019522
vt 0.0153752 0.7983429
vt 0.0157509 0.7914464
vt 0.0199247 0.7904575
vt 0.0194064 0.7998063
vt 0.0242110 0.7905778
vt 0.0282540 0.7919653
vt 0.0363273 0.7926537
vt 0.0371273 0.7969401
vt 0.0322663 0.7933156
vt 0.0363273 0.7926537
vt 0.0113811 0.7968118
vt 0.0115415 0.7922697
vt 0.0302856 0.7926989
vt 0.0303671 0.7985049
vt 0.0322663 0.7933156
vt 0.0240377 0.7823307
vt 0.0278312 0.7843305
vt 0.0205144 0.7883986
vt 0.0312502 0.7868976
vt 0.0329922 0.7882486
vt 0.0346756 0.7896741
vt 0.0124610 0.7767959
vt 0.0161217 0.7790318
vt 0.0140563 0.7827491
vt 0.0102940 0.7806885
vt 0.0200455 0.7807637
vt 0.0172935 0.7855641
vt 0.0250957 0.7810434
vt 0.0227768 0.7774457
vt 0.0263061 0.7712726
vt 0.0310951 0.7732483
vt 0.0197242 0.7744436
vt 0.0215772 0.7691523
vt 0.0156709 0.7731270
vt 0.0171380 0.7665049
vt 0.0353282 0.7762289
vt 0.0392160 0.7829908
vt 0.0400297 0.7855287
vt 0.0382420 0.7805040
vt 0.0961034 0.8515402
vt 0.0914526 0.8521699
vt 0.0909357 0.8473535
vt 0.0950179 0.8460488
vt 0.0961034 0.8515402
vt 0.0984684 0.8434888
vt 0.1007960 0.8513126
vt 0.1022183 0.8417791
vt 0.1055511 0.8506312
vt 0.1060544 0.8402860
vt 0.1098714 0.8484938
vt 0.1103525 0.8399963
vt 0.1135803 0.8456109
vt 0.1060544 0.8402860
vt 0.1103525 0.8399963
vt 0.1125103 0.8395107
vt 0.1154364 0.8440620
vt 0.1145129 0.8385687
vt 0.1173086 0.8425262
vt 0.1125103 0.8395107
vt 0.1145129 0.8385687
vt 0.1030727 0.8289845
vt 0.1035966 0.8234154
vt 0.1078016 0.8242569
vt 0.1073624 0.8289071
vt 0.0945946 0.8299390
vt 0.0953265 0.8361038
vt 0.0910555 0.8357044
vt 0.0905505 0.8313673
vt 0.0987836 0.8290184
vt 0.0994450 0.8223317
vt 0.1038538 0.8348345
vt 0.0996128 0.8359364
vt 0.0867663 0.8356541
vt 0.0863841 0.8323867
vt 0.0910555 0.8357044
vt 0.0841702 0.8325553
vt 0.0863841 0.8323867
vt 0.0845697 0.8359784
vt 0.0841702 0.8325553
vt 0.1073475 0.8293375
vt 0.1095676 0.8293556
vt 0.1100234 0.8327715
vt 0.1078815 0.8333566
vt 0.1073475 0.8293375
vt 0.1022183 0.8417791
vt 0.1060544 0.8402860
vt 0.1081203 0.8342425
vt 0.1094857 0.8376925
vt 0.1102868 0.8337548
vt 0.1113437 0.8364923
vt 0.1081203 0.8342425
vt 0.1102868 0.8337548
vt 0.1123957 0.8330598
vt 0.1133239 0.8355038
vt 0.0926202 0.8412029
vt 0.0942607 0.8443453
vt 0.0902664 0.8459044
vt 0.0890550 0.8435875
vt 0.0945194 0.8285739
vt 0.0952109 0.8216801
vt 0.0994450 0.8223317
vt 0.0958960 0.8384125
vt 0.0903311 0.8276521
vt 0.0909210 0.8216726
vt 0.1022183 0.8417791
vt 0.0861371 0.8267533
vt 0.0866374 0.8218997
vt 0.1117846 0.8292863
vt 0.1095798 0.8290243
vt 0.1100149 0.8244283
vt 0.1122353 0.8244278
vt 0.1117846 0.8292863
vt 0.1073624 0.8289071
vt 0.1078016 0.8242569
vt 0.1100149 0.8244283
vt 0.1095798 0.8290243
vt 0.0953750 0.8145301
vt 0.1005507 0.8147060
vt 0.0994450 0.8223317
vt 0.0910259 0.8208894
vt 0.0903630 0.8157818
vt 0.0868574 0.8217214
vt 0.0857543 0.8181019
vt 0.1055151 0.8161831
vt 0.1037180 0.8221332
vt 0.1127115 0.8193669
vt 0.1150444 0.8206912
vt 0.1121610 0.8232033
vt 0.1101759 0.8222214
vt 0.1102858 0.8182145
vt 0.1079906 0.8218365
vt 0.4710824 0.1476251
vt 0.4648731 0.1503711
vt 0.4579601 0.1356755
vt 0.4641709 0.1310590
vt 0.4710824 0.1476251
vt 0.4179587 0.1231708
vt 0.4214879 0.1177989
vt 0.4582624 0.1182678
vt 0.4600619 0.1236504
vt 0.3607599 0.1305669
vt 0.3571787 0.1358303
vt 0.3193071 0.1356788
vt 0.3172566 0.1302585
vt 0.3129699 0.1230411
vt 0.3190067 0.1182690
vt 0.3172047 0.1236516
vt 0.4600099 0.1302550
vt 0.4600619 0.1236504
vt 0.4642979 0.1230400
vt 0.4641709 0.1310590
vt 0.3172566 0.1302585
vt 0.3130962 0.1310610
vt 0.3129699 0.1230411
vt 0.3172566 0.1302585
vt 0.3123915 0.1503732
vt 0.3061826 0.1476262
vt 0.4215796 0.1358299
vt 0.4179431 0.1305669
vt 0.4600099 0.1302550
vt 0.4579601 0.1356755
vt 0.4215796 0.1358299
vt 0.4600099 0.1302550
vt 0.3056123 0.1066665
vt 0.3117566 0.1037769
vt 0.3190067 0.1182690
vt 0.3129699 0.1230411
vt 0.3056123 0.1066665
vt 0.3572745 0.1178098
vt 0.3607434 0.1231741
vt 0.3190067 0.1182690
vt 0.4582624 0.1182678
vt 0.4642979 0.1230400
vt 0.4600619 0.1236504
vt 0.4582624 0.1182678
vt 0.4655128 0.1037758
vt 0.4716568 0.1066659
vt 0.9165508 0.2851195
vt 0.9253120 0.2799423
vt 0.9168183 0.3046142
vt 0.9786221 0.2744561
vt 0.9343786 0.2744573
vt 0.9343786 0.2642844
vt 0.9786224 0.2642835
vt 0.9343783 0.2447882
vt 0.9786217 0.2447874
vt 0.9786224 0.2642835
vt 0.9787027 0.3045236
vt 0.9345238 0.3046239
vt 0.9343626 0.2846876
vt 0.9786384 0.2846286
vt 0.9787027 0.3045236
vt 0.9343786 0.2744573
vt 0.9253120 0.2799423
vt 0.9168183 0.3046142
vt 0.9345238 0.3046239
vt 0.9735942 0.6457649
vt 0.9510627 0.6637058
vt 0.9169976 0.6636114
vt 0.9172273 0.6448996
vt 0.9735942 0.6457649
vt 0.9729880 0.6856379
vt 0.9164911 0.6674778
vt 0.9505563 0.6675723
vt 0.9097340 0.6582690
vt 0.8988279 0.6430624
vt 0.9027273 0.6430623
vt 0.9136335 0.6582690
vt 0.9169976 0.6636114
vt 0.9505563 0.6675723
vt 0.9164911 0.6674778
vt 0.8711244 0.6612250
vt 0.8672249 0.6612251
vt 0.8672251 0.6578799
vt 0.8711244 0.6578801
vt 0.8033534 0.6637954
vt 0.8128511 0.6612209
vt 0.8684025 0.6649427
vt 0.9719803 0.6220869
vt 0.9156134 0.6229529
vt 0.9153834 0.6042411
vt 0.9494485 0.6041464
vt 0.8424531 0.6242359
vt 0.8988069 0.6056358
vt 0.8988271 0.6243491
vt 0.9097334 0.6091423
vt 0.9136329 0.6091423
vt 0.9027268 0.6243490
vt 0.9148767 0.6003745
vt 0.9489418 0.6002799
vt 0.9494485 0.6041464
vt 0.9148767 0.6003745
vt 0.8711209 0.6061915
vt 0.8711209 0.6095363
vt 0.8672217 0.6095365
vt 0.8672212 0.6061915
vt 0.8683982 0.6024739
vt 0.8128474 0.6062027
vt 0.8033493 0.6036298
vt 0.9591010 0.6431769
vt 0.9027273 0.6430623
vt 0.9027268 0.6243490
vt 0.9591002 0.6242297
vt 0.9027273 0.6430623
vt 0.8988279 0.6430624
vt 0.8424544 0.6431835
vt 0.8424531 0.6242359
vt 0.8988279 0.6430624
vt 0.8079002 0.6564571
vt 0.8038589 0.6584522
vt 0.8078975 0.6109673
vt 0.8033493 0.6036298
vt 0.8115777 0.6083655
vt 0.7947830 0.6610183
vt 0.7947830 0.6059996
vt 0.7972910 0.6059996
vt 0.7972910 0.6610183
vt 0.7947830 0.6610183
vt 0.7902759 0.6610184
vt 0.7902759 0.6059998
vt 0.7947830 0.6059996
vt 0.7902759 0.6610184
vt 0.7857689 0.6610186
vt 0.7857689 0.6059999
vt 0.7804018 0.6610186
vt 0.7804018 0.6059999
vt 0.8672251 0.6578799
vt 0.8672249 0.6612251
vt 0.8128511 0.6612209
vt 0.8128474 0.6062027
vt 0.8672212 0.6061915
vt 0.8672217 0.6095365
vt 0.9713734 0.5822142
vt 0.9489418 0.6002799
vt 0.9148767 0.6003745
vt 0.8424544 0.6431835
vt 0.8988279 0.6430624
vt 0.8988106 0.6617756
vt 0.8128474 0.6062027
vt 0.8424531 0.6242359
vt 0.8424544 0.6431835
vt 0.8128511 0.6612209
vt 0.8672251 0.6578799
vt 0.8672217 0.6095365
vt 0.8424531 0.6242359
vt 0.8078975 0.6109673
vt 0.8038558 0.6089730
vt 0.8128474 0.6062027
vt 0.8115777 0.6083655
vt 0.8079002 0.6564571
vt 0.8115809 0.6590582
vt 0.8128511 0.6612209
vt 0.8128474 0.6062027
vt 0.8672249 0.6612251
vt 0.8684025 0.6649427
vt 0.9780213 0.7356255
vt 0.9780219 0.7746212
vt 0.9727284 0.7693281
vt 0.9727279 0.7409192
vt 0.9780213 0.7356255
vt 0.9888679 0.7746204
vt 0.9727340 0.8081352
vt 0.9888674 0.7356259
vt 0.9780213 0.7356255
vt 0.9727312 0.7021120
vt 0.9674351 0.7746214
vt 0.9674345 0.7356261
vt 0.9727284 0.7693281
vt 0.9674351 0.7746214
vt 0.9780219 0.7746212
vt 0.9727296 0.7799153
vt 0.9707909 0.7726851
vt 0.9780213 0.7356255
vt 0.9707903 0.7375619
vt 0.9727286 0.7303317
vt 0.9888679 0.7746204
vt 0.9780219 0.7746212
vt 0.9780213 0.7356255
vt 0.9727340 0.8081352
vt 0.9727312 0.7021120
vt 0.9392153 0.7746220
vt 0.9392147 0.7356267
vt 0.9858036 0.3496174
vt 0.9855365 0.3691122
vt 0.9770421 0.3444408
vt 0.9237316 0.3389567
vt 0.9237312 0.3287839
vt 0.9679748 0.3287832
vt 0.9679751 0.3389560
vt 0.9237312 0.3287839
vt 0.9237309 0.3092878
vt 0.9679743 0.3092871
vt 0.9237312 0.3287839
vt 0.9236519 0.3690243
vt 0.9237159 0.3491293
vt 0.9679916 0.3491865
vt 0.9678314 0.3691229
vt 0.9236519 0.3690243
vt 0.9237316 0.3389567
vt 0.9679916 0.3491865
vt 0.9855365 0.3691122
vt 0.7452052 0.0253990
vt 0.7145024 0.0822446
vt 0.7145017 0.0455300
vt 0.5135036 0.0822489
vt 0.4827986 0.0254048
vt 0.5135029 0.0455343
vt 0.5135022 0.0088198
vt 0.7145010 0.0088155
vt 0.9281919 0.4988303
vt 0.9281908 0.4566920
vt 0.9790422 0.4566910
vt 0.9790432 0.4988291
vt 0.9152851 0.4988305
vt 0.9152840 0.4566924
vt 0.9281908 0.4566920
vt 0.9281908 0.4437854
vt 0.9790419 0.4437842
vt 0.9919490 0.4566907
vt 0.9919500 0.4988288
vt 0.9790432 0.4988291
vt 0.9790422 0.4566910
vt 0.9790436 0.5117357
vt 0.9281923 0.5117369
vt 0.9790432 0.4988291
vt 0.9776767 0.5368289
vt 0.9776772 0.5543713
vt 0.9462144 0.5649936
vt 0.9462135 0.5261957
vt 0.9264867 0.5650496
vt 0.9264858 0.5261407
vt 0.9817041 0.5368293
vt 0.9817044 0.5543709
vt 0.9776772 0.5543713
vt 0.9776767 0.5368289
vt 0.9462144 0.5649936
vt 0.9420092 0.5686997
vt 0.9265249 0.5687111
vt 0.9264858 0.5261407
vt 0.9265240 0.5224734
vt 0.9420084 0.5224841
vt 0.9792444 0.5580109
vt 0.9507747 0.5681745
vt 0.9507631 0.5229979
vt 0.9792445 0.5331941
vt 0.9776767 0.5368289
vt 0.8999523 0.1301184
vt 0.8918017 0.1302422
vt 0.8917998 0.0808559
vt 0.8999506 0.0809789
vt 0.8999523 0.1301184
vt 0.9167954 0.0809796
vt 0.9053229 0.0637508
vt 0.9222325 0.0771576
vt 0.9234437 0.1301182
vt 0.9167970 0.1301172
vt 0.9234418 0.0809787
vt 0.9065238 0.0809789
vt 0.9065255 0.1301184
vt 0.8999523 0.1301184
vt 0.9117507 0.0809777
vt 0.9117526 0.1301191
vt 0.9065255 0.1301184
vt 0.9368705 0.0809782
vt 0.9368719 0.1301177
vt 0.9053234 0.1473456
vt 0.9222339 0.1339398
vt 0.9232596 0.1473287
vt 0.9232591 0.0637687
vt 0.9073538 0.0781507
vt 0.9053129 0.0719026
vt 0.9117526 0.1301191
vt 0.9053234 0.1473456
vt 0.9073552 0.1329458
vt 0.9053138 0.1391941
vt 0.9117526 0.1301191
vt 0.0050748 0.2532590
vt 0.0106655 0.2537141
vt 0.0069707 0.2537141
vt 0.0050767 0.3916180
vt 0.0134844 0.4029021
vt 0.0101921 0.4045789
vt 0.0251513 0.2537149
vt 0.0288463 0.2537149
vt 0.0288482 0.3911638
vt 0.0251532 0.3911637
vt 0.0251513 0.2537149
vt 0.0251532 0.3911637
vt 0.0215092 0.3911637
vt 0.0215073 0.2537148
vt 0.0251532 0.3911637
vt 0.0050209 0.2537141
vt 0.0069726 0.3911631
vt 0.0050229 0.3911631
vt 0.0179103 0.3911635
vt 0.0143115 0.3911633
vt 0.0143095 0.2537144
vt 0.0179085 0.2537146
vt 0.0106655 0.2537141
vt 0.0143115 0.3911633
vt 0.0106674 0.3911631
vt 0.0179085 0.2537146
vt 0.0215073 0.2537148
vt 0.0179103 0.3911635
vt 0.0069707 0.2537141
vt 0.0887723 0.2541152
vt 0.0978274 0.2690875
vt 0.0966604 0.2696328
vt 0.0877823 0.2549281
vt 0.0887741 0.3907620
vt 0.0877842 0.3899492
vt 0.0966619 0.3752444
vt 0.0978289 0.3757895
vt 0.0979493 0.2696328
vt 0.0979508 0.3752444
vt 0.0966619 0.3752444
vt 0.0966604 0.2696328
vt 0.0979493 0.2696328
vt 0.0288482 0.3911638
vt 0.0288463 0.2537149
vt 0.0877823 0.2549281
vt 0.0287870 0.5594820
vt 0.0877229 0.5582674
vt 0.0877774 0.5595275
vt 0.0150624 0.5618765
vt 0.0250900 0.4220330
vt 0.0287850 0.4220331
vt 0.0250920 0.5594820
vt 0.0250900 0.4220330
vt 0.0214480 0.5594819
vt 0.0214460 0.4220330
vt 0.0250920 0.5594820
vt 0.0049595 0.4220328
vt 0.0069092 0.4220327
vt 0.0069113 0.5594816
vt 0.0049615 0.5594817
vt 0.0178491 0.5594818
vt 0.0142501 0.5594818
vt 0.0142481 0.4220329
vt 0.0178470 0.4220329
vt 0.0178491 0.5594818
vt 0.0106040 0.4220327
vt 0.0142481 0.4220329
vt 0.0106060 0.5594817
vt 0.0214460 0.4220330
vt 0.0214480 0.5594819
vt 0.0178491 0.5594818
vt 0.0178470 0.4220329
vt 0.0069113 0.5594816
vt 0.0069092 0.4220327
vt 0.0106060 0.5594817
vt 0.0886956 0.4224198
vt 0.0979861 0.4372472
vt 0.0969409 0.4379509
vt 0.0877210 0.4232462
vt 0.0886956 0.4224198
vt 0.0886977 0.5590938
vt 0.0969423 0.5435626
vt 0.0979876 0.5442663
vt 0.0877229 0.5582674
vt 0.0287870 0.5594820
vt 0.0287850 0.4220331
vt 0.0877210 0.4232462
vt 0.0877753 0.4219860
vt 0.0150604 0.4196391
vt 0.0966604 0.2696328
vt 0.0966619 0.3752444
vt 0.0877823 0.2549281
vt 0.0878367 0.2536680
vt 0.0151217 0.2513207
vt 0.0288482 0.3911638
vt 0.0878386 0.3912092
vt 0.0151236 0.3935584
vt 0.0288482 0.3911638
vt 0.0134209 0.4102934
vt 0.0153128 0.4134077
vt 0.0050133 0.4215775
vt 0.0155060 0.4170014
vt 0.0137030 0.4201159
vt 0.0101285 0.4086166
vt 0.0050767 0.3916180
vt 0.0153762 0.3997879
vt 0.0134844 0.4029021
vt 0.0155695 0.3961943
vt 0.0137664 0.3930799
vt 0.0069726 0.3911631
vt 0.0050152 0.5599365
vt 0.0134227 0.5712208
vt 0.0101303 0.5728976
vt 0.0153144 0.5681065
vt 0.0134227 0.5712208
vt 0.0155079 0.5645130
vt 0.0153144 0.5681065
vt 0.0050152 0.5599365
vt 0.0137050 0.5613984
vt 0.0155079 0.5645130
vt 0.0050152 0.5599365
vt 0.0106060 0.5594817
vt 0.0069113 0.5594816
vt 0.0050748 0.2532590
vt 0.0137645 0.2517973
vt 0.0106655 0.2537141
vt 0.0155676 0.2486827
vt 0.0137645 0.2517973
vt 0.0050748 0.2532590
vt 0.0153741 0.2450891
vt 0.0134823 0.2419747
vt 0.0101900 0.2402980
vt 0.9347513 0.8511319
vt 0.9347511 0.8415892
vt 0.9381921 0.8435757
vt 0.9381922 0.8491452
vt 0.9347505 0.8320466
vt 0.9381914 0.8340329
vt 0.9381917 0.8396022
vt 0.9347511 0.8415892
vt 0.9347501 0.8202857
vt 0.9381912 0.8244905
vt 0.9381914 0.8300597
vt 0.9347505 0.8320466
vt 0.9347517 0.8628926
vt 0.9381922 0.8531184
vt 0.9381925 0.8586876
vt 0.8698173 0.8511338
vt 0.8698177 0.8628945
vt 0.8666980 0.8588755
vt 0.8666978 0.8529353
vt 0.8698161 0.8202878
vt 0.8698165 0.8320486
vt 0.8666968 0.8302475
vt 0.8666967 0.8243074
vt 0.8698168 0.8415911
vt 0.8666971 0.8397901
vt 0.8666970 0.8338499
vt 0.8666976 0.8493328
vt 0.8666974 0.8433926
vt 0.9347511 0.8415892
vt 0.7826354 0.8750014
vt 0.7826350 0.8690612
vt 0.7911223 0.8690607
vt 0.7911226 0.8750009
vt 0.7826359 0.8809418
vt 0.7911231 0.8809413
vt 0.7826360 0.8928226
vt 0.7826360 0.8868820
vt 0.7911230 0.8868818
vt 0.7911233 0.8928222
vt 0.8570662 0.8697190
vt 0.8570667 0.8752885
vt 0.7949036 0.8752914
vt 0.7949031 0.8697222
vt 0.8570672 0.8808579
vt 0.7949043 0.8808611
vt 0.8570678 0.8864276
vt 0.8570685 0.8919975
vt 0.7949054 0.8920005
vt 0.7949048 0.8864308
vt 0.7826362 0.9031112
vt 0.7911233 0.8928222
vt 0.7911234 0.9031109
vt 0.7949060 0.9016470
vt 0.7949054 0.8920005
vt 0.8570691 0.9016438
vt 0.7786171 0.9062309
vt 0.7786162 0.8897032
vt 0.8612734 0.8885565
vt 0.8612742 0.9050844
vt 0.9348804 0.8997216
vt 0.9348801 0.8901789
vt 0.9383213 0.8921657
vt 0.9383211 0.8977349
vt 0.9348797 0.8806362
vt 0.9383207 0.8826227
vt 0.9383209 0.8881919
vt 0.9348797 0.8806362
vt 0.9348794 0.8688753
vt 0.9383202 0.8730803
vt 0.9383203 0.8786495
vt 0.9348797 0.8806362
vt 0.9348809 0.9114823
vt 0.9383214 0.9017081
vt 0.9383214 0.9072773
vt 0.9348809 0.9114823
vt 0.8699462 0.8997235
vt 0.8699467 0.9114842
vt 0.8668268 0.9074650
vt 0.8668268 0.9015248
vt 0.8699453 0.8688774
vt 0.8699457 0.8806381
vt 0.8668260 0.8788371
vt 0.8668259 0.8728969
vt 0.8699461 0.8901808
vt 0.8668261 0.8883796
vt 0.8668261 0.8824394
vt 0.8699462 0.8997235
vt 0.8668267 0.8979225
vt 0.8668265 0.8919823
vt 0.8699467 0.9114842
vt 0.8699462 0.8997235
vt 0.8576886 0.8320303
vt 0.8576894 0.8375998
vt 0.7955263 0.8376030
vt 0.7955257 0.8320335
vt 0.8576899 0.8431692
vt 0.7955270 0.8431724
vt 0.8576904 0.8487389
vt 0.8576912 0.8543086
vt 0.7955281 0.8543118
vt 0.7955273 0.8487421
vt 0.7826357 0.8376422
vt 0.7826356 0.8317020
vt 0.7911228 0.8317018
vt 0.7911230 0.8376420
vt 0.7826359 0.8435824
vt 0.7911229 0.8435822
vt 0.7826354 0.8554635
vt 0.7826355 0.8495228
vt 0.7911227 0.8495228
vt 0.7911226 0.8554633
vt 0.8618959 0.8508676
vt 0.8618969 0.8673955
vt 0.8576917 0.8639550
vt 0.7826359 0.8657522
vt 0.7911232 0.8657520
vt 0.7955286 0.8639580
vt 0.7786165 0.8688722
vt 0.7786157 0.8523443
vt 0.7967142 0.4870957
vt 0.7852991 0.4983743
vt 0.7831669 0.4962162
vt 0.7945821 0.4849378
vt 0.7853004 0.5816789
vt 0.7967159 0.5929570
vt 0.7945837 0.5951150
vt 0.7831683 0.5838370
vt 0.8823354 0.4849365
vt 0.8937507 0.4962145
vt 0.8916188 0.4983726
vt 0.8802032 0.4870945
vt 0.8802049 0.5929558
vt 0.8916201 0.5816773
vt 0.8937522 0.5838353
vt 0.8823370 0.5951137
vt 0.8946524 0.4983726
vt 0.8946537 0.5816773
vt 0.8916201 0.5816773
vt 0.7852991 0.4983743
vt 0.7822667 0.5816789
vt 0.7822655 0.4983744
vt 0.8802049 0.5959893
vt 0.7967162 0.5959905
vt 0.8802032 0.4840608
vt 0.8802032 0.4870945
vt 0.7967145 0.4840621
vt 0.8916188 0.4983726
vt 0.8916201 0.5816773
vt 0.8802032 0.4870945
vt 0.7852991 0.4983743
vt 0.9448799 0.2031356
vt 0.9448807 0.2336437
vt 0.9093491 0.2336444
vt 0.9093484 0.2031363
vt 0.9093363 0.2376586
vt 0.9448678 0.2376579
vt 0.9093358 0.1991222
vt 0.9448671 0.1991214
vt 0.9053349 0.2336445
vt 0.9053342 0.2031364
vt 0.9093491 0.2336444
vt 0.9488949 0.2336435
vt 0.9488942 0.2031355
vt 0.9080296 0.1584629
vt 0.9435611 0.1584620
vt 0.9435616 0.1889702
vt 0.9080301 0.1889710
vt 0.9080296 0.1584629
vt 0.9435745 0.1929845
vt 0.9080430 0.1929853
vt 0.9435616 0.1889702
vt 0.9435738 0.1544478
vt 0.9435611 0.1584620
vt 0.9080425 0.1544486
vt 0.9475761 0.1889701
vt 0.9475754 0.1584620
vt 0.9040158 0.1889710
vt 0.9040151 0.1584630
vt 0.8805836 0.3708091
vt 0.8827158 0.3686512
vt 0.8941313 0.3799291
vt 0.8919992 0.3820872
vt 0.8920004 0.4653918
vt 0.8941325 0.4675499
vt 0.8827174 0.4788283
vt 0.8805852 0.4766704
vt 0.7949625 0.3686523
vt 0.7970947 0.3708102
vt 0.7856796 0.3820888
vt 0.7835474 0.3799307
vt 0.7949625 0.3686523
vt 0.7970963 0.4766715
vt 0.7949642 0.4788294
vt 0.7835488 0.4675515
vt 0.7856809 0.4653934
vt 0.7826459 0.3820889
vt 0.7826473 0.4653934
vt 0.8919992 0.3820872
vt 0.8950329 0.3820872
vt 0.8950341 0.4653917
vt 0.8920004 0.4653918
vt 0.8805852 0.4797039
vt 0.7970964 0.4797052
vt 0.7970947 0.3677767
vt 0.8805834 0.3677754
vt 0.8805836 0.3708091
vt 0.7970963 0.4766715
vt 0.8920004 0.4653918
vt 0.8805852 0.4766704
vt 0.7970963 0.4766715
vt 0.7822828 0.9844713
vt 0.7788419 0.9824845
vt 0.7788419 0.9769152
vt 0.7822827 0.9749286
vt 0.7788417 0.9729417
vt 0.7788417 0.9673724
vt 0.7822823 0.9653860
vt 0.7788417 0.9633994
vt 0.7788413 0.9578301
vt 0.7822819 0.9536253
vt 0.7822823 0.9653860
vt 0.7822830 0.9962321
vt 0.7788420 0.9920272
vt 0.7788419 0.9864579
vt 0.8472168 0.9844694
vt 0.8503364 0.9862705
vt 0.8503366 0.9922106
vt 0.8472170 0.9962302
vt 0.8472168 0.9844694
vt 0.8472160 0.9536232
vt 0.8503359 0.9576426
vt 0.8503360 0.9635828
vt 0.8472163 0.9653841
vt 0.8503361 0.9671851
vt 0.8503364 0.9731252
vt 0.8472167 0.9749267
vt 0.8503365 0.9767280
vt 0.8503365 0.9826682
vt 0.8472168 0.9844694
vt 0.8472167 0.9749267
vt 0.7822827 0.9749286
vt 0.7822828 0.9844713
vt 0.8472170 0.9962302
vt 0.7822823 0.9653860
vt 0.8472167 0.9749267
vt 0.8472160 0.9536232
vt 0.8472163 0.9653841
vt 0.8608626 0.9868537
vt 0.8693498 0.9868535
vt 0.8693498 0.9927937
vt 0.8608626 0.9927939
vt 0.8608624 0.9809135
vt 0.8693497 0.9809131
vt 0.8608623 0.9690326
vt 0.8693495 0.9690323
vt 0.8693497 0.9749727
vt 0.8608624 0.9749730
vt 0.9343861 0.9914275
vt 0.8722232 0.9914292
vt 0.8722232 0.9858599
vt 0.9343861 0.9858581
vt 0.9343861 0.9914275
vt 0.8722232 0.9858599
vt 0.8722233 0.9802903
vt 0.9343864 0.9802886
vt 0.9343861 0.9858581
vt 0.9343868 0.9747189
vt 0.8722237 0.9747207
vt 0.8722239 0.9691510
vt 0.9343870 0.9691494
vt 0.8722233 0.9802903
vt 0.8722237 0.9747207
vt 0.9343864 0.9802886
vt 0.8608621 0.9587439
vt 0.8693493 0.9587436
vt 0.8693495 0.9690323
vt 0.8608623 0.9690326
vt 0.8608621 0.9587439
vt 0.8722237 0.9595046
vt 0.9343868 0.9595028
vt 0.9343870 0.9691494
vt 0.8722239 0.9691510
vt 0.8568423 0.9556244
vt 0.8608621 0.9587439
vt 0.8608623 0.9690326
vt 0.8568428 0.9721523
vt 0.9385920 0.9725899
vt 0.9343868 0.9595028
vt 0.9385918 0.9560620
vt 0.9385920 0.9725899
vt 0.7821036 0.9371281
vt 0.7786629 0.9351415
vt 0.7786626 0.9295723
vt 0.7821032 0.9275854
vt 0.7786623 0.9255984
vt 0.7786623 0.9200291
vt 0.7821030 0.9180426
vt 0.7786621 0.9160560
vt 0.7786621 0.9104866
vt 0.7821029 0.9062818
vt 0.7821040 0.9488890
vt 0.7786631 0.9446841
vt 0.7786630 0.9391149
vt 0.8470376 0.9371262
vt 0.8501573 0.9389275
vt 0.8501574 0.9448677
vt 0.8470380 0.9488872
vt 0.8470376 0.9371262
vt 0.8470369 0.9062801
vt 0.8501567 0.9102995
vt 0.8501567 0.9162397
vt 0.8470370 0.9180409
vt 0.8501567 0.9198419
vt 0.8501571 0.9257821
vt 0.8470374 0.9275835
vt 0.8501572 0.9293849
vt 0.8501573 0.9353250
vt 0.8470376 0.9371262
vt 0.8470374 0.9275835
vt 0.7821036 0.9371281
vt 0.7821032 0.9275854
vt 0.8470374 0.9275835
vt 0.9340183 0.9498613
vt 0.8718554 0.9498630
vt 0.8718553 0.9442936
vt 0.9340184 0.9442918
vt 0.9340183 0.9498613
vt 0.8718553 0.9442936
vt 0.8718555 0.9387240
vt 0.9340186 0.9387224
vt 0.9340184 0.9442918
vt 0.9340190 0.9331527
vt 0.8718559 0.9331543
vt 0.8718560 0.9275848
vt 0.9340191 0.9275830
vt 0.8718555 0.9387240
vt 0.8607618 0.9457226
vt 0.8692490 0.9457223
vt 0.8692493 0.9516625
vt 0.8607621 0.9516628
vt 0.8607613 0.9397821
vt 0.8692485 0.9397820
vt 0.8692490 0.9457223
vt 0.8607601 0.9279013
vt 0.8692473 0.9279010
vt 0.8692482 0.9338415
vt 0.8607609 0.9338417
vt 0.8692485 0.9397820
vt 0.9382241 0.9310235
vt 0.9340190 0.9179366
vt 0.9382240 0.9144956
vt 0.8607600 0.9176126
vt 0.8692472 0.9176124
vt 0.8692473 0.9279010
vt 0.8607601 0.9279013
vt 0.8607600 0.9176126
vt 0.8718559 0.9179384
vt 0.9340190 0.9179366
vt 0.8718560 0.9275848
vt 0.8567405 0.9144932
vt 0.8607600 0.9176126
vt 0.8567408 0.9310211
vt 0.9582101 0.0823207
vt 0.9582118 0.1314602
vt 0.9500610 0.1315840
vt 0.9500593 0.0821977
vt 0.9582101 0.0823207
vt 0.9750563 0.1314587
vt 0.9804934 0.1352807
vt 0.9635843 0.1486881
vt 0.9817008 0.0823198
vt 0.9817027 0.1314593
vt 0.9750546 0.0823211
vt 0.9817008 0.0823198
vt 0.9647847 0.1314600
vt 0.9582101 0.0823207
vt 0.9647831 0.0823205
vt 0.9647847 0.1314600
vt 0.9700097 0.0823196
vt 0.9700116 0.1314610
vt 0.9750546 0.0823211
vt 0.9817008 0.0823198
vt 0.9951295 0.0823198
vt 0.9951309 0.1314593
vt 0.9635805 0.0650933
vt 0.9815165 0.0651091
vt 0.9804913 0.0784982
vt 0.9804934 0.1352807
vt 0.9815203 0.1486693
vt 0.9635843 0.1486881
vt 0.9656144 0.1342879
vt 0.9635738 0.1405364
vt 0.9750546 0.0823211
vt 0.9700097 0.0823196
vt 0.9635805 0.0650933
vt 0.9656123 0.0794929
vt 0.9635710 0.0732449
vt 0.9700097 0.0823196
vt 0.9656123 0.0794929
vt 0.2157230 0.0264028
vt 0.2464272 0.0465324
vt 0.2464281 0.0832469
vt 0.4474270 0.0832427
vt 0.4474263 0.0465281
vt 0.4781298 0.0263971
vt 0.2464281 0.0832469
vt 0.2464265 0.0098178
vt 0.4474255 0.0098137
vt 0.4474263 0.0465281
vt 0.9711443 0.2172206
vt 0.9545854 0.2172213
vt 0.9545844 0.1764724
vt 0.9711432 0.1764723
vt 0.9703893 0.1552013
vt 0.9703913 0.2384917
vt 0.9924274 0.1764716
vt 0.9924286 0.2172202
vt 0.3878252 0.3034310
vt 0.4696394 0.3034310
vt 0.4696395 0.3231198
vt 0.3878254 0.3231198
vt 0.3878252 0.3034310
vt 0.3878193 0.1853008
vt 0.4696335 0.1853008
vt 0.4696335 0.2049893
vt 0.3878194 0.2049893
vt 0.4696336 0.2246776
vt 0.3878194 0.2246780
vt 0.3878194 0.2049893
vt 0.4696338 0.2443656
vt 0.3878196 0.2443669
vt 0.3878194 0.2246780
vt 0.4696338 0.2443656
vt 0.4696331 0.2640535
vt 0.3878211 0.2640557
vt 0.4696402 0.2837411
vt 0.3878241 0.2837433
vt 0.3878252 0.3034310
vt 0.8255419 0.0571291
vt 0.8385993 0.0528828
vt 0.8385993 0.0558579
vt 0.8272915 0.0595354
vt 0.8385993 0.0528828
vt 0.8516566 0.0571291
vt 0.8499070 0.0595354
vt 0.8597220 0.0682399
vt 0.8568923 0.0691587
vt 0.8516566 0.0571291
vt 0.8597220 0.0819691
vt 0.8568923 0.0810504
vt 0.8568923 0.0691587
vt 0.8516565 0.0930800
vt 0.8499069 0.0906737
vt 0.8568923 0.0810504
vt 0.8516565 0.0930800
vt 0.8385991 0.0973263
vt 0.8385991 0.0943512
vt 0.8255418 0.0930800
vt 0.8272914 0.0906737
vt 0.8385991 0.0973263
vt 0.8174764 0.0819691
vt 0.8203061 0.0810504
vt 0.8174764 0.0682399
vt 0.8203061 0.0691587
vt 0.8255419 0.0571291
vt 0.8272915 0.0595354
vt 0.5313818 0.2882682
vt 0.5373158 0.2964356
vt 0.5204673 0.3019100
vt 0.5204673 0.2918144
vt 0.5036189 0.2964356
vt 0.5095528 0.2882682
vt 0.5204673 0.2918144
vt 0.4932060 0.2821034
vt 0.5028074 0.2789838
vt 0.5095528 0.2882682
vt 0.4932060 0.2821034
vt 0.4932061 0.2643880
vt 0.5028074 0.2675077
vt 0.5036190 0.2500558
vt 0.5095529 0.2582233
vt 0.5204673 0.2445815
vt 0.5204673 0.2546769
vt 0.5373158 0.2500559
vt 0.5313818 0.2582233
vt 0.5477288 0.2643880
vt 0.5381274 0.2675077
vt 0.5477288 0.2821034
vt 0.5381274 0.2789838
vt 0.5373158 0.2964356
vt 0.8663062 0.0937217
vt 0.8709016 0.0809509
vt 0.8868746 0.0834477
vt 0.8802084 0.1019737
vt 0.8704232 0.0673875
vt 0.8649390 0.0549731
vt 0.8782243 0.0457607
vt 0.8861803 0.0637708
vt 0.8649390 0.0549731
vt 0.8552347 0.0454848
vt 0.8641464 0.0319960
vt 0.8426999 0.0402806
vt 0.8459626 0.0244464
vt 0.8709016 0.0809509
vt 0.8861803 0.0637708
vt 0.8868746 0.0834477
vt 0.8709016 0.0809509
vt 0.8104653 0.0937197
vt 0.8194633 0.1038805
vt 0.8096381 0.1166868
vt 0.7965610 0.1019683
vt 0.8573049 0.1038810
vt 0.8802084 0.1019737
vt 0.8671281 0.1166888
vt 0.5512601 0.2059924
vt 0.5512439 0.2196136
vt 0.4851887 0.2196136
vt 0.4852049 0.2059336
vt 0.5512434 0.1513602
vt 0.5512598 0.1649815
vt 0.4852046 0.1650404
vt 0.4851882 0.1513602
vt 0.5512593 0.1377388
vt 0.4852041 0.1376802
vt 0.4852130 0.1923026
vt 0.5512681 0.1923221
vt 0.4852119 0.1240492
vt 0.5512670 0.1240685
vt 0.5512668 0.1103983
vt 0.4852117 0.1104181
vt 0.5512587 0.0967281
vt 0.4852035 0.0967870
vt 0.5512680 0.1786518
vt 0.4852129 0.1786715
vt 0.5512425 0.0831070
vt 0.4851873 0.0831070
vt 0.7435822 0.0474032
vt 0.7772009 0.0474030
vt 0.7772011 0.0592948
vt 0.7435824 0.0592951
vt 0.7435839 0.1187544
vt 0.7772025 0.1187539
vt 0.7772029 0.1306458
vt 0.7435843 0.1306462
vt 0.7435822 0.0355114
vt 0.7772009 0.0355113
vt 0.7772009 0.0474030
vt 0.7435836 0.1068624
vt 0.7772022 0.1068622
vt 0.7772025 0.1187539
vt 0.7435836 0.1068624
vt 0.7435845 0.1425380
vt 0.7772031 0.1425378
vt 0.7772032 0.1544297
vt 0.7435845 0.1544297
vt 0.7435845 0.1425380
vt 0.7435833 0.0949704
vt 0.7772020 0.0949704
vt 0.7772022 0.1068622
vt 0.7435831 0.0830787
vt 0.7772018 0.0830784
vt 0.7772020 0.0949704
vt 0.7435831 0.0830787
vt 0.7435843 0.1306462
vt 0.7772029 0.1306458
vt 0.7772031 0.1425378
vt 0.7435845 0.1425380
vt 0.7435843 0.1306462
vt 0.7435828 0.0711870
vt 0.7772014 0.0711865
vt 0.7772018 0.0830784
vt 0.7435824 0.0592951
vt 0.7772011 0.0592948
vt 0.7772014 0.0711865
vt 0.6836614 0.0994025
vt 0.7019223 0.1018993
vt 0.6953719 0.1231671
vt 0.6842685 0.1216480
vt 0.6836614 0.0994025
vt 0.6292685 0.1605693
vt 0.6299782 0.1427115
vt 0.6518264 0.1480039
vt 0.6510317 0.1595472
vt 0.6372727 0.1257672
vt 0.6560823 0.1376589
vt 0.7184209 0.1101106
vt 0.7054064 0.1281621
vt 0.7314226 0.1231694
vt 0.7133155 0.1361065
vt 0.6495323 0.1119956
vt 0.6635279 0.1292971
vt 0.6560823 0.1376589
vt 0.7395620 0.1397011
vt 0.7182672 0.1461639
vt 0.7419944 0.1576221
vt 0.7197298 0.1576221
vt 0.6655611 0.1028885
vt 0.6732666 0.1237655
vt 0.6842685 0.1216480
vt 0.6885482 0.2695014
vt 0.6818058 0.2808218
vt 0.6664346 0.2749834
vt 0.6760465 0.2587808
vt 0.7468092 0.2696018
vt 0.7593644 0.2589438
vt 0.7688918 0.2751998
vt 0.7534898 0.2809564
vt 0.7468092 0.2696018
vt 0.7366843 0.2611762
vt 0.7448793 0.2468910
vt 0.7243027 0.2566892
vt 0.7271624 0.2404667
vt 0.7366843 0.2611762
vt 0.7243027 0.2566892
vt 0.6987192 0.2611222
vt 0.6885482 0.2695014
vt 0.6905850 0.2468023
vt 0.6987192 0.2611222
vt 0.7111276 0.2566770
vt 0.7083181 0.2404530
vt 0.7243027 0.2566892
vt 0.7111276 0.2566770
vt 0.6905850 0.2468023
vt 0.3395410 0.2213574
vt 0.3836142 0.2213799
vt 0.3836146 0.2350211
vt 0.3395414 0.2350444
vt 0.3395550 0.2076703
vt 0.3836281 0.2077389
vt 0.3836142 0.2213799
vt 0.3395845 0.2623608
vt 0.3836578 0.2623608
vt 0.3836293 0.2761165
vt 0.3395563 0.2759330
vt 0.3395832 0.1940406
vt 0.3836565 0.1940406
vt 0.3395548 0.1804684
vt 0.3836278 0.1802849
vt 0.3395560 0.2487313
vt 0.3836291 0.2486623
vt 0.3395414 0.2350444
vt 0.4848299 0.2806721
vt 0.4696402 0.2837411
vt 0.4696331 0.2640535
vt 0.4848239 0.2670963
vt 0.4848299 0.2806721
vt 0.4900903 0.2931827
vt 0.4772742 0.3018906
vt 0.4997839 0.3026818
vt 0.4913367 0.3156713
vt 0.5258983 0.2401952
vt 0.5123271 0.2399817
vt 0.5095104 0.2247453
vt 0.5291952 0.2250553
vt 0.5258983 0.2401952
vt 0.4997281 0.2450350
vt 0.4912390 0.2320728
vt 0.5095104 0.2247453
vt 0.5123271 0.2399817
vt 0.4900605 0.2545674
vt 0.4772219 0.2458926
vt 0.4912390 0.2320728
vt 0.4997281 0.2450350
vt 0.4848239 0.2670963
vt 0.4696331 0.2640535
vt 0.4772219 0.2458926
vt 0.4900605 0.2545674
vt 0.8451717 0.1098097
vt 0.8573049 0.1038810
vt 0.8671281 0.1166888
vt 0.8520838 0.1270518
vt 0.8194633 0.1038805
vt 0.8315947 0.1098099
vt 0.8246818 0.1270517
vt 0.8096381 0.1166868
vt 0.8315947 0.1098099
vt 0.8451717 0.1098097
vt 0.8520838 0.1270518
vt 0.3204487 0.1545243
vt 0.3204487 0.1919847
vt 0.2926768 0.1919839
vt 0.2926768 0.1545251
vt 0.3204487 0.1545243
vt 0.8012349 0.2404674
vt 0.7837108 0.2404674
vt 0.7837105 0.1668473
vt 0.8012347 0.1668473
vt 0.7648631 0.2404673
vt 0.7648628 0.1668471
vt 0.7837108 0.2404674
vt 0.7648631 0.2404673
vt 0.7460135 0.2404670
vt 0.7460166 0.1668469
vt 0.7271624 0.2404667
vt 0.7271716 0.1668431
vt 0.7460135 0.2404670
vt 0.7271624 0.2404667
vt 0.7083181 0.2404530
vt 0.7083246 0.1668365
vt 0.6894732 0.2404531
vt 0.6894752 0.1668332
vt 0.7083181 0.2404530
vt 0.6894732 0.2404531
vt 0.6706271 0.2404529
vt 0.6706268 0.1668329
vt 0.6517798 0.2404529
vt 0.6517795 0.1668328
vt 0.6342558 0.2404529
vt 0.6342555 0.1668328
vt 0.6794435 0.2937083
vt 0.6609861 0.2915859
vt 0.6664346 0.2749834
vt 0.6818058 0.2808218
vt 0.3394701 0.1668965
vt 0.3835418 0.1665295
vt 0.3836278 0.1802849
vt 0.3395548 0.1804684
vt 0.7534898 0.2809564
vt 0.7688918 0.2751998
vt 0.7742507 0.2918321
vt 0.7557823 0.2938553
vt 0.3395563 0.2759330
vt 0.3835434 0.2898719
vt 0.3394716 0.2895049
vt 0.5258983 0.2401952
vt 0.5291952 0.2250553
vt 0.5472277 0.2329586
vt 0.5383292 0.2456431
vt 0.5258983 0.2401952
vt 0.3878193 0.1656123
vt 0.4696335 0.1656122
vt 0.4696335 0.1853008
vt 0.3878193 0.1853008
vt 0.3878193 0.1656123
vt 0.4997839 0.3026818
vt 0.5123985 0.3076895
vt 0.5096363 0.3229359
vt 0.4913367 0.3156713
vt 0.3878254 0.3231198
vt 0.4696395 0.3231198
vt 0.4696396 0.3428085
vt 0.3878254 0.3428085
vt 0.2190567 0.1919840
vt 0.2926768 0.1919839
vt 0.2926770 0.2197558
vt 0.2190569 0.2197558
vt 0.2190567 0.1545252
vt 0.2190569 0.1267533
vt 0.2926770 0.1267533
vt 0.8865331 0.1910586
vt 0.8201784 0.1853930
vt 0.8865206 0.1795825
vt 0.8845752 0.2023665
vt 0.8201784 0.1853930
vt 0.8807050 0.2131703
vt 0.8845752 0.2023665
vt 0.8750374 0.2231492
vt 0.8807050 0.2131703
vt 0.8677408 0.2320069
vt 0.8750374 0.2231492
vt 0.8676391 0.1386755
vt 0.8589139 0.1312209
vt 0.8749549 0.1475172
vt 0.8676391 0.1386755
vt 0.8806443 0.1574837
vt 0.8749549 0.1475172
vt 0.8845381 0.1682790
vt 0.8806443 0.1574837
vt 0.8865206 0.1795825
vt 0.8201784 0.1853930
vt 0.8845381 0.1682790
vt 0.5576227 0.1250888
vt 0.6298327 0.1249675
vt 0.6299782 0.1427115
vt 0.5575302 0.1428045
vt 0.5575894 0.1073734
vt 0.6297994 0.1072235
vt 0.5571603 0.2846272
vt 0.5571707 0.2669120
vt 0.6293808 0.2669405
vt 0.6293704 0.2846843
vt 0.5571742 0.2491968
vt 0.6293843 0.2491968
vt 0.5571709 0.2314728
vt 0.6293810 0.2314624
vt 0.5571742 0.2491968
vt 0.5571709 0.2314728
vt 0.6292685 0.1605693
vt 0.5572957 0.1605361
vt 0.5571696 0.2137401
vt 0.6293797 0.2137372
vt 0.5571703 0.1960076
vt 0.6293804 0.1960120
vt 0.6293797 0.2137372
vt 0.5571728 0.1782756
vt 0.6293830 0.1782867
vt 0.6293804 0.1960120
vt 0.5571728 0.1782756
vt 0.5572957 0.1605361
vt 0.6292685 0.1605693
vt 0.3204487 0.1545243
vt 0.3251308 0.1601369
vt 0.3251308 0.1863721
vt 0.3204487 0.1919847
vt 0.2926770 0.2197558
vt 0.2926770 0.2270648
vt 0.2190571 0.2270648
vt 0.2190569 0.2197558
vt 0.2190569 0.1267533
vt 0.2190571 0.1194443
vt 0.2926770 0.1194444
vt 0.2926770 0.1267533
vt 0.2190567 0.1545252
vt 0.2190567 0.1919840
vt 0.1912845 0.1919848
vt 0.1912845 0.1545246
vt 0.1866022 0.1863723
vt 0.1866022 0.1601371
vt 0.1866022 0.1601371
vt 0.1866022 0.1863723
vt 0.1691603 0.1798388
vt 0.1691602 0.1666708
vt 0.9084535 0.2865458
vt 0.8668595 0.2865459
vt 0.8668596 0.2401323
vt 0.9084535 0.2401323
vt 0.9084536 0.3146803
vt 0.8668596 0.3146805
vt 0.9084537 0.3610939
vt 0.8668599 0.3610939
vt 0.8610001 0.3107211
vt 0.8610001 0.2904599
vt 0.8668595 0.2865459
vt 0.8610001 0.3107211
vt 0.7767268 0.3107212
vt 0.7767268 0.2904600
vt 0.7767268 0.2499056
vt 0.8610000 0.2499056
vt 0.8610000 0.3512756
vt 0.7767268 0.3512756
vt 0.8629001 0.3205395
vt 0.8668596 0.3146805
vt 0.8668599 0.3610939
vt 0.8628999 0.3610939
vt 0.8629001 0.3205395
vt 0.8629456 0.2806867
vt 0.8629453 0.2401324
vt 0.8668596 0.2401323
vt 0.8668595 0.2865459
vt 0.3878568 0.6005578
vt 0.3878593 0.7311019
vt 0.3682180 0.7156017
vt 0.3682849 0.6128044
vt 0.2351670 0.6107896
vt 0.2089547 0.5131917
vt 0.3682849 0.6128044
vt 0.2089601 0.8184698
vt 0.2089547 0.5131917
vt 0.2354353 0.7192388
vt 0.2089601 0.8184698
vn 0.7098287 0.7043744 -0.0000001
vn 0.7996768 0.4233487 0.4257850
vn 0.9856898 0.1667466 -0.0247216
vn 0.7259151 -0.6405020 0.2506080
vn 0.3477232 0.3437767 0.8722994
vn 0.3431716 -0.6205956 0.7050492
vn 0.3477232 0.3437767 0.8722994
vn 0.0000001 0.7819243 0.6233734
vn -0.3477376 0.3437752 0.8722942
vn 0.3477232 0.3437767 0.8722994
vn 0.4210526 -0.3282855 -0.8455432
vn 0.4577987 0.3551638 -0.8150331
vn 0.8910334 0.3668800 -0.2673173
vn 0.8953117 -0.3391251 -0.2888099
vn 0.4577987 0.3551638 -0.8150331
vn 0.7878630 -0.0042153 -0.6158361
vn 0.9989316 0.0049304 -0.0459498
vn 0.8953117 -0.3391251 -0.2888099
vn 0.6866035 -0.7258367 -0.0416741
vn 0.3612449 -0.8867406 -0.2884323
vn 0.4210526 -0.3282855 -0.8455432
vn 0.8953117 -0.3391251 -0.2888099
vn 0.9989316 0.0049304 -0.0459498
vn 0.6866035 -0.7258367 -0.0416741
vn 0.3612449 -0.8867406 -0.2884323
vn 0.7878630 -0.0042153 -0.6158361
vn 0.4577987 0.3551638 -0.8150331
vn 0.4210526 -0.3282855 -0.8455432
vn 0.4399439 -0.3168743 -0.8402619
vn 0.4446916 0.3618841 -0.8193225
vn 0.8873840 0.3744413 -0.2689670
vn 0.8952863 -0.3410558 -0.2866068
vn 0.4399439 -0.3168743 -0.8402619
vn 0.6406911 0.5876091 -0.4941968
vn 0.9856898 0.1667466 -0.0247216
vn 0.8873840 0.3744413 -0.2689670
vn 0.4446916 0.3618841 -0.8193225
vn 0.7878630 -0.0042153 -0.6158361
vn 0.4399439 -0.3168743 -0.8402619
vn 0.9856898 0.1667466 -0.0247216
vn 0.9989316 0.0049304 -0.0459498
vn 0.7878630 -0.0042153 -0.6158361
vn 0.6406911 0.5876091 -0.4941968
vn 0.4446916 0.3618841 -0.8193225
vn 0.4399439 -0.3168743 -0.8402619
vn 0.4258352 -0.3513928 -0.8337790
vn 0.4423092 0.3564497 -0.8229861
vn 0.8964892 0.3400196 -0.2840666
vn 0.8853323 -0.3581561 -0.2964978
vn 0.4258352 -0.3513928 -0.8337790
vn 0.4802573 -0.0098598 -0.8770722
vn 0.7878630 -0.0042153 -0.6158361
vn 0.8964892 0.3400196 -0.2840666
vn 0.4423092 0.3564497 -0.8229861
vn 0.3612449 -0.8867406 -0.2884323
vn 0.2727649 -0.8215508 -0.5006532
vn 0.4258352 -0.3513928 -0.8337790
vn 0.7878630 -0.0042153 -0.6158361
vn 0.3612449 -0.8867406 -0.2884323
vn 0.2727649 -0.8215508 -0.5006532
vn 0.4802573 -0.0098598 -0.8770722
vn 0.4423092 0.3564497 -0.8229861
vn 0.4205940 -0.3785376 -0.8245059
vn 0.4392605 0.3850191 -0.8116714
vn 0.8855203 0.3927261 -0.2482339
vn 0.8834731 -0.3743689 -0.2816438
vn 0.4205940 -0.3785376 -0.8245059
vn 0.4424007 0.4670812 -0.7655826
vn 0.6406911 0.5876091 -0.4941968
vn 0.8855203 0.3927261 -0.2482339
vn 0.7878630 -0.0042153 -0.6158361
vn 0.4802573 -0.0098598 -0.8770722
vn 0.4205940 -0.3785376 -0.8245059
vn 0.8834731 -0.3743689 -0.2816438
vn 0.6406911 0.5876091 -0.4941968
vn 0.7878630 -0.0042153 -0.6158361
vn 0.8855203 0.3927261 -0.2482339
vn 0.4205940 -0.3785376 -0.8245059
vn 0.4802573 -0.0098598 -0.8770722
vn 0.4424007 0.4670812 -0.7655826
vn -0.4383878 -0.3921430 -0.8087274
vn -0.4382784 0.3994590 -0.8051984
vn 0.4177571 0.3920907 -0.8195998
vn 0.4174130 -0.3868809 -0.8222466
vn -0.4383878 -0.3921430 -0.8087274
vn -0.6923236 -0.0031255 -0.7215804
vn 0.4802573 -0.0098598 -0.8770722
vn 0.4177571 0.3920907 -0.8195998
vn -0.4382784 0.3994590 -0.8051984
vn 0.2727649 -0.8215508 -0.5006532
vn -0.2188738 -0.9446349 -0.2444570
vn -0.4383878 -0.3921430 -0.8087274
vn 0.4802573 -0.0098598 -0.8770722
vn 0.2727649 -0.8215508 -0.5006532
vn -0.2188738 -0.9446349 -0.2444570
vn -0.6923236 -0.0031255 -0.7215804
vn -0.4382784 0.3994590 -0.8051984
vn -0.4375212 -0.4174472 -0.7964378
vn -0.4481282 0.3915747 -0.8036482
vn 0.4123835 0.3775430 -0.8290966
vn 0.4151476 -0.4132441 -0.8104824
vn -0.4375212 -0.4174472 -0.7964378
vn -0.5681104 0.4231880 -0.7058063
vn 0.4424007 0.4670812 -0.7655826
vn 0.4123835 0.3775430 -0.8290966
vn -0.4481282 0.3915747 -0.8036482
vn 0.4802573 -0.0098598 -0.8770722
vn -0.6923236 -0.0031255 -0.7215804
vn -0.4375212 -0.4174472 -0.7964378
vn 0.4802573 -0.0098598 -0.8770722
vn -0.6923236 -0.0031255 -0.7215804
vn -0.5681104 0.4231880 -0.7058063
vn -0.4481282 0.3915747 -0.8036482
vn 0.7259151 -0.6405020 0.2506080
vn 0.6866035 -0.7258367 -0.0416741
vn 0.9989316 0.0049304 -0.0459498
vn 0.7996768 0.4233487 0.4257850
vn 0.7259151 -0.6405020 0.2506080
vn 0.9856898 0.1667466 -0.0247216
vn 0.4424007 0.4670812 -0.7655826
vn 0.7098287 0.7043744 -0.0000001
vn 0.6406911 0.5876091 -0.4941968
vn 0.9856898 0.1667466 -0.0247216
vn -0.4304878 0.5343151 -0.7274528
vn -0.4062579 0.9137382 -0.0060786
vn 0.4225340 0.9063079 -0.0084211
vn 0.4096732 0.5505961 -0.7273320
vn -0.4304878 0.5343151 -0.7274528
vn -0.6399484 0.6991195 -0.3189012
vn 0.6537536 0.6855457 -0.3203644
vn 0.4225340 0.9063079 -0.0084211
vn 0.4424007 0.4670812 -0.7655826
vn -0.5681104 0.4231880 -0.7058063
vn -0.4304878 0.5343151 -0.7274528
vn 0.4096732 0.5505961 -0.7273320
vn 0.6537536 0.6855457 -0.3203644
vn 0.4424007 0.4670812 -0.7655826
vn 0.4225340 0.9063079 -0.0084211
vn -0.4304878 0.5343151 -0.7274528
vn -0.5681104 0.4231880 -0.7058063
vn -0.6399484 0.6991195 -0.3189012
vn -0.3819415 0.5861446 -0.7145315
vn -0.3935764 0.9191791 -0.0143995
vn 0.3982138 0.9172890 0.0025735
vn 0.4161957 0.5743814 -0.7048880
vn -0.3819415 0.5861446 -0.7145315
vn -0.5264711 0.8275480 0.1949164
vn 0.5405988 0.8174052 0.1990018
vn 0.3982138 0.9172890 0.0025735
vn -0.3935764 0.9191791 -0.0143995
vn 0.6537536 0.6855457 -0.3203644
vn -0.6399484 0.6991195 -0.3189012
vn -0.3819415 0.5861446 -0.7145315
vn 0.5405988 0.8174052 0.1990018
vn 0.6537536 0.6855457 -0.3203644
vn -0.6399484 0.6991195 -0.3189012
vn -0.5264711 0.8275480 0.1949164
vn -0.3935764 0.9191791 -0.0143995
vn -0.3819415 0.5861446 -0.7145315
vn 0.4424007 0.4670812 -0.7655826
vn 0.6537536 0.6855457 -0.3203644
vn 0.7098287 0.7043744 -0.0000001
vn 0.7996768 0.4233487 0.4257850
vn 0.2155204 0.9529640 0.2130977
vn 0.7446816 0.6131351 -0.2636563
vn 0.3830068 0.6008531 -0.7016276
vn 0.2084421 0.8382437 -0.5038843
vn 0.4851602 0.8609219 -0.1530788
vn 0.7446816 0.6131351 -0.2636563
vn 0.3670823 0.8496819 0.3785383
vn 0.2155204 0.9529640 0.2130977
vn 0.7446816 0.6131351 -0.2636563
vn 0.2084421 0.8382437 -0.5038843
vn 0.3830068 0.6008531 -0.7016276
vn -0.3830066 0.6008531 -0.7016277
vn -0.2084419 0.8382438 -0.5038842
vn 0.2084421 0.8382437 -0.5038843
vn 0.0000003 1.0000000 -0.0000001
vn 0.0000002 1.0000000 -0.0000004
vn 0.0000002 1.0000000 -0.0000003
vn 0.0000005 1.0000000 0.0000002
vn 0.0000005 1.0000000 0.0000001
vn 0.0000002 1.0000000 -0.0000002
vn 0.0000003 1.0000000 -0.0000001
vn 0.3912136 0.9098179 -0.1385038
vn 0.7098287 0.7043744 -0.0000001
vn 0.2832968 0.9533457 0.1042824
vn 0.2155204 0.9529640 0.2130977
vn 0.3912136 0.9098179 -0.1385038
vn 0.6537536 0.6855457 -0.3203644
vn 0.2832968 0.9533457 0.1042824
vn -0.6923236 -0.0031255 -0.7215804
vn 0.0000000 -0.0000000 -1.0000000
vn 0.0000000 -0.0000000 -1.0000000
vn -0.5681104 0.4231880 -0.7058063
vn 0.0000002 0.8828678 -0.4696216
vn -0.6399484 0.6991195 -0.3189012
vn 0.0000005 1.0000000 0.0000002
vn 0.0000002 1.0000000 -0.0000003
vn -0.4851599 0.8609220 -0.1530788
vn -0.3670821 0.8496820 0.3785383
vn 0.3670823 0.8496819 0.3785383
vn 0.4851602 0.8609219 -0.1530788
vn 0.2084421 0.8382437 -0.5038843
vn -0.3670821 0.8496820 0.3785383
vn 0.0000001 0.5541163 0.8324393
vn 0.2155204 0.9529640 0.2130977
vn 0.3612449 -0.8867406 -0.2884323
vn 0.6866035 -0.7258367 -0.0416741
vn -0.6865801 -0.7258623 -0.0416128
vn -0.3612462 -0.8867407 -0.2884305
vn 0.3431716 -0.6205956 0.7050492
vn -0.3431844 -0.6205928 0.7050454
vn -0.7259172 -0.6405047 0.2505952
vn 0.7259151 -0.6405020 0.2506080
vn 0.0000001 1.0000000 -0.0000002
vn 0.0000002 1.0000000 -0.0000002
vn 0.0000002 1.0000000 -0.0000004
vn 0.0000001 1.0000000 -0.0000002
vn 0.0000001 1.0000000 -0.0000002
vn -0.7098113 0.7043919 0.0000001
vn -0.9856893 0.1667594 -0.0246576
vn -0.7259172 -0.6405047 0.2505952
vn -0.3431844 -0.6205928 0.7050454
vn -0.3477376 0.3437752 0.8722942
vn 0.3477232 0.3437767 0.8722994
vn -0.3477376 0.3437752 0.8722942
vn -0.3431844 -0.6205928 0.7050454
vn 0.3431716 -0.6205956 0.7050492
vn -0.4210520 -0.3282859 -0.8455434
vn -0.8953377 -0.3391551 -0.2886941
vn -0.8910506 0.3669208 -0.2672039
vn -0.4578021 0.3551770 -0.8150255
vn -0.9989355 0.0049299 -0.0458644
vn -0.7878685 -0.0042225 -0.6158290
vn -0.3612462 -0.8867407 -0.2884305
vn -0.6865801 -0.7258623 -0.0416128
vn -0.6865801 -0.7258623 -0.0416128
vn -0.9989355 0.0049299 -0.0458644
vn -0.7878685 -0.0042225 -0.6158290
vn -0.3612462 -0.8867407 -0.2884305
vn -0.4399522 -0.3168805 -0.8402552
vn -0.8953111 -0.3410858 -0.2864934
vn -0.8873850 0.3745149 -0.2688613
vn -0.4447462 0.3618749 -0.8192969
vn -0.9856893 0.1667594 -0.0246576
vn -0.6407262 0.5875697 -0.4941982
vn -0.4399522 -0.3168805 -0.8402552
vn -0.9989355 0.0049299 -0.0458644
vn -0.9856893 0.1667594 -0.0246576
vn -0.6407262 0.5875697 -0.4941982
vn -0.7878685 -0.0042225 -0.6158290
vn -0.4258338 -0.3513932 -0.8337796
vn -0.8853321 -0.3581564 -0.2964979
vn -0.8964890 0.3400203 -0.2840661
vn -0.4423076 0.3564501 -0.8229868
vn -0.7878685 -0.0042225 -0.6158290
vn -0.4802593 -0.0098461 -0.8770713
vn -0.2727650 -0.8215513 -0.5006524
vn -0.3612462 -0.8867407 -0.2884305
vn -0.8853321 -0.3581564 -0.2964979
vn -0.4802593 -0.0098461 -0.8770713
vn -0.2727650 -0.8215513 -0.5006524
vn -0.4205786 -0.3785264 -0.8245189
vn -0.8834731 -0.3743690 -0.2816437
vn -0.8855274 0.3926846 -0.2482739
vn -0.4391602 0.3850625 -0.8117051
vn -0.6407262 0.5875697 -0.4941982
vn -0.4424195 0.4670940 -0.7655639
vn -0.8855274 0.3926846 -0.2482739
vn -0.6407262 0.5875697 -0.4941982
vn -0.4424195 0.4670940 -0.7655639
vn -0.4802593 -0.0098461 -0.8770713
vn 0.4383873 -0.3921424 -0.8087279
vn -0.4174139 -0.3868810 -0.8222461
vn -0.4177576 0.3920913 -0.8195993
vn 0.4382783 0.3994593 -0.8051984
vn 0.4383873 -0.3921424 -0.8087279
vn -0.4177576 0.3920913 -0.8195993
vn -0.4802593 -0.0098461 -0.8770713
vn 0.6923233 -0.0031256 -0.7215807
vn -0.4174139 -0.3868810 -0.8222461
vn 0.4383873 -0.3921424 -0.8087279
vn 0.2188733 -0.9446348 -0.2444578
vn -0.2727650 -0.8215513 -0.5006524
vn -0.2727650 -0.8215513 -0.5006524
vn 0.6923233 -0.0031256 -0.7215807
vn 0.2188733 -0.9446348 -0.2444578
vn 0.4375209 -0.4174473 -0.7964378
vn -0.4151486 -0.4132442 -0.8104819
vn -0.4124718 0.3775971 -0.8290280
vn 0.4481212 0.3915863 -0.8036464
vn 0.4375209 -0.4174473 -0.7964378
vn -0.4124718 0.3775971 -0.8290280
vn -0.4424195 0.4670940 -0.7655639
vn 0.5680966 0.4231896 -0.7058164
vn -0.4151486 -0.4132442 -0.8104819
vn 0.4375209 -0.4174473 -0.7964378
vn -0.4802593 -0.0098461 -0.8770713
vn -0.4151486 -0.4132442 -0.8104819
vn -0.4124718 0.3775971 -0.8290280
vn -0.4424195 0.4670940 -0.7655639
vn 0.5680966 0.4231896 -0.7058164
vn 0.6923233 -0.0031256 -0.7215807
vn 0.4375209 -0.4174473 -0.7964378
vn -0.7259172 -0.6405047 0.2505952
vn -0.9989355 0.0049299 -0.0458644
vn -0.6865801 -0.7258623 -0.0416128
vn 0.0000002 1.0000000 -0.0000002
vn -0.4424195 0.4670940 -0.7655639
vn -0.6407262 0.5875697 -0.4941982
vn -0.7098113 0.7043919 0.0000001
vn -0.9856893 0.1667594 -0.0246576
vn 0.4304881 0.5343152 -0.7274526
vn -0.4097868 0.5505036 -0.7273380
vn -0.4225643 0.9062937 -0.0084346
vn 0.4062583 0.9137380 -0.0060783
vn 0.4304881 0.5343152 -0.7274526
vn -0.4225643 0.9062937 -0.0084346
vn -0.6537637 0.6855260 -0.3203859
vn 0.6399490 0.6991190 -0.3189010
vn -0.4097868 0.5505036 -0.7273380
vn 0.4304881 0.5343152 -0.7274526
vn 0.5680966 0.4231896 -0.7058164
vn -0.4424195 0.4670940 -0.7655639
vn -0.4097868 0.5505036 -0.7273380
vn -0.4225643 0.9062937 -0.0084346
vn -0.4424195 0.4670940 -0.7655639
vn -0.6537637 0.6855260 -0.3203859
vn 0.6399490 0.6991190 -0.3189010
vn 0.5680966 0.4231896 -0.7058164
vn 0.4304881 0.5343152 -0.7274526
vn 0.3819419 0.5861443 -0.7145315
vn -0.4161957 0.5743815 -0.7048879
vn -0.3982134 0.9172892 0.0025736
vn 0.3935765 0.9191791 -0.0143998
vn 0.3819419 0.5861443 -0.7145315
vn -0.5405986 0.8174053 0.1990019
vn 0.5264710 0.8275482 0.1949160
vn -0.6537637 0.6855260 -0.3203859
vn -0.6537637 0.6855260 -0.3203859
vn -0.5405986 0.8174053 0.1990019
vn 0.3819419 0.5861443 -0.7145315
vn 0.5264710 0.8275482 0.1949160
vn 0.6399490 0.6991190 -0.3189010
vn -0.4424195 0.4670940 -0.7655639
vn -0.6537637 0.6855260 -0.3203859
vn -0.7996792 0.4233498 0.4257794
vn -0.2155190 0.9529645 0.2130969
vn -0.7098113 0.7043919 0.0000001
vn -0.7446814 0.6131353 -0.2636563
vn -0.4851599 0.8609220 -0.1530788
vn -0.3830066 0.6008531 -0.7016277
vn -0.3670821 0.8496820 0.3785383
vn -0.7446814 0.6131353 -0.2636563
vn -0.2155190 0.9529645 0.2130969
vn 0.0000000 1.0000000 -0.0000000
vn 0.0000000 1.0000000 -0.0000000
vn 0.0000000 1.0000000 -0.0000000
vn -0.3912132 0.9098181 -0.1385038
vn -0.2832947 0.9533464 0.1042817
vn -0.7098113 0.7043919 0.0000001
vn -0.2155190 0.9529645 0.2130969
vn -0.3912132 0.9098181 -0.1385038
vn -0.6537637 0.6855260 -0.3203859
vn -0.6923236 -0.0031255 -0.7215804
vn -0.2188738 -0.9446349 -0.2444570
vn 0.2188733 -0.9446348 -0.2444578
vn 0.0000000 -0.0000000 -1.0000000
vn 0.6866035 -0.7258367 -0.0416741
vn -0.6865801 -0.7258623 -0.0416128
vn -0.2188738 -0.9446349 -0.2444570
vn 0.3612449 -0.8867406 -0.2884323
vn -0.3612462 -0.8867407 -0.2884305
vn 0.2188733 -0.9446348 -0.2444578
vn 0.2727649 -0.8215508 -0.5006532
vn -0.2727650 -0.8215513 -0.5006524
vn 0.0000000 1.0000000 -0.0000000
vn 0.0000000 1.0000000 -0.0000000
vn 0.0000000 1.0000000 0.0000000
vn 0.0000003 1.0000000 -0.0000001
vn 0.0000002 1.0000000 -0.0000002
vn -0.0000000 1.0000000 -0.0000004
vn -0.2391749 0.4142631 -0.8781694
vn 0.2391749 0.4142630 -0.8781694
vn 0.0000000 0.0000000 -1.0000000
vn 0.4783495 -0.0000003 -0.8781696
vn 0.2391747 -0.4142628 -0.8781696
vn -0.2391747 -0.4142628 -0.8781695
vn -0.4783497 -0.0000001 -0.8781694
vn -0.4690317 -0.8123868 -0.3464636
vn -0.9380635 0.0000000 -0.3464634
vn -0.4999999 0.8660254 0.0000001
vn 0.5000001 0.8660253 -0.0000001
vn 0.4690318 0.8123867 -0.3464635
vn -0.4690317 0.8123869 -0.3464633
vn -0.4999999 0.8660254 0.0000001
vn 0.5000001 0.8660253 -0.0000001
vn 1.0000000 -0.0000002 -0.0000002
vn 0.9380634 -0.0000002 -0.3464637
vn 0.4690318 0.8123867 -0.3464635
vn 0.5000001 0.8660253 -0.0000001
vn -1.0000000 0.0000000 0.0000002
vn -0.4999999 0.8660254 0.0000001
vn -0.4690317 0.8123869 -0.3464633
vn -0.9380635 0.0000000 -0.3464634
vn 1.0000000 -0.0000002 -0.0000002
vn 0.5000000 -0.8660254 -0.0000001
vn 0.4690316 -0.8123868 -0.3464637
vn 0.9380634 -0.0000002 -0.3464637
vn 1.0000000 -0.0000002 -0.0000002
vn 0.5000000 -0.8660254 -0.0000001
vn -0.5000000 -0.8660254 0.0000001
vn -0.4690317 -0.8123868 -0.3464636
vn 0.4690316 -0.8123868 -0.3464637
vn -0.5000000 -0.8660254 0.0000001
vn -1.0000000 0.0000000 0.0000002
vn -0.9380635 0.0000000 -0.3464634
vn 0.2391749 0.4142630 -0.8781694
vn 0.4690318 0.8123867 -0.3464635
vn -0.2391747 -0.4142628 -0.8781695
vn 0.2391747 -0.4142628 -0.8781696
vn 0.9380634 -0.0000002 -0.3464637
vn 0.4783495 -0.0000003 -0.8781696
vn -0.4783497 -0.0000001 -0.8781694
vn -0.9380635 0.0000000 -0.3464634
vn 0.2391747 -0.4142628 -0.8781696
vn -0.5879066 0.5696436 -0.5743449
vn -0.5704042 -0.5842944 -0.5772687
vn -0.5665751 -0.5849257 0.5803918
vn -0.5842872 0.5702386 0.5774395
vn -0.5879066 0.5696436 -0.5743449
vn 0.5879067 0.5696435 -0.5743449
vn 0.5842875 0.5702385 0.5774393
vn 0.5665747 -0.5849261 0.5803917
vn 0.5704036 -0.5842949 -0.5772687
vn -0.0000004 -0.7147351 -0.6993952
vn -0.0000000 0.7021801 -0.7119993
vn 0.5704036 -0.5842949 -0.5772687
vn -0.0000004 -0.7121078 0.7020702
vn -0.0000004 -0.7147351 -0.6993952
vn 0.5842875 0.5702385 0.5774393
vn 0.0000000 0.6995009 0.7146317
vn -0.0000004 -0.7121078 0.7020702
vn 0.5842875 0.5702385 0.5774393
vn 0.5879067 0.5696435 -0.5743449
vn -0.0000000 0.7021801 -0.7119993
vn 0.0000000 0.6995009 0.7146317
vn -0.5879066 0.5696436 -0.5743449
vn 0.0000000 0.7021803 -0.7119992
vn -0.0000004 -0.7147353 -0.6993951
vn -0.5704042 -0.5842944 -0.5772687
vn -0.0000004 -0.7147353 -0.6993951
vn -0.0000004 -0.7121078 0.7020701
vn -0.5665751 -0.5849257 0.5803918
vn -0.0000004 -0.7121078 0.7020701
vn 0.0000000 0.6995008 0.7146318
vn -0.5842872 0.5702386 0.5774395
vn 0.0000000 0.6995008 0.7146318
vn 0.0000000 0.7021803 -0.7119992
vn -0.5879066 0.5696436 -0.5743449
vn -0.9045342 -0.3015109 0.3015114
vn 0.9045342 -0.3015111 0.3015112
vn 0.9045339 -0.3015115 -0.3015115
vn -0.9045339 -0.3015117 -0.3015113
vn -0.9045341 -0.3015109 0.3015115
vn 0.9045342 -0.3015111 0.3015112
vn 0.9045340 -0.3015115 -0.3015114
vn -0.9045339 -0.3015118 -0.3015112
vn -0.9036030 -0.3041035 0.3016997
vn 0.9036030 -0.3041035 0.3016996
vn 0.8510167 -0.4418380 -0.2838128
vn -0.8510167 -0.4418382 -0.2838125
vn -0.9036030 -0.3041035 0.3016997
vn 0.9045339 -0.3015115 -0.3015115
vn -0.9045339 -0.3015118 -0.3015113
vn -0.8510159 -0.4418389 0.2838138
vn 0.8510175 -0.4418369 0.2838122
vn 0.9045340 -0.3015115 -0.3015114
vn -0.9045339 -0.3015117 -0.3015113
vn -0.8510161 -0.4418389 0.2838134
vn 0.8510176 -0.4418369 0.2838118
vn 0.8510167 -0.4418379 -0.2838131
vn -0.8510167 -0.4418381 -0.2838129
vn -0.9036030 -0.3041035 0.3016996
vn 0.9036030 -0.3041036 0.3016997
vn 0.8510167 -0.4418379 -0.2838131
vn -0.7088862 -0.0055976 0.7053006
vn 0.7088863 -0.0055976 0.7053005
vn 0.9036030 -0.3041036 0.3016997
vn -0.9036030 -0.3041035 0.3016996
vn -0.7071070 -0.0000006 -0.7071065
vn -0.9045339 -0.3015117 -0.3015113
vn -0.7863855 -0.2568666 0.5617983
vn 0.7863852 -0.2568674 0.5617983
vn 0.8510176 -0.4418369 0.2838118
vn -0.8510161 -0.4418389 0.2838134
vn -0.7863855 -0.2568666 0.5617983
vn -0.7071070 -0.0000006 -0.7071065
vn -0.9045339 -0.3015118 -0.3015113
vn 0.9045339 -0.3015115 -0.3015115
vn 0.7071070 -0.0000006 -0.7071066
vn 0.7071066 0.0000006 0.7071069
vn 0.9045342 -0.3015111 0.3015112
vn -0.9045341 -0.3015109 0.3015115
vn -0.7071066 0.0000006 0.7071070
vn -0.7071069 -0.0000006 -0.7071066
vn -0.7071065 0.0000006 0.7071070
vn -0.9045342 -0.3015109 0.3015114
vn -0.9045339 -0.3015117 -0.3015113
vn 0.7863842 -0.2568683 -0.5617994
vn -0.7863857 -0.2568679 -0.5617976
vn -0.8510167 -0.4418381 -0.2838129
vn 0.8510167 -0.4418379 -0.2838131
vn 0.7863842 -0.2568683 -0.5617994
vn 0.7071069 -0.0000006 -0.7071066
vn -0.7071069 -0.0000006 -0.7071066
vn -0.9045339 -0.3015117 -0.3015113
vn 0.9045340 -0.3015115 -0.3015114
vn -0.7071065 0.0000006 0.7071070
vn 0.7071066 0.0000006 0.7071070
vn 0.9045342 -0.3015111 0.3015112
vn 0.7071066 0.0000006 0.7071070
vn 0.7071069 -0.0000006 -0.7071066
vn 0.9045340 -0.3015115 -0.3015114
vn 0.9045342 -0.3015111 0.3015112
vn 0.7863850 -0.2568683 0.5617983
vn 0.8510175 -0.4418369 0.2838122
vn -0.8510159 -0.4418389 0.2838138
vn -0.7863853 -0.2568674 0.5617982
vn 0.7863850 -0.2568683 0.5617983
vn 0.7071070 -0.0000006 -0.7071066
vn 0.9045339 -0.3015115 -0.3015115
vn 0.9045342 -0.3015111 0.3015112
vn 0.7071066 0.0000006 0.7071069
vn -0.7863860 -0.2568674 -0.5617973
vn -0.8510167 -0.4418382 -0.2838125
vn 0.8510167 -0.4418380 -0.2838128
vn 0.7863848 -0.2568677 -0.5617988
vn -0.7863860 -0.2568674 -0.5617973
vn -0.7088863 -0.0055976 0.7053005
vn -0.9036030 -0.3041035 0.3016997
vn -0.9045339 -0.3015118 -0.3015112
vn -0.7071069 -0.0000006 -0.7071066
vn 0.7088862 -0.0055976 0.7053006
vn 0.9036030 -0.3041035 0.3016996
vn -0.9036030 -0.3041035 0.3016997
vn -0.7088863 -0.0055976 0.7053005
vn -0.7071069 -0.0000006 -0.7071066
vn 0.9045340 -0.3015115 -0.3015114
vn 0.7071070 -0.0000006 -0.7071065
vn 0.7071070 -0.0000006 -0.7071065
vn 0.9045340 -0.3015115 -0.3015114
vn 0.9036030 -0.3041035 0.3016996
vn 0.7088862 -0.0055976 0.7053006
vn -0.7071066 0.0000006 0.7071070
vn -0.9045339 -0.3015118 -0.3015113
vn -0.7071070 -0.0000006 -0.7071065
vn -0.7071066 0.0000006 0.7071070
vn 0.7088863 -0.0055976 0.7053005
vn 0.7071069 -0.0000006 -0.7071066
vn 0.9045339 -0.3015115 -0.3015115
vn 0.9036030 -0.3041036 0.3016997
vn 0.7088863 -0.0055976 0.7053005
vn 0.7071069 -0.0000006 -0.7071066
vn -0.7071070 -0.0000006 -0.7071065
vn -0.9045339 -0.3015117 -0.3015113
vn 0.9045339 -0.3015115 -0.3015115
vn 0.7071069 -0.0000006 -0.7071066
vn 0.7863852 -0.2568674 0.5617983
vn 0.5754307 0.3671823 -0.7307918
vn 0.6058651 0.6771582 -0.4175933
vn 0.8510176 -0.4418369 0.2838118
vn -0.5754308 0.3671826 -0.7307916
vn -0.7863855 -0.2568666 0.5617983
vn -0.8510161 -0.4418389 0.2838134
vn -0.6058661 0.6771576 -0.4175928
vn 0.5754307 0.3671823 -0.7307918
vn -0.5754308 0.3671826 -0.7307916
vn -0.7863853 -0.2568674 0.5617982
vn -0.8510159 -0.4418389 0.2838138
vn -0.6058661 0.6771577 -0.4175928
vn -0.5754307 0.3671823 -0.7307918
vn 0.5754304 0.3671821 -0.7307921
vn 0.6058649 0.6771584 -0.4175934
vn 0.8510175 -0.4418369 0.2838122
vn 0.7863850 -0.2568683 0.5617983
vn -0.5754307 0.3671823 -0.7307918
vn 0.6058649 0.6771584 -0.4175934
vn 0.5754304 0.3671821 -0.7307921
vn -0.9045339 -0.3015117 -0.3015113
vn -0.9045342 -0.3015109 0.3015114
vn -0.7071067 0.7071068 0.0000000
vn -0.9045339 -0.3015117 -0.3015113
vn -0.8510161 -0.4418389 0.2838134
vn 0.9045340 -0.3015115 -0.3015114
vn 0.7071068 0.7071068 -0.0000002
vn 0.9045342 -0.3015111 0.3015112
vn 0.8510176 -0.4418369 0.2838118
vn 0.7071068 0.7071068 -0.0000002
vn -0.7071067 0.7071068 0.0000000
vn 0.7071068 0.7071068 -0.0000002
vn 0.9045342 -0.3015111 0.3015112
vn 0.9045339 -0.3015115 -0.3015115
vn 0.8510175 -0.4418369 0.2838122
vn 0.6058649 0.6771584 -0.4175934
vn -0.9045339 -0.3015118 -0.3015113
vn -0.9045341 -0.3015109 0.3015115
vn -0.7071067 0.7071069 0.0000000
vn -0.8510159 -0.4418389 0.2838138
vn 0.9036030 -0.3041036 0.3016997
vn 0.9045339 -0.3015115 -0.3015115
vn 0.7071068 0.7071068 -0.0000001
vn 0.7071068 0.7071068 -0.0000002
vn 0.9045339 -0.3015115 -0.3015115
vn -0.9045339 -0.3015117 -0.3015113
vn -0.9036030 -0.3041035 0.3016996
vn -0.7071067 0.7071069 -0.0000000
vn -0.7071067 0.7071068 0.0000000
vn -0.9045342 -0.3015109 0.3015114
vn -0.7071067 0.7071069 -0.0000000
vn 0.7071068 0.7071068 -0.0000002
vn 0.7071068 0.7071068 -0.0000001
vn -0.7071067 0.7071068 0.0000001
vn -0.9045339 -0.3015118 -0.3015112
vn -0.9036030 -0.3041035 0.3016997
vn -0.7071067 0.7071069 0.0000000
vn -0.9045341 -0.3015109 0.3015115
vn -0.7071067 0.7071068 0.0000001
vn 0.7071068 0.7071068 -0.0000001
vn 0.9036030 -0.3041035 0.3016996
vn 0.9045340 -0.3015115 -0.3015114
vn 0.9045342 -0.3015111 0.3015112
vn 0.7071068 0.7071068 -0.0000002
vn -0.7071067 0.7071068 0.0000001
vn 0.8510167 -0.4418379 -0.2838131
vn 0.9036030 -0.3041036 0.3016997
vn 0.6058655 0.6771582 0.4175928
vn 0.5754318 0.3671823 0.7307910
vn 0.7863842 -0.2568683 -0.5617994
vn -0.8510167 -0.4418381 -0.2838129
vn -0.6058656 0.6771581 0.4175929
vn -0.7071067 0.7071069 -0.0000000
vn -0.9036030 -0.3041035 0.3016996
vn -0.7863857 -0.2568679 -0.5617976
vn -0.5754307 0.3671823 0.7307918
vn -0.6058656 0.6771581 0.4175929
vn -0.7863857 -0.2568679 -0.5617976
vn 0.6058655 0.6771582 0.4175928
vn -0.7071067 0.7071069 -0.0000000
vn -0.6058656 0.6771581 0.4175929
vn -0.5754307 0.3671823 0.7307918
vn 0.5754318 0.3671823 0.7307910
vn -0.8510167 -0.4418382 -0.2838125
vn -0.6058656 0.6771580 0.4175930
vn -0.7071067 0.7071068 0.0000001
vn -0.5754302 0.3671824 0.7307922
vn -0.7863860 -0.2568674 -0.5617973
vn 0.7071068 0.7071068 -0.0000001
vn 0.6058656 0.6771580 0.4175930
vn 0.8510167 -0.4418380 -0.2838128
vn 0.9036030 -0.3041035 0.3016996
vn 0.7863848 -0.2568677 -0.5617988
vn 0.5754314 0.3671824 0.7307912
vn -0.7071067 0.7071068 0.0000001
vn 0.5754314 0.3671824 0.7307912
vn -0.5754302 0.3671824 0.7307922
vn -0.3373375 0.1649133 -0.9268263
vn -0.3420203 0.0000000 -0.9396926
vn -0.8660255 0.0000000 -0.4999998
vn -0.8541678 0.1649135 -0.4931540
vn 0.6339867 0.1649132 0.7555558
vn 0.6427874 0.0000000 0.7660446
vn 0.9848077 0.0000000 0.1736485
vn 0.9713238 0.1649134 0.1712710
vn 0.6339867 0.1649132 0.7555558
vn 0.9713238 0.1649134 0.1712710
vn 0.9848077 0.0000000 0.1736485
vn 0.8660255 0.0000000 -0.4999998
vn 0.8541679 0.1649134 -0.4931538
vn 0.0000001 0.1649123 0.9863082
vn 0.0000001 0.0000000 1.0000000
vn 0.6427874 0.0000000 0.7660446
vn 0.6339867 0.1649132 0.7555558
vn 0.3373374 0.1649131 -0.9268264
vn 0.2328790 0.7323838 -0.6398292
vn 0.5896699 0.7323840 -0.3404454
vn 0.8541679 0.1649134 -0.4931538
vn -0.8541678 0.1649135 -0.4931540
vn -0.8660255 0.0000000 -0.4999998
vn -0.9848077 0.0000000 0.1736485
vn -0.9713238 0.1649133 0.1712709
vn 0.3420201 0.0000000 -0.9396926
vn 0.8541679 0.1649134 -0.4931538
vn 0.8660255 0.0000000 -0.4999998
vn 0.3420201 0.0000000 -0.9396926
vn 0.3373374 0.1649131 -0.9268264
vn 0.3420201 0.0000000 -0.9396926
vn -0.3420203 0.0000000 -0.9396926
vn -0.3373375 0.1649133 -0.9268263
vn 0.8541679 0.1649134 -0.4931538
vn 0.5896699 0.7323840 -0.3404454
vn 0.6705474 0.7323841 0.1182359
vn 0.9713238 0.1649134 0.1712710
vn 0.8541679 0.1649134 -0.4931538
vn 0.9713238 0.1649134 0.1712710
vn 0.6705474 0.7323841 0.1182359
vn 0.4376688 0.7323840 0.5215933
vn 0.6339867 0.1649132 0.7555558
vn 0.6339867 0.1649132 0.7555558
vn -0.0000003 0.7323832 0.6808926
vn 0.0000001 0.1649123 0.9863082
vn 0.0000001 0.1649123 0.9863082
vn -0.4376686 0.7323839 0.5215937
vn -0.6339860 0.1649132 0.7555563
vn -0.9713238 0.1649133 0.1712709
vn -0.9848077 0.0000000 0.1736485
vn -0.6427870 0.0000000 0.7660450
vn -0.6339860 0.1649132 0.7555563
vn -0.9713238 0.1649133 0.1712709
vn -0.6705476 0.7323840 0.1182357
vn -0.6427870 0.0000000 0.7660450
vn 0.0000001 0.0000000 1.0000000
vn -0.8541678 0.1649135 -0.4931540
vn -0.9713238 0.1649133 0.1712709
vn -0.5896696 0.7323842 -0.3404455
vn -0.3373375 0.1649133 -0.9268263
vn -0.8541678 0.1649135 -0.4931540
vn -0.2328791 0.7323839 -0.6398290
vn -0.3373375 0.1649133 -0.9268263
vn -0.3373375 0.1649133 -0.9268263
vn -0.2328791 0.7323839 -0.6398290
vn 0.2328790 0.7323838 -0.6398292
vn -0.3373375 0.1649133 -0.9268263
vn -0.4376686 0.7323839 0.5215937
vn 0.0000000 1.0000000 -0.0000000
vn -0.0000003 0.7323832 0.6808926
vn 0.4376688 0.7323840 0.5215933
vn 0.6705474 0.7323841 0.1182359
vn 0.0000000 1.0000000 -0.0000000
vn 0.2328790 0.7323838 -0.6398292
vn -0.2328791 0.7323839 -0.6398290
vn -0.6705476 0.7323840 0.1182357
vn 0.3188124 0.8487579 -0.4218634
vn -0.3188124 0.8487580 -0.4218632
vn -0.4966656 0.8475904 -0.1868523
vn 0.4966658 0.8475903 -0.1868524
vn 0.3188124 0.8487579 -0.4218634
vn -0.3188124 0.8487580 -0.4218632
vn -0.5688633 0.5615957 0.6008368
vn -0.4581547 0.7904722 0.4065070
vn -0.4966656 0.8475904 -0.1868523
vn -0.5688633 0.5615957 0.6008368
vn 0.5688633 0.5615956 0.6008368
vn 0.4581550 0.7904721 0.4065068
vn 0.5688633 0.5615956 0.6008368
vn 0.3188124 0.8487579 -0.4218634
vn -0.5773503 -0.5773503 -0.5773502
vn -0.5773502 -0.5773502 0.5773504
vn -0.5773504 0.5773502 0.5773502
vn -0.5773503 0.5773502 -0.5773503
vn -0.5773503 -0.5773503 -0.5773502
vn 0.0000000 -0.7071068 -0.7071068
vn 0.0000000 -0.7071068 0.7071068
vn -0.5773503 -0.5773503 -0.5773502
vn 0.0000000 -0.7071068 0.7071068
vn 0.0000000 0.7071069 0.7071067
vn -0.5773504 0.5773502 0.5773502
vn 0.0000000 0.7071069 0.7071067
vn 0.0000000 0.7071066 -0.7071069
vn -0.5773503 0.5773502 -0.5773503
vn -0.5773504 0.5773502 0.5773502
vn 0.0000000 0.7071066 -0.7071069
vn 0.0000000 -0.7071068 -0.7071068
vn -0.5773503 -0.5773503 -0.5773502
vn -0.3015114 -0.3015111 0.9045341
vn 0.3015113 -0.3015114 0.9045341
vn 0.3015112 -0.3015113 -0.9045341
vn -0.3015116 -0.3015114 -0.9045339
vn 0.3016997 -0.3041037 0.9036029
vn 0.3016996 -0.3041034 -0.9036030
vn -0.3015113 -0.3015114 -0.9045340
vn -0.3015113 -0.3015114 0.9045340
vn 0.3015112 -0.3015113 -0.9045341
vn -0.3015115 -0.3015114 -0.9045340
vn -0.3015114 -0.3015113 0.9045340
vn 0.3015113 -0.3015114 0.9045340
vn -0.7071069 0.0000001 -0.7071067
vn -0.3015115 -0.3015114 -0.9045340
vn 0.3016996 -0.3041034 -0.9036030
vn 0.7053004 -0.0055976 -0.7088865
vn 0.3016997 -0.3041037 0.9036029
vn 0.7053007 -0.0055976 0.7088861
vn -0.7071068 0.0000001 0.7071068
vn -0.3015114 -0.3015113 0.9045340
vn 0.7053007 -0.0055976 0.7088861
vn -0.7071068 0.0000001 0.7071068
vn 0.7071069 -0.0000001 0.7071067
vn -0.3015114 -0.3015111 0.9045341
vn -0.7071067 0.0000002 0.7071069
vn -0.7071067 0.0000002 0.7071069
vn -0.3015114 -0.3015111 0.9045341
vn -0.3015116 -0.3015114 -0.9045339
vn -0.7071070 0.0000002 -0.7071066
vn 0.7071067 -0.0000001 -0.7071069
vn 0.3015112 -0.3015113 -0.9045341
vn 0.3015113 -0.3015114 0.9045340
vn 0.7071069 -0.0000001 0.7071067
vn 0.7071067 -0.0000001 -0.7071069
vn -0.7071068 0.0000000 -0.7071068
vn -0.7071068 0.0000000 0.7071068
vn -0.3015113 -0.3015114 0.9045340
vn -0.3015113 -0.3015114 -0.9045340
vn 0.7071068 0.0000000 0.7071068
vn 0.7071068 -0.0000000 -0.7071068
vn 0.3015112 -0.3015113 -0.9045341
vn 0.3015113 -0.3015114 0.9045341
vn -0.7071068 0.0000000 -0.7071068
vn -0.7071068 0.0000000 0.7071068
vn -0.7172835 0.2971086 0.6302625
vn -0.7172835 0.2971086 -0.6302625
vn -0.7071068 0.0000000 -0.7071068
vn 0.0000001 0.7071069 -0.7071067
vn -0.3015116 -0.3015114 -0.9045339
vn 0.0000001 0.7071068 0.7071068
vn -0.2971086 0.7172835 -0.6302625
vn -0.2971086 0.7172835 0.6302625
vn 0.0000001 0.7071069 -0.7071067
vn 0.0000002 0.7071068 -0.7071067
vn 0.3016996 -0.3041034 -0.9036030
vn 0.0000002 0.7071068 0.7071068
vn 0.0000001 0.7071068 0.7071068
vn 0.2971087 0.7172836 0.6302624
vn 0.2971086 0.7172834 -0.6302626
vn 0.0000002 0.7071068 -0.7071067
vn 0.7071068 0.0000000 0.7071068
vn 0.7071068 0.0000000 -0.7071068
vn 0.7172835 0.2971086 -0.6302625
vn 0.7172835 0.2971086 0.6302625
vn 0.7071068 0.0000000 0.7071068
vn 0.0000000 0.0000000 1.0000000
vn 0.2137782 -0.3702746 0.9039887
vn 0.3702747 -0.2137785 0.9039886
vn 0.0000000 0.0000000 1.0000000
vn 0.3702747 -0.2137785 0.9039886
vn 0.4275565 0.0000000 0.9039886
vn 0.0000000 0.0000000 1.0000000
vn -0.2137781 0.3702747 0.9039887
vn -0.3702747 0.2137785 0.9039886
vn 0.0000001 0.4275566 0.9039886
vn -0.9299338 0.0000002 0.3677270
vn -0.4275566 0.0000000 0.9039886
vn -0.3702748 0.2137784 0.9039886
vn -0.8053462 0.4649671 0.3677270
vn 0.2137783 0.3702745 0.9039887
vn 0.8053463 0.4649670 0.3677268
vn 0.3702749 0.2137784 0.9039885
vn 0.4275567 -0.0000000 0.9039885
vn 0.9299339 -0.0000001 0.3677268
vn 0.2137783 0.3702745 0.9039887
vn -0.8053461 0.4649672 0.3677270
vn -0.9299338 0.0000002 0.3677270
vn -0.4275564 0.0000001 0.9039887
vn 0.8053461 0.4649672 0.3677270
vn 0.3702748 0.2137785 0.9039886
vn 0.4275565 0.0000000 0.9039886
vn 0.9299338 0.0000000 0.3677271
vn 0.4275567 -0.0000000 0.9039885
vn 0.3702749 0.2137784 0.9039885
vn 0.3702749 -0.2137784 0.9039885
vn 0.4275567 -0.0000000 0.9039885
vn 0.9299339 -0.0000001 0.3677268
vn 0.8053464 -0.4649669 0.3677268
vn 0.2137780 -0.3702745 0.9039888
vn 0.4649673 0.8053461 0.3677270
vn 0.8053463 0.4649670 0.3677268
vn -0.0000002 -0.4275566 0.9039886
vn -0.4649669 0.8053464 0.3677267
vn -0.8053462 0.4649671 0.3677270
vn -0.2137781 0.3702748 0.9039887
vn -0.2137783 -0.3702747 0.9039886
vn -0.3702749 -0.2137786 0.9039885
vn 0.9299338 0.0000000 0.3677271
vn 0.4275565 0.0000000 0.9039886
vn 0.3702747 -0.2137785 0.9039886
vn 0.8053461 -0.4649672 0.3677270
vn 0.4649673 0.8053461 0.3677270
vn 0.0000001 0.9299339 0.3677267
vn -0.9299338 0.0000002 0.3677270
vn -0.8053464 -0.4649668 0.3677270
vn -0.3702749 -0.2137785 0.9039885
vn -0.0000002 -0.9299338 0.3677270
vn -0.4649671 -0.8053461 0.3677272
vn -0.4649669 0.8053463 0.3677270
vn -0.8053461 0.4649672 0.3677270
vn 0.4649668 -0.8053463 0.3677270
vn 0.8053464 -0.4649669 0.3677268
vn -0.8053464 -0.4649668 0.3677270
vn -0.4649672 -0.8053461 0.3677270
vn -0.2137784 -0.3702748 0.9039886
vn -0.4649669 0.8053463 0.3677270
vn 0.0000001 0.9299339 0.3677267
vn -0.0000001 -0.9299338 0.3677269
vn -0.0000001 -0.4275566 0.9039886
vn -0.4649672 -0.8053461 0.3677270
vn -0.0000001 -0.9299338 0.3677269
vn 0.4649668 -0.8053463 0.3677270
vn -0.0000002 -0.9299338 0.3677270
vn 0.4649671 -0.8053462 0.3677269
vn 0.2137782 -0.3702746 0.9039887
vn -0.0000001 -0.4275566 0.9039886
vn -0.0000001 -0.9299338 0.3677269
vn 0.8053461 0.4649672 0.3677270
vn 0.4649672 0.8053462 0.3677269
vn 0.2137783 0.3702746 0.9039887
vn 0.3702748 0.2137785 0.9039886
vn 0.4649671 -0.8053462 0.3677269
vn 0.8053461 -0.4649672 0.3677270
vn 0.3702747 -0.2137785 0.9039886
vn 0.2137782 -0.3702746 0.9039887
vn 0.4649671 -0.8053462 0.3677269
vn -0.4649669 0.8053464 0.3677267
vn -0.2137781 0.3702748 0.9039887
vn 0.0000002 0.4275565 0.9039887
vn 0.0000003 0.9299338 0.3677270
vn -0.9299338 0.0000002 0.3677270
vn -0.8053462 -0.4649671 0.3677269
vn 0.4649672 0.8053462 0.3677269
vn 0.0000003 0.9299338 0.3677270
vn 0.2137783 0.3702746 0.9039887
vn -0.8053462 -0.4649671 0.3677269
vn -0.4649671 -0.8053461 0.3677272
vn -0.3702749 -0.2137786 0.9039885
vn 0.0000000 0.0000000 1.0000000
vn 0.3702748 0.2137785 0.9039886
vn 0.2137783 0.3702746 0.9039887
vn -0.2137781 0.3702748 0.9039887
vn -0.3702748 0.2137784 0.9039886
vn 0.0000000 0.0000000 1.0000000
vn -0.3702748 0.2137784 0.9039886
vn -0.4275566 0.0000000 0.9039886
vn 0.4275565 0.0000000 0.9039886
vn -0.2137784 -0.3702748 0.9039886
vn -0.0000001 -0.4275566 0.9039886
vn 0.2137782 -0.3702746 0.9039887
vn -1.0000000 0.0000001 -0.0000000
vn -0.8660253 -0.5000001 0.0000001
vn 0.8660252 -0.5000004 -0.0000000
vn 1.0000000 -0.0000000 -0.0000000
vn 0.9299338 0.0000000 0.3677271
vn 0.8053461 -0.4649672 0.3677270
vn 0.5000001 -0.8660254 -0.0000002
vn 0.8660252 -0.5000004 -0.0000000
vn 0.8053461 -0.4649672 0.3677270
vn -0.0000003 -1.0000000 0.0000000
vn 0.5000001 -0.8660254 -0.0000002
vn 0.4649671 -0.8053462 0.3677269
vn -0.0000003 -1.0000000 0.0000000
vn -0.5000004 -0.8660252 0.0000001
vn -0.0000003 -1.0000000 0.0000000
vn -0.4649672 -0.8053461 0.3677270
vn 1.0000000 -0.0000000 -0.0000000
vn 0.8660252 0.5000004 -0.0000001
vn 0.8053461 0.4649672 0.3677270
vn 0.9299338 0.0000000 0.3677271
vn -0.8660255 -0.4999998 0.0000001
vn -0.5000004 -0.8660252 0.0000001
vn -0.4649672 -0.8053461 0.3677270
vn -0.8053464 -0.4649668 0.3677270
vn -0.8660255 -0.4999998 0.0000001
vn -1.0000000 0.0000002 0.0000002
vn -0.8660255 -0.4999998 0.0000001
vn -0.8053464 -0.4649668 0.3677270
vn -0.9299338 0.0000002 0.3677270
vn -0.8660252 0.5000003 0.0000001
vn -1.0000000 0.0000002 0.0000002
vn -0.9299338 0.0000002 0.3677270
vn -0.8053462 0.4649671 0.3677270
vn -0.5000002 0.8660253 -0.0000006
vn -0.8660252 0.5000003 0.0000001
vn -0.8053462 0.4649671 0.3677270
vn 0.0000001 1.0000000 -0.0000001
vn -0.5000002 0.8660253 -0.0000006
vn 0.0000003 0.9299338 0.3677270
vn 0.5000002 0.8660253 -0.0000002
vn 0.0000001 1.0000000 -0.0000001
vn 0.0000003 0.9299338 0.3677270
vn 0.4649672 0.8053462 0.3677269
vn 0.5000002 0.8660253 -0.0000002
vn 0.8660252 0.5000004 -0.0000001
vn 0.5000002 0.8660253 -0.0000002
vn 0.4649672 0.8053462 0.3677269
vn 0.8053461 0.4649672 0.3677270
vn 0.8660252 0.5000004 -0.0000001
vn -0.5000001 0.8660254 0.0000002
vn -0.8660252 0.5000004 -0.0000000
vn -0.4649669 0.8053463 0.3677270
vn -0.0000000 1.0000000 -0.0000008
vn -0.5000001 0.8660254 0.0000002
vn -0.4649669 0.8053463 0.3677270
vn 0.0000001 0.9299339 0.3677267
vn -0.0000000 1.0000000 -0.0000008
vn 0.5000003 0.8660252 -0.0000003
vn -0.0000000 1.0000000 -0.0000008
vn 0.0000001 0.9299339 0.3677267
vn 0.4649673 0.8053461 0.3677270
vn 0.5000003 0.8660252 -0.0000003
vn 0.8660254 0.5000000 -0.0000001
vn 0.5000003 0.8660252 -0.0000003
vn 0.4649673 0.8053461 0.3677270
vn 0.8053463 0.4649670 0.3677268
vn 0.8660254 0.5000000 -0.0000001
vn 1.0000000 -0.0000001 -0.0000002
vn 0.8660254 0.5000000 -0.0000001
vn 0.8053463 0.4649670 0.3677268
vn 0.9299339 -0.0000001 0.3677268
vn 1.0000000 -0.0000001 -0.0000002
vn 0.8660254 -0.5000000 -0.0000001
vn 1.0000000 -0.0000001 -0.0000002
vn 0.9299339 -0.0000001 0.3677268
vn 0.8053464 -0.4649669 0.3677268
vn -0.8660252 0.5000004 -0.0000000
vn -1.0000000 0.0000001 -0.0000000
vn -0.9299338 0.0000002 0.3677270
vn 0.4999998 -0.8660255 -0.0000001
vn 0.8660254 -0.5000000 -0.0000001
vn 0.8053464 -0.4649669 0.3677268
vn 0.4649668 -0.8053463 0.3677270
vn 0.4999998 -0.8660255 -0.0000001
vn -0.0000004 -1.0000000 0.0000000
vn 0.4999998 -0.8660255 -0.0000001
vn 0.4649668 -0.8053463 0.3677270
vn -0.5000004 -0.8660252 0.0000002
vn -0.0000004 -1.0000000 0.0000000
vn -0.0000002 -0.9299338 0.3677270
vn -0.8660253 -0.5000001 0.0000001
vn -0.5000004 -0.8660252 0.0000002
vn -0.4649671 -0.8053461 0.3677272
vn 1.0000000 0.0000000 -0.0000000
vn 1.0000000 0.0000000 -0.0000000
vn 1.0000000 0.0000000 -0.0000000
vn 1.0000000 0.0000000 -0.0000000
vn 0.0000000 -0.7071068 -0.7071068
vn 0.0000000 0.7071068 -0.7071068
vn 0.4157065 0.6062265 -0.6779953
vn 0.4157065 -0.6062264 -0.6779953
vn 0.4157058 -0.6062266 0.6779955
vn 0.4157059 0.6062266 0.6779956
vn 0.0000000 0.7071068 0.7071068
vn 0.0000000 -0.7071068 0.7071068
vn 0.7862920 -0.6178551 0.0000007
vn 0.0000000 -1.0000000 -0.0000000
vn 0.0000000 -0.7071068 -0.7071068
vn 0.4157065 -0.6062264 -0.6779953
vn 0.4157058 -0.6062266 0.6779955
vn 0.0000000 -0.7071068 0.7071068
vn 0.7862920 0.6178551 0.0000007
vn 0.7862920 -0.6178551 0.0000007
vn 0.0000000 0.7071068 -0.7071068
vn 0.0000000 1.0000000 -0.0000000
vn 0.4157065 0.6062265 -0.6779953
vn 0.0000000 0.7071068 0.7071068
vn 0.4157059 0.6062266 0.6779956
vn 0.0000000 -0.7071068 -0.7071068
vn 0.0000000 0.7071068 -0.7071068
vn 0.4157064 0.6062264 -0.6779954
vn 0.4157065 -0.6062264 -0.6779953
vn 0.4157058 -0.6062265 0.6779956
vn 0.4157059 0.6062266 0.6779956
vn 0.0000000 0.7071067 0.7071068
vn 0.0000000 -0.7071068 0.7071068
vn 0.7862920 -0.6178551 0.0000007
vn 0.0000000 -1.0000000 -0.0000000
vn 0.0000000 -0.7071068 -0.7071068
vn 0.4157058 -0.6062265 0.6779956
vn 0.0000000 -0.7071068 0.7071068
vn 0.7862920 0.6178551 0.0000007
vn 0.4157065 -0.6062264 -0.6779953
vn 0.0000000 0.7071068 -0.7071068
vn 0.0000000 1.0000000 -0.0000000
vn 0.7862920 0.6178551 0.0000007
vn 0.0000000 0.7071067 0.7071068
vn 0.4157059 0.6062266 0.6779956
vn 0.0000000 -0.7071068 -0.7071068
vn -0.4157065 -0.6062264 -0.6779953
vn -0.4157065 0.6062265 -0.6779953
vn 0.0000000 0.7071068 -0.7071068
vn -0.4157058 -0.6062266 0.6779955
vn 0.0000000 -0.7071068 0.7071068
vn 0.0000000 0.7071068 0.7071068
vn -0.4157059 0.6062266 0.6779956
vn -0.4157058 -0.6062266 0.6779955
vn 0.0000000 -0.7071068 -0.7071068
vn 0.0000000 -1.0000000 -0.0000000
vn -0.7862920 -0.6178551 0.0000007
vn -0.4157065 -0.6062264 -0.6779953
vn 0.0000000 -1.0000000 -0.0000000
vn 0.0000000 -0.7071068 0.7071068
vn -0.4157058 -0.6062266 0.6779955
vn -0.7862920 0.6178551 0.0000007
vn -0.4157065 0.6062265 -0.6779953
vn -0.4157058 -0.6062266 0.6779955
vn 0.0000000 0.7071068 -0.7071068
vn -0.4157065 0.6062265 -0.6779953
vn 0.0000000 1.0000000 -0.0000000
vn 0.0000000 0.7071068 -0.7071068
vn -0.7862920 0.6178551 0.0000007
vn -0.4157059 0.6062266 0.6779956
vn 0.0000000 0.7071068 0.7071068
vn 0.0000000 1.0000000 -0.0000000
vn -0.7862920 0.6178551 0.0000007
vn 0.0000000 -0.7071068 -0.7071068
vn -0.4157066 -0.6062266 -0.6779951
vn -0.4157064 0.6062261 -0.6779957
vn 0.0000003 0.7071066 -0.7071069
vn 0.0000000 -0.7071068 -0.7071068
vn -0.4157061 -0.6062263 0.6779956
vn -0.0000007 -0.7071070 0.7071065
vn 0.0000006 0.7071067 0.7071069
vn -0.4157055 0.6062270 0.6779954
vn 0.0000000 -0.7071068 -0.7071068
vn -0.0000006 -1.0000000 0.0000003
vn -0.7862922 -0.6178548 0.0000009
vn -0.0000007 -0.7071070 0.7071065
vn -0.4157061 -0.6062263 0.6779956
vn -0.7862918 0.6178554 0.0000006
vn -0.4157064 0.6062261 -0.6779957
vn -0.4157066 -0.6062266 -0.6779951
vn 0.0000003 0.7071066 -0.7071069
vn 0.0000007 1.0000000 -0.0000000
vn -0.4157055 0.6062270 0.6779954
vn 0.0000006 0.7071067 0.7071069
vn 0.4160760 -0.6244316 -0.6610340
vn -0.6640981 -0.2600729 -0.7009535
vn -0.6293979 -0.0586665 -0.7748655
vn 0.5239100 -0.2160270 -0.8239239
vn -0.6640981 -0.2600729 -0.7009535
vn -0.8558265 0.4580051 0.2404001
vn -0.9050023 0.2002224 0.3753422
vn -0.6293979 -0.0586665 -0.7748655
vn 0.4214049 -0.2068777 -0.8829607
vn -0.6224425 0.3436535 -0.7031839
vn -0.4224831 0.5700536 -0.7046608
vn 0.2426396 -0.3883871 -0.8889778
vn 0.4214049 -0.2068777 -0.8829607
vn -0.8001397 0.4181584 0.4300232
vn -0.5090995 0.7539988 0.4150946
vn -0.4224831 0.5700536 -0.7046608
vn 0.2426396 -0.3883871 -0.8889778
vn -0.4224831 0.5700536 -0.7046608
vn -0.1279252 0.6712530 -0.7301059
vn 0.0478392 -0.4955990 -0.8672330
vn 0.2426396 -0.3883871 -0.8889778
vn -0.5090995 0.7539988 0.4150946
vn -0.1291779 0.9082665 0.3979511
vn -0.1279252 0.6712530 -0.7301059
vn 0.0681896 0.6572079 -0.7506184
vn -0.0795585 -0.5374240 -0.8395510
vn 0.0478392 -0.4955990 -0.8672330
vn -0.1291779 0.9082665 0.3979511
vn 0.1172204 0.9035630 0.4121084
vn 0.0681896 0.6572079 -0.7506184
vn -0.1279252 0.6712530 -0.7301059
vn 0.0681896 0.6572079 -0.7506184
vn 0.0575448 0.6395275 -0.7666115
vn -0.1144133 -0.5833192 -0.8041445
vn 0.0681896 0.6572079 -0.7506184
vn 0.1172204 0.9035630 0.4121084
vn 0.1447046 0.8813940 0.4496722
vn 0.0575448 0.6395275 -0.7666115
vn 0.0246863 -0.4354863 -0.8998568
vn -0.4864089 0.5705212 -0.6617491
vn -0.1678248 0.6727095 -0.7206225
vn 0.0129472 -0.4863118 -0.8736894
vn -0.3697047 0.8199815 0.4369768
vn -0.1137341 0.8984348 0.4241221
vn 0.0129472 -0.4863118 -0.8736894
vn 0.0327420 0.6882980 -0.7246888
vn -0.0522955 -0.5041872 -0.8620096
vn -0.1137341 0.8984348 0.4241221
vn 0.0721093 0.8967891 0.4365427
vn 0.0327420 0.6882980 -0.7246888
vn -0.0522955 -0.5041872 -0.8620096
vn 0.3036248 0.6426852 -0.7033972
vn -0.2107201 -0.3924413 -0.8953138
vn 0.0327420 0.6882980 -0.7246888
vn 0.4046407 0.8182552 0.4083189
vn 0.3036248 0.6426852 -0.7033972
vn 0.0327420 0.6882980 -0.7246888
vn -0.2107201 -0.3924413 -0.8953138
vn 0.3036248 0.6426852 -0.7033972
vn 0.5286703 0.4462272 -0.7220727
vn -0.3985449 -0.2986602 -0.8671586
vn -0.2107201 -0.3924413 -0.8953138
vn 0.4046407 0.8182552 0.4083189
vn 0.7120633 0.5605344 0.4228086
vn 0.5286703 0.4462272 -0.7220727
vn 0.3036248 0.6426852 -0.7033972
vn -0.8655183 -0.4981650 -0.0520555
vn -0.7140508 0.6961098 -0.0745827
vn -0.7282831 0.6846115 -0.0301803
vn -0.8556466 -0.4899312 -0.1668420
vn 0.1927883 -0.9803217 0.0424495
vn 0.2015176 -0.9769650 -0.0702145
vn -0.8218694 -0.4405974 -0.3611157
vn -0.8556466 -0.4899312 -0.1668420
vn -0.7282831 0.6846115 -0.0301803
vn -0.7317302 0.6802506 0.0427797
vn 0.2431727 -0.9355547 -0.2561337
vn 0.2015176 -0.9769650 -0.0702145
vn -0.8556466 -0.4899312 -0.1668420
vn -0.8218694 -0.4405974 -0.3611157
vn -0.6629208 0.1258120 -0.7380430
vn -0.6293979 -0.0586665 -0.7748655
vn -0.9050023 0.2002224 0.3753422
vn -0.8957902 0.1470858 0.4194350
vn -0.6629208 0.1258120 -0.7380430
vn -0.6629208 0.1258120 -0.7380430
vn 0.5104512 -0.0744070 -0.8566815
vn 0.5239100 -0.2160270 -0.8239239
vn -0.6293979 -0.0586665 -0.7748655
vn 0.2994086 -0.8593472 -0.4145805
vn -0.7677358 -0.3761848 -0.5187164
vn -0.6640981 -0.2600729 -0.7009535
vn 0.4160760 -0.6244316 -0.6610340
vn -0.7677358 -0.3761848 -0.5187164
vn -0.8218694 -0.4405974 -0.3611157
vn -0.7317302 0.6802506 0.0427797
vn -0.7570581 0.6436421 0.1121955
vn 0.2431727 -0.9355547 -0.2561337
vn -0.7677358 -0.3761848 -0.5187164
vn -0.7570581 0.6436421 0.1121955
vn -0.8558265 0.4580051 0.2404001
vn -0.6640981 -0.2600729 -0.7009535
vn -0.8957902 0.1470858 0.4194350
vn -0.8001397 0.4181584 0.4300232
vn -0.6224425 0.3436535 -0.7031839
vn -0.6629208 0.1258120 -0.7380430
vn -0.8957902 0.1470858 0.4194350
vn 0.4214049 -0.2068777 -0.8829607
vn 0.5104512 -0.0744070 -0.8566815
vn -0.6629208 0.1258120 -0.7380430
vn -0.0306250 0.6482801 -0.7607858
vn 0.0612783 0.8968381 0.4380940
vn -0.1212703 0.8888175 0.4419242
vn -0.2188514 0.6332405 -0.7423682
vn -0.0306250 0.6482801 -0.7607858
vn -0.0758491 -0.5756891 -0.8141431
vn -0.0306250 0.6482801 -0.7607858
vn -0.2188514 0.6332405 -0.7423682
vn 0.0244179 -0.6899454 -0.7234495
vn -0.1212703 0.8888175 0.4419242
vn -0.4315064 0.6960784 0.5738267
vn -0.6078324 0.3909976 -0.6911300
vn -0.2188514 0.6332405 -0.7423682
vn -0.2188514 0.6332405 -0.7423682
vn -0.6078324 0.3909976 -0.6911300
vn 0.2758618 -0.6688539 -0.6903150
vn -0.4864089 0.5705212 -0.6617491
vn -0.7723199 0.3000451 -0.5599061
vn -0.5836849 0.6194910 0.5249218
vn -0.3697047 0.8199815 0.4369768
vn 0.0246863 -0.4354863 -0.8998568
vn 0.0785936 -0.4156755 -0.9061109
vn -0.7723199 0.3000451 -0.5599061
vn -0.8363653 0.1629836 -0.5233827
vn -0.5951864 0.5141254 0.6175987
vn -0.7723199 0.3000451 -0.5599061
vn 0.0785936 -0.4156755 -0.9061109
vn 0.1827162 -0.4464004 -0.8759803
vn -0.8363653 0.1629836 -0.5233827
vn -0.5951864 0.5141254 0.6175987
vn -0.8363653 0.1629836 -0.5233827
vn -0.6078324 0.3909976 -0.6911300
vn -0.4315064 0.6960784 0.5738267
vn 0.5200065 0.3587685 -0.7751635
vn 0.7070608 0.5480255 0.4469152
vn 0.4212873 0.7736501 0.4732680
vn 0.3302198 0.4713012 -0.8178203
vn 0.5200065 0.3587685 -0.7751635
vn -0.4518995 -0.3644234 -0.8142373
vn 0.5200065 0.3587685 -0.7751635
vn 0.3302198 0.4713012 -0.8178203
vn -0.2891878 -0.5942120 -0.7505215
vn 0.1746620 0.5676513 -0.8045279
vn 0.3302198 0.4713012 -0.8178203
vn 0.4212873 0.7736501 0.4732680
vn 0.1921339 0.8840247 0.4261278
vn 0.1746620 0.5676513 -0.8045279
vn -0.1216454 -0.6422626 -0.7567702
vn -0.2891878 -0.5942120 -0.7505215
vn 0.3302198 0.4713012 -0.8178203
vn 0.1746620 0.5676513 -0.8045279
vn 0.5286703 0.4462272 -0.7220727
vn 0.5200065 0.3587685 -0.7751635
vn -0.4518995 -0.3644234 -0.8142373
vn -0.3985449 -0.2986602 -0.8671586
vn 0.5286703 0.4462272 -0.7220727
vn 0.7120633 0.5605344 0.4228086
vn 0.7070608 0.5480255 0.4469152
vn 0.5200065 0.3587685 -0.7751635
vn 0.1827162 -0.4464004 -0.8759803
vn 0.8339867 -0.1791453 0.5218938
vn 0.6495849 -0.3499750 0.6749496
vn -0.0522955 -0.5041872 -0.8620096
vn -0.0263784 -0.6371706 0.7702712
vn 0.1600400 -0.6358311 0.7550537
vn 0.0129472 -0.4863118 -0.8736894
vn -0.0522955 -0.5041872 -0.8620096
vn -0.5747814 -0.4132360 0.7063019
vn -0.4659578 -0.3911542 0.7936509
vn -0.3985449 -0.2986602 -0.8671586
vn -0.0634444 -0.6174357 0.7840586
vn -0.0795585 -0.5374240 -0.8395510
vn -0.1144133 -0.5833192 -0.8041445
vn -0.0624275 -0.6554068 0.7526916
vn 0.5239100 -0.2160270 -0.8239239
vn 0.5104512 -0.0744070 -0.8566815
vn 0.6276576 -0.1181979 0.7694642
vn 0.7295869 0.0115381 0.6837908
vn 0.5239100 -0.2160270 -0.8239239
vn 0.6495849 -0.3499750 0.6749496
vn 0.3395057 -0.5735130 0.7455325
vn -0.1144133 -0.5833192 -0.8041445
vn -0.0758491 -0.5756891 -0.8141431
vn 0.0298465 -0.6625699 0.7484052
vn -0.3953332 -0.5876152 0.7059886
vn -0.5747814 -0.4132360 0.7063019
vn -0.4518995 -0.3644234 -0.8142373
vn -0.2891878 -0.5942120 -0.7505215
vn 0.1927883 -0.9803217 0.0424495
vn 0.2015176 -0.9769650 -0.0702145
vn 0.8914784 0.4224531 0.1637059
vn 0.9035512 0.4247463 0.0564424
vn 0.1600400 -0.6358311 0.7550537
vn 0.4671950 -0.4939263 0.7333251
vn 0.0246863 -0.4354863 -0.8998568
vn 0.0129472 -0.4863118 -0.8736894
vn -0.2311791 -0.5146399 0.8256525
vn -0.2107201 -0.3924413 -0.8953138
vn -0.3985449 -0.2986602 -0.8671586
vn -0.4659578 -0.3911542 0.7936509
vn -0.2311791 -0.5146399 0.8256525
vn 0.1123522 -0.5742066 0.8109647
vn 0.0478392 -0.4955990 -0.8672330
vn -0.0795585 -0.5374240 -0.8395510
vn 0.5239100 -0.2160270 -0.8239239
vn 0.7295869 0.0115381 0.6837908
vn 0.8031834 0.1473940 0.5772101
vn 0.4160760 -0.6244316 -0.6610340
vn 0.2994086 -0.8593472 -0.4145805
vn 0.8031834 0.1473940 0.5772101
vn 0.8088274 0.3166202 0.4955299
vn 0.0785936 -0.4156755 -0.9061109
vn 0.0246863 -0.4354863 -0.8998568
vn 0.4671950 -0.4939263 0.7333251
vn 0.7396776 -0.2622967 0.6197398
vn 0.8088274 0.3166202 0.4955299
vn 0.8474736 0.3959803 0.3535364
vn 0.2431727 -0.9355547 -0.2561337
vn 0.1123522 -0.5742066 0.8109647
vn 0.3365557 -0.4544451 0.8247484
vn 0.2426396 -0.3883871 -0.8889778
vn 0.0478392 -0.4955990 -0.8672330
vn -0.2311791 -0.5146399 0.8256525
vn -0.0263784 -0.6371706 0.7702712
vn -0.0522955 -0.5041872 -0.8620096
vn -0.2107201 -0.3924413 -0.8953138
vn 0.1827162 -0.4464004 -0.8759803
vn 0.7396776 -0.2622967 0.6197398
vn 0.8339867 -0.1791453 0.5218938
vn 0.5133768 -0.2844664 0.8096438
vn 0.4214049 -0.2068777 -0.8829607
vn 0.2426396 -0.3883871 -0.8889778
vn 0.3365557 -0.4544451 0.8247484
vn -0.1947141 -0.6439935 0.7398370
vn -0.2891878 -0.5942120 -0.7505215
vn -0.1216454 -0.6422626 -0.7567702
vn 0.8474736 0.3959803 0.3535364
vn 0.8914784 0.4224531 0.1637059
vn 0.2015176 -0.9769650 -0.0702145
vn 0.5104512 -0.0744070 -0.8566815
vn 0.4214049 -0.2068777 -0.8829607
vn 0.5133768 -0.2844664 0.8096438
vn 0.6276576 -0.1181979 0.7694642
vn 0.5104512 -0.0744070 -0.8566815
vn -0.5747814 -0.4132360 0.7063019
vn 0.7070608 0.5480255 0.4469152
vn 0.7120633 0.5605344 0.4228086
vn -0.4659578 -0.3911542 0.7936509
vn 0.1447046 0.8813940 0.4496722
vn 0.1172204 0.9035630 0.4121084
vn -0.9050023 0.2002224 0.3753422
vn 0.7295869 0.0115381 0.6837908
vn 0.6276576 -0.1181979 0.7694642
vn 0.1600400 -0.6358311 0.7550537
vn -0.0263784 -0.6371706 0.7702712
vn 0.0721093 0.8967891 0.4365427
vn -0.1137341 0.8984348 0.4241221
vn -0.1212703 0.8888175 0.4419242
vn 0.3395057 -0.5735130 0.7455325
vn 0.6495849 -0.3499750 0.6749496
vn -0.4315064 0.6960784 0.5738267
vn 0.1447046 0.8813940 0.4496722
vn 0.0612783 0.8968381 0.4380940
vn 0.4212873 0.7736501 0.4732680
vn 0.7070608 0.5480255 0.4469152
vn -0.5747814 -0.4132360 0.7063019
vn -0.7140508 0.6961098 -0.0745827
vn 0.9035512 0.4247463 0.0564424
vn 0.8914784 0.4224531 0.1637059
vn -0.7140508 0.6961098 -0.0745827
vn -0.1137341 0.8984348 0.4241221
vn -0.3697047 0.8199815 0.4369768
vn 0.4671950 -0.4939263 0.7333251
vn 0.1600400 -0.6358311 0.7550537
vn 0.7120633 0.5605344 0.4228086
vn 0.4046407 0.8182552 0.4083189
vn -0.2311791 -0.5146399 0.8256525
vn -0.4659578 -0.3911542 0.7936509
vn 0.7120633 0.5605344 0.4228086
vn 0.1172204 0.9035630 0.4121084
vn -0.1291779 0.9082665 0.3979511
vn 0.1123522 -0.5742066 0.8109647
vn -0.0634444 -0.6174357 0.7840586
vn -0.8558265 0.4580051 0.2404001
vn 0.8031834 0.1473940 0.5772101
vn 0.7295869 0.0115381 0.6837908
vn -0.9050023 0.2002224 0.3753422
vn 0.8088274 0.3166202 0.4955299
vn 0.8031834 0.1473940 0.5772101
vn -0.8558265 0.4580051 0.2404001
vn -0.7570581 0.6436421 0.1121955
vn 0.7396776 -0.2622967 0.6197398
vn 0.4671950 -0.4939263 0.7333251
vn -0.3697047 0.8199815 0.4369768
vn -0.7570581 0.6436421 0.1121955
vn 0.8474736 0.3959803 0.3535364
vn 0.8088274 0.3166202 0.4955299
vn -0.1291779 0.9082665 0.3979511
vn -0.5090995 0.7539988 0.4150946
vn 0.3365557 -0.4544451 0.8247484
vn 0.1123522 -0.5742066 0.8109647
vn 0.0721093 0.8967891 0.4365427
vn -0.0263784 -0.6371706 0.7702712
vn -0.2311791 -0.5146399 0.8256525
vn 0.4046407 0.8182552 0.4083189
vn 0.8339867 -0.1791453 0.5218938
vn 0.7396776 -0.2622967 0.6197398
vn 0.5133768 -0.2844664 0.8096438
vn -0.5090995 0.7539988 0.4150946
vn -0.1947141 -0.6439935 0.7398370
vn 0.1921339 0.8840247 0.4261278
vn 0.4212873 0.7736501 0.4732680
vn -0.3953332 -0.5876152 0.7059886
vn -0.7282831 0.6846115 -0.0301803
vn 0.8914784 0.4224531 0.1637059
vn 0.8474736 0.3959803 0.3535364
vn -0.8957902 0.1470858 0.4194350
vn 0.6276576 -0.1181979 0.7694642
vn 0.5133768 -0.2844664 0.8096438
vn -0.8001397 0.4181584 0.4300232
vn -0.4315064 0.6960784 0.5738267
vn 0.6495849 -0.3499750 0.6749496
vn 0.8339867 -0.1791453 0.5218938
vn 0.0575448 0.6395275 -0.7666115
vn 0.1447046 0.8813940 0.4496722
vn 0.0612783 0.8968381 0.4380940
vn -0.0306250 0.6482801 -0.7607858
vn -0.1144133 -0.5833192 -0.8041445
vn 0.0575448 0.6395275 -0.7666115
vn -0.0306250 0.6482801 -0.7607858
vn 0.3395057 -0.5735130 0.7455325
vn -0.1212703 0.8888175 0.4419242
vn 0.0612783 0.8968381 0.4380940
vn 0.7583897 -0.0572794 -0.6492797
vn -0.4286094 0.0025789 -0.9034862
vn -0.4105206 0.1855381 -0.8927757
vn 0.7019239 -0.1489391 -0.6965055
vn -0.4286094 0.0025789 -0.9034862
vn -0.9938263 0.0540604 -0.0968858
vn -0.9509338 0.2865573 -0.1166609
vn -0.5908514 0.0540768 0.8049660
vn -0.6201162 0.1180622 0.7755754
vn 0.6227062 -0.0148994 0.7823139
vn 0.5683870 -0.2216504 0.7923429
vn 0.7583897 -0.0572794 -0.6492797
vn 0.7706906 -0.0214291 -0.6368491
vn -0.4347795 -0.0268292 -0.9001372
vn -0.5908514 0.0540768 0.8049660
vn -0.5840790 0.0262630 0.8112718
vn 0.6134403 0.0229106 0.7894087
vn 0.6227062 -0.0148994 0.7823139
vn -0.9938263 0.0540604 -0.0968858
vn -0.9969506 -0.0002277 -0.0780355
vn -0.4286094 0.0025789 -0.9034862
vn -0.4347795 -0.0268292 -0.9001372
vn -0.2423305 0.4615639 0.8533667
vn 0.2048074 -0.6135310 0.7626491
vn 0.1119419 -0.7076420 0.6976473
vn -0.0447187 0.4848440 0.8734567
vn -0.3891633 0.9196647 0.0526198
vn -0.1364644 0.9901957 0.0298325
vn -0.0948108 0.5277230 -0.8441086
vn -0.1916896 0.5650404 -0.8024864
vn -0.1364644 0.9901957 0.0298325
vn 0.0705656 -0.6760401 -0.7334782
vn 0.2882928 -0.5615362 -0.7756058
vn -0.1916896 0.5650404 -0.8024864
vn 0.0705656 -0.6760401 -0.7334782
vn 0.4115501 -0.4786210 0.7755955
vn 0.2048074 -0.6135310 0.7626491
vn -0.2423305 0.4615639 0.8533667
vn -0.5244746 0.2588038 0.8111393
vn -0.7738097 0.6330476 -0.0216633
vn -0.3891633 0.9196647 0.0526198
vn -0.1916896 0.5650404 -0.8024864
vn -0.3242571 0.4393058 -0.8377755
vn 0.5918369 -0.3413709 -0.7302020
vn -0.6201162 0.1180622 0.7755754
vn 0.5683870 -0.2216504 0.7923429
vn 0.4115501 -0.4786210 0.7755955
vn -0.5244746 0.2588038 0.8111393
vn -0.9509338 0.2865573 -0.1166609
vn -0.7738097 0.6330476 -0.0216633
vn 0.7019239 -0.1489391 -0.6965055
vn 0.7583897 -0.0572794 -0.6492797
vn 0.7019239 -0.1489391 -0.6965055
vn 0.5683870 -0.2216504 0.7923429
vn 0.6227062 -0.0148994 0.7823139
vn 0.7583897 -0.0572794 -0.6492797
vn 0.4115501 -0.4786210 0.7755955
vn 0.5918369 -0.3413709 -0.7302020
vn 0.2882928 -0.5615362 -0.7756058
vn 0.2048074 -0.6135310 0.7626491
vn 0.1119419 -0.7076420 0.6976473
vn 0.2048074 -0.6135310 0.7626491
vn 0.2882928 -0.5615362 -0.7756058
vn 0.0705656 -0.6760401 -0.7334782
vn 0.7019239 -0.1489391 -0.6965055
vn 0.5918369 -0.3413709 -0.7302020
vn 0.7583897 -0.0572794 -0.6492797
vn 0.6227062 -0.0148994 0.7823139
vn 0.6134403 0.0229106 0.7894087
vn 0.7706906 -0.0214291 -0.6368491
vn 0.7583897 -0.0572794 -0.6492797
vn -0.1120597 0.5571974 -0.8227841
vn 0.0667754 0.9417355 0.3296595
vn -0.0099835 0.9368181 0.3496743
vn -0.0371548 0.5705510 -0.8204213
vn 0.0667754 0.9417355 0.3296595
vn 0.1436235 -0.1370336 0.9800990
vn 0.0324087 -0.1252470 0.9915961
vn 0.7421063 -0.2817752 0.6081784
vn 0.4930328 0.8670874 0.0712609
vn 0.7007730 0.6509279 -0.2919076
vn 0.7488101 -0.2944501 0.5937866
vn 0.7421063 -0.2817752 0.6081784
vn -0.5890500 0.5550430 -0.5873222
vn -0.5384742 0.4982979 -0.6795181
vn 0.7007730 0.6509279 -0.2919076
vn 0.4930328 0.8670874 0.0712609
vn 0.6208807 0.7305934 -0.2841485
vn 0.4598849 0.8852103 0.0700608
vn 0.8495610 -0.0871699 0.5202379
vn 0.9083678 -0.1595775 0.3865269
vn 0.8236539 0.5667751 -0.0189799
vn 0.7612795 -0.6484087 -0.0044287
vn 0.7727781 -0.6342290 0.0238239
vn 0.8165834 0.5747271 -0.0536695
vn 0.6208807 0.7305934 -0.2841485
vn -0.4933362 0.6547602 -0.5726329
vn -0.5304052 0.7050211 -0.4707605
vn 0.4598849 0.8852103 0.0700608
vn 0.8165834 0.5747271 -0.0536695
vn 0.7727781 -0.6342290 0.0238239
vn 0.8278438 -0.5376725 0.1599466
vn 0.7828548 0.5638666 -0.2630453
vn -0.3316308 0.9433934 -0.0054695
vn 0.8236539 0.5667751 -0.0189799
vn 0.8165834 0.5747271 -0.0536695
vn -0.3243375 0.9444528 -0.0530470
vn -0.3243375 0.9444528 -0.0530470
vn 0.8165834 0.5747271 -0.0536695
vn 0.7828548 0.5638666 -0.2630453
vn -0.3030963 0.8940618 -0.3298275
vn -0.3243375 0.9444528 -0.0530470
vn 0.7828548 0.5638666 -0.2630453
vn 0.8278438 -0.5376725 0.1599466
vn 0.8667871 -0.3557723 0.3494371
vn 0.7436542 0.3224521 -0.5856646
vn 0.4352010 -0.1855803 0.8809995
vn 0.1436235 -0.1370336 0.9800990
vn 0.0667754 0.9417355 0.3296595
vn 0.2644593 0.9344708 0.2383814
vn 0.7567789 -0.2973578 0.5821202
vn 0.4799840 0.8770507 0.0199351
vn 0.6502986 0.7098737 -0.2705383
vn 0.8502677 -0.3518989 0.3914230
vn -0.3030963 0.8940618 -0.3298275
vn 0.7828548 0.5638666 -0.2630453
vn 0.7436542 0.3224521 -0.5856646
vn -0.3323973 0.5751370 -0.7474821
vn 0.2644593 0.9344708 0.2383814
vn -0.1120597 0.5571974 -0.8227841
vn -0.3234214 0.5463155 -0.7726176
vn 0.4799840 0.8770507 0.0199351
vn -0.5705519 0.5970515 -0.5639149
vn -0.6247503 0.6060064 -0.4923854
vn 0.4799840 0.8770507 0.0199351
vn 0.4598849 0.8852103 0.0700608
vn 0.3481821 0.9014999 0.2570353
vn 0.7730901 -0.1823278 0.6075264
vn 0.8495610 -0.0871699 0.5202379
vn -0.5304052 0.7050211 -0.4707605
vn -0.5975903 0.6430901 -0.4788747
vn 0.4598849 0.8852103 0.0700608
vn 0.4799840 0.8770507 0.0199351
vn 0.7567789 -0.2973578 0.5821202
vn 0.4352010 -0.1855803 0.8809995
vn 0.2644593 0.9344708 0.2383814
vn 0.6208807 0.7305934 -0.2841485
vn 0.9083678 -0.1595775 0.3865269
vn 0.8502677 -0.3518989 0.3914230
vn 0.6502986 0.7098737 -0.2705383
vn -0.5705519 0.5970515 -0.5639149
vn 0.4799840 0.8770507 0.0199351
vn 0.2644593 0.9344708 0.2383814
vn -0.3234214 0.5463155 -0.7726176
vn -0.5705519 0.5970515 -0.5639149
vn 0.6208807 0.7305934 -0.2841485
vn -0.6247503 0.6060064 -0.4923854
vn -0.4933362 0.6547602 -0.5726329
vn 0.6208807 0.7305934 -0.2841485
vn 0.7436542 0.3224521 -0.5856646
vn 0.8667871 -0.3557723 0.3494371
vn 0.7977016 -0.2504298 0.5485956
vn 0.7623965 0.1694725 -0.6245243
vn 0.7436542 0.3224521 -0.5856646
vn -0.3323973 0.5751370 -0.7474821
vn -0.4485709 0.3227979 -0.8334181
vn 0.7977016 -0.2504298 0.5485956
vn 0.7778006 -0.2680026 0.5685076
vn 0.7725973 0.3573257 -0.5247970
vn 0.7623965 0.1694725 -0.6245243
vn -0.4792459 0.4034381 -0.7794620
vn -0.4485709 0.3227979 -0.8334181
vn 0.7778006 -0.2680026 0.5685076
vn 0.7488101 -0.2944501 0.5937866
vn 0.7007730 0.6509279 -0.2919076
vn 0.7725973 0.3573257 -0.5247970
vn 0.7778006 -0.2680026 0.5685076
vn -0.4792459 0.4034381 -0.7794620
vn 0.7007730 0.6509279 -0.2919076
vn -0.5384742 0.4982979 -0.6795181
vn 0.3481821 0.9014999 0.2570353
vn 0.4930328 0.8670874 0.0712609
vn 0.7421063 -0.2817752 0.6081784
vn 0.7730901 -0.1823278 0.6075264
vn -0.5975903 0.6430901 -0.4788747
vn -0.5890500 0.5550430 -0.5873222
vn 0.4930328 0.8670874 0.0712609
vn -0.8803695 -0.4255648 0.2093898
vn -0.3030963 0.8940618 -0.3298275
vn -0.3323973 0.5751370 -0.7474821
vn -0.8753146 -0.2010020 0.4397983
vn -0.3234214 0.5463155 -0.7726176
vn -0.1120597 0.5571974 -0.8227841
vn -0.0778963 -0.9121221 -0.4024492
vn -0.3190834 -0.8777542 -0.3573982
vn -0.5705519 0.5970515 -0.5639149
vn -0.5992162 -0.7906785 -0.1255681
vn -0.6078831 -0.7381360 0.2926319
vn -0.6247503 0.6060064 -0.4923854
vn 0.7488101 -0.2944501 0.5937866
vn -0.6854714 -0.6644518 0.2977124
vn -0.4786213 -0.8760852 -0.0582780
vn 0.7421063 -0.2817752 0.6081784
vn 0.0324087 -0.1252470 0.9915961
vn 0.1436235 -0.1370336 0.9800990
vn -0.0778963 -0.9121221 -0.4024492
vn 0.0080740 -0.9190473 -0.3940645
vn -0.6078831 -0.7381360 0.2926319
vn -0.5992162 -0.7906785 -0.1255681
vn 0.7567789 -0.2973578 0.5821202
vn 0.8502677 -0.3518989 0.3914230
vn -0.0371548 0.5705510 -0.8204213
vn 0.0080740 -0.9190473 -0.3940645
vn -0.1120597 0.5571974 -0.8227841
vn 0.7730901 -0.1823278 0.6075264
vn 0.7421063 -0.2817752 0.6081784
vn -0.3296390 -0.9124752 -0.2423369
vn 0.7977016 -0.2504298 0.5485956
vn 0.8667871 -0.3557723 0.3494371
vn -0.8753146 -0.2010020 0.4397983
vn -0.7639501 -0.1564655 0.6260182
vn -0.3296390 -0.9124752 -0.2423369
vn -0.4498280 -0.8905329 -0.0678671
vn 0.8495610 -0.0871699 0.5202379
vn 0.7730901 -0.1823278 0.6075264
vn 0.7778006 -0.2680026 0.5685076
vn 0.7977016 -0.2504298 0.5485956
vn -0.7639501 -0.1564655 0.6260182
vn -0.7456639 -0.3708906 0.5535571
vn -0.5384742 0.4982979 -0.6795181
vn -0.5890500 0.5550430 -0.5873222
vn 0.8495610 -0.0871699 0.5202379
vn -0.4498280 -0.8905329 -0.0678671
vn -0.6085204 -0.7406193 0.2849314
vn 0.9083678 -0.1595775 0.3865269
vn 0.7778006 -0.2680026 0.5685076
vn 0.7488101 -0.2944501 0.5937866
vn -0.3296390 -0.9124752 -0.2423369
vn -0.5890500 0.5550430 -0.5873222
vn 0.7612795 -0.6484087 -0.0044287
vn -0.8261787 -0.5630888 0.0189700
vn -0.8366432 -0.5453429 0.0512758
vn 0.7727781 -0.6342290 0.0238239
vn 0.7727781 -0.6342290 0.0238239
vn -0.8366432 -0.5453429 0.0512758
vn -0.8803695 -0.4255648 0.2093898
vn 0.8278438 -0.5376725 0.1599466
vn -0.4485709 0.3227979 -0.8334181
vn -0.3323973 0.5751370 -0.7474821
vn 0.7567789 -0.2973578 0.5821202
vn -0.5992162 -0.7906785 -0.1255681
vn -0.3190834 -0.8777542 -0.3573982
vn 0.4352010 -0.1855803 0.8809995
vn 0.7567789 -0.2973578 0.5821202
vn 0.9083678 -0.1595775 0.3865269
vn -0.6085204 -0.7406193 0.2849314
vn -0.6078831 -0.7381360 0.2926319
vn 0.8502677 -0.3518989 0.3914230
vn 0.9083678 -0.1595775 0.3865269
vn -0.5304052 0.7050211 -0.4707605
vn -0.4498280 -0.8905329 -0.0678671
vn -0.3296390 -0.9124752 -0.2423369
vn 0.8278438 -0.5376725 0.1599466
vn 0.8667871 -0.3557723 0.3494371
vn -0.4485709 0.3227979 -0.8334181
vn -0.3190834 -0.8777542 -0.3573982
vn -0.0778963 -0.9121221 -0.4024492
vn 0.1436235 -0.1370336 0.9800990
vn 0.4352010 -0.1855803 0.8809995
vn -0.5304052 0.7050211 -0.4707605
vn -0.4933362 0.6547602 -0.5726329
vn -0.6085204 -0.7406193 0.2849314
vn -0.4498280 -0.8905329 -0.0678671
vn -0.5304052 0.7050211 -0.4707605
vn -0.5384742 0.4982979 -0.6795181
vn -0.3316308 0.9433934 -0.0054695
vn -0.3243375 0.9444528 -0.0530470
vn -0.8261787 -0.5630888 0.0189700
vn -0.3243375 0.9444528 -0.0530470
vn -0.3030963 0.8940618 -0.3298275
vn -0.8366432 -0.5453429 0.0512758
vn -0.5705519 0.5970515 -0.5639149
vn -0.3234214 0.5463155 -0.7726176
vn -0.4933362 0.6547602 -0.5726329
vn -0.6247503 0.6060064 -0.4923854
vn -0.6078831 -0.7381360 0.2926319
vn -0.6085204 -0.7406193 0.2849314
vn -0.4933362 0.6547602 -0.5726329
vn 0.5700319 0.8186253 -0.0701164
vn -0.1631984 0.8146592 0.5565039
vn -0.2075213 0.8240094 0.5272034
vn 0.4213738 0.8759078 -0.2350100
vn 0.7604472 0.0067290 -0.6493650
vn 0.9330061 0.0071116 -0.3597904
vn 0.5700319 0.8186253 -0.0701164
vn 0.4213738 0.8759078 -0.2350100
vn 0.4208365 -0.8778930 -0.2284745
vn 0.5621131 -0.8238735 -0.0725350
vn 0.9330061 0.0071116 -0.3597904
vn 0.7604472 0.0067290 -0.6493650
vn 0.4208365 -0.8778930 -0.2284745
vn -0.5022420 0.0000000 0.8647271
vn -0.4946702 0.0001080 0.8690808
vn -0.1631984 0.8146592 0.5565039
vn -0.2076298 -0.8241086 0.5270055
vn -0.1631980 -0.8146588 0.5565047
vn -0.4946702 0.0001080 0.8690808
vn 0.5107973 -0.0000000 0.8597012
vn 0.1717524 0.8161138 0.5517783
vn 0.2068841 0.8236411 0.5280287
vn 0.4901954 -0.0000001 0.8716125
vn 0.2077087 -0.8291265 0.5190437
vn 0.1549085 -0.8184588 0.5532889
vn 0.2077087 -0.8291265 0.5190437
vn -0.4032583 -0.8840095 -0.2364528
vn -0.5735294 -0.8179138 -0.0456183
vn 0.1717524 0.8161138 0.5517783
vn -0.5638482 0.8227625 -0.0716729
vn -0.4181741 0.8791631 -0.2284791
vn -0.4032583 -0.8840095 -0.2364528
vn -0.7594410 -0.0085896 -0.6505195
vn -0.9411396 -0.0095592 -0.3378829
vn -0.5735294 -0.8179138 -0.0456183
vn -0.4181741 0.8791631 -0.2284791
vn -0.9411396 -0.0095592 -0.3378829
vn -0.7594410 -0.0085896 -0.6505195
vn 0.1204525 -0.8960664 -0.4272660
vn 0.2646001 0.0003355 -0.9643582
vn -0.0131483 -0.0000002 -0.9999136
vn -0.0044001 -0.8750203 -0.4840663
vn -0.1538564 -0.8373274 0.5246056
vn 0.0030324 -0.8537044 0.5207491
vn 0.0022908 0.0002726 0.9999973
vn -0.2842685 0.0001187 0.9587447
vn 0.0030324 -0.8537044 0.5207491
vn 0.1202720 0.8959440 -0.4275734
vn -0.0044001 0.8750204 -0.4840661
vn -0.0131483 -0.0000002 -0.9999136
vn 0.2646001 0.0003355 -0.9643582
vn -0.1540890 0.8372571 0.5246495
vn 0.0034815 0.8535385 0.5210181
vn -0.0044001 0.8750204 -0.4840661
vn -0.1540890 0.8372571 0.5246495
vn -0.2842685 0.0001187 0.9587447
vn 0.2782796 0.0002728 0.9605001
vn 0.1497697 -0.8400562 0.5214160
vn 0.2077087 -0.8291265 0.5190437
vn 0.1497697 -0.8400562 0.5214160
vn -0.1214494 -0.8914767 -0.4364853
vn -0.4032583 -0.8840095 -0.2364528
vn -0.2617360 -0.0000001 -0.9651395
vn -0.7594410 -0.0085896 -0.6505195
vn -0.1214494 -0.8914767 -0.4364853
vn 0.7604472 0.0067290 -0.6493650
vn 0.2646001 0.0003355 -0.9643582
vn 0.4213738 0.8759078 -0.2350100
vn -0.2075213 0.8240094 0.5272034
vn -0.1540890 0.8372571 0.5246495
vn 0.1202720 0.8959440 -0.4275734
vn -0.2075213 0.8240094 0.5272034
vn -0.4946702 0.0001080 0.8690808
vn -0.2842685 0.0001187 0.9587447
vn 0.4208365 -0.8778930 -0.2284745
vn 0.7604472 0.0067290 -0.6493650
vn 0.2646001 0.0003355 -0.9643582
vn 0.1204525 -0.8960664 -0.4272660
vn -0.1214493 0.8914768 -0.4364850
vn -0.4181741 0.8791631 -0.2284791
vn -0.7594410 -0.0085896 -0.6505195
vn -0.2617360 -0.0000001 -0.9651395
vn -0.1214493 0.8914768 -0.4364850
vn 0.1493764 0.8398904 0.5217958
vn 0.2068841 0.8236411 0.5280287
vn -0.1214493 0.8914768 -0.4364850
vn 0.2782796 0.0002728 0.9605001
vn 0.4901954 -0.0000001 0.8716125
vn 0.2068841 0.8236411 0.5280287
vn 0.1493764 0.8398904 0.5217958
vn -0.2617360 -0.0000001 -0.9651395
vn -0.1214494 -0.8914767 -0.4364853
vn -0.0044001 -0.8750203 -0.4840663
vn -0.0131483 -0.0000002 -0.9999136
vn -0.2617360 -0.0000001 -0.9651395
vn 0.0034815 0.8535385 0.5210181
vn 0.0022908 0.0002726 0.9999973
vn 0.1497697 -0.8400562 0.5214160
vn -0.0044001 -0.8750203 -0.4840663
vn -0.0044001 0.8750204 -0.4840661
vn -0.1214493 0.8914768 -0.4364850
vn -0.2617360 -0.0000001 -0.9651395
vn -0.0131483 -0.0000002 -0.9999136
vn 0.3583517 -0.9318467 -0.0569711
vn 0.4362868 -0.8595630 -0.2660925
vn -0.5022889 -0.7466645 -0.4361169
vn -0.5499899 -0.8332701 -0.0563207
vn 0.3583517 -0.9318467 -0.0569711
vn 0.9867047 -0.1207685 0.1087600
vn 0.9635685 -0.1674783 0.2085349
vn 0.6140000 0.7509331 0.2431121
vn 0.5868868 0.6305265 0.5079373
vn -0.2988176 0.8777470 0.3745241
vn -0.2957983 0.9322118 0.2085297
vn -0.9160635 0.4003195 -0.0239140
vn -0.2988176 0.8777470 0.3745241
vn -0.9380320 0.3378779 0.0770355
vn -0.9254047 -0.2257362 -0.3044164
vn -0.9160635 0.4003195 -0.0239140
vn -0.9463124 -0.3231608 -0.0077466
vn -0.9254047 -0.2257362 -0.3044164
vn -0.5022889 -0.7466645 -0.4361169
vn -0.9463124 -0.3231608 -0.0077466
vn -0.5499899 -0.8332701 -0.0563207
vn -0.5022889 -0.7466645 -0.4361169
vn -0.5183285 0.5834462 0.6252408
vn -0.7515680 0.6144336 -0.2400351
vn -0.5550565 0.8108574 -0.1855333
vn -0.5676765 0.5073567 0.6483306
vn -0.5183285 0.5834462 0.6252408
vn 0.7195089 -0.5457452 0.4294986
vn 0.5720433 -0.6148018 -0.5429412
vn 0.5058871 -0.7073750 -0.4936586
vn 0.8626323 -0.3520411 0.3632253
vn 0.7195089 -0.5457452 0.4294986
vn 0.1884781 0.0282140 0.9816720
vn -0.5183285 0.5834462 0.6252408
vn -0.0392867 -0.2081016 0.9773179
vn -0.4141827 0.7054950 0.5750909
vn -0.5183285 0.5834462 0.6252408
vn 0.4092606 0.3202911 0.8543532
vn -0.4141827 0.7054950 0.5750909
vn 0.5058871 -0.7073750 -0.4936586
vn -0.0757327 -0.1366262 -0.9877236
vn -0.2866232 -0.4007418 -0.8702029
vn -0.5304986 0.3061025 -0.7904888
vn -0.7370191 0.0515400 -0.6739039
vn -0.0757327 -0.1366262 -0.9877236
vn -0.5304986 0.3061025 -0.7904888
vn -0.7515680 0.6144336 -0.2400351
vn -0.8560491 0.4876178 -0.1714900
vn -0.7370191 0.0515400 -0.6739039
vn -0.5304986 0.3061025 -0.7904888
vn 0.5868868 0.6305265 0.5079373
vn -0.2988176 0.8777470 0.3745241
vn 0.4092606 0.3202911 0.8543532
vn 0.5868868 0.6305265 0.5079373
vn -0.9160635 0.4003195 -0.0239140
vn -0.8560491 0.4876178 -0.1714900
vn -0.9254047 -0.2257362 -0.3044164
vn -0.7370191 0.0515400 -0.6739039
vn -0.5022889 -0.7466645 -0.4361169
vn -0.2866232 -0.4007418 -0.8702029
vn 0.7195089 -0.5457452 0.4294986
vn 0.8626323 -0.3520411 0.3632253
vn 0.5058871 -0.7073750 -0.4936586
vn -0.2866232 -0.4007418 -0.8702029
vn -0.5022889 -0.7466645 -0.4361169
vn 0.4362868 -0.8595630 -0.2660925
vn 0.7195089 -0.5457452 0.4294986
vn -0.0392867 -0.2081016 0.9773179
vn 0.5379625 -0.7225575 0.4341739
vn 0.9635685 -0.1674783 0.2085349
vn 0.8626323 -0.3520411 0.3632253
vn 0.7195089 -0.5457452 0.4294986
vn 0.6835745 -0.5264264 -0.5055701
vn 0.5720433 -0.6148018 -0.5429412
vn 0.8626323 -0.3520411 0.3632253
vn 0.5868868 0.6305265 0.5079373
vn 0.6835745 -0.5264264 -0.5055701
vn 0.3449849 0.1799733 -0.9211922
vn -0.0757327 -0.1366262 -0.9877236
vn -0.0757327 -0.1366262 -0.9877236
vn 0.3449849 0.1799733 -0.9211922
vn -0.1333594 0.6582671 -0.7408777
vn -0.5304986 0.3061025 -0.7904888
vn -0.7515680 0.6144336 -0.2400351
vn -0.1333594 0.6582671 -0.7408777
vn -0.5550565 0.8108574 -0.1855333
vn -0.7515680 0.6144336 -0.2400351
vn 0.5379625 -0.7225575 0.4341739
vn -0.1942554 -0.1637606 0.9671853
vn 0.4346918 -0.7032926 0.5625145
vn 0.5379625 -0.7225575 0.4341739
vn 0.6835745 -0.5264264 -0.5055701
vn 0.4346918 -0.7032926 0.5625145
vn 0.8406346 -0.4832846 -0.2444777
vn 0.7087328 0.2055424 -0.6748705
vn 0.3449849 0.1799733 -0.9211922
vn 0.8406346 -0.4832846 -0.2444777
vn -0.0392867 -0.2081016 0.9773179
vn -0.5676765 0.5073567 0.6483306
vn -0.5266612 0.6470056 0.5513726
vn -0.1942554 -0.1637606 0.9671853
vn 0.2403958 0.7044938 -0.6677563
vn -0.1333594 0.6582671 -0.7408777
vn 0.3449849 0.1799733 -0.9211922
vn 0.7087328 0.2055424 -0.6748705
vn -0.2260900 0.9349372 -0.2734517
vn -0.5550565 0.8108574 -0.1855333
vn 0.2403958 0.7044938 -0.6677563
vn -0.2260900 0.9349372 -0.2734517
vn -0.5266612 0.6470056 0.5513726
vn -0.2244679 0.8308328 -0.5092455
vn 0.4101671 0.8542659 -0.3193631
vn 0.3459526 0.9315473 -0.1119664
vn -0.2946843 0.9442172 -0.1470208
vn -0.2244679 0.8308328 -0.5092455
vn 0.8674491 0.4967755 0.0273153
vn 0.8621080 0.5066109 -0.0107359
vn 0.3459526 0.9315473 -0.1119664
vn 0.4101671 0.8542659 -0.3193631
vn 0.8650193 -0.2578272 0.4304263
vn 0.9124552 -0.3762594 0.1607931
vn 0.8621080 0.5066109 -0.0107359
vn 0.8674491 0.4967755 0.0273153
vn 0.1959831 -0.9598353 0.2007658
vn 0.1654896 -0.8416388 0.5140597
vn -0.6894063 -0.7081579 0.1524182
vn -0.7235928 -0.6874067 0.0623331
vn 0.9124552 -0.3762594 0.1607931
vn -0.6894063 -0.7081579 0.1524182
vn -0.9196397 0.1356074 -0.3686103
vn -0.9475458 0.3027213 -0.1025516
vn -0.9475458 0.3027213 -0.1025516
vn -0.9196397 0.1356074 -0.3686103
vn -0.2244679 0.8308328 -0.5092455
vn -0.6894063 -0.7081579 0.1524182
vn 0.1654896 -0.8416388 0.5140597
vn -0.0599693 -0.4889988 0.8702206
vn -0.7239843 -0.6617420 0.1947929
vn 0.8650193 -0.2578272 0.4304263
vn 0.6432395 0.1176242 0.7565762
vn 0.8060236 0.5888319 0.0600248
vn 0.8674491 0.4967755 0.0273153
vn -0.6721394 -0.1713411 -0.7203269
vn 0.0299392 0.4421044 -0.8964638
vn -0.9196397 0.1356074 -0.3686103
vn -0.7239843 -0.6617420 0.1947929
vn -0.6721394 -0.1713411 -0.7203269
vn 0.8674491 0.4967755 0.0273153
vn 0.4101671 0.8542659 -0.3193631
vn 0.5246314 0.6605170 -0.5371026
vn -0.2244679 0.8308328 -0.5092455
vn 0.0299392 0.4421044 -0.8964638
vn -0.2791385 -0.2288532 0.9325813
vn -0.0599693 -0.4889988 0.8702206
vn 0.3876569 0.4330918 0.8137282
vn 0.7288290 0.6809721 0.0713111
vn 0.6613444 0.5040494 -0.5554798
vn 0.3524457 0.0912590 -0.9313720
vn 0.3524457 0.0912590 -0.9313720
vn 0.0299392 0.4421044 -0.8964638
vn -0.6721394 -0.1713411 -0.7203269
vn -0.3192421 -0.5697557 -0.7572733
vn -0.6686230 -0.7171965 0.1963988
vn -0.7239843 -0.6617420 0.1947929
vn -0.2791385 -0.2288532 0.9325813
vn -0.4262575 -0.2472978 0.8701427
vn -0.5049086 -0.8592337 0.0823702
vn -0.6686230 -0.7171965 0.1963988
vn 0.0269646 -0.6197407 -0.7843433
vn -0.3192421 -0.5697557 -0.7572733
vn 0.3524457 0.0912590 -0.9313720
vn 0.5860432 0.1566855 -0.7949862
vn 0.1201003 0.4966668 0.8595917
vn 0.3524457 0.0912590 -0.9313720
vn 0.5860432 0.1566855 -0.7949862
vn 0.7310278 0.5880095 -0.3461837
vn 0.7288290 0.6809721 0.0713111
vn 0.5948651 0.7622147 0.2552729
vn 0.3876569 0.4330918 0.8137282
vn 0.2244686 0.8308329 -0.5092451
vn 0.2946854 0.9442168 -0.1470209
vn -0.3459526 0.9315473 -0.1119664
vn -0.4101667 0.8542663 -0.3193624
vn -0.8621080 0.5066109 -0.0107359
vn -0.8674488 0.4967760 0.0273161
vn -0.9124552 -0.3762594 0.1607931
vn -0.8650194 -0.2578267 0.4304264
vn -0.1959845 -0.9598350 0.2007658
vn 0.7235917 -0.6874078 0.0623333
vn 0.6894052 -0.7081589 0.1524185
vn -0.1654909 -0.8416386 0.5140596
vn 0.9475461 0.3027203 -0.1025515
vn 0.9196400 0.1356067 -0.3686097
vn 0.7235917 -0.6874078 0.0623333
vn 0.9475461 0.3027203 -0.1025515
vn 0.2946854 0.9442168 -0.1470209
vn 0.9196400 0.1356067 -0.3686097
vn 0.9475461 0.3027203 -0.1025515
vn 0.6894052 -0.7081589 0.1524185
vn 0.7239840 -0.6617423 0.1947928
vn 0.0599682 -0.4889989 0.8702206
vn -0.1654909 -0.8416386 0.5140596
vn -0.6432392 0.1176257 0.7565762
vn -0.8060224 0.5888336 0.0600240
vn 0.6721394 -0.1713415 -0.7203269
vn 0.9196400 0.1356067 -0.3686097
vn -0.0299380 0.4421044 -0.8964638
vn 0.6721394 -0.1713415 -0.7203269
vn 0.9196400 0.1356067 -0.3686097
vn 0.6721394 -0.1713415 -0.7203269
vn -0.5246287 0.6605183 -0.5371036
vn -0.4101667 0.8542663 -0.3193624
vn -0.0299380 0.4421044 -0.8964638
vn 0.2791384 -0.2288534 0.9325813
vn -0.3876567 0.4330919 0.8137283
vn 0.0599682 -0.4889989 0.8702206
vn -0.7288289 0.6809723 0.0713109
vn -0.6613447 0.5040491 -0.5554797
vn -0.3524460 0.0912583 -0.9313720
vn -0.3524460 0.0912583 -0.9313720
vn 0.3192421 -0.5697560 -0.7572731
vn 0.6721394 -0.1713415 -0.7203269
vn -0.0299380 0.4421044 -0.8964638
vn 0.6686227 -0.7171968 0.1963987
vn 0.7239840 -0.6617423 0.1947928
vn 0.2791384 -0.2288534 0.9325813
vn 0.6686227 -0.7171968 0.1963987
vn 0.5049086 -0.8592337 0.0823703
vn 0.4262574 -0.2472977 0.8701428
vn 0.3192421 -0.5697560 -0.7572731
vn -0.0269651 -0.6197406 -0.7843434
vn -0.3524460 0.0912583 -0.9313720
vn -0.5860451 0.1566873 -0.7949844
vn -0.1201002 0.4966666 0.8595919
vn -0.7310283 0.5880101 -0.3461818
vn -0.5860451 0.1566873 -0.7949844
vn -0.5948653 0.7622144 0.2552734
vn -0.3583517 -0.9318467 -0.0569721
vn 0.5499899 -0.8332701 -0.0563207
vn 0.5022892 -0.7466647 -0.4361163
vn -0.4362883 -0.8595622 -0.2660929
vn -0.3583517 -0.9318467 -0.0569721
vn -0.9635688 -0.1674776 0.2085341
vn -0.9867049 -0.1207672 0.1087599
vn -0.5868877 0.6305258 0.5079371
vn -0.6140001 0.7509330 0.2431121
vn 0.2988164 0.8777473 0.3745244
vn 0.2957983 0.9322119 0.2085289
vn 0.9160636 0.4003194 -0.0239138
vn 0.9380321 0.3378777 0.0770351
vn 0.2988164 0.8777473 0.3745244
vn 0.9160636 0.4003194 -0.0239138
vn 0.9254047 -0.2257363 -0.3044163
vn 0.9463123 -0.3231608 -0.0077466
vn 0.5022892 -0.7466647 -0.4361163
vn 0.5499899 -0.8332701 -0.0563207
vn 0.9254047 -0.2257363 -0.3044163
vn 0.5022892 -0.7466647 -0.4361163
vn 0.5183293 0.5834456 0.6252407
vn 0.5676764 0.5073570 0.6483305
vn 0.5550560 0.8108577 -0.1855332
vn 0.7515688 0.6144327 -0.2400349
vn -0.7195091 -0.5457451 0.4294985
vn -0.8626326 -0.3520391 0.3632264
vn -0.5058876 -0.7073748 -0.4936585
vn -0.5720426 -0.6148019 -0.5429418
vn -0.1884777 0.0282148 0.9816721
vn 0.0392869 -0.2081015 0.9773179
vn 0.4141837 0.7054945 0.5750908
vn -0.4092598 0.3202925 0.8543531
vn 0.2866238 -0.4007435 -0.8702020
vn 0.0757321 -0.1366263 -0.9877236
vn -0.5058876 -0.7073748 -0.4936585
vn 0.5304989 0.3061012 -0.7904890
vn 0.0757321 -0.1366263 -0.9877236
vn 0.7370199 0.0515384 -0.6739031
vn 0.5304989 0.3061012 -0.7904890
vn 0.7515688 0.6144327 -0.2400349
vn 0.5304989 0.3061012 -0.7904890
vn 0.7370199 0.0515384 -0.6739031
vn 0.8560502 0.4876159 -0.1714898
vn 0.7515688 0.6144327 -0.2400349
vn -0.5868877 0.6305258 0.5079371
vn 0.2988164 0.8777473 0.3745244
vn 0.8560502 0.4876159 -0.1714898
vn 0.9160636 0.4003194 -0.0239138
vn 0.7370199 0.0515384 -0.6739031
vn 0.9254047 -0.2257363 -0.3044163
vn 0.8560502 0.4876159 -0.1714898
vn 0.7370199 0.0515384 -0.6739031
vn 0.2866238 -0.4007435 -0.8702020
vn 0.5022892 -0.7466647 -0.4361163
vn -0.5058876 -0.7073748 -0.4936585
vn -0.4362883 -0.8595622 -0.2660929
vn 0.5022892 -0.7466647 -0.4361163
vn 0.2866238 -0.4007435 -0.8702020
vn -0.7195091 -0.5457451 0.4294985
vn -0.5379624 -0.7225574 0.4341741
vn 0.0392869 -0.2081015 0.9773179
vn -0.8626326 -0.3520391 0.3632264
vn -0.5720426 -0.6148019 -0.5429418
vn -0.6835744 -0.5264263 -0.5055704
vn -0.5868877 0.6305258 0.5079371
vn 0.0757321 -0.1366263 -0.9877236
vn -0.3449849 0.1799739 -0.9211920
vn 0.0757321 -0.1366263 -0.9877236
vn 0.5304989 0.3061012 -0.7904890
vn 0.1333592 0.6582674 -0.7408774
vn -0.3449849 0.1799739 -0.9211920
vn 0.0757321 -0.1366263 -0.9877236
vn 0.7515688 0.6144327 -0.2400349
vn 0.5550560 0.8108577 -0.1855332
vn 0.1333592 0.6582674 -0.7408774
vn 0.5304989 0.3061012 -0.7904890
vn -0.4346916 -0.7032930 0.5625142
vn 0.1942554 -0.1637609 0.9671852
vn 0.0392869 -0.2081015 0.9773179
vn -0.6835744 -0.5264263 -0.5055704
vn -0.8406342 -0.4832844 -0.2444797
vn -0.3449849 0.1799739 -0.9211920
vn -0.7087336 0.2055427 -0.6748695
vn 0.5266613 0.6470055 0.5513726
vn 0.5676764 0.5073570 0.6483305
vn -0.2403961 0.7044939 -0.6677560
vn -0.7087336 0.2055427 -0.6748695
vn -0.3449849 0.1799739 -0.9211920
vn 0.1333592 0.6582674 -0.7408774
vn 0.2260902 0.9349372 -0.2734514
vn 0.5550560 0.8108577 -0.1855332
vn -0.7071068 0.0000000 0.7071068
vn 0.7071068 0.0000000 0.7071068
vn 0.3015113 -0.3015114 0.9045341
vn -0.7172835 0.2971086 0.6302625
vn -0.7071068 0.0000000 0.7071068
vn 0.0000001 0.7071069 -0.7071067
vn -0.3015116 -0.3015114 -0.9045339
vn 0.3015112 -0.3015113 -0.9045341
vn -0.2971086 0.7172835 -0.6302625
vn 0.0000002 0.7071068 0.7071068
vn 0.3016997 -0.3041037 0.9036029
vn -0.3015113 -0.3015114 0.9045340
vn 0.2971087 0.7172836 0.6302624
vn 0.7172835 0.2971086 -0.6302625
vn -0.3015113 -0.3015114 -0.9045340
vn 0.2971086 0.7172834 -0.6302626
vn -0.2971086 0.7172835 0.6302625
vn -0.2971086 0.7172835 -0.6302625
vn -0.7172835 0.2971086 -0.6302625
vn -0.7172835 0.2971086 0.6302625
vn 0.2971087 0.7172836 0.6302624
vn 0.7172835 0.2971086 0.6302625
vn 0.7172835 0.2971086 -0.6302625
vn 0.2971087 0.7172836 0.6302624
vn -0.7071068 0.0000000 0.7071068
vn 0.7071068 0.0000000 0.7071068
vn -0.3015114 -0.3015111 0.9045341
vn 0.0000001 0.7071068 0.7071068
vn -0.2971086 0.7172835 0.6302625
vn 0.3015113 -0.3015114 0.9045341
vn -0.3015114 -0.3015111 0.9045341
vn -0.2971086 0.7172835 0.6302625
vn 0.7071068 0.0000000 -0.7071068
vn -0.7071068 0.0000000 -0.7071068
vn -0.3015113 -0.3015114 -0.9045340
vn 0.7172835 0.2971086 -0.6302625
vn 0.7071068 0.0000000 -0.7071068
vn 0.3016996 -0.3041034 -0.9036030
vn 0.0000002 0.7071068 -0.7071067
vn -0.3015113 -0.3015114 -0.9045340
vn 0.3015112 -0.3015113 -0.9045341
vn -0.7172835 0.2971086 -0.6302625
vn -0.2971086 0.7172835 -0.6302625
vn 0.3015112 -0.3015113 -0.9045341
vn 0.7071068 -0.0000000 -0.7071068
vn -0.7071068 0.0000000 -0.7071068
vn -0.3879785 -0.6911616 -0.6097281
vn -0.7905197 -0.0196428 -0.6121215
vn 0.0098066 -0.7039101 -0.7102214
vn -0.9996914 -0.0248404 0.0000002
vn -0.7905197 -0.0196428 -0.6121215
vn -0.3879785 -0.6911616 -0.6097281
vn -0.4894942 -0.8720065 0.0000001
vn 0.0098066 -0.7039101 -0.7102214
vn 0.0139302 -0.9999030 -0.0000000
vn -0.4894942 -0.8720065 0.0000001
vn -0.0136311 0.9999071 -0.0000000
vn -0.0096804 0.7101156 -0.7040186
vn -0.4150148 0.6767032 -0.6081410
vn -0.5228012 0.8524546 0.0000001
vn -0.0136311 0.9999071 -0.0000000
vn -0.7905197 -0.0196428 -0.6121215
vn -0.7905197 -0.0196428 -0.6121215
vn 0.0098066 -0.7039101 -0.7102214
vn -0.0096804 0.7101156 -0.7040186
vn 0.1881860 -0.9821304 -0.0024413
vn 0.0088322 -0.8151907 -0.5791253
vn -0.3831927 -0.7684106 -0.5125509
vn 0.2201014 -0.6498051 -0.7275361
vn 0.1881860 -0.9821304 -0.0024413
vn -0.1881866 0.9821303 0.0024414
vn -0.6744061 0.3063220 -0.6718208
vn -0.6375900 0.6341821 -0.4373695
vn -0.6744061 0.3063220 -0.6718208
vn -0.2290032 0.6917961 -0.6848180
vn 0.2201014 -0.6498051 -0.7275361
vn -0.3831927 -0.7684106 -0.5125509
vn -0.3831927 -0.7684106 -0.5125509
vn -0.6375900 0.6341821 -0.4373695
vn -0.6744061 0.3063220 -0.6718208
vn -0.6215705 -0.1017742 -0.7767188
vn -0.5952263 0.3864284 -0.7045415
vn -0.6375900 0.6341821 -0.4373695
vn 0.0088322 -0.8151907 -0.5791253
vn -0.6891953 0.3671767 0.6246527
vn -0.9337491 0.0453348 -0.3550455
vn -0.6215705 -0.1017742 -0.7767188
vn -0.1881872 -0.9821301 -0.0024414
vn -0.2201015 -0.6498051 -0.7275360
vn 0.3831921 -0.7684110 -0.5125509
vn -0.0088326 -0.8151909 -0.5791251
vn 0.1881869 0.9821302 0.0024414
vn 0.6744063 0.3063214 -0.6718209
vn 0.2290033 0.6917961 -0.6848179
vn 0.6744063 0.3063214 -0.6718209
vn 0.3831921 -0.7684110 -0.5125509
vn -0.2201015 -0.6498051 -0.7275360
vn 0.6744063 0.3063214 -0.6718209
vn 0.6375903 0.6341814 -0.4373699
vn -0.0088326 -0.8151909 -0.5791251
vn 0.6744063 0.3063214 -0.6718209
vn 0.6215703 -0.1017748 -0.7767189
vn -0.0088326 -0.8151909 -0.5791251
vn 0.6375903 0.6341814 -0.4373699
vn 0.5952265 0.3864281 -0.7045415
vn 0.6215703 -0.1017748 -0.7767189
vn 0.9337490 0.0453348 -0.3550459
vn 0.6891957 0.3671758 0.6246529
vn 0.1881860 -0.9821304 -0.0024413
vn 0.2201014 -0.6498051 -0.7275361
vn -0.2201015 -0.6498051 -0.7275360
vn -0.1881872 -0.9821301 -0.0024414
vn 0.2201014 -0.6498051 -0.7275361
vn -0.2290032 0.6917961 -0.6848180
vn -0.1881866 0.9821303 0.0024414
vn 0.1881869 0.9821302 0.0024414
vn -0.2290032 0.6917961 -0.6848180
vn -0.6080864 0.6907457 -0.3912816
vn -0.6121289 0.6820961 0.4000539
vn 0.6080867 0.6907452 -0.3912820
vn 0.6891957 0.3671758 0.6246529
vn 0.6626151 0.2257857 -0.7141163
vn -0.6626151 0.2257859 -0.7141162
vn 0.6626151 0.2257857 -0.7141163
vn 0.9337490 0.0453348 -0.3550459
vn -0.9337491 0.0453348 -0.3550455
vn -0.6626151 0.2257859 -0.7141162
vn -0.6080864 0.6907457 -0.3912816
vn 0.6080867 0.6907452 -0.3912820
vn 0.6626151 0.2257857 -0.7141163
vn -0.6080864 0.6907457 -0.3912816
vn -0.6121289 0.6820961 0.4000539
vn 0.6121295 0.6820956 0.4000537
vn -0.6891953 0.3671767 0.6246527
vn 0.6891957 0.3671758 0.6246529
vn -0.6375900 0.6341821 -0.4373695
vn -0.5952263 0.3864284 -0.7045415
vn -0.9337491 0.0453348 -0.3550455
vn 0.9337490 0.0453348 -0.3550459
vn 0.5952265 0.3864281 -0.7045415
vn 0.6375903 0.6341814 -0.4373699
vn 0.1881869 0.9821302 0.0024414
vn 0.6375903 0.6341814 -0.4373699
vn 0.6744063 0.3063214 -0.6718209
vn -0.1881866 0.9821303 0.0024414
vn -0.2290032 0.6917961 -0.6848180
vn -0.6744061 0.3063220 -0.6718208
vn 0.0000001 0.9103759 -0.4137821
vn 0.0000000 0.9103760 -0.4137819
vn 0.0000002 0.9103759 -0.4137821
vn 0.0000002 0.9103759 -0.4137822
vn -0.6375900 0.6341821 -0.4373695
vn 0.6375903 0.6341814 -0.4373699
vn 0.0000000 0.9103760 -0.4137819
vn 0.6080867 0.6907452 -0.3912820
vn 0.6121295 0.6820956 0.4000537
vn 0.9337490 0.0453348 -0.3550459
vn 0.6626151 0.2257857 -0.7141163
vn -0.6080864 0.6907457 -0.3912816
vn -0.6626151 0.2257859 -0.7141162
vn -0.9337491 0.0453348 -0.3550455
vn 0.9337490 0.0453348 -0.3550459
vn -0.5952263 0.3864284 -0.7045415
vn -0.6215705 -0.1017742 -0.7767188
vn 0.6998486 0.1429104 -0.6998489
vn -0.6998489 0.1429105 -0.6998486
vn -0.1429106 0.6998489 -0.6998486
vn 0.1429102 0.6998486 -0.6998490
vn 0.6998486 0.1429104 -0.6998489
vn -0.5812368 0.0000001 -0.8137345
vn -0.2747241 0.9615231 0.0000001
vn 0.5812362 -0.0000001 -0.8137349
vn 0.6998486 0.1429104 -0.6998489
vn 0.2747240 0.9615231 -0.0000000
vn -0.6998489 0.6998487 -0.1429103
vn 0.6998487 0.6998488 -0.1429105
vn -0.1429106 0.6998489 -0.6998486
vn -0.6998489 0.6998487 -0.1429103
vn -0.6998489 0.1429105 -0.6998486
vn -0.6998489 0.6998487 -0.1429103
vn -0.1429106 0.6998489 -0.6998486
vn 0.6998486 0.1429104 -0.6998489
vn 0.1429102 0.6998486 -0.6998490
vn 0.6998487 0.6998488 -0.1429105
vn -0.5812368 0.0000001 -0.8137345
vn -0.6998489 0.1429105 -0.6998486
vn 0.6998486 0.1429104 -0.6998489
vn -0.2747241 0.9615231 0.0000001
vn 0.2747240 0.9615231 -0.0000000
vn -0.2747241 0.9615231 0.0000001
vn 0.2747240 0.9615231 -0.0000000
vn 0.3879782 -0.6911617 -0.6097282
vn -0.0098068 -0.7039099 -0.7102216
vn 0.7905196 -0.0196430 -0.6121217
vn 0.9996914 -0.0248408 -0.0000002
vn 0.4894942 -0.8720066 -0.0000001
vn 0.3879782 -0.6911617 -0.6097282
vn 0.7905196 -0.0196430 -0.6121217
vn 0.4894942 -0.8720066 -0.0000001
vn -0.0139305 -0.9999030 0.0000000
vn -0.0098068 -0.7039099 -0.7102216
vn 0.4894942 -0.8720066 -0.0000001
vn 0.0136312 0.9999071 -0.0000002
vn 0.5228017 0.8524543 -0.0000002
vn 0.4150149 0.6767030 -0.6081412
vn 0.0096806 0.7101155 -0.7040187
vn 0.0136312 0.9999071 -0.0000002
vn 0.9996914 -0.0248408 -0.0000002
vn 0.4150149 0.6767030 -0.6081412
vn -0.0098068 -0.7039099 -0.7102216
vn -0.8391389 -0.4532471 0.3006874
vn -0.8391388 0.4532473 0.3006876
vn -0.7891824 0.0000000 0.6141589
vn -0.8391389 0.4532474 -0.3006872
vn -0.8391391 -0.4532470 -0.3006871
vn -0.7891828 0.0000002 -0.6141584
vn -0.8391391 -0.4532470 -0.3006871
vn -0.8391389 -0.4532471 0.3006874
vn -0.5773502 0.5773503 -0.5773503
vn -0.5773501 0.5773503 0.5773504
vn 0.5773504 0.5773501 0.5773502
vn 0.5773503 0.5773502 -0.5773503
vn -0.7071067 0.0000000 -0.7071068
vn -0.7071066 0.0000000 0.7071069
vn -0.5773501 0.5773503 0.5773504
vn -0.7071066 0.0000000 0.7071069
vn 0.7071070 0.0000000 0.7071066
vn 0.7071070 0.0000000 0.7071066
vn 0.7071068 0.0000000 -0.7071068
vn 0.5773503 0.5773502 -0.5773503
vn 0.5773504 0.5773501 0.5773502
vn 0.7071068 0.0000000 -0.7071068
vn -0.7071067 0.0000000 -0.7071068
vn 0.5773503 0.5773502 -0.5773503
vn 0.4686103 0.6205499 -0.6287466
vn -0.4687449 0.6205225 -0.6286733
vn -0.5989158 0.6100767 0.5187546
vn 0.5967548 0.6112791 0.5198283
vn -0.6651557 0.0078617 0.7466633
vn 0.6604808 0.0084691 0.7507952
vn 0.5671136 0.0855202 -0.8191877
vn -0.5673371 0.0849157 -0.8190958
vn -0.4687449 0.6205225 -0.6286733
vn 0.4686103 0.6205499 -0.6287466
vn -0.5989158 0.6100767 0.5187546
vn -0.9764268 0.1870360 -0.1077419
vn -0.9937331 0.0037979 0.1117143
vn 0.6604808 0.0084691 0.7507952
vn 0.9920898 0.0048238 0.1254372
vn 0.9763557 0.1917237 -0.0998578
vn -0.5673371 0.0849157 -0.8190958
vn -0.9764268 0.1870360 -0.1077419
vn 0.9763557 0.1917237 -0.0998578
vn 0.5671136 0.0855202 -0.8191877
vn 0.4686103 0.6205499 -0.6287466
vn -0.1234960 0.6552153 -0.7452796
vn -0.0034872 0.7100132 -0.7041797
vn -0.0034874 -0.7100135 -0.7041795
vn -0.1234964 -0.6552140 -0.7452806
vn -0.1234960 0.6552153 -0.7452796
vn -0.7299819 -0.6430531 0.2315363
vn -0.0034874 -0.7100135 -0.7041795
vn -0.3870731 -0.6207650 0.6817809
vn -0.3870735 0.6207652 0.6817805
vn -0.7299818 0.6430530 0.2315368
vn -0.3870731 -0.6207650 0.6817809
vn -0.4740724 -0.6347218 -0.6102324
vn -0.4740730 0.6347220 -0.6102318
vn -0.1234960 0.6552153 -0.7452796
vn -0.7323115 -0.6464180 -0.2141582
vn -0.7323115 0.6464183 -0.2141569
vn -0.4740730 0.6347220 -0.6102318
vn -0.0548014 -0.6871057 0.7244878
vn -0.0548032 0.6871047 0.7244886
vn -0.0034872 0.7100132 -0.7041797
vn -0.3870735 0.6207652 0.6817805
vn -0.0548032 0.6871047 0.7244886
vn -0.0548014 -0.6871057 0.7244878
vn -0.4740724 -0.6347218 -0.6102324
vn -0.1234964 -0.6552140 -0.7452806
vn -0.7323115 0.6464183 -0.2141569
vn -0.0034872 0.7100132 -0.7041797
vn -0.4740730 0.6347220 -0.6102318
vn -0.1234960 0.6552153 -0.7452796
vn -0.7323115 0.6464183 -0.2141569
vn -0.7077824 -0.0060153 -0.7064049
vn -0.6504353 0.3724457 -0.6619805
vn -0.6815903 0.0859832 -0.7266647
vn 0.7077818 -0.0060151 -0.7064055
vn 0.6610963 0.4044090 0.6319850
vn 0.8702993 0.3850034 0.3071669
vn -0.6610963 0.4044094 0.6319847
vn -0.8702991 0.3850028 0.3071682
vn 0.8702993 0.3850034 0.3071669
vn 0.6610963 0.4044090 0.6319850
vn -0.6610963 0.4044094 0.6319847
vn 0.6610963 0.4044090 0.6319850
vn 0.6561683 0.6490487 0.3849402
vn -0.6561687 0.6490485 0.3849398
vn 0.6610963 0.4044090 0.6319850
vn -0.7077824 -0.0060153 -0.7064049
vn 0.6815908 0.0859832 -0.7266642
vn 0.7077818 -0.0060151 -0.7064055
vn 0.6481866 0.7614815 -0.0000009
vn 0.6561689 0.6490479 -0.3849404
vn -0.6561683 0.6490483 -0.3849408
vn -0.6481865 0.7614816 -0.0000007
vn -0.6504353 0.3724457 -0.6619805
vn 0.6561689 0.6490479 -0.3849404
vn 0.6504347 0.3724459 -0.6619809
vn -0.6481865 0.7614816 -0.0000007
vn -0.6561687 0.6490485 0.3849398
vn 0.6481866 0.7614815 -0.0000009
vn -0.6815903 0.0859832 -0.7266647
vn -0.8685619 0.0813176 0.4888636
vn -0.2648304 0.1017880 0.9589077
vn -0.1998497 0.6882639 0.6973901
vn -0.6581875 0.6407848 0.3952012
vn 0.8685621 0.0813178 0.4888633
vn 0.6581879 0.6407845 0.3952011
vn 0.1998493 0.6882644 0.6973897
vn 0.2648312 0.1017887 0.9589075
vn -0.2648304 0.1017880 0.9589077
vn 0.2648312 0.1017887 0.9589075
vn 0.1998493 0.6882644 0.6973897
vn -0.1998497 0.6882639 0.6973901
vn -0.2648304 0.1017880 0.9589077
vn 0.8702993 0.3850034 0.3071669
vn -0.8702991 0.3850028 0.3071682
vn -0.6581875 0.6407848 0.3952012
vn 0.8702991 0.3850041 0.3071667
vn 0.6606261 0.6421906 0.3887985
vn 0.8725003 0.0754885 0.4827471
vn 0.7077824 -0.0060151 -0.7064049
vn -0.6610967 0.4044089 0.6319846
vn -0.8702989 0.3850036 0.3071679
vn 0.6610967 0.4044086 0.6319849
vn -0.6610967 0.4044089 0.6319846
vn 0.6561681 0.6490484 0.3849411
vn -0.6561684 0.6490482 0.3849409
vn 0.6610967 0.4044086 0.6319849
vn -0.7077832 -0.0060153 -0.7064041
vn -0.6815910 0.0859806 -0.7266643
vn 0.6815915 0.0859805 -0.7266639
vn 0.7077824 -0.0060151 -0.7064049
vn 0.6481869 0.7614813 -0.0000001
vn 0.6561686 0.6490481 -0.3849408
vn -0.6561680 0.6490485 -0.3849411
vn -0.6481867 0.7614814 0.0000001
vn 0.6481869 0.7614813 -0.0000001
vn -0.6504349 0.3724426 -0.6619825
vn -0.6561680 0.6490485 -0.3849411
vn 0.6504343 0.3724430 -0.6619830
vn -0.6561684 0.6490482 0.3849409
vn 0.6561681 0.6490484 0.3849411
vn 0.6481869 0.7614813 -0.0000001
vn -0.6481867 0.7614814 0.0000001
vn 0.6815915 0.0859805 -0.7266639
vn -0.6815910 0.0859806 -0.7266643
vn 0.6504343 0.3724430 -0.6619830
vn -0.8724999 0.0754884 0.4827478
vn -0.5212552 -0.0267593 0.8529812
vn -0.2716941 0.8540696 0.4435622
vn -0.6606259 0.6421908 0.3887986
vn -0.8724999 0.0754884 0.4827478
vn 0.8725003 0.0754885 0.4827471
vn 0.2716941 0.8540695 0.4435624
vn 0.5212552 -0.0267596 0.8529812
vn 0.6606261 0.6421906 0.3887985
vn 0.8702991 0.3850041 0.3071667
vn -0.8702989 0.3850036 0.3071679
vn -0.6606259 0.6421908 0.3887986
vn -0.8724999 0.0754884 0.4827478
vn -0.7077832 -0.0060153 -0.7064041
vn -0.1998497 0.6882639 0.6973901
vn 0.1998493 0.6882644 0.6973897
vn -0.6581875 0.6407848 0.3952012
vn -0.8685619 0.0813176 0.4888636
vn -0.7077824 -0.0060153 -0.7064049
vn 0.8702993 0.3850034 0.3071669
vn 0.8685621 0.0813178 0.4888633
vn 0.7077818 -0.0060151 -0.7064055
vn 0.8702993 0.3850034 0.3071669
vn -0.6610967 0.4044089 0.6319846
vn -0.6561684 0.6490482 0.3849409
vn -0.7077832 -0.0060153 -0.7064041
vn -0.6481867 0.7614814 0.0000001
vn -0.6561680 0.6490485 -0.3849411
vn -0.8702989 0.3850036 0.3071679
vn 0.7077818 -0.0060151 -0.7064055
vn 0.6561683 0.6490487 0.3849402
vn 0.6610963 0.4044090 0.6319850
vn 0.6481866 0.7614815 -0.0000009
vn 0.6561689 0.6490479 -0.3849404
vn 0.6815908 0.0859832 -0.7266642
vn 0.7077824 -0.0060151 -0.7064049
vn 0.6610967 0.4044086 0.6319849
vn 0.8702991 0.3850041 0.3071667
vn 0.6561681 0.6490484 0.3849411
vn 0.6610967 0.4044086 0.6319849
vn 0.6481869 0.7614813 -0.0000001
vn 0.6561681 0.6490484 0.3849411
vn 0.7077824 -0.0060151 -0.7064049
vn 0.6561686 0.6490481 -0.3849408
vn 0.6481869 0.7614813 -0.0000001
vn 0.7077824 -0.0060151 -0.7064049
vn 0.6504343 0.3724430 -0.6619830
vn 0.6815915 0.0859805 -0.7266639
vn -0.7077824 -0.0060153 -0.7064049
vn -0.6561683 0.6490483 -0.3849408
vn -0.6504353 0.3724457 -0.6619805
vn -0.6481865 0.7614816 -0.0000007
vn -0.6561683 0.6490483 -0.3849408
vn -0.7077824 -0.0060153 -0.7064049
vn -0.6561687 0.6490485 0.3849398
vn -0.6610963 0.4044094 0.6319847
vn -0.8702991 0.3850028 0.3071682
vn -0.3962020 0.6862441 0.6099942
vn -0.7924061 -0.0000005 0.6099939
vn -0.5447051 -0.0000011 0.8386276
vn -0.2723520 0.4717272 0.8386286
vn -0.3962021 -0.6862437 0.6099946
vn -0.2723522 -0.4717284 0.8386278
vn -0.5447051 -0.0000011 0.8386276
vn -0.7924061 -0.0000005 0.6099939
vn -0.0000008 -0.7071069 0.7071066
vn 0.3015113 -0.3015114 0.9045341
vn -0.2723522 -0.4717284 0.8386278
vn -0.3962021 -0.6862437 0.6099946
vn 0.0000007 0.7071066 0.7071070
vn -0.2723520 0.4717272 0.8386286
vn 0.3015122 0.3015114 0.9045337
vn -0.3962025 0.6862438 -0.6099942
vn 0.0000000 0.7071068 -0.7071067
vn 0.3015113 0.3015113 -0.9045340
vn -0.2723525 0.4717279 -0.8386280
vn -0.0000001 -0.7071069 -0.7071066
vn -0.3962020 -0.6862440 -0.6099944
vn -0.2723524 -0.4717283 -0.8386278
vn 0.3015113 -0.3015114 -0.9045340
vn -0.7924061 -0.0000006 -0.6099939
vn -0.5447049 -0.0000003 -0.8386278
vn -0.2723524 -0.4717283 -0.8386278
vn -0.2723525 0.4717279 -0.8386280
vn -0.5447049 -0.0000003 -0.8386278
vn -0.7924061 -0.0000005 0.6099939
vn -0.2723525 0.4717279 -0.8386280
vn 0.3015113 0.3015113 -0.9045340
vn 0.7071067 0.7071068 -0.0000000
vn -0.5000004 0.8660252 -0.0000000
vn -0.5447049 -0.0000003 -0.8386278
vn -1.0000000 -0.0000006 -0.0000000
vn 0.3015113 -0.3015114 -0.9045340
vn -0.2723524 -0.4717283 -0.8386278
vn -0.4999998 -0.8660255 -0.0000000
vn 0.7071068 -0.7071068 -0.0000000
vn 0.3015122 0.3015114 0.9045337
vn -0.2723520 0.4717272 0.8386286
vn -0.5000006 0.8660251 -0.0000000
vn 0.7071068 0.7071068 -0.0000003
vn -0.5447051 -0.0000011 0.8386276
vn -1.0000000 -0.0000012 0.0000003
vn -0.2723522 -0.4717284 0.8386278
vn 0.3015113 -0.3015114 0.9045341
vn 0.7071068 -0.7071068 0.0000000
vn -0.4999997 -0.8660256 0.0000003
vn 0.3015113 0.3015113 -0.9045340
vn 0.7071068 -0.7071068 -0.0000000
vn 0.7071067 0.7071068 -0.0000000
vn 0.7071068 0.7071068 -0.0000003
vn 0.7071068 -0.7071068 0.0000000
vn 0.3015122 0.3015114 0.9045337
vn 0.0000000 0.7071068 -0.7071067
vn -0.0000001 -0.7071069 -0.7071066
vn -0.0000008 -0.7071069 0.7071066
vn 0.0000007 0.7071066 0.7071070
vn -0.3962018 0.6862441 0.6099944
vn -0.7924061 -0.0000001 0.6099939
vn -0.5447045 0.0000002 0.8386281
vn -0.2723523 0.4717283 0.8386278
vn -0.3962019 -0.6862438 0.6099946
vn -0.2723524 -0.4717283 0.8386278
vn -0.5447045 0.0000002 0.8386281
vn -0.3962019 -0.6862438 0.6099946
vn 0.0000000 -0.7071067 0.7071069
vn 0.3015113 -0.3015114 0.9045340
vn -0.2723524 -0.4717283 0.8386278
vn -0.3962019 -0.6862438 0.6099946
vn 0.0000004 0.7071067 0.7071069
vn -0.2723523 0.4717283 0.8386278
vn 0.3015114 0.3015113 0.9045340
vn 0.0000004 0.7071067 0.7071069
vn -0.3962020 0.6862440 -0.6099944
vn 0.0000000 0.7071068 -0.7071068
vn 0.3015113 0.3015114 -0.9045340
vn -0.2723524 0.4717281 -0.8386279
vn 0.0000000 -0.7071069 -0.7071067
vn -0.3962021 -0.6862440 -0.6099944
vn -0.2723524 -0.4717281 -0.8386279
vn 0.3015113 -0.3015114 -0.9045340
vn -0.7924062 0.0000000 -0.6099937
vn -0.5447049 -0.0000000 -0.8386278
vn -0.2723524 -0.4717281 -0.8386279
vn -0.3962020 0.6862440 -0.6099944
vn -0.2723524 0.4717281 -0.8386279
vn -0.5447049 -0.0000000 -0.8386278
vn 0.0000000 0.7071068 -0.7071068
vn -0.3962020 0.6862440 -0.6099944
vn 0.3015114 0.3015113 0.9045340
vn -0.2723523 0.4717283 0.8386278
vn -0.4999994 0.8660257 0.0000002
vn 0.7071072 0.7071063 -0.0000001
vn -0.5447045 0.0000002 0.8386281
vn -1.0000000 -0.0000003 0.0000002
vn -0.2723524 -0.4717283 0.8386278
vn 0.3015113 -0.3015114 0.9045340
vn 0.7071063 -0.7071072 -0.0000002
vn -0.5000001 -0.8660253 0.0000001
vn -0.2723524 0.4717281 -0.8386279
vn 0.3015113 0.3015114 -0.9045340
vn 0.7071067 0.7071068 -0.0000000
vn -0.5000001 0.8660253 -0.0000000
vn -0.5447049 -0.0000000 -0.8386278
vn -1.0000000 0.0000000 -0.0000000
vn 0.3015113 -0.3015114 -0.9045340
vn -0.2723524 -0.4717281 -0.8386279
vn -0.5000001 -0.8660253 -0.0000000
vn 0.7071068 -0.7071068 -0.0000000
vn 0.0000000 -0.7071067 0.7071069
vn 0.0000004 0.7071067 0.7071069
vn 0.3015114 0.3015113 0.9045340
vn 0.3015113 0.3015114 -0.9045340
vn 0.7071067 0.7071068 -0.0000000
vn 0.7071072 0.7071063 -0.0000001
vn 0.0000000 0.7071068 -0.7071068
vn 0.0000000 -0.7071069 -0.7071067
vn -0.6307605 0.2947947 -0.7178003
vn -0.6297654 0.7167583 -0.2994212
vn 0.0000000 0.9227236 -0.3854624
vn 0.0000000 0.3799009 -0.9250272
vn -0.6297662 0.7167574 0.2994218
vn -0.6307601 0.2947944 0.7178008
vn 0.0000000 0.3799005 0.9250274
vn 0.0000000 0.9227235 0.3854626
vn 0.0000000 -0.3799003 -0.9250274
vn 0.0000000 -0.9227232 -0.3854631
vn -0.6297662 -0.7167574 -0.2994219
vn -0.6307604 -0.2947941 -0.7178006
vn -0.6307601 -0.2947940 0.7178009
vn -0.6297665 -0.7167570 0.2994221
vn 0.0000000 -0.9227231 0.3854634
vn 0.0000000 -0.3799000 0.9250275
vn 0.0000000 -0.9227232 -0.3854631
vn 0.0000000 -0.9227231 0.3854634
vn -0.6297665 -0.7167570 0.2994221
vn -0.6297654 0.7167583 -0.2994212
vn 0.0000000 0.9227235 0.3854626
vn 0.0000000 0.9227236 -0.3854624
vn 0.0000000 -0.3799000 0.9250275
vn 0.0000000 0.3799005 0.9250274
vn 0.0000000 -0.3799003 -0.9250274
vn -0.6307604 -0.2947941 -0.7178006
vn 0.0000000 0.3799009 -0.9250272
vn -0.6297662 -0.7167574 -0.2994219
vn -0.6297665 -0.7167570 0.2994221
vn -0.6307604 -0.2947941 -0.7178006
vn -0.6297654 0.7167583 -0.2994212
vn -0.0645009 -0.5771823 0.8140640
vn -0.0645008 0.5771821 0.8140642
vn -0.8138270 0.5775181 -0.0644863
vn -0.8138270 -0.5775181 -0.0644863
vn -0.4602660 0.7063883 -0.5377460
vn 0.4593371 0.7078252 0.5366498
vn -0.4602660 -0.7063883 -0.5377461
vn 0.4593370 -0.7078254 0.5366495
vn -0.4602660 0.7063883 -0.5377460
vn -0.4602660 -0.7063883 -0.5377461
vn -0.8138270 0.5775181 -0.0644863
vn 0.4593371 0.7078252 0.5366498
vn 0.4593370 -0.7078254 0.5366495
vn 0.0645009 -0.5771823 0.8140640
vn 0.8138269 -0.5775182 -0.0644863
vn 0.8138270 0.5775181 -0.0644864
vn 0.0645011 0.5771823 0.8140640
vn 0.0645009 -0.5771823 0.8140640
vn 0.4602661 0.7063881 -0.5377462
vn -0.4593369 0.7078255 0.5366495
vn 0.8138270 0.5775181 -0.0644864
vn 0.4602660 -0.7063883 -0.5377460
vn 0.8138269 -0.5775182 -0.0644863
vn -0.4593370 -0.7078253 0.5366496
vn 0.4602661 0.7063881 -0.5377462
vn 0.4602660 -0.7063883 -0.5377460
vn -0.4593369 0.7078255 0.5366495
vn -0.4593370 -0.7078253 0.5366496
vn 0.6307600 0.2947945 -0.7178008
vn -0.0000000 0.3799010 -0.9250272
vn 0.0000000 0.9227235 -0.3854624
vn 0.6297662 0.7167576 -0.2994212
vn 0.6297665 0.7167572 0.2994215
vn 0.0000000 0.9227235 0.3854625
vn 0.0000000 0.3799005 0.9250274
vn 0.6307604 0.2947943 0.7178006
vn 0.0000000 -0.3799001 -0.9250275
vn 0.6307603 -0.2947941 -0.7178008
vn 0.6297659 -0.7167575 -0.2994221
vn 0.0000000 -0.9227232 -0.3854633
vn 0.0000000 -0.3799001 -0.9250275
vn 0.6307604 -0.2947941 0.7178006
vn 0.0000000 -0.3799002 0.9250275
vn 0.0000000 -0.9227232 0.3854633
vn 0.6297658 -0.7167576 0.2994220
vn 0.0000000 -0.9227232 -0.3854633
vn 0.0000000 -0.9227232 0.3854633
vn 0.6297662 0.7167576 -0.2994212
vn 0.0000000 0.9227235 -0.3854624
vn 0.0000000 0.9227235 0.3854625
vn 0.6297665 0.7167572 0.2994215
vn 0.0000000 0.3799005 0.9250274
vn 0.0000000 -0.3799002 0.9250275
vn 0.0000000 -0.3799001 -0.9250275
vn -0.0000000 0.3799010 -0.9250272
vn 0.6307600 0.2947945 -0.7178008
vn 0.6307604 -0.2947941 0.7178006
vn 0.6297665 0.7167572 0.2994215
vn 0.6307604 0.2947943 0.7178006
vn 0.6307604 -0.2947941 0.7178006
vn 0.3962024 0.6862438 0.6099943
vn 0.2723528 0.4717278 0.8386279
vn 0.5447051 -0.0000007 0.8386277
vn 0.7924062 -0.0000005 0.6099938
vn 0.5447051 -0.0000007 0.8386277
vn 0.2723523 -0.4717284 0.8386277
vn 0.3962019 -0.6862439 0.6099946
vn 0.2723523 -0.4717284 0.8386277
vn -0.3015114 -0.3015113 0.9045340
vn 0.0000000 -0.7071067 0.7071069
vn 0.3962019 -0.6862439 0.6099946
vn 0.0000000 0.7071069 0.7071067
vn -0.3015113 0.3015114 0.9045340
vn 0.2723528 0.4717278 0.8386279
vn 0.3962024 0.6862438 -0.6099944
vn 0.2723525 0.4717279 -0.8386280
vn -0.3015113 0.3015113 -0.9045340
vn 0.0000000 0.7071067 -0.7071069
vn 0.3962024 0.6862438 -0.6099944
vn 0.0000000 -0.7071069 -0.7071067
vn -0.3015113 -0.3015114 -0.9045340
vn 0.2723524 -0.4717283 -0.8386278
vn 0.3962018 -0.6862441 -0.6099944
vn 0.2723524 -0.4717283 -0.8386278
vn 0.5447049 -0.0000003 -0.8386278
vn 0.7924060 -0.0000006 -0.6099940
vn 0.5447049 -0.0000003 -0.8386278
vn 0.2723525 0.4717279 -0.8386280
vn 0.3962024 0.6862438 -0.6099944
vn 0.7924060 -0.0000006 -0.6099940
vn 0.7924062 -0.0000005 0.6099938
vn 0.3962024 0.6862438 0.6099943
vn 0.0000000 0.7071067 -0.7071069
vn 0.3962019 -0.6862439 0.6099946
vn 0.7924060 -0.0000006 -0.6099940
vn 0.0000000 -0.7071069 -0.7071067
vn 0.3962018 -0.6862441 -0.6099944
vn 0.2723525 0.4717279 -0.8386280
vn 0.5000004 0.8660252 -0.0000000
vn -0.7071067 0.7071068 -0.0000000
vn -0.3015113 0.3015113 -0.9045340
vn 0.5447049 -0.0000003 -0.8386278
vn 1.0000000 -0.0000006 -0.0000000
vn -0.3015113 -0.3015114 -0.9045340
vn -0.7071068 -0.7071068 -0.0000000
vn 0.4999998 -0.8660255 -0.0000000
vn 0.2723524 -0.4717283 -0.8386278
vn -0.3015113 0.3015114 0.9045340
vn -0.7071068 0.7071067 0.0000002
vn 0.5000007 0.8660250 -0.0000001
vn 0.2723528 0.4717278 0.8386279
vn -0.3015113 0.3015114 0.9045340
vn 0.5000007 0.8660250 -0.0000001
vn 1.0000000 -0.0000010 -0.0000002
vn 0.5447051 -0.0000007 0.8386277
vn 0.2723528 0.4717278 0.8386279
vn 0.2723523 -0.4717284 0.8386277
vn 0.4999997 -0.8660256 -0.0000001
vn -0.7071068 -0.7071068 0.0000002
vn -0.3015114 -0.3015113 0.9045340
vn 1.0000000 -0.0000010 -0.0000002
vn 0.4999997 -0.8660256 -0.0000001
vn 0.5447051 -0.0000007 0.8386277
vn -0.3015113 0.3015113 -0.9045340
vn -0.7071067 0.7071068 -0.0000000
vn -0.7071068 -0.7071068 -0.0000000
vn -0.3015113 -0.3015114 -0.9045340
vn -0.3015113 0.3015113 -0.9045340
vn -0.7071068 0.7071067 0.0000002
vn -0.3015113 0.3015114 0.9045340
vn -0.3015114 -0.3015113 0.9045340
vn -0.7071068 -0.7071068 0.0000002
vn 0.0000000 0.7071067 -0.7071069
vn -0.3015113 0.3015113 -0.9045340
vn -0.3015113 -0.3015114 -0.9045340
vn 0.0000000 -0.7071069 -0.7071067
vn 0.0000000 -0.7071067 0.7071069
vn -0.3015113 0.3015114 0.9045340
vn 0.0000000 0.7071069 0.7071067
vn 0.0000000 -0.7071067 0.7071069
vn 0.3962023 0.6862438 0.6099944
vn 0.2723523 0.4717285 0.8386277
vn 0.5447046 0.0000002 0.8386280
vn 0.7924062 -0.0000000 0.6099938
vn 0.5447046 0.0000002 0.8386280
vn 0.2723524 -0.4717283 0.8386278
vn 0.3962020 -0.6862439 0.6099945
vn 0.2723524 -0.4717283 0.8386278
vn -0.3015114 -0.3015113 0.9045340
vn 0.0000000 -0.7071068 0.7071068
vn 0.0000004 0.7071069 0.7071066
vn -0.3015113 0.3015113 0.9045341
vn 0.2723523 0.4717285 0.8386277
vn 0.3962021 0.6862438 -0.6099946
vn 0.2723524 0.4717281 -0.8386279
vn -0.3015113 0.3015113 -0.9045340
vn 0.0000004 0.7071068 -0.7071067
vn 0.3962021 0.6862438 -0.6099946
vn -0.0000004 -0.7071066 -0.7071070
vn -0.3015113 -0.3015114 -0.9045340
vn 0.2723524 -0.4717281 -0.8386279
vn 0.3962018 -0.6862441 -0.6099944
vn 0.2723524 -0.4717281 -0.8386279
vn 0.5447049 -0.0000000 -0.8386278
vn 0.7924061 0.0000000 -0.6099939
vn 0.5447049 -0.0000000 -0.8386278
vn 0.2723524 0.4717281 -0.8386279
vn 0.3962021 0.6862438 -0.6099946
vn 0.7924061 0.0000000 -0.6099939
vn 0.3962023 0.6862438 0.6099944
vn 0.7924062 -0.0000000 0.6099938
vn 0.7924061 0.0000000 -0.6099939
vn -0.3015113 0.3015113 0.9045341
vn -0.7071069 0.7071067 0.0000002
vn 0.4999999 0.8660255 -0.0000001
vn 0.2723523 0.4717285 0.8386277
vn -0.3015113 0.3015113 0.9045341
vn 0.4999999 0.8660255 -0.0000001
vn 1.0000000 -0.0000003 -0.0000002
vn 0.5447046 0.0000002 0.8386280
vn 0.2723523 0.4717285 0.8386277
vn 0.2723524 -0.4717283 0.8386278
vn 0.4999997 -0.8660256 -0.0000001
vn -0.7071068 -0.7071068 0.0000002
vn -0.3015114 -0.3015113 0.9045340
vn 1.0000000 -0.0000003 -0.0000002
vn 0.2723524 0.4717281 -0.8386279
vn 0.5000001 0.8660253 -0.0000000
vn -0.7071067 0.7071068 -0.0000000
vn -0.3015113 0.3015113 -0.9045340
vn 0.5447049 -0.0000000 -0.8386278
vn 1.0000000 0.0000000 -0.0000000
vn 0.5000001 0.8660253 -0.0000000
vn -0.3015113 -0.3015114 -0.9045340
vn -0.7071068 -0.7071068 -0.0000000
vn 0.5000001 -0.8660253 -0.0000000
vn 0.2723524 -0.4717281 -0.8386279
vn 1.0000000 0.0000000 -0.0000000
vn 0.0000000 -0.7071068 0.7071068
vn -0.3015113 0.3015113 0.9045341
vn 0.0000004 0.7071069 0.7071066
vn -0.3015113 0.3015113 -0.9045340
vn -0.7071067 0.7071068 -0.0000000
vn -0.7071068 -0.7071068 -0.0000000
vn -0.3015113 -0.3015114 -0.9045340
vn -0.3015113 0.3015113 -0.9045340
vn -0.7071069 0.7071067 0.0000002
vn -0.3015113 0.3015113 0.9045341
vn -0.7071068 -0.7071068 0.0000002
vn 0.0000004 0.7071068 -0.7071067
vn -0.3015113 0.3015113 -0.9045340
vn -0.0000004 -0.7071066 -0.7071070
vn 0.1234960 0.6552154 -0.7452795
vn 0.1234960 -0.6552151 -0.7452798
vn 0.0034871 -0.7100133 -0.7041796
vn 0.0034872 0.7100132 -0.7041797
vn 0.1234960 0.6552154 -0.7452795
vn 0.7299819 -0.6430532 0.2315363
vn 0.3870729 -0.6207651 0.6817809
vn 0.0034871 -0.7100133 -0.7041796
vn 0.3870735 0.6207652 0.6817805
vn 0.3870729 -0.6207651 0.6817809
vn 0.7299818 0.6430531 0.2315368
vn 0.3870735 0.6207652 0.6817805
vn 0.4740722 -0.6347221 -0.6102323
vn 0.1234960 0.6552154 -0.7452795
vn 0.4740730 0.6347220 -0.6102318
vn 0.4740722 -0.6347221 -0.6102323
vn 0.7323115 0.6464183 -0.2141569
vn 0.7323113 -0.6464182 -0.2141581
vn 0.7299818 0.6430531 0.2315368
vn 0.3870735 0.6207652 0.6817805
vn 0.0548032 0.6871047 0.7244886
vn 0.0548010 -0.6871055 0.7244880
vn 0.0034872 0.7100132 -0.7041797
vn 0.0548032 0.6871047 0.7244886
vn 0.3870735 0.6207652 0.6817805
vn 0.3870729 -0.6207651 0.6817809
vn 0.0548010 -0.6871055 0.7244880
vn 0.0034871 -0.7100133 -0.7041796
vn 0.4740722 -0.6347221 -0.6102323
vn 0.1234960 -0.6552151 -0.7452798
vn 0.7299818 0.6430531 0.2315368
vn 0.7323115 0.6464183 -0.2141569
vn 0.0034872 0.7100132 -0.7041797
vn 0.4740730 0.6347220 -0.6102318
vn 0.1234960 0.6552154 -0.7452795
vn 0.7323115 0.6464183 -0.2141569
vn 0.4740730 0.6347220 -0.6102318
vn 0.8391387 -0.4532477 0.3006872
vn 0.7891826 -0.0000003 0.6141587
vn 0.8391388 0.4532473 0.3006875
vn 0.8391387 0.4532473 -0.3006878
vn 0.7891827 -0.0000001 -0.6141585
vn 0.8391387 -0.4532474 -0.3006875
vn 0.8391388 0.4532473 0.3006875
vn 0.8391387 -0.4532477 0.3006872
vn 0.8391387 -0.4532474 -0.3006875
vn 0.7891827 -0.0000001 -0.6141585
vn -0.5884229 0.5755094 -0.5679326
vn 0.0000000 0.5101820 -0.8600665
vn -0.0000001 -0.5101830 -0.8600659
vn -0.5884234 -0.5755098 -0.5679316
vn -0.9183021 -0.3945394 0.0325557
vn -0.9183022 0.3945391 0.0325556
vn -0.9183021 -0.3945394 0.0325557
vn -0.9183022 0.3945391 0.0325556
vn -1.0000000 -0.0000000 0.0000005
vn -0.9474530 -0.0000000 -0.3198949
vn -0.7665057 -0.5568988 -0.3198949
vn -0.8090169 -0.5877853 0.0000005
vn -1.0000000 -0.0000000 0.0000005
vn 0.8090167 -0.5877857 -0.0000004
vn 0.7665053 -0.5568990 -0.3198955
vn 0.9474528 -0.0000003 -0.3198957
vn 1.0000000 -0.0000003 -0.0000005
vn 0.7665055 0.5568987 -0.3198955
vn 0.8090168 0.5877855 -0.0000004
vn 1.0000000 -0.0000003 -0.0000005
vn 0.2927790 0.9010813 -0.3198953
vn 0.3090172 0.9510565 -0.0000001
vn 0.8090168 0.5877855 -0.0000004
vn 0.2927790 0.9010813 -0.3198953
vn -0.2927789 0.9010814 -0.3198951
vn -0.3090163 0.9510567 0.0000002
vn -0.7665055 0.5568990 -0.3198950
vn -0.8090168 0.5877855 0.0000004
vn -1.0000000 -0.0000000 0.0000005
vn -0.6112680 -0.4441122 -0.6550693
vn -0.7555690 0.0000000 -0.6550691
vn -0.6014252 0.0000001 -0.7989291
vn -0.4865631 -0.3535089 -0.7989291
vn -0.7555690 0.0000000 -0.6550691
vn -0.6112681 0.4441123 -0.6550691
vn -0.4865630 0.3535091 -0.7989291
vn -0.2334835 0.7185887 -0.6550692
vn -0.1858502 0.5719896 -0.7989290
vn -0.6112681 0.4441123 -0.6550691
vn 0.2334837 0.7185885 -0.6550694
vn 0.1858507 0.5719895 -0.7989290
vn -0.1858502 0.5719896 -0.7989290
vn 0.6112679 0.4441121 -0.6550695
vn 0.4865629 0.3535088 -0.7989293
vn 0.1858507 0.5719895 -0.7989290
vn 0.6112679 0.4441121 -0.6550695
vn 0.7555687 -0.0000002 -0.6550694
vn 0.6014248 -0.0000001 -0.7989294
vn 0.6112677 -0.4441124 -0.6550695
vn 0.4865628 -0.3535088 -0.7989294
vn 0.7555687 -0.0000002 -0.6550694
vn 0.2334833 -0.7185885 -0.6550695
vn 0.1858503 -0.5719891 -0.7989294
vn -0.2334836 -0.7185886 -0.6550693
vn -0.1858507 -0.5719894 -0.7989291
vn -0.6112680 -0.4441122 -0.6550693
vn -0.4865631 -0.3535089 -0.7989291
vn 0.4146411 0.3012543 -0.8586726
vn -0.6189488 -0.4496925 -0.6439557
vn -0.7650627 0.0000002 -0.6439558
vn 0.5125247 -0.0000001 -0.8586725
vn -0.6189485 0.4496927 -0.6439559
vn 0.4146409 -0.3012545 -0.8586726
vn 0.5125247 -0.0000001 -0.8586725
vn -0.2364174 0.7276178 -0.6439559
vn 0.1583787 -0.4874404 -0.8586723
vn 0.4146409 -0.3012545 -0.8586726
vn -0.2364174 0.7276178 -0.6439559
vn 0.2364172 0.7276177 -0.6439560
vn -0.1583787 -0.4874404 -0.8586722
vn 0.6189486 0.4496924 -0.6439560
vn -0.4146411 -0.3012546 -0.8586724
vn 0.7650624 -0.0000001 -0.6439562
vn -0.5125251 0.0000001 -0.8586723
vn 0.6189483 -0.4496928 -0.6439560
vn -0.4146413 0.3012547 -0.8586724
vn 0.2364169 -0.7276178 -0.6439560
vn -0.1583788 0.4874402 -0.8586724
vn -0.2364174 -0.7276178 -0.6439559
vn 0.1583789 0.4874400 -0.8586724
vn -0.6189488 -0.4496925 -0.6439557
vn 0.9393350 -0.0000001 -0.3430010
vn 0.7599381 0.5521272 -0.3430009
vn 0.7703417 0.5596861 -0.3054918
vn 0.9521947 -0.0000001 -0.3054918
vn 0.2902708 0.8933608 -0.3430005
vn -0.2902702 0.8933611 -0.3430002
vn -0.2942441 0.9055913 -0.3054911
vn 0.2942443 0.9055911 -0.3054915
vn -0.2902702 0.8933611 -0.3430002
vn -0.7599382 0.5521275 -0.3430003
vn -0.7703417 0.5596864 -0.3054911
vn -0.9393353 0.0000001 -0.3430002
vn -0.9521949 0.0000001 -0.3054911
vn 0.7599381 0.5521272 -0.3430009
vn 0.2942443 0.9055911 -0.3054915
vn 0.7703417 0.5596861 -0.3054918
vn 0.7599381 0.5521272 -0.3430009
vn -0.9393353 0.0000001 -0.3430002
vn -0.7699305 -0.5218746 -0.3672247
vn -0.8248149 -0.4726541 -0.3102878
vn -0.9521949 0.0000001 -0.3054911
vn 0.7599378 -0.5521276 -0.3430009
vn 0.9521947 -0.0000001 -0.3054918
vn 0.8108476 -0.4839680 -0.3290913
vn -0.7699305 -0.5218746 -0.3672247
vn -0.9393353 0.0000001 -0.3430002
vn -0.7555690 0.0000000 -0.6550691
vn -0.6112680 -0.4441122 -0.6550693
vn 0.9393350 -0.0000001 -0.3430010
vn 0.7599378 -0.5521276 -0.3430009
vn 0.6112677 -0.4441124 -0.6550695
vn 0.7555687 -0.0000002 -0.6550694
vn 0.7599381 0.5521272 -0.3430009
vn 0.6112679 0.4441121 -0.6550695
vn -0.2334836 -0.7185886 -0.6550693
vn -0.2653550 -0.8698410 -0.4158887
vn 0.2334837 0.7185885 -0.6550694
vn 0.2902708 0.8933608 -0.3430005
vn -0.2902702 0.8933611 -0.3430002
vn -0.2334835 0.7185887 -0.6550692
vn -0.7599382 0.5521275 -0.3430003
vn -0.6112681 0.4441123 -0.6550691
vn 0.2935169 -0.8690677 -0.3982075
vn 0.2334833 -0.7185885 -0.6550695
vn -0.9393353 0.0000001 -0.3430002
vn -0.7555690 0.0000000 -0.6550691
vn -0.7877859 0.5723605 0.2275891
vn -0.4865630 0.3535091 -0.7989291
vn -0.1858502 0.5719896 -0.7989290
vn -0.3009072 0.9260984 0.2275889
vn 0.3009074 -0.9260984 0.2275886
vn 0.1858503 -0.5719891 -0.7989294
vn -0.1858507 -0.5719894 -0.7989291
vn -0.3009075 -0.9260983 0.2275889
vn -0.9737573 0.0000001 0.2275891
vn -0.6014252 0.0000001 -0.7989291
vn -0.4865630 0.3535091 -0.7989291
vn 0.7877861 -0.5723605 0.2275883
vn 0.4865628 -0.3535088 -0.7989294
vn 0.1858503 -0.5719891 -0.7989294
vn 0.7877861 -0.5723605 0.2275883
vn -0.7877861 -0.5723602 0.2275891
vn -0.4865631 -0.3535089 -0.7989291
vn -0.6014252 0.0000001 -0.7989291
vn -0.9737573 0.0000001 0.2275891
vn -0.7877861 -0.5723602 0.2275891
vn 0.9737575 -0.0000002 0.2275882
vn 0.6014248 -0.0000001 -0.7989294
vn 0.4865628 -0.3535088 -0.7989294
vn 0.7877861 0.5723605 0.2275884
vn 0.4865629 0.3535088 -0.7989293
vn 0.6014248 -0.0000001 -0.7989294
vn 0.7877861 0.5723605 0.2275884
vn -0.3009075 -0.9260983 0.2275889
vn -0.1858507 -0.5719894 -0.7989291
vn -0.4865631 -0.3535089 -0.7989291
vn -0.7877861 -0.5723602 0.2275891
vn -0.3009075 -0.9260983 0.2275889
vn 0.3009073 0.9260984 0.2275886
vn 0.1858507 0.5719895 -0.7989290
vn 0.4865629 0.3535088 -0.7989293
vn -0.3009072 0.9260984 0.2275889
vn -0.1858502 0.5719896 -0.7989290
vn 0.1858507 0.5719895 -0.7989290
vn 0.9779231 -0.0000001 0.2089653
vn 0.7911563 0.5748088 0.2089653
vn 0.7877861 0.5723605 0.2275884
vn 0.9737575 -0.0000002 0.2275882
vn 0.9779231 -0.0000001 0.2089653
vn -0.9779229 0.0000002 0.2089662
vn -0.7911563 -0.5748086 0.2089662
vn -0.7877861 -0.5723602 0.2275891
vn -0.9737573 0.0000001 0.2275891
vn -0.3021947 -0.9300600 0.2089660
vn -0.3009075 -0.9260983 0.2275889
vn 0.3021946 0.9300601 0.2089655
vn 0.3009073 0.9260984 0.2275886
vn -0.3021945 0.9300601 0.2089658
vn -0.3009072 0.9260984 0.2275889
vn 0.3021946 -0.9300601 0.2089657
vn 0.3009074 -0.9260984 0.2275886
vn -0.3009075 -0.9260983 0.2275889
vn -0.7911559 0.5748091 0.2089660
vn -0.7877859 0.5723605 0.2275891
vn -0.9779229 0.0000002 0.2089662
vn -0.9737573 0.0000001 0.2275891
vn 0.7911562 -0.5748090 0.2089655
vn 0.7877861 -0.5723605 0.2275883
vn 0.9737575 -0.0000002 0.2275882
vn 0.9499978 -0.0000003 0.3122566
vn 0.7685642 -0.5583950 0.3122566
vn 0.8190661 -0.4888808 0.3002103
vn 0.9609231 -0.0000003 0.2768155
vn -0.9499975 -0.0000000 0.3122574
vn -0.9609229 -0.0000000 0.2768162
vn -0.8328569 -0.4770739 0.2806241
vn -0.7787793 -0.5288750 0.3373337
vn -0.9499975 -0.0000000 0.3122574
vn -0.7685643 0.5583944 0.3122573
vn -0.7774030 0.5648163 0.2768162
vn -0.2935654 0.9035014 0.3122571
vn -0.2969415 0.9138921 0.2768158
vn -0.7685643 0.5583944 0.3122573
vn -0.2935654 0.9035014 0.3122571
vn 0.7685646 0.5583944 0.3122566
vn 0.9499978 -0.0000003 0.3122566
vn 0.7774032 0.5648162 0.2768155
vn 0.7685646 0.5583944 0.3122566
vn 0.2935657 0.9035014 0.3122568
vn 0.2969418 0.9138920 0.2768157
vn -0.2935654 0.9035014 0.3122571
vn 0.2935657 0.9035014 0.3122568
vn 0.7774032 0.5648162 0.2768155
vn 0.2883163 0.8873461 -0.3598480
vn 0.2935657 0.9035014 0.3122568
vn -0.2935654 0.9035014 0.3122571
vn -0.2883162 0.8873462 -0.3598477
vn 0.7548218 0.5484098 -0.3598483
vn 0.7685646 0.5583944 0.3122566
vn 0.2935657 0.9035014 0.3122568
vn -0.9330111 0.0000001 -0.3598475
vn -0.9499975 -0.0000000 0.3122574
vn -0.7787793 -0.5288750 0.3373337
vn -0.7548218 -0.5484102 -0.3598476
vn 0.9330108 -0.0000003 -0.3598483
vn 0.9499978 -0.0000003 0.3122566
vn 0.7548215 -0.5484103 -0.3598481
vn 0.7685642 -0.5583950 0.3122566
vn -0.7548218 0.5484102 -0.3598476
vn -0.7685643 0.5583944 0.3122573
vn -0.2883162 0.8873462 -0.3598477
vn -0.7548218 0.5484102 -0.3598476
vn -0.7665055 0.5568990 -0.3198950
vn -0.2927789 0.9010814 -0.3198951
vn -0.2883162 0.8873462 -0.3598477
vn -0.7548218 0.5484102 -0.3598476
vn -0.9330111 0.0000001 -0.3598475
vn -0.9474530 -0.0000000 -0.3198949
vn -0.7548218 -0.5484102 -0.3598476
vn -0.7665057 -0.5568988 -0.3198949
vn 0.7548215 -0.5484103 -0.3598481
vn 0.9330108 -0.0000003 -0.3598483
vn 0.9474528 -0.0000003 -0.3198957
vn 0.7665053 -0.5568990 -0.3198955
vn 0.7548215 -0.5484103 -0.3598481
vn 0.7548218 0.5484098 -0.3598483
vn 0.7665055 0.5568987 -0.3198955
vn 0.9474528 -0.0000003 -0.3198957
vn 0.9330108 -0.0000003 -0.3598483
vn 0.2883163 0.8873461 -0.3598480
vn 0.2927790 0.9010813 -0.3198953
vn 0.7665055 0.5568987 -0.3198955
vn 0.7548218 0.5484098 -0.3598483
vn -0.2883162 0.8873462 -0.3598477
vn -0.2927789 0.9010814 -0.3198951
vn 0.2927790 0.9010813 -0.3198953
vn 0.2883163 0.8873461 -0.3598480
vn 0.2935169 -0.8690677 -0.3982075
vn 0.7599378 -0.5521276 -0.3430009
vn 0.8108476 -0.4839680 -0.3290913
vn 0.5228771 -0.7017101 -0.4839446
vn -0.7699305 -0.5218746 -0.3672247
vn -0.2653550 -0.8698410 -0.4158887
vn -0.5117925 -0.7232006 -0.4637341
vn -0.8248149 -0.4726541 -0.3102878
vn -0.2653550 -0.8698410 -0.4158887
vn 0.2935169 -0.8690677 -0.3982075
vn 0.5228771 -0.7017101 -0.4839446
vn -0.7071130 -0.0000189 -0.7071006
vn 0.7071127 -0.0000191 -0.7071009
vn 0.5773416 -0.5773574 -0.5773518
vn -0.5773420 -0.5773573 -0.5773515
vn -0.7071130 -0.0000189 -0.7071006
vn -0.6934184 -0.6543975 0.3015539
vn -0.8328569 -0.4770739 0.2806241
vn -0.8248149 -0.4726541 -0.3102878
vn -0.5117925 -0.7232006 -0.4637341
vn -0.9609229 -0.0000000 0.2768162
vn -0.9521949 0.0000001 -0.3054911
vn -0.8328569 -0.4770739 0.2806241
vn -0.9609229 -0.0000000 0.2768162
vn -0.7774030 0.5648163 0.2768162
vn -0.7703417 0.5596864 -0.3054911
vn -0.2969415 0.9138921 0.2768158
vn -0.2942441 0.9055913 -0.3054911
vn -0.7774030 0.5648163 0.2768162
vn -0.2969415 0.9138921 0.2768158
vn 0.2969418 0.9138920 0.2768157
vn 0.2942443 0.9055911 -0.3054915
vn 0.7774032 0.5648162 0.2768155
vn 0.7703417 0.5596861 -0.3054918
vn 0.2969418 0.9138920 0.2768157
vn 0.7774032 0.5648162 0.2768155
vn 0.9609231 -0.0000003 0.2768155
vn 0.9521947 -0.0000001 -0.3054918
vn 0.8190661 -0.4888808 0.3002103
vn 0.8108476 -0.4839680 -0.3290913
vn 0.7101306 -0.6227397 0.3284961
vn 0.5228771 -0.7017101 -0.4839446
vn 0.5918198 -0.7354749 0.3298878
vn 0.7101306 -0.6227397 0.3284961
vn 0.8190661 -0.4888808 0.3002103
vn 0.7685642 -0.5583950 0.3122566
vn 0.5518322 -0.7595324 -0.3443715
vn 0.5918198 -0.7354749 0.3298878
vn 0.7685642 -0.5583950 0.3122566
vn 0.7548215 -0.5484103 -0.3598481
vn -0.7787793 -0.5288750 0.3373337
vn -0.8328569 -0.4770739 0.2806241
vn -0.6934184 -0.6543975 0.3015539
vn -0.5451844 -0.7503815 0.3737668
vn -0.7548218 -0.5484102 -0.3598476
vn -0.5451844 -0.7503815 0.3737668
vn -0.5518322 -0.7595325 -0.3443713
vn 0.7548215 -0.5484103 -0.3598481
vn 0.7665053 -0.5568990 -0.3198955
vn 0.5596399 -0.7702783 -0.3057361
vn 0.5518322 -0.7595324 -0.3443715
vn 0.7548215 -0.5484103 -0.3598481
vn 0.5877850 -0.8090172 -0.0000003
vn 0.5596399 -0.7702783 -0.3057361
vn 0.7665053 -0.5568990 -0.3198955
vn 0.8090167 -0.5877857 -0.0000004
vn 0.5877850 -0.8090172 -0.0000003
vn -0.7548218 -0.5484102 -0.3598476
vn -0.5518322 -0.7595325 -0.3443713
vn -0.5596401 -0.7702783 -0.3057357
vn -0.7665057 -0.5568988 -0.3198949
vn -0.8090169 -0.5877853 0.0000005
vn -0.7665057 -0.5568988 -0.3198949
vn -0.5596401 -0.7702783 -0.3057357
vn -0.5877852 -0.8090170 0.0000004
vn 0.7070973 -0.7071162 -0.0000003
vn 0.5773416 -0.5773574 -0.5773518
vn 0.7071127 -0.0000191 -0.7071009
vn 1.0000000 -0.0000270 -0.0000005
vn -0.7070972 -0.7071163 0.0000003
vn -1.0000000 -0.0000267 0.0000005
vn -0.7071130 -0.0000189 -0.7071006
vn 0.1583789 0.4874400 -0.8586724
vn -0.0000061 -0.0000015 -1.0000000
vn -0.1583788 0.4874402 -0.8586724
vn 0.4146411 0.3012543 -0.8586726
vn -0.0000061 -0.0000015 -1.0000000
vn 0.5125247 -0.0000001 -0.8586725
vn 0.4146411 0.3012543 -0.8586726
vn 0.4146409 -0.3012545 -0.8586726
vn 0.5125247 -0.0000001 -0.8586725
vn 0.1583787 -0.4874404 -0.8586723
vn 0.4146409 -0.3012545 -0.8586726
vn -0.1583787 -0.4874404 -0.8586722
vn 0.1583787 -0.4874404 -0.8586723
vn -0.4146411 -0.3012546 -0.8586724
vn -0.1583787 -0.4874404 -0.8586722
vn -0.5125251 0.0000001 -0.8586723
vn -0.4146411 -0.3012546 -0.8586724
vn -0.4146413 0.3012547 -0.8586724
vn -0.5125251 0.0000001 -0.8586723
vn -0.1583788 0.4874402 -0.8586724
vn -0.0000061 -0.0000015 -1.0000000
vn -0.4146413 0.3012547 -0.8586724
vn -0.2364174 -0.7276178 -0.6439559
vn -0.3021947 -0.9300600 0.2089660
vn -0.7911563 -0.5748086 0.2089662
vn -0.6189488 -0.4496925 -0.6439557
vn 0.2364169 -0.7276178 -0.6439560
vn 0.3021946 -0.9300601 0.2089657
vn 0.2364169 -0.7276178 -0.6439560
vn 0.6189483 -0.4496928 -0.6439560
vn 0.7911562 -0.5748090 0.2089655
vn 0.3021946 -0.9300601 0.2089657
vn 0.7650624 -0.0000001 -0.6439562
vn 0.9779231 -0.0000001 0.2089653
vn 0.6189486 0.4496924 -0.6439560
vn 0.7911563 0.5748088 0.2089653
vn 0.7650624 -0.0000001 -0.6439562
vn 0.6189486 0.4496924 -0.6439560
vn -0.9779229 0.0000002 0.2089662
vn -0.7650627 0.0000002 -0.6439558
vn 0.2364172 0.7276177 -0.6439560
vn 0.3021946 0.9300601 0.2089655
vn -0.2364174 0.7276178 -0.6439559
vn -0.3021945 0.9300601 0.2089658
vn 0.3021946 0.9300601 0.2089655
vn -0.6189485 0.4496927 -0.6439559
vn -0.7911559 0.5748091 0.2089660
vn -0.3021945 0.9300601 0.2089658
vn -0.6189485 0.4496927 -0.6439559
vn -0.7650627 0.0000002 -0.6439558
vn -0.9779229 0.0000002 0.2089662
vn 0.0000000 0.0000000 -1.0000000
vn 0.0000000 0.0000000 -1.0000000
vn 0.0000000 0.0000000 -1.0000000
vn 0.0000000 0.0000000 -1.0000000
vn 0.6405776 0.7678935 -0.0000004
vn 0.6405775 0.7678935 -0.0000004
vn 0.6405777 0.7678933 -0.0000003
vn 0.6405778 0.7678933 -0.0000003
vn -0.6405773 0.7678937 0.0000003
vn -0.6405773 0.7678937 0.0000003
vn -0.6405774 0.7678936 0.0000003
vn -0.6405774 0.7678936 0.0000003
vn 0.0000000 0.0000000 1.0000000
vn 0.0000000 0.0000000 1.0000000
vn 0.0000000 0.0000000 1.0000000
vn 0.0000000 0.0000000 1.0000000
vn 0.0000000 0.0000000 1.0000000
vn 0.0000000 -0.0000000 1.0000000
vn -0.0000001 -0.7835505 0.6213280
vn -0.0000002 -0.7835505 0.6213281
vn -0.0000001 -0.7835505 0.6213280
vn 0.0000000 -0.7835506 0.6213279
vn 0.7071028 -0.7071107 -0.0000003
vn 0.7071025 -0.7071111 -0.0000003
vn 1.0000000 -0.0000117 -0.0000006
vn 1.0000000 -0.0000117 -0.0000006
vn -0.7071027 -0.7071109 0.0000005
vn -0.7071029 -0.7071107 0.0000005
vn -1.0000000 -0.0000114 0.0000006
vn -1.0000000 -0.0000114 0.0000006
vn 0.0000000 0.0000000 -1.0000000
vn 0.0000000 0.0000000 -1.0000000
vn 0.7071025 -0.7071111 -0.0000003
vn 0.0000000 0.0000000 -1.0000000
vn 0.0000000 -1.0000000 -0.0000000
vn -0.0000000 -1.0000000 0.0000000
vn 0.9997132 0.0239482 -0.0000002
vn 0.9997132 0.0239482 -0.0000002
vn -0.9997585 0.0219760 0.0000002
vn -0.9997585 0.0219759 0.0000002
vn 0.0000000 0.0000000 -1.0000000
vn 0.0000000 -0.0000000 -1.0000000
vn 0.0000000 0.0000000 -1.0000000
vn 0.0000000 0.0000000 -1.0000000
vn 0.0000000 0.0000000 -1.0000000
vn 0.0000000 0.0000000 -1.0000000
vn -0.0000000 0.0000000 -1.0000000
vn 0.0000000 0.0000000 -1.0000000
vn 0.0000000 -0.0000000 -1.0000000
vn 0.0000001 1.0000000 -0.0000000
vn 0.0000001 1.0000000 -0.0000002
vn 0.0000001 1.0000000 -0.0000002
vn 0.0000001 1.0000000 0.0000002
vn 0.0000002 1.0000000 -0.0000002
vn 0.0000002 1.0000000 -0.0000002
vn 0.0000001 1.0000000 0.0000002
vn 0.0000002 1.0000000 -0.0000002
vn 0.0000002 1.0000000 -0.0000002
vn 0.0000002 1.0000000 -0.0000004
vn 0.0000002 1.0000000 -0.0000002
s 1
f 1/1/1 2/2/2 3/3/3
f 4/4/4 2/2/2 5/5/5
f 5/5/5 6/6/6 4/4/4
f 7/7/7 2/2/2 8/8/8
f 8/8/8 9/9/9 10/10/10
f 11/11/11 12/12/12 13/13/13
f 13/13/13 14/14/14 11/11/11
f 15/15/15 16/16/16 17/17/17
f 17/17/17 13/13/13 15/15/15
f 18/18/18 19/19/19 20/20/20
f 20/20/20 21/21/21 22/22/22
f 13/13/13 23/23/23 24/24/24
f 24/24/24 22/22/22 13/13/13
f 21/21/21 25/25/25 26/26/26
f 26/26/26 27/27/27 28/28/28
f 29/29/29 30/30/30 31/31/31
f 31/31/31 32/32/32 33/33/33
f 30/30/30 34/34/34 35/35/35
f 35/35/35 36/36/36 37/37/37
f 32/32/32 17/17/17 38/38/38
f 38/38/38 39/39/39 32/32/32
f 36/36/36 40/40/40 41/41/41
f 41/41/41 32/32/32 36/36/36
f 39/39/39 42/42/42 43/43/43
f 43/43/43 44/44/44 45/45/45
f 46/46/46 47/47/47 48/48/48
f 48/48/48 49/49/49 50/50/50
f 47/47/47 51/51/51 52/52/52
f 52/52/52 53/53/53 54/54/54
f 49/49/49 55/55/55 56/56/56
f 56/56/56 57/57/57 49/49/49
f 53/53/53 58/58/58 59/59/59
f 59/59/59 49/49/49 53/53/53
f 57/57/57 60/60/60 61/61/61
f 61/61/61 62/62/62 57/57/57
f 63/63/63 64/64/64 65/65/65
f 65/65/65 66/66/66 67/67/67
f 64/64/64 68/68/68 69/69/69
f 69/69/69 70/70/70 64/64/64
f 66/66/66 71/71/71 72/72/72
f 72/72/72 73/73/73 74/74/74
f 70/70/70 75/75/75 76/76/76
f 76/76/76 74/74/74 77/77/77
f 78/78/78 79/79/79 80/80/80
f 80/80/80 64/64/64 78/78/78
f 81/81/81 82/82/82 83/83/83
f 83/83/83 84/84/84 85/85/85
f 82/82/82 86/86/86 87/87/87
f 87/87/87 88/88/88 89/89/89
f 84/84/84 90/90/90 91/91/91
f 91/91/91 92/92/92 84/84/84
f 88/88/88 93/93/93 94/94/94
f 94/94/94 84/84/84 88/88/88
f 92/92/92 95/95/95 96/96/96
f 96/96/96 97/97/97 92/92/92
f 98/98/98 99/99/99 100/100/100
f 100/100/100 101/101/101 102/102/102
f 99/99/99 103/103/103 104/104/104
f 104/104/104 105/105/105 106/106/106
f 101/101/101 107/107/107 108/108/108
f 108/108/108 109/109/109 101/101/101
f 105/105/105 80/80/80 110/110/110
f 110/110/110 101/101/101 105/105/105
f 109/109/109 111/111/111 112/112/112
f 112/112/112 113/113/113 109/109/109
f 114/114/114 115/115/115 116/116/116
f 117/117/117 118/118/118 116/116/116
f 116/116/116 119/119/119 117/117/117
f 120/120/120 121/121/121 122/122/122
f 121/121/121 123/123/123 122/122/122
f 124/124/124 125/125/125 126/126/126
f 126/126/126 127/127/127 128/128/128
f 125/125/125 129/129/129 130/130/130
f 130/130/130 131/131/131 125/125/125
f 127/127/127 132/132/132 133/133/133
f 133/133/133 134/134/134 135/135/135
f 131/131/131 136/136/136 137/137/137
f 137/137/137 135/135/135 138/138/138
f 139/139/139 140/140/140 141/141/141
f 141/141/141 125/125/125 139/139/139
f 142/142/142 143/143/143 144/144/144
f 144/144/144 145/145/145 146/146/146
f 143/143/143 147/147/147 148/148/148
f 148/148/148 149/149/149 150/150/150
f 145/145/145 151/151/151 152/152/152
f 152/152/152 153/153/153 145/145/145
f 149/149/149 154/154/154 155/155/155
f 155/155/155 145/145/145 149/149/149
f 153/153/153 156/156/156 157/157/157
f 157/157/157 158/158/158 159/159/159
f 160/160/160 161/161/161 162/162/162
f 163/163/163 162/162/162 164/164/164
f 165/165/165 166/166/166 167/167/167
f 167/167/167 168/168/168 169/169/169
f 170/170/170 171/171/171 172/172/172
f 172/172/172 168/168/168 170/170/170
f 173/173/173 174/174/174 175/175/175
f 175/175/175 176/176/176 177/177/177
f 178/178/178 179/179/179 180/180/180
f 180/180/180 181/181/181 178/178/178
f 182/182/182 183/183/183 184/184/184
f 185/185/185 186/186/186 187/187/187
f 188/188/188 186/186/186 189/189/189
f 186/186/186 190/190/190 191/191/191
f 192/192/192 193/193/193 194/194/194
f 194/194/194 195/195/195 192/192/192
f 195/195/195 194/194/194 196/196/196
f 196/196/196 197/197/197 195/195/195
f 197/197/197 196/196/196 198/198/198
f 198/198/198 199/199/199 197/197/197
f 168/168/168 200/200/200 201/201/201
f 201/201/201 202/202/202 203/203/203
f 204/204/204 176/176/176 200/200/200
f 200/200/200 203/203/203 204/204/204
f 202/202/202 205/205/205 206/206/206
f 206/206/206 207/207/207 202/202/202
f 208/208/208 209/209/209 210/210/210
f 210/210/210 211/211/211 208/208/208
f 212/212/212 213/213/213 214/214/214
f 214/214/214 215/215/215 212/212/212
f 216/216/216 217/217/217 218/218/218
f 218/218/218 219/219/219 220/220/220
f 221/221/221 222/222/222 217/217/217
f 223/223/223 224/224/224 225/225/225
f 225/225/225 217/217/217 223/223/223
f 226/226/226 227/227/227 228/228/228
f 228/228/228 229/229/229 226/226/226
f 230/230/230 231/231/231 232/232/232
f 232/232/232 233/233/233 230/230/230
f 233/233/233 232/232/232 234/234/234
f 234/234/234 235/235/235 233/233/233
f 231/231/231 230/230/230 236/236/236
f 236/236/236 237/237/237 231/231/231
f 232/232/232 231/231/231 238/238/238
f 238/238/238 239/239/239 232/232/232
f 230/230/230 233/233/233 240/240/240
f 240/240/240 241/241/241 230/230/230
f 242/242/242 243/243/243 244/244/244
f 244/244/244 245/245/245 242/242/242
f 245/245/245 244/244/244 246/246/246
f 246/246/246 247/247/247 245/245/245
f 243/243/243 248/248/248 235/235/235
f 235/235/235 234/234/234 243/243/243
f 244/244/244 243/243/243 249/249/249
f 249/249/249 250/250/250 244/244/244
f 248/248/248 245/245/245 251/251/251
f 251/251/251 252/252/252 248/248/248
f 253/253/253 254/254/254 255/255/255
f 255/255/255 256/256/256 253/253/253
f 256/256/256 255/255/255 257/257/257
f 257/257/257 258/258/258 256/256/256
f 254/254/254 253/253/253 259/259/259
f 259/259/259 260/260/260 261/261/261
f 255/255/255 261/261/261 241/241/241
f 241/241/241 240/240/240 255/255/255
f 253/253/253 256/256/256 262/262/262
f 262/262/262 263/263/263 253/253/253
f 264/264/264 265/265/265 266/266/266
f 266/266/266 267/267/267 264/264/264
f 267/267/267 266/266/266 268/268/268
f 268/268/268 269/269/269 267/267/267
f 265/265/265 264/264/264 258/258/258
f 258/258/258 257/257/257 265/265/265
f 270/270/270 265/265/265 252/252/252
f 252/252/252 271/271/271 270/270/270
f 264/264/264 267/267/267 272/272/272
f 272/272/272 273/273/273 264/264/264
f 274/274/274 275/275/275 276/276/276
f 276/276/276 277/277/277 278/278/278
f 277/277/277 279/279/279 280/280/280
f 280/280/280 281/281/281 277/277/277
f 282/282/282 283/283/283 284/284/284
f 284/284/284 285/285/285 282/282/282
f 279/279/279 282/282/282 286/286/286
f 286/286/286 262/262/262 279/279/279
f 283/283/283 277/277/277 287/287/287
f 287/287/287 288/288/288 283/283/283
f 289/289/289 290/290/290 291/291/291
f 291/291/291 292/292/292 293/293/293
f 292/292/292 294/294/294 295/295/295
f 295/295/295 296/296/296 292/292/292
f 297/297/297 298/298/298 281/281/281
f 281/281/281 299/299/299 300/300/300
f 301/301/301 300/300/300 273/273/273
f 273/273/273 302/302/302 301/301/301
f 298/298/298 292/292/292 303/303/303
f 303/303/303 304/304/304 305/305/305
f 306/306/306 307/307/307 308/308/308
f 309/309/309 222/222/222 307/307/307
f 307/307/307 306/306/306 309/309/309
f 310/310/310 311/311/311 312/312/312
f 312/312/312 311/311/311 313/313/313
f 314/314/314 315/315/315 316/316/316
f 316/316/316 317/317/317 318/318/318
f 317/317/317 319/319/319 320/320/320
f 320/320/320 321/321/321 317/317/317
f 322/322/322 323/323/323 324/324/324
f 324/324/324 325/325/325 326/326/326
f 327/327/327 326/326/326 328/328/328
f 328/328/328 329/329/329 327/327/327
f 323/323/323 317/317/317 330/330/330
f 330/330/330 331/331/331 332/332/332
f 333/333/333 334/334/334 335/335/335
f 335/335/335 336/336/336 337/337/337
f 336/336/336 335/335/335 338/338/338
f 338/338/338 339/339/339 336/336/336
f 334/334/334 337/337/337 321/321/321
f 321/321/321 340/340/340 334/334/334
f 335/335/335 334/334/334 341/341/341
f 341/341/341 342/342/342 335/335/335
f 343/343/343 336/336/336 344/344/344
f 344/344/344 345/345/345 343/343/343
f 346/346/346 312/312/312 347/347/347
f 348/348/348 349/349/349 350/350/350
f 351/351/351 352/352/352 176/176/176
f 176/176/176 353/353/353 351/351/351
f 354/354/354 352/352/352 355/355/355
f 355/355/355 356/356/356 354/354/354
f 357/357/357 358/358/358 359/359/359
f 360/360/360 361/361/361 362/362/362
f 363/363/363 364/364/364 362/362/362
f 362/362/362 361/361/361 365/365/365
f 366/366/366 367/367/367 368/368/368
f 368/368/368 369/369/369 366/366/366
f 370/370/370 215/215/215 214/214/214
f 214/214/214 371/371/371 370/370/370
f 372/372/372 373/373/373 374/374/374
f 374/374/374 375/375/375 372/372/372
f 373/373/373 372/372/372 376/376/376
f 375/375/375 374/374/374 377/377/377
f 378/378/378 379/379/379 380/380/380
f 381/381/381 382/382/382 383/383/383
f 3436/3436/3436 3440/3440/3440 3443/3443/3443
f 3443/3443/3443 3444/3444/3444 3445/3445/3445
f 3444/3444/3444 3446/3446/3446 3447/3447/3447
f 3447/3447/3447 3448/3448/3448 3444/3444/3444
f 3444/3444/3444 3448/3448/3448 3449/3449/3449
f 3449/3449/3449 3450/3450/3450 3444/3444/3444
f 3447/3447/3447 3446/3446/3446 3451/3451/3451
f 3451/3451/3451 3452/3452/3452 3447/3447/3447
f 3462/3462/3462 3463/3463/3463 3464/3464/3464
f 3464/3464/3464 3465/3465/3465 3462/3462/3462
f 3466/3466/3466 3467/3467/3467 3462/3462/3462
f 3462/3462/3462 3468/3468/3468 3466/3466/3466
f 3469/3469/3469 3470/3470/3470 3466/3466/3466
f 3466/3466/3466 3471/3471/3471 3472/3472/3472
f 3030/3030/3030 3031/3031/3031 3032/3032/3032
f 3032/3032/3032 3033/3033/3033 3034/3034/3034
f 3035/3035/3035 3036/3036/3036 3037/3037/3037
f 3037/3037/3037 3038/3038/3038 3035/3035/3035
f 3038/3038/3038 3037/3037/3037 3039/3039/3039
f 3039/3039/3039 3040/3040/3040 3041/3041/3041
f 3040/3040/3040 3039/3039/3039 3042/3042/3042
f 3042/3042/3042 3043/3043/3043 3044/3044/3044
f 3043/3043/3043 3045/3045/3045 3046/3046/3046
f 3046/3046/3046 3047/3047/3047 3043/3043/3043
f 3047/3047/3047 3046/3046/3046 3048/3048/3048
f 3048/3048/3048 3049/3049/3049 3047/3047/3047
f 3049/3049/3049 3048/3048/3048 3031/3031/3031
f 3031/3031/3031 3050/3050/3050 3049/3049/3049
f 3051/3051/3051 3052/3052/3052 3053/3053/3053
f 3053/3053/3053 3054/3054/3054 3051/3051/3051
f 3055/3055/3055 3056/3056/3056 3057/3057/3057
f 3057/3057/3057 3053/3053/3053 3055/3055/3055
f 3056/3056/3056 3058/3058/3058 3059/3059/3059
f 3059/3059/3059 3057/3057/3057 3060/3060/3060
f 3058/3058/3058 3061/3061/3061 3062/3062/3062
f 3062/3062/3062 3063/3063/3063 3058/3058/3058
f 3061/3061/3061 3064/3064/3064 3065/3065/3065
f 3065/3065/3065 3066/3066/3066 3061/3061/3061
f 3067/3067/3067 3068/3068/3068 3069/3069/3069
f 3069/3069/3069 3065/3065/3065 3067/3067/3067
f 3068/3068/3068 3070/3070/3070 3071/3071/3071
f 3071/3071/3071 3069/3069/3069 3072/3072/3072
f 3070/3070/3070 3073/3073/3073 3074/3074/3074
f 3074/3074/3074 3071/3071/3071 3070/3070/3070
f 3073/3073/3073 3075/3075/3075 3076/3076/3076
f 3076/3076/3076 3074/3074/3074 3073/3073/3073
f 3075/3075/3075 3077/3077/3077 3078/3078/3078
f 3078/3078/3078 3076/3076/3076 3075/3075/3075
f 3079/3079/3079 3080/3080/3080 3081/3081/3081
f 3081/3081/3081 3082/3082/3082 3079/3079/3079
f 3082/3082/3082 3081/3081/3081 3083/3083/3083
f 3083/3083/3083 3084/3084/3084 3085/3085/3085
f 3084/3084/3084 3083/3083/3083 3086/3086/3086
f 3086/3086/3086 3087/3087/3087 3088/3088/3088
f 3087/3087/3087 3089/3089/3089 3090/3090/3090
f 3090/3090/3090 3091/3091/3091 3087/3087/3087
f 3091/3091/3091 3090/3090/3090 3092/3092/3092
f 3092/3092/3092 3093/3093/3093 3091/3091/3091
f 3093/3093/3093 3092/3092/3092 3094/3094/3094
f 3094/3094/3094 3095/3095/3095 3093/3093/3093
f 3095/3095/3095 3094/3094/3094 3096/3096/3096
f 3096/3096/3096 3097/3097/3097 3095/3095/3095
f 3097/3097/3097 3096/3096/3096 3098/3098/3098
f 3098/3098/3098 3099/3099/3099 3097/3097/3097
f 3099/3099/3099 3098/3098/3098 3100/3100/3100
f 3100/3100/3100 3101/3101/3101 3099/3099/3099
f 3101/3101/3101 3100/3100/3100 3102/3102/3102
f 3102/3102/3102 3079/3079/3079 3101/3101/3101
f 3103/3103/3103 3104/3104/3104 3105/3105/3105
f 3105/3105/3105 3106/3106/3106 3103/3103/3103
f 3107/3107/3107 3108/3108/3108 3109/3109/3109
f 3109/3109/3109 3110/3110/3110 3107/3107/3107
f 3111/3111/3111 3112/3112/3112 3113/3113/3113
f 3113/3113/3113 3109/3109/3109 3111/3111/3111
f 3112/3112/3112 3114/3114/3114 3115/3115/3115
f 3115/3115/3115 3113/3113/3113 3112/3112/3112
f 3116/3116/3116 3107/3107/3107 3117/3117/3117
f 3117/3117/3117 3118/3118/3118 3119/3119/3119
f 3120/3120/3120 3121/3121/3121 3122/3122/3122
f 3122/3122/3122 3123/3123/3123 3120/3120/3120
f 3124/3124/3124 3103/3103/3103 3125/3125/3125
f 3125/3125/3125 3126/3126/3126 3124/3124/3124
f 3127/3127/3127 3128/3128/3128 3129/3129/3129
f 3129/3129/3129 3130/3130/3130 3127/3127/3127
f 3131/3131/3131 3132/3132/3132 3133/3133/3133
f 3133/3133/3133 3134/3134/3134 3131/3131/3131
f 3135/3135/3135 3131/3131/3131 3134/3134/3134
f 3134/3134/3134 3136/3136/3136 3135/3135/3135
f 3127/3127/3127 3130/3130/3130 3137/3137/3137
f 3137/3137/3137 3138/3138/3138 3127/3127/3127
f 3135/3135/3135 3136/3136/3136 3139/3139/3139
f 3139/3139/3139 3140/3140/3140 3135/3135/3135
f 3141/3141/3141 3140/3140/3140 3139/3139/3139
f 3139/3139/3139 3142/3142/3142 3141/3141/3141
f 3143/3143/3143 3141/3141/3141 3142/3142/3142
f 3142/3142/3142 3144/3144/3144 3143/3143/3143
f 3145/3145/3145 3138/3138/3138 3137/3137/3137
f 3137/3137/3137 3146/3146/3146 3145/3145/3145
f 3147/3147/3147 3143/3143/3143 3144/3144/3144
f 3144/3144/3144 3148/3148/3148 3147/3147/3147
f 3132/3132/3132 3145/3145/3145 3146/3146/3146
f 3146/3146/3146 3133/3133/3133 3132/3132/3132
f 3149/3149/3149 3150/3150/3150 3151/3151/3151
f 3151/3151/3151 3152/3152/3152 3149/3149/3149
f 3153/3153/3153 3154/3154/3154 3155/3155/3155
f 3155/3155/3155 3156/3156/3156 3153/3153/3153
f 3157/3157/3157 3158/3158/3158 3159/3159/3159
f 3159/3159/3159 3149/3149/3149 3157/3157/3157
f 3160/3160/3160 3161/3161/3161 3162/3162/3162
f 3162/3162/3162 3153/3153/3153 3163/3163/3163
f 3164/3164/3164 3165/3165/3165 3166/3166/3166
f 3166/3166/3166 3167/3167/3167 3168/3168/3168
f 3169/3169/3169 3170/3170/3170 3171/3171/3171
f 3171/3171/3171 3163/3163/3163 3169/3169/3169
f 3172/3172/3172 3173/3173/3173 3174/3174/3174
f 3174/3174/3174 3169/3169/3169 3175/3175/3175
f 3176/3176/3176 3177/3177/3177 3178/3178/3178
f 3178/3178/3178 3179/3179/3179 3180/3180/3180
f 3181/3181/3181 3182/3182/3182 3183/3183/3183
f 3183/3183/3183 3175/3175/3175 3181/3181/3181
f 3184/3184/3184 3185/3185/3185 3186/3186/3186
f 3186/3186/3186 3181/3181/3181 3184/3184/3184
f 3187/3187/3187 3188/3188/3188 3189/3189/3189
f 3189/3189/3189 3190/3190/3190 3191/3191/3191
f 3192/3192/3192 3193/3193/3193 3194/3194/3194
f 3194/3194/3194 3195/3195/3195 3192/3192/3192
f 3196/3196/3196 3197/3197/3197 3194/3194/3194
f 3194/3194/3194 3193/3193/3193 3196/3196/3196
f 3188/3188/3188 3198/3198/3198 3199/3199/3199
f 3199/3199/3199 3189/3189/3189 3188/3188/3188
f 3198/3198/3198 3200/3200/3200 3201/3201/3201
f 3201/3201/3201 3199/3199/3199 3198/3198/3198
f 3196/3196/3196 3202/3202/3202 3203/3203/3203
f 3203/3203/3203 3204/3204/3204 3196/3196/3196
f 3200/3200/3200 3205/3205/3205 3206/3206/3206
f 3206/3206/3206 3201/3201/3201 3200/3200/3200
f 3205/3205/3205 3207/3207/3207 3208/3208/3208
f 3208/3208/3208 3206/3206/3206 3205/3205/3205
f 3202/3202/3202 3209/3209/3209 3210/3210/3210
f 3210/3210/3210 3203/3203/3203 3202/3202/3202
f 3187/3187/3187 3211/3211/3211 3210/3210/3210
f 3210/3210/3210 3209/3209/3209 3187/3187/3187
f 3212/3212/3212 3213/3213/3213 3214/3214/3214
f 3214/3214/3214 3215/3215/3215 3212/3212/3212
f 3216/3216/3216 3217/3217/3217 3218/3218/3218
f 3218/3218/3218 3219/3219/3219 3220/3220/3220
f 3221/3221/3221 3222/3222/3222 3217/3217/3217
f 3217/3217/3217 3220/3220/3220 3221/3221/3221
f 3223/3223/3223 3224/3224/3224 3222/3222/3222
f 3222/3222/3222 3225/3225/3225 3226/3226/3226
f 3227/3227/3227 3228/3228/3228 3215/3215/3215
f 3215/3215/3215 3229/3229/3229 3230/3230/3230
f 3231/3231/3231 3232/3232/3232 3224/3224/3224
f 3224/3224/3224 3233/3233/3233 3234/3234/3234
f 3230/3230/3230 3235/3235/3235 3232/3232/3232
f 3232/3232/3232 3234/3234/3234 3230/3230/3230
f 3236/3236/3236 3237/3237/3237 3238/3238/3238
f 3238/3238/3238 3239/3239/3239 3236/3236/3236
f 3240/3240/3240 3241/3241/3241 3242/3242/3242
f 3242/3242/3242 3236/3236/3236 3240/3240/3240
f 3243/3243/3243 3244/3244/3244 3245/3245/3245
f 3245/3245/3245 3246/3246/3246 3243/3243/3243
f 3247/3247/3247 3248/3248/3248 3241/3241/3241
f 3241/3241/3241 3240/3240/3240 3247/3247/3247
f 3249/3249/3249 3250/3250/3250 3248/3248/3248
f 3248/3248/3248 3247/3247/3247 3249/3249/3249
f 3251/3251/3251 3252/3252/3252 3244/3244/3244
f 3244/3244/3244 3243/3243/3243 3251/3251/3251
f 3253/3253/3253 3238/3238/3238 3252/3252/3252
f 3252/3252/3252 3251/3251/3251 3253/3253/3253
f 3254/3254/3254 3255/3255/3255 3256/3256/3256
f 3256/3256/3256 3257/3257/3257 3258/3258/3258
f 3258/3258/3258 3259/3259/3259 3260/3260/3260
f 3260/3260/3260 3255/3255/3255 3258/3258/3258
f 3259/3259/3259 3261/3261/3261 3262/3262/3262
f 3262/3262/3262 3260/3260/3260 3259/3259/3259
f 3263/3263/3263 3264/3264/3264 3265/3265/3265
f 3265/3265/3265 3266/3266/3266 3267/3267/3267
f 3268/3268/3268 3269/3269/3269 3270/3270/3270
f 3270/3270/3270 3271/3271/3271 3268/3268/3268
f 3272/3272/3272 3273/3273/3273 3274/3274/3274
f 3274/3274/3274 3275/3275/3275 3272/3272/3272
f 3272/3272/3272 3276/3276/3276 3277/3277/3277
f 3277/3277/3277 3278/3278/3278 3279/3279/3279
f 3280/3280/3280 3281/3281/3281 3282/3282/3282
f 3282/3282/3282 3283/3283/3283 3280/3280/3280
f 3284/3284/3284 3285/3285/3285 3286/3286/3286
f 3286/3286/3286 3287/3287/3287 3284/3284/3284
f 3288/3288/3288 3289/3289/3289 3290/3290/3290
f 3290/3290/3290 3286/3286/3286 3288/3288/3288
f 3291/3291/3291 3292/3292/3292 3293/3293/3293
f 3293/3293/3293 3294/3294/3294 3295/3295/3295
f 3296/3296/3296 3297/3297/3297 3298/3298/3298
f 3298/3298/3298 3299/3299/3299 3296/3296/3296
f 3297/3297/3297 3300/3300/3300 3301/3301/3301
f 3301/3301/3301 3298/3298/3298 3302/3302/3302
f 3303/3303/3303 3304/3304/3304 3305/3305/3305
f 3305/3305/3305 3301/3301/3301 3303/3303/3303
f 3304/3304/3304 3306/3306/3306 3307/3307/3307
f 3307/3307/3307 3305/3305/3305 3308/3308/3308
f 3309/3309/3309 3310/3310/3310 3311/3311/3311
f 3311/3311/3311 3307/3307/3307 3309/3309/3309
f 3310/3310/3310 3312/3312/3312 3313/3313/3313
f 3313/3313/3313 3311/3311/3311 3314/3314/3314
f 3315/3315/3315 3316/3316/3316 3317/3317/3317
f 3317/3317/3317 3313/3313/3313 3315/3315/3315
f 3316/3316/3316 3318/3318/3318 3319/3319/3319
f 3319/3319/3319 3317/3317/3317 3316/3316/3316
f 3318/3318/3318 3320/3320/3320 3321/3321/3321
f 3321/3321/3321 3319/3319/3319 3318/3318/3318
f 3322/3322/3322 3323/3323/3323 3324/3324/3324
f 3324/3324/3324 3325/3325/3325 3322/3322/3322
f 3326/3326/3326 3327/3327/3327 3328/3328/3328
f 3328/3328/3328 3329/3329/3329 3326/3326/3326
f 3330/3330/3330 3331/3331/3331 3332/3332/3332
f 3332/3332/3332 3333/3333/3333 3330/3330/3330
f 3334/3334/3334 3245/3245/3245 3335/3335/3335
f 3335/3335/3335 3336/3336/3336 3334/3334/3334
f 3337/3337/3337 3338/3338/3338 3339/3339/3339
f 3339/3339/3339 3340/3340/3340 3341/3341/3341
f 3342/3342/3342 3343/3343/3343 3344/3344/3344
f 3344/3344/3344 3345/3345/3345 3346/3346/3346
f 3347/3347/3347 3348/3348/3348 3349/3349/3349
f 3349/3349/3349 3350/3350/3350 3347/3347/3347
f 3351/3351/3351 3352/3352/3352 3353/3353/3353
f 3353/3353/3353 3354/3354/3354 3351/3351/3351
f 3355/3355/3355 3356/3356/3356 3357/3357/3357
f 3357/3357/3357 3358/3358/3358 3355/3355/3355
f 3359/3359/3359 3294/3294/3294 3356/3356/3356
f 3356/3356/3356 3355/3355/3355 3359/3359/3359
f 3360/3360/3360 3361/3361/3361 3294/3294/3294
f 3294/3294/3294 3359/3359/3359 3360/3360/3360
f 3362/3362/3362 3363/3363/3363 3364/3364/3364
f 3365/3365/3365 3366/3366/3366 3362/3362/3362
f 3367/3367/3367 3366/3366/3366 3368/3368/3368
f 3369/3369/3369 3366/3366/3366 3370/3370/3370
f 3371/3371/3371 3366/3366/3366 3372/3372/3372
f 3373/3373/3373 3366/3366/3366 3374/3374/3374
f 3375/3375/3375 3366/3366/3366 3376/3376/3376
f 3377/3377/3377 3366/3366/3366 3378/3378/3378
f 3379/3379/3379 3366/3366/3366 3380/3380/3380
f 3381/3381/3381 3382/3382/3382 3383/3383/3383
f 3384/3384/3384 3385/3385/3385 3386/3386/3386
f 3386/3386/3386 3387/3387/3387 3384/3384/3384
f 3388/3388/3388 3389/3389/3389 3385/3385/3385
f 3385/3385/3385 3384/3384/3384 3388/3388/3388
f 3390/3390/3390 3391/3391/3391 3392/3392/3392
f 3392/3392/3392 3393/3393/3393 3390/3390/3390
f 3391/3391/3391 3394/3394/3394 3395/3395/3395
f 3395/3395/3395 3392/3392/3392 3391/3391/3391
f 3396/3396/3396 3397/3397/3397 3395/3395/3395
f 3395/3395/3395 3398/3398/3398 3399/3399/3399
f 3387/3387/3387 3386/3386/3386 3400/3400/3400
f 3400/3400/3400 3401/3401/3401 3387/3387/3387
f 3399/3399/3399 3402/3402/3402 3403/3403/3403
f 3403/3403/3403 3397/3397/3397 3399/3399/3399
f 3404/3404/3404 3405/3405/3405 3406/3406/3406
f 3406/3406/3406 3402/3402/3402 3404/3404/3404
f 3407/3407/3407 3408/3408/3408 3409/3409/3409
f 3409/3409/3409 3404/3404/3404 3410/3410/3410
f 3410/3410/3410 3411/3411/3411 3412/3412/3412
f 3412/3412/3412 3408/3408/3408 3410/3410/3410
f 3413/3413/3413 3414/3414/3414 3415/3415/3415
f 3415/3415/3415 3416/3416/3416 3413/3413/3413
f 3417/3417/3417 3418/3418/3418 3419/3419/3419
f 3419/3419/3419 3420/3420/3420 3417/3417/3417
f 3421/3421/3421 3422/3422/3422 3423/3423/3423
f 3423/3423/3423 3424/3424/3424 3421/3421/3421
f 3425/3425/3425 3426/3426/3426 3427/3427/3427
f 3427/3427/3427 3428/3428/3428 3425/3425/3425
f 3428/3428/3428 3427/3427/3427 3429/3429/3429
f 3429/3429/3429 3430/3430/3430 3428/3428/3428
f 3431/3431/3431 3432/3432/3432 3433/3433/3433
f 3433/3433/3433 3434/3434/3434 3431/3431/3431
f 3435/3435/3435 3436/3436/3436 3437/3437/3437
f 3437/3437/3437 3438/3438/3438 3435/3435/3435
f 3439/3439/3439 3440/3440/3440 3436/3436/3436
f 3436/3436/3436 3435/3435/3435 3439/3439/3439
f 3441/3441/3441 3442/3442/3442 3440/3440/3440
f 3440/3440/3440 3439/3439/3439 3441/3441/3441
f 3453/3453/3453 3454/3454/3454 3455/3455/3455
f 3455/3455/3455 3456/3456/3456 3457/3457/3457
f 3458/3458/3458 3459/3459/3459 3460/3460/3460
f 3460/3460/3460 3461/3461/3461 3458/3458/3458
f 384/384/384 385/385/385 386/386/386
f 385/385/385 387/387/387 386/386/386
f 387/387/387 388/388/388 386/386/386
f 388/388/388 389/389/389 386/386/386
f 389/389/389 390/390/390 386/386/386
f 390/390/390 384/384/384 386/386/386
f 390/390/390 389/389/389 391/391/391
f 391/391/391 392/392/392 390/390/390
f 393/393/393 394/394/394 395/395/395
f 395/395/395 396/396/396 397/397/397
f 398/398/398 399/399/399 400/400/400
f 400/400/400 401/401/401 402/402/402
f 403/403/403 404/404/404 405/405/405
f 405/405/405 406/406/406 403/403/403
f 407/407/407 408/408/408 409/409/409
f 409/409/409 410/410/410 411/411/411
f 412/412/412 413/413/413 414/414/414
f 414/414/414 415/415/415 412/412/412
f 416/416/416 417/417/417 418/418/418
f 418/418/418 391/391/391 416/416/416
f 419/419/419 384/384/384 396/396/396
f 396/396/396 420/420/420 419/419/419
f 421/421/421 422/422/422 415/415/415
f 415/415/415 414/414/414 421/421/421
f 419/419/419 401/401/401 423/423/423
f 423/423/423 424/424/424 419/419/419
f 384/384/384 425/425/425 426/426/426
f 426/426/426 405/405/405 384/384/384
f 427/427/427 424/424/424 410/410/410
f 410/410/410 409/409/409 427/427/427
f 428/428/428 429/429/429 430/430/430
f 430/430/430 431/431/431 432/432/432
f 433/433/433 434/434/434 435/435/435
f 435/435/435 436/436/436 433/433/433
f 436/436/436 437/437/437 438/438/438
f 438/438/438 433/433/433 439/439/439
f 435/435/435 440/440/440 441/441/441
f 441/441/441 439/439/439 435/435/435
f 442/442/442 443/443/443 444/444/444
f 444/444/444 435/435/435 445/445/445
f 446/446/446 447/447/447 448/448/448
f 448/448/448 445/445/445 446/446/446
f 449/449/449 450/450/450 451/451/451
f 451/451/451 452/452/452 449/449/449
f 452/452/452 453/453/453 454/454/454
f 454/454/454 455/455/455 452/452/452
f 455/455/455 456/456/456 457/457/457
f 457/457/457 458/458/458 455/455/455
f 458/458/458 459/459/459 460/460/460
f 460/460/460 461/461/461 458/458/458
f 462/462/462 463/463/463 464/464/464
f 464/464/464 465/465/465 462/462/462
f 466/466/466 467/467/467 468/468/468
f 468/468/468 469/469/469 466/466/466
f 470/470/470 471/471/471 472/472/472
f 472/472/472 473/473/473 474/474/474
f 475/475/475 476/476/476 477/477/477
f 477/477/477 478/478/478 475/475/475
f 479/479/479 480/480/480 481/481/481
f 481/481/481 482/482/482 479/479/479
f 483/483/483 484/484/484 485/485/485
f 485/485/485 486/486/486 487/487/487
f 488/488/488 489/489/489 490/490/490
f 490/490/490 491/491/491 488/488/488
f 492/492/492 488/488/488 491/491/491
f 491/491/491 493/493/493 492/492/492
f 494/494/494 495/495/495 496/496/496
f 496/496/496 497/497/497 498/498/498
f 499/499/499 500/500/500 501/501/501
f 501/501/501 502/502/502 499/499/499
f 503/503/503 504/504/504 505/505/505
f 505/505/505 506/506/506 503/503/503
f 507/507/507 508/508/508 509/509/509
f 509/509/509 510/510/510 507/507/507
f 511/511/511 512/512/512 513/513/513
f 513/513/513 514/514/514 515/515/515
f 516/516/516 517/517/517 518/518/518
f 518/518/518 519/519/519 516/516/516
f 520/520/520 521/521/521 522/522/522
f 522/522/522 509/509/509 520/520/520
f 523/523/523 524/524/524 525/525/525
f 525/525/525 526/526/526 523/523/523
f 527/527/527 528/528/528 529/529/529
f 529/529/529 530/530/530 531/531/531
f 532/532/532 533/533/533 534/534/534
f 534/534/534 535/535/535 532/532/532
f 536/536/536 537/537/537 538/538/538
f 538/538/538 539/539/539 540/540/540
f 541/541/541 542/542/542 543/543/543
f 543/543/543 544/544/544 541/541/541
f 545/545/545 546/546/546 547/547/547
f 547/547/547 548/548/548 545/545/545
f 549/549/549 543/543/543 550/550/550
f 550/550/550 551/551/551 549/549/549
f 552/552/552 553/553/553 554/554/554
f 554/554/554 555/555/555 552/552/552
f 556/556/556 505/505/505 557/557/557
f 557/557/557 558/558/558 559/559/559
f 560/560/560 561/561/561 562/562/562
f 562/562/562 563/563/563 564/564/564
f 565/565/565 566/566/566 567/567/567
f 567/567/567 568/568/568 569/569/569
f 570/570/570 571/571/571 572/572/572
f 572/572/572 573/573/573 570/570/570
f 574/574/574 575/575/575 576/576/576
f 576/576/576 577/577/577 574/574/574
f 578/578/578 579/579/579 577/577/577
f 577/577/577 572/572/572 578/578/578
f 580/580/580 581/581/581 582/582/582
f 582/582/582 583/583/583 580/580/580
f 584/584/584 585/585/585 586/586/586
f 586/586/586 587/587/587 584/584/584
f 588/588/588 582/582/582 589/589/589
f 589/589/589 590/590/590 588/588/588
f 591/591/591 592/592/592 593/593/593
f 594/594/594 593/593/593 577/577/577
f 577/577/577 595/595/595 594/594/594
f 596/596/596 597/597/597 598/598/598
f 596/596/596 599/599/599 572/572/572
f 572/572/572 600/600/600 596/596/596
f 601/601/601 600/600/600 572/572/572
f 572/572/572 577/577/577 601/601/601
f 602/602/602 603/603/603 604/604/604
f 604/604/604 605/605/605 606/606/606
f 606/606/606 602/602/602 604/604/604
f 607/607/607 608/608/608 609/609/609
f 607/607/607 609/609/609 582/582/582
f 582/582/582 610/610/610 607/607/607
f 609/609/609 602/602/602 606/606/606
f 606/606/606 582/582/582 609/609/609
f 611/611/611 612/612/612 613/613/613
f 598/598/598 614/614/614 613/613/613
f 613/613/613 615/615/615 598/598/598
f 616/616/616 617/617/617 618/618/618
f 619/619/619 620/620/620 616/616/616
f 616/616/616 621/621/621 619/619/619
f 622/622/622 619/619/619 621/621/621
f 621/621/621 623/623/623 622/622/622
f 624/624/624 625/625/625 626/626/626
f 627/627/627 628/628/628 625/625/625
f 625/625/625 629/629/629 627/627/627
f 630/630/630 631/631/631 632/632/632
f 633/633/633 634/634/634 630/630/630
f 630/630/630 632/632/632 633/633/633
f 634/634/634 627/627/627 635/635/635
f 635/635/635 630/630/630 634/634/634
f 636/636/636 637/637/637 623/623/623
f 623/623/623 638/638/638 636/636/636
f 639/639/639 640/640/640 636/636/636
f 636/636/636 638/638/638 639/639/639
f 641/641/641 642/642/642 643/643/643
f 643/643/643 644/644/644 641/641/641
f 645/645/645 646/646/646 647/647/647
f 647/647/647 641/641/641 648/648/648
f 647/647/647 649/649/649 623/623/623
f 623/623/623 650/650/650 651/651/651
f 652/652/652 653/653/653 649/649/649
f 649/649/649 651/651/651 652/652/652
f 626/626/626 654/654/654 655/655/655
f 655/655/655 656/656/656 626/626/626
f 657/657/657 655/655/655 654/654/654
f 654/654/654 658/658/658 657/657/657
f 631/631/631 659/659/659 660/660/660
f 660/660/660 661/661/661 662/662/662
f 663/663/663 661/661/661 660/660/660
f 660/660/660 664/664/664 663/663/663
f 659/659/659 665/665/665 655/655/655
f 655/655/655 660/660/660 659/659/659
f 666/666/666 660/660/660 655/655/655
f 655/655/655 667/667/667 666/666/666
f 668/668/668 669/669/669 670/670/670
f 670/670/670 671/671/671 668/668/668
f 672/672/672 673/673/673 674/674/674
f 674/674/674 675/675/675 676/676/676
f 677/677/677 678/678/678 679/679/679
f 679/679/679 680/680/680 677/677/677
f 681/681/681 682/682/682 683/683/683
f 683/683/683 684/684/684 681/681/681
f 685/685/685 686/686/686 687/687/687
f 687/687/687 688/688/688 685/685/685
f 689/689/689 690/690/690 691/691/691
f 691/691/691 692/692/692 689/689/689
f 693/693/693 685/685/685 694/694/694
f 694/694/694 695/695/695 696/696/696
f 697/697/697 698/698/698 699/699/699
f 699/699/699 700/700/700 697/697/697
f 701/701/701 702/702/702 703/703/703
f 703/703/703 704/704/704 705/705/705
f 706/706/706 707/707/707 708/708/708
f 708/708/708 709/709/709 706/706/706
f 710/710/710 708/708/708 711/711/711
f 711/711/711 712/712/712 710/710/710
f 713/713/713 711/711/711 714/714/714
f 714/714/714 715/715/715 713/713/713
f 716/716/716 717/717/717 718/718/718
f 718/718/718 719/719/719 720/720/720
f 720/720/720 719/719/719 714/714/714
f 714/714/714 721/721/721 720/720/720
f 715/715/715 722/722/722 723/723/723
f 723/723/723 713/713/713 715/715/715
f 724/724/724 725/725/725 721/721/721
f 721/721/721 726/726/726 724/724/724
f 727/727/727 728/728/728 726/726/726
f 726/726/726 729/729/729 730/730/730
f 731/731/731 732/732/732 733/733/733
f 733/733/733 697/697/697 734/734/734
f 721/721/721 735/735/735 736/736/736
f 735/735/735 737/737/737 736/736/736
f 737/737/737 738/738/738 736/736/736
f 738/738/738 739/739/739 740/740/740
f 739/739/739 702/702/702 740/740/740
f 741/741/741 740/740/740 702/702/702
f 741/741/741 742/742/742 740/740/740
f 742/742/742 726/726/726 740/740/740
f 726/726/726 743/743/743 740/740/740
f 744/744/744 745/745/745 746/746/746
f 746/746/746 747/747/747 748/748/748
f 749/749/749 750/750/750 751/751/751
f 751/751/751 752/752/752 749/749/749
f 753/753/753 754/754/754 755/755/755
f 755/755/755 751/751/751 753/753/753
f 756/756/756 757/757/757 747/747/747
f 747/747/747 755/755/755 756/756/756
f 755/755/755 747/747/747 752/752/752
f 752/752/752 751/751/751 755/755/755
f 758/758/758 759/759/759 760/760/760
f 760/760/760 761/761/761 762/762/762
f 762/762/762 763/763/763 764/764/764
f 764/764/764 759/759/759 765/765/765
f 759/759/759 766/766/766 767/767/767
f 767/767/767 768/768/768 759/759/759
f 768/768/768 769/769/769 770/770/770
f 770/770/770 771/771/771 772/772/772
f 771/771/771 773/773/773 774/774/774
f 774/774/774 775/775/775 771/771/771
f 776/776/776 777/777/777 778/778/778
f 778/778/778 779/779/779 776/776/776
f 780/780/780 781/781/781 782/782/782
f 782/782/782 783/783/783 780/780/780
f 784/784/784 785/785/785 786/786/786
f 786/786/786 787/787/787 784/784/784
f 788/788/788 789/789/789 790/790/790
f 790/790/790 791/791/791 788/788/788
f 791/791/791 790/790/790 792/792/792
f 792/792/792 793/793/793 791/791/791
f 794/794/794 795/795/795 789/789/789
f 789/789/789 788/788/788 794/794/794
f 796/796/796 780/780/780 786/786/786
f 786/786/786 797/797/797 796/796/796
f 798/798/798 787/787/787 799/799/799
f 799/799/799 800/800/800 798/798/798
f 801/801/801 802/802/802 803/803/803
f 803/803/803 804/804/804 801/801/801
f 805/805/805 806/806/806 807/807/807
f 807/807/807 808/808/808 809/809/809
f 804/804/804 803/803/803 806/806/806
f 806/806/806 809/809/809 804/804/804
f 810/810/810 811/811/811 812/812/812
f 812/812/812 813/813/813 810/810/810
f 814/814/814 815/815/815 816/816/816
f 816/816/816 817/817/817 814/814/814
f 818/818/818 819/819/819 820/820/820
f 820/820/820 821/821/821 822/822/822
f 823/823/823 806/806/806 824/824/824
f 799/799/799 787/787/787 825/825/825
f 823/823/823 826/826/826 827/827/827
f 827/827/827 825/825/825 828/828/828
f 829/829/829 830/830/830 789/789/789
f 828/828/828 829/829/829 789/789/789
f 789/789/789 806/806/806 828/828/828
f 831/831/831 786/786/786 780/780/780
f 787/787/787 786/786/786 831/831/831
f 831/831/831 832/832/832 787/787/787
f 832/832/832 831/831/831 829/829/829
f 829/829/829 828/828/828 832/832/832
f 829/829/829 831/831/831 833/833/833
f 833/833/833 834/834/834 835/835/835
f 836/836/836 837/837/837 838/838/838
f 838/838/838 839/839/839 840/840/840
f 841/841/841 842/842/842 843/843/843
f 844/844/844 845/845/845 846/846/846
f 847/847/847 848/848/848 849/849/849
f 847/847/847 850/850/850 848/848/848
f 851/851/851 852/852/852 853/853/853
f 853/853/853 854/854/854 851/851/851
f 847/847/847 855/855/855 850/850/850
f 856/856/856 857/857/857 858/858/858
f 858/858/858 859/859/859 856/856/856
f 847/847/847 857/857/857 860/860/860
f 861/861/861 862/862/862 863/863/863
f 863/863/863 849/849/849 861/861/861
f 864/864/864 865/865/865 866/866/866
f 866/866/866 867/867/867 864/864/864
f 847/847/847 868/868/868 869/869/869
f 847/847/847 849/849/849 863/863/863
f 847/847/847 870/870/870 871/871/871
f 872/872/872 871/871/871 870/870/870
f 870/870/870 873/873/873 872/872/872
f 847/847/847 874/874/874 870/870/870
f 875/875/875 860/860/860 869/869/869
f 869/869/869 876/876/876 875/875/875
f 847/847/847 877/877/877 874/874/874
f 878/878/878 879/879/879 853/853/853
f 853/853/853 880/880/880 878/878/878
f 847/847/847 881/881/881 877/877/877
f 847/847/847 882/882/882 881/881/881
f 847/847/847 863/863/863 882/882/882
f 883/883/883 884/884/884 885/885/885
f 885/885/885 886/886/886 883/883/883
f 887/887/887 888/888/888 850/850/850
f 850/850/850 860/860/860 887/887/887
f 889/889/889 890/890/890 891/891/891
f 891/891/891 852/852/852 889/889/889
f 892/892/892 877/877/877 881/881/881
f 881/881/881 893/893/893 892/892/892
f 894/894/894 895/895/895 849/849/849
f 849/849/849 848/848/848 894/894/894
f 896/896/896 897/897/897 870/870/870
f 870/870/870 874/874/874 896/896/896
f 898/898/898 899/899/899 900/900/900
f 900/900/900 891/891/891 898/898/898
f 901/901/901 848/848/848 850/850/850
f 850/850/850 902/902/902 901/901/901
f 903/903/903 904/904/904 900/900/900
f 900/900/900 905/905/905 906/906/906
f 907/907/907 874/874/874 877/877/877
f 877/877/877 908/908/908 907/907/907
f 909/909/909 910/910/910 911/911/911
f 911/911/911 912/912/912 909/909/909
f 913/913/913 914/914/914 915/915/915
f 915/915/915 916/916/916 913/913/913
f 917/917/917 918/918/918 919/919/919
f 919/919/919 920/920/920 921/921/921
f 922/922/922 923/923/923 924/924/924
f 924/924/924 925/925/925 922/922/922
f 926/926/926 927/927/927 882/882/882
f 882/882/882 863/863/863 926/926/926
f 928/928/928 929/929/929 924/924/924
f 924/924/924 930/930/930 928/928/928
f 931/931/931 932/932/932 881/881/881
f 881/881/881 933/933/933 931/931/931
f 934/934/934 935/935/935 936/936/936
f 934/934/934 936/936/936 924/924/924
f 934/934/934 924/924/924 937/937/937
f 934/934/934 937/937/937 938/938/938
f 939/939/939 940/940/940 941/941/941
f 939/939/939 941/941/941 891/891/891
f 939/939/939 942/942/942 935/935/935
f 939/939/939 891/891/891 943/943/943
f 939/939/939 943/943/943 944/944/944
f 939/939/939 944/944/944 945/945/945
f 946/946/946 947/947/947 927/927/927
f 927/927/927 926/926/926 946/946/946
f 948/948/948 949/949/949 950/950/950
f 950/950/950 951/951/951 948/948/948
f 952/952/952 953/953/953 954/954/954
f 954/954/954 921/921/921 952/952/952
f 955/955/955 956/956/956 957/957/957
f 957/957/957 912/912/912 958/958/958
f 959/959/959 960/960/960 906/906/906
f 906/906/906 961/961/961 959/959/959
f 962/962/962 963/963/963 964/964/964
f 964/964/964 965/965/965 962/962/962
f 966/966/966 967/967/967 968/968/968
f 968/968/968 969/969/969 970/970/970
f 971/971/971 972/972/972 973/973/973
f 973/973/973 974/974/974 971/971/971
f 975/975/975 976/976/976 977/977/977
f 977/977/977 978/978/978 975/975/975
f 979/979/979 980/980/980 981/981/981
f 981/981/981 878/878/878 979/979/979
f 982/982/982 983/983/983 922/922/922
f 922/922/922 984/984/984 982/982/982
f 985/985/985 986/986/986 987/987/987
f 987/987/987 988/988/988 989/989/989
f 990/990/990 991/991/991 992/992/992
f 992/992/992 993/993/993 994/994/994
f 995/995/995 996/996/996 895/895/895
f 895/895/895 997/997/997 995/995/995
f 998/998/998 999/999/999 1000/1000/1000
f 1000/1000/1000 1001/1001/1001 1002/1002/1002
f 1003/1003/1003 1004/1004/1004 1005/1005/1005
f 1005/1005/1005 1006/1006/1006 1007/1007/1007
f 1008/1008/1008 1009/1009/1009 1010/1010/1010
f 1010/1010/1010 1011/1011/1011 1012/1012/1012
f 1013/1013/1013 1014/1014/1014 1015/1015/1015
f 1015/1015/1015 1016/1016/1016 1017/1017/1017
f 1018/1018/1018 1019/1019/1019 1020/1020/1020
f 1020/1020/1020 1021/1021/1021 1018/1018/1018
f 1022/1022/1022 1023/1023/1023 1024/1024/1024
f 1024/1024/1024 861/861/861 1022/1022/1022
f 1025/1025/1025 1026/1026/1026 1027/1027/1027
f 1027/1027/1027 1028/1028/1028 1029/1029/1029
f 1030/1030/1030 1031/1031/1031 1032/1032/1032
f 1032/1032/1032 908/908/908 1030/1030/1030
f 1033/1033/1033 1034/1034/1034 1035/1035/1035
f 1035/1035/1035 893/893/893 1033/1033/1033
f 1036/1036/1036 1037/1037/1037 1038/1038/1038
f 1038/1038/1038 931/931/931 1036/1036/1036
f 1039/1039/1039 1039/1039/1039 1040/1040/1040
f 1040/1040/1040 1040/1040/1040 1039/1039/1039
f 1041/1041/1041 1041/1041/1041 1039/1039/1039
f 1039/1039/1039 1039/1039/1039 1041/1041/1041
f 1039/1039/1039 1039/1039/1039 1040/1040/1040
f 1040/1040/1040 1040/1040/1040 1039/1039/1039
f 1040/1040/1040 1040/1040/1040 1042/1042/1042
f 1042/1042/1042 1042/1042/1042 1040/1040/1040
f 1043/1043/1043 1044/1044/1044 1045/1045/1045
f 1045/1045/1045 1046/1046/1046 1043/1043/1043
f 1047/1047/1047 1048/1048/1048 1049/1049/1049
f 1049/1049/1049 1050/1050/1050 1047/1047/1047
f 1046/1046/1046 1051/1051/1051 1052/1052/1052
f 1052/1052/1052 1053/1053/1053 1054/1054/1054
f 1052/1052/1052 1051/1051/1051 1055/1055/1055
f 1055/1055/1055 1056/1056/1056 1052/1052/1052
f 1054/1054/1054 1045/1045/1045 1057/1057/1057
f 1057/1057/1057 1058/1058/1058 1054/1054/1054
f 1058/1058/1058 1057/1057/1057 1048/1048/1048
f 1048/1048/1048 1047/1047/1047 1058/1058/1058
f 1059/1059/1059 1060/1060/1060 1057/1057/1057
f 1057/1057/1057 1061/1061/1061 1059/1059/1059
f 1057/1057/1057 1060/1060/1060 1062/1062/1062
f 1062/1062/1062 1063/1063/1063 1057/1057/1057
f 1064/1064/1064 1065/1065/1065 1066/1066/1066
f 1066/1066/1066 1067/1067/1067 1064/1064/1064
f 1068/1068/1068 1069/1069/1069 1070/1070/1070
f 1070/1070/1070 1071/1071/1071 1068/1068/1068
f 1067/1067/1067 1072/1072/1072 1073/1073/1073
f 1073/1073/1073 1074/1074/1074 1067/1067/1067
f 1073/1073/1073 1072/1072/1072 1075/1075/1075
f 1075/1075/1075 1076/1076/1076 1073/1073/1073
f 1067/1067/1067 1066/1066/1066 1077/1077/1077
f 1077/1077/1077 1072/1072/1072 1078/1078/1078
f 1072/1072/1072 1077/1077/1077 1069/1069/1069
f 1069/1069/1069 1068/1068/1068 1072/1072/1072
f 1079/1079/1079 1080/1080/1080 1081/1081/1081
f 1081/1081/1081 1066/1066/1066 1079/1079/1079
f 1081/1081/1081 1080/1080/1080 1082/1082/1082
f 1082/1082/1082 1083/1083/1083 1081/1081/1081
f 1084/1084/1084 1085/1085/1085 1086/1086/1086
f 1086/1086/1086 1087/1087/1087 1084/1084/1084
f 1088/1088/1088 1089/1089/1089 1090/1090/1090
f 1090/1090/1090 1091/1091/1091 1092/1092/1092
f 1085/1085/1085 1093/1093/1093 1094/1094/1094
f 1094/1094/1094 1095/1095/1095 1096/1096/1096
f 1097/1097/1097 1098/1098/1098 1099/1099/1099
f 1099/1099/1099 1095/1095/1095 1097/1097/1097
f 1096/1096/1096 1095/1095/1095 1100/1100/1100
f 1100/1100/1100 1101/1101/1101 1096/1096/1096
f 1095/1095/1095 1102/1102/1102 1091/1091/1091
f 1091/1091/1091 1100/1100/1100 1095/1095/1095
f 1103/1103/1103 1104/1104/1104 1100/1100/1100
f 1100/1100/1100 1105/1105/1105 1106/1106/1106
f 1107/1107/1107 1108/1108/1108 1109/1109/1109
f 1109/1109/1109 1110/1110/1110 1111/1111/1111
f 1112/1112/1112 1113/1113/1113 1114/1114/1114
f 1114/1114/1114 1115/1115/1115 1116/1116/1116
f 1117/1117/1117 1118/1118/1118 1119/1119/1119
f 1119/1119/1119 1120/1120/1120 1117/1117/1117
f 1113/1113/1113 1121/1121/1121 1122/1122/1122
f 1122/1122/1122 1123/1123/1123 1113/1113/1113
f 1122/1122/1122 1124/1124/1124 1125/1125/1125
f 1125/1125/1125 1123/1123/1123 1122/1122/1122
f 1113/1113/1113 1123/1123/1123 1126/1126/1126
f 1126/1126/1126 1127/1127/1127 1128/1128/1128
f 1123/1123/1123 1117/1117/1117 1120/1120/1120
f 1120/1120/1120 1126/1126/1126 1123/1123/1123
f 1129/1129/1129 1127/1127/1127 1126/1126/1126
f 1126/1126/1126 1130/1130/1130 1129/1129/1129
f 1126/1126/1126 1131/1131/1131 1132/1132/1132
f 1132/1132/1132 1130/1130/1130 1126/1126/1126
f 1133/1133/1133 1134/1134/1134 1135/1135/1135
f 1135/1135/1135 1136/1136/1136 1133/1133/1133
f 1137/1137/1137 1138/1138/1138 1139/1139/1139
f 1139/1139/1139 1140/1140/1140 1137/1137/1137
f 1141/1141/1141 1142/1142/1142 1143/1143/1143
f 1143/1143/1143 1144/1144/1144 1145/1145/1145
f 1142/1142/1142 1146/1146/1146 1147/1147/1147
f 1147/1147/1147 1148/1148/1148 1142/1142/1142
f 1149/1149/1149 1150/1150/1150 1151/1151/1151
f 1151/1151/1151 1152/1152/1152 1153/1153/1153
f 1150/1150/1150 1154/1154/1154 1155/1155/1155
f 1155/1155/1155 1156/1156/1156 1150/1150/1150
f 1152/1152/1152 1156/1156/1156 1157/1157/1157
f 1157/1157/1157 1158/1158/1158 1159/1159/1159
f 1156/1156/1156 1160/1160/1160 1161/1161/1161
f 1161/1161/1161 1162/1162/1162 1163/1163/1163
f 1158/1158/1158 1164/1164/1164 1165/1165/1165
f 1165/1165/1165 1166/1166/1166 1158/1158/1158
f 1167/1167/1167 1168/1168/1168 1169/1169/1169
f 1169/1169/1169 1170/1170/1170 1167/1167/1167
f 1171/1171/1171 1172/1172/1172 1173/1173/1173
f 1173/1173/1173 1174/1174/1174 1171/1171/1171
f 1172/1172/1172 1175/1175/1175 1176/1176/1176
f 1176/1176/1176 1173/1173/1173 1172/1172/1172
f 1177/1177/1177 1173/1173/1173 1178/1178/1178
f 1178/1178/1178 1179/1179/1179 1177/1177/1177
f 1173/1173/1173 1180/1180/1180 1181/1181/1181
f 1181/1181/1181 1182/1182/1182 1173/1173/1173
f 1183/1183/1183 1182/1182/1182 1184/1184/1184
f 1184/1184/1184 1185/1185/1185 1183/1183/1183
f 1186/1186/1186 1181/1181/1181 1187/1187/1187
f 1187/1187/1187 1188/1188/1188 1189/1189/1189
f 1190/1190/1190 1191/1191/1191 1192/1192/1192
f 1192/1192/1192 1193/1193/1193 1194/1194/1194
f 1191/1191/1191 1195/1195/1195 1196/1196/1196
f 1196/1196/1196 1197/1197/1197 1198/1198/1198
f 1199/1199/1199 1200/1200/1200 1201/1201/1201
f 1201/1201/1201 1202/1202/1202 1199/1199/1199
f 1203/1203/1203 1199/1199/1199 1202/1202/1202
f 1202/1202/1202 1204/1204/1204 1203/1203/1203
f 1205/1205/1205 1206/1206/1206 1207/1207/1207
f 1207/1207/1207 1208/1208/1208 1205/1205/1205
f 1209/1209/1209 1210/1210/1210 1211/1211/1211
f 1211/1211/1211 1212/1212/1212 1209/1209/1209
f 1213/1213/1213 1214/1214/1214 1215/1215/1215
f 1215/1215/1215 1216/1216/1216 1217/1217/1217
f 1218/1218/1218 1219/1219/1219 1220/1220/1220
f 1220/1220/1220 1221/1221/1221 1218/1218/1218
f 1222/1222/1222 1223/1223/1223 1224/1224/1224
f 1224/1224/1224 1225/1225/1225 1222/1222/1222
f 1226/1226/1226 1227/1227/1227 1228/1228/1228
f 1228/1228/1228 1229/1229/1229 1226/1226/1226
f 1222/1222/1222 1230/1230/1230 1212/1212/1212
f 1212/1212/1212 1223/1223/1223 1222/1222/1222
f 1231/1231/1231 1232/1232/1232 1233/1233/1233
f 1233/1233/1233 1234/1234/1234 1231/1231/1231
f 1235/1235/1235 1236/1236/1236 1237/1237/1237
f 1237/1237/1237 1238/1238/1238 1239/1239/1239
f 1238/1238/1238 1237/1237/1237 1240/1240/1240
f 1240/1240/1240 1241/1241/1241 1242/1242/1242
f 1243/1243/1243 1244/1244/1244 1245/1245/1245
f 1245/1245/1245 1246/1246/1246 1247/1247/1247
f 1248/1248/1248 1249/1249/1249 1250/1250/1250
f 1250/1250/1250 1251/1251/1251 1248/1248/1248
f 1252/1252/1252 1253/1253/1253 1254/1254/1254
f 1254/1254/1254 1255/1255/1255 1252/1252/1252
f 1251/1251/1251 1256/1256/1256 1257/1257/1257
f 1257/1257/1257 1258/1258/1258 1251/1251/1251
f 1259/1259/1259 1260/1260/1260 1261/1261/1261
f 1261/1261/1261 1262/1262/1262 1259/1259/1259
f 1259/1259/1259 1263/1263/1263 1264/1264/1264
f 1264/1264/1264 1260/1260/1260 1259/1259/1259
f 1265/1265/1265 1266/1266/1266 1267/1267/1267
f 1267/1267/1267 1261/1261/1261 1265/1265/1265
f 1268/1268/1268 1269/1269/1269 1270/1270/1270
f 1270/1270/1270 1271/1271/1271 1268/1268/1268
f 1272/1272/1272 1273/1273/1273 1274/1274/1274
f 1274/1274/1274 1275/1275/1275 1272/1272/1272
f 1270/1270/1270 1258/1258/1258 1274/1274/1274
f 1274/1274/1274 1273/1273/1273 1270/1270/1270
f 1276/1276/1276 1277/1277/1277 1278/1278/1278
f 1278/1278/1278 1279/1279/1279 1280/1280/1280
f 1281/1281/1281 1282/1282/1282 1283/1283/1283
f 1283/1283/1283 1284/1284/1284 1281/1281/1281
f 1285/1285/1285 1286/1286/1286 1287/1287/1287
f 1287/1287/1287 1288/1288/1288 1289/1289/1289
f 1290/1290/1290 1291/1291/1291 1292/1292/1292
f 1292/1292/1292 1293/1293/1293 1290/1290/1290
f 1294/1294/1294 1295/1295/1295 1296/1296/1296
f 1296/1296/1296 1297/1297/1297 1298/1298/1298
f 1299/1299/1299 1300/1300/1300 1301/1301/1301
f 1301/1301/1301 1298/1298/1298 1299/1299/1299
f 1302/1302/1302 1303/1303/1303 1304/1304/1304
f 1304/1304/1304 1258/1258/1258 1302/1302/1302
f 1305/1305/1305 1306/1306/1306 1307/1307/1307
f 1307/1307/1307 1308/1308/1308 1309/1309/1309
f 1296/1296/1296 1310/1310/1310 1311/1311/1311
f 1311/1311/1311 1312/1312/1312 1296/1296/1296
f 1313/1313/1313 1314/1314/1314 1315/1315/1315
f 1315/1315/1315 1316/1316/1316 1313/1313/1313
f 1317/1317/1317 1318/1318/1318 1319/1319/1319
f 1319/1319/1319 1320/1320/1320 1321/1321/1321
f 1251/1251/1251 1258/1258/1258 1322/1322/1322
f 1322/1322/1322 1323/1323/1323 1251/1251/1251
f 1324/1324/1324 1325/1325/1325 1326/1326/1326
f 1326/1326/1326 1316/1316/1316 1324/1324/1324
f 1327/1327/1327 1328/1328/1328 1329/1329/1329
f 1329/1329/1329 1330/1330/1330 1327/1327/1327
f 1331/1331/1331 1332/1332/1332 1333/1333/1333
f 1333/1333/1333 1334/1334/1334 1331/1331/1331
f 1335/1335/1335 1336/1336/1336 1337/1337/1337
f 1337/1337/1337 1338/1338/1338 1335/1335/1335
f 1339/1339/1339 1340/1340/1340 1341/1341/1341
f 1341/1341/1341 1342/1342/1342 1343/1343/1343
f 1313/1313/1313 1344/1344/1344 1345/1345/1345
f 1345/1345/1345 1346/1346/1346 1313/1313/1313
f 1347/1347/1347 1348/1348/1348 1349/1349/1349
f 1349/1349/1349 1350/1350/1350 1347/1347/1347
f 1351/1351/1351 1350/1350/1350 1352/1352/1352
f 1352/1352/1352 1353/1353/1353 1351/1351/1351
f 1354/1354/1354 1355/1355/1355 1356/1356/1356
f 1356/1356/1356 1357/1357/1357 1354/1354/1354
f 1351/1351/1351 1358/1358/1358 1359/1359/1359
f 1359/1359/1359 1360/1360/1360 1351/1351/1351
f 1361/1361/1361 1362/1362/1362 1363/1363/1363
f 1363/1363/1363 1364/1364/1364 1361/1361/1361
f 1365/1365/1365 1366/1366/1366 1367/1367/1367
f 1367/1367/1367 1368/1368/1368 1365/1365/1365
f 1369/1369/1369 1354/1354/1354 1370/1370/1370
f 1370/1370/1370 1371/1371/1371 1369/1369/1369
f 1372/1372/1372 1373/1373/1373 1374/1374/1374
f 1374/1374/1374 1375/1375/1375 1372/1372/1372
f 1376/1376/1376 1327/1327/1327 1377/1377/1377
f 1377/1377/1377 1378/1378/1378 1376/1376/1376
f 1379/1379/1379 1380/1380/1380 1381/1381/1381
f 1381/1381/1381 1360/1360/1360 1379/1379/1379
f 1382/1382/1382 1383/1383/1383 1384/1384/1384
f 1384/1384/1384 1385/1385/1385 1386/1386/1386
f 1387/1387/1387 1388/1388/1388 1389/1389/1389
f 1389/1389/1389 1390/1390/1390 1387/1387/1387
f 1391/1391/1391 1392/1392/1392 1313/1313/1313
f 1313/1313/1313 1316/1316/1316 1391/1391/1391
f 1393/1393/1393 1394/1394/1394 1395/1395/1395
f 1395/1395/1395 1216/1216/1216 1393/1393/1393
f 1396/1396/1396 1397/1397/1397 1398/1398/1398
f 1398/1398/1398 1399/1399/1399 1396/1396/1396
f 1400/1400/1400 1401/1401/1401 1402/1402/1402
f 1402/1402/1402 1403/1403/1403 1400/1400/1400
f 1404/1404/1404 1316/1316/1316 1326/1326/1326
f 1326/1326/1326 1405/1405/1405 1404/1404/1404
f 1327/1327/1327 1406/1406/1406 1407/1407/1407
f 1407/1407/1407 1408/1408/1408 1327/1327/1327
f 1409/1409/1409 1410/1410/1410 1411/1411/1411
f 1411/1411/1411 1201/1201/1201 1412/1412/1412
f 1413/1413/1413 1414/1414/1414 1415/1415/1415
f 1415/1415/1415 1416/1416/1416 1413/1413/1413
f 1417/1417/1417 1418/1418/1418 1419/1419/1419
f 1419/1419/1419 1420/1420/1420 1421/1421/1421
f 1422/1422/1422 1423/1423/1423 1424/1424/1424
f 1424/1424/1424 1425/1425/1425 1422/1422/1422
f 1426/1426/1426 1427/1427/1427 1428/1428/1428
f 1428/1428/1428 1429/1429/1429 1426/1426/1426
f 1430/1430/1430 1431/1431/1431 1432/1432/1432
f 1432/1432/1432 1433/1433/1433 1430/1430/1430
f 1261/1261/1261 1434/1434/1434 1435/1435/1435
f 1435/1435/1435 1436/1436/1436 1261/1261/1261
f 1437/1437/1437 1228/1228/1228 1438/1438/1438
f 1438/1438/1438 1439/1439/1439 1437/1437/1437
f 1440/1440/1440 1441/1441/1441 1442/1442/1442
f 1442/1442/1442 1443/1443/1443 1440/1440/1440
f 1444/1444/1444 1445/1445/1445 1446/1446/1446
f 1446/1446/1446 1447/1447/1447 1444/1444/1444
f 1267/1267/1267 1448/1448/1448 1449/1449/1449
f 1449/1449/1449 1261/1261/1261 1267/1267/1267
f 1146/1146/1146 1450/1450/1450 1442/1442/1442
f 1442/1442/1442 1451/1451/1451 1146/1146/1146
f 1452/1452/1452 1453/1453/1453 1454/1454/1454
f 1454/1454/1454 1455/1455/1455 1452/1452/1452
f 1208/1208/1208 1456/1456/1456 1457/1457/1457
f 1457/1457/1457 1458/1458/1458 1208/1208/1208
f 1459/1459/1459 1460/1460/1460 1461/1461/1461
f 1461/1461/1461 1462/1462/1462 1459/1459/1459
f 1267/1267/1267 1463/1463/1463 1464/1464/1464
f 1464/1464/1464 1465/1465/1465 1267/1267/1267
f 1466/1466/1466 1467/1467/1467 1468/1468/1468
f 1468/1468/1468 1469/1469/1469 1466/1466/1466
f 1325/1325/1325 1470/1470/1470 1471/1471/1471
f 1471/1471/1471 1472/1472/1472 1325/1325/1325
f 1251/1251/1251 1473/1473/1473 1326/1326/1326
f 1326/1326/1326 1325/1325/1325 1251/1251/1251
f 1326/1326/1326 1473/1473/1473 1474/1474/1474
f 1474/1474/1474 1475/1475/1475 1326/1326/1326
f 1476/1476/1476 1477/1477/1477 1478/1478/1478
f 1478/1478/1478 1479/1479/1479 1476/1476/1476
f 1480/1480/1480 1481/1481/1481 1482/1482/1482
f 1482/1482/1482 1478/1478/1478 1480/1480/1480
f 1481/1481/1481 1483/1483/1483 1484/1484/1484
f 1484/1484/1484 1482/1482/1482 1481/1481/1481
f 1483/1483/1483 1485/1485/1485 1486/1486/1486
f 1486/1486/1486 1484/1484/1484 1483/1483/1483
f 1480/1480/1480 1487/1487/1487 1488/1488/1488
f 1488/1488/1488 1489/1489/1489 1480/1480/1480
f 1490/1490/1490 1491/1491/1491 1492/1492/1492
f 1492/1492/1492 1493/1493/1493 1490/1490/1490
f 1494/1494/1494 1495/1495/1495 1491/1491/1491
f 1491/1491/1491 1490/1490/1490 1494/1494/1494
f 1494/1494/1494 1496/1496/1496 1497/1497/1497
f 1497/1497/1497 1495/1495/1495 1494/1494/1494
f 1498/1498/1498 1499/1499/1499 1500/1500/1500
f 1500/1500/1500 1501/1501/1501 1498/1498/1498
f 1502/1502/1502 1498/1498/1498 1501/1501/1501
f 1501/1501/1501 1503/1503/1503 1502/1502/1502
f 1504/1504/1504 1505/1505/1505 1502/1502/1502
f 1502/1502/1502 1506/1506/1506 1504/1504/1504
f 1507/1507/1507 1508/1508/1508 1509/1509/1509
f 1509/1509/1509 1504/1504/1504 1510/1510/1510
f 1511/1511/1511 1512/1512/1512 1513/1513/1513
f 1513/1513/1513 1514/1514/1514 1511/1511/1511
f 1515/1515/1515 1514/1514/1514 1513/1513/1513
f 1513/1513/1513 1516/1516/1516 1515/1515/1515
f 1516/1516/1516 1517/1517/1517 1518/1518/1518
f 1518/1518/1518 1515/1515/1515 1516/1516/1516
f 1518/1518/1518 1517/1517/1517 1508/1508/1508
f 1508/1508/1508 1519/1519/1519 1518/1518/1518
f 1520/1520/1520 1521/1521/1521 1522/1522/1522
f 1522/1522/1522 1523/1523/1523 1520/1520/1520
f 1524/1524/1524 1520/1520/1520 1523/1523/1523
f 1523/1523/1523 1525/1525/1525 1524/1524/1524
f 1518/1518/1518 1478/1478/1478 1524/1524/1524
f 1524/1524/1524 1525/1525/1525 1518/1518/1518
f 1519/1519/1519 1526/1526/1526 1478/1478/1478
f 1478/1478/1478 1518/1518/1518 1519/1519/1519
f 1527/1527/1527 1528/1528/1528 1529/1529/1529
f 1529/1529/1529 1530/1530/1530 1531/1531/1531
f 1532/1532/1532 1533/1533/1533 1534/1534/1534
f 1534/1534/1534 1535/1535/1535 1532/1532/1532
f 1536/1536/1536 1537/1537/1537 1538/1538/1538
f 1538/1538/1538 1539/1539/1539 1536/1536/1536
f 1521/1521/1521 1540/1540/1540 1541/1541/1541
f 1541/1541/1541 1522/1522/1522 1521/1521/1521
f 1542/1542/1542 1543/1543/1543 1544/1544/1544
f 1544/1544/1544 1545/1545/1545 1546/1546/1546
f 1547/1547/1547 1548/1548/1548 1549/1549/1549
f 1549/1549/1549 1550/1550/1550 1547/1547/1547
f 1551/1551/1551 1552/1552/1552 1553/1553/1553
f 1553/1553/1553 1549/1549/1549 1551/1551/1551
f 1554/1554/1554 1555/1555/1555 1556/1556/1556
f 1556/1556/1556 1557/1557/1557 1558/1558/1558
f 1559/1559/1559 1560/1560/1560 1561/1561/1561
f 1561/1561/1561 1562/1562/1562 1559/1559/1559
f 1563/1563/1563 1564/1564/1564 1565/1565/1565
f 1565/1565/1565 1566/1566/1566 1563/1563/1563
f 1567/1567/1567 1568/1568/1568 1569/1569/1569
f 1569/1569/1569 1570/1570/1570 1567/1567/1567
f 1571/1571/1571 1572/1572/1572 1573/1573/1573
f 1573/1573/1573 1574/1574/1574 1571/1571/1571
f 1575/1575/1575 1576/1576/1576 1577/1577/1577
f 1577/1577/1577 1578/1578/1578 1575/1575/1575
f 1579/1579/1579 1580/1580/1580 1581/1581/1581
f 1581/1581/1581 1582/1582/1582 1579/1579/1579
f 1583/1583/1583 1584/1584/1584 1585/1585/1585
f 1585/1585/1585 1586/1586/1586 1587/1587/1587
f 1588/1588/1588 1589/1589/1589 1590/1590/1590
f 1590/1590/1590 1591/1591/1591 1588/1588/1588
f 1592/1592/1592 1593/1593/1593 1594/1594/1594
f 1594/1594/1594 1595/1595/1595 1592/1592/1592
f 1596/1596/1596 1597/1597/1597 1598/1598/1598
f 1598/1598/1598 1599/1599/1599 1596/1596/1596
f 1600/1600/1600 1601/1601/1601 1602/1602/1602
f 1602/1602/1602 1603/1603/1603 1600/1600/1600
f 1604/1604/1604 1594/1594/1594 1605/1605/1605
f 1605/1605/1605 1606/1606/1606 1604/1604/1604
f 1607/1607/1607 1608/1608/1608 1609/1609/1609
f 1609/1609/1609 1598/1598/1598 1610/1610/1610
f 1611/1611/1611 1612/1612/1612 1613/1613/1613
f 1613/1613/1613 1614/1614/1614 1611/1611/1611
f 1611/1611/1611 1615/1615/1615 1616/1616/1616
f 1616/1616/1616 1612/1612/1612 1617/1617/1617
f 1618/1618/1618 1619/1619/1619 1620/1620/1620
f 1620/1620/1620 1621/1621/1621 1618/1618/1618
f 1622/1622/1622 1623/1623/1623 1624/1624/1624
f 1624/1624/1624 1625/1625/1625 1622/1622/1622
f 1626/1626/1626 1627/1627/1627 1628/1628/1628
f 1628/1628/1628 1629/1629/1629 1630/1630/1630
f 1631/1631/1631 1625/1625/1625 1632/1632/1632
f 1632/1632/1632 1633/1633/1633 1634/1634/1634
f 1635/1635/1635 1636/1636/1636 1637/1637/1637
f 1637/1637/1637 1638/1638/1638 1639/1639/1639
f 1640/1640/1640 1639/1639/1639 1638/1638/1638
f 1638/1638/1638 1641/1641/1641 1640/1640/1640
f 1642/1642/1642 1643/1643/1643 1644/1644/1644
f 1644/1644/1644 1645/1645/1645 1642/1642/1642
f 1645/1645/1645 1644/1644/1644 1646/1646/1646
f 1646/1646/1646 1647/1647/1647 1645/1645/1645
f 1648/1648/1648 1649/1649/1649 1650/1650/1650
f 1650/1650/1650 1651/1651/1651 1652/1652/1652
f 1653/1653/1653 1651/1651/1651 1654/1654/1654
f 1654/1654/1654 1655/1655/1655 1653/1653/1653
f 1656/1656/1656 1657/1657/1657 1658/1658/1658
f 1658/1658/1658 1659/1659/1659 1656/1656/1656
f 1656/1656/1656 1660/1660/1660 1661/1661/1661
f 1661/1661/1661 1662/1662/1662 1656/1656/1656
f 1663/1663/1663 1664/1664/1664 1665/1665/1665
f 1665/1665/1665 1666/1666/1666 1663/1663/1663
f 1667/1667/1667 1668/1668/1668 1669/1669/1669
f 1669/1669/1669 1670/1670/1670 1667/1667/1667
f 1671/1671/1671 1672/1672/1672 1673/1673/1673
f 1673/1673/1673 1674/1674/1674 1671/1671/1671
f 1675/1675/1675 1676/1676/1676 1677/1677/1677
f 1677/1677/1677 1678/1678/1678 1675/1675/1675
f 1679/1679/1679 1680/1680/1680 1681/1681/1681
f 1681/1681/1681 1682/1682/1682 1679/1679/1679
f 1683/1683/1683 1684/1684/1684 1685/1685/1685
f 1685/1685/1685 1686/1686/1686 1683/1683/1683
f 1687/1687/1687 1688/1688/1688 1681/1681/1681
f 1681/1681/1681 1689/1689/1689 1687/1687/1687
f 1690/1690/1690 1691/1691/1691 1677/1677/1677
f 1677/1677/1677 1692/1692/1692 1690/1690/1690
f 1693/1693/1693 1694/1694/1694 1695/1695/1695
f 1695/1695/1695 1696/1696/1696 1693/1693/1693
f 1697/1697/1697 1698/1698/1698 1699/1699/1699
f 1699/1699/1699 1700/1700/1700 1697/1697/1697
f 1701/1701/1701 1702/1702/1702 1703/1703/1703
f 1703/1703/1703 1704/1704/1704 1701/1701/1701
f 1705/1705/1705 1706/1706/1706 1677/1677/1677
f 1677/1677/1677 1676/1676/1676 1705/1705/1705
f 1707/1707/1707 1708/1708/1708 1709/1709/1709
f 1709/1709/1709 1710/1710/1710 1707/1707/1707
f 1711/1711/1711 1704/1704/1704 1676/1676/1676
f 1676/1676/1676 1712/1712/1712 1711/1711/1711
f 1660/1660/1660 1713/1713/1713 1677/1677/1677
f 1677/1677/1677 1714/1714/1714 1660/1660/1660
f 1715/1715/1715 1716/1716/1716 1717/1717/1717
f 1717/1717/1717 1718/1718/1718 1715/1715/1715
f 1719/1719/1719 1720/1720/1720 1721/1721/1721
f 1721/1721/1721 1722/1722/1722 1719/1719/1719
f 1723/1723/1723 1696/1696/1696 1695/1695/1695
f 1695/1695/1695 1724/1724/1724 1723/1723/1723
f 1725/1725/1725 1726/1726/1726 1727/1727/1727
f 1727/1727/1727 1728/1728/1728 1729/1729/1729
f 1730/1730/1730 1731/1731/1731 1732/1732/1732
f 1732/1732/1732 1733/1733/1733 1734/1734/1734
f 1616/1616/1616 1735/1735/1735 1736/1736/1736
f 1736/1736/1736 1737/1737/1737 1616/1616/1616
f 1738/1738/1738 1663/1663/1663 1666/1666/1666
f 1666/1666/1666 1739/1739/1739 1738/1738/1738
f 1646/1646/1646 1704/1704/1704 1703/1703/1703
f 1703/1703/1703 1740/1740/1740 1646/1646/1646
f 1741/1741/1741 1742/1742/1742 1743/1743/1743
f 1743/1743/1743 1744/1744/1744 1741/1741/1741
f 1745/1745/1745 1746/1746/1746 1747/1747/1747
f 1747/1747/1747 1748/1748/1748 1749/1749/1749
f 1653/1653/1653 1750/1750/1750 1676/1676/1676
f 1676/1676/1676 1704/1704/1704 1653/1653/1653
f 1751/1751/1751 1752/1752/1752 1717/1717/1717
f 1717/1717/1717 1753/1753/1753 1751/1751/1751
f 1754/1754/1754 1755/1755/1755 1721/1721/1721
f 1721/1721/1721 1756/1756/1756 1754/1754/1754
f 1757/1757/1757 1758/1758/1758 1727/1727/1727
f 1727/1727/1727 1726/1726/1726 1757/1757/1757
f 1759/1759/1759 1760/1760/1760 1761/1761/1761
f 1761/1761/1761 1762/1762/1762 1763/1763/1763
f 1764/1764/1764 1765/1765/1765 1766/1766/1766
f 1766/1766/1766 1767/1767/1767 1764/1764/1764
f 1768/1768/1768 1769/1769/1769 1770/1770/1770
f 1770/1770/1770 1771/1771/1771 1768/1768/1768
f 1772/1772/1772 1773/1773/1773 1774/1774/1774
f 1774/1774/1774 1775/1775/1775 1776/1776/1776
f 1777/1777/1777 1778/1778/1778 1766/1766/1766
f 1766/1766/1766 1779/1779/1779 1777/1777/1777
f 1780/1780/1780 1781/1781/1781 1773/1773/1773
f 1773/1773/1773 1776/1776/1776 1780/1780/1780
f 1777/1777/1777 1781/1781/1781 1780/1780/1780
f 1780/1780/1780 1782/1782/1782 1777/1777/1777
f 1783/1783/1783 1784/1784/1784 1785/1785/1785
f 1785/1785/1785 1786/1786/1786 1783/1783/1783
f 1787/1787/1787 1788/1788/1788 1783/1783/1783
f 1783/1783/1783 1786/1786/1786 1789/1789/1789
f 1790/1790/1790 1791/1791/1791 1788/1788/1788
f 1788/1788/1788 1789/1789/1789 1790/1790/1790
f 1785/1785/1785 1792/1792/1792 1793/1793/1793
f 1793/1793/1793 1794/1794/1794 1785/1785/1785
f 1791/1791/1791 1795/1795/1795 1796/1796/1796
f 1796/1796/1796 1797/1797/1797 1798/1798/1798
f 1799/1799/1799 1793/1793/1793 1800/1800/1800
f 1800/1800/1800 1801/1801/1801 1799/1799/1799
f 1802/1802/1802 1803/1803/1803 1804/1804/1804
f 1804/1804/1804 1805/1805/1805 1802/1802/1802
f 1806/1806/1806 1802/1802/1802 1805/1805/1805
f 1805/1805/1805 1807/1807/1807 1806/1806/1806
f 1807/1807/1807 1808/1808/1808 1809/1809/1809
f 1809/1809/1809 1806/1806/1806 1810/1810/1810
f 1811/1811/1811 1812/1812/1812 1813/1813/1813
f 1813/1813/1813 1814/1814/1814 1811/1811/1811
f 1815/1815/1815 1816/1816/1816 1817/1817/1817
f 1817/1817/1817 1811/1811/1811 1818/1818/1818
f 1819/1819/1819 1808/1808/1808 1816/1816/1816
f 1816/1816/1816 1818/1818/1818 1819/1819/1819
f 1820/1820/1820 1821/1821/1821 1822/1822/1822
f 1822/1822/1822 1786/1786/1786 1820/1820/1820
f 1823/1823/1823 1824/1824/1824 1825/1825/1825
f 1825/1825/1825 1822/1822/1822 1823/1823/1823
f 1824/1824/1824 1826/1826/1826 1827/1827/1827
f 1827/1827/1827 1825/1825/1825 1828/1828/1828
f 1829/1829/1829 1771/1771/1771 1811/1811/1811
f 1811/1811/1811 1830/1830/1830 1829/1829/1829
f 1831/1831/1831 1832/1832/1832 1833/1833/1833
f 1833/1833/1833 1834/1834/1834 1831/1831/1831
f 1833/1833/1833 1835/1835/1835 1836/1836/1836
f 1836/1836/1836 1837/1837/1837 1833/1833/1833
f 1838/1838/1838 1839/1839/1839 1840/1840/1840
f 1840/1840/1840 1841/1841/1841 1838/1838/1838
f 1837/1837/1837 1836/1836/1836 1780/1780/1780
f 1780/1780/1780 1806/1806/1806 1837/1837/1837
f 1780/1780/1780 1838/1838/1838 1841/1841/1841
f 1841/1841/1841 1806/1806/1806 1780/1780/1780
f 1842/1842/1842 1843/1843/1843 1844/1844/1844
f 1844/1844/1844 1845/1845/1845 1846/1846/1846
f 1847/1847/1847 1848/1848/1848 1843/1843/1843
f 1843/1843/1843 1849/1849/1849 1847/1847/1847
f 1850/1850/1850 1851/1851/1851 1852/1852/1852
f 1852/1852/1852 1853/1853/1853 1850/1850/1850
f 1854/1854/1854 1855/1855/1855 1856/1856/1856
f 1856/1856/1856 1857/1857/1857 1858/1858/1858
f 1850/1850/1850 1847/1847/1847 1859/1859/1859
f 1859/1859/1859 1860/1860/1860 1850/1850/1850
f 1860/1860/1860 1810/1810/1810 1861/1861/1861
f 1861/1861/1861 1850/1850/1850 1860/1860/1860
f 1810/1810/1810 1862/1862/1862 1855/1855/1855
f 1855/1855/1855 1861/1861/1861 1810/1810/1810
f 1863/1863/1863 1864/1864/1864 1865/1865/1865
f 1865/1865/1865 1866/1866/1866 1863/1863/1863
f 1859/1859/1859 1847/1847/1847 1864/1864/1864
f 1864/1864/1864 1863/1863/1863 1859/1859/1859
f 1867/1867/1867 1868/1868/1868 1869/1869/1869
f 1869/1869/1869 1870/1870/1870 1871/1871/1871
f 1868/1868/1868 1871/1871/1871 1872/1872/1872
f 1872/1872/1872 1873/1873/1873 1868/1868/1868
f 1873/1873/1873 1872/1872/1872 1874/1874/1874
f 1874/1874/1874 1875/1875/1875 1873/1873/1873
f 1876/1876/1876 1875/1875/1875 1874/1874/1874
f 1874/1874/1874 1877/1877/1877 1876/1876/1876
f 1878/1878/1878 1879/1879/1879 1877/1877/1877
f 1877/1877/1877 1880/1880/1880 1878/1878/1878
f 1881/1881/1881 1882/1882/1882 1880/1880/1880
f 1880/1880/1880 1883/1883/1883 1884/1884/1884
f 1885/1885/1885 1884/1884/1884 1886/1886/1886
f 1886/1886/1886 1887/1887/1887 1888/1888/1888
f 1889/1889/1889 1890/1890/1890 1891/1891/1891
f 1891/1891/1891 1892/1892/1892 1893/1893/1893
f 1894/1894/1894 1895/1895/1895 1896/1896/1896
f 1896/1896/1896 1897/1897/1897 1898/1898/1898
f 1899/1899/1899 1900/1900/1900 1892/1892/1892
f 1892/1892/1892 1901/1901/1901 1899/1899/1899
f 1902/1902/1902 1903/1903/1903 1899/1899/1899
f 1899/1899/1899 1904/1904/1904 1905/1905/1905
f 1906/1906/1906 1895/1895/1895 1907/1907/1907
f 1907/1907/1907 1908/1908/1908 1906/1906/1906
f 1909/1909/1909 1910/1910/1910 1908/1908/1908
f 1908/1908/1908 1911/1911/1911 1912/1912/1912
f 1913/1913/1913 1914/1914/1914 1915/1915/1915
f 1915/1915/1915 1916/1916/1916 1913/1913/1913
f 1913/1913/1913 1903/1903/1903 1905/1905/1905
f 1905/1905/1905 1914/1914/1914 1913/1913/1913
f 1917/1917/1917 1918/1918/1918 1905/1905/1905
f 1905/1905/1905 1919/1919/1919 1920/1920/1920
f 1905/1905/1905 1918/1918/1918 1921/1921/1921
f 1921/1921/1921 1922/1922/1922 1905/1905/1905
f 1922/1922/1922 1921/1921/1921 1923/1923/1923
f 1923/1923/1923 1924/1924/1924 1922/1922/1922
f 1924/1924/1924 1923/1923/1923 1925/1925/1925
f 1925/1925/1925 1926/1926/1926 1924/1924/1924
f 1899/1899/1899 1927/1927/1927 1928/1928/1928
f 1928/1928/1928 1919/1919/1919 1899/1899/1899
f 1929/1929/1929 1930/1930/1930 1931/1931/1931
f 1931/1931/1931 1932/1932/1932 1929/1929/1929
f 1933/1933/1933 1899/1899/1899 1934/1934/1934
f 1934/1934/1934 1935/1935/1935 1933/1933/1933
f 1936/1936/1936 1937/1937/1937 1929/1929/1929
f 1929/1929/1929 1932/1932/1932 1936/1936/1936
f 1938/1938/1938 1935/1935/1935 1939/1939/1939
f 1939/1939/1939 1940/1940/1940 1938/1938/1938
f 1941/1941/1941 1936/1936/1936 1942/1942/1942
f 1942/1942/1942 1919/1919/1919 1941/1941/1941
f 1943/1943/1943 1944/1944/1944 1945/1945/1945
f 1945/1945/1945 1940/1940/1940 1943/1943/1943
f 1946/1946/1946 1947/1947/1947 1948/1948/1948
f 1948/1948/1948 1949/1949/1949 1946/1946/1946
f 1950/1950/1950 1949/1949/1949 1951/1951/1951
f 1951/1951/1951 1952/1952/1952 1953/1953/1953
f 1954/1954/1954 1934/1934/1934 1955/1955/1955
f 1955/1955/1955 1956/1956/1956 1957/1957/1957
f 1958/1958/1958 1957/1957/1957 1959/1959/1959
f 1959/1959/1959 1960/1960/1960 1958/1958/1958
f 1960/1960/1960 1961/1961/1961 1962/1962/1962
f 1962/1962/1962 1958/1958/1958 1963/1963/1963
f 1964/1964/1964 1965/1965/1965 1966/1966/1966
f 1966/1966/1966 1967/1967/1967 1964/1964/1964
f 1968/1968/1968 1969/1969/1969 1970/1970/1970
f 1970/1970/1970 1971/1971/1971 1968/1968/1968
f 1972/1972/1972 1973/1973/1973 1969/1969/1969
f 1969/1969/1969 1974/1974/1974 1975/1975/1975
f 1975/1975/1975 1976/1976/1976 1965/1965/1965
f 1965/1965/1965 1973/1973/1973 1975/1975/1975
f 1977/1977/1977 1978/1978/1978 1979/1979/1979
f 1979/1979/1979 1980/1980/1980 1981/1981/1981
f 1978/1978/1978 1982/1982/1982 1983/1983/1983
f 1983/1983/1983 1984/1984/1984 1985/1985/1985
f 1982/1982/1982 1986/1986/1986 1987/1987/1987
f 1987/1987/1987 1988/1988/1988 1989/1989/1989
f 1990/1990/1990 1991/1991/1991 1992/1992/1992
f 1992/1992/1992 1993/1993/1993 1990/1990/1990
f 1986/1986/1986 1991/1991/1991 1990/1990/1990
f 1990/1990/1990 1994/1994/1994 1986/1986/1986
f 1993/1993/1993 1995/1995/1995 1996/1996/1996
f 1996/1996/1996 1997/1997/1997 1993/1993/1993
f 1998/1998/1998 1999/1999/1999 2000/2000/2000
f 2000/2000/2000 1980/1980/1980 1998/1998/1998
f 2001/2001/2001 2002/2002/2002 2003/2003/2003
f 2003/2003/2003 2004/2004/2004 2001/2001/2001
f 2005/2005/2005 2006/2006/2006 2003/2003/2003
f 2003/2003/2003 2002/2002/2002 2005/2005/2005
f 2007/2007/2007 2006/2006/2006 2005/2005/2005
f 2005/2005/2005 2008/2008/2008 2007/2007/2007
f 2009/2009/2009 2010/2010/2010 2000/2000/2000
f 2000/2000/2000 1999/1999/1999 2009/2009/2009
f 2011/2011/2011 2001/2001/2001 2012/2012/2012
f 2012/2012/2012 2013/2013/2013 2011/2011/2011
f 2007/2007/2007 2014/2014/2014 2015/2015/2015
f 2015/2015/2015 2016/2016/2016 2007/2007/2007
f 2016/2016/2016 2015/2015/2015 2017/2017/2017
f 2017/2017/2017 2018/2018/2018 2016/2016/2016
f 2019/2019/2019 2020/2020/2020 2006/2006/2006
f 2006/2006/2006 2021/2021/2021 2019/2019/2019
f 2006/2006/2006 2007/2007/2007 2022/2022/2022
f 2022/2022/2022 2021/2021/2021 2006/2006/2006
f 2022/2022/2022 2007/2007/2007 2016/2016/2016
f 2016/2016/2016 2023/2023/2023 2022/2022/2022
f 2023/2023/2023 2016/2016/2016 2018/2018/2018
f 2018/2018/2018 2024/2024/2024 2023/2023/2023
f 2025/2025/2025 2026/2026/2026 2027/2027/2027
f 2027/2027/2027 2028/2028/2028 2025/2025/2025
f 2029/2029/2029 2028/2028/2028 2027/2027/2027
f 2027/2027/2027 2030/2030/2030 2029/2029/2029
f 2029/2029/2029 2030/2030/2030 2020/2020/2020
f 2020/2020/2020 2019/2019/2019 2029/2029/2029
f 2031/2031/2031 2032/2032/2032 2033/2033/2033
f 2033/2033/2033 2034/2034/2034 2031/2031/2031
f 2034/2034/2034 2033/2033/2033 2035/2035/2035
f 2035/2035/2035 2036/2036/2036 2034/2034/2034
f 2037/2037/2037 2036/2036/2036 2035/2035/2035
f 2035/2035/2035 2038/2038/2038 2037/2037/2037
f 2031/2031/2031 2021/2021/2021 2039/2039/2039
f 2039/2039/2039 2032/2032/2032 2031/2031/2031
f 2023/2023/2023 2040/2040/2040 2041/2041/2041
f 2041/2041/2041 2042/2042/2042 2023/2023/2023
f 2043/2043/2043 2023/2023/2023 2042/2042/2042
f 2042/2042/2042 2044/2044/2044 2043/2043/2043
f 2045/2045/2045 2043/2043/2043 2044/2044/2044
f 2044/2044/2044 2039/2039/2039 2045/2045/2045
f 2046/2046/2046 2047/2047/2047 2048/2048/2048
f 2048/2048/2048 2049/2049/2049 2046/2046/2046
f 2049/2049/2049 2048/2048/2048 2050/2050/2050
f 2050/2050/2050 2051/2051/2051 2049/2049/2049
f 2051/2051/2051 2050/2050/2050 2052/2052/2052
f 2052/2052/2052 2053/2053/2053 2051/2051/2051
f 2054/2054/2054 2055/2055/2055 2056/2056/2056
f 2056/2056/2056 2057/2057/2057 2054/2054/2054
f 2053/2053/2053 2052/2052/2052 2054/2054/2054
f 2054/2054/2054 2057/2057/2057 2053/2053/2053
f 2055/2055/2055 2058/2058/2058 2059/2059/2059
f 2059/2059/2059 2056/2056/2056 2060/2060/2060
f 2061/2061/2061 2062/2062/2062 2046/2046/2046
f 2046/2046/2046 2063/2063/2063 2064/2064/2064
f 2065/2065/2065 2066/2066/2066 2067/2067/2067
f 2067/2067/2067 2068/2068/2068 2065/2065/2065
f 2053/2053/2053 2068/2068/2068 2067/2067/2067
f 2067/2067/2067 2069/2069/2069 2053/2053/2053
f 2070/2070/2070 2051/2051/2051 2053/2053/2053
f 2053/2053/2053 2069/2069/2069 2070/2070/2070
f 2071/2071/2071 2072/2072/2072 2046/2046/2046
f 2046/2046/2046 2073/2073/2073 2074/2074/2074
f 2075/2075/2075 2076/2076/2076 2066/2066/2066
f 2066/2066/2066 2065/2065/2065 2075/2075/2075
f 2070/2070/2070 2077/2077/2077 2078/2078/2078
f 2078/2078/2078 2051/2051/2051 2070/2070/2070
f 2077/2077/2077 2079/2079/2079 2046/2046/2046
f 2046/2046/2046 2078/2078/2078 2077/2077/2077
f 2080/2080/2080 2081/2081/2081 2069/2069/2069
f 2069/2069/2069 2082/2082/2082 2080/2080/2080
f 2069/2069/2069 2081/2081/2081 2083/2083/2083
f 2083/2083/2083 2070/2070/2070 2069/2069/2069
f 2083/2083/2083 2084/2084/2084 2077/2077/2077
f 2077/2077/2077 2070/2070/2070 2083/2083/2083
f 2084/2084/2084 2085/2085/2085 2079/2079/2079
f 2079/2079/2079 2077/2077/2077 2084/2084/2084
f 2086/2086/2086 2087/2087/2087 2088/2088/2088
f 2088/2088/2088 2089/2089/2089 2086/2086/2086
f 2090/2090/2090 2091/2091/2091 2088/2088/2088
f 2088/2088/2088 2087/2087/2087 2090/2090/2090
f 2090/2090/2090 2080/2080/2080 2082/2082/2082
f 2082/2082/2082 2091/2091/2091 2090/2090/2090
f 2092/2092/2092 2093/2093/2093 2094/2094/2094
f 2094/2094/2094 2095/2095/2095 2092/2092/2092
f 2093/2093/2093 2096/2096/2096 2097/2097/2097
f 2097/2097/2097 2094/2094/2094 2093/2093/2093
f 2098/2098/2098 2099/2099/2099 2097/2097/2097
f 2097/2097/2097 2096/2096/2096 2098/2098/2098
f 2092/2092/2092 2095/2095/2095 2100/2100/2100
f 2100/2100/2100 2081/2081/2081 2092/2092/2092
f 2084/2084/2084 2101/2101/2101 2102/2102/2102
f 2102/2102/2102 2085/2085/2085 2084/2084/2084
f 2083/2083/2083 2103/2103/2103 2101/2101/2101
f 2101/2101/2101 2084/2084/2084 2083/2083/2083
f 2081/2081/2081 2100/2100/2100 2103/2103/2103
f 2103/2103/2103 2083/2083/2083 2081/2081/2081
f 2104/2104/2104 2105/2105/2105 2106/2106/2106
f 2106/2106/2106 2107/2107/2107 2108/2108/2108
f 2107/2107/2107 2109/2109/2109 2110/2110/2110
f 2110/2110/2110 2108/2108/2108 2107/2107/2107
f 2109/2109/2109 2111/2111/2111 2112/2112/2112
f 2112/2112/2112 2110/2110/2110 2109/2109/2109
f 2113/2113/2113 2114/2114/2114 2112/2112/2112
f 2112/2112/2112 2111/2111/2111 2113/2113/2113
f 2115/2115/2115 2116/2116/2116 2114/2114/2114
f 2114/2114/2114 2117/2117/2117 2118/2118/2118
f 2119/2119/2119 2120/2120/2120 2116/2116/2116
f 2116/2116/2116 2118/2118/2118 2119/2119/2119
f 2121/2121/2121 2122/2122/2122 2120/2120/2120
f 2120/2120/2120 2123/2123/2123 2124/2124/2124
f 2125/2125/2125 2126/2126/2126 2127/2127/2127
f 2127/2127/2127 2128/2128/2128 2125/2125/2125
f 2129/2129/2129 2130/2130/2130 2131/2131/2131
f 2131/2131/2131 2132/2132/2132 2129/2129/2129
f 2133/2133/2133 2134/2134/2134 2126/2126/2126
f 2126/2126/2126 2125/2125/2125 2133/2133/2133
f 2135/2135/2135 2136/2136/2136 2133/2133/2133
f 2133/2133/2133 2125/2125/2125 2135/2135/2135
f 2131/2131/2131 2137/2137/2137 2138/2138/2138
f 2138/2138/2138 2132/2132/2132 2139/2139/2139
f 2140/2140/2140 2141/2141/2141 2137/2137/2137
f 2137/2137/2137 2142/2142/2142 2143/2143/2143
f 2144/2144/2144 2145/2145/2145 2146/2146/2146
f 2146/2146/2146 2147/2147/2147 2148/2148/2148
f 2148/2148/2148 2147/2147/2147 2135/2135/2135
f 2135/2135/2135 2125/2125/2125 2148/2148/2148
f 2149/2149/2149 2136/2136/2136 2135/2135/2135
f 2135/2135/2135 2150/2150/2150 2149/2149/2149
f 2135/2135/2135 2151/2151/2151 2152/2152/2152
f 2152/2152/2152 2150/2150/2150 2135/2135/2135
f 2151/2151/2151 2153/2153/2153 2154/2154/2154
f 2154/2154/2154 2152/2152/2152 2155/2155/2155
f 2156/2156/2156 2157/2157/2157 2158/2158/2158
f 2158/2158/2158 2154/2154/2154 2156/2156/2156
f 2133/2133/2133 2136/2136/2136 2130/2130/2130
f 2130/2130/2130 2129/2129/2129 2133/2133/2133
f 2159/2159/2159 2160/2160/2160 2161/2161/2161
f 2161/2161/2161 2162/2162/2162 2159/2159/2159
f 2163/2163/2163 2164/2164/2164 2165/2165/2165
f 2165/2165/2165 2133/2133/2133 2163/2163/2163
f 2109/2109/2109 2160/2160/2160 2159/2159/2159
f 2159/2159/2159 2166/2166/2166 2109/2109/2109
f 2163/2163/2163 2167/2167/2167 2168/2168/2168
f 2168/2168/2168 2164/2164/2164 2163/2163/2163
f 2166/2166/2166 2136/2136/2136 2169/2169/2169
f 2169/2169/2169 2109/2109/2109 2166/2166/2166
f 2168/2168/2168 2167/2167/2167 2170/2170/2170
f 2170/2170/2170 2171/2171/2171 2168/2168/2168
f 2172/2172/2172 2173/2173/2173 2174/2174/2174
f 2174/2174/2174 2175/2175/2175 2176/2176/2176
f 2177/2177/2177 2178/2178/2178 2179/2179/2179
f 2179/2179/2179 2180/2180/2180 2177/2177/2177
f 2164/2164/2164 2181/2181/2181 2182/2182/2182
f 2182/2182/2182 2183/2183/2183 2164/2164/2164
f 2184/2184/2184 2185/2185/2185 2181/2181/2181
f 2181/2181/2181 2164/2164/2164 2184/2184/2184
f 2185/2185/2185 2184/2184/2184 2186/2186/2186
f 2186/2186/2186 2187/2187/2187 2185/2185/2185
f 2183/2183/2183 2182/2182/2182 2188/2188/2188
f 2188/2188/2188 2189/2189/2189 2183/2183/2183
f 2190/2190/2190 2191/2191/2191 2192/2192/2192
f 2192/2192/2192 2193/2193/2193 2190/2190/2190
f 2194/2194/2194 2190/2190/2190 2193/2193/2193
f 2193/2193/2193 2195/2195/2195 2194/2194/2194
f 2194/2194/2194 2195/2195/2195 2189/2189/2189
f 2189/2189/2189 2188/2188/2188 2194/2194/2194
f 2196/2196/2196 2197/2197/2197 2198/2198/2198
f 2198/2198/2198 2199/2199/2199 2200/2200/2200
f 2201/2201/2201 2202/2202/2202 2203/2203/2203
f 2203/2203/2203 2204/2204/2204 2201/2201/2201
f 2205/2205/2205 2206/2206/2206 2207/2207/2207
f 2207/2207/2207 2208/2208/2208 2205/2205/2205
f 2209/2209/2209 2210/2210/2210 2211/2211/2211
f 2199/2199/2199 2212/2212/2212 2213/2213/2213
f 2213/2213/2213 2214/2214/2214 2215/2215/2215
f 2216/2216/2216 2217/2217/2217 2218/2218/2218
f 2218/2218/2218 2211/2211/2211 2219/2219/2219
f 2207/2207/2207 2217/2217/2217 2219/2219/2219
f 2207/2207/2207 2220/2220/2220 2221/2221/2221
f 2221/2221/2221 2217/2217/2217 2207/2207/2207
f 2222/2222/2222 2223/2223/2223 2224/2224/2224
f 2224/2224/2224 2225/2225/2225 2226/2226/2226
f 2225/2225/2225 2227/2227/2227 2215/2215/2215
f 2228/2228/2228 2229/2229/2229 2230/2230/2230
f 2230/2230/2230 2231/2231/2231 2232/2232/2232
f 2233/2233/2233 2234/2234/2234 2211/2211/2211
f 2211/2211/2211 2235/2235/2235 2233/2233/2233
f 2236/2236/2236 2237/2237/2237 2238/2238/2238
f 2239/2239/2239 2240/2240/2240 2241/2241/2241
f 2241/2241/2241 2237/2237/2237 2239/2239/2239
f 3022/3022/3022 3023/3023/3023 3024/3024/3024
f 3024/3024/3024 3025/3025/3025 3022/3022/3022
f 3024/3024/3024 3026/3026/3026 3025/3025/3025
f 3023/3023/3023 3022/3022/3022 3027/3027/3027
f 3025/3025/3025 3028/3028/3028 3029/3029/3029
f 3029/3029/3029 3022/3022/3022 3025/3025/3025
f 2242/2242/2242 2243/2243/2243 2244/2244/2244
f 2245/2245/2245 2246/2246/2246 2247/2247/2247
f 2247/2247/2247 2248/2248/2248 2245/2245/2245
f 2248/2248/2248 2247/2247/2247 2249/2249/2249
f 2249/2249/2249 2250/2250/2250 2251/2251/2251
f 2252/2252/2252 2253/2253/2253 2254/2254/2254
f 2254/2254/2254 2255/2255/2255 2256/2256/2256
f 2255/2255/2255 2254/2254/2254 2257/2257/2257
f 2257/2257/2257 2245/2245/2245 2255/2255/2255
f 2258/2258/2258 2254/2254/2254 2259/2259/2259
f 2254/2254/2254 2260/2260/2260 2259/2259/2259
f 2261/2261/2261 2262/2262/2262 2263/2263/2263
f 2263/2263/2263 2264/2264/2264 2265/2265/2265
f 2266/2266/2266 2267/2267/2267 2268/2268/2268
f 2269/2269/2269 2270/2270/2270 2271/2271/2271
f 2271/2271/2271 2272/2272/2272 2269/2269/2269
f 2267/2267/2267 2273/2273/2273 2262/2262/2262
f 2262/2262/2262 2274/2274/2274 2275/2275/2275
f 2276/2276/2276 2277/2277/2277 2278/2278/2278
f 2278/2278/2278 2279/2279/2279 2276/2276/2276
f 2280/2280/2280 2281/2281/2281 2282/2282/2282
f 2283/2283/2283 2284/2284/2284 2285/2285/2285
f 2285/2285/2285 2286/2286/2286 2283/2283/2283
f 2287/2287/2287 2288/2288/2288 2289/2289/2289
f 2290/2290/2290 2291/2291/2291 2292/2292/2292
f 2292/2292/2292 2289/2289/2289 2290/2290/2290
f 2293/2293/2293 2294/2294/2294 2295/2295/2295
f 2295/2295/2295 2285/2285/2285 2296/2296/2296
f 2297/2297/2297 2298/2298/2298 2299/2299/2299
f 2299/2299/2299 2300/2300/2300 2297/2297/2297
f 2301/2301/2301 2302/2302/2302 2303/2303/2303
f 2304/2304/2304 2305/2305/2305 2306/2306/2306
f 2306/2306/2306 2307/2307/2307 2304/2304/2304
f 2308/2308/2308 2309/2309/2309 2289/2289/2289
f 2289/2289/2289 2306/2306/2306 2308/2308/2308
f 2310/2310/2310 2311/2311/2311 2289/2289/2289
f 2289/2289/2289 2312/2312/2312 2310/2310/2310
f 2313/2313/2313 2280/2280/2280 2314/2314/2314
f 2315/2315/2315 2316/2316/2316 2317/2317/2317
f 2318/2318/2318 2319/2319/2319 2320/2320/2320
f 2320/2320/2320 2321/2321/2321 2322/2322/2322
f 2322/2322/2322 2323/2323/2323 2324/2324/2324
f 2324/2324/2324 2325/2325/2325 2322/2322/2322
f 2326/2326/2326 2327/2327/2327 2328/2328/2328
f 2328/2328/2328 2324/2324/2324 2326/2326/2326
f 2327/2327/2327 2329/2329/2329 2330/2330/2330
f 2330/2330/2330 2328/2328/2328 2327/2327/2327
f 2331/2331/2331 2332/2332/2332 2333/2333/2333
f 2334/2334/2334 2335/2335/2335 2336/2336/2336
f 2337/2337/2337 2338/2338/2338 2339/2339/2339
f 2340/2340/2340 2341/2341/2341 2342/2342/2342
f 2343/2343/2343 2344/2344/2344 2345/2345/2345
f 2345/2345/2345 2346/2346/2346 2343/2343/2343
f 2346/2346/2346 2345/2345/2345 2347/2347/2347
f 2348/2348/2348 2349/2349/2349 2343/2343/2343
f 2350/2350/2350 2351/2351/2351 2316/2316/2316
f 2352/2352/2352 2353/2353/2353 2316/2316/2316
f 2354/2354/2354 2355/2355/2355 2280/2280/2280
f 2280/2280/2280 2355/2355/2355 2356/2356/2356
f 2301/2301/2301 2335/2335/2335 2357/2357/2357
f 2356/2356/2356 2358/2358/2358 2359/2359/2359
f 2360/2360/2360 2361/2361/2361 2362/2362/2362
f 2362/2362/2362 2363/2363/2363 2364/2364/2364
f 2365/2365/2365 2366/2366/2366 2361/2361/2361
f 2367/2367/2367 2368/2368/2368 2369/2369/2369
f 2370/2370/2370 2371/2371/2371 2363/2363/2363
f 2363/2363/2363 2372/2372/2372 2373/2373/2373
f 2374/2374/2374 2375/2375/2375 2376/2376/2376
f 2377/2377/2377 2378/2378/2378 2379/2379/2379
f 2367/2367/2367 2380/2380/2380 2381/2381/2381
f 2381/2381/2381 2382/2382/2382 2367/2367/2367
f 2383/2383/2383 2375/2375/2375 2381/2381/2381
f 2382/2382/2382 2379/2379/2379 2384/2384/2384
f 2385/2385/2385 2386/2386/2386 2371/2371/2371
f 2371/2371/2371 2373/2373/2373 2385/2385/2385
f 2387/2387/2387 2388/2388/2388 2389/2389/2389
f 2390/2390/2390 2391/2391/2391 2392/2392/2392
f 2392/2392/2392 2393/2393/2393 2390/2390/2390
f 2394/2394/2394 2395/2395/2395 2396/2396/2396
f 2396/2396/2396 2392/2392/2392 2397/2397/2397
f 2398/2398/2398 2399/2399/2399 2400/2400/2400
f 2400/2400/2400 2401/2401/2401 2402/2402/2402
f 2399/2399/2399 2403/2403/2403 2393/2393/2393
f 2393/2393/2393 2404/2404/2404 2399/2399/2399
f 2389/2389/2389 2405/2405/2405 2404/2404/2404
f 2404/2404/2404 2405/2405/2405 2401/2401/2401
f 2406/2406/2406 2407/2407/2407 2408/2408/2408
f 2409/2409/2409 2410/2410/2410 2411/2411/2411
f 2408/2408/2408 2407/2407/2407 2409/2409/2409
f 2409/2409/2409 2411/2411/2411 2408/2408/2408
f 2408/2408/2408 2411/2411/2411 2412/2412/2412
f 2412/2412/2412 2413/2413/2413 2408/2408/2408
f 3012/3012/3012 3013/3013/3013 3014/3014/3014
f 3015/3015/3015 3016/3016/3016 3017/3017/3017
f 3013/3013/3013 3016/3016/3016 3015/3015/3015
f 3015/3015/3015 3018/3018/3018 3013/3013/3013
f 3013/3013/3013 3019/3019/3019 3020/3020/3020
f 3020/3020/3020 3021/3021/3021 3013/3013/3013
f 2414/2414/2414 2415/2415/2415 2416/2416/2416
f 2416/2416/2416 2417/2417/2417 2414/2414/2414
f 2414/2414/2414 2418/2418/2418 2419/2419/2419
f 2419/2419/2419 2420/2420/2420 2414/2414/2414
f 2420/2420/2420 2421/2421/2421 2422/2422/2422
f 2422/2422/2422 2416/2416/2416 2420/2420/2420
f 2416/2416/2416 2423/2423/2423 2424/2424/2424
f 2424/2424/2424 2425/2425/2425 2426/2426/2426
f 2425/2425/2425 2427/2427/2427 2428/2428/2428
f 2428/2428/2428 2414/2414/2414 2429/2429/2429
f 2430/2430/2430 2431/2431/2431 2432/2432/2432
f 2432/2432/2432 2433/2433/2433 2430/2430/2430
f 2434/2434/2434 2435/2435/2435 2433/2433/2433
f 2433/2433/2433 2432/2432/2432 2434/2434/2434
f 2430/2430/2430 2436/2436/2436 2437/2437/2437
f 2437/2437/2437 2438/2438/2438 2439/2439/2439
f 2440/2440/2440 2441/2441/2441 2442/2442/2442
f 2442/2442/2442 2434/2434/2434 2440/2440/2440
f 2443/2443/2443 2444/2444/2444 2445/2445/2445
f 2445/2445/2445 2433/2433/2433 2443/2443/2443
f 2440/2440/2440 2438/2438/2438 2446/2446/2446
f 2446/2446/2446 2447/2447/2447 2440/2440/2440
f 2433/2433/2433 2448/2448/2448 2449/2449/2449
f 2449/2449/2449 2450/2450/2450 2433/2433/2433
f 2451/2451/2451 2452/2452/2452 2453/2453/2453
f 2453/2453/2453 2454/2454/2454 2455/2455/2455
f 2456/2456/2456 2457/2457/2457 2458/2458/2458
f 2459/2459/2459 2460/2460/2460 2456/2456/2456
f 2456/2456/2456 2461/2461/2461 2459/2459/2459
f 2462/2462/2462 2463/2463/2463 2464/2464/2464
f 2464/2464/2464 2454/2454/2454 2462/2462/2462
f 2462/2462/2462 2465/2465/2465 2466/2466/2466
f 2466/2466/2466 2467/2467/2467 2462/2462/2462
f 2465/2465/2465 2456/2456/2456 2460/2460/2460
f 2460/2460/2460 2466/2466/2466 2465/2465/2465
f 2461/2461/2461 2468/2468/2468 2469/2469/2469
f 2469/2469/2469 2459/2459/2459 2461/2461/2461
f 2470/2470/2470 2471/2471/2471 2472/2472/2472
f 2458/2458/2458 2457/2457/2457 2473/2473/2473
f 2457/2457/2457 2465/2465/2465 2474/2474/2474
f 2465/2465/2465 2457/2457/2457 2456/2456/2456
f 2457/2457/2457 2474/2474/2474 2475/2475/2475
f 2460/2460/2460 2470/2470/2470 2476/2476/2476
f 2477/2477/2477 2460/2460/2460 2471/2471/2471
f 2478/2478/2478 2477/2477/2477 2479/2479/2479
f 2477/2477/2477 2478/2478/2478 2480/2480/2480
f 2975/2975/2975 2976/2976/2976 2977/2977/2977
f 2977/2977/2977 2978/2978/2978 2979/2979/2979
f 2980/2980/2980 2981/2981/2981 2982/2982/2982
f 2983/2983/2983 2984/2984/2984 2980/2980/2980
f 2980/2980/2980 2985/2985/2985 2986/2986/2986
f 2987/2987/2987 2976/2976/2976 2988/2988/2988
f 2988/2988/2988 2989/2989/2989 2990/2990/2990
f 2990/2990/2990 2989/2989/2989 2991/2991/2991
f 2991/2991/2991 2992/2992/2992 2990/2990/2990
f 2992/2992/2992 2991/2991/2991 2993/2993/2993
f 2993/2993/2993 2980/2980/2980 2992/2992/2992
f 2984/2984/2984 2994/2994/2994 2995/2995/2995
f 2995/2995/2995 2996/2996/2996 2984/2984/2984
f 2997/2997/2997 2998/2998/2998 2999/2999/2999
f 3000/3000/3000 3001/3001/3001 3002/3002/3002
f 3002/3002/3002 3003/3003/3003 2992/2992/2992
f 2992/2992/2992 2980/2980/2980 3002/3002/3002
f 3002/3002/3002 3004/3004/3004 3003/3003/3003
f 3005/3005/3005 3006/3006/3006 3007/3007/3007
f 3007/3007/3007 2999/2999/2999 3005/3005/3005
f 3008/3008/3008 3009/3009/3009 3007/3007/3007
f 3007/3007/3007 3010/3010/3010 3011/3011/3011
f 2481/2481/2481 2482/2482/2482 2483/2483/2483
f 2484/2484/2484 2485/2485/2485 2486/2486/2486
f 2487/2487/2487 2488/2488/2488 2489/2489/2489
f 2489/2489/2489 2490/2490/2490 2491/2491/2491
f 2492/2492/2492 2493/2493/2493 2494/2494/2494
f 2494/2494/2494 2491/2491/2491 2495/2495/2495
f 2496/2496/2496 2483/2483/2483 2497/2497/2497
f 2497/2497/2497 2498/2498/2498 2496/2496/2496
f 2499/2499/2499 2500/2500/2500 2501/2501/2501
f 2501/2501/2501 2502/2502/2502 2499/2499/2499
f 2503/2503/2503 2501/2501/2501 2504/2504/2504
f 2504/2504/2504 2505/2505/2505 2503/2503/2503
f 2506/2506/2506 2507/2507/2507 2493/2493/2493
f 2493/2493/2493 2508/2508/2508 2506/2506/2506
f 2505/2505/2505 2497/2497/2497 2509/2509/2509
f 2509/2509/2509 2503/2503/2503 2505/2505/2505
f 2510/2510/2510 2511/2511/2511 2512/2512/2512
f 2512/2512/2512 2513/2513/2513 2510/2510/2510
f 2514/2514/2514 2515/2515/2515 2516/2516/2516
f 2516/2516/2516 2517/2517/2517 2514/2514/2514
f 2518/2518/2518 2519/2519/2519 2520/2520/2520
f 2520/2520/2520 2521/2521/2521 2522/2522/2522
f 2515/2515/2515 2523/2523/2523 2524/2524/2524
f 2524/2524/2524 2525/2525/2525 2515/2515/2515
f 2526/2526/2526 2527/2527/2527 2528/2528/2528
f 2528/2528/2528 2529/2529/2529 2526/2526/2526
f 2530/2530/2530 2531/2531/2531 2526/2526/2526
f 2526/2526/2526 2532/2532/2532 2533/2533/2533
f 2532/2532/2532 2534/2534/2534 2535/2535/2535
f 2535/2535/2535 2533/2533/2533 2536/2536/2536
f 2537/2537/2537 2538/2538/2538 2539/2539/2539
f 2539/2539/2539 2540/2540/2540 2537/2537/2537
f 2541/2541/2541 2542/2542/2542 2543/2543/2543
f 2543/2543/2543 2544/2544/2544 2545/2545/2545
f 2546/2546/2546 2547/2547/2547 2542/2542/2542
f 2542/2542/2542 2548/2548/2548 2546/2546/2546
f 2544/2544/2544 2549/2549/2549 2550/2550/2550
f 2550/2550/2550 2551/2551/2551 2552/2552/2552
f 2548/2548/2548 2553/2553/2553 2554/2554/2554
f 2554/2554/2554 2546/2546/2546 2555/2555/2555
f 2556/2556/2556 2557/2557/2557 2558/2558/2558
f 2558/2558/2558 2559/2559/2559 2560/2560/2560
f 2561/2561/2561 2527/2527/2527 2562/2562/2562
f 2562/2562/2562 2563/2563/2563 2561/2561/2561
f 2564/2564/2564 2565/2565/2565 2566/2566/2566
f 2566/2566/2566 2567/2567/2567 2564/2564/2564
f 2568/2568/2568 2567/2567/2567 2566/2566/2566
f 2566/2566/2566 2569/2569/2569 2568/2568/2568
f 2558/2558/2558 2562/2562/2562 2564/2564/2564
f 2564/2564/2564 2567/2567/2567 2558/2558/2558
f 2570/2570/2570 2571/2571/2571 2515/2515/2515
f 2515/2515/2515 2572/2572/2572 2570/2570/2570
f 2573/2573/2573 2572/2572/2572 2524/2524/2524
f 2524/2524/2524 2574/2574/2574 2573/2573/2573
f 2575/2575/2575 2515/2515/2515 2576/2576/2576
f 2576/2576/2576 2577/2577/2577 2578/2578/2578
f 2579/2579/2579 2580/2580/2580 2581/2581/2581
f 2580/2580/2580 2582/2582/2582 2581/2581/2581
f 2582/2582/2582 2583/2583/2583 2581/2581/2581
f 2583/2583/2583 2546/2546/2546 2581/2581/2581
f 2546/2546/2546 2554/2554/2554 2581/2581/2581
f 2584/2584/2584 2579/2579/2579 2581/2581/2581
f 2585/2585/2585 2586/2586/2586 2587/2587/2587
f 2585/2585/2585 2588/2588/2588 2586/2586/2586
f 2585/2585/2585 2589/2589/2589 2588/2588/2588
f 2585/2585/2585 2505/2505/2505 2589/2589/2589
f 2585/2585/2585 2590/2590/2590 2505/2505/2505
f 2591/2591/2591 2592/2592/2592 2593/2593/2593
f 2591/2591/2591 2594/2594/2594 2595/2595/2595
f 2591/2591/2591 2596/2596/2596 2597/2597/2597
f 2598/2598/2598 2599/2599/2599 2600/2600/2600
f 2601/2601/2601 2602/2602/2602 2599/2599/2599
f 2601/2601/2601 2603/2603/2603 2602/2602/2602
f 2604/2604/2604 2605/2605/2605 2606/2606/2606
f 2604/2604/2604 2607/2607/2607 2608/2608/2608
f 2609/2609/2609 2610/2610/2610 2607/2607/2607
f 2609/2609/2609 2611/2611/2611 2610/2610/2610
f 2609/2609/2609 2612/2612/2612 2611/2611/2611
f 2613/2613/2613 2614/2614/2614 2615/2615/2615
f 2615/2615/2615 2616/2616/2616 2613/2613/2613
f 2614/2614/2614 2617/2617/2617 2618/2618/2618
f 2618/2618/2618 2619/2619/2619 2620/2620/2620
f 2617/2617/2617 2621/2621/2621 2622/2622/2622
f 2622/2622/2622 2623/2623/2623 2624/2624/2624
f 2625/2625/2625 2613/2613/2613 2626/2626/2626
f 2626/2626/2626 2627/2627/2627 2625/2625/2625
f 2628/2628/2628 2629/2629/2629 2630/2630/2630
f 2630/2630/2630 2631/2631/2631 2628/2628/2628
f 2632/2632/2632 2633/2633/2633 2634/2634/2634
f 2634/2634/2634 2635/2635/2635 2632/2632/2632
f 2633/2633/2633 2636/2636/2636 2637/2637/2637
f 2637/2637/2637 2638/2638/2638 2633/2633/2633
f 2636/2636/2636 2628/2628/2628 2639/2639/2639
f 2639/2639/2639 2640/2640/2640 2636/2636/2636
f 2641/2641/2641 2613/2613/2613 2628/2628/2628
f 2628/2628/2628 2636/2636/2636 2641/2641/2641
f 2625/2625/2625 2629/2629/2629 2628/2628/2628
f 2628/2628/2628 2613/2613/2613 2625/2625/2625
f 2641/2641/2641 2636/2636/2636 2633/2633/2633
f 2633/2633/2633 2624/2624/2624 2641/2641/2641
f 2624/2624/2624 2633/2633/2633 2632/2632/2632
f 2632/2632/2632 2621/2621/2621 2624/2624/2624
f 2642/2642/2642 2643/2643/2643 2644/2644/2644
f 2644/2644/2644 2645/2645/2645 2642/2642/2642
f 2646/2646/2646 2642/2642/2642 2645/2645/2645
f 2645/2645/2645 2647/2647/2647 2646/2646/2646
f 2648/2648/2648 2649/2649/2649 2650/2650/2650
f 2650/2650/2650 2651/2651/2651 2648/2648/2648
f 2649/2649/2649 2646/2646/2646 2647/2647/2647
f 2647/2647/2647 2650/2650/2650 2649/2649/2649
f 2652/2652/2652 2653/2653/2653 2654/2654/2654
f 2654/2654/2654 2655/2655/2655 2652/2652/2652
f 2653/2653/2653 2656/2656/2656 2657/2657/2657
f 2657/2657/2657 2654/2654/2654 2653/2653/2653
f 2658/2658/2658 2659/2659/2659 2660/2660/2660
f 2660/2660/2660 2661/2661/2661 2658/2658/2658
f 2656/2656/2656 2658/2658/2658 2661/2661/2661
f 2661/2661/2661 2657/2657/2657 2656/2656/2656
f 2662/2662/2662 2648/2648/2648 2663/2663/2663
f 2663/2663/2663 2664/2664/2664 2662/2662/2662
f 2665/2665/2665 2666/2666/2666 2659/2659/2659
f 2659/2659/2659 2667/2667/2667 2665/2665/2665
f 2668/2668/2668 2669/2669/2669 2648/2648/2648
f 2648/2648/2648 2662/2662/2662 2668/2668/2668
f 2670/2670/2670 2671/2671/2671 2667/2667/2667
f 2667/2667/2667 2659/2659/2659 2670/2670/2670
f 2823/2823/2823 2824/2824/2824 2825/2825/2825
f 2825/2825/2825 2826/2826/2826 2823/2823/2823
f 2826/2826/2826 2827/2827/2827 2828/2828/2828
f 2828/2828/2828 2829/2829/2829 2826/2826/2826
f 2829/2829/2829 2830/2830/2830 2831/2831/2831
f 2831/2831/2831 2832/2832/2832 2833/2833/2833
f 2834/2834/2834 2835/2835/2835 2836/2836/2836
f 2836/2836/2836 2823/2823/2823 2834/2834/2834
f 2837/2837/2837 2838/2838/2838 2839/2839/2839
f 2839/2839/2839 2840/2840/2840 2841/2841/2841
f 2842/2842/2842 2843/2843/2843 2844/2844/2844
f 2844/2844/2844 2845/2845/2845 2842/2842/2842
f 2845/2845/2845 2846/2846/2846 2847/2847/2847
f 2847/2847/2847 2848/2848/2848 2845/2845/2845
f 2848/2848/2848 2849/2849/2849 2850/2850/2850
f 2850/2850/2850 2851/2851/2851 2852/2852/2852
f 2853/2853/2853 2852/2852/2852 2851/2851/2851
f 2851/2851/2851 2854/2854/2854 2853/2853/2853
f 2834/2834/2834 2854/2854/2854 2851/2851/2851
f 2851/2851/2851 2855/2855/2855 2834/2834/2834
f 2853/2853/2853 2856/2856/2856 2845/2845/2845
f 2845/2845/2845 2857/2857/2857 2853/2853/2853
f 2856/2856/2856 2832/2832/2832 2858/2858/2858
f 2858/2858/2858 2859/2859/2859 2856/2856/2856
f 2860/2860/2860 2861/2861/2861 2862/2862/2862
f 2862/2862/2862 2863/2863/2863 2860/2860/2860
f 2864/2864/2864 2865/2865/2865 2861/2861/2861
f 2861/2861/2861 2860/2860/2860 2864/2864/2864
f 2866/2866/2866 2867/2867/2867 2868/2868/2868
f 2868/2868/2868 2869/2869/2869 2866/2866/2866
f 2869/2869/2869 2868/2868/2868 2865/2865/2865
f 2865/2865/2865 2864/2864/2864 2869/2869/2869
f 2870/2870/2870 2871/2871/2871 2872/2872/2872
f 2872/2872/2872 2873/2873/2873 2874/2874/2874
f 2873/2873/2873 2875/2875/2875 2876/2876/2876
f 2876/2876/2876 2877/2877/2877 2878/2878/2878
f 2879/2879/2879 2880/2880/2880 2881/2881/2881
f 2881/2881/2881 2882/2882/2882 2879/2879/2879
f 2877/2877/2877 2883/2883/2883 2884/2884/2884
f 2884/2884/2884 2879/2879/2879 2885/2885/2885
f 2886/2886/2886 2887/2887/2887 2888/2888/2888
f 2888/2888/2888 2889/2889/2889 2890/2890/2890
f 2891/2891/2891 2892/2892/2892 2893/2893/2893
f 2893/2893/2893 2894/2894/2894 2891/2891/2891
f 2895/2895/2895 2896/2896/2896 2897/2897/2897
f 2897/2897/2897 2898/2898/2898 2895/2895/2895
f 2899/2899/2899 2893/2893/2893 2900/2900/2900
f 2900/2900/2900 2901/2901/2901 2902/2902/2902
f 2672/2672/2672 2673/2673/2673 2674/2674/2674
f 2674/2674/2674 2675/2675/2675 2672/2672/2672
f 2673/2673/2673 2676/2676/2676 2677/2677/2677
f 2677/2677/2677 2678/2678/2678 2673/2673/2673
f 2679/2679/2679 2680/2680/2680 2681/2681/2681
f 2681/2681/2681 2682/2682/2682 2683/2683/2683
f 2684/2684/2684 2672/2672/2672 2685/2685/2685
f 2685/2685/2685 2686/2686/2686 2687/2687/2687
f 2688/2688/2688 2689/2689/2689 2690/2690/2690
f 2690/2690/2690 2691/2691/2691 2688/2688/2688
f 2692/2692/2692 2693/2693/2693 2694/2694/2694
f 2694/2694/2694 2695/2695/2695 2692/2692/2692
f 2693/2693/2693 2696/2696/2696 2697/2697/2697
f 2697/2697/2697 2698/2698/2698 2693/2693/2693
f 2696/2696/2696 2699/2699/2699 2700/2700/2700
f 2700/2700/2700 2701/2701/2701 2696/2696/2696
f 2687/2687/2687 2702/2702/2702 2703/2703/2703
f 2703/2703/2703 2672/2672/2672 2687/2687/2687
f 2672/2672/2672 2703/2703/2703 2696/2696/2696
f 2696/2696/2696 2673/2673/2673 2672/2672/2672
f 2683/2683/2683 2693/2693/2693 2692/2692/2692
f 2692/2692/2692 2680/2680/2680 2683/2683/2683
f 2673/2673/2673 2696/2696/2696 2693/2693/2693
f 2693/2693/2693 2683/2683/2683 2673/2673/2673
f 2704/2704/2704 2705/2705/2705 2706/2706/2706
f 2706/2706/2706 2707/2707/2707 2704/2704/2704
f 2705/2705/2705 2708/2708/2708 2709/2709/2709
f 2709/2709/2709 2706/2706/2706 2705/2705/2705
f 2710/2710/2710 2711/2711/2711 2712/2712/2712
f 2712/2712/2712 2713/2713/2713 2710/2710/2710
f 2708/2708/2708 2710/2710/2710 2713/2713/2713
f 2713/2713/2713 2709/2709/2709 2708/2708/2708
f 2714/2714/2714 2715/2715/2715 2716/2716/2716
f 2716/2716/2716 2717/2717/2717 2714/2714/2714
f 2718/2718/2718 2714/2714/2714 2717/2717/2717
f 2717/2717/2717 2719/2719/2719 2718/2718/2718
f 2720/2720/2720 2721/2721/2721 2722/2722/2722
f 2722/2722/2722 2723/2723/2723 2720/2720/2720
f 2721/2721/2721 2718/2718/2718 2719/2719/2719
f 2719/2719/2719 2722/2722/2722 2721/2721/2721
f 2724/2724/2724 2725/2725/2725 2726/2726/2726
f 2726/2726/2726 2711/2711/2711 2724/2724/2724
f 2727/2727/2727 2720/2720/2720 2723/2723/2723
f 2723/2723/2723 2728/2728/2728 2727/2727/2727
f 2729/2729/2729 2712/2712/2712 2711/2711/2711
f 2711/2711/2711 2726/2726/2726 2729/2729/2729
f 2730/2730/2730 2731/2731/2731 2720/2720/2720
f 2720/2720/2720 2727/2727/2727 2730/2730/2730
f 2903/2903/2903 2904/2904/2904 2905/2905/2905
f 2905/2905/2905 2906/2906/2906 2903/2903/2903
f 2906/2906/2906 2907/2907/2907 2908/2908/2908
f 2908/2908/2908 2909/2909/2909 2906/2906/2906
f 2909/2909/2909 2910/2910/2910 2911/2911/2911
f 2911/2911/2911 2912/2912/2912 2909/2909/2909
f 2913/2913/2913 2914/2914/2914 2915/2915/2915
f 2915/2915/2915 2903/2903/2903 2913/2913/2913
f 2916/2916/2916 2917/2917/2917 2918/2918/2918
f 2918/2918/2918 2919/2919/2919 2920/2920/2920
f 2921/2921/2921 2922/2922/2922 2923/2923/2923
f 2923/2923/2923 2924/2924/2924 2921/2921/2921
f 2924/2924/2924 2925/2925/2925 2926/2926/2926
f 2926/2926/2926 2927/2927/2927 2924/2924/2924
f 2927/2927/2927 2928/2928/2928 2929/2929/2929
f 2929/2929/2929 2930/2930/2930 2931/2931/2931
f 2913/2913/2913 2932/2932/2932 2930/2930/2930
f 2930/2930/2930 2919/2919/2919 2913/2913/2913
f 2932/2932/2932 2933/2933/2933 2934/2934/2934
f 2934/2934/2934 2930/2930/2930 2932/2932/2932
f 2909/2909/2909 2912/2912/2912 2921/2921/2921
f 2921/2921/2921 2924/2924/2924 2909/2909/2909
f 2933/2933/2933 2909/2909/2909 2924/2924/2924
f 2924/2924/2924 2934/2934/2934 2933/2933/2933
f 2935/2935/2935 2936/2936/2936 2937/2937/2937
f 2937/2937/2937 2938/2938/2938 2939/2939/2939
f 2938/2938/2938 2940/2940/2940 2941/2941/2941
f 2941/2941/2941 2942/2942/2942 2943/2943/2943
f 2944/2944/2944 2945/2945/2945 2946/2946/2946
f 2946/2946/2946 2947/2947/2947 2944/2944/2944
f 2942/2942/2942 2948/2948/2948 2945/2945/2945
f 2945/2945/2945 2944/2944/2944 2942/2942/2942
f 2949/2949/2949 2950/2950/2950 2951/2951/2951
f 2951/2951/2951 2952/2952/2952 2949/2949/2949
f 2953/2953/2953 2954/2954/2954 2955/2955/2955
f 2955/2955/2955 2949/2949/2949 2953/2953/2953
f 2956/2956/2956 2957/2957/2957 2958/2958/2958
f 2958/2958/2958 2959/2959/2959 2956/2956/2956
f 2959/2959/2959 2958/2958/2958 2960/2960/2960
f 2960/2960/2960 2953/2953/2953 2959/2959/2959
f 2961/2961/2961 2947/2947/2947 2962/2962/2962
f 2962/2962/2962 2963/2963/2963 2961/2961/2961
f 2964/2964/2964 2965/2965/2965 2966/2966/2966
f 2966/2966/2966 2967/2967/2967 2968/2968/2968
f 2969/2969/2969 2970/2970/2970 2947/2947/2947
f 2947/2947/2947 2971/2971/2971 2969/2969/2969
f 2972/2972/2972 2973/2973/2973 2967/2967/2967
f 2967/2967/2967 2974/2974/2974 2972/2972/2972
f 2732/2732/2732 2733/2733/2733 2734/2734/2734
f 2734/2734/2734 2735/2735/2735 2732/2732/2732
f 2736/2736/2736 2737/2737/2737 2738/2738/2738
f 2738/2738/2738 2739/2739/2739 2736/2736/2736
f 2740/2740/2740 2741/2741/2741 2742/2742/2742
f 2742/2742/2742 2743/2743/2743 2740/2740/2740
f 2744/2744/2744 2745/2745/2745 2746/2746/2746
f 2746/2746/2746 2747/2747/2747 2744/2744/2744
f 2748/2748/2748 2749/2749/2749 2750/2750/2750
f 2750/2750/2750 2742/2742/2742 2748/2748/2748
f 2751/2751/2751 2736/2736/2736 2752/2752/2752
f 2752/2752/2752 2753/2753/2753 2751/2751/2751
f 2744/2744/2744 2754/2754/2754 2755/2755/2755
f 2755/2755/2755 2737/2737/2737 2744/2744/2744
f 2756/2756/2756 2757/2757/2757 2732/2732/2732
f 2732/2732/2732 2758/2758/2758 2756/2756/2756
f 2757/2757/2757 2759/2759/2759 2760/2760/2760
f 2760/2760/2760 2744/2744/2744 2761/2761/2761
f 2736/2736/2736 2762/2762/2762 2732/2732/2732
f 2732/2732/2732 2737/2737/2737 2736/2736/2736
f 2737/2737/2737 2732/2732/2732 2761/2761/2761
f 2761/2761/2761 2744/2744/2744 2737/2737/2737
f 2791/2791/2791 2792/2792/2792 2793/2793/2793
f 2793/2793/2793 2794/2794/2794 2791/2791/2791
f 2795/2795/2795 2796/2796/2796 2797/2797/2797
f 2797/2797/2797 2798/2798/2798 2795/2795/2795
f 2799/2799/2799 2800/2800/2800 2801/2801/2801
f 2801/2801/2801 2802/2802/2802 2803/2803/2803
f 2804/2804/2804 2805/2805/2805 2806/2806/2806
f 2806/2806/2806 2807/2807/2807 2804/2804/2804
f 2808/2808/2808 2801/2801/2801 2807/2807/2807
f 2807/2807/2807 2809/2809/2809 2808/2808/2808
f 2810/2810/2810 2811/2811/2811 2812/2812/2812
f 2812/2812/2812 2813/2813/2813 2810/2810/2810
f 2804/2804/2804 2798/2798/2798 2814/2814/2814
f 2814/2814/2814 2815/2815/2815 2804/2804/2804
f 2816/2816/2816 2817/2817/2817 2818/2818/2818
f 2818/2818/2818 2800/2800/2800 2816/2816/2816
f 2800/2800/2800 2819/2819/2819 2807/2807/2807
f 2807/2807/2807 2801/2801/2801 2800/2800/2800
f 2820/2820/2820 2821/2821/2821 2818/2818/2818
f 2818/2818/2818 2810/2810/2810 2820/2820/2820
f 2821/2821/2821 2822/2822/2822 2800/2800/2800
f 2800/2800/2800 2818/2818/2818 2821/2821/2821
f 2763/2763/2763 2764/2764/2764 2765/2765/2765
f 2765/2765/2765 2766/2766/2766 2763/2763/2763
f 2767/2767/2767 2765/2765/2765 2764/2764/2764
f 2764/2764/2764 2768/2768/2768 2767/2767/2767
f 2769/2769/2769 2770/2770/2770 2763/2763/2763
f 2763/2763/2763 2766/2766/2766 2769/2769/2769
f 2771/2771/2771 2772/2772/2772 2766/2766/2766
f 2766/2766/2766 2773/2773/2773 2771/2771/2771
f 2774/2774/2774 2764/2764/2764 2763/2763/2763
f 2763/2763/2763 2775/2775/2775 2774/2774/2774
f 2776/2776/2776 2777/2777/2777 2778/2778/2778
f 2778/2778/2778 2779/2779/2779 2780/2780/2780
f 2781/2781/2781 2782/2782/2782 2779/2779/2779
f 2779/2779/2779 2783/2783/2783 2781/2781/2781
f 2784/2784/2784 2785/2785/2785 2780/2780/2780
f 2780/2780/2780 2786/2786/2786 2784/2784/2784
f 2787/2787/2787 2783/2783/2783 2785/2785/2785
f 2785/2785/2785 2788/2788/2788 2787/2787/2787
f 2789/2789/2789 2790/2790/2790 2780/2780/2780
f 2780/2780/2780 2779/2779/2779 2789/2789/2789
