# Tanki Online 2.0 Demo turret converted from A3D 1.0
o turret
v -0.3137959 0.2030862 0.8156520
v -0.3137959 0.0224843 0.8156520
v -0.3137959 0.0224843 0.9343665
v -0.3137959 0.2030862 0.9343665
v -0.3137959 0.2030862 0.8156520
v -0.1331941 0.2030862 0.9343665
v -0.1331941 0.0224843 0.9343665
v -0.1331941 0.0224843 0.8156520
v -0.1331941 0.2030862 0.8156520
v -0.1331941 0.2030862 0.9343665
v -0.3137959 0.0224843 0.9343665
v -0.1331941 0.2030862 0.8156520
v -0.3137959 0.2030862 0.8156520
v -0.3137959 0.0224843 0.8156520
v -0.1331941 0.0224843 0.8156520
v -0.7698933 0.2117254 0.8136600
v -0.7698933 0.0168864 0.8136600
v -0.7698933 0.0458090 0.9229887
v -0.7698933 0.1815206 0.9229887
v -0.4198758 0.1815206 0.9229889
v -0.4198758 0.0458090 0.9229889
v -0.4198758 0.0168864 0.8136601
v -0.4198758 0.2117254 0.8136601
v -0.4198758 0.1815206 0.9229889
v -0.7698933 0.0458090 0.9229887
v -0.7698933 0.1815206 0.9229887
v -0.4198758 0.2117254 0.8136601
v -0.7698933 0.2117254 0.8136600
v -0.7698933 0.0168864 0.8136600
v -0.4198758 0.0168864 0.8136601
v 0.1840912 0.3987395 -2.1158890
v 0.2108556 0.3878193 -2.1188806
v 0.2219421 0.3633064 -2.1298892
v 0.2108556 0.3395609 -2.1424661
v 0.1840912 0.3304923 -2.1492453
v 0.1573275 0.3414119 -2.1462540
v 0.1462411 0.3659248 -2.1352451
v 0.1840912 0.3987395 -2.1158890
v 0.1573275 0.3896703 -2.1226675
v 0.2108556 0.3395609 -2.1424661
v 0.2131331 0.3107294 -2.0989682
v 0.1795895 0.2993631 -2.1074637
v 0.1840912 0.3304923 -2.1492453
v 0.2108556 0.3395609 -2.1424661
v 0.1795895 0.2993631 -2.1074637
v 0.1460461 0.3130497 -2.1037155
v 0.1573275 0.3414119 -2.1462540
v 0.2219421 0.3633064 -2.1298892
v 0.2270273 0.3404895 -2.0832047
v 0.2108556 0.3395609 -2.1424661
v 0.2219421 0.3633064 -2.1298892
v 0.1460461 0.3130497 -2.1037155
v 0.1321518 0.3437707 -2.0899179
v 0.1462411 0.3659248 -2.1352451
v 0.1573275 0.3414119 -2.1462540
v 0.2108556 0.3878193 -2.1188806
v 0.2131331 0.3712113 -2.0694080
v 0.2270273 0.3404895 -2.0832047
v 0.2219421 0.3633064 -2.1298892
v 0.2108556 0.3878193 -2.1188806
v 0.1462411 0.3659248 -2.1352451
v 0.1460461 0.3735308 -2.0741544
v 0.1573275 0.3896703 -2.1226675
v 0.1840912 0.3987395 -2.1158890
v 0.1795895 0.3848972 -2.0656589
v 0.2108556 0.3878193 -2.1188806
v 0.1840912 0.3987395 -2.1158890
v 0.1460461 0.3735308 -2.0741544
v 0.1267856 0.6876302 -3.7643839
v 0.1007717 0.4237324 -3.9222757
v 0.1267857 0.6876302 -4.1608414
v 0.0846934 0.7884010 -4.1608414
v 0.1007717 0.7884010 -3.7071115
v 0.0000009 0.8234715 -4.1608414
v 0.0000008 0.8234715 -3.6833884
v 0.0846934 0.7884010 -4.1608414
v -0.0697733 0.6320588 -4.1608414
v 0.0000009 0.6031579 -4.1608414
v 0.0000009 0.5730458 -4.1608414
v -0.0845924 0.6045501 -4.1608414
v -0.0697733 0.6309695 -3.9468887
v -0.0986742 0.6928119 -3.9468887
v -0.0697733 0.7614450 -3.9468887
v 0.0000009 0.7903459 -3.9468887
v 0.0697750 0.7614450 -3.9468887
v 0.0986759 0.6928119 -3.9468887
v 0.0697750 0.6309695 -3.9468887
v 0.0000009 0.6020679 -3.9468887
v 0.0845943 0.4237324 -3.9653928
v 0.0000009 0.3819915 -3.9653928
v 0.0000009 0.5730458 -4.1608414
v 0.0845943 0.6045501 -4.1608414
v -0.0846915 0.7884010 -4.1608414
v -0.1267838 0.6876302 -4.1608414
v -0.1267839 0.6876302 -3.7643839
v -0.1007700 0.7884010 -3.7071115
v -0.1007700 0.4237324 -3.9222757
v -0.1267838 0.6876302 -4.1608414
v 0.0000009 0.3819915 -3.9653928
v -0.0845925 0.4237324 -3.9653928
v -0.0845924 0.6045501 -4.1608414
v 0.0000009 0.5730458 -4.1608414
v -0.0986741 0.6928119 -4.1608414
v -0.0845924 0.6045501 -4.1608414
v -0.1267838 0.6876302 -4.1608414
v 0.0000009 0.6031579 -4.1608414
v 0.0697751 0.6320588 -4.1608414
v 0.0845943 0.6045501 -4.1608414
v 0.0000009 0.5730458 -4.1608414
v 0.0000009 0.6031579 -4.1608414
v -0.0697733 0.6309695 -3.9468887
v 0.0000009 0.6020679 -3.9468887
v 0.0000009 0.6031579 -4.1608414
v -0.0697733 0.6320588 -4.1608414
v 0.0697750 0.6309695 -3.9468887
v 0.0697751 0.6320588 -4.1608414
v 0.0986759 0.6928119 -3.9468887
v 0.0986760 0.6928119 -4.1608414
v 0.0986759 0.6928119 -3.9468887
v 0.0697750 0.7614450 -3.9468887
v 0.0697751 0.7614450 -4.1608414
v 0.0986760 0.6928119 -4.1608414
v -0.0697733 0.7614450 -4.1608414
v -0.0986741 0.6928119 -4.1608414
v -0.1267838 0.6876302 -4.1608414
v -0.0846915 0.7884010 -4.1608414
v -0.0697733 0.7614450 -4.1608414
v 0.0697750 0.7614450 -3.9468887
v 0.0000009 0.7903459 -3.9468887
v 0.0000009 0.7903459 -4.1608414
v 0.0697751 0.7614450 -4.1608414
v 0.0000009 0.7903459 -3.9468887
v -0.0697733 0.7614450 -3.9468887
v -0.0697733 0.7614450 -4.1608414
v -0.0986742 0.6928119 -3.9468887
v -0.0986741 0.6928119 -4.1608414
v -0.0697733 0.6309695 -3.9468887
v -0.0697733 0.6320588 -4.1608414
v 0.0986760 0.6928119 -4.1608414
v 0.1267857 0.6876302 -4.1608414
v 0.0845943 0.6045501 -4.1608414
v 0.0000009 0.7903459 -4.1608414
v -0.0697733 0.7614450 -4.1608414
v 0.0000009 0.8234715 -4.1608414
v 0.0000009 0.7903459 -4.1608414
v 0.0986760 0.6928119 -4.1608414
v 0.0697751 0.7614450 -4.1608414
v 0.0846934 0.7884010 -4.1608414
v 0.1267857 0.6876302 -4.1608414
v 0.0986760 0.6928119 -4.1608414
v 0.0000009 0.8234715 -4.1608414
v 0.0846934 0.7884010 -4.1608414
v 0.1007717 0.4237324 -3.9222757
v 0.0000009 0.3819915 -3.9222757
v 0.0000009 0.3819915 -3.9653928
v 0.0845943 0.4237324 -3.9653928
v 0.0000009 0.3819915 -3.9222757
v -0.1007700 0.4237324 -3.9222757
v -0.0845925 0.4237324 -3.9653928
v 0.0000009 0.3819915 -3.9653928
v -0.1007700 0.7884010 -3.7071115
v 0.0000008 0.8234715 -3.6833884
v 0.0000009 0.8234715 -4.1608414
v -0.0846915 0.7884010 -4.1608414
v -0.1007700 0.7884010 -3.7071115
v -0.1267838 0.6876302 -4.1608414
v -0.0845924 0.6045501 -4.1608414
v 0.0845943 0.6045501 -4.1608414
v 0.1267857 0.6876302 -4.1608414
v 0.1007717 0.4237324 -3.9222757
v 0.0845943 0.4237324 -3.9653928
v 0.1840912 0.4871074 -2.0726990
v 0.2108556 0.4761871 -2.0756900
v 0.2219421 0.4516749 -2.0866992
v 0.1840912 0.4871074 -2.0726990
v 0.2108556 0.4279294 -2.0992761
v 0.1840912 0.4188602 -2.1060547
v 0.1573275 0.4297804 -2.1030637
v 0.1462410 0.4542926 -2.0920551
v 0.1573275 0.4780381 -2.0794775
v 0.2108556 0.4279294 -2.0992761
v 0.2131331 0.3990972 -2.0557782
v 0.1795895 0.3877309 -2.0642737
v 0.1840912 0.4188602 -2.1060547
v 0.1460461 0.4014175 -2.0605252
v 0.1573275 0.4297804 -2.1030637
v 0.1840912 0.4188602 -2.1060547
v 0.2219421 0.4516749 -2.0866992
v 0.2270273 0.4288580 -2.0400150
v 0.2131331 0.3990972 -2.0557782
v 0.2108556 0.4279294 -2.0992761
v 0.2219421 0.4516749 -2.0866992
v 0.1573275 0.4297804 -2.1030637
v 0.1460461 0.4014175 -2.0605252
v 0.1321518 0.4321386 -2.0467279
v 0.1462410 0.4542926 -2.0920551
v 0.2108556 0.4761871 -2.0756900
v 0.2131331 0.4595791 -2.0262180
v 0.2270273 0.4288580 -2.0400150
v 0.2219421 0.4516749 -2.0866992
v 0.1462410 0.4542926 -2.0920551
v 0.1460460 0.4618994 -2.0309644
v 0.1573275 0.4780381 -2.0794775
v 0.1840912 0.4871074 -2.0726990
v 0.1795895 0.4732650 -2.0224689
v 0.2131331 0.4595791 -2.0262180
v 0.2108556 0.4761871 -2.0756900
v 0.1840912 0.4871074 -2.0726990
v 0.1460460 0.4618994 -2.0309644
v -0.1739066 0.8393101 -0.0983041
v -0.1739067 0.8847790 0.3710617
v 0.1739070 0.8847790 0.3710617
v 0.1739072 0.8393101 -0.0983041
v -0.1739066 0.8393101 -0.0983041
v 0.1722699 0.8393101 0.8348451
v 0.1739070 0.8847790 0.3710617
v -0.1722697 0.8393101 0.8348451
v -0.1775653 0.8037791 0.8497562
v 0.1775655 0.8037791 0.8497562
v -0.3626989 0.8032226 0.3717441
v -0.1775653 0.8037791 0.8497562
v -0.3518817 0.8393101 0.3710617
v -0.1792520 0.8032226 -0.1116724
v -0.1739066 0.8393101 -0.0983041
v 0.1739072 0.8393101 -0.0983041
v 0.1792525 0.8032226 -0.1116724
v 0.1792525 0.8032226 -0.1116724
v 0.1739072 0.8393101 -0.0983041
v 0.3518822 0.8393101 0.3710619
v 0.3626993 0.8032226 0.3717444
v 0.1739072 0.8393101 -0.0983041
v 0.1739070 0.8847790 0.3710617
v -0.1739067 0.8847790 0.3710617
v -0.3518817 0.8393101 0.3710617
v -0.1739066 0.8393101 -0.0983041
v -0.3626989 0.8032226 0.3717441
v -0.1792520 0.8032226 -0.1116724
v 0.1775655 0.8037791 0.8497562
v 0.3626993 0.8032226 0.3717444
v 0.0232344 0.8589857 0.1407387
v 0.0000002 0.8501213 0.1369918
v 0.0000003 1.0904236 -0.4314462
v 0.0232345 1.0992880 -0.4276993
v 0.0000002 0.9106516 0.1625806
v 0.0000003 1.1509539 -0.4058574
v -0.0232339 1.1420895 -0.4096051
v -0.0232339 0.9017872 0.1588329
v 0.0232345 1.1420895 -0.4096051
v 0.0000003 1.1509539 -0.4058574
v 0.0232344 0.9017872 0.1588329
v 0.0328584 0.8803864 0.1497861
v 0.0328586 1.1206888 -0.4186517
v 0.0232344 0.8589857 0.1407387
v 0.0232345 1.0992880 -0.4276993
v 0.0328584 0.8803864 0.1497861
v -0.0328580 0.8803864 0.1497861
v -0.0232339 0.9017872 0.1588329
v -0.0328580 1.1206888 -0.4186517
v -0.0232339 0.8589857 0.1407387
v -0.0232339 1.0992880 -0.4276993
v 0.0000002 0.8501213 0.1369918
v -0.0232339 0.8589857 0.1407387
v 0.0000003 1.0904236 -0.4314462
v -0.7032924 0.9317149 1.5503780
v -0.6047373 0.9317149 1.5503780
v -0.6047373 0.9614372 1.5525458
v -0.7032924 0.9614372 1.5525458
v -0.7032924 0.9317149 1.5503780
v -0.7016785 1.0225188 1.3851617
v -0.7016785 1.0149975 1.4888005
v -0.6063519 1.0149975 1.4888005
v -0.6063519 1.0225188 1.3851617
v -0.7217603 0.9809062 1.3037224
v -0.5862695 0.9809062 1.3037224
v -0.5862695 0.9517872 1.3020081
v -0.7217603 0.9517872 1.3020081
v -0.6052848 0.9651035 1.5286140
v -0.7052812 0.9651035 1.5286140
v -0.6052848 0.9789981 1.3455479
v -0.6063519 1.0225188 1.3851617
v -0.6052848 0.9651035 1.5286140
v -0.5862695 0.9633998 1.5299565
v -0.5862695 0.9809062 1.3037224
v -0.7052812 0.9789981 1.3455479
v -0.7016785 1.0225188 1.3851617
v -0.6063519 1.0225188 1.3851617
v -0.6052848 0.9789981 1.3455479
v -0.7052812 0.9789981 1.3455479
v -0.6052848 0.9651035 1.5286140
v -0.7052812 0.9651035 1.5286140
v -0.5862695 0.9633998 1.5299565
v -0.5862695 0.9337347 1.5286028
v -0.5862695 0.9517872 1.3020081
v -0.5862695 0.9633998 1.5299565
v -0.6052848 0.9789981 1.3455479
v -0.5862695 0.9809062 1.3037224
v -0.7217603 0.9809062 1.3037224
v -0.7217227 0.9633998 1.5299565
v -0.7217603 0.9809062 1.3037224
v -0.7217603 0.9517872 1.3020081
v -0.7217227 0.9337347 1.5286028
v -0.7052812 0.9651035 1.5286140
v -0.7052812 0.9789981 1.3455479
v -0.7016785 1.0149975 1.4888005
v -0.7016785 1.0225188 1.3851617
v -0.7052812 0.9789981 1.3455479
v -0.7052812 0.9651035 1.5286140
v -0.7217227 0.9633998 1.5299565
v -0.5862695 0.9633998 1.5299565
v -0.6052848 0.9651035 1.5286140
v -0.5862695 0.9633998 1.5299565
v -0.6047373 0.9317149 1.5503780
v -0.5862695 0.9337347 1.5286028
v -0.5862695 0.9633998 1.5299565
v -0.7217227 0.9337347 1.5286028
v -0.7032924 0.9317149 1.5503780
v -0.7217227 0.9633998 1.5299565
v -0.5093127 0.3990257 1.8118228
v -0.5093127 0.3990257 1.6214001
v -0.5093127 0.3491295 1.6214001
v -0.5093127 0.3491295 1.8118228
v -0.2580333 0.3491295 1.8118228
v -0.2580333 0.3491295 1.6214003
v -0.2580333 0.3990257 1.6214003
v -0.2580333 0.3990257 1.8118228
v -0.2580333 0.3990257 1.8118228
v -0.5093127 0.3990257 1.8118228
v -0.5093127 0.3990257 1.6214001
v -0.2580333 0.3990257 1.6214003
v -0.3586273 0.3664277 1.1044753
v -0.3586272 0.3664277 0.8190672
v -0.3586272 0.3099894 0.8190672
v -0.3586273 0.3099894 1.1044753
v -0.0998534 0.3099894 1.1044753
v -0.0998533 0.3099894 0.8190672
v -0.0998533 0.3664277 0.8190672
v -0.0998534 0.3664277 1.1044753
v -0.0998534 0.3664277 1.1044753
v -0.3586273 0.3664277 1.1044753
v -0.7134970 0.9034355 -0.0937491
v -0.7091855 0.9505913 -0.0987950
v -0.7081754 0.9375008 -0.2413797
v -0.7123768 0.8922929 -0.2436053
v -0.7091855 0.9505913 -0.0987950
v -0.7134970 0.9034355 -0.0937491
v -0.6628244 0.9049519 -0.0947317
v -0.6743703 0.9513615 -0.0989205
v -0.6774844 0.9385796 -0.2414807
v -0.6628244 0.9049519 -0.0947317
v -0.6676528 0.8931914 -0.2440738
v -0.7081754 0.9375008 -0.2413797
v -0.6743703 0.9513615 -0.0989205
v -0.6676528 0.8931914 -0.2440738
v -0.7123768 0.8922929 -0.2436053
v -0.0849490 0.8557319 0.1192860
v -0.0489098 0.9310857 0.1536804
v 0.0489102 0.9310857 0.1536804
v 0.0876765 0.8557319 0.1166831
v -0.0849490 0.8557319 0.1192860
v -0.0428356 0.8765427 0.3106132
v 0.0428360 0.8765427 0.3106132
v 0.0876765 0.8557319 0.1166831
v -0.1840900 0.3089977 -2.1597504
v -0.1573264 0.2999291 -2.1665286
v -0.1462399 0.2761829 -2.1791064
v -0.1573264 0.2516707 -2.1901151
v -0.1840900 0.2407504 -2.1931064
v -0.2108544 0.2498197 -2.1863272
v -0.2219409 0.2735652 -2.1737503
v -0.1840900 0.3089977 -2.1597504
v -0.2108544 0.2980774 -2.1627420
v -0.1795884 0.2096219 -2.1513248
v -0.2131319 0.2209882 -2.1428296
v -0.1840900 0.2407504 -2.1931064
v -0.1460448 0.2233078 -2.1475766
v -0.1573264 0.2516707 -2.1901151
v -0.2270261 0.2507484 -2.1270660
v -0.2108544 0.2498197 -2.1863272
v -0.1321507 0.2540295 -2.1337793
v -0.1573264 0.2516707 -2.1901151
v -0.1462399 0.2761829 -2.1791064
v -0.2270261 0.2507484 -2.1270660
v -0.2131319 0.2814701 -2.1132693
v -0.2108544 0.2980774 -2.1627420
v -0.2219409 0.2735652 -2.1737503
v -0.1460448 0.2837897 -2.1180157
v -0.1321507 0.2540295 -2.1337793
v -0.1573264 0.2999291 -2.1665286
v -0.1460448 0.2837897 -2.1180157
v -0.1795884 0.2951560 -2.1095203
v -0.1840900 0.3089977 -2.1597504
v -0.2108544 0.2980774 -2.1627420
v -0.2131319 0.2814701 -2.1132693
v -0.1795884 0.2951560 -2.1095203
v -0.1573264 0.2999291 -2.1665286
v -0.1840900 0.3987395 -2.1158890
v -0.1573264 0.3896703 -2.1226675
v -0.1462399 0.3659248 -2.1352451
v -0.1573264 0.3414119 -2.1462540
v -0.1840900 0.3304923 -2.1492453
v -0.2108544 0.3395609 -2.1424661
v -0.2219409 0.3633064 -2.1298892
v -0.2108544 0.3878193 -2.1188806
v -0.1795884 0.2993631 -2.1074637
v -0.2131319 0.3107294 -2.0989682
v -0.2108544 0.3395609 -2.1424661
v -0.1840900 0.3304923 -2.1492453
v -0.1795884 0.2993631 -2.1074637
v -0.1460448 0.3130497 -2.1037155
v -0.1573264 0.3414119 -2.1462540
v -0.2270261 0.3404895 -2.0832047
v -0.1321507 0.3437707 -2.0899179
v -0.1462399 0.3659248 -2.1352451
v -0.2270261 0.3404895 -2.0832047
v -0.2131319 0.3712113 -2.0694080
v -0.2108544 0.3878193 -2.1188806
v -0.2219409 0.3633064 -2.1298892
v -0.1460448 0.3735308 -2.0741544
v -0.1462399 0.3659248 -2.1352451
v -0.1573264 0.3896703 -2.1226675
v -0.1795884 0.3848972 -2.0656589
v -0.1840900 0.3987395 -2.1158890
v -0.1840900 0.4871074 -2.0726990
v -0.1573264 0.4780381 -2.0794775
v -0.1462399 0.4542926 -2.0920551
v -0.1573264 0.4297804 -2.1030637
v -0.1840900 0.4188602 -2.1060547
v -0.2108544 0.4279294 -2.0992761
v -0.2219409 0.4516749 -2.0866992
v -0.2108545 0.4761871 -2.0756900
v -0.1795884 0.3877309 -2.0642737
v -0.2131319 0.3990972 -2.0557782
v -0.2108544 0.4279294 -2.0992761
v -0.1840900 0.4188602 -2.1060547
v -0.1795884 0.3877309 -2.0642737
v -0.1460448 0.4014175 -2.0605252
v -0.1573264 0.4297804 -2.1030637
v -0.2270261 0.4288580 -2.0400150
v -0.1321507 0.4321386 -2.0467279
v -0.1462399 0.4542926 -2.0920551
v -0.2270261 0.4288580 -2.0400150
v -0.2131319 0.4595791 -2.0262180
v -0.2108545 0.4761871 -2.0756900
v -0.2219409 0.4516749 -2.0866992
v -0.2270261 0.4288580 -2.0400150
v -0.1460449 0.4618994 -2.0309644
v -0.1462399 0.4542926 -2.0920551
v -0.1573264 0.4780381 -2.0794775
v -0.2131319 0.4595791 -2.0262180
v -0.1795884 0.4732650 -2.0224689
v -0.1840900 0.4871074 -2.0726990
v -0.2108545 0.4761871 -2.0756900
v -0.2131319 0.4595791 -2.0262180
v -0.1795884 0.4732650 -2.0224689
v -0.1670120 0.3784260 -2.5599686
v -0.1724669 0.3915977 -2.5589438
v -0.1710599 0.3919611 -2.6916751
v -0.1655959 0.3787556 -2.6989212
v -0.1670120 0.3784260 -2.5599686
v -0.1316077 0.2763091 -2.1441650
v -0.1316077 0.3566156 -2.2724100
v -0.1698542 0.3566156 -2.2724100
v -0.1870549 0.2763091 -2.1441650
v -0.1993955 0.2501451 -2.1580557
v -0.2051611 0.2613824 -2.1520895
v -0.1883476 0.3395567 -2.2804434
v -0.1827861 0.3271985 -2.2849863
v -0.1993955 0.2501451 -2.1580557
v -0.1717494 0.3616342 -2.3695111
v -0.1772365 0.3744602 -2.3664005
v -0.1744014 0.3866521 -2.4625589
v -0.1689417 0.3735898 -2.4645291
v -0.1316077 0.3732832 -2.7019241
v -0.1316077 0.3729613 -2.5604376
v -0.1538129 0.3729613 -2.5604376
v -0.1523946 0.3732832 -2.7019241
v -0.2000492 0.2722199 -2.1463358
v -0.1698542 0.3566156 -2.2724100
v -0.1829909 0.3517416 -2.2752341
v -0.2000492 0.2722199 -2.1463358
v -0.1586036 0.3924086 -2.3610928
v -0.1717915 0.3872076 -2.3629135
v -0.1829909 0.3517416 -2.2752341
v -0.1586036 0.3924086 -2.3610928
v -0.1557137 0.4050487 -2.4594193
v -0.1689220 0.3996829 -2.4604419
v -0.1316077 0.3729613 -2.5604376
v -0.1316077 0.3681482 -2.4651990
v -0.1557418 0.3681482 -2.4651990
v -0.1538129 0.3729613 -2.5604376
v -0.1316077 0.3729613 -2.5604376
v -0.1724669 0.3915977 -2.5589438
v -0.1669819 0.4047604 -2.5579630
v -0.1655861 0.4051651 -2.6844302
v -0.1710599 0.3919611 -2.6916751
v -0.1557137 0.4050487 -2.4594193
v -0.1537701 0.4102034 -2.5576019
v -0.1669819 0.4047604 -2.5579630
v -0.1523806 0.4106319 -2.6814304
v -0.1316077 0.3681482 -2.4651990
v -0.1316077 0.3562425 -2.3704230
v -0.1585432 0.3562425 -2.3704230
v -0.1557418 0.3681482 -2.4651990
v -0.1827861 0.3271985 -2.2849863
v -0.1883476 0.3395567 -2.2804434
v -0.1772365 0.3744602 -2.3664005
v -0.1717494 0.3616342 -2.3695111
v -0.1827861 0.3271985 -2.2849863
v -0.1744014 0.3866521 -2.4625589
v -0.1724669 0.3915977 -2.5589438
v -0.1316077 0.4102034 -2.5576019
v -0.1316077 0.4106319 -2.6814304
v -0.1523806 0.4106319 -2.6814304
v -0.1537701 0.4102034 -2.5576019
v -0.1316077 0.3566156 -2.2724100
v -0.1316077 0.3924086 -2.3610928
v -0.1586036 0.3924086 -2.3610928
v -0.1538129 0.3729613 -2.5604376
v -0.1670120 0.3784260 -2.5599686
v -0.1655959 0.3787556 -2.6989212
v -0.1523946 0.3732832 -2.7019241
v -0.1538129 0.3729613 -2.5604376
v -0.1316077 0.4050487 -2.4594193
v -0.1537701 0.4102034 -2.5576019
v -0.1557137 0.4050487 -2.4594193
v -0.2051611 0.2613824 -2.1520895
v -0.2000492 0.2722199 -2.1463358
v -0.1829909 0.3517416 -2.2752341
v -0.1883476 0.3395567 -2.2804434
v -0.2051611 0.2613824 -2.1520895
v -0.1316077 0.3924086 -2.3610928
v -0.1557137 0.4050487 -2.4594193
v -0.1586036 0.3924086 -2.3610928
v -0.1689417 0.3735898 -2.4645291
v -0.1744014 0.3866521 -2.4625589
v -0.1724669 0.3915977 -2.5589438
v -0.1689417 0.3735898 -2.4645291
v -0.1557418 0.3681482 -2.4651990
v -0.1538129 0.3729613 -2.5604376
v -0.1585432 0.3562425 -2.3704230
v -0.1717494 0.3616342 -2.3695111
v -0.1557418 0.3681482 -2.4651990
v -0.1585432 0.3562425 -2.3704230
v -0.1883476 0.3395567 -2.2804434
v -0.1829909 0.3517416 -2.2752341
v -0.1717915 0.3872076 -2.3629135
v -0.1772365 0.3744602 -2.3664005
v -0.1883476 0.3395567 -2.2804434
v -0.1717915 0.3872076 -2.3629135
v -0.1689220 0.3996829 -2.4604419
v -0.1695645 0.3219064 -2.2862021
v -0.1827861 0.3271985 -2.2849863
v -0.1717494 0.3616342 -2.3695111
v -0.1861304 0.2450908 -2.1607394
v -0.1993955 0.2501451 -2.1580557
v -0.1827861 0.3271985 -2.2849863
v -0.1861304 0.2450908 -2.1607394
v -0.1316077 0.3219064 -2.2862021
v -0.1316077 0.2450908 -2.1607394
v -0.1316077 0.3562425 -2.3704230
v -0.1316077 0.3219064 -2.2862021
v -0.2417359 0.2732152 1.0353442
v -0.2371129 0.2762670 1.0092320
v -0.2534460 0.1644272 0.9718988
v -0.2602742 0.1425874 0.9917368
v -0.2030202 0.0803415 0.9229503
v -0.1950199 0.1134417 0.9203586
v -0.1889289 0.1437300 0.9747227
v -0.1934193 0.1249715 0.9946625
v -0.2030202 0.0803415 0.9229503
v -0.2297832 0.0686813 0.9256563
v -0.2174384 0.1179630 1.0084206
v -0.1737581 0.2711131 1.0198459
v -0.1783810 0.2680612 1.0459587
v -0.1934193 0.1249715 0.9946625
v -0.1889289 0.1437300 0.9747227
v -0.1737581 0.2711131 1.0198459
v -0.2096387 0.1475520 0.9213853
v -0.2038443 0.1651420 0.9595947
v -0.1889289 0.1437300 0.9747227
v -0.2348993 0.3200996 1.0090329
v -0.2130967 0.3200217 0.9936320
v -0.2152879 0.2769151 0.9938760
v -0.2371129 0.2762670 1.0092320
v -0.2371129 0.2762670 1.0092320
v -0.2152879 0.2769151 0.9938760
v -0.2307322 0.1758876 0.9568179
v -0.2534460 0.1644272 0.9718988
v -0.2240232 0.3203415 1.0571419
v -0.2394247 0.3202321 1.0353400
v -0.2417359 0.2732152 1.0353442
v -0.2264487 0.2695482 1.0569176
v -0.1713880 0.3201543 1.0199596
v -0.1759142 0.3202868 1.0462665
v -0.1783810 0.2680612 1.0459587
v -0.1737581 0.2711131 1.0198459
v -0.1713880 0.3201543 1.0199596
v -0.2556231 0.0768499 0.9266586
v -0.2297832 0.0686813 0.9256563
v -0.2174384 0.1179630 1.0084206
v -0.2441621 0.1250045 1.0072505
v -0.2556231 0.0768499 0.9266586
v -0.2096387 0.1475520 0.9213853
v -0.2354590 0.1575106 0.9221121
v -0.2307322 0.1758876 0.9568179
v -0.2038443 0.1651420 0.9595947
v -0.2002061 0.2674131 1.0613139
v -0.1783810 0.2680612 1.0459587
v -0.1977161 0.3203647 1.0616681
v -0.2698814 0.1120074 0.9261452
v -0.2556231 0.0768499 0.9266586
v -0.2602742 0.1425874 0.9917368
v -0.2130967 0.3200217 0.9936320
v -0.1867896 0.3200448 0.9981575
v -0.1890453 0.2747800 0.9982726
v -0.2152879 0.2769151 0.9938760
v -0.2130967 0.3200217 0.9936320
v -0.2174384 0.1179630 1.0084206
v -0.1934193 0.1249715 0.9946625
v -0.1783810 0.2680612 1.0459587
v -0.2354590 0.1575106 0.9221121
v -0.2579532 0.1458707 0.9255357
v -0.2534460 0.1644272 0.9718988
v -0.2307322 0.1758876 0.9568179
v -0.2152879 0.2769151 0.9938760
v -0.1890453 0.2747800 0.9982726
v -0.2038443 0.1651420 0.9595947
v -0.2307322 0.1758876 0.9568179
v -0.2394247 0.3202321 1.0353400
v -0.2348993 0.3200996 1.0090329
v -0.2371129 0.2762670 1.0092320
v -0.2417359 0.2732152 1.0353442
v -0.2579532 0.1458707 0.9255357
v -0.2698814 0.1120074 0.9261452
v -0.2534460 0.1644272 0.9718988
v -0.1890453 0.2747800 0.9982726
v -0.1889289 0.1437300 0.9747227
v -0.2038443 0.1651420 0.9595947
v -0.1890453 0.2747800 0.9982726
v -0.1867896 0.3200448 0.9981575
v -0.1713880 0.3201543 1.0199596
v -0.1890453 0.2747800 0.9982726
v -0.2264487 0.2695482 1.0569176
v -0.2417359 0.2732152 1.0353442
v -0.2602742 0.1425874 0.9917368
v -0.2441621 0.1250045 1.0072505
v -0.2002061 0.2674131 1.0613139
v -0.2264487 0.2695482 1.0569176
v -0.2174384 0.1179630 1.0084206
v -0.2002061 0.2674131 1.0613139
v -0.1977161 0.3203647 1.0616681
v -0.2240232 0.3203415 1.0571419
v -0.1679828 0.4671130 -2.5203873
v -0.1734370 0.4802847 -2.5193625
v -0.1720299 0.4806480 -2.6430096
v -0.1665659 0.4674419 -2.6502567
v -0.1679828 0.4671130 -2.5203873
v -0.1313805 0.3661710 -2.1051181
v -0.1316077 0.4307701 -2.2278397
v -0.1815902 0.4307701 -2.2278397
v -0.1858604 0.3661710 -2.1051181
v -0.1982010 0.3400069 -2.1190097
v -0.2039666 0.3512442 -2.1130435
v -0.2000835 0.4137111 -2.2358731
v -0.1945221 0.4013530 -2.2404160
v -0.1982010 0.3400069 -2.1190097
v -0.1727145 0.4473290 -2.3307016
v -0.1782024 0.4601556 -2.3275906
v -0.1753715 0.4753391 -2.4229776
v -0.1699124 0.4622767 -2.4249478
v -0.1316077 0.4619702 -2.6532596
v -0.1316077 0.4616483 -2.5208566
v -0.1547836 0.4616483 -2.5208566
v -0.1533654 0.4619702 -2.6532596
v -0.1988547 0.3620818 -2.1072897
v -0.1858604 0.3661710 -2.1051181
v -0.1815902 0.4307701 -2.2278397
v -0.1947269 0.4258960 -2.2306635
v -0.1595687 0.4781040 -2.3222830
v -0.1727573 0.4729024 -2.3241040
v -0.1947269 0.4258960 -2.2306635
v -0.1566838 0.4937357 -2.4198380
v -0.1698920 0.4883692 -2.4208609
v -0.1727573 0.4729024 -2.3241040
v -0.1316077 0.4568352 -2.4256168
v -0.1567126 0.4568352 -2.4256168
v -0.1734370 0.4802847 -2.5193625
v -0.1679527 0.4934474 -2.5183817
v -0.1665561 0.4938521 -2.6357651
v -0.1720299 0.4806480 -2.6430096
v -0.1698920 0.4883692 -2.4208609
v -0.1566838 0.4937357 -2.4198380
v -0.1547409 0.4988903 -2.5180206
v -0.1679527 0.4934474 -2.5183817
v -0.1533514 0.4993189 -2.6327652
v -0.1316077 0.4419373 -2.3316135
v -0.1595084 0.4419373 -2.3316135
v -0.1567126 0.4568352 -2.4256168
v -0.2000835 0.4137111 -2.2358731
v -0.1782024 0.4601556 -2.3275906
v -0.1727145 0.4473290 -2.3307016
v -0.1753715 0.4753391 -2.4229776
v -0.1698920 0.4883692 -2.4208609
v -0.1679527 0.4934474 -2.5183817
v -0.1734370 0.4802847 -2.5193625
v -0.1753715 0.4753391 -2.4229776
v -0.1316077 0.4988903 -2.5180206
v -0.1316077 0.4993189 -2.6327652
v -0.1533514 0.4993189 -2.6327652
v -0.1547409 0.4988903 -2.5180206
v -0.1316077 0.4307701 -2.2278397
v -0.1316077 0.4781040 -2.3222830
v -0.1595687 0.4781040 -2.3222830
v -0.1815902 0.4307701 -2.2278397
v -0.1547836 0.4616483 -2.5208566
v -0.1679828 0.4671130 -2.5203873
v -0.1665659 0.4674419 -2.6502567
v -0.1533654 0.4619702 -2.6532596
v -0.1547836 0.4616483 -2.5208566
v -0.1316077 0.4937357 -2.4198380
v -0.1316077 0.4988903 -2.5180206
v -0.1547409 0.4988903 -2.5180206
v -0.1566838 0.4937357 -2.4198380
v -0.2039666 0.3512442 -2.1130435
v -0.1988547 0.3620818 -2.1072897
v -0.2000835 0.4137111 -2.2358731
v -0.1316077 0.4781040 -2.3222830
v -0.1316077 0.4937357 -2.4198380
v -0.1566838 0.4937357 -2.4198380
v -0.1316077 0.4781040 -2.3222830
v -0.1699124 0.4622767 -2.4249478
v -0.1753715 0.4753391 -2.4229776
v -0.1679828 0.4671130 -2.5203873
v -0.1699124 0.4622767 -2.4249478
v -0.1567126 0.4568352 -2.4256168
v -0.1679828 0.4671130 -2.5203873
v -0.1547836 0.4616483 -2.5208566
v -0.1567126 0.4568352 -2.4256168
v -0.1727145 0.4473290 -2.3307016
v -0.1727573 0.4729024 -2.3241040
v -0.1782024 0.4601556 -2.3275906
v -0.2000835 0.4137111 -2.2358731
v -0.1698920 0.4883692 -2.4208609
v -0.1753715 0.4753391 -2.4229776
v -0.1782024 0.4601556 -2.3275906
v -0.1813005 0.3960601 -2.2416315
v -0.1945221 0.4013530 -2.2404160
v -0.1727145 0.4473290 -2.3307016
v -0.1849359 0.3349526 -2.1216925
v -0.1982010 0.3400069 -2.1190097
v -0.1945221 0.4013530 -2.2404160
v -0.1849359 0.3349526 -2.1216925
v -0.1316077 0.3960601 -2.2416315
v -0.1313805 0.3349526 -2.1216925
v -0.1316077 0.4419373 -2.3316135
v -0.1316077 0.3960601 -2.2416315
v -0.1683679 0.5334165 -2.4529227
v -0.1738228 0.5465883 -2.4518979
v -0.1712920 0.5508676 -2.6044785
v -0.1658281 0.5376622 -2.6117249
v -0.1683679 0.5334165 -2.4529227
v -0.1228619 0.4630897 -2.0641187
v -0.1316077 0.4985971 -2.1629794
v -0.1785243 0.4985971 -2.1629794
v -0.1883287 0.4630897 -2.0641187
v -0.2006700 0.4369250 -2.0780093
v -0.2064349 0.4481630 -2.0720432
v -0.1970177 0.4815388 -2.1710129
v -0.1914562 0.4691800 -2.1755557
v -0.1802470 0.5059921 -2.2661740
v -0.1857349 0.5188181 -2.2630637
v -0.1779948 0.5390748 -2.3563821
v -0.1725349 0.5260131 -2.3583524
v -0.1316077 0.5321898 -2.6147275
v -0.1316077 0.5279519 -2.4533920
v -0.1551694 0.5279519 -2.4533920
v -0.1526276 0.5321898 -2.6147275
v -0.2013230 0.4590004 -2.0662894
v -0.1883287 0.4630897 -2.0641187
v -0.1785243 0.4985971 -2.1629794
v -0.1916611 0.4937238 -2.1658035
v -0.2013230 0.4590004 -2.0662894
v -0.1785243 0.4985971 -2.1629794
v -0.1671011 0.5367664 -2.2577554
v -0.1802891 0.5315655 -2.2595761
v -0.1593071 0.5574714 -2.3532425
v -0.1725153 0.5521056 -2.3542654
v -0.1316077 0.5279519 -2.4533920
v -0.1316077 0.5205709 -2.3590216
v -0.1593352 0.5205709 -2.3590216
v -0.1551694 0.5279519 -2.4533920
v -0.1316077 0.5279519 -2.4533920
v -0.1738228 0.5465883 -2.4518979
v -0.1683384 0.5597509 -2.4509177
v -0.1658183 0.5640717 -2.5972330
v -0.1712920 0.5508676 -2.6044785
v -0.1593071 0.5574714 -2.3532425
v -0.1551266 0.5651939 -2.4505563
v -0.1683384 0.5597509 -2.4509177
v -0.1526128 0.5695384 -2.5942337
v -0.1316077 0.5205709 -2.3590216
v -0.1316077 0.5006004 -2.2670856
v -0.1670409 0.5006004 -2.2670856
v -0.1593352 0.5205709 -2.3590216
v -0.1914562 0.4691800 -2.1755557
v -0.1970177 0.4815388 -2.1710129
v -0.1857349 0.5188181 -2.2630637
v -0.1802470 0.5059921 -2.2661740
v -0.1779948 0.5390748 -2.3563821
v -0.1738228 0.5465883 -2.4518979
v -0.1316077 0.5651939 -2.4505563
v -0.1316077 0.5695384 -2.5942337
v -0.1526128 0.5695384 -2.5942337
v -0.1551266 0.5651939 -2.4505563
v -0.1316077 0.4985971 -2.1629794
v -0.1316077 0.5367664 -2.2577554
v -0.1671011 0.5367664 -2.2577554
v -0.1785243 0.4985971 -2.1629794
v -0.1551694 0.5279519 -2.4533920
v -0.1683679 0.5334165 -2.4529227
v -0.1658281 0.5376622 -2.6117249
v -0.1526276 0.5321898 -2.6147275
v -0.1316077 0.5574714 -2.3532425
v -0.1551266 0.5651939 -2.4505563
v -0.1593071 0.5574714 -2.3532425
v -0.2064349 0.4481630 -2.0720432
v -0.2013230 0.4590004 -2.0662894
v -0.1916611 0.4937238 -2.1658035
v -0.1970177 0.4815388 -2.1710129
v -0.2064349 0.4481630 -2.0720432
v -0.1316077 0.5367664 -2.2577554
v -0.1593071 0.5574714 -2.3532425
v -0.1671011 0.5367664 -2.2577554
v -0.1725349 0.5260131 -2.3583524
v -0.1779948 0.5390748 -2.3563821
v -0.1738228 0.5465883 -2.4518979
v -0.1683679 0.5334165 -2.4529227
v -0.1725349 0.5260131 -2.3583524
v -0.1593352 0.5205709 -2.3590216
v -0.1670409 0.5006004 -2.2670856
v -0.1802470 0.5059921 -2.2661740
v -0.1725349 0.5260131 -2.3583524
v -0.1670409 0.5006004 -2.2670856
v -0.1970177 0.4815388 -2.1710129
v -0.1916611 0.4937238 -2.1658035
v -0.1802891 0.5315655 -2.2595761
v -0.1857349 0.5188181 -2.2630637
v -0.1970177 0.4815388 -2.1710129
v -0.1802891 0.5315655 -2.2595761
v -0.1725153 0.5521056 -2.3542654
v -0.1782339 0.4638879 -2.1767715
v -0.1914562 0.4691800 -2.1755557
v -0.1802470 0.5059921 -2.2661740
v -0.1874049 0.4318706 -2.0806931
v -0.2006700 0.4369250 -2.0780093
v -0.1914562 0.4691800 -2.1755557
v -0.1874049 0.4318706 -2.0806931
v -0.1316077 0.4638879 -2.1767715
v -0.1228619 0.4318706 -2.0806931
v -0.1316077 0.5006004 -2.2670856
v -0.1316077 0.4638879 -2.1767715
v 0.1036973 0.1638815 -3.4670065
v 0.1036972 0.1638815 -3.3637784
v -0.1036957 0.1638815 -3.3637784
v -0.1036956 0.1638815 -3.4670065
v 0.1149576 0.3707974 -2.6708249
v 0.1036971 0.1638815 -2.7878958
v 0.1870520 0.1638815 -2.8209995
v 0.1870520 0.3707974 -2.7054129
v 0.1149576 0.3707974 -2.6708249
v -0.1036956 0.2306599 -3.6613083
v 0.1036973 0.2306599 -3.6613083
v 0.1036973 0.1638815 -3.4670065
v -0.1036956 0.1638815 -3.4670065
v 0.1509764 0.3707974 -3.2616861
v 0.1149576 0.7717717 -3.0468878
v 0.1149577 0.3707974 -3.2616861
v 0.1509764 0.3707974 -2.9753946
v 0.1149576 0.7717717 -2.7613834
v 0.1149576 0.3707974 -2.9753946
v 0.1149576 0.3707974 -2.7658679
v 0.1870520 0.3707974 -2.7658679
v 0.1509764 0.3707974 -2.9753946
v 0.1149576 0.3707974 -2.9753946
v 0.1554697 0.3707974 -3.5763058
v 0.1870521 0.3707974 -3.3426859
v 0.1870521 0.1638815 -3.4670065
v 0.1554697 0.2306599 -3.6613083
v 0.1870520 0.3707974 -2.7658679
v 0.1870520 0.1638815 -2.8918948
v 0.1500610 0.2306599 -3.0525482
v 0.1870520 0.3707974 -2.7054129
v 0.1870519 0.7717717 -2.5374966
v 0.1870519 0.7717717 -2.4768640
v 0.1870520 0.3707974 -2.7054129
v 0.1149575 0.7717717 -2.5374966
v 0.1870519 0.7717717 -2.5374966
v 0.1870520 0.3707974 -2.7658679
v 0.1149576 0.3707974 -2.7658679
v 0.1149575 0.7717717 -2.5374966
v 0.1509764 0.3707974 -3.2616861
v 0.1870520 0.3707974 -3.0559943
v 0.1870520 0.1638815 -3.1790317
v 0.1500611 0.2306599 -3.3359946
v 0.1870520 0.3707974 -2.9899319
v 0.1870520 0.3707974 -3.0559943
v 0.1870520 0.7717717 -2.8276236
v 0.1870520 0.7717717 -2.7613834
v 0.1149576 0.3707974 -2.6708249
v 0.1870520 0.3707974 -2.7054129
v 0.1149575 0.7717717 -2.4422760
v 0.1149576 0.7717717 -2.7613834
v 0.1870520 0.1638815 -2.8209995
v 0.1870520 0.1638815 -2.8918948
v 0.1870520 0.3707974 -2.7658679
v 0.1149576 0.7717717 -2.8276236
v 0.1870520 0.7717717 -2.8276236
v 0.1870520 0.3707974 -3.0559943
v 0.1149576 0.3707974 -3.0559943
v 0.1036972 0.2306599 -3.0393668
v 0.1500610 0.2306599 -3.0525482
v 0.1870520 0.1638815 -2.8918948
v 0.1036971 0.1638815 -2.8918948
v 0.1870520 0.1638815 -3.1055188
v 0.1870520 0.3707974 -3.0559943
v 0.1870520 0.3707974 -2.9899319
v 0.1870520 0.1638815 -3.1055188
v 0.1870521 0.1638815 -3.3910233
v 0.1870521 0.1638815 -3.4670065
v 0.1870521 0.3707974 -3.3426859
v 0.1870521 0.3707974 -3.2754367
v 0.1870521 0.1638815 -3.3910233
v 0.1149577 0.7717717 -3.1143149
v 0.1870520 0.7717717 -3.1143149
v 0.1870521 0.3707974 -3.3426859
v 0.1149577 0.3707974 -3.3426859
v 0.1036973 0.2306599 -3.6613083
v 0.1554697 0.2306599 -3.6613083
v 0.1036973 0.1638815 -3.4670065
v 0.1870520 0.1638815 -3.1055188
v 0.1870520 0.3707974 -2.9899319
v 0.1509764 0.3707974 -2.9753946
v 0.1500610 0.2306599 -3.0525482
v 0.1500611 0.2306599 -3.3359946
v 0.1870521 0.1638815 -3.3910233
v 0.1870521 0.3707974 -3.2754367
v 0.1509764 0.3707974 -3.2616861
v 0.1500611 0.2306599 -3.3359946
v 0.1149576 0.3707974 -3.0559943
v 0.1149577 0.3707974 -3.2616861
v 0.1149577 0.3707974 -3.3426859
v 0.1870521 0.3707974 -3.3426859
v 0.1554697 0.3707974 -3.5763058
v 0.1149577 0.3707974 -3.5763058
v 0.1036972 0.2306599 -3.3228128
v 0.1500611 0.2306599 -3.3359946
v 0.1870520 0.1638815 -3.1790317
v 0.1036972 0.1638815 -3.1790317
v 0.1870521 0.3707974 -3.2754367
v 0.1870521 0.3707974 -3.3426859
v 0.1870520 0.7717717 -3.1143149
v 0.1870520 0.7717717 -3.0468878
v 0.1870521 0.3707974 -3.2754367
v 0.1149576 0.7717717 -3.0468878
v 0.1036972 0.1638815 -3.1790317
v 0.1870520 0.1638815 -3.1790317
v 0.1870520 0.1638815 -3.1055188
v 0.1036972 0.1638815 -3.0769724
v 0.1500610 0.2306599 -3.0525482
v 0.1036972 0.2306599 -3.0393668
v 0.1036971 0.1638815 -2.8918948
v 0.1870520 0.1638815 -2.8918948
v 0.1870520 0.1638815 -2.8209995
v 0.1036971 0.1638815 -2.7878958
v 0.1036972 0.1638815 -3.3637784
v 0.1870521 0.1638815 -3.3910233
v 0.1500611 0.2306599 -3.3359946
v 0.1036972 0.2306599 -3.3228128
v 0.1036973 0.1638815 -3.4670065
v 0.1870521 0.1638815 -3.4670065
v -0.1036957 0.1638815 -3.1790317
v -0.1036957 0.2306599 -3.3228128
v 0.1036972 0.2306599 -3.3228128
v 0.1036972 0.1638815 -3.1790317
v -0.1036957 0.1638815 -3.3637784
v 0.1036972 0.1638815 -3.3637784
v -0.1036957 0.2306599 -3.3228128
v 0.1036972 0.1638815 -3.0769724
v 0.1036972 0.2306599 -3.0393668
v -0.1036957 0.2306599 -3.0393668
v -0.1036957 0.1638815 -3.0769724
v 0.1036972 0.1638815 -3.1790317
v 0.1036971 0.1638815 -2.8918948
v 0.1036971 0.1638815 -2.7878958
v -0.1036958 0.1638815 -2.7878958
v -0.1036958 0.1638815 -2.8918948
v -0.1036957 0.2306599 -3.0393668
v 0.1149576 0.3707974 -2.6708249
v -0.1149562 0.3707974 -2.6708249
v -0.1036956 0.1638815 -3.4670065
v -0.1036957 0.1638815 -3.3637784
v -0.1870505 0.1638815 -3.3910233
v -0.1870505 0.1638815 -3.4670065
v -0.1149562 0.3707974 -2.6708249
v -0.1870506 0.3707974 -2.7054129
v -0.1870506 0.1638815 -2.8209995
v -0.1036958 0.1638815 -2.7878958
v -0.1036957 0.2306599 -3.3228128
v -0.1500595 0.2306599 -3.3359946
v -0.1149561 0.3707974 -3.2616861
v -0.1149561 0.7717717 -3.0468878
v -0.1509749 0.3707974 -3.2616861
v -0.1149561 0.3707974 -2.9753946
v -0.1149562 0.7717717 -2.7613834
v -0.1509750 0.3707974 -2.9753946
v -0.1149562 0.3707974 -2.7658679
v -0.1149561 0.3707974 -2.9753946
v -0.1509750 0.3707974 -2.9753946
v -0.1870506 0.3707974 -2.7658679
v -0.1554681 0.3707974 -3.5763058
v -0.1554681 0.2306599 -3.6613083
v -0.1870505 0.3707974 -3.3426859
v -0.1500596 0.2306599 -3.0525482
v -0.1870506 0.1638815 -2.8918948
v -0.1870506 0.3707974 -2.7658679
v -0.1870506 0.7717717 -2.4768640
v -0.1870506 0.7717717 -2.5374966
v -0.1149562 0.7717717 -2.5374966
v -0.1149562 0.3707974 -2.7658679
v -0.1870506 0.3707974 -2.7658679
v -0.1870506 0.7717717 -2.5374966
v -0.1509749 0.3707974 -3.2616861
v -0.1500595 0.2306599 -3.3359946
v -0.1870505 0.1638815 -3.1790317
v -0.1870506 0.3707974 -3.0559943
v -0.1870506 0.3707974 -2.9899319
v -0.1870506 0.7717717 -2.7613834
v -0.1870506 0.7717717 -2.8276236
v -0.1149562 0.3707974 -2.6708249
v -0.1149562 0.7717717 -2.4422760
v -0.1149562 0.7717717 -2.7613834
v -0.1870506 0.3707974 -2.7658679
v -0.1149562 0.7717717 -2.8276236
v -0.1149561 0.3707974 -3.0559943
v -0.1870506 0.3707974 -3.0559943
v -0.1870506 0.7717717 -2.8276236
v -0.1036957 0.2306599 -3.0393668
v -0.1036958 0.1638815 -2.8918948
v -0.1870506 0.1638815 -2.8918948
v -0.1870506 0.1638815 -3.1055188
v -0.1870505 0.1638815 -3.3910233
v -0.1870505 0.3707974 -3.2754367
v -0.1149561 0.7717717 -3.1143149
v -0.1149561 0.3707974 -3.3426859
v -0.1870505 0.3707974 -3.3426859
v -0.1870506 0.7717717 -3.1143149
v -0.1036956 0.2306599 -3.6613083
v -0.1036956 0.1638815 -3.4670065
v -0.1554681 0.2306599 -3.6613083
v -0.1870506 0.1638815 -3.1055188
v -0.1500596 0.2306599 -3.0525482
v -0.1509750 0.3707974 -2.9753946
v -0.1500595 0.2306599 -3.3359946
v -0.1509749 0.3707974 -3.2616861
v -0.1870505 0.1638815 -3.3910233
v -0.1149561 0.3707974 -3.0559943
v -0.1149561 0.3707974 -3.2616861
v -0.1870506 0.3707974 -3.0559943
v -0.1149561 0.3707974 -3.3426859
v -0.1149561 0.3707974 -3.5763058
v -0.1554681 0.3707974 -3.5763058
v -0.1870505 0.3707974 -3.3426859
v -0.1036957 0.2306599 -3.3228128
v -0.1036957 0.1638815 -3.1790317
v -0.1870505 0.1638815 -3.1790317
v -0.1500595 0.2306599 -3.3359946
v -0.1870506 0.7717717 -3.0468878
v -0.1870506 0.7717717 -3.1143149
v -0.1149561 0.7717717 -3.0468878
v -0.1870506 0.7717717 -3.0468878
v -0.1036957 0.1638815 -3.1790317
v -0.1036957 0.1638815 -3.0769724
v -0.1036957 0.2306599 -3.0393668
v -0.1500596 0.2306599 -3.0525482
v -0.1036958 0.1638815 -2.8918948
v -0.1036958 0.1638815 -2.7878958
v -0.1870506 0.1638815 -2.8918948
v 0.2506052 0.5095637 -1.5937497
v 0.2953094 0.5095637 -1.5937497
v 0.2349750 0.7925524 -1.7305415
v 0.2092178 0.8088973 -1.7381612
v 0.2506052 0.5095637 -1.5937497
v 0.2092178 0.8088973 -1.9132700
v 0.2332671 0.2000511 -2.1713516
v -0.2332659 0.2000511 -2.1713516
v -0.2092167 0.8088973 -1.9132700
v 0.2558475 0.1781707 -2.1298260
v 0.2738127 0.1781707 -1.6682886
v 0.2592879 0.1568443 -1.6742801
v 0.2346180 0.1568443 -2.1470505
v 0.2534102 0.2130076 -2.1475821
v 0.2349750 0.7925524 -1.8999902
v 0.2349750 0.7925524 -1.7305415
v 0.2953094 0.5095637 -1.5937497
v -0.2092167 0.8088973 -1.9132700
v -0.2092167 0.8088973 -1.7381612
v 0.2092178 0.8088973 -1.7381612
v 0.2092178 0.8088973 -1.9132700
v 0.2534102 0.2130076 -2.1475821
v 0.2332671 0.2000511 -2.1713516
v 0.2092178 0.8088973 -1.9132700
v 0.2349750 0.7925524 -1.8999902
v 0.2092178 0.8088973 -1.7381612
v 0.2092178 0.8088973 -1.9132700
v 0.2953094 0.5095637 -1.5937497
v 0.2998616 0.4434853 -1.5937497
v 0.2558475 0.1781707 -2.1298260
v 0.2534102 0.2130076 -2.1475821
v 0.2332671 0.2000511 -2.1713516
v 0.2346180 0.1568443 -2.1470505
v -0.2346169 0.1568443 -2.1470505
v -0.2332659 0.2000511 -2.1713516
v 0.2346180 0.1568443 -2.1470505
v 0.2332671 0.2000511 -2.1713516
v 0.2534102 0.2130076 -2.1475821
v 0.2998616 0.4434853 -1.5937497
v 0.2738127 0.1781707 -1.6682886
v -0.2592869 0.1568443 -1.6742801
v 0.2346180 0.1568443 -2.1470505
v 0.2592879 0.1568443 -1.6742801
v -0.2506041 0.5095637 -1.5937497
v -0.2092167 0.8088973 -1.7381612
v -0.2349739 0.7925524 -1.7305418
v -0.2953085 0.5095637 -1.5937497
v -0.2506041 0.5095637 -1.5937497
v -0.2558464 0.1781707 -2.1298260
v -0.2738116 0.1781707 -1.6682886
v -0.2998607 0.4434853 -1.5937497
v -0.2346169 0.1568443 -2.1470505
v -0.2592869 0.1568443 -1.6742801
v -0.2738116 0.1781707 -1.6682886
v -0.2534090 0.2130076 -2.1475821
v -0.2349739 0.7925524 -1.7305418
v -0.2349739 0.7925524 -1.8999902
v -0.2346169 0.1568443 -2.1470505
v -0.2558464 0.1781707 -2.1298260
v -0.2332659 0.2000511 -2.1713516
v -0.2346169 0.1568443 -2.1470505
v -0.2092167 0.8088973 -1.9132700
v -0.2332659 0.2000511 -2.1713516
v -0.2092167 0.8088973 -1.7381612
v -0.2092167 0.8088973 -1.9132700
v -0.2349739 0.7925524 -1.8999902
v -0.2349739 0.7925524 -1.7305418
v -0.2092167 0.8088973 -1.7381612
v -0.2998607 0.4434853 -1.5937497
v 0.1710612 0.3919611 -2.6916751
v 0.1724683 0.3915977 -2.5589438
v 0.1670134 0.3784260 -2.5599686
v 0.1655972 0.3787556 -2.6989212
v 0.1698554 0.3566156 -2.2724100
v 0.1316090 0.3566156 -2.2724100
v 0.1316089 0.2763091 -2.1441650
v 0.1870561 0.2763091 -2.1441650
v 0.1883488 0.3395567 -2.2804434
v 0.2051623 0.2613824 -2.1520895
v 0.1993967 0.2501451 -2.1580557
v 0.1827873 0.3271985 -2.2849863
v 0.1883488 0.3395567 -2.2804434
v 0.1744027 0.3866521 -2.4625589
v 0.1772378 0.3744602 -2.3664005
v 0.1717506 0.3616342 -2.3695111
v 0.1689429 0.3735898 -2.4645291
v 0.1538142 0.3729613 -2.5604376
v 0.1316090 0.3729613 -2.5604376
v 0.1316090 0.3732832 -2.7019241
v 0.1523960 0.3732832 -2.7019241
v 0.1698554 0.3566156 -2.2724100
v 0.1870561 0.2763091 -2.1441650
v 0.2000504 0.2722199 -2.1463358
v 0.1829921 0.3517416 -2.2752341
v 0.1586048 0.3924086 -2.3610928
v 0.1717928 0.3872076 -2.3629135
v 0.1557150 0.4050487 -2.4594193
v 0.1689233 0.3996829 -2.4604419
v 0.1557431 0.3681482 -2.4651990
v 0.1316090 0.3681482 -2.4651990
v 0.1655875 0.4051651 -2.6844302
v 0.1669832 0.4047604 -2.5579630
v 0.1724683 0.3915977 -2.5589438
v 0.1537714 0.4102034 -2.5576019
v 0.1689233 0.3996829 -2.4604419
v 0.1669832 0.4047604 -2.5579630
v 0.1537714 0.4102034 -2.5576019
v 0.1523820 0.4106319 -2.6814304
v 0.1669832 0.4047604 -2.5579630
v 0.1585445 0.3562425 -2.3704230
v 0.1316090 0.3562425 -2.3704230
v 0.1316090 0.3681482 -2.4651990
v 0.1557431 0.3681482 -2.4651990
v 0.1585445 0.3562425 -2.3704230
v 0.1772378 0.3744602 -2.3664005
v 0.1883488 0.3395567 -2.2804434
v 0.1827873 0.3271985 -2.2849863
v 0.1717506 0.3616342 -2.3695111
v 0.1744027 0.3866521 -2.4625589
v 0.1724683 0.3915977 -2.5589438
v 0.1523820 0.4106319 -2.6814304
v 0.1316090 0.4106319 -2.6814304
v 0.1316090 0.4102034 -2.5576019
v 0.1537714 0.4102034 -2.5576019
v 0.1586048 0.3924086 -2.3610928
v 0.1316090 0.3924086 -2.3610928
v 0.1316090 0.3566156 -2.2724100
v 0.1698554 0.3566156 -2.2724100
v 0.1655972 0.3787556 -2.6989212
v 0.1670134 0.3784260 -2.5599686
v 0.1523960 0.3732832 -2.7019241
v 0.1537714 0.4102034 -2.5576019
v 0.1316090 0.4102034 -2.5576019
v 0.1316090 0.4050487 -2.4594193
v 0.1557150 0.4050487 -2.4594193
v 0.1829921 0.3517416 -2.2752341
v 0.2000504 0.2722199 -2.1463358
v 0.2051623 0.2613824 -2.1520895
v 0.1883488 0.3395567 -2.2804434
v 0.1557150 0.4050487 -2.4594193
v 0.1316090 0.4050487 -2.4594193
v 0.1316090 0.3924086 -2.3610928
v 0.1586048 0.3924086 -2.3610928
v 0.1724683 0.3915977 -2.5589438
v 0.1744027 0.3866521 -2.4625589
v 0.1689429 0.3735898 -2.4645291
v 0.1557431 0.3681482 -2.4651990
v 0.1717506 0.3616342 -2.3695111
v 0.1585445 0.3562425 -2.3704230
v 0.1557431 0.3681482 -2.4651990
v 0.1717928 0.3872076 -2.3629135
v 0.1829921 0.3517416 -2.2752341
v 0.1883488 0.3395567 -2.2804434
v 0.1772378 0.3744602 -2.3664005
v 0.1717928 0.3872076 -2.3629135
v 0.1744027 0.3866521 -2.4625589
v 0.1827873 0.3271985 -2.2849863
v 0.1695657 0.3219064 -2.2862021
v 0.1585445 0.3562425 -2.3704230
v 0.1827873 0.3271985 -2.2849863
v 0.1993967 0.2501451 -2.1580557
v 0.1861316 0.2450908 -2.1607394
v 0.1316089 0.2450908 -2.1607394
v 0.1316090 0.3219064 -2.2862021
v 0.1695657 0.3219064 -2.2862021
v 0.1316090 0.3562425 -2.3704230
v 0.1585445 0.3562425 -2.3704230
v 0.1695657 0.3219064 -2.2862021
v -0.4617706 0.3133183 -1.5550453
v -0.4618225 0.3271775 -1.5184689
v -0.3691929 0.3395959 -1.4950713
v -0.3530219 0.3277568 -1.5286603
v -0.4617706 0.3133183 -1.5550453
v -0.5868474 0.2770765 -1.4721078
v -0.5613455 0.2981314 -1.4512219
v -0.4618225 0.3271775 -1.5184689
v -0.4617706 0.3133183 -1.5550453
v -0.6521543 0.2024479 -1.2815474
v -0.6480342 0.2410240 -1.2765674
v -0.5890968 0.2397278 -1.4835057
v -0.5868474 0.2770765 -1.4721078
v -0.6480342 0.2410240 -1.2765674
v -0.6176989 0.2651469 -1.2712984
v -0.5613455 0.2981314 -1.4512219
v -0.5868474 0.2770765 -1.4721078
v -0.6561559 0.2147807 -1.0496480
v -0.6521543 0.2024479 -1.2815474
v -0.6603286 0.1759338 -1.0514975
v -0.6493207 0.1593034 -0.7713734
v -0.6452097 0.1981966 -0.7707779
v -0.6480342 0.2410240 -1.2765674
v -0.6257217 0.2393491 -1.0494228
v -0.6176989 0.2651469 -1.2712984
v -0.6480342 0.2410240 -1.2765674
v -0.6276456 0.1720158 -1.2833212
v -0.5888661 0.1675548 -1.2808488
v -0.5969267 0.1414631 -1.0554199
v -0.6357947 0.1455649 -1.0538887
v -0.6276456 0.1720158 -1.2833212
v -0.5667751 0.2079638 -1.4787396
v -0.5329588 0.2003920 -1.4606012
v -0.6276456 0.1720158 -1.2833212
v -0.5544107 0.2302538 -1.2705997
v -0.5585308 0.1916777 -1.2755798
v -0.5074569 0.2214470 -1.4397153
v -0.5052075 0.2587956 -1.4283167
v -0.5868474 0.2770765 -1.4721078
v -0.4617706 0.3133183 -1.5550453
v -0.4564848 0.2781279 -1.5712802
v -0.5859595 0.1248649 -0.7761423
v -0.6247784 0.1289289 -0.7735948
v -0.6357947 0.1455649 -1.0538887
v -0.5969267 0.1414631 -1.0554199
v -0.5623206 0.2048782 -1.0533450
v -0.5664926 0.1660313 -1.0551947
v -0.5544107 0.2302538 -1.2705997
v -0.6176989 0.2651469 -1.2712984
v -0.6257217 0.2393491 -1.0494228
v -0.5868538 0.2352472 -1.0509540
v -0.5789194 0.2606859 -1.2688258
v -0.6176989 0.2651469 -1.2712984
v -0.5613455 0.2981314 -1.4512219
v -0.5275292 0.2905590 -1.4330827
v -0.5667751 0.2079638 -1.4787396
v -0.6276456 0.1720158 -1.2833212
v -0.6521543 0.2024479 -1.2815474
v -0.5890968 0.2397278 -1.4835057
v -0.5329588 0.2003920 -1.4606012
v -0.4490617 0.2422199 -1.5576643
v -0.4438488 0.2266290 -1.5221732
v -0.4438488 0.2266290 -1.5221732
v -0.4490617 0.2422199 -1.5576643
v -0.3469154 0.2558490 -1.5325819
v -0.3605564 0.2379034 -1.5006174
v -0.4564848 0.2781279 -1.5712802
v -0.4617706 0.3133183 -1.5550453
v -0.3437942 0.2930679 -1.5441980
v -0.4564848 0.2781279 -1.5712802
v -0.6276456 0.1720158 -1.2833212
v -0.6357947 0.1455649 -1.0538887
v -0.6521543 0.2024479 -1.2815474
v -0.6276456 0.1720158 -1.2833212
v -0.5760360 0.2187605 -0.7747058
v -0.5514937 0.1883853 -0.7769278
v -0.5623206 0.2048782 -1.0533450
v -0.5868538 0.2352472 -1.0509540
v -0.5760360 0.2187605 -0.7747058
v -0.5789194 0.2606859 -1.2688258
v -0.5623206 0.2048782 -1.0533450
v -0.5544107 0.2302538 -1.2705997
v -0.5969267 0.1414631 -1.0554199
v -0.5888661 0.1675548 -1.2808488
v -0.5585308 0.1916777 -1.2755798
v -0.5664926 0.1660313 -1.0551947
v -0.5969267 0.1414631 -1.0554199
v -0.5275292 0.2905590 -1.4330827
v -0.5789194 0.2606859 -1.2688258
v -0.5074569 0.2214470 -1.4397153
v -0.5585308 0.1916777 -1.2755798
v -0.5888661 0.1675548 -1.2808488
v -0.5329588 0.2003920 -1.4606012
v -0.4491859 0.2756786 -1.4693611
v -0.4566096 0.3115865 -1.4829776
v -0.5275292 0.2905590 -1.4330827
v -0.4566096 0.3115865 -1.4829776
v -0.4491859 0.2756786 -1.4693611
v -0.3859552 0.2844315 -1.4514912
v -0.3828346 0.3216497 -1.4631065
v -0.6452097 0.1981966 -0.7707779
v -0.6148548 0.2228238 -0.7721590
v -0.6257217 0.2393491 -1.0494228
v -0.6561559 0.2147807 -1.0496480
v -0.6452097 0.1981966 -0.7707779
v -0.4490617 0.2422199 -1.5576643
v -0.3437942 0.2930679 -1.5441980
v -0.3469154 0.2558490 -1.5325819
v -0.5667751 0.2079638 -1.4787396
v -0.5890968 0.2397278 -1.4835057
v -0.4490617 0.2422199 -1.5576643
v -0.5667751 0.2079638 -1.4787396
v -0.5969267 0.1414631 -1.0554199
v -0.5556039 0.1494928 -0.7775226
v -0.5859595 0.1248649 -0.7761423
v -0.5969267 0.1414631 -1.0554199
v -0.5275292 0.2905590 -1.4330827
v -0.4618225 0.3271775 -1.5184689
v -0.5613455 0.2981314 -1.4512219
v -0.4439001 0.2404881 -1.4855966
v -0.4491859 0.2756786 -1.4693611
v -0.4438488 0.2266290 -1.5221732
v -0.4439001 0.2404881 -1.4855966
v -0.5329588 0.2003920 -1.4606012
v -0.6247784 0.1289289 -0.7735948
v -0.6493207 0.1593034 -0.7713734
v -0.6603286 0.1759338 -1.0514975
v -0.6357947 0.1455649 -1.0538887
v -0.6247784 0.1289289 -0.7735948
v -0.5514937 0.1883853 -0.7769278
v -0.5556039 0.1494928 -0.7775226
v -0.5664926 0.1660313 -1.0551947
v -0.5623206 0.2048782 -1.0533450
v -0.3605564 0.2379034 -1.5006174
v -0.3767274 0.2497418 -1.4670282
v -0.4439001 0.2404881 -1.4855966
v -0.4438488 0.2266290 -1.5221732
v -0.6148548 0.2228238 -0.7721590
v -0.5760360 0.2187605 -0.7747058
v -0.5868538 0.2352472 -1.0509540
v -0.6257217 0.2393491 -1.0494228
v -0.6148548 0.2228238 -0.7721590
v -0.4618225 0.3271775 -1.5184689
v -0.4566096 0.3115865 -1.4829776
v -0.3828346 0.3216497 -1.4631065
v -0.3691929 0.3395959 -1.4950713
v -0.4491859 0.2756786 -1.4693611
v -0.4439001 0.2404881 -1.4855966
v -0.3767274 0.2497418 -1.4670282
v -0.3859552 0.2844315 -1.4514912
v 0.4756551 0.8799102 -0.4347421
v 0.4730936 0.9309736 -0.4347421
v -0.4730929 0.9309736 -0.4347421
v -0.4756545 0.8799102 -0.4347421
v 0.4756551 0.8799102 -0.4347421
v -0.2232607 0.9469940 -1.3611563
v -0.2121970 0.9474478 -1.3938890
v -0.2640872 0.9759091 -1.4044043
v -0.2740002 0.9763628 -1.3723346
v -0.4730928 0.9309736 -0.8839847
v -0.3695891 0.9768822 -1.0814163
v -0.3597169 0.9763564 -1.1132956
v -0.2104966 1.1501492 -1.0073615
v -0.3079114 0.9475193 -1.1029433
v -0.3190479 0.9469935 -1.0699272
v -0.2184226 1.1544383 -0.9724979
v -0.2104966 1.1501492 -1.0073615
v -0.3437997 0.9309736 -1.2646553
v -0.3450841 0.8799102 -1.2646553
v -0.4756544 0.8799102 -0.8839847
v -0.4730928 0.9309736 -0.8839847
v 0.4730936 0.9309736 -0.4347421
v 0.4245427 0.9826163 -0.4778087
v -0.4245420 0.9826163 -0.4778088
v -0.4730929 0.9309736 -0.4347421
v -0.3058685 0.9766106 -1.2753079
v -0.3437997 0.9309736 -1.2646553
v -0.3279118 0.9760788 -1.2102261
v -0.2121970 0.9474478 -1.3938890
v -0.1421359 1.1042772 -1.3185106
v -0.1737943 1.1366675 -1.3203360
v -0.2640872 0.9759091 -1.4044043
v -0.2121970 0.9474478 -1.3938890
v -0.2035005 1.1578825 -1.1827077
v -0.2192750 1.1674075 -1.1131427
v -0.1982727 1.1896401 -1.1326395
v 0.2450043 1.2385249 -0.8839847
v 0.1982735 1.1896401 -1.1326393
v -0.1982727 1.1896401 -1.1326395
v -0.2450035 1.2385249 -0.8839847
v -0.2035005 1.1578825 -1.1827077
v -0.3058685 0.9766106 -1.2753079
v -0.2192750 1.1674075 -1.1131427
v 0.2138674 0.9309736 -1.6472119
v 0.2138674 0.8799102 -1.6472119
v -0.2138663 0.8799102 -1.6472119
v -0.2138663 0.9309736 -1.6472119
v -0.1421359 1.1042772 -1.3185106
v -0.1501329 1.1084452 -1.2834798
v -0.1807275 1.1425449 -1.2864008
v -0.1737943 1.1366675 -1.3203360
v -0.1421359 1.1042772 -1.3185106
v -0.1982727 1.1896401 -1.1326395
v -0.2262039 1.1732031 -1.0789384
v -0.2420838 1.1827223 -1.0093839
v -0.2450035 1.2385249 -0.8839847
v 0.2138674 0.9309736 -1.6472119
v -0.2138663 0.9309736 -1.6472119
v -0.1208588 1.1086561 -1.5445627
v 0.1208598 1.1086561 -1.5445627
v -0.2269360 1.2339980 -0.1070512
v -0.2450035 1.2385249 -0.8839847
v -0.4245420 0.9826163 -0.4778088
v -0.4730929 0.9309736 -0.4347421
v -0.4730928 0.9309736 -0.8839847
v -0.1649659 1.1195095 -1.2146376
v -0.1729234 1.1237579 -1.1797437
v -0.2035005 1.1578825 -1.1827077
v -0.1965153 1.1520781 -1.2168347
v -0.1955529 1.1390858 -1.0760133
v -0.2871612 0.9469990 -1.1671181
v -0.3379288 0.9766292 -1.1783669
v -0.2262039 1.1732031 -1.0789384
v -0.1955529 1.1390858 -1.0760133
v -0.1982727 1.1896401 -1.1326395
v -0.1965153 1.1520781 -1.2168347
v -0.1877557 1.1348219 -1.1109633
v -0.1955529 1.1390858 -1.0760133
v -0.2262039 1.1732031 -1.0789384
v -0.2192750 1.1674075 -1.1131427
v -0.2440594 0.9475251 -1.2970679
v -0.1965153 1.1520781 -1.2168347
v -0.2959792 0.9761034 -1.3072311
v -0.4730928 0.9309736 -0.8839847
v -0.2450035 1.2385249 -0.8839847
v -0.2640872 0.9759091 -1.4044043
v -0.1737943 1.1366675 -1.3203360
v -0.1208588 1.1086561 -1.5445627
v -0.1965153 1.1520781 -1.2168347
v -0.1807275 1.1425449 -1.2864008
v -0.2740002 0.9763628 -1.3723346
v -0.2959792 0.9761034 -1.3072311
v -0.1807275 1.1425449 -1.2864008
v -0.1208588 1.1086561 -1.5445627
v -0.1737943 1.1366675 -1.3203360
v -0.3437997 0.9309736 -1.2646553
v -0.2959792 0.9761034 -1.3072311
v -0.2871612 0.9469990 -1.1671181
v -0.2759511 0.9475493 -1.2000418
v -0.3279118 0.9760788 -1.2102261
v -0.3379288 0.9766292 -1.1783669
v -0.2871612 0.9469990 -1.1671181
v -0.3279118 0.9760788 -1.2102261
v -0.3437997 0.9309736 -1.2646553
v -0.3379288 0.9766292 -1.1783669
v -0.1729234 1.1237579 -1.1797437
v -0.2551604 0.9470181 -1.2641505
v -0.3058685 0.9766106 -1.2753079
v -0.2035005 1.1578825 -1.1827077
v -0.1729234 1.1237579 -1.1797437
v -0.2440594 0.9475251 -1.2970679
v -0.2959792 0.9761034 -1.3072311
v -0.3058685 0.9766106 -1.2753079
v -0.2551604 0.9470181 -1.2641505
v -0.3058685 0.9766106 -1.2753079
v -0.2959792 0.9761034 -1.3072311
v -0.3437997 0.9309736 -1.2646553
v -0.3450841 0.8799102 -1.2646553
v -0.2138663 0.9309736 -1.6472119
v -0.2138663 0.8799102 -1.6472119
v -0.3450841 0.8799102 -1.2646553
v -0.3379288 0.9766292 -1.1783669
v -0.3597169 0.9763564 -1.1132956
v -0.2420838 1.1827223 -1.0093839
v -0.2262039 1.1732031 -1.0789384
v -0.3379288 0.9766292 -1.1783669
v -0.1421359 1.1042772 -1.3185106
v -0.2121970 0.9474478 -1.3938890
v -0.2232607 0.9469940 -1.3611563
v -0.1501329 1.1084452 -1.2834798
v -0.2104966 1.1501492 -1.0073615
v -0.2184226 1.1544383 -0.9724979
v -0.2491175 1.1884967 -0.9751451
v -0.2420838 1.1827223 -1.0093839
v -0.3190479 0.9469935 -1.0699272
v -0.3695891 0.9768822 -1.0814163
v -0.2491175 1.1884967 -0.9751451
v -0.3079114 0.9475193 -1.1029433
v -0.2104966 1.1501492 -1.0073615
v -0.2420838 1.1827223 -1.0093839
v -0.3597169 0.9763564 -1.1132956
v -0.3695891 0.9768822 -1.0814163
v -0.4730928 0.9309736 -0.8839847
v -0.2450035 1.2385249 -0.8839847
v -0.2491175 1.1884967 -0.9751451
v -0.3695891 0.9768822 -1.0814163
v -0.3190479 0.9469935 -1.0699272
v -0.3597169 0.9763564 -1.1132956
v -0.3695891 0.9768822 -1.0814163
v -0.1501329 1.1084452 -1.2834798
v -0.2232607 0.9469940 -1.3611563
v -0.2740002 0.9763628 -1.3723346
v -0.1807275 1.1425449 -1.2864008
v -0.1501329 1.1084452 -1.2834798
v -0.2759511 0.9475493 -1.2000418
v -0.1877557 1.1348219 -1.1109633
v -0.2192750 1.1674075 -1.1131427
v -0.3279118 0.9760788 -1.2102261
v -0.2759511 0.9475493 -1.2000418
v -0.1982727 1.1896401 -1.1326395
v -0.2192750 1.1674075 -1.1131427
v -0.1649659 1.1195095 -1.2146376
v -0.2440594 0.9475251 -1.2970679
v -0.2551604 0.9470181 -1.2641505
v -0.1729234 1.1237579 -1.1797437
v -0.1649659 1.1195095 -1.2146376
v -0.2759511 0.9475493 -1.2000418
v -0.2871612 0.9469990 -1.1671181
v -0.1955529 1.1390858 -1.0760133
v -0.4756544 0.8799102 -0.8839847
v -0.4756545 0.8799102 -0.4347421
v -0.4730929 0.9309736 -0.4347421
v -0.2269360 1.2339980 -0.1070512
v -0.1110454 1.2353037 -0.3311284
v -0.1458913 1.2367576 -0.5806639
v -0.2450035 1.2385249 -0.8839847
v -0.1458913 1.2100866 -0.5806639
v -0.0777505 1.2111988 -0.7715504
v -0.0777505 1.2378699 -0.7715504
v -0.1110454 1.2086327 -0.3311284
v -0.1458913 1.2100866 -0.5806639
v -0.1458913 1.2367576 -0.5806639
v -0.1110454 1.2353037 -0.3311284
v -0.1110454 1.2086327 -0.3311284
v -0.1110454 1.2086327 -0.3311284
v -0.1110454 1.2353037 -0.3311284
v 0.1110460 1.2353037 -0.3311284
v 0.1110460 1.2086327 -0.3311284
v -0.1458913 1.2367576 -0.5806639
v -0.0777505 1.2378699 -0.7715504
v -0.2450035 1.2385249 -0.8839847
v -0.0777505 1.2111988 -0.7715504
v -0.2740002 0.9763628 -1.3723346
v -0.2640872 0.9759091 -1.4044043
v -0.2138663 0.9309736 -1.6472119
v -0.1965153 1.1520781 -1.2168347
v -0.1982727 1.1896401 -1.1326395
v -0.1208588 1.1086561 -1.5445627
v -0.2138663 0.9309736 -1.6472119
v -0.3437997 0.9309736 -1.2646553
v -0.2740002 0.9763628 -1.3723346
v -0.2138663 0.9309736 -1.6472119
v -0.3379288 0.9766292 -1.1783669
v -0.3597169 0.9763564 -1.1132956
v -0.2420838 1.1827223 -1.0093839
v -0.2491175 1.1884967 -0.9751451
v -0.2450035 1.2385249 -0.8839847
v 0.2450043 1.2385249 -0.8839847
v -0.2450035 1.2385249 -0.8839847
v -0.0777505 1.2378699 -0.7715504
v 0.0777512 1.2378699 -0.7715504
v 0.2450043 1.2385249 -0.8839847
v 0.1110460 1.2353037 -0.3311284
v -0.1110454 1.2353037 -0.3311284
v -0.2269360 1.2339980 -0.1070512
v 0.2269365 1.2339980 -0.1070512
v 0.1110460 1.2353037 -0.3311284
v 0.0777512 1.2111988 -0.7715504
v 0.0777512 1.2378699 -0.7715504
v -0.0777505 1.2378699 -0.7715504
v -0.0777505 1.2111988 -0.7715504
v 0.1110460 1.2086327 -0.3311284
v -0.1110454 1.2086327 -0.3311284
v 0.2232616 0.9469940 -1.3611563
v 0.2740011 0.9763628 -1.3723344
v 0.2640882 0.9759091 -1.4044043
v 0.2121980 0.9474478 -1.3938889
v 0.4730936 0.9309736 -0.8839845
v 0.3597179 0.9763564 -1.1132954
v 0.3695900 0.9768822 -1.0814163
v 0.2104974 1.1501492 -1.0073613
v 0.2184235 1.1544383 -0.9724979
v 0.3190488 0.9469935 -1.0699271
v 0.3079123 0.9475193 -1.1029431
v 0.2104974 1.1501492 -1.0073613
v 0.3438007 0.9309736 -1.2646552
v 0.4730936 0.9309736 -0.8839845
v 0.4756552 0.8799102 -0.8839845
v 0.3450850 0.8799102 -1.2646552
v 0.3058694 0.9766106 -1.2753079
v 0.3279128 0.9760788 -1.2102261
v 0.2121980 0.9474478 -1.3938889
v 0.2640882 0.9759091 -1.4044043
v 0.1737952 1.1366675 -1.3203360
v 0.1421368 1.1042772 -1.3185104
v 0.2035014 1.1578825 -1.1827075
v 0.1982735 1.1896401 -1.1326393
v 0.2192758 1.1674075 -1.1131427
v 0.2035014 1.1578825 -1.1827075
v 0.3279128 0.9760788 -1.2102261
v 0.3058694 0.9766106 -1.2753079
v 0.1421368 1.1042772 -1.3185104
v 0.1737952 1.1366675 -1.3203360
v 0.1807284 1.1425449 -1.2864008
v 0.1501338 1.1084452 -1.2834796
v 0.1421368 1.1042772 -1.3185104
v 0.2450043 1.2385249 -0.8839847
v 0.2420847 1.1827223 -1.0093837
v 0.2262048 1.1732031 -1.0789384
v 0.2269365 1.2339980 -0.1070512
v 0.4245427 0.9826163 -0.4778087
v 0.4730936 0.9309736 -0.4347421
v 0.4730936 0.9309736 -0.8839845
v 0.1649667 1.1195095 -1.2146375
v 0.1965161 1.1520781 -1.2168346
v 0.2035014 1.1578825 -1.1827075
v 0.1729243 1.1237579 -1.1797437
v 0.1955537 1.1390858 -1.0760132
v 0.2262048 1.1732031 -1.0789384
v 0.3379297 0.9766292 -1.1783667
v 0.2871620 0.9469990 -1.1671181
v 0.1955537 1.1390858 -1.0760132
v 0.2035014 1.1578825 -1.1827075
v 0.1965161 1.1520781 -1.2168346
v 0.1982735 1.1896401 -1.1326393
v 0.1877565 1.1348219 -1.1109631
v 0.2192758 1.1674075 -1.1131427
v 0.2262048 1.1732031 -1.0789384
v 0.1955537 1.1390858 -1.0760132
v 0.2440603 0.9475251 -1.2970679
v 0.2959801 0.9761034 -1.3072310
v 0.1965161 1.1520781 -1.2168346
v 0.1649667 1.1195095 -1.2146375
v 0.4730936 0.9309736 -0.8839845
v 0.2450043 1.2385249 -0.8839847
v 0.4245427 0.9826163 -0.4778087
v 0.2640882 0.9759091 -1.4044043
v 0.1208598 1.1086561 -1.5445627
v 0.1737952 1.1366675 -1.3203360
v 0.1965161 1.1520781 -1.2168346
v 0.2959801 0.9761034 -1.3072310
v 0.2740011 0.9763628 -1.3723344
v 0.1807284 1.1425449 -1.2864008
v 0.1965161 1.1520781 -1.2168346
v 0.1208598 1.1086561 -1.5445627
v 0.2740011 0.9763628 -1.3723344
v 0.3438007 0.9309736 -1.2646552
v 0.2871620 0.9469990 -1.1671181
v 0.3379297 0.9766292 -1.1783667
v 0.3279128 0.9760788 -1.2102261
v 0.2759520 0.9475493 -1.2000417
v 0.2871620 0.9469990 -1.1671181
v 0.3279128 0.9760788 -1.2102261
v 0.3379297 0.9766292 -1.1783667
v 0.1729243 1.1237579 -1.1797437
v 0.2035014 1.1578825 -1.1827075
v 0.3058694 0.9766106 -1.2753079
v 0.2551614 0.9470181 -1.2641504
v 0.3058694 0.9766106 -1.2753079
v 0.2959801 0.9761034 -1.3072310
v 0.2440603 0.9475251 -1.2970679
v 0.2551614 0.9470181 -1.2641504
v 0.3058694 0.9766106 -1.2753079
v 0.3438007 0.9309736 -1.2646552
v 0.2959801 0.9761034 -1.3072310
v 0.3450850 0.8799102 -1.2646552
v 0.2138674 0.8799102 -1.6472119
v 0.2138674 0.9309736 -1.6472119
v 0.3438007 0.9309736 -1.2646552
v 0.3379297 0.9766292 -1.1783667
v 0.2420847 1.1827223 -1.0093837
v 0.3597179 0.9763564 -1.1132954
v 0.1421368 1.1042772 -1.3185104
v 0.1501338 1.1084452 -1.2834796
v 0.2232616 0.9469940 -1.3611563
v 0.2121980 0.9474478 -1.3938889
v 0.1421368 1.1042772 -1.3185104
v 0.2104974 1.1501492 -1.0073613
v 0.2420847 1.1827223 -1.0093837
v 0.2491183 1.1884967 -0.9751451
v 0.2184235 1.1544383 -0.9724979
v 0.2491183 1.1884967 -0.9751451
v 0.3695900 0.9768822 -1.0814163
v 0.3190488 0.9469935 -1.0699271
v 0.2184235 1.1544383 -0.9724979
v 0.3079123 0.9475193 -1.1029431
v 0.3597179 0.9763564 -1.1132954
v 0.2420847 1.1827223 -1.0093837
v 0.3695900 0.9768822 -1.0814163
v 0.2491183 1.1884967 -0.9751451
v 0.2450043 1.2385249 -0.8839847
v 0.4730936 0.9309736 -0.8839845
v 0.3695900 0.9768822 -1.0814163
v 0.3190488 0.9469935 -1.0699271
v 0.3695900 0.9768822 -1.0814163
v 0.3597179 0.9763564 -1.1132954
v 0.3190488 0.9469935 -1.0699271
v 0.1501338 1.1084452 -1.2834796
v 0.1807284 1.1425449 -1.2864008
v 0.2740011 0.9763628 -1.3723344
v 0.2232616 0.9469940 -1.3611563
v 0.1501338 1.1084452 -1.2834796
v 0.2759520 0.9475493 -1.2000417
v 0.3279128 0.9760788 -1.2102261
v 0.2192758 1.1674075 -1.1131427
v 0.1877565 1.1348219 -1.1109631
v 0.2192758 1.1674075 -1.1131427
v 0.1982735 1.1896401 -1.1326393
v 0.1649667 1.1195095 -1.2146375
v 0.1729243 1.1237579 -1.1797437
v 0.2551614 0.9470181 -1.2641504
v 0.2440603 0.9475251 -1.2970679
v 0.1649667 1.1195095 -1.2146375
v 0.1877565 1.1348219 -1.1109631
v 0.1955537 1.1390858 -1.0760132
v 0.2871620 0.9469990 -1.1671181
v 0.4730936 0.9309736 -0.8839845
v 0.4730936 0.9309736 -0.4347421
v 0.4756551 0.8799102 -0.4347421
v 0.4756552 0.8799102 -0.8839845
v 0.2269365 1.2339980 -0.1070512
v 0.2450043 1.2385249 -0.8839847
v 0.1458919 1.2367576 -0.5806639
v 0.1110460 1.2353037 -0.3311284
v 0.2269365 1.2339980 -0.1070512
v 0.1458919 1.2100866 -0.5806639
v 0.1458919 1.2367576 -0.5806639
v 0.0777512 1.2378699 -0.7715504
v 0.0777512 1.2111988 -0.7715504
v 0.1110460 1.2086327 -0.3311284
v 0.1110460 1.2353037 -0.3311284
v 0.1458919 1.2367576 -0.5806639
v 0.1458919 1.2100866 -0.5806639
v 0.1458919 1.2367576 -0.5806639
v 0.2450043 1.2385249 -0.8839847
v 0.0777512 1.2111988 -0.7715504
v 0.1110460 1.2086327 -0.3311284
v 0.2740011 0.9763628 -1.3723344
v 0.2138674 0.9309736 -1.6472119
v 0.2640882 0.9759091 -1.4044043
v 0.1982735 1.1896401 -1.1326393
v 0.1965161 1.1520781 -1.2168346
v 0.1208598 1.1086561 -1.5445627
v 0.1982735 1.1896401 -1.1326393
v 0.2138674 0.9309736 -1.6472119
v 0.2740011 0.9763628 -1.3723344
v 0.3438007 0.9309736 -1.2646552
v 0.1208598 1.1086561 -1.5445627
v 0.2138674 0.9309736 -1.6472119
v 0.3379297 0.9766292 -1.1783667
v 0.3597179 0.9763564 -1.1132954
v 0.4730936 0.9309736 -0.8839845
v 0.3438007 0.9309736 -1.2646552
v 0.2420847 1.1827223 -1.0093837
v 0.2450043 1.2385249 -0.8839847
v 0.2491183 1.1884967 -0.9751451
v 0.4245427 0.9826163 -0.4778087
v 0.2269365 1.2339980 -0.1070512
v -0.2269360 1.2339980 -0.1070512
v -0.4245420 0.9826163 -0.4778088
v 0.4245427 0.9826163 -0.4778087
v 0.1208598 1.1086561 -1.5445627
v -0.1208588 1.1086561 -1.5445627
v -0.1982727 1.1896401 -1.1326395
v 0.1982735 1.1896401 -1.1326393
v 0.1208598 1.1086561 -1.5445627
v -0.1272697 1.4975830 -0.5626933
v -0.1022316 1.4840424 -0.3263301
v 0.1022322 1.4840424 -0.3263301
v 0.1272704 1.4975830 -0.5626933
v 0.1103629 1.4559662 -0.3215823
v -0.1103623 1.4559662 -0.3215823
v 0.0673610 1.4866852 -0.7624548
v -0.0673602 1.4866852 -0.7624548
v -0.0762099 1.4298914 -0.6769200
v -0.0727169 1.4559662 -0.7735989
v 0.0727177 1.4559662 -0.7735989
v 0.0762106 1.4298914 -0.6769200
v -0.0762099 1.4298914 -0.6769200
v 0.1103629 1.4559662 -0.3215823
v 0.1414291 1.4559662 -0.5630426
v 0.0673610 1.4866852 -0.7624548
v 0.1414291 1.4559662 -0.5630426
v 0.0727177 1.4559662 -0.7735989
v 0.0762106 1.4298914 -0.6769200
v 0.1148787 1.4298914 -0.5630426
v -0.0875406 1.4298914 -0.3415283
v 0.0875411 1.4298914 -0.3415283
v 0.1103629 1.4559662 -0.3215823
v 0.1148787 1.4298914 -0.5630426
v 0.0875411 1.4298914 -0.3415283
v 0.0673610 1.4866852 -0.7624548
v 0.0727177 1.4559662 -0.7735989
v -0.0673602 1.4866852 -0.7624548
v -0.1148780 1.4298914 -0.5630426
v -0.0875406 1.4298914 -0.3415283
v -0.1103623 1.4559662 -0.3215823
v -0.1414285 1.4559662 -0.5630426
v -0.0762099 1.4298914 -0.6769200
v -0.1148780 1.4298914 -0.5630426
v -0.1414285 1.4559662 -0.5630426
v -0.0727169 1.4559662 -0.7735989
v -0.1414285 1.4559662 -0.5630426
v 0.7314638 0.9850516 1.4245596
v 0.7314638 0.9704489 1.5591658
v 0.7317592 0.9369447 1.5575510
v 0.7317557 0.9534678 1.3557906
v 0.6834431 0.9533962 1.3557982
v 0.6834474 0.9513403 1.3774464
v 0.6830070 0.9928077 1.3983040
v 0.6830028 0.9953889 1.3595551
v 0.7259256 1.0032068 1.5606606
v 0.7259256 1.0140345 1.4420323
v 0.6388126 1.0140345 1.4420323
v 0.6388126 1.0032068 1.5606606
v 0.6378810 0.9962608 1.4217790
v 0.5656815 0.9978059 1.4016425
v 0.6378810 0.9889830 1.5099028
v 0.5596753 0.9404685 1.5204816
v 0.5656815 0.9891905 1.5098994
v 0.5596753 0.9520235 1.3774464
v 0.6830028 0.9953889 1.3595551
v 0.6892137 1.0011272 1.3603770
v 0.7252922 1.0011272 1.3603770
v 0.7314598 0.9920867 1.3595689
v 0.6830028 0.9953889 1.3595551
v 0.6892264 0.9978670 1.4016382
v 0.6830070 0.9928077 1.3983040
v 0.5656815 0.9978059 1.4016425
v 0.6378810 0.9889830 1.5099028
v 0.5656815 0.9891905 1.5098994
v 0.5596753 0.9404685 1.5204816
v 0.6378810 0.9405289 1.5204865
v 0.6892264 0.9978670 1.4016382
v 0.7252965 0.9962608 1.4217790
v 0.7252922 1.0011272 1.3603770
v 0.7314638 0.9704489 1.5591658
v 0.6388126 1.0032068 1.5606606
v 0.6378810 0.9369447 1.5575510
v 0.7317592 0.9369447 1.5575510
v 0.7314638 0.9704489 1.5591658
v 0.6892264 0.9978670 1.4016382
v 0.6830028 0.9953889 1.3595551
v 0.6830070 0.9928077 1.3983040
v 0.6388126 1.0032068 1.5606606
v 0.6378810 0.9889830 1.5099028
v 0.6378810 0.9405289 1.5204865
v 0.6388126 1.0032068 1.5606606
v 0.7252965 0.9962608 1.4217790
v 0.7259256 1.0140345 1.4420323
v 0.7314638 0.9850516 1.4245596
v 0.6378810 0.9889830 1.5099028
v 0.6388126 1.0140345 1.4420323
v 0.6378810 0.9962608 1.4217790
v 0.6378810 0.9889830 1.5099028
v 0.5656815 0.9891905 1.5098994
v 0.5656815 0.9978059 1.4016425
v 0.7252922 1.0011272 1.3603770
v 0.7252965 0.9962608 1.4217790
v 0.7314638 0.9850516 1.4245596
v 0.7314598 0.9920867 1.3595689
v 0.7259256 1.0032068 1.5606606
v 0.7314638 0.9704489 1.5591658
v 0.7259256 1.0140345 1.4420323
v 0.7252965 0.9962608 1.4217790
v 0.6892264 0.9978670 1.4016382
v 0.6378810 0.9962608 1.4217790
v 0.7314638 0.9704489 1.5591658
v 0.6830028 0.9953889 1.3595551
v 0.7314598 0.9920867 1.3595689
v 0.7317557 0.9534678 1.3557906
v 0.6834431 0.9533962 1.3557982
v 0.7314598 0.9920867 1.3595689
v 0.7314638 0.9850516 1.4245596
v 0.7317557 0.9534678 1.3557906
v 0.6378810 0.9962608 1.4217790
v 0.6892264 0.9978670 1.4016382
v 0.5656815 0.9978059 1.4016425
v 0.6834474 0.9513403 1.3774464
v 0.5596753 0.9520235 1.3774464
v 0.6388126 1.0140345 1.4420323
v 0.7259256 1.0140345 1.4420323
v 0.7252965 0.9962608 1.4217790
v 0.6378810 0.9962608 1.4217790
v 0.2141256 0.9840639 2.0329202
v 0.2141256 0.8057852 2.0326627
v 0.2362186 0.8057852 2.0326627
v 0.2362186 0.9840639 2.0329202
v 0.1413284 0.8549113 1.6990384
v 0.1413284 1.0190468 1.9266446
v 0.3090158 1.0190468 1.9266446
v 0.3090160 0.8549113 1.6990384
v 0.2841403 0.9863449 2.0415677
v 0.2841403 0.8057852 2.0413095
v 0.3539587 0.8057852 2.0413095
v 0.3539587 0.9863449 2.0415677
v 0.3539587 0.8013194 1.6493661
v 0.3539587 0.8637434 1.6493661
v 0.3539587 1.0317079 1.8891043
v 0.2362186 0.9840639 2.0329202
v 0.3090158 1.0190468 1.9266446
v 0.1413284 1.0190468 1.9266446
v 0.2141256 0.9840639 2.0329202
v 0.2362186 0.9840639 2.0612833
v 0.2362186 0.8057852 2.0624973
v 0.3090160 0.8637434 1.6493661
v 0.3090160 1.0317079 1.8891043
v 0.3539587 0.8637434 1.6493661
v 0.3090160 0.8637434 1.6493661
v 0.3090160 0.8549113 1.6990384
v 0.3090158 1.0190468 1.9266446
v 0.2362186 0.9840639 2.0612833
v 0.2362186 0.8057852 2.0326627
v 0.3090160 0.8013194 1.6493661
v 0.3090160 0.8013194 1.6990384
v 0.3090160 0.8549113 1.6990384
v 0.3090160 0.8637434 1.6493661
v 0.3539587 0.8013194 1.6493661
v 0.3539587 0.8637434 1.6493661
v 0.3539587 1.0317079 1.8891043
v 0.3090158 1.0190468 1.9266446
v 0.3539587 0.9863449 2.0415677
v 0.2141256 0.9840639 2.0612833
v 0.1662039 0.9863449 2.0415677
v 0.1662039 0.8057852 2.0413095
v 0.2141256 0.8057852 2.0624973
v 0.1413284 0.8013194 1.6990384
v 0.3090160 1.0317079 1.8891043
v 0.1413284 1.0317079 1.8891043
v 0.0963856 1.0317079 1.8891043
v 0.1413284 1.0190468 1.9266446
v 0.0963856 0.9863449 2.0415677
v 0.0963856 0.8057852 2.0413095
v 0.0963857 0.8637434 1.6493661
v 0.0963857 0.8013194 1.6493661
v 0.1413284 0.8637434 1.6493661
v 0.1413284 1.0317079 1.8891043
v 0.1413284 1.0190468 1.9266446
v 0.1413284 0.8549113 1.6990384
v 0.2141256 0.8057852 2.0326627
v 0.2141256 0.9840639 2.0329202
v 0.1413284 0.8013194 1.6493661
v 0.1413284 0.8637434 1.6493661
v 0.1413284 0.8013194 1.6990384
v 0.1413284 0.8637434 1.6493661
v 0.1413284 0.8013194 1.6493661
v 0.1662039 0.9863449 2.0415677
v 0.2841403 0.9863449 2.0415677
v 0.3090158 1.0190468 1.9266446
v 0.2362186 0.9840639 2.0329202
v 0.1662039 0.9863449 2.0415677
v 0.2141256 0.9840639 2.0329202
v 0.2362186 0.9840639 2.0329202
v 0.2362186 0.9840639 2.0612833
v -0.0701649 0.8017339 2.0075266
v -0.0701649 0.8017339 1.6416309
v -0.0701649 0.9804145 1.7056412
v -0.0701649 0.9804145 2.0075266
v -0.0701649 0.8017339 2.0075266
v -0.1666122 0.9551083 2.0075266
v -0.1049941 0.9551083 2.0075266
v -0.1049941 0.9551083 1.9046213
v -0.1666122 0.9551083 1.9046213
v -0.1049941 0.9804145 1.9046213
v -0.0701649 0.9804145 1.7056412
v -0.2014414 0.9804145 1.7056412
v -0.1666122 0.9804145 1.9046213
v -0.1666122 0.9551083 1.9046213
v -0.1049941 0.9551083 1.9046213
v -0.1645122 0.9527916 1.6957455
v -0.0701649 0.9804145 1.7056412
v -0.1070941 0.9527916 1.6957455
v -0.1049941 0.9804145 2.0075266
v -0.0701649 0.9804145 2.0075266
v -0.0701649 0.9804145 1.7056412
v -0.1645122 0.8803044 1.7707297
v -0.1645122 0.9527916 1.7707297
v -0.1070941 0.9527916 1.7707297
v -0.1070941 0.8803044 1.7707297
v -0.1049941 0.9551083 2.0075266
v -0.1049941 0.9804145 2.0075266
v -0.1049941 0.9804145 1.9046213
v -0.1049941 0.9551083 1.9046213
v -0.1070941 0.9527916 1.6957455
v -0.1645122 0.9527916 1.7707297
v -0.1645122 0.9527916 1.6957455
v -0.0701649 0.8017339 2.0075266
v -0.1049941 0.9551083 2.0075266
v -0.1666122 0.9551083 2.0075266
v -0.2014415 0.8017339 2.0075266
v -0.0701649 0.8017339 2.0075266
v -0.1070941 0.8803044 1.6699484
v -0.1070941 0.9527916 1.6957455
v -0.0701649 0.9804145 1.7056412
v -0.0701649 0.8017339 1.6416309
v -0.1070941 0.8803044 1.6699484
v -0.2014414 0.8017339 1.6416309
v -0.1645122 0.8803044 1.6699484
v -0.1070941 0.8803044 1.6699484
v -0.1049941 0.9551083 2.0075266
v -0.0701649 0.9804145 2.0075266
v -0.1049941 0.9804145 2.0075266
v -0.1645122 0.8803044 1.6699484
v -0.1645122 0.8803044 1.7707297
v -0.1070941 0.8803044 1.7707297
v -0.1070941 0.8803044 1.6699484
v -0.1070941 0.9527916 1.7707297
v -0.1070941 0.9527916 1.6957455
v -0.1070941 0.8803044 1.6699484
v -0.2014415 0.9804145 2.0075266
v -0.2014414 0.9804145 1.7056412
v -0.2014414 0.8017339 1.6416309
v -0.1645122 0.9527916 1.7707297
v -0.1645122 0.8803044 1.7707297
v -0.1645122 0.8803044 1.6699484
v -0.1645122 0.9527916 1.6957455
v -0.1645122 0.9527916 1.7707297
v -0.1666122 0.9804145 2.0075266
v -0.1666122 0.9551083 2.0075266
v -0.1645122 0.8803044 1.6699484
v -0.2014414 0.8017339 1.6416309
v -0.2014414 0.9804145 1.7056412
v -0.1645122 0.9527916 1.6957455
v -0.1645122 0.8803044 1.6699484
v -0.1666122 0.9551083 2.0075266
v -0.1666122 0.9551083 1.9046213
v -0.1666122 0.9804145 1.9046213
v -0.1666122 0.9804145 2.0075266
v -0.1666122 0.9804145 1.9046213
v -0.2014414 0.9804145 1.7056412
v -0.1666122 0.9804145 2.0075266
v -0.0701649 0.8017339 2.0075266
v -0.0701649 0.9804145 2.0075266
v -0.1049941 0.9551083 2.0075266
v 0.7698935 0.0458090 0.9229890
v 0.7698935 0.0168864 0.8136603
v 0.7698935 0.2117254 0.8136603
v 0.7698935 0.1815206 0.9229890
v 0.7698935 0.0458090 0.9229890
v 0.4198759 0.0168864 0.8136601
v 0.4198759 0.0458090 0.9229889
v 0.4198759 0.1815206 0.9229889
v 0.4198759 0.2117254 0.8136601
v 0.4198759 0.0458090 0.9229889
v 0.7698935 0.0458090 0.9229890
v 0.4198759 0.2117254 0.8136601
v 0.7698935 0.2117254 0.8136603
v 0.4198759 0.0168864 0.8136601
v 0.7698935 0.0168864 0.8136603
v 0.7698935 0.0458090 0.9229890
v 0.4198759 0.0458090 0.9229889
v 0.3137961 0.0224843 0.9343665
v 0.3137962 0.0224843 0.8156520
v 0.3137962 0.2030862 0.8156520
v 0.3137961 0.2030862 0.9343665
v 0.1331944 0.0224843 0.8156520
v 0.1331944 0.0224843 0.9343665
v 0.1331944 0.2030862 0.9343665
v 0.1331944 0.2030862 0.8156520
v 0.3137961 0.0224843 0.9343665
v 0.1331944 0.2030862 0.8156520
v 0.1331944 0.2030862 0.9343665
v 0.3137962 0.2030862 0.8156520
v 0.1331944 0.0224843 0.8156520
v 0.3137962 0.0224843 0.8156520
v 0.2534461 0.1644272 0.9718988
v 0.2371130 0.2762670 1.0092320
v 0.2417361 0.2732152 1.0353442
v 0.2602744 0.1425874 0.9917368
v 0.1889291 0.1437300 0.9747227
v 0.1950201 0.1134417 0.9203586
v 0.2030204 0.0803415 0.9229503
v 0.1934195 0.1249715 0.9946625
v 0.2297834 0.0686813 0.9256563
v 0.2174385 0.1179630 1.0084206
v 0.1934195 0.1249715 0.9946625
v 0.1934195 0.1249715 0.9946625
v 0.1783812 0.2680612 1.0459587
v 0.1737582 0.2711131 1.0198459
v 0.1889291 0.1437300 0.9747227
v 0.1934195 0.1249715 0.9946625
v 0.2038445 0.1651420 0.9595947
v 0.2096389 0.1475520 0.9213853
v 0.1889291 0.1437300 0.9747227
v 0.2152880 0.2769151 0.9938760
v 0.2130968 0.3200217 0.9936320
v 0.2348994 0.3200996 1.0090329
v 0.2371130 0.2762670 1.0092320
v 0.2307324 0.1758876 0.9568179
v 0.2152880 0.2769151 0.9938760
v 0.2371130 0.2762670 1.0092320
v 0.2534461 0.1644272 0.9718988
v 0.2417361 0.2732152 1.0353442
v 0.2394249 0.3202321 1.0353400
v 0.2240234 0.3203415 1.0571419
v 0.2264488 0.2695482 1.0569176
v 0.2417361 0.2732152 1.0353442
v 0.1783812 0.2680612 1.0459587
v 0.1759144 0.3202868 1.0462665
v 0.1713882 0.3201543 1.0199596
v 0.1737582 0.2711131 1.0198459
v 0.1783812 0.2680612 1.0459587
v 0.2174385 0.1179630 1.0084206
v 0.2556233 0.0768499 0.9266586
v 0.2441623 0.1250045 1.0072505
v 0.2307324 0.1758876 0.9568179
v 0.2354592 0.1575106 0.9221121
v 0.2096389 0.1475520 0.9213853
v 0.2038445 0.1651420 0.9595947
v 0.1783812 0.2680612 1.0459587
v 0.2002063 0.2674131 1.0613139
v 0.1977163 0.3203647 1.0616681
v 0.2556233 0.0768499 0.9266586
v 0.2698816 0.1120074 0.9261452
v 0.2602744 0.1425874 0.9917368
v 0.1890455 0.2747800 0.9982726
v 0.1867897 0.3200448 0.9981575
v 0.2130968 0.3200217 0.9936320
v 0.2152880 0.2769151 0.9938760
v 0.1890455 0.2747800 0.9982726
v 0.1783812 0.2680612 1.0459587
v 0.1934195 0.1249715 0.9946625
v 0.2174385 0.1179630 1.0084206
v 0.2002063 0.2674131 1.0613139
v 0.2534461 0.1644272 0.9718988
v 0.2579534 0.1458707 0.9255357
v 0.2354592 0.1575106 0.9221121
v 0.2307324 0.1758876 0.9568179
v 0.2038445 0.1651420 0.9595947
v 0.1890455 0.2747800 0.9982726
v 0.2152880 0.2769151 0.9938760
v 0.2307324 0.1758876 0.9568179
v 0.2348994 0.3200996 1.0090329
v 0.2394249 0.3202321 1.0353400
v 0.2417361 0.2732152 1.0353442
v 0.2602744 0.1425874 0.9917368
v 0.2579534 0.1458707 0.9255357
v 0.1737582 0.2711131 1.0198459
v 0.1890455 0.2747800 0.9982726
v 0.1737582 0.2711131 1.0198459
v 0.1713882 0.3201543 1.0199596
v 0.1867897 0.3200448 0.9981575
v 0.1890455 0.2747800 0.9982726
v 0.2602744 0.1425874 0.9917368
v 0.2417361 0.2732152 1.0353442
v 0.2264488 0.2695482 1.0569176
v 0.2602744 0.1425874 0.9917368
v 0.2002063 0.2674131 1.0613139
v 0.2240234 0.3203415 1.0571419
v 0.1977163 0.3203647 1.0616681
v 0.2264488 0.2695482 1.0569176
v 0.3586275 0.3099894 0.8190672
v 0.3586275 0.3664277 0.8190672
v 0.3586275 0.3664277 1.1044753
v 0.3586275 0.3099894 1.1044753
v 0.0998535 0.3664277 0.8190672
v 0.0998535 0.3099894 0.8190672
v 0.0998535 0.3099894 1.1044753
v 0.0998535 0.3664277 1.1044753
v 0.0998535 0.3664277 1.1044753
v 0.3586275 0.3664277 1.1044753
v 0.5093126 0.3491295 1.6214005
v 0.5093126 0.3990257 1.6214005
v 0.5093126 0.3990257 1.8118228
v 0.5093126 0.3491295 1.8118228
v 0.2580332 0.3990257 1.6214003
v 0.2580332 0.3491295 1.6214003
v 0.2580332 0.3491295 1.8118228
v 0.2580332 0.3990257 1.8118228
v 0.2580332 0.3990257 1.8118228
v 0.2580332 0.3491295 1.8118228
v 0.5093126 0.3990257 1.8118228
v 0.2580332 0.3990257 1.6214003
v 0.5093126 0.3990257 1.6214005
v 0.3691939 0.3395959 -1.4950711
v 0.4618236 0.3271775 -1.5184688
v 0.4617715 0.3133183 -1.5550452
v 0.3530229 0.3277568 -1.5286603
v 0.4618236 0.3271775 -1.5184688
v 0.5613466 0.2981314 -1.4512218
v 0.5868484 0.2770765 -1.4721075
v 0.6480351 0.2410240 -1.2765671
v 0.6521553 0.2024479 -1.2815472
v 0.5890977 0.2397278 -1.4835056
v 0.6176999 0.2651469 -1.2712982
v 0.6480351 0.2410240 -1.2765671
v 0.5613466 0.2981314 -1.4512218
v 0.6561568 0.2147807 -1.0496477
v 0.6603294 0.1759338 -1.0514973
v 0.6521553 0.2024479 -1.2815472
v 0.6561568 0.2147807 -1.0496477
v 0.6452104 0.1981966 -0.7707777
v 0.6493214 0.1593034 -0.7713731
v 0.6257225 0.2393491 -1.0494226
v 0.6480351 0.2410240 -1.2765671
v 0.5969276 0.1414631 -1.0554196
v 0.5888670 0.1675548 -1.2808485
v 0.6276466 0.1720158 -1.2833211
v 0.6357954 0.1455649 -1.0538885
v 0.5329597 0.2003920 -1.4606010
v 0.5667761 0.2079638 -1.4787395
v 0.5888670 0.1675548 -1.2808485
v 0.5074579 0.2214470 -1.4397151
v 0.5585316 0.1916777 -1.2755795
v 0.5544116 0.2302538 -1.2705997
v 0.5052084 0.2587956 -1.4283165
v 0.5868484 0.2770765 -1.4721075
v 0.5890977 0.2397278 -1.4835056
v 0.4564857 0.2781279 -1.5712799
v 0.6357954 0.1455649 -1.0538885
v 0.6247792 0.1289289 -0.7735945
v 0.5859602 0.1248649 -0.7761421
v 0.5969276 0.1414631 -1.0554196
v 0.5585316 0.1916777 -1.2755795
v 0.5664934 0.1660313 -1.0551945
v 0.5623213 0.2048782 -1.0533449
v 0.5868547 0.2352472 -1.0509538
v 0.5789203 0.2606859 -1.2688257
v 0.5613466 0.2981314 -1.4512218
v 0.5275302 0.2905590 -1.4330826
v 0.5789203 0.2606859 -1.2688257
v 0.6521553 0.2024479 -1.2815472
v 0.6276466 0.1720158 -1.2833211
v 0.5667761 0.2079638 -1.4787395
v 0.5890977 0.2397278 -1.4835056
v 0.6521553 0.2024479 -1.2815472
v 0.4490627 0.2422199 -1.5576642
v 0.5329597 0.2003920 -1.4606010
v 0.4438498 0.2266290 -1.5221729
v 0.3469164 0.2558490 -1.5325818
v 0.4490627 0.2422199 -1.5576642
v 0.4438498 0.2266290 -1.5221729
v 0.3605574 0.2379034 -1.5006171
v 0.3530229 0.3277568 -1.5286603
v 0.4564857 0.2781279 -1.5712799
v 0.3437952 0.2930679 -1.5441978
v 0.6603294 0.1759338 -1.0514973
v 0.6521553 0.2024479 -1.2815472
v 0.5623213 0.2048782 -1.0533449
v 0.5514944 0.1883853 -0.7769276
v 0.5760368 0.2187605 -0.7747057
v 0.5868547 0.2352472 -1.0509538
v 0.5623213 0.2048782 -1.0533449
v 0.5789203 0.2606859 -1.2688257
v 0.5544116 0.2302538 -1.2705997
v 0.5623213 0.2048782 -1.0533449
v 0.5585316 0.1916777 -1.2755795
v 0.5888670 0.1675548 -1.2808485
v 0.5969276 0.1414631 -1.0554196
v 0.5664934 0.1660313 -1.0551945
v 0.5585316 0.1916777 -1.2755795
v 0.5544116 0.2302538 -1.2705997
v 0.5275302 0.2905590 -1.4330826
v 0.5052084 0.2587956 -1.4283165
v 0.5585316 0.1916777 -1.2755795
v 0.5074579 0.2214470 -1.4397151
v 0.5329597 0.2003920 -1.4606010
v 0.4491869 0.2756786 -1.4693610
v 0.4566106 0.3115865 -1.4829773
v 0.4491869 0.2756786 -1.4693610
v 0.3859563 0.2844315 -1.4514911
v 0.4491869 0.2756786 -1.4693610
v 0.4566106 0.3115865 -1.4829773
v 0.3828355 0.3216497 -1.4631064
v 0.6148555 0.2228238 -0.7721588
v 0.6452104 0.1981966 -0.7707777
v 0.6561568 0.2147807 -1.0496477
v 0.6257225 0.2393491 -1.0494226
v 0.3437952 0.2930679 -1.5441978
v 0.4564857 0.2781279 -1.5712799
v 0.4490627 0.2422199 -1.5576642
v 0.3469164 0.2558490 -1.5325818
v 0.4564857 0.2781279 -1.5712799
v 0.5890977 0.2397278 -1.4835056
v 0.5667761 0.2079638 -1.4787395
v 0.4490627 0.2422199 -1.5576642
v 0.5556047 0.1494928 -0.7775224
v 0.5664934 0.1660313 -1.0551945
v 0.5969276 0.1414631 -1.0554196
v 0.5275302 0.2905590 -1.4330826
v 0.5613466 0.2981314 -1.4512218
v 0.4618236 0.3271775 -1.5184688
v 0.4439011 0.2404881 -1.4855965
v 0.5074579 0.2214470 -1.4397151
v 0.5052084 0.2587956 -1.4283165
v 0.4491869 0.2756786 -1.4693610
v 0.4439011 0.2404881 -1.4855965
v 0.4438498 0.2266290 -1.5221729
v 0.5329597 0.2003920 -1.4606010
v 0.6603294 0.1759338 -1.0514973
v 0.6493214 0.1593034 -0.7713731
v 0.5664934 0.1660313 -1.0551945
v 0.5556047 0.1494928 -0.7775224
v 0.5514944 0.1883853 -0.7769276
v 0.5623213 0.2048782 -1.0533449
v 0.5664934 0.1660313 -1.0551945
v 0.4439011 0.2404881 -1.4855965
v 0.3767284 0.2497418 -1.4670280
v 0.3605574 0.2379034 -1.5006171
v 0.4438498 0.2266290 -1.5221729
v 0.4439011 0.2404881 -1.4855965
v 0.5868547 0.2352472 -1.0509538
v 0.5760368 0.2187605 -0.7747057
v 0.6148555 0.2228238 -0.7721588
v 0.6257225 0.2393491 -1.0494226
v 0.5868547 0.2352472 -1.0509538
v 0.3828355 0.3216497 -1.4631064
v 0.4566106 0.3115865 -1.4829773
v 0.4618236 0.3271775 -1.5184688
v 0.3691939 0.3395959 -1.4950711
v 0.4439011 0.2404881 -1.4855965
v 0.4491869 0.2756786 -1.4693610
v 0.3859563 0.2844315 -1.4514911
v 0.1712933 0.5508676 -2.6044785
v 0.1738240 0.5465883 -2.4518979
v 0.1683691 0.5334165 -2.4529227
v 0.1658294 0.5376622 -2.6117249
v 0.1785255 0.4985971 -2.1629794
v 0.1316089 0.4985971 -2.1629794
v 0.1228630 0.4630897 -2.0641187
v 0.1883298 0.4630897 -2.0641187
v 0.1970189 0.4815388 -2.1710129
v 0.2064360 0.4481630 -2.0720432
v 0.2006712 0.4369250 -2.0780093
v 0.1914574 0.4691800 -2.1755557
v 0.1970189 0.4815388 -2.1710129
v 0.1779960 0.5390748 -2.3563821
v 0.1857361 0.5188181 -2.2630637
v 0.1802483 0.5059921 -2.2661740
v 0.1725362 0.5260131 -2.3583524
v 0.1551707 0.5279519 -2.4533920
v 0.1316090 0.5279519 -2.4533920
v 0.1316090 0.5321898 -2.6147275
v 0.1526289 0.5321898 -2.6147275
v 0.1551707 0.5279519 -2.4533920
v 0.1785255 0.4985971 -2.1629794
v 0.2013242 0.4590004 -2.0662894
v 0.1916622 0.4937238 -2.1658035
v 0.1785255 0.4985971 -2.1629794
v 0.1671024 0.5367664 -2.2577554
v 0.1916622 0.4937238 -2.1658035
v 0.1802903 0.5315655 -2.2595761
v 0.1671024 0.5367664 -2.2577554
v 0.1593083 0.5574714 -2.3532425
v 0.1802903 0.5315655 -2.2595761
v 0.1725166 0.5521056 -2.3542654
v 0.1593083 0.5574714 -2.3532425
v 0.1593364 0.5205709 -2.3590216
v 0.1316090 0.5205709 -2.3590216
v 0.1316090 0.5279519 -2.4533920
v 0.1551707 0.5279519 -2.4533920
v 0.1593364 0.5205709 -2.3590216
v 0.1658195 0.5640717 -2.5972330
v 0.1683397 0.5597509 -2.4509177
v 0.1738240 0.5465883 -2.4518979
v 0.1712933 0.5508676 -2.6044785
v 0.1551279 0.5651939 -2.4505563
v 0.1593083 0.5574714 -2.3532425
v 0.1725166 0.5521056 -2.3542654
v 0.1683397 0.5597509 -2.4509177
v 0.1526141 0.5695384 -2.5942337
v 0.1670421 0.5006004 -2.2670856
v 0.1316090 0.5006004 -2.2670856
v 0.1316090 0.5205709 -2.3590216
v 0.1593364 0.5205709 -2.3590216
v 0.1670421 0.5006004 -2.2670856
v 0.1857361 0.5188181 -2.2630637
v 0.1970189 0.4815388 -2.1710129
v 0.1914574 0.4691800 -2.1755557
v 0.1683397 0.5597509 -2.4509177
v 0.1725166 0.5521056 -2.3542654
v 0.1779960 0.5390748 -2.3563821
v 0.1738240 0.5465883 -2.4518979
v 0.1683397 0.5597509 -2.4509177
v 0.1316090 0.5695384 -2.5942337
v 0.1316090 0.5651939 -2.4505563
v 0.1551279 0.5651939 -2.4505563
v 0.1671024 0.5367664 -2.2577554
v 0.1316090 0.5367664 -2.2577554
v 0.1316089 0.4985971 -2.1629794
v 0.1785255 0.4985971 -2.1629794
v 0.1658294 0.5376622 -2.6117249
v 0.1683691 0.5334165 -2.4529227
v 0.1551707 0.5279519 -2.4533920
v 0.1526289 0.5321898 -2.6147275
v 0.1658294 0.5376622 -2.6117249
v 0.1316090 0.5651939 -2.4505563
v 0.1316090 0.5574714 -2.3532425
v 0.1593083 0.5574714 -2.3532425
v 0.1916622 0.4937238 -2.1658035
v 0.2013242 0.4590004 -2.0662894
v 0.2064360 0.4481630 -2.0720432
v 0.1970189 0.4815388 -2.1710129
v 0.1916622 0.4937238 -2.1658035
v 0.1316090 0.5367664 -2.2577554
v 0.1671024 0.5367664 -2.2577554
v 0.1593083 0.5574714 -2.3532425
v 0.1738240 0.5465883 -2.4518979
v 0.1779960 0.5390748 -2.3563821
v 0.1725362 0.5260131 -2.3583524
v 0.1683691 0.5334165 -2.4529227
v 0.1593364 0.5205709 -2.3590216
v 0.1551707 0.5279519 -2.4533920
v 0.1683691 0.5334165 -2.4529227
v 0.1670421 0.5006004 -2.2670856
v 0.1916622 0.4937238 -2.1658035
v 0.1970189 0.4815388 -2.1710129
v 0.1857361 0.5188181 -2.2630637
v 0.1725166 0.5521056 -2.3542654
v 0.1779960 0.5390748 -2.3563821
v 0.1914574 0.4691800 -2.1755557
v 0.1782352 0.4638879 -2.1767715
v 0.1670421 0.5006004 -2.2670856
v 0.1914574 0.4691800 -2.1755557
v 0.2006712 0.4369250 -2.0780093
v 0.1874061 0.4318706 -2.0806931
v 0.1228630 0.4318706 -2.0806931
v 0.1316090 0.4638879 -2.1767715
v 0.1316090 0.5006004 -2.2670856
v 0.1670421 0.5006004 -2.2670856
v 0.1720312 0.4806480 -2.6430096
v 0.1734383 0.4802847 -2.5193625
v 0.1679841 0.4671130 -2.5203873
v 0.1665673 0.4674419 -2.6502567
v 0.1815914 0.4307701 -2.2278397
v 0.1316090 0.4307701 -2.2278397
v 0.1313817 0.3661710 -2.1051181
v 0.1858616 0.3661710 -2.1051181
v 0.2000848 0.4137111 -2.2358731
v 0.2039677 0.3512442 -2.1130435
v 0.1982022 0.3400069 -2.1190097
v 0.1945233 0.4013530 -2.2404160
v 0.1753728 0.4753391 -2.4229776
v 0.1782037 0.4601556 -2.3275906
v 0.1727158 0.4473290 -2.3307016
v 0.1699136 0.4622767 -2.4249478
v 0.1547850 0.4616483 -2.5208566
v 0.1316090 0.4616483 -2.5208566
v 0.1316090 0.4619702 -2.6532596
v 0.1533668 0.4619702 -2.6532596
v 0.1858616 0.3661710 -2.1051181
v 0.1988559 0.3620818 -2.1072897
v 0.1947281 0.4258960 -2.2306635
v 0.1815914 0.4307701 -2.2278397
v 0.1595699 0.4781040 -2.3222830
v 0.1727586 0.4729024 -2.3241040
v 0.1566851 0.4937357 -2.4198380
v 0.1698933 0.4883692 -2.4208609
v 0.1567139 0.4568352 -2.4256168
v 0.1316090 0.4568352 -2.4256168
v 0.1665575 0.4938521 -2.6357651
v 0.1679539 0.4934474 -2.5183817
v 0.1734383 0.4802847 -2.5193625
v 0.1547422 0.4988903 -2.5180206
v 0.1566851 0.4937357 -2.4198380
v 0.1698933 0.4883692 -2.4208609
v 0.1679539 0.4934474 -2.5183817
v 0.1547422 0.4988903 -2.5180206
v 0.1533527 0.4993189 -2.6327652
v 0.1665575 0.4938521 -2.6357651
v 0.1595097 0.4419373 -2.3316135
v 0.1316090 0.4419373 -2.3316135
v 0.1316090 0.4568352 -2.4256168
v 0.1782037 0.4601556 -2.3275906
v 0.2000848 0.4137111 -2.2358731
v 0.1945233 0.4013530 -2.2404160
v 0.1727158 0.4473290 -2.3307016
v 0.1782037 0.4601556 -2.3275906
v 0.1698933 0.4883692 -2.4208609
v 0.1753728 0.4753391 -2.4229776
v 0.1734383 0.4802847 -2.5193625
v 0.1533527 0.4993189 -2.6327652
v 0.1316090 0.4993189 -2.6327652
v 0.1316090 0.4988903 -2.5180206
v 0.1547422 0.4988903 -2.5180206
v 0.1533527 0.4993189 -2.6327652
v 0.1595699 0.4781040 -2.3222830
v 0.1316090 0.4781040 -2.3222830
v 0.1815914 0.4307701 -2.2278397
v 0.1665673 0.4674419 -2.6502567
v 0.1679841 0.4671130 -2.5203873
v 0.1547850 0.4616483 -2.5208566
v 0.1533668 0.4619702 -2.6532596
v 0.1547422 0.4988903 -2.5180206
v 0.1316090 0.4988903 -2.5180206
v 0.1316090 0.4937357 -2.4198380
v 0.1566851 0.4937357 -2.4198380
v 0.1547422 0.4988903 -2.5180206
v 0.1947281 0.4258960 -2.2306635
v 0.1988559 0.3620818 -2.1072897
v 0.2039677 0.3512442 -2.1130435
v 0.1947281 0.4258960 -2.2306635
v 0.1566851 0.4937357 -2.4198380
v 0.1734383 0.4802847 -2.5193625
v 0.1753728 0.4753391 -2.4229776
v 0.1699136 0.4622767 -2.4249478
v 0.1679841 0.4671130 -2.5203873
v 0.1547850 0.4616483 -2.5208566
v 0.1727158 0.4473290 -2.3307016
v 0.1595097 0.4419373 -2.3316135
v 0.1727586 0.4729024 -2.3241040
v 0.1782037 0.4601556 -2.3275906
v 0.1698933 0.4883692 -2.4208609
v 0.1727586 0.4729024 -2.3241040
v 0.1753728 0.4753391 -2.4229776
v 0.1698933 0.4883692 -2.4208609
v 0.1727158 0.4473290 -2.3307016
v 0.1945233 0.4013530 -2.2404160
v 0.1813017 0.3960601 -2.2416315
v 0.1727158 0.4473290 -2.3307016
v 0.1849371 0.3349526 -2.1216925
v 0.1813017 0.3960601 -2.2416315
v 0.1313817 0.3349526 -2.1216925
v 0.1316090 0.3960601 -2.2416315
v 0.1849371 0.3349526 -2.1216925
v 0.1813017 0.3960601 -2.2416315
v 0.1316090 0.4419373 -2.3316135
v 0.1840912 0.3089977 -2.1597504
v 0.2108556 0.2980774 -2.1627420
v 0.2219421 0.2735652 -2.1737503
v 0.2108556 0.2498197 -2.1863272
v 0.1840912 0.2407504 -2.1931064
v 0.1573276 0.2516707 -2.1901151
v 0.1462411 0.2761829 -2.1791064
v 0.1840912 0.3089977 -2.1597504
v 0.1573276 0.2999291 -2.1665286
v 0.2108556 0.2498197 -2.1863272
v 0.2131331 0.2209882 -2.1428296
v 0.1795895 0.2096219 -2.1513248
v 0.1840912 0.2407504 -2.1931064
v 0.2108556 0.2498197 -2.1863272
v 0.1795895 0.2096219 -2.1513248
v 0.1460461 0.2233078 -2.1475766
v 0.1573276 0.2516707 -2.1901151
v 0.2219421 0.2735652 -2.1737503
v 0.2270273 0.2507484 -2.1270660
v 0.2108556 0.2498197 -2.1863272
v 0.2219421 0.2735652 -2.1737503
v 0.1460461 0.2233078 -2.1475766
v 0.1321518 0.2540295 -2.1337793
v 0.1462411 0.2761829 -2.1791064
v 0.1573276 0.2516707 -2.1901151
v 0.2108556 0.2980774 -2.1627420
v 0.2131331 0.2814701 -2.1132693
v 0.2270273 0.2507484 -2.1270660
v 0.2219421 0.2735652 -2.1737503
v 0.2108556 0.2980774 -2.1627420
v 0.1462411 0.2761829 -2.1791064
v 0.1460461 0.2837897 -2.1180157
v 0.1573276 0.2999291 -2.1665286
v 0.1840912 0.3089977 -2.1597504
v 0.1795895 0.2951560 -2.1095203
v 0.2108556 0.2980774 -2.1627420
v 0.1840912 0.3089977 -2.1597504
v 0.1460461 0.2837897 -2.1180157
v 0.1567492 0.3469278 -4.1343564
v -0.1567474 0.3469278 -4.1343564
v -0.1567474 0.3469278 -4.0299063
v 0.1567492 0.3469278 -4.0299063
v 0.1869554 0.3188124 -4.1343564
v 0.1869554 0.3188124 -4.0476431
v 0.1869554 0.1779883 -4.1343564
v -0.1869536 0.3188124 -4.1343564
v -0.1869536 0.1779883 -4.1343564
v -0.1869536 0.3188124 -4.0476431
v -0.1869536 0.3188124 -4.1343564
v -0.1869536 0.3188124 -4.0476431
v -0.1567474 0.3469278 -4.0299063
v -0.1567474 0.3469278 -4.1343564
v -0.1869536 0.3188124 -4.1343564
v 0.1869554 0.3188124 -4.0476431
v 0.1869554 0.3188124 -4.1343564
v 0.1567492 0.3469278 -4.0299063
v 0.1869554 0.1779883 -4.1343564
v 0.1952053 0.1633218 -3.6594601
v -0.1952036 0.1633218 -3.6594601
v -0.1840021 0.1509910 -3.6669980
v 0.1840038 0.1509910 -3.6669980
v 0.1952053 0.1633218 -3.6594601
v 0.1382877 0.2462074 -1.9438037
v 0.1382878 0.6383172 -2.5243320
v 0.1382877 0.4277200 -1.5891313
v -0.1382864 0.2412744 -3.6218832
v -0.1382864 0.5419520 -3.4279977
v -0.1952037 0.5419520 -3.4279977
v -0.1952036 0.1633218 -3.6594601
v -0.2092107 0.1674300 -4.1442374
v -0.2092108 0.1636774 -3.6816306
v -0.2097797 0.5532264 -3.4428140
v -0.2097796 0.8228056 -3.7592557
v -0.2092107 0.1674300 -4.1442374
v -0.1952036 0.1633218 -3.6594601
v -0.1952037 0.5419520 -3.4279977
v -0.2097797 0.5532264 -3.4428140
v -0.1952036 0.1509910 -3.6894089
v 0.1952053 0.1509910 -3.6894089
v 0.1840038 0.1509910 -3.6669980
v -0.1840021 0.1509910 -3.6669980
v 0.1865875 0.8816546 -1.7459012
v 0.2097810 0.8256498 -1.7459012
v 0.2097813 0.8228056 -3.7592557
v 0.1875038 0.8816546 -3.7250089
v 0.1865875 0.8816546 -1.7459012
v -0.1382864 0.5419520 -3.4279977
v -0.1382865 0.6383172 -2.5243320
v -0.1952039 0.6383172 -2.5243320
v -0.1952037 0.5419520 -3.4279977
v -0.2092108 0.1636774 -3.6816306
v -0.1952036 0.1509910 -3.6894089
v -0.1840021 0.1509910 -3.6669980
v -0.1952036 0.1633218 -3.6594601
v 0.1382877 0.2462074 -1.9438037
v -0.1382866 0.2462074 -1.9438037
v -0.1382864 0.2412744 -3.6218832
v 0.1382880 0.2412744 -3.6218832
v 0.1382877 0.2462074 -1.9438037
v -0.1382867 0.4277200 -1.5891313
v -0.1952039 0.4277200 -1.5891313
v -0.1382865 0.6383172 -2.5243320
v -0.1382867 0.4277200 -1.5891313
v -0.2097800 0.8256498 -1.7459012
v -0.2092110 0.6446819 -2.5182843
v -0.2092111 0.4348899 -1.5829527
v 0.2092121 0.4348899 -1.5829527
v 0.2092123 0.6446819 -2.5182843
v 0.2097810 0.8256498 -1.7459012
v 0.1952050 0.4277200 -1.5891313
v 0.1952051 0.6383172 -2.5243320
v 0.2092123 0.6446819 -2.5182843
v -0.1952036 0.1509910 -3.6894089
v -0.1952036 0.1509910 -4.1403867
v 0.1952054 0.1509910 -4.1403867
v 0.1952053 0.1509910 -3.6894089
v -0.1875021 0.8816546 -3.7250089
v -0.1865865 0.8816546 -1.7459012
v 0.1865875 0.8816546 -1.7459012
v 0.1531418 0.3846531 -3.9560434
v -0.1531400 0.3846531 -3.9560434
v -0.1536247 0.8335933 -3.6968393
v 0.1536264 0.8335933 -3.6968393
v 0.1531418 0.3846531 -3.9560434
v -0.1952036 0.1633218 -3.6594601
v 0.1952053 0.1633218 -3.6594601
v 0.1382880 0.2412744 -3.6218832
v -0.1382864 0.2412744 -3.6218832
v -0.1382866 0.2462074 -1.9438037
v -0.1382865 0.6383172 -2.5243320
v -0.1382864 0.5419520 -3.4279977
v -0.1382864 0.2412744 -3.6218832
v -0.1952036 0.1509910 -4.1403867
v -0.1952036 0.1509910 -3.6894089
v -0.2092108 0.1636774 -3.6816306
v -0.2092107 0.1674300 -4.1442374
v -0.1865865 0.8816546 -1.7459012
v -0.1875021 0.8816546 -3.7250089
v -0.2097796 0.8228056 -3.7592557
v -0.2097800 0.8256498 -1.7459012
v 0.2092125 0.1674300 -4.1442374
v 0.1531418 0.3846531 -4.0166360
v 0.2097813 0.8228056 -3.7592557
v 0.1952053 0.1633218 -3.6594601
v 0.2092125 0.1636774 -3.6816306
v 0.2097813 0.5532264 -3.4428140
v 0.1952052 0.5419520 -3.4279977
v 0.1952053 0.1633218 -3.6594601
v 0.2092125 0.1674300 -4.1442374
v 0.2097813 0.8228056 -3.7592557
v 0.2097813 0.5532264 -3.4428140
v 0.1382880 0.2412744 -3.6218832
v 0.1952053 0.1633218 -3.6594601
v 0.1952052 0.5419520 -3.4279977
v 0.1382880 0.5419520 -3.4279977
v 0.1952054 0.1509910 -4.1403867
v 0.1952053 0.1509910 -3.6894089
v -0.1875021 0.8816546 -3.7250089
v -0.1536247 0.8332321 -3.7534213
v -0.2097796 0.8228056 -3.7592557
v -0.1531400 0.3846531 -4.0166360
v 0.2092123 0.6446819 -2.5182843
v 0.1952051 0.6383172 -2.5243320
v 0.1952052 0.5419520 -3.4279977
v 0.2097813 0.5532264 -3.4428140
v 0.1952053 0.1633218 -3.6594601
v 0.1840038 0.1509910 -3.6669980
v 0.1952053 0.1509910 -3.6894089
v 0.1382880 0.5419520 -3.4279977
v 0.1952051 0.6383172 -2.5243320
v 0.1382878 0.6383172 -2.5243320
v 0.1952054 0.1509910 -4.1403867
v -0.1952036 0.1509910 -4.1403867
v -0.2092107 0.1674300 -4.1442374
v 0.2092125 0.1674300 -4.1442374
v 0.1952054 0.1509910 -4.1403867
v -0.1952039 0.4277200 -1.5891313
v -0.2092111 0.4348899 -1.5829527
v -0.2092110 0.6446819 -2.5182843
v -0.1952039 0.6383172 -2.5243320
v -0.1536247 0.8332321 -3.7534213
v -0.1875021 0.8816546 -3.7250089
v 0.1536265 0.8332321 -3.7534213
v -0.2097797 0.5532264 -3.4428140
v -0.1952037 0.5419520 -3.4279977
v -0.1952039 0.6383172 -2.5243320
v -0.1382867 0.4277200 -1.5891313
v -0.1382865 0.6383172 -2.5243320
v -0.1382866 0.2462074 -1.9438037
v 0.2097813 0.8228056 -3.7592557
v -0.1536247 0.8332321 -3.7534213
v 0.1536264 0.8335933 -3.6968393
v -0.1536247 0.8335933 -3.6968393
v 0.1952050 0.4277200 -1.5891313
v 0.1382877 0.4277200 -1.5891313
v 0.1952051 0.6383172 -2.5243320
v 0.1952050 0.4277200 -1.5891313
v 0.1382877 0.2462074 -1.9438037
v 0.1382880 0.2412744 -3.6218832
v 0.1531418 0.3846531 -3.9560434
v 0.1536264 0.8335933 -3.6968393
v 0.1536265 0.8332321 -3.7534213
v 0.1531418 0.3846531 -4.0166360
v 0.1531418 0.3846531 -3.9560434
v -0.1536247 0.8335933 -3.6968393
v -0.1531400 0.3846531 -3.9560434
v -0.1531400 0.3846531 -4.0166360
v -0.1536247 0.8332321 -3.7534213
v 0.2097813 0.8228056 -3.7592557
v 0.1531418 0.3846531 -4.0166360
v 0.1536265 0.8332321 -3.7534213
v -0.1531400 0.3846531 -4.0166360
v 0.1531418 0.3846531 -4.0166360
v 0.2092125 0.1674300 -4.1442374
v -0.2092107 0.1674300 -4.1442374
v -0.1531400 0.3846531 -4.0166360
v -0.2097796 0.8228056 -3.7592557
v -0.1531400 0.3846531 -3.9560434
v 0.1531418 0.3846531 -3.9560434
v 0.1531418 0.3846531 -4.0166360
v -0.1531400 0.3846531 -4.0166360
v 0.2097813 0.5532264 -3.4428140
v 0.2097813 0.8228056 -3.7592557
v 0.2092123 0.6446819 -2.5182843
v 0.2097810 0.8256498 -1.7459012
v -0.2097797 0.5532264 -3.4428140
v -0.2092110 0.6446819 -2.5182843
v -0.2097796 0.8228056 -3.7592557
v -0.2097800 0.8256498 -1.7459012
v -0.9693862 0.9645164 0.8660945
v -0.9289794 0.9933660 0.8660945
v -0.8570742 0.8637946 -0.5537140
v -0.8972621 0.8406670 -0.5820195
v 0.4777995 0.4032742 2.1776675
v 0.4777995 0.5091856 2.2237723
v -0.4777998 0.5091856 2.2237723
v -0.4777998 0.4032742 2.1776675
v 0.4777995 0.4032742 2.1776675
v 0.4777995 0.7289717 2.2271048
v -0.4777998 0.7289717 2.2271048
v -0.4777998 0.5091856 2.2237723
v -0.4777996 0.8093400 0.8660945
v -0.4777998 0.8093400 2.1887558
v 0.4777995 0.8093400 2.1887558
v 0.4777998 0.8093400 0.8660948
v -0.4777996 0.8093400 0.8660945
v 0.4777995 0.8093400 2.1887558
v -0.4777998 0.7289717 2.2271048
v 0.4778001 0.8629557 -0.7760179
v -0.4777993 0.8629557 -0.7760181
v -0.4777996 0.8093400 0.8660945
v 0.4777998 0.8093400 0.8660948
v 0.4777995 0.4032742 2.1776675
v -0.4777998 0.4032742 2.1776675
v -1.1052087 0.3449722 0.8182030
v 1.1052089 0.3449722 0.8182033
v -0.7314825 0.3449722 -0.7339470
v -0.4604857 0.3449722 -0.7339468
v -0.7314825 -0.0007141 -0.7339470
v -0.7314825 0.3449722 -0.7339470
v -0.7314825 0.3449722 -0.7589943
v -0.4604857 0.3449722 -0.7339468
v -1.0283773 0.3449722 -0.6575746
v -1.2235075 0.4032742 -0.7260912
v -1.1908904 0.4032742 -0.7822502
v -0.9773988 0.3449722 -0.7114920
v -1.0283773 0.3449722 -0.6575746
v -1.0356116 0.6728252 -0.6926472
v -1.1914082 0.5091856 -0.7819185
v -1.2234745 0.5091856 -0.7267203
v -1.0691517 0.6728252 -0.6372948
v -1.3057523 0.5091856 0.8660945
v -1.3057523 0.4032742 0.8660945
v -1.1290266 0.4032742 2.1897061
v -1.1290266 0.5091856 2.1897061
v -1.0518282 0.6985571 -0.6654662
v -0.4738987 0.6981546 -1.0162349
v -0.4604856 0.6690138 -1.0441467
v -1.0356116 0.6728252 -0.6926472
v -0.8972621 0.8406670 -0.5820195
v -0.4773182 0.8403191 -0.8393393
v -0.4738987 0.6981546 -1.0162349
v -1.0518282 0.6985571 -0.6654662
v -1.0071819 0.5091856 2.3116324
v -1.0138432 0.4032742 2.3116324
v -0.4777998 0.4032742 2.3116324
v -0.4777998 0.5091856 2.3116324
v -1.0138432 0.4032742 2.3116324
v -1.1290266 0.4032742 2.1897061
v -0.4777998 0.4032742 2.3116324
v -1.1309063 0.7022873 0.8670457
v -1.1509434 0.6732931 0.8660945
v -0.9765779 0.6705070 2.1897061
v -0.9591718 0.6982745 2.1897061
v -0.7314825 0.3449722 -0.7589943
v -0.4604856 0.4032742 -1.2504834
v -0.9228985 0.6774075 2.2749014
v -0.7581148 0.8769124 2.2313406
v -0.8081772 0.8564410 2.1897061
v -0.9591718 0.6982745 2.1897061
v -0.9765779 0.6705070 2.1897061
v -0.4777996 0.9933660 0.8660945
v -0.4777993 0.8629557 -0.7760181
v -0.8570742 0.8637946 -0.5537140
v -0.9289794 0.9933660 0.8660945
v -0.4777996 0.9933660 0.8660945
v -1.3057523 0.5091856 0.8660945
v -1.1290266 0.5091856 2.1897061
v -0.9765779 0.6705070 2.1897061
v -1.0518282 0.6985571 -0.6654662
v -1.0691517 0.6728252 -0.6372948
v -1.2235075 0.4032742 -0.7260912
v -1.2234745 0.5091856 -0.7267203
v -1.1914082 0.5091856 -0.7819185
v -1.1908904 0.4032742 -0.7822502
v -1.0691517 0.6728252 -0.6372948
v -1.0356116 0.6728252 -0.6926472
v -1.0283773 0.3449722 -0.6575746
v -1.1052087 0.3449722 0.8182030
v -1.3057523 0.4032742 0.8660945
v -1.2235075 0.4032742 -0.7260912
v -0.9773988 0.3449722 -0.7114920
v -1.1908904 0.4032742 -0.7822502
v -0.4604856 0.4032742 -1.2504834
v -0.9773988 0.3449722 -0.7114920
v -0.4777998 0.5091856 2.3116324
v -0.4777998 0.6774075 2.2749014
v -0.9228985 0.6774075 2.2749014
v -1.0071819 0.5091856 2.3116324
v -0.4777998 0.5091856 2.3116324
v -1.1153943 -0.0007141 -0.7975684
v -0.7314825 -0.0007141 -1.0010866
v -0.7314825 -0.0007141 -0.7339470
v -1.1555499 -0.0007141 -0.7346323
v -0.4777998 0.7289717 2.2271048
v -0.4777998 0.5091856 2.3116324
v -0.4777998 0.5091856 2.2237723
v -0.4777998 0.7289717 2.2271048
v -0.7314824 0.1477863 -1.1161871
v -1.2025318 0.1477863 -0.8485110
v -0.9773988 0.3449722 -0.7114920
v -0.7314825 0.3449722 -0.7589943
v -0.7314824 0.1477863 -1.1161871
v -1.0618435 0.5091856 2.3206107
v -1.1290266 0.5091856 2.1897061
v -1.1290266 0.4032742 2.1897061
v -1.0618435 0.4032742 2.3206107
v -1.2234745 0.5091856 -0.7267203
v -1.2235075 0.4032742 -0.7260912
v -1.2234745 0.5091856 -0.7267203
v -1.2026973 0.0646257 -0.8484184
v -1.2404101 0.0646257 -0.7861165
v -1.2404156 0.1477863 -0.7859747
v -1.2025318 0.1477863 -0.8485110
v -0.7314825 -0.0007141 -0.7339470
v -0.7314825 -0.0007141 -1.0010866
v -0.7314825 0.3449722 -0.7339470
v -0.7314824 0.0646257 -1.1161871
v -0.4777996 0.8093400 0.8660945
v -0.4777993 0.8629557 -0.7760181
v -0.4777996 0.9933660 0.8660945
v -0.8081772 0.8564410 2.1897061
v -0.9693862 0.9645164 0.8660945
v -0.9591718 0.6982745 2.1897061
v -1.2234745 0.5091856 -0.7267203
v -1.0691517 0.6728252 -0.6372948
v -0.8972621 0.8406670 -0.5820195
v -0.8570742 0.8637946 -0.5537140
v -0.4777993 0.8629557 -0.7760181
v -0.4773182 0.8403191 -0.8393393
v -0.8972621 0.8406670 -0.5820195
v -1.2264635 -0.0007141 0.8182030
v 1.2264638 -0.0007141 0.8182033
v 1.1052089 0.3449722 0.8182033
v -1.0618435 0.4032742 2.3206107
v -1.1908904 0.4032742 -0.7822502
v -0.4604856 0.5091856 -1.2504834
v -0.4604856 0.4032742 -1.2504834
v -1.1908904 0.4032742 -0.7822502
v -0.7601748 0.8820453 2.1897061
v -0.4777998 0.8820453 2.1897061
v -0.4777996 0.9933660 0.8660945
v -0.9289794 0.9933660 0.8660945
v -0.7601748 0.8820453 2.1897061
v -0.4777998 0.5091856 2.3116324
v -0.4777998 0.4032742 2.3116324
v -0.4777998 0.4032742 2.1776675
v -0.4777998 0.5091856 2.2237723
v -1.2264635 -0.0007141 0.8182030
v -1.3022958 0.0646257 0.8182030
v -1.2404101 0.0646257 -0.7861165
v -1.1555499 -0.0007141 -0.7346323
v -0.9228985 0.6774075 2.2749014
v -0.9765779 0.6705070 2.1897061
v -1.1290266 0.5091856 2.1897061
v -1.0618435 0.5091856 2.3206107
v -1.2404156 0.1477863 -0.7859747
v -1.3022958 0.0646257 0.8182030
v -1.3022958 0.1477863 0.8182030
v -1.0356116 0.6728252 -0.6926472
v -0.4604856 0.6690138 -1.0441467
v -0.4604856 0.5091856 -1.2504834
v -1.1914082 0.5091856 -0.7819185
v -1.0356116 0.6728252 -0.6926472
v 0.4604865 0.3449722 -0.7339468
v 0.7314833 -0.0007141 -0.7339467
v -0.7314825 -0.0007141 -0.7339470
v -0.4604857 0.3449722 -0.7339468
v -1.1153943 -0.0007141 -0.7975684
v -1.1555499 -0.0007141 -0.7346323
v -1.2404101 0.0646257 -0.7861165
v -1.2026973 0.0646257 -0.8484184
v -0.7314824 0.0646257 -1.1161871
v -0.7314825 -0.0007141 -1.0010866
v -1.1153943 -0.0007141 -0.7975684
v -0.9228985 0.6774075 2.2749014
v -0.4777998 0.6774075 2.2749014
v -0.4777998 0.8769124 2.2313406
v -0.7581148 0.8769124 2.2313406
v -0.9228985 0.6774075 2.2749014
v -1.3022958 0.1477863 0.8182030
v -1.1052087 0.3449722 0.8182030
v -1.0283773 0.3449722 -0.6575746
v -1.2404156 0.1477863 -0.7859747
v -0.7314824 0.1477863 -1.1161871
v -0.7314825 0.3449722 -0.7589943
v -0.7314825 0.3449722 -0.7339470
v -0.7314824 0.0646257 -1.1161871
v -0.7314824 0.0646257 -1.1161871
v -1.2026973 0.0646257 -0.8484184
v -1.2025318 0.1477863 -0.8485110
v -0.7314824 0.1477863 -1.1161871
v -0.7314824 0.0646257 -1.1161871
v -1.0518282 0.6985571 -0.6654662
v -1.1309063 0.7022873 0.8670457
v -0.9693862 0.9645164 0.8660945
v -0.8972621 0.8406670 -0.5820195
v -1.0283773 0.3449722 -0.6575746
v -0.9773988 0.3449722 -0.7114920
v -1.2025318 0.1477863 -0.8485110
v -1.2404156 0.1477863 -0.7859747
v -1.0618435 0.5091856 2.3206107
v -1.0071819 0.5091856 2.3116324
v -0.9228985 0.6774075 2.2749014
v -1.2264635 -0.0007141 0.8182030
v -1.1052087 0.3449722 0.8182030
v -1.3022958 0.0646257 0.8182030
v -1.2264635 -0.0007141 0.8182030
v -1.0138432 0.4032742 2.3116324
v -1.0071819 0.5091856 2.3116324
v -1.0618435 0.4032742 2.3206107
v -1.0138432 0.4032742 2.3116324
v -0.4777996 0.9933660 0.8660945
v -0.4777998 0.8820453 2.1897061
v -0.4777998 0.8093400 2.1887558
v -0.4777996 0.8093400 0.8660945
v -0.4777996 0.9933660 0.8660945
v -0.4777998 0.8093400 2.1887558
v -0.4777998 0.8769124 2.2313406
v -0.4777998 0.6774075 2.2749014
v -0.4777998 0.7289717 2.2271048
v 1.2264638 -0.0007141 0.8182033
v 0.7314833 -0.0007141 -0.7339467
v -0.4777998 0.8769124 2.2313406
v -0.7601748 0.8820453 2.1897061
v -0.7581148 0.8769124 2.2313406
v -0.4777998 0.8820453 2.1897061
v -0.8081772 0.8564410 2.1897061
v -0.7601748 0.8820453 2.1897061
v -0.9289794 0.9933660 0.8660945
v -0.9693862 0.9645164 0.8660945
v -0.7314825 -0.0007141 -0.7339470
v -1.1052087 0.3449722 0.8182030
v -1.1290266 0.4032742 2.1897061
v -1.3057523 0.4032742 0.8660945
v -0.8081772 0.8564410 2.1897061
v -0.7601748 0.8820453 2.1897061
v 0.9693864 0.9645164 0.8660948
v 0.8972627 0.8406670 -0.5820192
v 0.8570747 0.8637946 -0.5537138
v 0.9289796 0.9933660 0.8660948
v 0.9693864 0.9645164 0.8660948
v 0.7601747 0.8820453 2.1897061
v 0.7581145 0.8769124 2.2313406
v 0.8081770 0.8564410 2.1897061
v 1.3057524 0.4032742 0.8660948
v 1.1290263 0.4032742 2.1897067
v 1.1052089 0.3449722 0.8182033
v 0.7314833 -0.0007141 -0.7339467
v 1.1555507 -0.0007141 -0.7346318
v 0.8081770 0.8564410 2.1897061
v 0.9693864 0.9645164 0.8660948
v 0.9289796 0.9933660 0.8660948
v 0.7601747 0.8820453 2.1897061
v 0.8081770 0.8564410 2.1897061
v 0.4777995 0.8820453 2.1897061
v 0.4777995 0.8093400 2.1887558
v 0.4777995 0.8769124 2.2313406
v 0.7581145 0.8769124 2.2313406
v 0.4777995 0.8820453 2.1897061
v 0.7314833 -0.0007141 -0.7339467
v 0.4604865 0.3449722 -0.7339468
v 0.7314833 0.3449722 -0.7339467
v 0.4604865 0.3449722 -0.7339468
v 0.7314833 0.3449722 -0.7589940
v 0.7314833 0.3449722 -0.7339467
v 1.0283781 0.3449722 -0.6575743
v 0.9773996 0.3449722 -0.7114917
v 1.1908913 0.4032742 -0.7822499
v 1.2235081 0.4032742 -0.7260907
v 1.0356123 0.6728252 -0.6926469
v 1.0691524 0.6728252 -0.6372945
v 1.2234752 0.5091856 -0.7267200
v 1.1914088 0.5091856 -0.7819180
v 1.3057524 0.5091856 0.8660948
v 1.1290263 0.5091856 2.1897067
v 1.1290263 0.4032742 2.1897067
v 1.3057524 0.4032742 0.8660948
v 1.0356123 0.6728252 -0.6926469
v 0.4604865 0.6690138 -1.0441466
v 0.4738995 0.6981546 -1.0162347
v 1.0518291 0.6985571 -0.6654659
v 0.4773189 0.8403191 -0.8393391
v 0.8972627 0.8406670 -0.5820192
v 1.0518291 0.6985571 -0.6654659
v 1.0071815 0.5091856 2.3116330
v 0.4777995 0.5091856 2.3116324
v 0.4777995 0.4032742 2.3116324
v 1.0138429 0.4032742 2.3116330
v 1.0071815 0.5091856 2.3116330
v 1.0138429 0.4032742 2.3116330
v 0.4777995 0.4032742 2.3116324
v 0.4777995 0.4032742 2.1776675
v 1.1290263 0.4032742 2.1897067
v 1.1309065 0.7022873 0.8670461
v 0.9591716 0.6982745 2.1897067
v 0.9765778 0.6705070 2.1897067
v 1.1509435 0.6732931 0.8660948
v 0.4604866 0.4032742 -1.2504831
v 0.4604865 0.3449722 -0.7339468
v 0.9228981 0.6774075 2.2749014
v 0.9591716 0.6982745 2.1897067
v 0.8081770 0.8564410 2.1897061
v 0.7581145 0.8769124 2.2313406
v 0.9765778 0.6705070 2.1897067
v 0.9591716 0.6982745 2.1897067
v 0.4777998 0.9933660 0.8660948
v 0.9289796 0.9933660 0.8660948
v 0.8570747 0.8637946 -0.5537138
v 0.4778001 0.8629557 -0.7760179
v 1.3057524 0.5091856 0.8660948
v 1.1509435 0.6732931 0.8660948
v 1.1290263 0.5091856 2.1897067
v 1.0691524 0.6728252 -0.6372945
v 1.0518291 0.6985571 -0.6654659
v 1.1309065 0.7022873 0.8670461
v 1.1509435 0.6732931 0.8660948
v 1.2235081 0.4032742 -0.7260907
v 1.1914088 0.5091856 -0.7819180
v 1.2234752 0.5091856 -0.7267200
v 1.2235081 0.4032742 -0.7260907
v 1.0356123 0.6728252 -0.6926469
v 1.0518291 0.6985571 -0.6654659
v 1.0691524 0.6728252 -0.6372945
v 1.0283781 0.3449722 -0.6575743
v 1.2235081 0.4032742 -0.7260907
v 1.3057524 0.4032742 0.8660948
v 1.1052089 0.3449722 0.8182033
v 0.9773996 0.3449722 -0.7114917
v 0.4604866 0.4032742 -1.2504831
v 0.4777995 0.5091856 2.3116324
v 1.0071815 0.5091856 2.3116330
v 0.9228981 0.6774075 2.2749014
v 0.4777995 0.6774075 2.2749014
v 0.4777995 0.5091856 2.3116324
v 1.1153951 -0.0007141 -0.7975679
v 1.1555507 -0.0007141 -0.7346318
v 0.7314833 -0.0007141 -0.7339467
v 0.7314833 -0.0007141 -1.0010863
v 0.4777995 0.7289717 2.2271048
v 0.4777995 0.5091856 2.2237723
v 0.4777995 0.5091856 2.3116324
v 0.4777995 0.7289717 2.2271048
v 0.7314833 0.1477863 -1.1161870
v 0.7314833 0.3449722 -0.7589940
v 0.9773996 0.3449722 -0.7114917
v 1.2025325 0.1477863 -0.8485106
v 0.7314833 0.1477863 -1.1161870
v 1.0618431 0.5091856 2.3206113
v 1.0618431 0.4032742 2.3206113
v 1.1290263 0.4032742 2.1897067
v 1.1290263 0.5091856 2.1897067
v 1.0618431 0.5091856 2.3206113
v 1.2234752 0.5091856 -0.7267200
v 1.3057524 0.5091856 0.8660948
v 1.3057524 0.4032742 0.8660948
v 1.2235081 0.4032742 -0.7260907
v 1.2026981 0.0646257 -0.8484181
v 1.2025325 0.1477863 -0.8485106
v 1.2404164 0.1477863 -0.7859744
v 1.2404109 0.0646257 -0.7861160
v 0.7314833 0.3449722 -0.7339467
v 0.7314833 -0.0007141 -1.0010863
v 0.7314833 -0.0007141 -0.7339467
v 0.7314833 0.0646257 -1.1161870
v 0.4777998 0.9933660 0.8660948
v 0.4778001 0.8629557 -0.7760179
v 0.4777998 0.8093400 0.8660948
v 0.8081770 0.8564410 2.1897061
v 0.9591716 0.6982745 2.1897067
v 1.1309065 0.7022873 0.8670461
v 0.9693864 0.9645164 0.8660948
v 0.8081770 0.8564410 2.1897061
v 1.2234752 0.5091856 -0.7267200
v 1.0691524 0.6728252 -0.6372945
v 1.1509435 0.6732931 0.8660948
v 1.3057524 0.5091856 0.8660948
v 0.8972627 0.8406670 -0.5820192
v 0.4773189 0.8403191 -0.8393391
v 0.4778001 0.8629557 -0.7760179
v 0.8570747 0.8637946 -0.5537138
v 0.4777995 0.8093400 2.1887558
v 0.4777995 0.7289717 2.2271048
v 0.4777995 0.6774075 2.2749014
v 0.4777995 0.8769124 2.2313406
v 1.0138429 0.4032742 2.3116330
v 1.1290263 0.4032742 2.1897067
v 1.0618431 0.4032742 2.3206113
v 0.4604866 0.4032742 -1.2504831
v 0.4604866 0.5091856 -1.2504831
v 1.1914088 0.5091856 -0.7819180
v 0.7601747 0.8820453 2.1897061
v 0.9289796 0.9933660 0.8660948
v 0.4777995 0.8820453 2.1897061
v 0.4777995 0.5091856 2.3116324
v 0.4777995 0.5091856 2.2237723
v 0.4777995 0.4032742 2.1776675
v 0.4777995 0.4032742 2.3116324
v 0.4777995 0.5091856 2.3116324
v 1.2264638 -0.0007141 0.8182033
v 1.1555507 -0.0007141 -0.7346318
v 1.2404109 0.0646257 -0.7861160
v 1.3022960 0.0646257 0.8182033
v 0.9228981 0.6774075 2.2749014
v 1.0618431 0.5091856 2.3206113
v 1.1290263 0.5091856 2.1897067
v 0.9228981 0.6774075 2.2749014
v 1.2404164 0.1477863 -0.7859744
v 1.3022960 0.1477863 0.8182033
v 1.3022960 0.0646257 0.8182033
v 1.2404109 0.0646257 -0.7861160
v 1.2404164 0.1477863 -0.7859744
v 1.0356123 0.6728252 -0.6926469
v 1.1914088 0.5091856 -0.7819180
v 0.4604866 0.5091856 -1.2504831
v 0.4604865 0.6690138 -1.0441466
v 0.4777998 0.9933660 0.8660948
v 0.4777998 0.8093400 0.8660948
v 0.4777995 0.8093400 2.1887558
v 0.4777995 0.8820453 2.1897061
v 1.1153951 -0.0007141 -0.7975679
v 1.2026981 0.0646257 -0.8484181
v 1.2404109 0.0646257 -0.7861160
v 1.1555507 -0.0007141 -0.7346318
v 1.2026981 0.0646257 -0.8484181
v 1.1153951 -0.0007141 -0.7975679
v 0.7314833 -0.0007141 -1.0010863
v 0.7314833 0.0646257 -1.1161870
v 0.9228981 0.6774075 2.2749014
v 0.7581145 0.8769124 2.2313406
v 0.4777995 0.8769124 2.2313406
v 0.4777995 0.6774075 2.2749014
v 1.2404164 0.1477863 -0.7859744
v 1.0283781 0.3449722 -0.6575743
v 1.1052089 0.3449722 0.8182033
v 0.7314833 0.1477863 -1.1161870
v 0.7314833 0.0646257 -1.1161870
v 0.7314833 0.3449722 -0.7339467
v 0.7314833 0.3449722 -0.7589940
v 0.7314833 0.0646257 -1.1161870
v 0.7314833 0.1477863 -1.1161870
v 1.2025325 0.1477863 -0.8485106
v 1.2026981 0.0646257 -0.8484181
v 1.0518291 0.6985571 -0.6654659
v 0.8972627 0.8406670 -0.5820192
v 0.9693864 0.9645164 0.8660948
v 1.1309065 0.7022873 0.8670461
v 1.0518291 0.6985571 -0.6654659
v 1.2404164 0.1477863 -0.7859744
v 1.2025325 0.1477863 -0.8485106
v 0.9773996 0.3449722 -0.7114917
v 0.9228981 0.6774075 2.2749014
v 1.0071815 0.5091856 2.3116330
v 1.0618431 0.5091856 2.3206113
v 1.2264638 -0.0007141 0.8182033
v 1.3022960 0.0646257 0.8182033
v 1.1052089 0.3449722 0.8182033
v 1.2264638 -0.0007141 0.8182033
v 1.0138429 0.4032742 2.3116330
v 1.0618431 0.4032742 2.3206113
v 1.0071815 0.5091856 2.3116330
v 1.0138429 0.4032742 2.3116330
v 1.1052089 0.3449722 0.8182033
v 0.4777995 0.4032742 2.1776675
v 0.1911031 0.9844406 2.0560959
v 0.1920731 1.0532061 2.0719388
v 0.1920732 1.1353567 1.7343954
v 0.1911032 1.0805212 1.7224008
v 0.1911031 0.9844406 2.0560959
v 0.2547302 1.1353567 1.7343954
v 0.2547301 1.0532061 2.0719388
v 0.2537601 0.9844406 2.0560959
v 0.2537602 1.0805212 1.7224008
v 0.2082280 1.0650838 2.0758182
v 0.2385745 1.0650838 2.0758182
v 0.2387661 1.1479364 1.7386911
v 0.2080373 1.1479364 1.7386911
v 0.2537602 1.0805212 1.7224008
v 0.2387661 1.1479364 1.7386911
v 0.2547302 1.1353567 1.7343954
v 0.2547301 1.0532061 2.0719388
v 0.1920731 1.0532061 2.0719388
v 0.1911031 0.9844406 2.0560959
v 0.2537601 0.9844406 2.0560959
v 0.1911031 0.9844406 2.0560959
v 0.1911032 1.0805212 1.7224008
v 0.2537601 0.9844406 2.0560959
v 0.1920732 1.1353567 1.7343954
v 0.1920731 1.0532061 2.0719388
v 0.2082280 1.0650838 2.0758182
v 0.1920732 1.1353567 1.7343954
v 0.2547301 1.0532061 2.0719388
v 0.2547302 1.1353567 1.7343954
v 0.2387661 1.1479364 1.7386911
v 0.2385745 1.0650838 2.0758182
v 0.2547301 1.0532061 2.0719388
v 0.2537602 1.0805212 1.7224008
v 0.1911032 1.0805212 1.7224008
v 0.2080373 1.1479364 1.7386911
v 0.1920732 1.1353567 1.7343954
v 0.1911032 1.0805212 1.7224008
v 0.2385745 1.0650838 2.0758182
v 0.2082280 1.0650838 2.0758182
v 0.1920731 1.0532061 2.0719388
v -0.9178663 0.1668674 0.9668527
v -0.9896331 0.0950999 0.9668527
v -0.9388847 0.1161205 0.9668527
v -0.8742421 0.0512695 0.8132188
v -0.8264494 0.1666599 0.8132188
v -0.8264494 0.1668661 0.9157411
v -0.8742421 0.0514785 0.9157411
v -0.9896325 0.0036830 0.9157411
v -0.9896325 0.0034733 0.8132188
v -0.8742421 0.0512695 0.8132188
v -0.8264494 0.1666599 0.8132188
v -0.8742421 0.2820502 0.8132188
v -0.8742421 0.2822599 0.9157411
v -0.8264494 0.1668661 0.9157411
v -1.1050235 0.0514785 0.9157411
v -1.1050235 0.0512695 0.8132188
v -0.9896325 0.0034733 0.8132188
v -0.9896325 0.0036830 0.9157411
v -0.8742421 0.2820502 0.8132188
v -0.9896325 0.3298428 0.8132188
v -0.9896325 0.3300526 0.9157411
v -0.8742421 0.2822599 0.9157411
v -1.1528197 0.1668661 0.9157411
v -1.1528197 0.1666599 0.8132188
v -1.1050235 0.0512695 0.8132188
v -0.9896325 0.3298428 0.8132188
v -1.1050235 0.2820502 0.8132188
v -1.1050235 0.2822599 0.9157411
v -0.9896325 0.3298428 0.8132188
v -0.8264494 0.1668661 0.9157411
v -0.9057066 0.2507961 0.9842912
v -0.8709455 0.1668668 0.9842915
v -0.9896325 0.2855565 0.9842912
v -0.9057066 0.2507961 0.9842912
v -1.0735596 0.2507953 0.9842912
v -1.1050235 0.2822599 0.9157411
v -1.1083237 0.1668668 0.9842912
v -1.0735603 0.0829430 0.9842912
v -0.9896325 0.0481791 0.9842912
v -0.9057066 0.0829424 0.9842912
v -0.8264494 0.1668661 0.9157411
v -1.1050235 0.2820502 0.8132188
v -1.1528197 0.1666599 0.8132188
v -1.1050235 0.2822599 0.9157411
v -0.9178663 0.1668674 0.9668527
v -0.9388847 0.1161205 0.9668527
v -0.9896331 0.0950999 0.9668527
v -0.9896325 0.0481791 0.9842912
v -1.0403815 0.1161205 0.9668527
v -1.0735603 0.0829430 0.9842912
v -1.0614021 0.1668674 0.9668527
v -1.1083237 0.1668668 0.9842912
v -1.0403815 0.2176173 0.9668527
v -1.0735596 0.2507953 0.9842912
v -0.9896331 0.2386364 0.9668527
v -0.9896325 0.2855565 0.9842912
v -0.9388855 0.2176173 0.9668527
v -0.9057066 0.2507961 0.9842912
v -0.9057066 0.2507961 0.9842912
v -0.9388855 0.2176173 0.9668527
v -0.8709455 0.1668668 0.9842915
v -0.4494253 0.3470222 -1.5250584
v -0.4635937 0.2247060 -1.5304813
v -0.4720651 0.3294407 -1.4867522
v -0.4059314 0.1979742 -1.5052927
v -0.4280677 0.2225320 -1.4515923
v -0.4820839 0.2429504 -1.4905869
v -0.4635937 0.2247060 -1.5304813
v -0.4059314 0.1979742 -1.5052927
v -0.3847164 0.2216399 -1.5568542
v -0.4409532 0.2422875 -1.5687871
v -0.4280677 0.2225320 -1.4515923
v -0.4335033 0.2809272 -1.4272116
v -0.4855929 0.2863330 -1.4724741
v -0.4820839 0.2429504 -1.4905869
v -0.3677620 0.2796654 -1.5760742
v -0.3847164 0.2216399 -1.5568542
v -0.4409532 0.2422875 -1.5687871
v -0.4274261 0.2853952 -1.5830655
v -0.4335033 0.2809272 -1.4272116
v -0.4237084 0.3389528 -1.4464308
v -0.4720651 0.3294407 -1.4867522
v -0.4855929 0.2863330 -1.4724741
v -0.3721600 0.3380605 -1.5516928
v -0.4274261 0.2853952 -1.5830655
v -0.4309351 0.3287778 -1.5649524
v -0.3721600 0.3380605 -1.5516928
v -0.4237084 0.3389528 -1.4464308
v -0.3953339 0.3626183 -1.4979926
v -0.4494253 0.3470222 -1.5250584
v -0.4237084 0.3389528 -1.4464308
v -0.4309351 0.3287778 -1.5649524
v -0.4494253 0.3470222 -1.5250584
v -0.5226515 0.1805141 -0.7898898
v -0.6039687 0.0991968 -0.7898898
v -0.5464685 0.2380142 -0.7898898
v -0.7058836 0.1805141 -0.7300848
v -0.6760337 0.2525790 -0.7300848
v -0.6614689 0.2380142 -0.7898898
v -0.6852859 0.1805141 -0.7898898
v -0.6760337 0.1084498 -0.7300848
v -0.6614689 0.1230146 -0.7898898
v -0.6760337 0.2525790 -0.7300848
v -0.6039687 0.2824289 -0.7300848
v -0.6039687 0.2618313 -0.7898898
v -0.6614689 0.2380142 -0.7898898
v -0.6039687 0.0785992 -0.7300848
v -0.6614689 0.1230146 -0.7898898
v -0.6039687 0.0991968 -0.7898898
v -0.6039687 0.2824289 -0.7300848
v -0.5319038 0.2525790 -0.7300848
v -0.5464685 0.2380142 -0.7898898
v -0.6039687 0.2824289 -0.7300848
v -0.5319038 0.1084498 -0.7300848
v -0.6039687 0.0785992 -0.7300848
v -0.6039687 0.0991968 -0.7898898
v -0.5464685 0.1230146 -0.7898898
v -0.5020539 0.1805141 -0.7300848
v -0.5226515 0.1805141 -0.7898898
v -0.5464685 0.2380142 -0.7898898
v -0.5319038 0.2525790 -0.7300848
v -0.5020539 0.1805141 -0.7300848
v -0.5319038 0.1084498 -0.7300848
v -0.5464685 0.1230146 -0.7898898
v -0.6069934 0.9480620 -0.0112315
v -0.6119967 0.9369741 -0.0102363
v -0.6119924 0.9480991 0.1255238
v -0.6069893 0.9591871 0.1245276
v -0.6069934 0.9480620 -0.0112315
v -0.5907516 0.9585025 -0.0118636
v -0.6069893 0.9591871 0.1245276
v -0.5907474 0.9696268 0.1238963
v -0.5907516 0.9585025 -0.0118636
v -0.6128117 0.9160132 -0.0092970
v -0.5687617 0.9377547 -0.0103015
v -0.5673035 0.9167938 -0.0093623
v -0.5687617 0.9377547 -0.0103015
v -0.5741668 0.9486140 -0.0112778
v -0.5741626 0.9597391 0.1244814
v -0.5687582 0.9488798 0.1254585
v -0.5907516 0.9585025 -0.0118636
v -0.5907474 0.9696268 0.1238963
v -0.5741626 0.9597391 0.1244814
v -0.6128074 0.9271383 0.1264629
v -0.6119924 0.9480991 0.1255238
v -0.6119967 0.9369741 -0.0102363
v -0.5672993 0.9279189 0.1263976
v -0.5673035 0.9167938 -0.0093623
v -0.6128074 0.9271383 0.1264629
v 0.9178664 0.1668674 0.9668535
v 0.9896333 0.0950999 0.9668535
v 0.9388857 0.2176173 0.9668535
v 0.8264496 0.1668661 0.9157416
v 0.8264496 0.1666599 0.8132193
v 0.8742422 0.0512695 0.8132193
v 0.8742422 0.0514785 0.9157416
v 0.9896327 0.0034733 0.8132193
v 0.9896327 0.0036830 0.9157416
v 0.8742422 0.0512695 0.8132193
v 0.8742422 0.2822599 0.9157416
v 0.8742422 0.2820502 0.8132193
v 0.8264496 0.1666599 0.8132193
v 0.8264496 0.1668661 0.9157416
v 0.8742422 0.2822599 0.9157416
v 1.1050237 0.0512695 0.8132193
v 1.1050237 0.0514785 0.9157416
v 0.9896327 0.0034733 0.8132193
v 0.9896327 0.3300526 0.9157416
v 0.9896327 0.3298428 0.8132193
v 0.8742422 0.2820502 0.8132193
v 0.8742422 0.2822599 0.9157416
v 1.1528198 0.1666599 0.8132193
v 1.1528198 0.1668661 0.9157416
v 1.1050237 0.0512695 0.8132193
v 1.1050237 0.2822599 0.9157416
v 1.1050237 0.2820502 0.8132193
v 0.9896327 0.3298428 0.8132193
v 0.9896327 0.3300526 0.9157416
v 0.9057068 0.2507961 0.9842920
v 0.8742422 0.2822599 0.9157416
v 0.8264496 0.1668661 0.9157416
v 0.8709456 0.1668668 0.9842918
v 0.9057068 0.2507961 0.9842920
v 0.9896327 0.2855565 0.9842920
v 1.0735597 0.2507953 0.9842920
v 1.1083238 0.1668668 0.9842920
v 1.1528198 0.1668661 0.9157416
v 1.0735605 0.0829430 0.9842920
v 0.9896327 0.0481791 0.9842920
v 0.8742422 0.0514785 0.9157416
v 0.9057068 0.0829424 0.9842920
v 1.1528198 0.1666599 0.8132193
v 1.1050237 0.2820502 0.8132193
v 1.1528198 0.1668661 0.9157416
v 0.9178664 0.1668674 0.9668535
v 0.9388849 0.1161205 0.9668535
v 0.9896327 0.0481791 0.9842920
v 0.9896333 0.0950999 0.9668535
v 1.0735605 0.0829430 0.9842920
v 1.0403816 0.1161205 0.9668535
v 1.1083238 0.1668668 0.9842920
v 1.0614021 0.1668674 0.9668535
v 1.0735597 0.2507953 0.9842920
v 1.0403816 0.2176173 0.9668535
v 0.9896327 0.2855565 0.9842920
v 0.9896333 0.2386364 0.9668535
v 0.9057068 0.2507961 0.9842920
v 0.9388857 0.2176173 0.9668535
v 0.9388857 0.2176173 0.9668535
v 0.9057068 0.2507961 0.9842920
v 0.8709456 0.1668668 0.9842918
v 0.5226527 0.1805141 -0.7898895
v 0.6039699 0.0991968 -0.7898895
v 0.5464697 0.1230146 -0.7898895
v 0.6614702 0.2380142 -0.7898895
v 0.6760349 0.2525790 -0.7300845
v 0.7058849 0.1805141 -0.7300845
v 0.6852872 0.1805141 -0.7898895
v 0.6614702 0.2380142 -0.7898895
v 0.7058849 0.1805141 -0.7300845
v 0.6760349 0.1084498 -0.7300845
v 0.6614702 0.1230146 -0.7898895
v 0.6039699 0.2618313 -0.7898895
v 0.6039699 0.2824289 -0.7300845
v 0.6760349 0.2525790 -0.7300845
v 0.6614702 0.2380142 -0.7898895
v 0.6039699 0.2618313 -0.7898895
v 0.6039699 0.0785992 -0.7300845
v 0.6039699 0.0991968 -0.7898895
v 0.5464697 0.2380142 -0.7898895
v 0.5319051 0.2525790 -0.7300845
v 0.6039699 0.2618313 -0.7898895
v 0.5464697 0.2380142 -0.7898895
v 0.6039699 0.0991968 -0.7898895
v 0.6039699 0.0785992 -0.7300845
v 0.5319051 0.1084498 -0.7300845
v 0.5464697 0.1230146 -0.7898895
v 0.6039699 0.0991968 -0.7898895
v 0.5226527 0.1805141 -0.7898895
v 0.5020551 0.1805141 -0.7300845
v 0.5319051 0.2525790 -0.7300845
v 0.5226527 0.1805141 -0.7898895
v 0.5464697 0.1230146 -0.7898895
v 0.5319051 0.1084498 -0.7300845
v 0.4494269 0.3470222 -1.5250581
v 0.4635953 0.2247060 -1.5304811
v 0.4309367 0.3287778 -1.5649524
v 0.4820854 0.2429504 -1.4905869
v 0.4285979 0.2225320 -1.4466586
v 0.4054240 0.1979742 -1.5003589
v 0.4635953 0.2247060 -1.5304811
v 0.3847180 0.2216399 -1.5568541
v 0.4409547 0.2422875 -1.5687869
v 0.4635953 0.2247060 -1.5304811
v 0.4855943 0.2863330 -1.4724738
v 0.4329958 0.2809272 -1.4222780
v 0.4285979 0.2225320 -1.4466586
v 0.4820854 0.2429504 -1.4905869
v 0.4855943 0.2863330 -1.4724738
v 0.4409547 0.2422875 -1.5687869
v 0.3847180 0.2216399 -1.5568541
v 0.3677635 0.2796654 -1.5760739
v 0.4274277 0.2853952 -1.5830653
v 0.4409547 0.2422875 -1.5687869
v 0.4720665 0.3294407 -1.4867519
v 0.4237099 0.3389528 -1.4464307
v 0.4329958 0.2809272 -1.4222780
v 0.3677635 0.2796654 -1.5760739
v 0.3721616 0.3380605 -1.5516927
v 0.4309367 0.3287778 -1.5649524
v 0.4494269 0.3470222 -1.5250581
v 0.3953355 0.3626183 -1.4979922
v 0.4237099 0.3389528 -1.4464307
v 0.4720665 0.3294407 -1.4867519
v 0.4309367 0.3287778 -1.5649524
v 0.3721616 0.3380605 -1.5516927
v 0.3953355 0.3626183 -1.4979922
v -1.0614021 0.1668674 0.9668527
v -1.0403815 0.1161205 0.9668527
v -1.0403815 0.2176173 0.9668527
v -1.0614021 0.1668674 0.9668527
v -0.9896331 0.2386364 0.9668527
v -0.9388855 0.2176173 0.9668527
v -0.9178663 0.1668674 0.9668527
v -0.4274261 0.2853952 -1.5830655
v -0.4409532 0.2422875 -1.5687871
v -0.4635937 0.2247060 -1.5304813
v -0.4309351 0.3287778 -1.5649524
v -0.4494253 0.3470222 -1.5250584
v -0.4855929 0.2863330 -1.4724741
v -0.4720651 0.3294407 -1.4867522
v -0.4820839 0.2429504 -1.4905869
v 0.6852872 0.1805141 -0.7898895
v 0.6614702 0.1230146 -0.7898895
v 0.6039699 0.0991968 -0.7898895
v 0.6614702 0.2380142 -0.7898895
v 0.6039699 0.2618313 -0.7898895
v 0.5464697 0.2380142 -0.7898895
v 0.5226527 0.1805141 -0.7898895
v 0.4855943 0.2863330 -1.4724738
v 0.4820854 0.2429504 -1.4905869
v 0.4720665 0.3294407 -1.4867519
v 0.4274277 0.2853952 -1.5830653
v 0.4309367 0.3287778 -1.5649524
v 0.4409547 0.2422875 -1.5687869
v -0.5226515 0.1805141 -0.7898898
v -0.5464685 0.1230146 -0.7898898
v -0.6039687 0.0991968 -0.7898898
v -0.6039687 0.2618313 -0.7898898
v -0.5464685 0.2380142 -0.7898898
v -0.6039687 0.0991968 -0.7898898
v -0.6614689 0.2380142 -0.7898898
v -0.6852859 0.1805141 -0.7898898
v -0.6614689 0.1230146 -0.7898898
v 0.9388849 0.1161205 0.9668535
v 0.9896333 0.0950999 0.9668535
v 0.9896333 0.2386364 0.9668535
v 0.9388857 0.2176173 0.9668535
v 1.0403816 0.2176173 0.9668535
v 0.9896333 0.2386364 0.9668535
v 1.0614021 0.1668674 0.9668535
v 1.0403816 0.2176173 0.9668535
v 1.0403816 0.1161205 0.9668535
v 1.0614021 0.1668674 0.9668535
v -0.6069893 0.9591871 0.1245276
v -0.6119924 0.9480991 0.1255238
v -0.6128074 0.9271383 0.1264629
v -0.5907474 0.9696268 0.1238963
v -0.5741626 0.9597391 0.1244814
v -0.5687582 0.9488798 0.1254585
v -0.6128117 0.9160132 -0.0092970
v -0.6119967 0.9369741 -0.0102363
v -0.6069934 0.9480620 -0.0112315
v -0.6128117 0.9160132 -0.0092970
v -0.5907516 0.9585025 -0.0118636
v -0.5741668 0.9486140 -0.0112778
v -0.5687617 0.9377547 -0.0103015
v 0.0669817 1.3544666 -0.7070076
v 0.0385899 1.3043901 -0.7070076
v 0.0385899 1.4080374 -0.7070076
v -0.0902780 1.2043549 -0.3611809
v -0.0624039 1.2043549 -0.3387744
v -0.0624072 1.2626133 -0.3387744
v -0.0902782 1.2626133 -0.3611809
v -0.1215369 1.2964038 -0.3611810
v -0.1049538 1.4394971 -0.3611809
v -0.1174979 1.4394971 -0.5002570
v -0.1204836 1.2964008 -0.5752441
v -0.1215369 1.2964038 -0.3611810
v -0.0669266 1.3544666 -0.7070076
v -0.0669266 1.3544666 -0.6762547
v -0.0385349 1.4080374 -0.6762547
v -0.0385349 1.4080374 -0.7070076
v -0.1174979 1.4394971 -0.5002570
v -0.0825414 1.2967438 -0.6762547
v -0.1204836 1.2964008 -0.5752441
v -0.0784858 1.4394971 -0.6762547
v -0.0385349 1.4080374 -0.6762547
v -0.0669266 1.3544666 -0.6762547
v -0.0385349 1.3043901 -0.7070076
v -0.0385349 1.3043901 -0.6762547
v -0.0669266 1.3544666 -0.6762547
v 0.0000275 1.4204630 -0.6762547
v 0.0000275 1.4204630 -0.7070076
v -0.0385349 1.4080374 -0.7070076
v -0.0385349 1.4080374 -0.6762547
v 0.0000275 1.4204630 -0.6762547
v -0.1049538 1.4394971 -0.3611809
v -0.0769893 1.4394971 -0.3387744
v 0.0770442 1.2964038 -0.3387744
v 0.0770442 1.4394971 -0.3387744
v -0.0769893 1.4394971 -0.3387744
v -0.0769893 1.2964038 -0.3387744
v 0.0000275 1.4204630 -0.6762547
v -0.0784858 1.4394971 -0.6762547
v 0.0785409 1.4394971 -0.6762547
v -0.0881247 1.2626133 -0.5643668
v -0.0881246 1.2043549 -0.5643668
v -0.0902780 1.2043549 -0.3611809
v -0.0902782 1.2626133 -0.3611809
v -0.0803755 1.2711968 -0.7317117
v -0.0803795 1.2043549 -0.6554044
v -0.0825388 1.2626133 -0.6762529
v -0.0825414 1.2967438 -0.6762547
v -0.0385349 1.3043901 -0.6762547
v -0.0902782 1.2626133 -0.3611809
v -0.0624072 1.2626133 -0.3387744
v -0.0769893 1.2964038 -0.3387744
v -0.1204836 1.2964008 -0.5752441
v -0.0881247 1.2626133 -0.5643668
v -0.0825388 1.2626133 -0.6762529
v 0.0770442 1.2964038 -0.3387744
v -0.0769893 1.2964038 -0.3387744
v -0.0624072 1.2626133 -0.3387744
v 0.0624620 1.2626133 -0.3387744
v 0.0903329 1.2043549 -0.3611809
v 0.0903331 1.2626133 -0.3611809
v 0.0624620 1.2626133 -0.3387744
v 0.0624589 1.2043549 -0.3387744
v 0.1215918 1.2964038 -0.3611809
v 0.1205386 1.2964008 -0.5752440
v 0.1175529 1.4394971 -0.5002568
v 0.1050086 1.4394971 -0.3611809
v 0.1215918 1.2964038 -0.3611809
v 0.0385899 1.4080374 -0.7070076
v 0.0385899 1.4080374 -0.6762547
v 0.0669817 1.3544666 -0.6762547
v 0.1175529 1.4394971 -0.5002568
v 0.0807413 1.2967438 -0.6762547
v 0.0785409 1.4394971 -0.6762547
v 0.0669817 1.3544666 -0.6762547
v 0.0385899 1.4080374 -0.6762547
v 0.0669817 1.3544666 -0.6762547
v 0.0385899 1.3043901 -0.6762547
v 0.0385899 1.3043901 -0.7070076
v 0.0000275 1.4204630 -0.6762547
v 0.0385899 1.4080374 -0.6762547
v 0.0000275 1.4204630 -0.7070076
v 0.1050086 1.4394971 -0.3611809
v 0.1175529 1.4394971 -0.5002568
v 0.0770442 1.4394971 -0.3387744
v -0.0803755 1.2711968 -0.7317117
v 0.0804306 1.2711968 -0.7317117
v 0.0804346 1.2043549 -0.6554042
v 0.1215918 1.2964038 -0.3611809
v 0.0770442 1.4394971 -0.3387744
v 0.0770442 1.2964038 -0.3387744
v 0.0903331 1.2626133 -0.3611809
v 0.0881796 1.2043549 -0.5643668
v 0.0881796 1.2626133 -0.5643668
v 0.0804346 1.2043549 -0.6554042
v 0.0825425 1.2626099 -0.6762527
v 0.0881796 1.2626133 -0.5643668
v 0.0881796 1.2043549 -0.5643668
v 0.0804346 1.2043549 -0.6554042
v 0.0624589 1.2043549 -0.3387744
v 0.0624620 1.2626133 -0.3387744
v -0.0624072 1.2626133 -0.3387744
v -0.0624039 1.2043549 -0.3387744
v 0.0807413 1.2967438 -0.6762547
v 0.0669817 1.3544666 -0.6762547
v 0.0785409 1.4394971 -0.6762547
v 0.1215918 1.2964038 -0.3611809
v 0.0770442 1.2964038 -0.3387744
v 0.0624620 1.2626133 -0.3387744
v 0.0903331 1.2626133 -0.3611809
v 0.0903331 1.2626133 -0.3611809
v 0.1205386 1.2964008 -0.5752440
v 0.0000275 1.4204630 -0.6762547
v 0.0000275 1.4204630 -0.6762547
v -0.0385349 1.4080374 -0.6762547
v -0.0784858 1.4394971 -0.6762547
v 0.0385899 1.3043901 -0.7070076
v 0.0804306 1.2711968 -0.7317117
v -0.0803755 1.2711968 -0.7317117
v -0.0385349 1.3043901 -0.7070076
v 0.0385899 1.3043901 -0.7070076
v -0.0385349 1.3043901 -0.7070076
v -0.0803755 1.2711968 -0.7317117
v -0.0825388 1.2626133 -0.6762529
v -0.0385349 1.3043901 -0.6762547
v -0.0825414 1.2967438 -0.6762547
v -0.0385349 1.3043901 -0.6762547
v -0.0825388 1.2626133 -0.6762529
v 0.0385899 1.3043901 -0.7070076
v 0.0385899 1.3043901 -0.6762547
v 0.0825425 1.2626099 -0.6762527
v 0.0804306 1.2711968 -0.7317117
v 0.0825425 1.2626099 -0.6762527
v 0.1205386 1.2964008 -0.5752440
v 0.0881796 1.2626133 -0.5643668
v 0.0807413 1.2967438 -0.6762547
v 0.0825425 1.2626099 -0.6762527
v 0.0385899 1.3043901 -0.6762547
v -0.0881247 1.2626133 -0.5643668
v -0.0825388 1.2626133 -0.6762529
v -0.0803795 1.2043549 -0.6554044
v -0.0881246 1.2043549 -0.5643668
v 0.0804306 1.2711968 -0.7317117
v 0.0825425 1.2626099 -0.6762527
v -0.1174979 1.4394971 -0.5002570
v -0.0784858 1.4394971 -0.6762547
v -0.0825414 1.2967438 -0.6762547
v 0.1175529 1.4394971 -0.5002568
v 0.0807413 1.2967438 -0.6762547
v -0.0669266 1.3544666 -0.7070076
v -0.0385349 1.4080374 -0.7070076
v 0.0000275 1.4204630 -0.7070076
v 0.0807413 1.2967438 -0.6762547
v 0.1205386 1.2964008 -0.5752440
v -0.0825388 1.2626133 -0.6762529
v -0.1204836 1.2964008 -0.5752441
v 0.0807413 1.2967438 -0.6762547
v 0.0385899 1.3043901 -0.6762547
v 0.0669817 1.3544666 -0.6762547
v -0.0825414 1.2967438 -0.6762547
v -0.0669266 1.3544666 -0.6762547
v -0.1647357 0.4712762 -2.6833264
v -0.1701899 0.4844479 -2.6833264
v -0.1687828 0.4864925 -3.4865030
v -0.1633189 0.4732864 -3.4865030
v -0.1283606 0.4678147 -3.4865030
v -0.1283606 0.4658115 -2.6833264
v -0.1515366 0.4658115 -2.6833264
v -0.1501183 0.4678147 -3.4865030
v -0.1701899 0.4844479 -2.6833264
v -0.1647056 0.4976106 -2.6833264
v -0.1633090 0.4996965 -3.4865030
v -0.1514938 0.5030535 -2.6833264
v -0.1501043 0.5051633 -3.4865030
v -0.1647056 0.4976106 -2.6833264
v -0.1283606 0.5030535 -2.6833264
v -0.1283606 0.5051633 -3.4865030
v -0.1514938 0.5030535 -2.6833264
v -0.1647357 0.4712762 -2.6833264
v -0.1633189 0.4732864 -3.4865030
v -0.1501183 0.4678147 -3.4865030
v -0.1647357 0.5415504 -2.6424069
v -0.1701899 0.5547222 -2.6424069
v -0.1687828 0.5553082 -3.4455835
v -0.1633189 0.5421020 -3.4455835
v -0.1283606 0.5366303 -3.4455835
v -0.1283606 0.5360857 -2.6424069
v -0.1515366 0.5360857 -2.6424069
v -0.1501183 0.5366303 -3.4455835
v -0.1701899 0.5547222 -2.6424069
v -0.1647056 0.5678848 -2.6424069
v -0.1633090 0.5685122 -3.4455835
v -0.1514938 0.5733278 -2.6424069
v -0.1501043 0.5739790 -3.4455835
v -0.1647056 0.5678848 -2.6424069
v -0.1283606 0.5733278 -2.6424069
v -0.1283606 0.5739790 -3.4455835
v -0.1514938 0.5733278 -2.6424069
v -0.1647357 0.5415504 -2.6424069
v -0.1633189 0.5421020 -3.4455835
v -0.1501183 0.5366303 -3.4455835
v -0.1647357 0.3835766 -2.7347638
v -0.1701899 0.3967484 -2.7347638
v -0.1687828 0.4002850 -3.5379404
v -0.1633189 0.3870788 -3.5379404
v -0.1283606 0.3816071 -3.5379404
v -0.1283606 0.3781119 -2.7347638
v -0.1515366 0.3781119 -2.7347638
v -0.1501183 0.3816071 -3.5379404
v -0.1701899 0.3967484 -2.7347638
v -0.1647056 0.4099110 -2.7347638
v -0.1633090 0.4134890 -3.5379404
v -0.1514938 0.4153540 -2.7347638
v -0.1501043 0.4189558 -3.5379404
v -0.1647056 0.4099110 -2.7347638
v -0.1283606 0.4153540 -2.7347638
v -0.1283606 0.4189558 -3.5379404
v -0.1514938 0.4153540 -2.7347638
v -0.1647357 0.3835766 -2.7347638
v -0.1633189 0.3870788 -3.5379404
v -0.1501183 0.3816071 -3.5379404
v 0.1647363 0.5415504 -2.6424069
v 0.1633195 0.5421020 -3.4455835
v 0.1687834 0.5553082 -3.4455835
v 0.1701905 0.5547222 -2.6424069
v 0.1283612 0.5366303 -3.4455835
v 0.1501189 0.5366303 -3.4455835
v 0.1515372 0.5360857 -2.6424069
v 0.1283612 0.5360857 -2.6424069
v 0.1633096 0.5685122 -3.4455835
v 0.1647062 0.5678848 -2.6424069
v 0.1701905 0.5547222 -2.6424069
v 0.1501049 0.5739790 -3.4455835
v 0.1514944 0.5733278 -2.6424069
v 0.1647062 0.5678848 -2.6424069
v 0.1283612 0.5733278 -2.6424069
v 0.1501049 0.5739790 -3.4455835
v 0.1283612 0.5739790 -3.4455835
v 0.1515372 0.5360857 -2.6424069
v 0.1633195 0.5421020 -3.4455835
v 0.1647363 0.5415504 -2.6424069
v 0.1647363 0.4712762 -2.6833264
v 0.1633195 0.4732864 -3.4865030
v 0.1687834 0.4864925 -3.4865030
v 0.1701905 0.4844479 -2.6833264
v 0.1647363 0.4712762 -2.6833264
v 0.1283612 0.4678147 -3.4865030
v 0.1501189 0.4678147 -3.4865030
v 0.1515372 0.4658115 -2.6833264
v 0.1283612 0.4658115 -2.6833264
v 0.1687834 0.4864925 -3.4865030
v 0.1633096 0.4996965 -3.4865030
v 0.1647062 0.4976106 -2.6833264
v 0.1501049 0.5051633 -3.4865030
v 0.1514944 0.5030535 -2.6833264
v 0.1283612 0.5030535 -2.6833264
v 0.1501049 0.5051633 -3.4865030
v 0.1283612 0.5051633 -3.4865030
v 0.1283612 0.5030535 -2.6833264
v 0.1501189 0.4678147 -3.4865030
v 0.1633195 0.4732864 -3.4865030
v 0.1647363 0.4712762 -2.6833264
v 0.1647363 0.3835766 -2.7347638
v 0.1633195 0.3870788 -3.5379404
v 0.1687834 0.4002850 -3.5379404
v 0.1701905 0.3967484 -2.7347638
v 0.1283612 0.3816071 -3.5379404
v 0.1501189 0.3816071 -3.5379404
v 0.1515372 0.3781119 -2.7347638
v 0.1283612 0.3781119 -2.7347638
v 0.1701905 0.3967484 -2.7347638
v 0.1633096 0.4134890 -3.5379404
v 0.1647062 0.4099110 -2.7347638
v 0.1501049 0.4189558 -3.5379404
v 0.1514944 0.4153540 -2.7347638
v 0.1283612 0.4153540 -2.7347638
v 0.1501049 0.4189558 -3.5379404
v 0.1283612 0.4189558 -3.5379404
v 0.1283612 0.4153540 -2.7347638
v 0.1515372 0.3781119 -2.7347638
v 0.1501189 0.3816071 -3.5379404
v 0.1633195 0.3870788 -3.5379404
v 0.1647363 0.3835766 -2.7347638
v 0.1515372 0.3781119 -2.7347638
v -0.4817301 0.8815269 -0.4394051
v 0.4817307 0.8815269 -0.4394049
v 0.4817308 0.8816546 -0.8821701
v -0.4817300 0.8816546 -0.8821703
v 0.3414005 0.8816546 -1.2962523
v -0.3413995 0.8816546 -1.2962524
v -0.4817300 0.8816546 -0.8821703
v 0.3414005 0.8816546 -1.2962523
v 0.1865875 0.8816546 -1.7461542
v -0.1865865 0.8816546 -1.7461542
v -0.3413995 0.8816546 -1.2962524
v 0.3573906 0.8256498 -1.3109763
v 0.2101198 0.8246786 -1.7461542
v 0.1865875 0.8816546 -1.7461542
v 0.3414005 0.8816546 -1.2962523
v 0.4817308 0.8816546 -0.8821701
v 0.4823480 0.8228056 -0.8805940
v 0.3414005 0.8816546 -1.2962523
v 0.3449568 0.1366521 -1.7061765
v 0.3272350 0.4900792 -1.6120480
v 0.4957127 0.5051273 -1.2565581
v 0.4986313 0.0547856 -1.2401219
v 0.3449568 0.1366521 -1.7061765
v 0.4957127 0.5051273 -1.2565581
v 0.4683073 0.5718973 -1.2670743
v 0.5025990 0.5051273 -0.7286720
v 0.2897951 0.6519492 -1.7368710
v 0.2727297 0.7172540 -1.7618454
v 0.4104851 0.7172540 -1.3633961
v 0.4178136 0.6526379 -1.3539102
v 0.2897951 0.6519492 -1.7368710
v 0.4823480 0.7982436 -0.4378282
v 0.4823480 0.8228056 -0.8805940
v 0.4817308 0.8816546 -0.8821701
v 0.4817307 0.8815269 -0.4394049
v 0.2901205 0.5718973 -1.6549576
v 0.2597557 0.6519492 -1.6871957
v 0.4305223 0.6552647 -1.2815738
v 0.4683073 0.5718973 -1.2670743
v 0.3183627 0.5718973 -1.7166830
v 0.4772755 0.5718973 -1.3394107
v 0.4872867 0.5051273 -1.3288945
v 0.3369221 0.5048734 -1.6969791
v 0.4772755 0.5718973 -1.3394107
v -0.4823474 0.7982436 -0.4378284
v 0.4823480 0.7982436 -0.4378282
v 0.4817307 0.8815269 -0.4394049
v -0.4817301 0.8815269 -0.4394051
v -0.3183617 0.5718973 -1.7166830
v 0.3183627 0.5718973 -1.7166830
v 0.3369221 0.5048734 -1.6969791
v -0.3369210 0.5048734 -1.6969791
v -0.2597547 0.6519492 -1.6871957
v 0.2597557 0.6519492 -1.6871957
v 0.2901205 0.5718973 -1.6549576
v -0.2901195 0.5718973 -1.6549576
v -0.3449557 0.1366521 -1.7061768
v 0.3449568 0.1366521 -1.7061765
v 0.4986313 0.0547856 -1.2401219
v -0.4986304 0.0547856 -1.2401221
v -0.3449557 0.1366521 -1.7061768
v 0.5025990 0.0525966 -0.7286720
v -0.5025984 0.0525966 -0.7286722
v -0.3449557 0.1366521 -1.7061768
v -0.3272339 0.4900792 -1.6120482
v 0.3272350 0.4900792 -1.6120480
v 0.3449568 0.1366521 -1.7061765
v -0.3449557 0.1366521 -1.7061768
v -0.2444864 0.7172540 -1.7034067
v -0.2101187 0.8246786 -1.7461542
v 0.2101198 0.8246786 -1.7461542
v 0.2444875 0.7172540 -1.7034067
v -0.2101187 0.8246786 -1.7461542
v -0.1865865 0.8816546 -1.7461542
v 0.1865875 0.8816546 -1.7461542
v 0.4823480 0.7982436 -0.4378282
v 0.4823480 0.8228056 -0.8805940
v -0.3272339 0.4900792 -1.6120482
v -0.3369210 0.5048734 -1.6969791
v 0.3272350 0.4900792 -1.6120480
v -0.3272339 0.4900792 -1.6120482
v 0.5025990 0.0525966 -0.7286720
v 0.4986313 0.0547856 -1.2401219
v 0.4957127 0.5051273 -1.2565581
v 0.2444875 0.7172540 -1.7034067
v 0.2101198 0.8246786 -1.7461542
v 0.3573906 0.8256498 -1.3109763
v 0.4058005 0.7172540 -1.2910605
v -0.3183617 0.5718973 -1.7166830
v -0.2901195 0.5718973 -1.6549576
v 0.2901205 0.5718973 -1.6549576
v 0.3183627 0.5718973 -1.7166830
v -0.3183617 0.5718973 -1.7166830
v -0.2727287 0.7172540 -1.7618454
v 0.2727297 0.7172540 -1.7618454
v 0.2897951 0.6519492 -1.7368710
v -0.2897940 0.6519492 -1.7368710
v -0.2727287 0.7172540 -1.7618454
v 0.2444875 0.7172540 -1.7034067
v 0.4058005 0.7172540 -1.2910605
v 0.4104851 0.7172540 -1.3633961
v 0.4772755 0.5718973 -1.3394107
v 0.4683073 0.5718973 -1.2670743
v 0.4957127 0.5051273 -1.2565581
v -0.2727287 0.7172540 -1.7618454
v -0.2444864 0.7172540 -1.7034067
v 0.2444875 0.7172540 -1.7034067
v 0.2727297 0.7172540 -1.7618454
v -0.2727287 0.7172540 -1.7618454
v 0.4957127 0.5051273 -1.2565581
v 0.3272350 0.4900792 -1.6120480
v 0.3369221 0.5048734 -1.6969791
v 0.4178136 0.6526379 -1.3539102
v 0.4305223 0.6552647 -1.2815738
v 0.2597557 0.6519492 -1.6871957
v 0.2897951 0.6519492 -1.7368710
v 0.4104851 0.7172540 -1.3633961
v 0.4058005 0.7172540 -1.2910605
v 0.4305223 0.6552647 -1.2815738
v -0.2597547 0.6519492 -1.6871957
v 0.2897951 0.6519492 -1.7368710
v 0.2597557 0.6519492 -1.6871957
v -0.4986304 0.0547856 -1.2401221
v -0.5025984 0.0525966 -0.7286722
v -0.5025984 0.5051273 -0.7286722
v -0.4957119 0.5051273 -1.2565582
v -0.4986304 0.0547856 -1.2401221
v -0.4104842 0.7172540 -1.3633963
v -0.4178126 0.6526379 -1.3539104
v -0.4305214 0.6552647 -1.2815741
v -0.4057995 0.7172540 -1.2910605
v -0.4178126 0.6526379 -1.3539104
v -0.2597547 0.6519492 -1.6871957
v -0.4305214 0.6552647 -1.2815741
v -0.3573896 0.8256498 -1.3109764
v -0.3413995 0.8816546 -1.2962524
v -0.1865865 0.8816546 -1.7461542
v -0.2101187 0.8246786 -1.7461542
v -0.3573896 0.8256498 -1.3109764
v -0.4823473 0.8228056 -0.8805942
v -0.4817300 0.8816546 -0.8821703
v -0.3449557 0.1366521 -1.7061768
v -0.4957119 0.5051273 -1.2565582
v -0.3272339 0.4900792 -1.6120482
v -0.5025984 0.5051273 -0.7286722
v -0.4683064 0.5718973 -1.2670744
v -0.2727287 0.7172540 -1.7618454
v -0.4817301 0.8815269 -0.4394051
v -0.4817300 0.8816546 -0.8821703
v -0.4823473 0.8228056 -0.8805942
v -0.2901195 0.5718973 -1.6549576
v -0.4683064 0.5718973 -1.2670744
v -0.4305214 0.6552647 -1.2815741
v -0.2597547 0.6519492 -1.6871957
v -0.3183617 0.5718973 -1.7166830
v -0.4772746 0.5718973 -1.3394109
v -0.4872858 0.5051273 -1.3288947
v -0.3272339 0.4900792 -1.6120482
v -0.4957119 0.5051273 -1.2565582
v -0.4957119 0.5051273 -1.2565582
v -0.4683064 0.5718973 -1.2670744
v -0.2727287 0.7172540 -1.7618454
v -0.4057995 0.7172540 -1.2910605
v -0.2444864 0.7172540 -1.7034067
v -0.2444864 0.7172540 -1.7034067
v -0.4057995 0.7172540 -1.2910605
v -0.3573896 0.8256498 -1.3109764
v -0.2444864 0.7172540 -1.7034067
v -0.5025984 0.5051273 -0.7286722
v -0.4823474 0.7982436 -0.4378284
v -0.3573896 0.8256498 -1.3109764
v -0.4305214 0.6552647 -1.2815741
v -0.5025984 0.5051273 -0.7286722
v -0.4823473 0.8228056 -0.8805942
v 0.4058005 0.7172540 -1.2910605
v 0.3573906 0.8256498 -1.3109763
v 0.4823480 0.8228056 -0.8805940
v 0.4305223 0.6552647 -1.2815738
v 0.4058005 0.7172540 -1.2910605
v 0.4823480 0.8228056 -0.8805940
v 0.4683073 0.5718973 -1.2670743
v 0.5025990 0.5051273 -0.7286720
v -0.4305214 0.6552647 -1.2815741
v 0.4683073 0.5718973 -1.2670743
v 0.1680953 0.8406707 1.3610349
v 0.1680953 0.8814962 1.1317305
v 0.1680953 0.8013495 1.1138130
v 0.1680953 0.8013495 1.3610349
v 0.1680953 0.8406707 1.3610349
v 0.3060338 1.0397292 1.2633914
v 0.3060338 0.9886778 1.2223521
v 0.3060338 1.0397292 1.1889754
v 0.2019711 0.9482198 1.1846660
v 0.2019711 0.9703830 1.2274907
v 0.2019711 1.0397292 1.1889754
v 0.2019711 0.9666136 1.1639839
v 0.3060338 0.9672045 1.1639839
v 0.3060338 0.9679266 1.2747409
v 0.3060338 0.9886778 1.2223521
v 0.3485222 0.9886778 1.2223521
v 0.3485222 0.9679266 1.2747409
v 0.3485222 0.8406707 1.3610349
v 0.2019711 0.8406707 1.3610349
v 0.2019711 0.8013495 1.3610349
v 0.2019711 1.0397292 1.2633914
v 0.2019711 1.0397292 1.1889754
v 0.2019711 0.9703830 1.2274907
v 0.2019711 0.9679266 1.2747409
v 0.1680953 0.9679266 1.2747409
v 0.1680953 0.8406707 1.3610349
v 0.1680953 0.9679266 1.2747409
v 0.1680953 0.9482198 1.1846660
v 0.2019711 1.0397292 1.1889754
v 0.2019711 1.0397292 1.2633914
v 0.3060338 1.0397292 1.2633914
v 0.3060338 1.0397292 1.1889754
v 0.2019711 1.0397292 1.1889754
v 0.2019711 0.8814962 1.1317305
v 0.2019711 0.8013495 1.1138130
v 0.1680953 0.8013495 1.1138130
v 0.1680953 0.8814962 1.1317305
v 0.3060338 0.9679266 1.2747409
v 0.3060338 1.0397292 1.2633914
v 0.2019711 0.9482198 1.1846660
v 0.1680953 0.9482198 1.1846660
v 0.1680953 0.9703830 1.2274907
v 0.2019711 0.9703830 1.2274907
v 0.3060338 0.9886778 1.2223521
v 0.3485222 0.9886778 1.2223521
v 0.3485222 0.9677547 1.1639839
v 0.3060338 0.9672045 1.1639839
v 0.3060338 0.9886778 1.2223521
v 0.3485222 0.8013495 1.3610349
v 0.3485222 0.8406707 1.3610349
v 0.3060338 0.8406707 1.3610349
v 0.3060338 0.8013495 1.3610349
v 0.3485222 0.8062506 1.0984494
v 0.3485222 0.9185601 1.1298276
v 0.3485222 0.8013495 1.2893942
v 0.3060338 0.9886778 1.2223521
v 0.3060338 0.9679266 1.2747409
v 0.3485222 0.9679266 1.2747409
v 0.3485222 0.9886778 1.2223521
v 0.3060338 0.9672045 1.1639839
v 0.3060338 1.0397292 1.1889754
v 0.3060338 0.9886778 1.2223521
v 0.3485222 0.9679266 1.2747409
v 0.3060338 0.9679266 1.2747409
v 0.3060338 0.8406707 1.3610349
v 0.3485222 0.8406707 1.3610349
v 0.2019711 0.9703830 1.2274907
v 0.1680953 0.9703830 1.2274907
v 0.1680953 0.9679266 1.2747409
v 0.2019711 0.9679266 1.2747409
v 0.1680953 0.9679266 1.2747409
v 0.1680953 0.9703830 1.2274907
v 0.2019711 1.0397292 1.1889754
v 0.2019711 0.9666136 1.1639839
v 0.2019711 1.0397292 1.2633914
v 0.3485222 0.9185601 1.1298276
v 0.3485222 0.9677547 1.1639839
v 0.3485222 0.9886778 1.2223521
v 0.2019711 0.8814962 1.1317305
v 0.3060338 0.8080449 1.1138130
v 0.3060338 0.8814962 1.1317305
v 0.3060338 0.9166781 1.1298276
v 0.3060338 0.8062506 1.0984494
v 0.3060338 0.8080449 1.1138130
v 0.3060338 0.9166781 1.1298276
v 0.3485222 0.9185601 1.1298276
v 0.3485222 0.8062506 1.0984494
v 0.3060338 0.8062506 1.0984494
v 0.3485222 0.9185601 1.1298276
v 0.3060338 0.9166781 1.1298276
v 0.3060338 0.9672045 1.1639839
v 0.3485222 0.9677547 1.1639839
v 0.3060338 0.9166781 1.1298276
v 0.3060338 0.8814962 1.1317305
v 0.3060338 0.9672045 1.1639839
v 0.3060338 0.8080449 1.1138130
v 0.2019711 0.8013495 1.1138130
v 0.3060338 0.8814962 1.1317305
v 0.3060338 0.9679266 1.2747409
v 0.2019711 0.9679266 1.2747409
v 0.2019711 0.8406707 1.3610349
v 0.3060338 0.8406707 1.3610349
v 0.2019711 0.8406707 1.3610349
v 0.2019711 0.8013495 1.3610349
v 0.2841403 0.9863449 2.0415677
v 0.3539587 0.9863449 2.0415677
v 0.3090158 1.0190468 1.9266446
v 0.1662039 0.9863449 2.0415677
v 0.2141256 0.9840639 2.0329202
v 0.1413284 1.0190468 1.9266446
vt 0.7610972 0.9682744
vt 0.7610972 0.9444079
vt 0.7767853 0.9444079
vt 0.7767853 0.9682744
vt 0.7610972 0.9682744
vt 0.8006517 0.9682744
vt 0.8006517 0.9444079
vt 0.8163398 0.9444079
vt 0.8163398 0.9682744
vt 0.8006517 0.9682744
vt 0.7767853 0.9444079
vt 0.8006517 0.9839624
vt 0.7767853 0.9839624
vt 0.7767852 0.9287198
vt 0.8006516 0.9287198
vt 0.9261299 0.9925445
vt 0.9003820 0.9925445
vt 0.9042041 0.9780967
vt 0.9221384 0.9780967
vt 0.9221384 0.9318421
vt 0.9042041 0.9318421
vt 0.9003820 0.9173943
vt 0.9261299 0.9173943
vt 0.9221384 0.9318421
vt 0.9042041 0.9780967
vt 0.9221384 0.9780967
vt 0.9371275 0.9318421
vt 0.9371274 0.9780967
vt 0.8892593 0.9780967
vt 0.8892594 0.9318421
vt 0.0224503 0.6346362
vt 0.0251922 0.6319472
vt 0.0290331 0.6319849
vt 0.0317241 0.6347264
vt 0.0316873 0.6385666
vt 0.0289455 0.6412556
vt 0.0251043 0.6412182
vt 0.0224503 0.6346362
vt 0.0224140 0.6384763
vt 0.0317241 0.6347264
vt 0.0369933 0.6302668
vt 0.0398684 0.6341262
vt 0.0340191 0.6378070
vt 0.0317241 0.6347264
vt 0.0398684 0.6341262
vt 0.0421738 0.6383507
vt 0.0358593 0.6411787
vt 0.0290331 0.6319849
vt 0.0336205 0.6268319
vt 0.0317241 0.6347264
vt 0.0290331 0.6319849
vt 0.0421738 0.6383507
vt 0.0438436 0.6428657
vt 0.0371920 0.6447824
vt 0.0358593 0.6411787
vt 0.0379130 0.6562043
vt 0.0447468 0.6571780
vt 0.0437174 0.6618809
vt 0.0370915 0.6599569
vt 0.0379130 0.6562043
vt 0.0371920 0.6447824
vt 0.0448326 0.6475767
vt 0.0379813 0.6485423
vt 0.0382174 0.6523758
vt 0.0451284 0.6523803
vt 0.0379130 0.6562043
vt 0.0382174 0.6523758
vt 0.0448326 0.6475767
vt 0.6006604 0.0173900
vt 0.6347707 0.0397451
vt 0.5984002 0.0697286
vt 0.5840104 0.0691231
vt 0.5872898 0.0092194
vt 0.5719045 0.0688612
vt 0.5732660 0.0057821
vt 0.5840104 0.0691231
vt 0.6006262 0.1338716
vt 0.5914071 0.1300507
vt 0.5914071 0.1260713
vt 0.6025854 0.1302367
vt 0.5073255 0.1043229
vt 0.5006690 0.0982346
vt 0.5007258 0.0883936
vt 0.5077824 0.0813360
vt 0.5177627 0.0813351
vt 0.5247626 0.0882524
vt 0.5243623 0.0972643
vt 0.5173058 0.1043220
vt 0.6350428 0.0458190
vt 0.6462003 0.0513598
vt 0.6209266 0.0771586
vt 0.6106289 0.0711544
vt 0.5597987 0.0686007
vt 0.5453966 0.0685849
vt 0.5453959 0.0161974
vt 0.5591069 0.0086112
vt 0.5103531 0.0370607
vt 0.5453966 0.0685849
vt 0.4984333 0.0481721
vt 0.5098193 0.0431174
vt 0.5331181 0.0694820
vt 0.5225713 0.0750365
vt 0.6044434 0.1419013
vt 0.6025854 0.1302367
vt 0.6081581 0.1412166
vt 0.5914071 0.1300507
vt 0.5821877 0.1338715
vt 0.5802287 0.1302366
vt 0.5914071 0.1260713
vt 0.5914071 0.1300507
vt 0.5770399 0.0796171
vt 0.5869867 0.0796171
vt 0.5869867 0.1078910
vt 0.5769722 0.1078910
vt 0.5969397 0.0796170
vt 0.5969948 0.1078910
vt 0.6059604 0.0796410
vt 0.6058853 0.1079145
vt 0.5284062 0.0796416
vt 0.5382473 0.0796416
vt 0.5382473 0.1079153
vt 0.5284061 0.1079152
vt 0.6006262 0.1509722
vt 0.6044434 0.1419013
vt 0.6081581 0.1412166
vt 0.6025982 0.1545341
vt 0.6006262 0.1509722
vt 0.5382473 0.0796416
vt 0.5482278 0.0796416
vt 0.5482278 0.1079153
vt 0.5382473 0.1079153
vt 0.5482278 0.0796416
vt 0.5582021 0.0796417
vt 0.5582146 0.1079154
vt 0.5680311 0.0796331
vt 0.5680686 0.1079067
vt 0.5770399 0.0796171
vt 0.5769722 0.1078910
vt 0.5783698 0.1419010
vt 0.5746551 0.1412162
vt 0.5802287 0.1302366
vt 0.5914066 0.1547924
vt 0.6006262 0.1509722
vt 0.5914065 0.1591699
vt 0.5914066 0.1547924
vt 0.5783698 0.1419010
vt 0.5821869 0.1509720
vt 0.5802149 0.1545339
vt 0.5746551 0.1412162
vt 0.5783698 0.1419010
vt 0.5914065 0.1591699
vt 0.5802149 0.1545339
vt 0.6358698 0.0398055
vt 0.6487411 0.0462785
vt 0.6462003 0.0513598
vt 0.6350428 0.0458190
vt 0.4961139 0.0429860
vt 0.5092523 0.0370739
vt 0.5098193 0.0431174
vt 0.4984333 0.0481721
vt 0.5591069 0.0086112
vt 0.5732660 0.0057821
vt 0.5719045 0.0688612
vt 0.5597987 0.0686007
vt 0.5591069 0.0086112
vt 0.5453966 0.0685849
vt 0.5331181 0.0694820
vt 0.6106289 0.0711544
vt 0.5984002 0.0697286
vt 0.6347707 0.0397451
vt 0.6350428 0.0458190
vt 0.0233022 0.5922830
vt 0.0260437 0.5895937
vt 0.0298846 0.5896308
vt 0.0233022 0.5922830
vt 0.0325758 0.5923721
vt 0.0325396 0.5962123
vt 0.0297981 0.5989016
vt 0.0259570 0.5988647
vt 0.0232663 0.5961232
vt 0.0325758 0.5923721
vt 0.0378450 0.5879127
vt 0.0407200 0.5917722
vt 0.0348705 0.5954525
vt 0.0430250 0.5959968
vt 0.0367102 0.5988243
vt 0.0348705 0.5954525
vt 0.0298846 0.5896308
vt 0.0344720 0.5844778
vt 0.0378450 0.5879127
vt 0.0325758 0.5923721
vt 0.0298846 0.5896308
vt 0.0367102 0.5988243
vt 0.0430250 0.5959968
vt 0.0446942 0.6005118
vt 0.0380424 0.6024279
vt 0.0387619 0.6138496
vt 0.0455956 0.6148244
vt 0.0445653 0.6195270
vt 0.0379398 0.6176021
vt 0.0380424 0.6024279
vt 0.0456827 0.6052231
vt 0.0388314 0.6061878
vt 0.0390670 0.6100212
vt 0.0459779 0.6100267
vt 0.0455956 0.6148244
vt 0.0387619 0.6138496
vt 0.0390670 0.6100212
vt 0.0456827 0.6052231
vt 0.3994845 0.6602221
vt 0.4618013 0.6602221
vt 0.4618013 0.7061859
vt 0.3994844 0.7061854
vt 0.3994845 0.6602221
vt 0.5233840 0.7059691
vt 0.4618013 0.7061859
vt 0.5233840 0.6604387
vt 0.5284761 0.6597387
vt 0.5284761 0.7066689
vt 0.4638379 0.6311896
vt 0.5266764 0.6564915
vt 0.4623910 0.6359542
vt 0.3943987 0.6595157
vt 0.3994845 0.6602221
vt 0.3994844 0.7061854
vt 0.3943987 0.7068917
vt 0.3966455 0.7134186
vt 0.3995565 0.7091889
vt 0.4623912 0.7304538
vt 0.4613663 0.7353266
vt 0.3995565 0.7091889
vt 0.4618013 0.7061859
vt 0.4618013 0.6602221
vt 0.4623910 0.6359542
vt 0.3995565 0.6572199
vt 0.4613660 0.6310814
vt 0.3966456 0.6529903
vt 0.5266764 0.7099162
vt 0.4638380 0.7352185
vt 0.4442068 0.5729824
vt 0.4442067 0.5696591
vt 0.5257618 0.5696591
vt 0.5257618 0.5729824
vt 0.4442067 0.5829533
vt 0.5257617 0.5829533
vt 0.5257618 0.5862770
vt 0.4442067 0.5862770
vt 0.5257618 0.5796295
vt 0.5257617 0.5829533
vt 0.4442067 0.5796295
vt 0.4442067 0.5763059
vt 0.5257618 0.5763059
vt 0.4442068 0.5729824
vt 0.5257618 0.5729824
vt 0.4442067 0.5763059
vt 0.4442067 0.5896006
vt 0.4442067 0.5862770
vt 0.5257618 0.5896006
vt 0.4442068 0.5929241
vt 0.5257618 0.5929241
vt 0.4442067 0.5962475
vt 0.4442068 0.5929241
vt 0.5257618 0.5962475
vt 0.8274080 0.1963916
vt 0.8274080 0.2094154
vt 0.8234698 0.2094156
vt 0.8234698 0.1963916
vt 0.8274080 0.1963916
vt 0.7981011 0.1966067
vt 0.8118333 0.1966052
vt 0.8118339 0.2092026
vt 0.7981017 0.2092038
vt 0.7847906 0.1939530
vt 0.7847906 0.2118580
vt 0.7809358 0.2118580
vt 0.7809358 0.1939530
vt 0.8202700 0.2093434
vt 0.8202699 0.1961290
vt 0.7932972 0.2153208
vt 0.7981017 0.2092038
vt 0.8175587 0.2153993
vt 0.8177443 0.2179215
vt 0.7877585 0.2178211
vt 0.7903240 0.1961306
vt 0.7981011 0.1966067
vt 0.7981017 0.2092038
vt 0.7903240 0.2093451
vt 0.7903240 0.1961306
vt 0.8202700 0.2093434
vt 0.8202699 0.1961290
vt 0.8177443 0.2179215
vt 0.8178552 0.2218443
vt 0.7878165 0.2216754
vt 0.8177443 0.2179215
vt 0.7903240 0.2093451
vt 0.7847906 0.2118580
vt 0.7847906 0.1939530
vt 0.8177428 0.1882071
vt 0.7877569 0.1883093
vt 0.7878147 0.1844550
vt 0.8178535 0.1842843
vt 0.8175565 0.1903906
vt 0.7932950 0.1904741
vt 0.8118333 0.1966052
vt 0.7981011 0.1966067
vt 0.7932950 0.1904741
vt 0.8202699 0.1961290
vt 0.8204803 0.1939474
vt 0.8204799 0.2118640
vt 0.8202700 0.2093434
vt 0.8234285 0.2132798
vt 0.8274080 0.2094154
vt 0.8273518 0.2131973
vt 0.8234285 0.2132798
vt 0.8273517 0.1926129
vt 0.8274080 0.1963916
vt 0.8234285 0.1925304
vt 0.9407144 0.3172462
vt 0.9155502 0.3172462
vt 0.9155502 0.3106524
vt 0.9407144 0.3106524
vt 0.9407144 0.2774460
vt 0.9155502 0.2774460
vt 0.9155502 0.2708522
vt 0.9407144 0.2708522
vt 0.9473081 0.2774460
vt 0.9473081 0.3106523
vt 0.9089564 0.3106524
vt 0.9089564 0.2774460
vt 0.9435697 0.3751669
vt 0.9812860 0.3751669
vt 0.9812860 0.3826252
vt 0.9435696 0.3826252
vt 0.9435697 0.4168221
vt 0.9812862 0.4168221
vt 0.9812862 0.4242803
vt 0.9435698 0.4242803
vt 0.9361114 0.4168220
vt 0.9361114 0.3826253
vt 0.4323295 0.3754811
vt 0.4321486 0.3817715
vt 0.4132279 0.3815220
vt 0.4124714 0.3755628
vt 0.4321486 0.3817715
vt 0.4384164 0.3812013
vt 0.4382041 0.3878983
vt 0.4320473 0.3863721
vt 0.4131453 0.3855793
vt 0.4318188 0.3927116
vt 0.4120422 0.3916258
vt 0.4132279 0.3815220
vt 0.4320473 0.3863721
vt 0.4070751 0.3865451
vt 0.4072863 0.3806372
vt 0.3952411 0.5592657
vt 0.4061858 0.5640293
vt 0.4061866 0.5769559
vt 0.3950939 0.5820799
vt 0.4054216 0.5521165
vt 0.4281411 0.5648296
vt 0.4281421 0.5761511
vt 0.4050966 0.5891264
vt 0.0896141 0.5541547
vt 0.0896523 0.5579947
vt 0.0869631 0.5607378
vt 0.0831220 0.5607769
vt 0.0803790 0.5580893
vt 0.0803405 0.5542490
vt 0.0830303 0.5515063
vt 0.0896141 0.5541547
vt 0.0868711 0.5514669
vt 0.0721961 0.5536529
vt 0.0750692 0.5497922
vt 0.0780474 0.5573305
vt 0.0698931 0.5578786
vt 0.0762092 0.5607030
vt 0.0784403 0.5463556
vt 0.0803405 0.5542490
vt 0.0682262 0.5623946
vt 0.0762092 0.5607030
vt 0.0748789 0.5643072
vt 0.0683664 0.5814102
vt 0.0673331 0.5767080
vt 0.0741661 0.5757289
vt 0.0749907 0.5794807
vt 0.0672401 0.5671064
vt 0.0682262 0.5623946
vt 0.0740920 0.5680674
vt 0.0672401 0.5671064
vt 0.0669477 0.5719104
vt 0.0738586 0.5719008
vt 0.0741661 0.5757289
vt 0.0673331 0.5767080
vt 0.0669477 0.5719104
vt 0.0740920 0.5680674
vt 0.0662793 0.5541722
vt 0.0663141 0.5580123
vt 0.0636227 0.5607531
vt 0.0597814 0.5607889
vt 0.0570408 0.5580990
vt 0.0570054 0.5542586
vt 0.0596975 0.5515182
vt 0.0635385 0.5514821
vt 0.0488614 0.5536554
vt 0.0517379 0.5497971
vt 0.0570054 0.5542586
vt 0.0547094 0.5573382
vt 0.0488614 0.5536554
vt 0.0465545 0.5578791
vt 0.0528680 0.5607095
vt 0.0551120 0.5463634
vt 0.0448831 0.5623934
vt 0.0515338 0.5643129
vt 0.0450005 0.5814087
vt 0.0439731 0.5767053
vt 0.0508074 0.5757347
vt 0.0516272 0.5794876
vt 0.0438919 0.5671039
vt 0.0515338 0.5643129
vt 0.0507427 0.5680727
vt 0.0435937 0.5719074
vt 0.0505047 0.5719061
vt 0.0467713 0.5541646
vt 0.0468074 0.5580047
vt 0.0441170 0.5607464
vt 0.0402758 0.5607836
vt 0.0375342 0.5580945
vt 0.0374978 0.5542543
vt 0.0401887 0.5515128
vt 0.0440296 0.5514755
vt 0.0293535 0.5536554
vt 0.0322280 0.5497955
vt 0.0374978 0.5542543
vt 0.0352036 0.5573349
vt 0.0293535 0.5536554
vt 0.0270491 0.5578805
vt 0.0333645 0.5607067
vt 0.0356007 0.5463601
vt 0.0253809 0.5623960
vt 0.0320332 0.5643104
vt 0.0255161 0.5814115
vt 0.0244841 0.5767093
vt 0.0313174 0.5757320
vt 0.0321409 0.5794840
vt 0.0255161 0.5814115
vt 0.0243937 0.5671077
vt 0.0320332 0.5643104
vt 0.0312453 0.5680704
vt 0.0244841 0.5767093
vt 0.0241001 0.5719116
vt 0.0310110 0.5719037
vt 0.0313174 0.5757320
vt 0.0244841 0.5767093
vt 0.0241001 0.5719116
vt 0.0894390 0.5242594
vt 0.0893628 0.5261395
vt 0.0718914 0.5244617
vt 0.0711333 0.5225084
vt 0.0894390 0.5242594
vt 0.1475836 0.5345768
vt 0.1275450 0.5349756
vt 0.1275433 0.5299363
vt 0.1474306 0.5272400
vt 0.1468628 0.5218833
vt 0.1471815 0.5236729
vt 0.1273465 0.5262192
vt 0.1272108 0.5243530
vt 0.1468628 0.5218833
vt 0.1149360 0.5252938
vt 0.1149920 0.5272468
vt 0.1021228 0.5269900
vt 0.1021218 0.5251141
vt 0.0710966 0.5178753
vt 0.0896828 0.5194536
vt 0.0895069 0.5223787
vt 0.0708829 0.5206072
vt 0.1473598 0.5254088
vt 0.1275433 0.5299363
vt 0.1274409 0.5280777
vt 0.1473598 0.5254088
vt 0.1149881 0.5311006
vt 0.1149989 0.5291837
vt 0.1274409 0.5280777
vt 0.1149881 0.5311006
vt 0.1019798 0.5307600
vt 0.1020801 0.5288732
vt 0.0896828 0.5194536
vt 0.1021304 0.5200666
vt 0.1021143 0.5232437
vt 0.0895069 0.5223787
vt 0.0896828 0.5194536
vt 0.0893628 0.5261395
vt 0.0892396 0.5280198
vt 0.0726148 0.5264291
vt 0.0718914 0.5244617
vt 0.1019798 0.5307600
vt 0.0890626 0.5298992
vt 0.0892396 0.5280198
vt 0.0727874 0.5283489
vt 0.1021304 0.5200666
vt 0.1144633 0.5198001
vt 0.1148301 0.5233516
vt 0.1021143 0.5232437
vt 0.1272108 0.5243530
vt 0.1273465 0.5262192
vt 0.1149920 0.5272468
vt 0.1149360 0.5252938
vt 0.1272108 0.5243530
vt 0.1021228 0.5269900
vt 0.0893628 0.5261395
vt 0.0887764 0.5328135
vt 0.0724940 0.5310802
vt 0.0727874 0.5283489
vt 0.0890626 0.5298992
vt 0.1275450 0.5349756
vt 0.1148504 0.5346730
vt 0.1149881 0.5311006
vt 0.0895069 0.5223787
vt 0.0894390 0.5242594
vt 0.0711333 0.5225084
vt 0.0708829 0.5206072
vt 0.0895069 0.5223787
vt 0.1017436 0.5339372
vt 0.0890626 0.5298992
vt 0.1019798 0.5307600
vt 0.1471815 0.5236729
vt 0.1473598 0.5254088
vt 0.1274409 0.5280777
vt 0.1273465 0.5262192
vt 0.1471815 0.5236729
vt 0.1148504 0.5346730
vt 0.1019798 0.5307600
vt 0.1149881 0.5311006
vt 0.1021218 0.5251141
vt 0.1021228 0.5269900
vt 0.0893628 0.5261395
vt 0.1021218 0.5251141
vt 0.1021143 0.5232437
vt 0.0895069 0.5223787
vt 0.1148301 0.5233516
vt 0.1149360 0.5252938
vt 0.1021143 0.5232437
vt 0.1148301 0.5233516
vt 0.1273465 0.5262192
vt 0.1274409 0.5280777
vt 0.1149989 0.5291837
vt 0.1149920 0.5272468
vt 0.1273465 0.5262192
vt 0.1149989 0.5291837
vt 0.1020801 0.5288732
vt 0.1270141 0.5224822
vt 0.1272108 0.5243530
vt 0.1149360 0.5252938
vt 0.1464702 0.5200580
vt 0.1468628 0.5218833
vt 0.1272108 0.5243530
vt 0.1464702 0.5200580
vt 0.1259952 0.5175779
vt 0.1448206 0.5130686
vt 0.1144633 0.5198001
vt 0.1259952 0.5175779
vt 0.9467238 0.8508677
vt 0.9473177 0.8473909
vt 0.9630466 0.8472753
vt 0.9650856 0.8507193
vt 0.9791150 0.8599086
vt 0.9775540 0.8641445
vt 0.9693221 0.8648641
vt 0.9679880 0.8614513
vt 0.9791150 0.8599086
vt 0.9794962 0.8560539
vt 0.9667968 0.8578768
vt 0.9466793 0.8648142
vt 0.9460002 0.8613541
vt 0.9661842 0.8615987
vt 0.9646493 0.8649251
vt 0.9466793 0.8648142
vt 0.9758331 0.8687396
vt 0.9702226 0.8687463
vt 0.9693221 0.8648641
vt 0.9403383 0.8465269
vt 0.9406450 0.8430129
vt 0.9463016 0.8437462
vt 0.9460906 0.8472675
vt 0.9473177 0.8473909
vt 0.9474497 0.8438714
vt 0.9618115 0.8435724
vt 0.9630466 0.8472753
vt 0.9393684 0.8535122
vt 0.9399163 0.8500285
vt 0.9460896 0.8507952
vt 0.9460394 0.8543229
vt 0.9378164 0.8639749
vt 0.9382342 0.8604729
vt 0.9450929 0.8613083
vt 0.9442598 0.8647372
vt 0.9378164 0.8639749
vt 0.9787597 0.8525457
vt 0.9794962 0.8560539
vt 0.9667968 0.8578768
vt 0.9663750 0.8542469
vt 0.9787597 0.8525457
vt 0.9758331 0.8687396
vt 0.9756735 0.8723925
vt 0.9704513 0.8725813
vt 0.9702226 0.8687463
vt 0.9457268 0.8578367
vt 0.9450929 0.8613083
vt 0.9387729 0.8569879
vt 0.9760825 0.8483126
vt 0.9787597 0.8525457
vt 0.9666892 0.8505058
vt 0.9372897 0.8710095
vt 0.9375201 0.8674896
vt 0.9434698 0.8681757
vt 0.9429558 0.8716657
vt 0.9372897 0.8710095
vt 0.9667968 0.8578768
vt 0.9661842 0.8615987
vt 0.9460002 0.8613541
vt 0.9717847 0.8415021
vt 0.9731497 0.8445840
vt 0.9668105 0.8465062
vt 0.9666800 0.8426057
vt 0.9476922 0.8717839
vt 0.9473752 0.8682711
vt 0.9628611 0.8684853
vt 0.9620510 0.8722423
vt 0.9399163 0.8500285
vt 0.9403383 0.8465269
vt 0.9460906 0.8472675
vt 0.9460896 0.8507952
vt 0.9731497 0.8445840
vt 0.9760825 0.8483126
vt 0.9668105 0.8465062
vt 0.9473752 0.8682711
vt 0.9646493 0.8649251
vt 0.9628611 0.8684853
vt 0.9473752 0.8682711
vt 0.9375201 0.8674896
vt 0.9378164 0.8639749
vt 0.9434698 0.8681757
vt 0.9460394 0.8543229
vt 0.9467238 0.8508677
vt 0.9650856 0.8507193
vt 0.9663750 0.8542469
vt 0.9457268 0.8578367
vt 0.9460394 0.8543229
vt 0.9667968 0.8578768
vt 0.9457268 0.8578367
vt 0.9387729 0.8569879
vt 0.9393684 0.8535122
vt 0.1069572 0.5445578
vt 0.1068948 0.5464346
vt 0.0906025 0.5450266
vt 0.0898277 0.5430852
vt 0.1069572 0.5445578
vt 0.1649875 0.5547368
vt 0.1464933 0.5556039
vt 0.1464892 0.5490812
vt 0.1646902 0.5474744
vt 0.1640256 0.5416883
vt 0.1643911 0.5436301
vt 0.1463176 0.5456731
vt 0.1461925 0.5439900
vt 0.1640256 0.5416883
vt 0.1324439 0.5451018
vt 0.1324998 0.5471573
vt 0.1196682 0.5471488
vt 0.1196641 0.5452648
vt 0.0897470 0.5383310
vt 0.1071450 0.5396273
vt 0.1070007 0.5426804
vt 0.0895550 0.5411912
vt 0.1646209 0.5455128
vt 0.1646902 0.5474744
vt 0.1464892 0.5490812
vt 0.1463981 0.5473642
vt 0.1325010 0.5511625
vt 0.1324937 0.5491772
vt 0.1463981 0.5473642
vt 0.1195322 0.5509254
vt 0.1196240 0.5490370
vt 0.1324937 0.5491772
vt 0.1195662 0.5400835
vt 0.1196295 0.5433887
vt 0.1068948 0.5464346
vt 0.1067804 0.5483131
vt 0.0913381 0.5469845
vt 0.0906025 0.5450266
vt 0.1196240 0.5490370
vt 0.1195322 0.5509254
vt 0.1066140 0.5501921
vt 0.1067804 0.5483131
vt 0.0915228 0.5489017
vt 0.1317912 0.5393572
vt 0.1323165 0.5430591
vt 0.1196295 0.5433887
vt 0.1463176 0.5456731
vt 0.1324998 0.5471573
vt 0.1324439 0.5451018
vt 0.1196682 0.5471488
vt 0.1196240 0.5490370
vt 0.1067804 0.5483131
vt 0.1068948 0.5464346
vt 0.1196682 0.5471488
vt 0.1063413 0.5532359
vt 0.0912396 0.5517633
vt 0.0915228 0.5489017
vt 0.1066140 0.5501921
vt 0.1464933 0.5556039
vt 0.1323616 0.5548930
vt 0.1325010 0.5511625
vt 0.1464892 0.5490812
vt 0.1070007 0.5426804
vt 0.1069572 0.5445578
vt 0.0898277 0.5430852
vt 0.0895550 0.5411912
vt 0.1070007 0.5426804
vt 0.1193131 0.5542318
vt 0.1063413 0.5532359
vt 0.1066140 0.5501921
vt 0.1195322 0.5509254
vt 0.1643911 0.5436301
vt 0.1646209 0.5455128
vt 0.1463176 0.5456731
vt 0.1323616 0.5548930
vt 0.1193131 0.5542318
vt 0.1195322 0.5509254
vt 0.1323616 0.5548930
vt 0.1196641 0.5452648
vt 0.1196682 0.5471488
vt 0.1069572 0.5445578
vt 0.1196641 0.5452648
vt 0.1196295 0.5433887
vt 0.1069572 0.5445578
vt 0.1070007 0.5426804
vt 0.1196295 0.5433887
vt 0.1324439 0.5451018
vt 0.1324937 0.5491772
vt 0.1324998 0.5471573
vt 0.1463176 0.5456731
vt 0.1196240 0.5490370
vt 0.1196682 0.5471488
vt 0.1324998 0.5471573
vt 0.1460034 0.5422972
vt 0.1461925 0.5439900
vt 0.1324439 0.5451018
vt 0.1635876 0.5397143
vt 0.1640256 0.5416883
vt 0.1461925 0.5439900
vt 0.1635876 0.5397143
vt 0.1446328 0.5359689
vt 0.1622584 0.5327109
vt 0.1317912 0.5393572
vt 0.1446328 0.5359689
vt 0.1270506 0.5650263
vt 0.1269369 0.5669104
vt 0.1068343 0.5650178
vt 0.1061122 0.5630604
vt 0.1270506 0.5650263
vt 0.1792301 0.5789469
vt 0.1654048 0.5771020
vt 0.1657466 0.5709172
vt 0.1796649 0.5702975
vt 0.1789818 0.5648922
vt 0.1793920 0.5667062
vt 0.1655404 0.5671893
vt 0.1653560 0.5653514
vt 0.1522974 0.5658722
vt 0.1523272 0.5677934
vt 0.1396260 0.5677125
vt 0.1396712 0.5658042
vt 0.1060327 0.5584044
vt 0.1272253 0.5600374
vt 0.1271034 0.5631438
vt 0.1058498 0.5611661
vt 0.1796564 0.5684586
vt 0.1796649 0.5702975
vt 0.1657466 0.5709172
vt 0.1656851 0.5690452
vt 0.1796564 0.5684586
vt 0.1657466 0.5709172
vt 0.1522278 0.5715831
vt 0.1522916 0.5696948
vt 0.1393547 0.5715032
vt 0.1395099 0.5696130
vt 0.1272253 0.5600374
vt 0.1395401 0.5602353
vt 0.1396545 0.5638997
vt 0.1271034 0.5631438
vt 0.1272253 0.5600374
vt 0.1269369 0.5669104
vt 0.1267507 0.5687945
vt 0.1074983 0.5669921
vt 0.1068343 0.5650178
vt 0.1393547 0.5715032
vt 0.1265244 0.5706762
vt 0.1267507 0.5687945
vt 0.1076262 0.5689053
vt 0.1395401 0.5602353
vt 0.1517166 0.5592716
vt 0.1522084 0.5639445
vt 0.1396545 0.5638997
vt 0.1653560 0.5653514
vt 0.1655404 0.5671893
vt 0.1523272 0.5677934
vt 0.1522974 0.5658722
vt 0.1396260 0.5677125
vt 0.1269369 0.5669104
vt 0.1261780 0.5737677
vt 0.1073065 0.5716619
vt 0.1076262 0.5689053
vt 0.1265244 0.5706762
vt 0.1654048 0.5771020
vt 0.1518917 0.5762589
vt 0.1522278 0.5715831
vt 0.1657466 0.5709172
vt 0.1271034 0.5631438
vt 0.1270506 0.5650263
vt 0.1061122 0.5630604
vt 0.1058498 0.5611661
vt 0.1390032 0.5751480
vt 0.1265244 0.5706762
vt 0.1393547 0.5715032
vt 0.1793920 0.5667062
vt 0.1796564 0.5684586
vt 0.1656851 0.5690452
vt 0.1655404 0.5671893
vt 0.1793920 0.5667062
vt 0.1518917 0.5762589
vt 0.1393547 0.5715032
vt 0.1522278 0.5715831
vt 0.1396712 0.5658042
vt 0.1396260 0.5677125
vt 0.1269369 0.5669104
vt 0.1270506 0.5650263
vt 0.1396712 0.5658042
vt 0.1396545 0.5638997
vt 0.1522084 0.5639445
vt 0.1522974 0.5658722
vt 0.1396712 0.5658042
vt 0.1522084 0.5639445
vt 0.1655404 0.5671893
vt 0.1656851 0.5690452
vt 0.1522916 0.5696948
vt 0.1523272 0.5677934
vt 0.1655404 0.5671893
vt 0.1522916 0.5696948
vt 0.1395099 0.5696130
vt 0.1652054 0.5635179
vt 0.1653560 0.5653514
vt 0.1522974 0.5658722
vt 0.1786270 0.5630028
vt 0.1789818 0.5648922
vt 0.1653560 0.5653514
vt 0.1786270 0.5630028
vt 0.1643839 0.5574370
vt 0.1775147 0.5545396
vt 0.1517166 0.5592716
vt 0.1643839 0.5574370
vt 0.5583509 0.2738833
vt 0.5447096 0.2738833
vt 0.5447096 0.2464764
vt 0.5583510 0.2464764
vt 0.2450140 0.1657441
vt 0.2591383 0.1376438
vt 0.2703547 0.1414567
vt 0.2551207 0.1688119
vt 0.2450140 0.1657441
vt 0.4539388 0.1196731
vt 0.4412718 0.1439770
vt 0.4171948 0.1314282
vt 0.4298618 0.1071243
vt 0.3821440 0.1669133
vt 0.3484240 0.2168990
vt 0.3780016 0.1645693
vt 0.3158456 0.1671404
vt 0.2821787 0.2171022
vt 0.3117020 0.1647986
vt 0.2647836 0.1782218
vt 0.2631540 0.1688317
vt 0.2912934 0.1688565
vt 0.2920752 0.1735485
vt 0.4269397 0.1686146
vt 0.3957615 0.1685895
vt 0.4121165 0.1412012
vt 0.4380969 0.1500393
vt 0.2631540 0.1688317
vt 0.2796790 0.1414075
vt 0.3013940 0.1502716
vt 0.2551207 0.1688119
vt 0.2329526 0.2218105
vt 0.2249397 0.2218111
vt 0.2551207 0.1688119
vt 0.2396039 0.2379439
vt 0.2313255 0.2332283
vt 0.2615082 0.1802419
vt 0.2697866 0.1849576
vt 0.2396039 0.2379439
vt 0.3570062 0.1688136
vt 0.3293654 0.1687898
vt 0.3454930 0.1413667
vt 0.3667311 0.1502318
vt 0.3205899 0.1687713
vt 0.3293654 0.1687898
vt 0.2991640 0.2217681
vt 0.2904113 0.2217663
vt 0.2450317 0.1656705
vt 0.2551207 0.1688119
vt 0.2148501 0.2186708
vt 0.2821787 0.2171022
vt 0.2703547 0.1414567
vt 0.2796790 0.1414075
vt 0.2631540 0.1688317
vt 0.3040598 0.2374994
vt 0.2958753 0.2326227
vt 0.3270888 0.1802371
vt 0.3352733 0.1851137
vt 0.3035454 0.1442941
vt 0.3013940 0.1502716
vt 0.2796790 0.1414075
vt 0.2858411 0.1322927
vt 0.3358235 0.1414143
vt 0.3293654 0.1687898
vt 0.3205899 0.1687713
vt 0.3358235 0.1414143
vt 0.4021005 0.1412280
vt 0.4121165 0.1412012
vt 0.3957615 0.1685895
vt 0.3868490 0.1685792
vt 0.4021005 0.1412280
vt 0.3701613 0.2376716
vt 0.3619407 0.2328562
vt 0.3927628 0.1802392
vt 0.4009835 0.1850547
vt 0.4412718 0.1439770
vt 0.4380969 0.1500393
vt 0.4171948 0.1314282
vt 0.3358235 0.1414143
vt 0.3205899 0.1687713
vt 0.3157170 0.1671352
vt 0.3258632 0.1485887
vt 0.3919967 0.1484716
vt 0.4021005 0.1412280
vt 0.3868490 0.1685792
vt 0.3820323 0.1669122
vt 0.3919967 0.1484716
vt 0.3310246 0.1781748
vt 0.3578022 0.1735032
vt 0.3970425 0.1780317
vt 0.3957615 0.1685895
vt 0.4269397 0.1686146
vt 0.4276403 0.1739208
vt 0.3689592 0.1442831
vt 0.3667311 0.1502318
vt 0.3454930 0.1413667
vt 0.3517627 0.1323260
vt 0.3868490 0.1685792
vt 0.3957615 0.1685895
vt 0.3655701 0.2215718
vt 0.3566606 0.2215700
vt 0.3868490 0.1685792
vt 0.3484240 0.2168990
vt 0.3454501 0.1303471
vt 0.3454930 0.1413667
vt 0.3358235 0.1414143
vt 0.3319633 0.1304286
vt 0.3239521 0.1382818
vt 0.3219972 0.1322224
vt 0.2796310 0.1303872
vt 0.2796790 0.1414075
vt 0.2703547 0.1414567
vt 0.2658879 0.1304748
vt 0.3984525 0.1302279
vt 0.4021005 0.1412280
vt 0.3901105 0.1379297
vt 0.3882277 0.1318461
vt 0.4120940 0.1301837
vt 0.4121165 0.1412012
vt 0.5134066 0.2464764
vt 0.5343567 0.2464764
vt 0.5343567 0.2738832
vt 0.5134066 0.2738832
vt 0.5447096 0.2464764
vt 0.5447096 0.2738833
vt 0.5343567 0.2464764
vt 0.4999193 0.2738832
vt 0.4897913 0.2738832
vt 0.4897913 0.2464764
vt 0.4999193 0.2464764
vt 0.5134066 0.2738832
vt 0.4683979 0.2738832
vt 0.4546543 0.2738833
vt 0.4546543 0.2464764
vt 0.4683977 0.2464764
vt 0.4897913 0.2464764
vt 0.4232372 0.2753714
vt 0.4232372 0.2449883
vt 0.0337398 0.1299549
vt 0.0473813 0.1299992
vt 0.0437332 0.1409992
vt 0.0337172 0.1409724
vt 0.1770561 0.1653369
vt 0.1669494 0.1684046
vt 0.1517155 0.1410495
vt 0.1629318 0.1372366
vt 0.0576061 0.1316174
vt 0.0557232 0.1377010
vt 0.0678321 0.1643406
vt 0.0974097 0.2166702
vt 0.0636897 0.1666846
vt 0.1224016 0.1643960
vt 0.1519248 0.2166997
vt 0.1182580 0.1667378
vt 0.1572866 0.1778145
vt 0.1299951 0.1731412
vt 0.1307769 0.1684492
vt 0.1589162 0.1684244
vt 0.0188940 0.1683858
vt 0.0077367 0.1498106
vt 0.0500722 0.1683606
vt 0.1206763 0.1498642
vt 0.1423913 0.1410002
vt 0.1589162 0.1684244
vt 0.1971304 0.2214038
vt 0.1891175 0.2214032
vt 0.1835321 0.2378709
vt 0.1533532 0.1848824
vt 0.1616318 0.1801674
vt 0.1918108 0.2331560
vt 0.0770973 0.1684108
vt 0.0673725 0.1498290
vt 0.0886106 0.1409639
vt 0.1047380 0.1683871
vt 0.1135137 0.1683686
vt 0.1436921 0.2213637
vt 0.1349394 0.2213654
vt 0.1770384 0.1652632
vt 0.2072201 0.2182635
vt 0.1519248 0.2166997
vt 0.1589162 0.1684244
vt 0.1301168 0.2388019
vt 0.0999380 0.1858134
vt 0.1082166 0.1810984
vt 0.1383955 0.2340869
vt 0.1185250 0.1438867
vt 0.1362293 0.1318853
vt 0.1423913 0.1410002
vt 0.0982801 0.1410115
vt 0.0437332 0.1409992
vt 0.0589848 0.1683504
vt 0.0758098 0.2388023
vt 0.0456302 0.1858141
vt 0.0539088 0.1810991
vt 0.0840884 0.2340872
vt 0.0045618 0.1437483
vt 0.0286388 0.1311995
vt 0.0077367 0.1498106
vt 0.0982801 0.1410115
vt 0.1082404 0.1481858
vt 0.1183865 0.1667325
vt 0.0538370 0.1482428
vt 0.0638014 0.1666834
vt 0.0437332 0.1409992
vt 0.1030786 0.1777721
vt 0.0763011 0.1731003
vt 0.1047380 0.1683871
vt 0.0487913 0.1778028
vt 0.0181935 0.1736919
vt 0.0188940 0.1683858
vt 0.0500722 0.1683606
vt 0.0651445 0.1438802
vt 0.0823411 0.1319233
vt 0.0886106 0.1409639
vt 0.0673725 0.1498290
vt 0.0891731 0.2213411
vt 0.0802637 0.2213430
vt 0.0974097 0.2166702
vt 0.0891731 0.2213411
vt 0.0886538 0.1299443
vt 0.1021407 0.1300260
vt 0.1121067 0.1318201
vt 0.1101516 0.1378794
vt 0.1424395 0.1299798
vt 0.1561826 0.1300677
vt 0.1423913 0.1410002
vt 0.7507537 0.2865524
vt 0.7554650 0.2830088
vt 0.7741952 0.3208082
vt 0.7729411 0.3247858
vt 0.7507537 0.2865524
vt 0.8421223 0.3262635
vt 0.8389442 0.2388750
vt 0.9005961 0.2388750
vt 0.8974180 0.3262635
vt 0.8264716 0.2392534
vt 0.7654881 0.2391181
vt 0.7663760 0.2356875
vt 0.8288597 0.2354301
vt 0.8286957 0.2438633
vt 0.7965013 0.3205281
vt 0.7741952 0.3208082
vt 0.7554650 0.2830088
vt 0.8974180 0.3262635
vt 0.8974180 0.3486100
vt 0.8421222 0.3486100
vt 0.8421223 0.3262635
vt 0.8286957 0.2438633
vt 0.8328384 0.2424207
vt 0.7998137 0.3233992
vt 0.7965013 0.3205281
vt 0.7752230 0.3248225
vt 0.7983334 0.3245310
vt 0.7554650 0.2830088
vt 0.7554724 0.2743173
vt 0.8264716 0.2392534
vt 0.8286957 0.2438633
vt 0.8389442 0.2388750
vt 0.8387656 0.2323241
vt 0.9007747 0.2323241
vt 0.9005961 0.2388750
vt 0.8300614 0.2363081
vt 0.8328384 0.2424207
vt 0.8286957 0.2438633
vt 0.7554724 0.2743173
vt 0.7654881 0.2391181
vt 0.9040347 0.1698480
vt 0.8387656 0.2323241
vt 0.8355055 0.1698480
vt 0.9890301 0.2270896
vt 0.9668427 0.2653229
vt 0.9655886 0.2613453
vt 0.9843187 0.2235459
vt 0.9890301 0.2270896
vt 0.9133121 0.1797905
vt 0.9742956 0.1796553
vt 0.9843113 0.2148544
vt 0.9109240 0.1759672
vt 0.9734076 0.1762246
vt 0.9742956 0.1796553
vt 0.9110880 0.1844005
vt 0.9655886 0.2613453
vt 0.9432824 0.2610652
vt 0.9097223 0.1768452
vt 0.9133121 0.1797905
vt 0.9069453 0.1829578
vt 0.9097223 0.1768452
vt 0.9399700 0.2639363
vt 0.9069453 0.1829578
vt 0.9645608 0.2653596
vt 0.9414504 0.2650682
vt 0.9432824 0.2610652
vt 0.9655886 0.2613453
vt 0.9645608 0.2653596
vt 0.9843113 0.2148544
vt 0.1280639 0.5926122
vt 0.1105925 0.5942897
vt 0.1105163 0.5924096
vt 0.1288220 0.5906588
vt 0.0724121 0.5980876
vt 0.0724107 0.6031269
vt 0.0523720 0.6027285
vt 0.0525248 0.5953917
vt 0.0726088 0.5943705
vt 0.0527737 0.5918245
vt 0.0530924 0.5900349
vt 0.0727444 0.5925043
vt 0.0726088 0.5943705
vt 0.0978325 0.5951402
vt 0.0849633 0.5953975
vt 0.0850193 0.5934445
vt 0.0978335 0.5932644
vt 0.1104484 0.5905290
vt 0.1102725 0.5876038
vt 0.1288586 0.5860257
vt 0.1290724 0.5887576
vt 0.0724121 0.5980876
vt 0.0525248 0.5953917
vt 0.0525955 0.5935605
vt 0.0725145 0.5962290
vt 0.0849674 0.5992512
vt 0.0849565 0.5973343
vt 0.0979756 0.5989103
vt 0.0978752 0.5970234
vt 0.0978409 0.5913941
vt 0.0978248 0.5882171
vt 0.1273406 0.5945796
vt 0.1107158 0.5961701
vt 0.1105925 0.5942897
vt 0.1108928 0.5980494
vt 0.0978752 0.5970234
vt 0.1107158 0.5961701
vt 0.1108928 0.5980494
vt 0.1271680 0.5964993
vt 0.1107158 0.5961701
vt 0.0851252 0.5915023
vt 0.0854918 0.5879509
vt 0.0978248 0.5882171
vt 0.0978409 0.5913941
vt 0.0851252 0.5915023
vt 0.0849633 0.5953975
vt 0.0726088 0.5943705
vt 0.0727444 0.5925043
vt 0.0850193 0.5934445
vt 0.0978325 0.5951402
vt 0.1105925 0.5942897
vt 0.1271680 0.5964993
vt 0.1274615 0.5992306
vt 0.1111791 0.6009637
vt 0.1108928 0.5980494
vt 0.0849674 0.5992512
vt 0.0851053 0.6028237
vt 0.0724107 0.6031269
vt 0.0724121 0.5980876
vt 0.1288220 0.5906588
vt 0.1105163 0.5924096
vt 0.1290724 0.5887576
vt 0.1108928 0.5980494
vt 0.1111791 0.6009637
vt 0.0982119 0.6020875
vt 0.0979756 0.5989103
vt 0.0725145 0.5962290
vt 0.0525955 0.5935605
vt 0.0527737 0.5918245
vt 0.0726088 0.5943705
vt 0.0979756 0.5989103
vt 0.0982119 0.6020875
vt 0.0851053 0.6028237
vt 0.0849674 0.5992512
vt 0.1105925 0.5942897
vt 0.0978325 0.5951402
vt 0.0978335 0.5932644
vt 0.0978409 0.5913941
vt 0.0850193 0.5934445
vt 0.0851252 0.5915023
vt 0.0978409 0.5913941
vt 0.0849565 0.5973343
vt 0.0725145 0.5962290
vt 0.0726088 0.5943705
vt 0.0849633 0.5953975
vt 0.0849565 0.5973343
vt 0.0978325 0.5951402
vt 0.0727444 0.5925043
vt 0.0729411 0.5906334
vt 0.0851252 0.5915023
vt 0.0727444 0.5925043
vt 0.0530924 0.5900349
vt 0.0534849 0.5882095
vt 0.0551344 0.5812201
vt 0.0739598 0.5857292
vt 0.0729411 0.5906334
vt 0.0854918 0.5879509
vt 0.0851252 0.5915023
vt 0.0729411 0.5906334
vt 0.7271404 0.0749907
vt 0.7264958 0.0801327
vt 0.7139053 0.0820224
vt 0.7123826 0.0770702
vt 0.7271404 0.0749907
vt 0.7470757 0.0777670
vt 0.7471961 0.0824851
vt 0.7294136 0.0803716
vt 0.7271404 0.0749907
vt 0.7745264 0.0730653
vt 0.7739491 0.0779800
vt 0.7472533 0.0731997
vt 0.7470757 0.0777670
vt 0.7739491 0.0779800
vt 0.7729834 0.0828617
vt 0.7471961 0.0824851
vt 0.7470757 0.0777670
vt 0.8036622 0.0793059
vt 0.7745264 0.0730653
vt 0.8043711 0.0741463
vt 0.8411593 0.0764876
vt 0.8403635 0.0819121
vt 0.7739491 0.0779800
vt 0.8026028 0.0844350
vt 0.7729834 0.0828617
vt 0.7739491 0.0779800
vt 0.7744044 0.0681359
vt 0.7738166 0.0631932
vt 0.8040680 0.0637900
vt 0.8044546 0.0689644
vt 0.7744044 0.0681359
vt 0.7476177 0.0685558
vt 0.7482189 0.0637028
vt 0.7744044 0.0681359
vt 0.7719329 0.0929384
vt 0.7720741 0.0980699
vt 0.7497790 0.0985761
vt 0.7491938 0.0933698
vt 0.7470757 0.0777670
vt 0.7271404 0.0749907
vt 0.7266760 0.0692446
vt 0.8411019 0.0656364
vt 0.8413666 0.0710174
vt 0.8044546 0.0689644
vt 0.8040680 0.0637900
vt 0.8011824 0.0947860
vt 0.8010542 0.1000244
vt 0.7719329 0.0929384
vt 0.7729834 0.0828617
vt 0.8026028 0.0844350
vt 0.8016731 0.0895622
vt 0.7722049 0.0878320
vt 0.7729834 0.0828617
vt 0.7471961 0.0824851
vt 0.7484661 0.0878787
vt 0.7476177 0.0685558
vt 0.7744044 0.0681359
vt 0.7745264 0.0730653
vt 0.7472533 0.0731997
vt 0.7482189 0.0637028
vt 0.7294132 0.0635338
vt 0.7339857 0.0593693
vt 0.7226608 0.0597515
vt 0.7250181 0.0643504
vt 0.7112224 0.0668236
vt 0.7113538 0.0616587
vt 0.7266760 0.0692446
vt 0.7271404 0.0749907
vt 0.7114655 0.0719808
vt 0.7266760 0.0692446
vt 0.7744044 0.0681359
vt 0.8044546 0.0689644
vt 0.7745264 0.0730653
vt 0.7744044 0.0681359
vt 0.8383319 0.0923438
vt 0.8378304 0.0972905
vt 0.8011824 0.0947860
vt 0.8016731 0.0895622
vt 0.8383319 0.0923438
vt 0.7722049 0.0878320
vt 0.8011824 0.0947860
vt 0.7719329 0.0929384
vt 0.8040680 0.0637900
vt 0.7738166 0.0631932
vt 0.7732782 0.0581460
vt 0.8037539 0.0586292
vt 0.8040680 0.0637900
vt 0.7484661 0.0878787
vt 0.7722049 0.0878320
vt 0.7488343 0.0586296
vt 0.7732782 0.0581460
vt 0.7738166 0.0631932
vt 0.7482189 0.0637028
vt 0.7396926 0.0955765
vt 0.7370185 0.0916818
vt 0.7484661 0.0878787
vt 0.7257107 0.0852520
vt 0.7257633 0.0904276
vt 0.7171217 0.0918611
vt 0.7156604 0.0868952
vt 0.8403635 0.0819121
vt 0.8392689 0.0871949
vt 0.8026028 0.0844350
vt 0.8036622 0.0793059
vt 0.8403635 0.0819121
vt 0.7250181 0.0643504
vt 0.7114655 0.0719808
vt 0.7112224 0.0668236
vt 0.7476177 0.0685558
vt 0.7472533 0.0731997
vt 0.7294132 0.0635338
vt 0.7476177 0.0685558
vt 0.8040680 0.0637900
vt 0.8408933 0.0603996
vt 0.8411019 0.0656364
vt 0.8040680 0.0637900
vt 0.7484661 0.0878787
vt 0.7328580 0.0887315
vt 0.7471961 0.0824851
vt 0.7398134 0.1005059
vt 0.7396926 0.0955765
vt 0.7339857 0.0593693
vt 0.7379952 0.0555204
vt 0.7482189 0.0637028
vt 0.8413666 0.0710174
vt 0.8411593 0.0764876
vt 0.8043711 0.0741463
vt 0.8044546 0.0689644
vt 0.8413666 0.0710174
vt 0.8378304 0.0972905
vt 0.8377129 0.1022742
vt 0.8010542 0.1000244
vt 0.8011824 0.0947860
vt 0.7181642 0.1021325
vt 0.7179642 0.0969659
vt 0.7271249 0.0954183
vt 0.7294388 0.1000417
vt 0.8392689 0.0871949
vt 0.8383319 0.0923438
vt 0.8016731 0.0895622
vt 0.8026028 0.0844350
vt 0.8392689 0.0871949
vt 0.7264958 0.0801327
vt 0.7257107 0.0852520
vt 0.7156604 0.0868952
vt 0.7139053 0.0820224
vt 0.7257633 0.0904276
vt 0.7271249 0.0954183
vt 0.7179642 0.0969659
vt 0.7171217 0.0918611
vt 0.3494647 0.9086775
vt 0.3427167 0.9083390
vt 0.3427167 0.7833012
vt 0.3494647 0.7829627
vt 0.3494647 0.9086775
vt 0.0380486 0.7664028
vt 0.0334831 0.7663202
vt 0.0344536 0.7584370
vt 0.0388874 0.7585608
vt 0.2454470 0.9406979
vt 0.2185231 0.9540434
vt 0.2141986 0.9547668
vt 0.1141385 0.7957097
vt 0.1059710 0.7644754
vt 0.1105744 0.7643700
vt 0.1188467 0.7963961
vt 0.1141385 0.7957097
vt 0.1935597 0.9513591
vt 0.1922986 0.9447114
vt 0.2447533 0.9340439
vt 0.2454470 0.9406979
vt 0.3427167 0.9083390
vt 0.3338304 0.9019231
vt 0.3338305 0.7897173
vt 0.3427167 0.7833012
vt 0.1921574 0.9592130
vt 0.1935597 0.9513591
vt 0.2010339 0.9573370
vt 0.0334831 0.7663202
vt 0.0392590 0.7904237
vt 0.0341885 0.7936137
vt 0.0257638 0.7681945
vt 0.0334831 0.7663202
vt 0.2051668 0.9863757
vt 0.2146728 0.9860444
vt 0.2121015 0.9900905
vt 0.1719619 0.8781975
vt 0.1384734 0.8720217
vt 0.1384735 0.8196185
vt 0.1719621 0.8134431
vt 0.2051668 0.9863757
vt 0.1921574 0.9592130
vt 0.2146728 0.9860444
vt 0.0558788 0.8740824
vt 0.0491308 0.8740823
vt 0.0491308 0.8175577
vt 0.0558788 0.8175577
vt 0.0392590 0.7904237
vt 0.0439593 0.7912856
vt 0.0438932 0.7973555
vt 0.0393503 0.7964067
vt 0.0392590 0.7904237
vt 0.2121015 0.9900905
vt 0.2193529 0.9860821
vt 0.2288591 0.9857480
vt 0.2461632 0.9912578
vt 0.0558788 0.8740824
vt 0.0558788 0.8175577
vt 0.0829961 0.8298486
vt 0.0829961 0.8617915
vt 0.3488838 0.9905225
vt 0.2461632 0.9912578
vt 0.2992095 0.9491060
vt 0.3046448 0.9395651
vt 0.2454470 0.9406979
vt 0.0626419 0.7908502
vt 0.0673237 0.7917179
vt 0.0672545 0.7977877
vt 0.0626854 0.7968443
vt 0.0926427 0.7942083
vt 0.0858297 0.7643823
vt 0.0935421 0.7626311
vt 0.0986797 0.7948653
vt 0.0926427 0.7942083
vt 0.2121015 0.9900905
vt 0.2004990 0.9863527
vt 0.0879572 0.7933460
vt 0.0926427 0.7942083
vt 0.0925655 0.8002851
vt 0.0879887 0.7993377
vt 0.0564286 0.7642845
vt 0.0575189 0.7939721
vt 0.0486868 0.7660750
vt 0.2454470 0.9406979
vt 0.2461632 0.9912578
vt 0.1745718 0.9626003
vt 0.1863492 0.9866512
vt 0.1557160 0.9881634
vt 0.2004990 0.9863527
vt 0.1909932 0.9866823
vt 0.1789322 0.9618229
vt 0.1878166 0.9599733
vt 0.1909932 0.9866823
vt 0.1557160 0.9881634
vt 0.1863492 0.9866512
vt 0.1935597 0.9513591
vt 0.1878166 0.9599733
vt 0.0858297 0.7643823
vt 0.0812336 0.7643372
vt 0.0821881 0.7564473
vt 0.0866007 0.7565114
vt 0.0858297 0.7643823
vt 0.2010339 0.9573370
vt 0.1935597 0.9513591
vt 0.2053440 0.9565901
vt 0.0673237 0.7917179
vt 0.0610189 0.7643616
vt 0.0687306 0.7626604
vt 0.0733508 0.7924132
vt 0.0673237 0.7917179
vt 0.0564286 0.7642845
vt 0.0574239 0.7564016
vt 0.0618387 0.7565071
vt 0.0610189 0.7643616
vt 0.1921574 0.9592130
vt 0.1878166 0.9599733
vt 0.1935597 0.9513591
vt 0.1922986 0.9447114
vt 0.1412759 0.9621155
vt 0.1399235 0.9555011
vt 0.1922986 0.9447114
vt 0.2053440 0.9565901
vt 0.2141986 0.9547668
vt 0.2288591 0.9857480
vt 0.2193529 0.9860821
vt 0.2053440 0.9565901
vt 0.0392590 0.7904237
vt 0.0334831 0.7663202
vt 0.0380486 0.7664028
vt 0.0439593 0.7912856
vt 0.1141385 0.7957097
vt 0.1188467 0.7963961
vt 0.1190667 0.8024602
vt 0.1144479 0.8017028
vt 0.1105744 0.7643700
vt 0.1182291 0.7623901
vt 0.1248979 0.7968608
vt 0.1059710 0.7644754
vt 0.1141385 0.7957097
vt 0.1090550 0.7989007
vt 0.0982503 0.7663864
vt 0.2185231 0.9540434
vt 0.2454470 0.9406979
vt 0.2461632 0.9912578
vt 0.2335372 0.9857858
vt 0.2185231 0.9540434
vt 0.1105744 0.7643700
vt 0.1066225 0.7565488
vt 0.1110318 0.7564771
vt 0.0439593 0.7912856
vt 0.0380486 0.7664028
vt 0.0457467 0.7646894
vt 0.0499842 0.7919879
vt 0.0439593 0.7912856
vt 0.0812336 0.7643372
vt 0.0879572 0.7933460
vt 0.0828090 0.7964239
vt 0.0734712 0.7660465
vt 0.0812336 0.7643372
vt 0.2121015 0.9900905
vt 0.2146728 0.9860444
vt 0.0626419 0.7908502
vt 0.0564286 0.7642845
vt 0.0610189 0.7643616
vt 0.0673237 0.7917179
vt 0.0626419 0.7908502
vt 0.0812336 0.7643372
vt 0.0858297 0.7643823
vt 0.0926427 0.7942083
vt 0.2447533 0.9340439
vt 0.3044241 0.9327760
vt 0.3046448 0.9395651
vt 0.2746349 0.8158307
vt 0.2450228 0.8311455
vt 0.2120463 0.8265406
vt 0.1719621 0.8134431
vt 0.2132494 0.8298534
vt 0.1880236 0.8388582
vt 0.1868204 0.8355455
vt 0.2842659 0.8894060
vt 0.2512894 0.8848011
vt 0.2517567 0.8813077
vt 0.2847332 0.8859125
vt 0.2842659 0.8894060
vt 0.2414982 0.8311455
vt 0.2450228 0.8311455
vt 0.2450227 0.8604947
vt 0.2414982 0.8604947
vt 0.2120463 0.8265406
vt 0.1868204 0.8355455
vt 0.1719621 0.8134431
vt 0.2260635 0.8938059
vt 0.1789322 0.9618229
vt 0.1745718 0.9626003
vt 0.1412759 0.9621155
vt 0.2004990 0.9863527
vt 0.2121015 0.9900905
vt 0.1557160 0.9881634
vt 0.1412759 0.9621155
vt 0.1935597 0.9513591
vt 0.1789322 0.9618229
vt 0.1412759 0.9621155
vt 0.2053440 0.9565901
vt 0.2141986 0.9547668
vt 0.2288591 0.9857480
vt 0.2335372 0.9857858
vt 0.2461632 0.9912578
vt 0.1719619 0.8781975
vt 0.1719621 0.8134431
vt 0.1868204 0.8355455
vt 0.1868203 0.8560952
vt 0.1719619 0.8781975
vt 0.2450227 0.8604947
vt 0.2450228 0.8311455
vt 0.2746349 0.8158307
vt 0.2746349 0.8758095
vt 0.2450227 0.8604947
vt 0.2260635 0.9143552
vt 0.2225389 0.9143553
vt 0.2225389 0.8938059
vt 0.2260635 0.8938059
vt 0.2842659 0.9187551
vt 0.2842659 0.8894060
vt 0.2181573 0.7906386
vt 0.2174432 0.7984928
vt 0.2130712 0.7977453
vt 0.2136646 0.7898245
vt 0.1015494 0.8880082
vt 0.1346335 0.8969436
vt 0.1302483 0.8969141
vt 0.3050579 0.7601883
vt 0.3098146 0.7602944
vt 0.2963338 0.7904999
vt 0.2918120 0.7896304
vt 0.3050579 0.7601883
vt 0.1544714 0.8903092
vt 0.1015494 0.8880082
vt 0.1011796 0.8813284
vt 0.1546632 0.8835458
vt 0.1571002 0.8978420
vt 0.1480388 0.8973956
vt 0.2136646 0.7898245
vt 0.2064615 0.7864758
vt 0.2196946 0.7631950
vt 0.2240440 0.7673137
vt 0.1485565 0.9267225
vt 0.1422978 0.9314886
vt 0.1391181 0.9279006
vt 0.1485565 0.9267225
vt 0.1480388 0.8973956
vt 0.1571002 0.8978420
vt 0.2240440 0.7673137
vt 0.2253268 0.7614638
vt 0.2299676 0.7614399
vt 0.2288226 0.7673961
vt 0.2240440 0.7673137
vt 0.1088522 0.9380319
vt 0.1250651 0.9298546
vt 0.1345037 0.9286790
vt 0.0073433 0.9536679
vt 0.0497884 0.9048340
vt 0.0429174 0.8962705
vt 0.1015494 0.8880082
vt 0.2510462 0.7649758
vt 0.2523204 0.7591147
vt 0.2569858 0.7591301
vt 0.2558070 0.7650810
vt 0.2824143 0.7627129
vt 0.2884596 0.7632914
vt 0.2768988 0.7938164
vt 0.2697014 0.7905381
vt 0.2824143 0.7627129
vt 0.1485565 0.9267225
vt 0.1531617 0.9259608
vt 0.1422978 0.9314886
vt 0.2776508 0.7626003
vt 0.2789184 0.7567387
vt 0.2835921 0.7567560
vt 0.2824143 0.7627129
vt 0.2395777 0.7897331
vt 0.2323598 0.7864103
vt 0.2466616 0.7608815
vt 0.2510462 0.7649758
vt 0.1015494 0.8880082
vt 0.1088522 0.9380319
vt 0.0497884 0.9048340
vt 0.1750001 0.8984030
vt 0.1976662 0.9206578
vt 0.1671800 0.9240154
vt 0.1531617 0.9259608
vt 0.1615064 0.8979056
vt 0.1705714 0.8983251
vt 0.1625997 0.9247811
vt 0.1531617 0.9259608
vt 0.1976662 0.9206578
vt 0.1705714 0.8983251
vt 0.1544714 0.8903092
vt 0.2697014 0.7905381
vt 0.2688596 0.7984017
vt 0.2645257 0.7975692
vt 0.2651921 0.7896494
vt 0.2697014 0.7905381
vt 0.1480388 0.8973956
vt 0.1436651 0.8973410
vt 0.2558070 0.7650810
vt 0.2618502 0.7656210
vt 0.2512944 0.7938195
vt 0.2440879 0.7905896
vt 0.2432966 0.7984469
vt 0.2389522 0.7976542
vt 0.2395777 0.7897331
vt 0.2440879 0.7905896
vt 0.1571002 0.8978420
vt 0.1544714 0.8903092
vt 0.1615064 0.8979056
vt 0.1546632 0.8835458
vt 0.2080868 0.8859066
vt 0.2077989 0.8926516
vt 0.1544714 0.8903092
vt 0.1436651 0.8973410
vt 0.1250651 0.9298546
vt 0.1346335 0.8969436
vt 0.2240440 0.7673137
vt 0.2288226 0.7673961
vt 0.2181573 0.7906386
vt 0.2136646 0.7898245
vt 0.2240440 0.7673137
vt 0.3050579 0.7601883
vt 0.3063596 0.7543300
vt 0.3110400 0.7543513
vt 0.3098146 0.7602944
vt 0.3158588 0.7608420
vt 0.3035530 0.7937247
vt 0.2963338 0.7904999
vt 0.3098146 0.7602944
vt 0.2918120 0.7896304
vt 0.2845163 0.7864625
vt 0.3005756 0.7561966
vt 0.1302483 0.8969141
vt 0.1204526 0.9306331
vt 0.1088522 0.9380319
vt 0.1015494 0.8880082
vt 0.1302483 0.8969141
vt 0.2963338 0.7904999
vt 0.2954719 0.7983590
vt 0.2911360 0.7975548
vt 0.2963338 0.7904999
vt 0.2288226 0.7673961
vt 0.2348688 0.7678853
vt 0.2253709 0.7938266
vt 0.2181573 0.7906386
vt 0.2288226 0.7673961
vt 0.2651921 0.7896494
vt 0.2579372 0.7864028
vt 0.2732317 0.7585451
vt 0.2776508 0.7626003
vt 0.1391181 0.9279006
vt 0.1422978 0.9314886
vt 0.2510462 0.7649758
vt 0.2558070 0.7650810
vt 0.2440879 0.7905896
vt 0.2395777 0.7897331
vt 0.2510462 0.7649758
vt 0.2776508 0.7626003
vt 0.2824143 0.7627129
vt 0.2697014 0.7905381
vt 0.1015494 0.8880082
vt 0.0429174 0.8962705
vt 0.0420611 0.8895316
vt 0.1011796 0.8813284
vt 0.2746349 0.8758095
vt 0.1719619 0.8781975
vt 0.2120462 0.8651000
vt 0.2450227 0.8604947
vt 0.2746349 0.8758095
vt 0.2132493 0.8617872
vt 0.2120462 0.8651000
vt 0.1868203 0.8560952
vt 0.1880234 0.8527824
vt 0.2842659 0.9187551
vt 0.2847332 0.9222484
vt 0.2517567 0.9268532
vt 0.2512894 0.9233599
vt 0.2120462 0.8651000
vt 0.1719619 0.8781975
vt 0.2260635 0.9143552
vt 0.2842659 0.9187551
vt 0.1705714 0.8983251
vt 0.2077989 0.8926516
vt 0.1750001 0.8984030
vt 0.1422978 0.9314886
vt 0.1531617 0.9259608
vt 0.1976662 0.9206578
vt 0.1422978 0.9314886
vt 0.2077989 0.8926516
vt 0.1705714 0.8983251
vt 0.1544714 0.8903092
vt 0.1976662 0.9206578
vt 0.2077989 0.8926516
vt 0.1436651 0.8973410
vt 0.1346335 0.8969436
vt 0.1015494 0.8880082
vt 0.1544714 0.8903092
vt 0.1250651 0.9298546
vt 0.1088522 0.9380319
vt 0.1204526 0.9306331
vt 0.3338304 0.9019231
vt 0.2746349 0.8758095
vt 0.2746349 0.8158307
vt 0.3338305 0.7897173
vt 0.3338304 0.9019231
vt 0.0829961 0.8617915
vt 0.0829961 0.8298486
vt 0.1384735 0.8196185
vt 0.1384734 0.8720217
vt 0.0829961 0.8617915
vt 0.5749394 0.2035314
vt 0.5782482 0.1722450
vt 0.6052678 0.1722449
vt 0.6085767 0.2035314
vt 0.6063423 0.1684820
vt 0.5771737 0.1684821
vt 0.6006598 0.2299690
vt 0.5828564 0.2299690
vt 0.5816867 0.2475200
vt 0.5821484 0.2342874
vt 0.6013675 0.2342874
vt 0.6018290 0.2475200
vt 0.5816867 0.2475200
vt 0.6090164 0.1711234
vt 0.6143458 0.2028506
vt 0.6006598 0.2299690
vt 0.6141965 0.2049992
vt 0.6042178 0.2325144
vt 0.6130412 0.2226424
vt 0.6183333 0.2076570
vt 0.5801895 0.1641437
vt 0.6033264 0.1641437
vt 0.6063423 0.1684820
vt 0.6191010 0.2015979
vt 0.6141095 0.1725284
vt 0.6006598 0.2299690
vt 0.6013675 0.2342874
vt 0.5828564 0.2299690
vt 0.5644150 0.2015980
vt 0.5694066 0.1725284
vt 0.5744996 0.1711234
vt 0.5691702 0.2028506
vt 0.5704751 0.2226425
vt 0.5651829 0.2076571
vt 0.5693196 0.2049993
vt 0.5792985 0.2325144
vt 0.5691702 0.2028506
vt 0.9697101 0.0389193
vt 0.9875998 0.0391547
vt 0.9878071 0.0435824
vt 0.9610592 0.0439353
vt 0.9536054 0.0292313
vt 0.9535595 0.0263582
vt 0.9592392 0.0240417
vt 0.9591764 0.0291730
vt 0.9873842 0.0347654
vt 0.9716487 0.0348223
vt 0.9716176 0.0233157
vt 0.9873638 0.0232500
vt 0.9691530 0.0207598
vt 0.9664894 0.0112275
vt 0.9808401 0.0207843
vt 0.9827473 0.0048866
vt 0.9808325 0.0112414
vt 0.9637852 0.0048911
vt 0.9591764 0.0291730
vt 0.9599401 0.0299938
vt 0.9599435 0.0347613
vt 0.9587424 0.0355763
vt 0.9591764 0.0291730
vt 0.9523168 0.0193306
vt 0.9526333 0.0182279
vt 0.9664894 0.0112275
vt 0.9808401 0.0207843
vt 0.9808325 0.0112414
vt 0.9874111 0.0104489
vt 0.9874035 0.0207831
vt 0.9654077 0.0299894
vt 0.9680865 0.0347509
vt 0.9599435 0.0347613
vt 0.9917026 0.0354943
vt 0.9873638 0.0232500
vt 0.9961311 0.0231274
vt 0.9961319 0.0355327
vt 0.9917026 0.0354943
vt 0.9654077 0.0299894
vt 0.9598893 0.0288726
vt 0.9650208 0.0289097
vt 0.9873638 0.0232500
vt 0.9894652 0.0166077
vt 0.9958182 0.0182168
vt 0.9873638 0.0232500
vt 0.9680865 0.0347509
vt 0.9716487 0.0348223
vt 0.9673741 0.0363275
vt 0.9808401 0.0207843
vt 0.9716176 0.0233157
vt 0.9691530 0.0207598
vt 0.9808401 0.0207843
vt 0.9808325 0.0112414
vt 0.9664894 0.0112275
vt 0.9610687 0.0373589
vt 0.9692071 0.0372651
vt 0.9697101 0.0389193
vt 0.9610728 0.0388076
vt 0.9873842 0.0347654
vt 0.9875998 0.0391547
vt 0.9716487 0.0348223
vt 0.9680865 0.0347509
vt 0.9654077 0.0299894
vt 0.9680588 0.0231993
vt 0.9917026 0.0354943
vt 0.9591764 0.0291730
vt 0.9587424 0.0355763
vt 0.9536148 0.0356153
vt 0.9536054 0.0292313
vt 0.9610728 0.0388076
vt 0.9697101 0.0389193
vt 0.9610592 0.0439353
vt 0.9595320 0.0182802
vt 0.9523168 0.0193306
vt 0.9664894 0.0112275
vt 0.9495421 0.0129303
vt 0.9637852 0.0048911
vt 0.9716176 0.0233157
vt 0.9716487 0.0348223
vt 0.9680865 0.0347509
vt 0.9680588 0.0231993
vt 0.7581065 0.0303096
vt 0.7581207 0.0067511
vt 0.7610224 0.0067511
vt 0.7610368 0.0303096
vt 0.6738490 0.0133263
vt 0.6738487 0.0504079
vt 0.6516899 0.0504079
vt 0.6516898 0.0133262
vt 0.7716810 0.0306541
vt 0.7718234 0.0067955
vt 0.7810127 0.0068348
vt 0.7809461 0.0306956
vt 0.8327873 0.0062442
vt 0.8327868 0.0144935
vt 0.8011031 0.0366864
vt 0.7610368 0.0303096
vt 0.7706511 0.0450945
vt 0.7484922 0.0450945
vt 0.7581065 0.0303096
vt 0.7648157 0.0303101
vt 0.7649372 0.0067506
vt 0.8361937 0.0193582
vt 0.8045112 0.0415503
vt 0.8327868 0.0144935
vt 0.8361937 0.0193582
vt 0.8350484 0.0259260
vt 0.8043892 0.0467842
vt 0.7648157 0.0303101
vt 0.7610224 0.0067511
vt 0.6451255 0.0062444
vt 0.6516898 0.0062444
vt 0.6516898 0.0133262
vt 0.6451254 0.0144933
vt 0.6391864 0.0062443
vt 0.6391864 0.0144933
vt 0.8011031 0.0366864
vt 0.7943902 0.0408870
vt 0.7809461 0.0306956
vt 0.7543270 0.0303100
vt 0.7474614 0.0306539
vt 0.7473187 0.0067953
vt 0.7542055 0.0067505
vt 0.6738492 0.0062444
vt 0.7994091 0.0423793
vt 0.7197325 0.0423790
vt 0.7180382 0.0366862
vt 0.7247512 0.0408866
vt 0.7381955 0.0306953
vt 0.7381289 0.0068346
vt 0.6863540 0.0144933
vt 0.6863535 0.0062441
vt 0.6829473 0.0193582
vt 0.7146299 0.0415500
vt 0.7147520 0.0467838
vt 0.6840926 0.0259259
vt 0.7581207 0.0067511
vt 0.7581065 0.0303096
vt 0.6804138 0.0062444
vt 0.6804140 0.0144934
vt 0.6738492 0.0062444
vt 0.6804140 0.0144934
vt 0.6804138 0.0062444
vt 0.7408239 0.0395334
vt 0.7783176 0.0395336
vt 0.7943902 0.0408870
vt 0.7774848 0.0459117
vt 0.7474614 0.0306539
vt 0.7530664 0.0338449
vt 0.7660762 0.0338450
vt 0.7648157 0.0303101
vt 0.6888614 0.1267024
vt 0.6405085 0.1267024
vt 0.6489676 0.1030896
vt 0.6888614 0.1030903
vt 0.6888614 0.1267024
vt 0.7065597 0.0936838
vt 0.7065597 0.1018265
vt 0.6929609 0.1018265
vt 0.6929609 0.0936838
vt 0.6752627 0.0984877
vt 0.6489676 0.1030896
vt 0.6489682 0.0857413
vt 0.6752630 0.0903450
vt 0.6786070 0.0903450
vt 0.6786070 0.0984877
vt 0.6450903 0.0906216
vt 0.6489676 0.1030896
vt 0.6450902 0.0982094
vt 0.6888615 0.0984880
vt 0.6888614 0.1030903
vt 0.6489676 0.1030896
vt 0.6316302 0.1411202
vt 0.6316302 0.1506993
vt 0.6240425 0.1506993
vt 0.6240425 0.1411202
vt 0.7065597 0.1018265
vt 0.7065597 0.1051707
vt 0.6929609 0.1051707
vt 0.6929609 0.1018265
vt 0.6240424 0.1606084
vt 0.6316302 0.1506993
vt 0.6316302 0.1606084
vt 0.7062105 0.0621288
vt 0.7016093 0.0823975
vt 0.6934658 0.0823981
vt 0.6888623 0.0621298
vt 0.7062105 0.0621288
vt 0.6349224 0.0982093
vt 0.6450902 0.0982094
vt 0.6489676 0.1030896
vt 0.6238857 0.1030896
vt 0.6349224 0.0982093
vt 0.6238859 0.0857414
vt 0.6349226 0.0906216
vt 0.6349224 0.0982093
vt 0.7016093 0.0823975
vt 0.7062125 0.0857412
vt 0.7016098 0.0857417
vt 0.6316302 0.1278020
vt 0.6316302 0.1411202
vt 0.6240425 0.1411202
vt 0.6240425 0.1278020
vt 0.6240425 0.1506993
vt 0.6141334 0.1506993
vt 0.6107243 0.1411202
vt 0.6888627 0.0857426
vt 0.6489682 0.0857413
vt 0.6405096 0.0621296
vt 0.6316302 0.1506993
vt 0.6316302 0.1411202
vt 0.6449484 0.1411202
vt 0.6415393 0.1506993
vt 0.6316302 0.1506993
vt 0.6934657 0.0857424
vt 0.6934658 0.0823981
vt 0.6349226 0.0906216
vt 0.6238859 0.0857414
vt 0.6489682 0.0857413
vt 0.6450903 0.0906216
vt 0.6349226 0.0906216
vt 0.7065597 0.0936838
vt 0.6929609 0.0936838
vt 0.6929609 0.0903395
vt 0.7065597 0.0903395
vt 0.6752630 0.0903450
vt 0.6489682 0.0857413
vt 0.6888621 0.0903460
vt 0.7062105 0.0621288
vt 0.7062125 0.0857412
vt 0.7016093 0.0823975
vt 0.9806086 0.9780969
vt 0.9844306 0.9925447
vt 0.9586828 0.9925446
vt 0.9626744 0.9780968
vt 0.9806086 0.9780969
vt 0.9844308 0.9173945
vt 0.9806087 0.9318423
vt 0.9626744 0.9318423
vt 0.9586830 0.9173945
vt 0.9806087 0.9318423
vt 0.9806086 0.9780969
vt 0.9476855 0.9318423
vt 0.9476854 0.9780968
vt 0.9955535 0.9318424
vt 0.9955534 0.9780969
vt 0.9806086 0.9780969
vt 0.9806087 0.9318423
vt 0.8650656 0.9444078
vt 0.8807537 0.9444079
vt 0.8807537 0.9682743
vt 0.8650656 0.9682743
vt 0.8255110 0.9444079
vt 0.8411992 0.9444078
vt 0.8411992 0.9682743
vt 0.8255110 0.9682743
vt 0.8650656 0.9444078
vt 0.8411992 0.9839624
vt 0.8411992 0.9682743
vt 0.8650656 0.9839624
vt 0.8411992 0.9287197
vt 0.8650656 0.9287197
vt 0.9493145 0.8813791
vt 0.9650435 0.8814939
vt 0.9656375 0.8849708
vt 0.9472756 0.8848233
vt 0.9430409 0.8989699
vt 0.9348090 0.8982517
vt 0.9332473 0.8940161
vt 0.9443746 0.8955566
vt 0.9328653 0.8901614
vt 0.9455650 0.8919813
vt 0.9443746 0.8955566
vt 0.9461777 0.8957030
vt 0.9663616 0.8954573
vt 0.9656826 0.8989173
vt 0.9477126 0.8990292
vt 0.9461777 0.8957030
vt 0.9421410 0.9028524
vt 0.9365305 0.9028466
vt 0.9430409 0.8989699
vt 0.9660592 0.8778496
vt 0.9717158 0.8771159
vt 0.9720227 0.8806299
vt 0.9662704 0.8813708
vt 0.9505494 0.8776760
vt 0.9649112 0.8779743
vt 0.9650435 0.8814939
vt 0.9493145 0.8813791
vt 0.9662717 0.8848985
vt 0.9724450 0.8841315
vt 0.9729930 0.8876150
vt 0.9663220 0.8884262
vt 0.9662717 0.8848985
vt 0.9672695 0.8954118
vt 0.9741281 0.8945753
vt 0.9745466 0.8980771
vt 0.9681033 0.8988407
vt 0.9672695 0.8954118
vt 0.9455650 0.8919813
vt 0.9336011 0.8866531
vt 0.9459864 0.8883512
vt 0.9419129 0.9066876
vt 0.9366906 0.9064996
vt 0.9365305 0.9028466
vt 0.9421410 0.9028524
vt 0.9672695 0.8954118
vt 0.9666350 0.8919399
vt 0.9735888 0.8910905
vt 0.9336011 0.8866531
vt 0.9362773 0.8824195
vt 0.9456711 0.8846104
vt 0.9688940 0.9022790
vt 0.9748436 0.9015918
vt 0.9750747 0.9051116
vt 0.9694088 0.9057689
vt 0.9688940 0.9022790
vt 0.9663616 0.8954573
vt 0.9461777 0.8957030
vt 0.9455650 0.8919813
vt 0.9666350 0.8919399
vt 0.9455488 0.8806108
vt 0.9392093 0.8786902
vt 0.9405734 0.8756080
vt 0.9456784 0.8767103
vt 0.9495009 0.9025893
vt 0.9649869 0.9023741
vt 0.9646701 0.9058868
vt 0.9503114 0.9063461
vt 0.9720227 0.8806299
vt 0.9724450 0.8841315
vt 0.9662717 0.8848985
vt 0.9456711 0.8846104
vt 0.9392093 0.8786902
vt 0.9656826 0.8989173
vt 0.9649869 0.9023741
vt 0.9681033 0.8988407
vt 0.9745466 0.8980771
vt 0.9748436 0.9015918
vt 0.9688940 0.9022790
vt 0.9472756 0.8848233
vt 0.9656375 0.8849708
vt 0.9663220 0.8884262
vt 0.9472756 0.8848233
vt 0.9666350 0.8919399
vt 0.9729930 0.8876150
vt 0.9735888 0.8910905
vt 0.9663220 0.8884262
vt 0.9450555 0.3307829
vt 0.9450555 0.3233246
vt 0.9827719 0.3233246
vt 0.9827719 0.3307829
vt 0.9450555 0.3724380
vt 0.9450555 0.3649797
vt 0.9827719 0.3649796
vt 0.9827719 0.3724380
vt 0.9902301 0.3649796
vt 0.9902302 0.3307829
vt 0.9824039 0.3106533
vt 0.9824039 0.3172470
vt 0.9572397 0.3172470
vt 0.9572397 0.3106533
vt 0.9824039 0.2708532
vt 0.9824039 0.2774469
vt 0.9572397 0.2774469
vt 0.9572397 0.2708532
vt 0.9506459 0.2774469
vt 0.9572397 0.2774469
vt 0.9506459 0.3106533
vt 0.9889977 0.2774469
vt 0.9889977 0.3106533
vt 0.8811433 0.1301576
vt 0.8685525 0.1282691
vt 0.8679073 0.1231270
vt 0.8826655 0.1252053
vt 0.8656340 0.1285076
vt 0.8478516 0.1306205
vt 0.8479721 0.1259025
vt 0.8210986 0.1261144
vt 0.8205215 0.1211997
vt 0.8477946 0.1213353
vt 0.8220642 0.1309960
vt 0.8210986 0.1261144
vt 0.8478516 0.1306205
vt 0.7913855 0.1274399
vt 0.7906767 0.1222803
vt 0.8205215 0.1211997
vt 0.7913855 0.1274399
vt 0.7546842 0.1300461
vt 0.7538884 0.1246216
vt 0.7924448 0.1325690
vt 0.8210986 0.1261144
vt 0.7909799 0.1119241
vt 0.8212314 0.1113276
vt 0.8206435 0.1162703
vt 0.7905932 0.1170985
vt 0.8468291 0.1118383
vt 0.8474303 0.1166914
vt 0.8212314 0.1113276
vt 0.8452680 0.1467115
vt 0.8229731 0.1462043
vt 0.8231145 0.1410728
vt 0.8458534 0.1415053
vt 0.8479721 0.1259025
vt 0.8477946 0.1213353
vt 0.8683717 0.1173807
vt 0.7905932 0.1170985
vt 0.7536811 0.1191514
vt 0.7539459 0.1137705
vt 0.7909799 0.1119241
vt 0.8229731 0.1462043
vt 0.7939931 0.1481584
vt 0.7938650 0.1429200
vt 0.7933744 0.1376961
vt 0.8228427 0.1359665
vt 0.8478516 0.1306205
vt 0.8465813 0.1360142
vt 0.8228427 0.1359665
vt 0.8205215 0.1211997
vt 0.8206435 0.1162703
vt 0.8474303 0.1166914
vt 0.8477946 0.1213353
vt 0.8205215 0.1211997
vt 0.8656349 0.1116699
vt 0.8468291 0.1118383
vt 0.8610625 0.1075052
vt 0.8838252 0.1149588
vt 0.8700293 0.1124865
vt 0.8723863 0.1078874
vt 0.8836934 0.1097940
vt 0.8826655 0.1252053
vt 0.8683717 0.1173807
vt 0.8835823 0.1201160
vt 0.7906767 0.1222803
vt 0.8205215 0.1211997
vt 0.7938650 0.1429200
vt 0.7572170 0.1454245
vt 0.7567155 0.1404778
vt 0.7933744 0.1376961
vt 0.7938650 0.1429200
vt 0.8228427 0.1359665
vt 0.8231145 0.1410728
vt 0.7938650 0.1429200
vt 0.8217699 0.1062804
vt 0.8212314 0.1113276
vt 0.7909799 0.1119241
vt 0.7912940 0.1067632
vt 0.8217699 0.1062804
vt 0.8231145 0.1410728
vt 0.8465813 0.1360142
vt 0.8458534 0.1415053
vt 0.8217699 0.1062804
vt 0.8462140 0.1067650
vt 0.8468291 0.1118383
vt 0.8553544 0.1437124
vt 0.8580287 0.1398180
vt 0.8553544 0.1437124
vt 0.8779281 0.1399965
vt 0.8692862 0.1385641
vt 0.8693382 0.1333884
vt 0.8793887 0.1350304
vt 0.7557786 0.1353289
vt 0.7546842 0.1300461
vt 0.7913855 0.1274399
vt 0.7924448 0.1325690
vt 0.8835823 0.1201160
vt 0.8683717 0.1173807
vt 0.8700293 0.1124865
vt 0.8838252 0.1149588
vt 0.8683717 0.1173807
vt 0.8477946 0.1213353
vt 0.8474303 0.1166914
vt 0.8656349 0.1116699
vt 0.7541546 0.1085337
vt 0.7912940 0.1067632
vt 0.7909799 0.1119241
vt 0.8465813 0.1360142
vt 0.8478516 0.1306205
vt 0.8621894 0.1368678
vt 0.8552335 0.1486418
vt 0.8452680 0.1467115
vt 0.8458534 0.1415053
vt 0.8553544 0.1437124
vt 0.8570531 0.1036561
vt 0.8610625 0.1075052
vt 0.8468291 0.1118383
vt 0.7906767 0.1222803
vt 0.7538884 0.1246216
vt 0.7939931 0.1481584
vt 0.7573343 0.1504082
vt 0.7572170 0.1454245
vt 0.7938650 0.1429200
vt 0.7939931 0.1481584
vt 0.8679253 0.1435549
vt 0.8770863 0.1451014
vt 0.8768870 0.1502680
vt 0.8656121 0.1481788
vt 0.8679253 0.1435549
vt 0.7933744 0.1376961
vt 0.7567155 0.1404778
vt 0.7557786 0.1353289
vt 0.7924448 0.1325690
vt 0.7933744 0.1376961
vt 0.8793887 0.1350304
vt 0.8693382 0.1333884
vt 0.8685525 0.1282691
vt 0.8811433 0.1301576
vt 0.8679253 0.1435549
vt 0.8692862 0.1385641
vt 0.8779281 0.1399965
vt 0.1194553 0.6423201
vt 0.0993527 0.6442121
vt 0.0992389 0.6423279
vt 0.1201773 0.6403626
vt 0.0605430 0.6482188
vt 0.0608847 0.6544036
vt 0.0470595 0.6562486
vt 0.0466246 0.6475993
vt 0.0607491 0.6444910
vt 0.0468974 0.6440081
vt 0.0473076 0.6421940
vt 0.0609334 0.6426529
vt 0.0607491 0.6444910
vt 0.0866635 0.6450137
vt 0.0739623 0.6450946
vt 0.0739920 0.6431735
vt 0.0866183 0.6431056
vt 0.0991861 0.6404454
vt 0.0990643 0.6373389
vt 0.1202570 0.6357067
vt 0.1204398 0.6384683
vt 0.0991861 0.6404454
vt 0.0605430 0.6482188
vt 0.0466331 0.6457605
vt 0.0606044 0.6463469
vt 0.0605430 0.6482188
vt 0.0740617 0.6488845
vt 0.0606044 0.6463469
vt 0.0739980 0.6469961
vt 0.0740617 0.6488845
vt 0.0869348 0.6488046
vt 0.0739980 0.6469961
vt 0.0867796 0.6469144
vt 0.0869348 0.6488046
vt 0.0866350 0.6412010
vt 0.0867494 0.6375366
vt 0.0990643 0.6373389
vt 0.0991861 0.6404454
vt 0.0866350 0.6412010
vt 0.1187912 0.6442943
vt 0.0995388 0.6460961
vt 0.0993527 0.6442121
vt 0.1194553 0.6423201
vt 0.0997651 0.6479779
vt 0.0869348 0.6488046
vt 0.0867796 0.6469144
vt 0.0995388 0.6460961
vt 0.1186633 0.6462076
vt 0.0740810 0.6412457
vt 0.0745728 0.6365729
vt 0.0867494 0.6375366
vt 0.0866350 0.6412010
vt 0.0740810 0.6412457
vt 0.0739623 0.6450946
vt 0.0607491 0.6444910
vt 0.0609334 0.6426529
vt 0.0995388 0.6460961
vt 0.0867796 0.6469144
vt 0.0866635 0.6450137
vt 0.0993527 0.6442121
vt 0.0995388 0.6460961
vt 0.1189830 0.6489641
vt 0.1001114 0.6510693
vt 0.0997651 0.6479779
vt 0.0740617 0.6488845
vt 0.0743978 0.6535604
vt 0.0608847 0.6544036
vt 0.0605430 0.6482188
vt 0.1201773 0.6403626
vt 0.0992389 0.6423279
vt 0.0991861 0.6404454
vt 0.1204398 0.6384683
vt 0.1201773 0.6403626
vt 0.1001114 0.6510693
vt 0.0872862 0.6524495
vt 0.0869348 0.6488046
vt 0.0606044 0.6463469
vt 0.0466331 0.6457605
vt 0.0468974 0.6440081
vt 0.0607491 0.6444910
vt 0.0606044 0.6463469
vt 0.0743978 0.6535604
vt 0.0740617 0.6488845
vt 0.0869348 0.6488046
vt 0.0993527 0.6442121
vt 0.0866635 0.6450137
vt 0.0866183 0.6431056
vt 0.0992389 0.6423279
vt 0.0866350 0.6412010
vt 0.0991861 0.6404454
vt 0.0992389 0.6423279
vt 0.0740810 0.6412457
vt 0.0606044 0.6463469
vt 0.0607491 0.6444910
vt 0.0739623 0.6450946
vt 0.0867796 0.6469144
vt 0.0866635 0.6450137
vt 0.0609334 0.6426529
vt 0.0610840 0.6408194
vt 0.0740810 0.6412457
vt 0.0609334 0.6426529
vt 0.0473076 0.6421940
vt 0.0476624 0.6403046
vt 0.0487745 0.6318414
vt 0.0619054 0.6347385
vt 0.0745728 0.6365729
vt 0.0740810 0.6412457
vt 0.1239457 0.6180572
vt 0.1076536 0.6194661
vt 0.1075910 0.6175892
vt 0.1247204 0.6161157
vt 0.0680594 0.6221154
vt 0.0680558 0.6286379
vt 0.0495614 0.6277720
vt 0.0498583 0.6205097
vt 0.0682306 0.6187073
vt 0.0501569 0.6166655
vt 0.0505223 0.6147237
vt 0.0683555 0.6170242
vt 0.0948802 0.6201811
vt 0.0820486 0.6201907
vt 0.0821042 0.6181352
vt 0.0948842 0.6182971
vt 0.1075474 0.6157120
vt 0.1074030 0.6126589
vt 0.1248010 0.6113615
vt 0.1249930 0.6142217
vt 0.0498583 0.6205097
vt 0.0499273 0.6185483
vt 0.0681503 0.6203984
vt 0.0680594 0.6221154
vt 0.0820478 0.6241959
vt 0.0820549 0.6222107
vt 0.0950166 0.6239578
vt 0.0949245 0.6220694
vt 0.0949186 0.6164210
vt 0.0949816 0.6131157
vt 0.1232104 0.6200151
vt 0.1077681 0.6213447
vt 0.1076536 0.6194661
vt 0.1079348 0.6232238
vt 0.0950166 0.6239578
vt 0.0949245 0.6220694
vt 0.1077681 0.6213447
vt 0.1079348 0.6232238
vt 0.1230259 0.6219324
vt 0.1232104 0.6200151
vt 0.0822315 0.6160924
vt 0.0827565 0.6123906
vt 0.0949816 0.6131157
vt 0.0820486 0.6201907
vt 0.0682306 0.6187073
vt 0.0683555 0.6170242
vt 0.0821042 0.6181352
vt 0.0820486 0.6201907
vt 0.0949245 0.6220694
vt 0.0948802 0.6201811
vt 0.1076536 0.6194661
vt 0.1230259 0.6219324
vt 0.1233093 0.6247940
vt 0.1082077 0.6262676
vt 0.1079348 0.6232238
vt 0.1230259 0.6219324
vt 0.0820478 0.6241959
vt 0.0821874 0.6279263
vt 0.0680594 0.6221154
vt 0.1247204 0.6161157
vt 0.1075910 0.6175892
vt 0.1075474 0.6157120
vt 0.1249930 0.6142217
vt 0.1079348 0.6232238
vt 0.1082077 0.6262676
vt 0.0952360 0.6272643
vt 0.0950166 0.6239578
vt 0.1079348 0.6232238
vt 0.0681503 0.6203984
vt 0.0499273 0.6185483
vt 0.0501569 0.6166655
vt 0.0681503 0.6203984
vt 0.0950166 0.6239578
vt 0.1076536 0.6194661
vt 0.0948802 0.6201811
vt 0.0948842 0.6182971
vt 0.1075910 0.6175892
vt 0.1075474 0.6157120
vt 0.0821042 0.6181352
vt 0.0822315 0.6160924
vt 0.0820549 0.6222107
vt 0.0820486 0.6201907
vt 0.0949245 0.6220694
vt 0.0820549 0.6222107
vt 0.0948802 0.6201811
vt 0.0949245 0.6220694
vt 0.0821042 0.6181352
vt 0.0683555 0.6170242
vt 0.0685445 0.6153315
vt 0.0821042 0.6181352
vt 0.0509602 0.6127496
vt 0.0685445 0.6153315
vt 0.0522889 0.6057461
vt 0.0699147 0.6090031
vt 0.0509602 0.6127496
vt 0.0685445 0.6153315
vt 0.0827565 0.6123906
vt 0.0038288 0.5968171
vt 0.0065710 0.5941285
vt 0.0104119 0.5941665
vt 0.0131023 0.5969085
vt 0.0130652 0.6007487
vt 0.0103231 0.6034372
vt 0.0064819 0.6033994
vt 0.0038288 0.5968171
vt 0.0037919 0.6006572
vt 0.0131023 0.5969085
vt 0.0183730 0.5924510
vt 0.0212466 0.5963117
vt 0.0153955 0.5999895
vt 0.0131023 0.5969085
vt 0.0212466 0.5963117
vt 0.0235497 0.6005375
vt 0.0172335 0.6033618
vt 0.0104119 0.5941665
vt 0.0150012 0.5890148
vt 0.0131023 0.5969085
vt 0.0104119 0.5941665
vt 0.0235497 0.6005375
vt 0.0252164 0.6050537
vt 0.0185636 0.6069658
vt 0.0172335 0.6033618
vt 0.0192752 0.6183876
vt 0.0261083 0.6193672
vt 0.0250746 0.6240693
vt 0.0184504 0.6221394
vt 0.0192752 0.6183876
vt 0.0185636 0.6069658
vt 0.0262021 0.6097656
vt 0.0193501 0.6107261
vt 0.0195831 0.6145594
vt 0.0264940 0.6145697
vt 0.0192752 0.6183876
vt 0.0195831 0.6145594
vt 0.0262021 0.6097656
vt 0.0279551 0.5370656
vt 0.0279551 0.4956372
vt 0.0417582 0.4956372
vt 0.0417581 0.5370656
vt 0.0242397 0.5410575
vt 0.0242396 0.5525167
vt 0.0056298 0.5410574
vt 0.0242397 0.4916453
vt 0.0056299 0.4916454
vt 0.0242397 0.4801862
vt 0.0279552 0.4901838
vt 0.0394143 0.4901839
vt 0.0417582 0.4956372
vt 0.0279551 0.4956372
vt 0.0279552 0.4901838
vt 0.0394142 0.5425189
vt 0.0279551 0.5425189
vt 0.0417581 0.5370656
vt 0.0056298 0.5410574
vt 0.2513343 0.0057588
vt 0.2513343 0.0573509
vt 0.2494245 0.0558707
vt 0.2494245 0.0072390
vt 0.2513343 0.0057588
vt 0.3632481 0.5014454
vt 0.2865292 0.4506559
vt 0.4019625 0.4769719
vt 0.1540004 0.2525555
vt 0.2012750 0.2526079
vt 0.2012750 0.2601033
vt 0.1426340 0.2601557
vt 0.0726610 0.2643732
vt 0.1337665 0.2638292
vt 0.1653365 0.3154197
vt 0.1236348 0.3510038
vt 0.0726610 0.2643732
vt 0.1371819 0.2634043
vt 0.1673703 0.3133635
vt 0.1653365 0.3154197
vt 0.2464630 0.0573509
vt 0.2464630 0.0057588
vt 0.2494245 0.0072390
vt 0.2494245 0.0558707
vt 0.3897346 0.4087566
vt 0.3897721 0.4167786
vt 0.1236338 0.4171524
vt 0.1281973 0.4088478
vt 0.3897346 0.4087566
vt 0.1674817 0.3058329
vt 0.2865304 0.3175007
vt 0.2869620 0.3248535
vt 0.1673703 0.3133635
vt 0.1337665 0.2638292
vt 0.1335617 0.2611382
vt 0.1368688 0.2610104
vt 0.1371819 0.2634043
vt 0.4845278 0.0132802
vt 0.4845278 0.0498293
vt 0.2627701 0.0498294
vt 0.2627701 0.0132803
vt 0.4845278 0.0132802
vt 0.4019637 0.2911848
vt 0.4030897 0.2985935
vt 0.2865304 0.3175007
vt 0.4019637 0.2911848
vt 0.3897730 0.3513775
vt 0.2877201 0.3274511
vt 0.4036678 0.3011900
vt 0.4036666 0.4669664
vt 0.2877190 0.4407053
vt 0.3897721 0.4167786
vt 0.4030885 0.4695631
vt 0.2869608 0.4433030
vt 0.2877190 0.4407053
vt 0.2464630 0.0573509
vt 0.1868667 0.0573510
vt 0.1868666 0.0057588
vt 0.2464630 0.0057588
vt 0.1281975 0.3593073
vt 0.3897350 0.3593992
vt 0.3897346 0.4087566
vt 0.0165602 0.4689002
vt 0.0165602 0.4284253
vt 0.0850658 0.4283612
vt 0.0850658 0.4689642
vt 0.0165602 0.4689002
vt 0.2513343 0.0573509
vt 0.2513343 0.0057588
vt 0.2627701 0.0132803
vt 0.2627701 0.0498294
vt 0.3632492 0.2667112
vt 0.2865304 0.3175007
vt 0.1674817 0.3058329
vt 0.1416140 0.2660556
vt 0.0731489 0.2615132
vt 0.1327448 0.2613502
vt 0.1337665 0.2638292
vt 0.0726610 0.2643732
vt 0.3897350 0.3593992
vt 0.1281975 0.3593073
vt 0.1236348 0.3510038
vt 0.3897730 0.3513775
vt 0.0187550 0.4117240
vt 0.0520472 0.4043140
vt 0.1191996 0.4117976
vt 0.1371805 0.5047523
vt 0.1337652 0.5043273
vt 0.1653353 0.4527367
vt 0.1673691 0.4547931
vt 0.1371805 0.5047523
vt 0.0726597 0.5037832
vt 0.1236338 0.4171524
vt 0.1653353 0.4527367
vt 0.1541846 0.2500247
vt 0.1428183 0.2424244
vt 0.2014593 0.2424769
vt 0.2014593 0.2499723
vt 0.0731477 0.5066432
vt 0.1327436 0.5068063
vt 0.1281975 0.3593073
vt 0.1207782 0.3637772
vt 0.1191996 0.3563570
vt 0.0520472 0.3638403
vt 0.2877190 0.4407053
vt 0.2869608 0.4433030
vt 0.1673691 0.4547931
vt 0.1653353 0.4527367
vt 0.1371805 0.5047523
vt 0.1368672 0.5071464
vt 0.1335600 0.5070183
vt 0.1674805 0.4623237
vt 0.2869608 0.4433030
vt 0.2865292 0.4506559
vt 0.0165238 0.4098732
vt 0.0165238 0.3582810
vt 0.0187550 0.3564303
vt 0.0187550 0.4117240
vt 0.0165238 0.4098732
vt 0.4030897 0.2985935
vt 0.4036678 0.3011900
vt 0.2877201 0.3274511
vt 0.2869620 0.3248535
vt 0.1207782 0.3637772
vt 0.1281975 0.3593073
vt 0.1207782 0.4043776
vt 0.1653365 0.3154197
vt 0.1673703 0.3133635
vt 0.2869620 0.3248535
vt 0.4019637 0.2911848
vt 0.2865304 0.3175007
vt 0.3632492 0.2667112
vt 0.1191996 0.4117976
vt 0.1207782 0.3637772
vt 0.1133008 0.4043788
vt 0.1133008 0.3637758
vt 0.4030885 0.4695631
vt 0.4019625 0.4769719
vt 0.2869608 0.4433030
vt 0.4030885 0.4695631
vt 0.3632481 0.5014454
vt 0.1416129 0.5021010
vt 0.0165602 0.4689002
vt 0.0850658 0.4689642
vt 0.0812797 0.4754122
vt 0.0125500 0.4758309
vt 0.0165602 0.4689002
vt 0.0850658 0.4283612
vt 0.0165602 0.4284253
vt 0.0125500 0.4214946
vt 0.0812797 0.4219131
vt 0.1191996 0.4117976
vt 0.0520472 0.4043140
vt 0.1207782 0.4043776
vt 0.0520472 0.3638403
vt 0.0520472 0.4043140
vt 0.0187550 0.4117240
vt 0.0187550 0.3564303
vt 0.0520472 0.3638403
vt 0.1191996 0.3563570
vt 0.0600544 0.3638397
vt 0.0600545 0.4043146
vt 0.0520472 0.4043140
vt 0.0520472 0.3638403
vt 0.1653353 0.4527367
vt 0.1236338 0.4171524
vt 0.2877190 0.4407053
vt 0.3897721 0.4167786
vt 0.1653365 0.3154197
vt 0.2877201 0.3274511
vt 0.1236348 0.3510038
vt 0.3897730 0.3513775
vt 0.7490756 0.4742913
vt 0.7494975 0.4807693
vt 0.5610738 0.4894029
vt 0.5571028 0.4834330
vt 0.9859288 0.7013247
vt 0.9706639 0.7013246
vt 0.9706639 0.5750430
vt 0.9859288 0.5750431
vt 0.9859288 0.7013247
vt 0.9416156 0.7013245
vt 0.9416156 0.5750429
vt 0.9706639 0.5750430
vt 0.7550588 0.5750427
vt 0.9298476 0.5750428
vt 0.9298475 0.7013245
vt 0.7550588 0.7013243
vt 0.7550588 0.5750427
vt 0.9298475 0.7013245
vt 0.9416156 0.5750429
vt 0.5379392 0.7013243
vt 0.5379392 0.5750426
vt 0.7550588 0.5750427
vt 0.7550588 0.7013243
vt 0.1700738 0.0400199
vt 0.1700738 0.0849524
vt 0.1055723 0.1144546
vt 0.1055723 0.0105184
vt 0.4028177 0.7446626
vt 0.4028178 0.7804748
vt 0.3571356 0.7446628
vt 0.4801038 0.4292136
vt 0.4783241 0.4320043
vt 0.4499026 0.4099705
vt 0.5185829 0.4417861
vt 0.5353558 0.4646959
vt 0.5276229 0.4684150
vt 0.5090485 0.4440235
vt 0.5185829 0.4417861
vt 0.5165581 0.5125290
vt 0.5276630 0.4824122
vt 0.5355916 0.4852934
vt 0.5246336 0.5153451
vt 0.7425374 0.3988703
vt 0.7425213 0.3848718
vt 0.9189878 0.3848717
vt 0.9189735 0.3988652
vt 0.5203062 0.5164048
vt 0.4309741 0.5175363
vt 0.4274887 0.5131312
vt 0.5165581 0.5125290
vt 0.5089257 0.5440092
vt 0.4438442 0.5446275
vt 0.4309741 0.5175363
vt 0.5203062 0.5164048
vt 0.9802157 0.4706038
vt 0.9942427 0.4697233
vt 0.9942163 0.5405670
vt 0.9802125 0.5405817
vt 0.1764242 0.1101581
vt 0.1706442 0.1155747
vt 0.1764242 0.0849524
vt 0.7456686 0.4336013
vt 0.7451493 0.4285847
vt 0.9216214 0.4280537
vt 0.9219475 0.4316112
vt 0.4783241 0.4320043
vt 0.4129801 0.4678882
vt 0.9574353 0.4818028
vt 0.9304661 0.5036481
vt 0.9299709 0.4946908
vt 0.9486715 0.4727836
vt 0.9515452 0.4698009
vt 0.7493121 0.5403730
vt 0.5316038 0.5394508
vt 0.5610738 0.4894029
vt 0.7494975 0.4807693
vt 0.7493121 0.5403730
vt 0.7425374 0.3988703
vt 0.9189735 0.3988652
vt 0.9216214 0.4280537
vt 0.5442054 0.4569997
vt 0.5475804 0.4526063
vt 0.5361891 0.4684156
vt 0.5361151 0.4824118
vt 0.5276630 0.4824122
vt 0.5276229 0.4684150
vt 0.5475804 0.4526063
vt 0.5393022 0.4547609
vt 0.5360967 0.3820424
vt 0.7299993 0.3588314
vt 0.7408822 0.3849720
vt 0.5316986 0.4100932
vt 0.5090485 0.4440235
vt 0.5276229 0.4684150
vt 0.4129801 0.4678882
vt 0.5090485 0.4440235
vt 0.9802125 0.5405817
vt 0.9574469 0.5406234
vt 0.9574353 0.4818028
vt 0.9802157 0.4706038
vt 0.9802125 0.5405817
vt 0.0125945 0.1149336
vt 0.0029469 0.0968816
vt 0.0156101 0.0968816
vt 0.0155777 0.1168219
vt 0.9494507 0.5453539
vt 0.9802125 0.5405817
vt 0.9777489 0.5519289
vt 0.9494507 0.5453539
vt 0.4575575 0.3633273
vt 0.5083370 0.3129538
vt 0.5246528 0.3531646
vt 0.5081453 0.3815229
vt 0.4575575 0.3633273
vt 0.9803202 0.4632651
vt 0.9803005 0.4438201
vt 0.9942966 0.4438195
vt 0.9942783 0.4632639
vt 0.5333008 0.4239933
vt 0.5316986 0.4100932
vt 0.5333008 0.4239933
vt 0.5041537 0.3027910
vt 0.5130531 0.2991276
vt 0.5172317 0.3092911
vt 0.5083370 0.3129538
vt 0.3571356 0.7446628
vt 0.3571353 0.7093606
vt 0.4028177 0.7446626
vt 0.3657697 0.6941501
vt 0.7472728 0.5646077
vt 0.5316038 0.5394508
vt 0.7493121 0.5403730
vt 0.9251284 0.4593788
vt 0.7490756 0.4742913
vt 0.9219475 0.4316112
vt 0.5333008 0.4239933
vt 0.5475804 0.4526063
vt 0.5089257 0.5440092
vt 0.5064186 0.5507302
vt 0.4483442 0.5522853
vt 0.4438442 0.5446275
vt 0.5089257 0.5440092
vt 0.0891862 0.1201562
vt 0.0891862 0.0048163
vt 0.1055723 0.0105184
vt 0.1768492 0.1124151
vt 0.5276229 0.4684150
vt 0.4129235 0.4818825
vt 0.4129801 0.4678882
vt 0.5276229 0.4684150
vt 0.9249331 0.5033719
vt 0.9248769 0.5406866
vt 0.7493121 0.5403730
vt 0.7494975 0.4807693
vt 0.9249331 0.5033719
vt 0.9802125 0.5405817
vt 0.9942163 0.5405670
vt 0.9942315 0.5582699
vt 0.9802290 0.5521920
vt 0.7289863 0.2850937
vt 0.7293713 0.2983080
vt 0.5172049 0.2983067
vt 0.5235702 0.2839586
vt 0.9574353 0.4818028
vt 0.9515452 0.4698009
vt 0.9698024 0.4469621
vt 0.9803202 0.4632651
vt 0.5172317 0.3092911
vt 0.7293713 0.2983080
vt 0.7293651 0.3093001
vt 0.5165581 0.5125290
vt 0.4274887 0.5131312
vt 0.4129235 0.4818825
vt 0.5276630 0.4824122
vt 0.5165581 0.5125290
vt 0.4028178 0.9021806
vt 0.3571356 0.9379926
vt 0.3571356 0.7446628
vt 0.4028178 0.7804748
vt 0.4978933 0.2881752
vt 0.5070886 0.2846011
vt 0.5130531 0.2991276
vt 0.5006400 0.3051095
vt 0.4497931 0.3555497
vt 0.4440081 0.3390521
vt 0.4857323 0.2996055
vt 0.9574353 0.4818028
vt 0.9574469 0.5406234
vt 0.9304510 0.5406684
vt 0.9304661 0.5036481
vt 0.9574353 0.4818028
vt 0.7293651 0.3093001
vt 0.7283564 0.3461217
vt 0.5330520 0.3480348
vt 0.5172317 0.3092911
vt 0.3767593 0.6941500
vt 0.4028177 0.7413526
vt 0.4028177 0.7446626
vt 0.3657697 0.6941501
vt 0.4497931 0.3555497
vt 0.5006400 0.3051095
vt 0.5083370 0.3129538
vt 0.4575575 0.3633273
vt 0.4497931 0.3555497
vt 0.5442054 0.4569997
vt 0.7456686 0.4336013
vt 0.7490756 0.4742913
vt 0.5571028 0.4834330
vt 0.5330520 0.3480348
vt 0.5246528 0.3531646
vt 0.5083370 0.3129538
vt 0.5172317 0.3092911
vt 0.9803202 0.4632651
vt 0.9802157 0.4706038
vt 0.9574353 0.4818028
vt 0.7393948 0.2896786
vt 0.7554009 0.3353670
vt 0.7293713 0.2983080
vt 0.7393948 0.2896786
vt 0.9942427 0.4697233
vt 0.9802157 0.4706038
vt 0.9942783 0.4632639
vt 0.9942427 0.4697233
vt 0.7493121 0.5403730
vt 0.9248769 0.5406866
vt 0.9255235 0.5502719
vt 0.7513239 0.5646102
vt 0.7493121 0.5403730
vt 0.9379930 0.5480565
vt 0.9304510 0.5406684
vt 0.9574469 0.5406234
vt 0.9494507 0.5453539
vt 0.0891862 0.0048163
vt 0.0156101 0.0280914
vt 0.9304510 0.5406684
vt 0.9249331 0.5033719
vt 0.9304661 0.5036481
vt 0.9286274 0.5459038
vt 0.9251284 0.4593788
vt 0.9262732 0.4664665
vt 0.7499102 0.4807817
vt 0.7490756 0.4742913
vt 0.0156101 0.0968816
vt 0.7397552 0.3566921
vt 0.9189878 0.3848717
vt 0.7425213 0.3848718
vt 0.9253844 0.4961980
vt 0.9249331 0.5033719
vt 0.7489313 0.8014160
vt 0.5569011 0.7929746
vt 0.5608838 0.7869607
vt 0.7493129 0.7949887
vt 0.7489313 0.8014160
vt 0.9246903 0.7723112
vt 0.9302215 0.7720457
vt 0.9251261 0.7794861
vt 0.7417486 0.8907003
vt 0.9184787 0.8907259
vt 0.7391133 0.9188907
vt 0.0156101 0.0280914
vt 0.0155777 0.0081511
vt 0.9250101 0.8163115
vt 0.7489313 0.8014160
vt 0.7497772 0.7949264
vt 0.9261416 0.8092226
vt 0.9250101 0.8163115
vt 0.9283793 0.7297884
vt 0.9377462 0.7276397
vt 0.9301999 0.7350245
vt 0.9302215 0.7720457
vt 0.9246109 0.7349965
vt 0.3571356 0.9379926
vt 0.4028178 0.9021806
vt 0.4028177 0.9379928
vt 0.4443752 0.8898220
vt 0.4727927 0.8677830
vt 0.4745729 0.8705733
vt 0.5130495 0.8579936
vt 0.5035146 0.8557580
vt 0.5220844 0.8313630
vt 0.5298180 0.8350805
vt 0.5110124 0.7872511
vt 0.5190875 0.7844334
vt 0.5300511 0.8144831
vt 0.5221231 0.8173658
vt 0.7425472 0.8767664
vt 0.9187388 0.8767619
vt 0.9184787 0.8907259
vt 0.7417486 0.8907003
vt 0.5110124 0.7872511
vt 0.4219429 0.7866652
vt 0.4254275 0.7822593
vt 0.5147598 0.7833745
vt 0.4382926 0.7551658
vt 0.5033742 0.7557722
vt 0.5147598 0.7833745
vt 0.9799692 0.8051000
vt 0.9799659 0.7351223
vt 0.9939700 0.7351381
vt 0.9939964 0.8059813
vt 0.9799692 0.8051000
vt 0.1764242 0.0148143
vt 0.1764242 0.0400199
vt 0.1700738 0.0400199
vt 0.1706442 0.0093983
vt 0.7455993 0.8420854
vt 0.9218565 0.8440705
vt 0.9215370 0.8476052
vt 0.7450893 0.8470761
vt 0.4074421 0.8319111
vt 0.4443752 0.8898220
vt 0.9571885 0.7938985
vt 0.9484234 0.8029162
vt 0.9297261 0.7810050
vt 0.9302215 0.7720457
vt 0.9512979 0.8059003
vt 0.9484234 0.8029162
vt 0.7490173 0.7353981
vt 0.7493129 0.7949887
vt 0.5608838 0.7869607
vt 0.5312880 0.7369888
vt 0.7425472 0.8767664
vt 0.7450893 0.8470761
vt 0.9187388 0.8767619
vt 0.5474398 0.8239226
vt 0.5440671 0.8195018
vt 0.7455993 0.8420854
vt 0.7450893 0.8470761
vt 0.5306500 0.8313623
vt 0.5221231 0.8173658
vt 0.5305759 0.8173662
vt 0.5306500 0.8313623
vt 0.5391625 0.8217425
vt 0.5440671 0.8195018
vt 0.5474398 0.8239226
vt 0.5368496 0.8946953
vt 0.5321724 0.8666545
vt 0.7417486 0.8907003
vt 0.7308720 0.9168829
vt 0.5035146 0.8557580
vt 0.4074421 0.8319111
vt 0.9799659 0.7351223
vt 0.9799692 0.8051000
vt 0.9571885 0.7938985
vt 0.9571993 0.7350773
vt 0.9799659 0.7351223
vt 0.0125945 0.0100395
vt 0.0155777 0.0081511
vt 0.0156101 0.0280914
vt 0.0029469 0.0280914
vt 0.9492037 0.7303455
vt 0.9775034 0.7237751
vt 0.9799659 0.7351223
vt 0.9492037 0.7303455
vt 0.4389697 0.9128387
vt 0.4895573 0.8946422
vt 0.5060654 0.9230003
vt 0.4897499 0.9632113
vt 0.4389697 0.9128387
vt 0.9800736 0.8124391
vt 0.9940320 0.8124407
vt 0.9940507 0.8318850
vt 0.9800546 0.8318847
vt 0.9800736 0.8124391
vt 0.5334338 0.8526844
vt 0.7425472 0.8767664
vt 0.7417486 0.8907003
vt 0.5321724 0.8666545
vt 0.4855668 0.9733743
vt 0.4897499 0.9632113
vt 0.4986446 0.9668736
vt 0.4944663 0.9770375
vt 0.4028177 0.9379928
vt 0.3571353 0.9732948
vt 0.3571356 0.9379926
vt 0.3657698 0.9885054
vt 0.7490173 0.7353981
vt 0.5312880 0.7369888
vt 0.7468913 0.7111689
vt 0.9250101 0.8163115
vt 0.9218565 0.8440705
vt 0.7455993 0.8420854
vt 0.7489313 0.8014160
vt 0.9250101 0.8163115
vt 0.5334338 0.8526844
vt 0.5474398 0.8239226
vt 0.7450893 0.8470761
vt 0.7425472 0.8767664
vt 0.5033742 0.7557722
vt 0.4382926 0.7551658
vt 0.4427911 0.7475073
vt 0.5008658 0.7490516
vt 0.9377462 0.7276397
vt 0.9492037 0.7303455
vt 0.9571993 0.7350773
vt 0.9301999 0.7350245
vt 0.1764242 0.0148143
vt 0.1706442 0.0093983
vt 0.1768492 0.0125574
vt 0.4074421 0.8319111
vt 0.4073833 0.8179167
vt 0.5221231 0.8173658
vt 0.9246903 0.7723112
vt 0.7493129 0.7949887
vt 0.9246109 0.7349965
vt 0.9799659 0.7351223
vt 0.9799837 0.7235123
vt 0.9939869 0.7174357
vt 0.9939700 0.7351381
vt 0.9799659 0.7351223
vt 0.7103993 0.9910709
vt 0.5049831 0.9922062
vt 0.4986179 0.9778580
vt 0.7107843 0.9778567
vt 0.9571885 0.7938985
vt 0.9800736 0.8124391
vt 0.9695536 0.8287410
vt 0.9571885 0.7938985
vt 0.4986446 0.9668736
vt 0.7107779 0.9668646
vt 0.7107843 0.9778567
vt 0.4986179 0.9778580
vt 0.4986446 0.9668736
vt 0.5110124 0.7872511
vt 0.5221231 0.8173658
vt 0.4073833 0.8179167
vt 0.4219429 0.7866652
vt 0.7490173 0.7353981
vt 0.7510318 0.7111598
vt 0.9252384 0.7254114
vt 0.9246109 0.7349965
vt 0.4793068 0.9879904
vt 0.4855668 0.9733743
vt 0.4944663 0.9770375
vt 0.4885021 0.9915642
vt 0.4820532 0.9710557
vt 0.4671456 0.9765601
vt 0.4254206 0.9371143
vt 0.4312054 0.9206165
vt 0.9571885 0.7938985
vt 0.9302215 0.7720457
vt 0.9301999 0.7350245
vt 0.9571993 0.7350773
vt 0.4986446 0.9668736
vt 0.5144647 0.9281300
vt 0.7097691 0.9300430
vt 0.3767594 0.9885054
vt 0.3657698 0.9885054
vt 0.4028177 0.9379928
vt 0.4028177 0.9413029
vt 0.4312054 0.9206165
vt 0.4389697 0.9128387
vt 0.4897499 0.9632113
vt 0.4820532 0.9710557
vt 0.5440671 0.8195018
vt 0.5569011 0.7929746
vt 0.7489313 0.8014160
vt 0.7455993 0.8420854
vt 0.5440671 0.8195018
vt 0.4986446 0.9668736
vt 0.4897499 0.9632113
vt 0.5060654 0.9230003
vt 0.9571885 0.7938985
vt 0.9799692 0.8051000
vt 0.9800736 0.8124391
vt 0.7208081 0.9864858
vt 0.7107843 0.9778567
vt 0.7368129 0.9407970
vt 0.7208081 0.9864858
vt 0.9939964 0.8059813
vt 0.9940320 0.8124407
vt 0.9799692 0.8051000
vt 0.9939964 0.8059813
vt 0.1055723 0.0105184
vt 0.1700738 0.0400199
vt 0.6875937 0.2752553
vt 0.6877227 0.2659299
vt 0.7336307 0.2660009
vt 0.7334458 0.2734175
vt 0.6875937 0.2752553
vt 0.7336312 0.2564619
vt 0.6877232 0.2565281
vt 0.6875952 0.2472028
vt 0.7334471 0.2490454
vt 0.6875998 0.2632343
vt 0.6875999 0.2592239
vt 0.7334766 0.2592024
vt 0.7334766 0.2632605
vt 0.7426409 0.2572173
vt 0.7334766 0.2592024
vt 0.7352228 0.2570861
vt 0.6859485 0.2570890
vt 0.6859485 0.2653691
vt 0.6766231 0.2654973
vt 0.6766231 0.2572172
vt 0.6879277 0.2389295
vt 0.7337796 0.2407720
vt 0.6875952 0.2472028
vt 0.7336307 0.2660009
vt 0.6877227 0.2659299
vt 0.6875998 0.2632343
vt 0.7336307 0.2660009
vt 0.6877232 0.2565281
vt 0.7336312 0.2564619
vt 0.7334766 0.2592024
vt 0.6875999 0.2592239
vt 0.6877232 0.2565281
vt 0.7426409 0.2572173
vt 0.7426407 0.2655028
vt 0.7334766 0.2632605
vt 0.7352222 0.2653769
vt 0.7426407 0.2655028
vt 0.6875999 0.2592239
vt 0.6875998 0.2632343
vt 0.6859485 0.2653691
vt 0.5235307 0.2166587
vt 0.5140557 0.2071653
vt 0.5207595 0.2099500
vt 0.5441979 0.1889431
vt 0.5528591 0.2029929
vt 0.5413383 0.2101228
vt 0.5326794 0.1960762
vt 0.5190671 0.1867537
vt 0.5267107 0.1755677
vt 0.5403286 0.1848936
vt 0.5547637 0.2083036
vt 0.5569488 0.2246633
vt 0.5435227 0.2264822
vt 0.5413383 0.2101228
vt 0.5028457 0.1837451
vt 0.5053228 0.1704254
vt 0.5215513 0.1734351
vt 0.5190671 0.1867537
vt 0.4509211 0.2274219
vt 0.4522560 0.2109710
vt 0.4657607 0.2120566
vt 0.4644264 0.2285068
vt 0.4867966 0.1875687
vt 0.4836780 0.1743842
vt 0.4997337 0.1705591
vt 0.4538776 0.2055484
vt 0.4617960 0.1910669
vt 0.4736776 0.1975773
vt 0.4538776 0.2055484
vt 0.5413383 0.2101228
vt 0.5327544 0.2256488
vt 0.5311657 0.2137486
vt 0.4761083 0.2151509
vt 0.4751372 0.2271170
vt 0.4818711 0.2046141
vt 0.4736776 0.1975773
vt 0.4914253 0.1973270
vt 0.5031189 0.1945423
vt 0.5149412 0.1967351
vt 0.5248603 0.2035287
vt 0.5413383 0.2101228
vt 0.4654784 0.1867916
vt 0.4786007 0.1767805
vt 0.4736776 0.1975773
vt 0.5246653 0.2149711
vt 0.5208548 0.2087950
vt 0.5138851 0.2067696
vt 0.5133356 0.2001775
vt 0.5073425 0.2099315
vt 0.5025296 0.2053895
vt 0.5045643 0.2166423
vt 0.4979526 0.2164799
vt 0.5069996 0.2234839
vt 0.5019765 0.2277882
vt 0.5133855 0.2269382
vt 0.5125348 0.2334982
vt 0.5204403 0.2252287
vt 0.5242010 0.2306707
vt 0.5290059 0.2255572
vt 0.5233590 0.2221118
vt 0.5311657 0.2137486
vt 0.6230232 0.2616936
vt 0.6339317 0.2498558
vt 0.6288927 0.2638389
vt 0.6144305 0.2343946
vt 0.6188278 0.2274319
vt 0.6260512 0.2329654
vt 0.6225516 0.2381032
vt 0.6144305 0.2343946
vt 0.6124218 0.2420498
vt 0.6201860 0.2438792
vt 0.6352270 0.2809916
vt 0.6276588 0.2775968
vt 0.6322790 0.2698300
vt 0.6379187 0.2722991
vt 0.6115326 0.2502955
vt 0.6124218 0.2420498
vt 0.6201860 0.2438792
vt 0.6194080 0.2500076
vt 0.6276588 0.2775968
vt 0.6214445 0.2724316
vt 0.6271485 0.2663840
vt 0.6322790 0.2698300
vt 0.6127685 0.2584952
vt 0.6194080 0.2500076
vt 0.6203538 0.2560819
vt 0.6127685 0.2584952
vt 0.6214445 0.2724316
vt 0.6161371 0.2660689
vt 0.6230232 0.2616936
vt 0.6214445 0.2724316
vt 0.6203538 0.2560819
vt 0.6230232 0.2616936
vt 0.9350479 0.1366290
vt 0.9489740 0.1427124
vt 0.9291215 0.1423327
vt 0.9381824 0.1684122
vt 0.9294198 0.1629865
vt 0.9346696 0.1564826
vt 0.9416631 0.1608126
vt 0.9480146 0.1715040
vt 0.9495090 0.1632799
vt 0.9294198 0.1629865
vt 0.9222699 0.1555662
vt 0.9289629 0.1505569
vt 0.9346696 0.1564826
vt 0.9583068 0.1720690
vt 0.9495090 0.1632799
vt 0.9577214 0.1637307
vt 0.9222699 0.1555662
vt 0.9171655 0.1466157
vt 0.9248844 0.1434084
vt 0.9222699 0.1555662
vt 0.9142168 0.1263776
vt 0.9165643 0.1163409
vt 0.9244027 0.1192442
vt 0.9225296 0.1272531
vt 0.9144228 0.1366821
vt 0.9226942 0.1354774
vt 0.9248844 0.1434084
vt 0.9171655 0.1466157
vt 0.9144228 0.1366821
vt 0.9142168 0.1263776
vt 0.9225296 0.1272531
vt 0.4312649 0.4104110
vt 0.4312540 0.4120239
vt 0.4132532 0.4120272
vt 0.4132642 0.4104143
vt 0.4312649 0.4104110
vt 0.4312347 0.4078583
vt 0.4132642 0.4104143
vt 0.4132339 0.4078615
vt 0.4312347 0.4078583
vt 0.4313574 0.4147968
vt 0.4369464 0.4114921
vt 0.4373466 0.4142426
vt 0.4312520 0.4036977
vt 0.4312637 0.4053057
vt 0.4132630 0.4053086
vt 0.4132510 0.4037003
vt 0.4312347 0.4078583
vt 0.4132339 0.4078615
vt 0.4132630 0.4053086
vt 0.4133564 0.4148002
vt 0.4132532 0.4120272
vt 0.4312540 0.4120239
vt 0.4133537 0.4009227
vt 0.4313541 0.4009202
vt 0.4073399 0.4010137
vt 0.4858925 0.1524526
vt 0.4953646 0.1429563
vt 0.4886780 0.1591553
vt 0.4680810 0.1459131
vt 0.4565600 0.1387833
vt 0.4652212 0.1247336
vt 0.4767396 0.1318665
vt 0.4827076 0.1113577
vt 0.4903516 0.1225435
vt 0.4690900 0.1206841
vt 0.4658966 0.1622725
vt 0.4524705 0.1604536
vt 0.4546555 0.1440939
vt 0.4680810 0.1459131
vt 0.4658966 0.1622725
vt 0.5040954 0.1062149
vt 0.5065730 0.1195346
vt 0.4878669 0.1092249
vt 0.5436569 0.1478473
vt 0.5571618 0.1467624
vt 0.5584956 0.1632134
vt 0.5449903 0.1642975
vt 0.5257408 0.1101739
vt 0.5226222 0.1233582
vt 0.5096851 0.1063486
vt 0.5357407 0.1333674
vt 0.5476226 0.1268576
vt 0.5555403 0.1413395
vt 0.5436569 0.1478473
vt 0.4766650 0.1614391
vt 0.4658966 0.1622725
vt 0.4680810 0.1459131
vt 0.4782536 0.1495389
vt 0.5342796 0.1629071
vt 0.5333092 0.1509409
vt 0.5275469 0.1404039
vt 0.5179933 0.1331165
vt 0.5226222 0.1233582
vt 0.5062999 0.1303318
vt 0.4944778 0.1325248
vt 0.4767396 0.1318665
vt 0.4845589 0.1393189
vt 0.5308183 0.1125704
vt 0.5439404 0.1225820
vt 0.5226222 0.1233582
vt 0.4847540 0.1507612
vt 0.4885645 0.1445851
vt 0.4960835 0.1359674
vt 0.4955347 0.1425595
vt 0.5068904 0.1411775
vt 0.5020784 0.1457204
vt 0.5114700 0.1522672
vt 0.5048585 0.1524304
vt 0.5074463 0.1635760
vt 0.5024232 0.1592718
vt 0.4968880 0.1692860
vt 0.4960372 0.1627262
vt 0.4852217 0.1664587
vt 0.4889824 0.1610166
vt 0.4860603 0.1579020
vt 0.4804134 0.1613474
vt 0.4782536 0.1495389
vt 0.9713276 0.1302216
vt 0.9609732 0.1413453
vt 0.9638465 0.1336390
vt 0.9795770 0.1482847
vt 0.9869838 0.1521588
vt 0.9811091 0.1606265
vt 0.9748880 0.1550437
vt 0.9795770 0.1482847
vt 0.9811091 0.1606265
vt 0.9733240 0.1673811
vt 0.9686754 0.1604341
vt 0.9824522 0.1405772
vt 0.9905863 0.1425041
vt 0.9869838 0.1521588
vt 0.9795770 0.1482847
vt 0.9824522 0.1405772
vt 0.9641101 0.1720018
vt 0.9613234 0.1641212
vt 0.9833408 0.1323971
vt 0.9916984 0.1322597
vt 0.9824522 0.1405772
vt 0.9833408 0.1323971
vt 0.9741421 0.1100487
vt 0.9801711 0.1042590
vt 0.9863283 0.1125255
vt 0.9790551 0.1166449
vt 0.9741421 0.1100487
vt 0.9821852 0.1242516
vt 0.9902505 0.1220565
vt 0.9916984 0.1322597
vt 0.9821852 0.1242516
vt 0.9790551 0.1166449
vt 0.9863283 0.1125255
vt 0.6584065 0.2616655
vt 0.6474620 0.2498604
vt 0.6610576 0.2560461
vt 0.6552937 0.2329389
vt 0.6624516 0.2268092
vt 0.6669406 0.2337712
vt 0.6587741 0.2380901
vt 0.6689271 0.2419811
vt 0.6611731 0.2438475
vt 0.6587741 0.2380901
vt 0.6491774 0.2698420
vt 0.6539657 0.2780711
vt 0.6462726 0.2811445
vt 0.6434688 0.2721472
vt 0.6491774 0.2698420
vt 0.6611731 0.2438475
vt 0.6689271 0.2419811
vt 0.6698548 0.2502245
vt 0.6619782 0.2499703
vt 0.6611731 0.2438475
vt 0.6542962 0.2663685
vt 0.6600213 0.2723987
vt 0.6539657 0.2780711
vt 0.6698548 0.2502245
vt 0.6686513 0.2584312
vt 0.6610576 0.2560461
vt 0.6584065 0.2616655
vt 0.6653075 0.2660177
vt 0.6600213 0.2723987
vt 0.6542962 0.2663685
vt 0.6610576 0.2560461
vt 0.6686513 0.2584312
vt 0.6653075 0.2660177
vt 0.5045643 0.2166423
vt 0.5073425 0.2099315
vt 0.5073362 0.2233506
vt 0.5045643 0.2166423
vt 0.5140393 0.2261338
vt 0.5207472 0.2233623
vt 0.5235307 0.2166587
vt 0.6224388 0.2502903
vt 0.6280633 0.2477111
vt 0.6339317 0.2498558
vt 0.6203538 0.2560819
vt 0.6230232 0.2616936
vt 0.6345183 0.2612604
vt 0.6288927 0.2638389
vt 0.6366053 0.2554684
vt 0.9720957 0.1517012
vt 0.9643897 0.1488268
vt 0.9609732 0.1413453
vt 0.9795770 0.1482847
vt 0.9824522 0.1405772
vt 0.9790342 0.1330954
vt 0.9713276 0.1302216
vt 0.6469101 0.2612667
vt 0.6448056 0.2554810
vt 0.6525435 0.2638283
vt 0.6589561 0.2502608
vt 0.6610576 0.2560461
vt 0.6533241 0.2476983
vt 0.9350479 0.1366290
vt 0.9432710 0.1367865
vt 0.9489740 0.1427124
vt 0.9289629 0.1505569
vt 0.9291215 0.1423327
vt 0.9489740 0.1427124
vt 0.9346696 0.1564826
vt 0.9428928 0.1566395
vt 0.9488180 0.1509355
vt 0.4886615 0.1457429
vt 0.4953646 0.1429563
vt 0.4953866 0.1619248
vt 0.4886780 0.1591553
vt 0.5020888 0.1591397
vt 0.4953866 0.1619248
vt 0.5048585 0.1524304
vt 0.5020888 0.1591397
vt 0.5020784 0.1457204
vt 0.5048585 0.1524304
vt 0.4082447 0.4052297
vt 0.4075343 0.4037817
vt 0.4073399 0.4010137
vt 0.4104344 0.4065421
vt 0.4125830 0.4051633
vt 0.4132510 0.4037003
vt 0.4313574 0.4147968
vt 0.4312540 0.4120239
vt 0.4318052 0.4105082
vt 0.4313574 0.4147968
vt 0.4338416 0.4089685
vt 0.4361255 0.4101092
vt 0.4369464 0.4114921
vt 0.6979389 0.2122607
vt 0.7016866 0.2056405
vt 0.7016954 0.2193377
vt 0.6892800 0.1491445
vt 0.6939874 0.1487243
vt 0.6946715 0.1563928
vt 0.6899644 0.1568131
vt 0.6905426 0.1628692
vt 0.6923487 0.1818119
vt 0.6739777 0.1834131
vt 0.6623876 0.1654917
vt 0.6905426 0.1628692
vt 0.7156342 0.2122512
vt 0.7192263 0.2141520
vt 0.7154783 0.2212336
vt 0.7118866 0.2193322
vt 0.6739777 0.1834131
vt 0.6482580 0.1673977
vt 0.6623876 0.1654917
vt 0.6503155 0.1861551
vt 0.6445139 0.1827631
vt 0.6472554 0.1752343
vt 0.7118784 0.2056363
vt 0.7154123 0.2036295
vt 0.7191684 0.2102448
vt 0.7080405 0.2248445
vt 0.7067921 0.2209768
vt 0.7118866 0.2193322
vt 0.7131356 0.2231994
vt 0.7080405 0.2248445
vt 0.6923487 0.1818119
vt 0.6959206 0.1849268
vt 0.7174010 0.1629216
vt 0.7174633 0.1818155
vt 0.6970710 0.1818292
vt 0.6970857 0.1629350
vt 0.6396924 0.1850906
vt 0.6503155 0.1861551
vt 0.6297615 0.1890093
vt 0.6632179 0.1591999
vt 0.6625336 0.1515313
vt 0.6892800 0.1491445
vt 0.6899644 0.1568131
vt 0.7174057 0.2001691
vt 0.7174074 0.1867644
vt 0.7213920 0.1939114
vt 0.6482580 0.1673977
vt 0.6426354 0.1691822
vt 0.6942777 0.1580759
vt 0.6989772 0.1584797
vt 0.6970857 0.1629350
vt 0.6623876 0.1654917
vt 0.6632179 0.1591999
vt 0.6476640 0.1629294
vt 0.7174010 0.1629216
vt 0.6970857 0.1629350
vt 0.6989772 0.1584797
vt 0.7155012 0.1584692
vt 0.7251436 0.1491172
vt 0.7244868 0.1567881
vt 0.7197782 0.1563848
vt 0.7204348 0.1487139
vt 0.7239369 0.1628461
vt 0.7520875 0.1653641
vt 0.7405921 0.1833352
vt 0.7222011 0.1817961
vt 0.7239369 0.1628461
vt 0.7016954 0.2193377
vt 0.6981059 0.2212431
vt 0.6943493 0.2141662
vt 0.7405921 0.1833352
vt 0.7663155 0.1672297
vt 0.7642877 0.1859958
vt 0.7671540 0.1750319
vt 0.7700288 0.1825066
vt 0.6944023 0.2102587
vt 0.6981499 0.2036385
vt 0.7016866 0.2056405
vt 0.7055481 0.2248458
vt 0.7004511 0.2232066
vt 0.7067921 0.2209768
vt 0.7222011 0.1817961
vt 0.7405921 0.1833352
vt 0.7186475 0.1849254
vt 0.7174057 0.2001691
vt 0.6961559 0.2001714
vt 0.6961538 0.1867652
vt 0.7239369 0.1628461
vt 0.7174633 0.1818155
vt 0.7174010 0.1629216
vt 0.7244868 0.1567881
vt 0.7518983 0.1514070
vt 0.7512416 0.1590775
vt 0.7660511 0.1545746
vt 0.7667761 0.1627195
vt 0.7524440 0.1590313
vt 0.7543570 0.1515776
vt 0.7660511 0.1545746
vt 0.7154849 0.1507703
vt 0.7155012 0.1584692
vt 0.6989772 0.1584797
vt 0.6989841 0.1507806
vt 0.7663155 0.1672297
vt 0.7671540 0.1750319
vt 0.7642877 0.1859958
vt 0.7239369 0.1628461
vt 0.7174010 0.1629216
vt 0.7155012 0.1584692
vt 0.7201986 0.1580584
vt 0.7244868 0.1567881
vt 0.7520875 0.1653641
vt 0.7748902 0.1847501
vt 0.6396924 0.1850906
vt 0.6445139 0.1827631
vt 0.6503155 0.1861551
vt 0.7016866 0.2056405
vt 0.6961559 0.2001714
vt 0.7174057 0.2001691
vt 0.7118784 0.2056363
vt 0.7016866 0.2056405
vt 0.7249132 0.2021832
vt 0.7174057 0.2001691
vt 0.7213920 0.1939114
vt 0.7275218 0.1990756
vt 0.6482580 0.1673977
vt 0.6426354 0.1691822
vt 0.6476640 0.1629294
vt 0.6886467 0.2021796
vt 0.6860405 0.1990700
vt 0.6921703 0.1939130
vt 0.6961559 0.2001714
vt 0.7667761 0.1627195
vt 0.7520875 0.1653641
vt 0.7524440 0.1590313
vt 0.7663155 0.1672297
vt 0.7667761 0.1627195
vt 0.7717162 0.1689903
vt 0.6619793 0.1591562
vt 0.6476640 0.1629294
vt 0.6483441 0.1547785
vt 0.6600206 0.1517140
vt 0.6961559 0.2001714
vt 0.6921703 0.1939130
vt 0.6739777 0.1834131
vt 0.6503155 0.1861551
vt 0.6482580 0.1673977
vt 0.7405921 0.1833352
vt 0.7663155 0.1672297
vt 0.7156342 0.2122512
vt 0.7118866 0.2193322
vt 0.7067921 0.2209768
vt 0.7663155 0.1672297
vt 0.7520875 0.1653641
vt 0.6476640 0.1629294
vt 0.6623876 0.1654917
vt 0.7663155 0.1672297
vt 0.7717162 0.1689903
vt 0.7671540 0.1750319
vt 0.6482580 0.1673977
vt 0.6472554 0.1752343
vt 0.4925518 0.0956241
vt 0.4925540 0.0975991
vt 0.3812753 0.0979061
vt 0.3812732 0.0959257
vt 0.3812530 0.0909314
vt 0.4925308 0.0904340
vt 0.4925452 0.0936449
vt 0.3812665 0.0939459
vt 0.4925540 0.0975991
vt 0.4925535 0.0995744
vt 0.3812748 0.0998867
vt 0.4925539 0.1015541
vt 0.3812752 0.1018667
vt 0.4925535 0.0995744
vt 0.4925573 0.1047592
vt 0.3812785 0.1048793
vt 0.4925539 0.1015541
vt 0.4925518 0.0956241
vt 0.3812732 0.0959257
vt 0.3812665 0.0939459
vt 0.4922493 0.0603532
vt 0.4922508 0.0623281
vt 0.3809721 0.0624163
vt 0.3809706 0.0604360
vt 0.3809589 0.0554416
vt 0.4922371 0.0551630
vt 0.4922451 0.0583739
vt 0.3809664 0.0584561
vt 0.4922508 0.0623281
vt 0.4922497 0.0643035
vt 0.3809710 0.0643969
vt 0.4922476 0.0662832
vt 0.3809689 0.0663769
vt 0.4922497 0.0643035
vt 0.4922448 0.0694883
vt 0.3809662 0.0693895
vt 0.4922476 0.0662832
vt 0.4922493 0.0603532
vt 0.3809706 0.0604360
vt 0.3809664 0.0584561
vt 0.3748305 0.0918308
vt 0.3748332 0.0938057
vt 0.2635547 0.0943365
vt 0.2635519 0.0923560
vt 0.2635230 0.0873619
vt 0.3748003 0.0866407
vt 0.3748212 0.0898516
vt 0.2635426 0.0903763
vt 0.3748332 0.0938057
vt 0.3748333 0.0957810
vt 0.2635548 0.0963171
vt 0.3748364 0.0977607
vt 0.2635578 0.0982972
vt 0.3748333 0.0957810
vt 0.3748463 0.1009658
vt 0.2635671 0.1013097
vt 0.3748364 0.0977607
vt 0.3748305 0.0918308
vt 0.2635519 0.0923560
vt 0.2635426 0.0903763
vt 0.4922492 0.0832570
vt 0.3809704 0.0831742
vt 0.3809719 0.0811940
vt 0.4922506 0.0812823
vt 0.3809589 0.0881684
vt 0.3809664 0.0851539
vt 0.4922450 0.0852361
vt 0.4922371 0.0884471
vt 0.3809707 0.0792137
vt 0.4922494 0.0793070
vt 0.4922506 0.0812823
vt 0.3809686 0.0772337
vt 0.4922473 0.0773275
vt 0.4922494 0.0793070
vt 0.4922444 0.0741225
vt 0.3809686 0.0772337
vt 0.3809658 0.0742213
vt 0.4922450 0.0852361
vt 0.3809704 0.0831742
vt 0.4922492 0.0832570
vt 0.3748217 0.0768166
vt 0.2635431 0.0765150
vt 0.2635450 0.0745348
vt 0.3748237 0.0748417
vt 0.3748217 0.0768166
vt 0.2635230 0.0815091
vt 0.2635365 0.0784947
vt 0.3748151 0.0787956
vt 0.3748008 0.0820065
vt 0.2635450 0.0745348
vt 0.2635444 0.0725543
vt 0.3748230 0.0728666
vt 0.2635447 0.0705744
vt 0.3748234 0.0708871
vt 0.3748268 0.0676820
vt 0.2635447 0.0705744
vt 0.2635480 0.0675620
vt 0.3748268 0.0676820
vt 0.2635365 0.0784947
vt 0.2635431 0.0765150
vt 0.3748217 0.0768166
vt 0.3754604 0.1146305
vt 0.2641818 0.1141053
vt 0.2641843 0.1121252
vt 0.3754629 0.1126559
vt 0.2641532 0.1190995
vt 0.2641727 0.1160851
vt 0.3754512 0.1166095
vt 0.3754304 0.1198204
vt 0.3754629 0.1126559
vt 0.2641841 0.1101449
vt 0.3754626 0.1106809
vt 0.2641869 0.1081650
vt 0.3754654 0.1087013
vt 0.3754753 0.1054963
vt 0.2641869 0.1081650
vt 0.2641962 0.1051525
vt 0.3754753 0.1054963
vt 0.3754512 0.1166095
vt 0.2641727 0.1160851
vt 0.2641818 0.1141053
vt 0.3754604 0.1146305
vt 0.3754512 0.1166095
vt 0.2561201 0.0669323
vt 0.2561201 0.1350182
vt 0.2248307 0.1350182
vt 0.2248307 0.0669323
vt 0.1955684 0.1251013
vt 0.1955684 0.0768492
vt 0.2248307 0.0669323
vt 0.0758838 0.7494648
vt 0.0166208 0.7290722
vt 0.0166208 0.6799161
vt 0.0758838 0.6595235
vt 0.2687597 0.6419702
vt 0.2082084 0.6423319
vt 0.2072396 0.6341987
vt 0.2699454 0.6342713
vt 0.3274700 0.6345117
vt 0.3278921 0.6422372
vt 0.2699454 0.6342713
vt 0.2208337 0.7390074
vt 0.2289618 0.6916236
vt 0.2804678 0.6869964
vt 0.2858754 0.7460476
vt 0.2208337 0.7390074
vt 0.2804678 0.6869964
vt 0.2785214 0.6775853
vt 0.3499022 0.6831678
vt 0.1771737 0.7417480
vt 0.1863347 0.7393059
vt 0.1790727 0.7942968
vt 0.1704765 0.7946503
vt 0.1771737 0.7417480
vt 0.3863488 0.6427132
vt 0.3278921 0.6422372
vt 0.3274700 0.6345117
vt 0.3856446 0.6317757
vt 0.1590932 0.7511749
vt 0.1703863 0.7461239
vt 0.1678874 0.8040403
vt 0.1560565 0.8073166
vt 0.1523301 0.7451996
vt 0.1513441 0.7989263
vt 0.1424987 0.8004569
vt 0.1432645 0.7479612
vt 0.1513441 0.7989263
vt 0.3971803 0.6111309
vt 0.5241954 0.6150479
vt 0.5237774 0.6260126
vt 0.3969274 0.6221353
vt 0.1523301 0.6617025
vt 0.1523301 0.7451996
vt 0.1432645 0.7479612
vt 0.1432643 0.6589425
vt 0.1710296 0.6692335
vt 0.1710297 0.7376656
vt 0.1600614 0.7416661
vt 0.1600613 0.6652345
vt 0.0781766 0.2837296
vt 0.0781767 0.3341618
vt 0.0435867 0.3453954
vt 0.0435866 0.2724961
vt 0.0781766 0.2837296
vt 0.0061997 0.3456855
vt 0.0061996 0.2722061
vt 0.0837307 0.6580130
vt 0.1319084 0.6603473
vt 0.1319085 0.7465567
vt 0.0837307 0.7488912
vt 0.0837307 0.6580130
vt 0.1940324 0.6712428
vt 0.2092620 0.6757696
vt 0.2092620 0.7311252
vt 0.1940324 0.7356525
vt 0.2092620 0.6757696
vt 0.2167671 0.6788693
vt 0.2167671 0.7280254
vt 0.3863488 0.6427132
vt 0.3278921 0.6422372
vt 0.1319084 0.6603473
vt 0.1432643 0.6589425
vt 0.1319085 0.7465567
vt 0.1319084 0.6603473
vt 0.3531618 0.7426855
vt 0.2858754 0.7460476
vt 0.2804678 0.6869964
vt 0.2150154 0.6566872
vt 0.2082084 0.6423319
vt 0.2687597 0.6419702
vt 0.2732062 0.6570693
vt 0.1523301 0.6617025
vt 0.1600613 0.6652345
vt 0.1600614 0.7416661
vt 0.1523301 0.7451996
vt 0.1523301 0.6617025
vt 0.1863347 0.6675901
vt 0.1863347 0.7393059
vt 0.1771737 0.7417480
vt 0.1771736 0.6651495
vt 0.1863347 0.6675901
vt 0.1915255 0.7460708
vt 0.1815797 0.8035409
vt 0.1790727 0.7942968
vt 0.1513441 0.7989263
vt 0.1517938 0.8084526
vt 0.1423734 0.8099849
vt 0.1863347 0.6675901
vt 0.1940324 0.6712428
vt 0.1940324 0.7356525
vt 0.1863347 0.7393059
vt 0.1863347 0.6675901
vt 0.1398757 0.8096023
vt 0.1373858 0.7578080
vt 0.1432645 0.7479612
vt 0.1704765 0.7946503
vt 0.1678874 0.8040403
vt 0.1703863 0.7461239
vt 0.1771737 0.7417480
vt 0.1790727 0.7942968
vt 0.1782887 0.8037425
vt 0.1694970 0.8042122
vt 0.1710296 0.6692335
vt 0.1771737 0.7417480
vt 0.1710297 0.7376656
vt 0.2916880 0.5127375
vt 0.3590575 0.5124412
vt 0.3590357 0.5721442
vt 0.2895355 0.5719485
vt 0.2916880 0.5127375
vt 0.1790619 0.6126005
vt 0.1704656 0.6122485
vt 0.1694845 0.6026868
vt 0.1782762 0.6031548
vt 0.1704656 0.6122485
vt 0.1703854 0.6607748
vt 0.1678747 0.6028589
vt 0.2796836 0.6148168
vt 0.2808961 0.6224906
vt 0.2181687 0.6225870
vt 0.2191212 0.6144761
vt 0.2796836 0.6148168
vt 0.3388100 0.6144618
vt 0.3385663 0.6221930
vt 0.2271319 0.5233186
vt 0.2895355 0.5719485
vt 0.2378527 0.5701839
vt 0.3590357 0.5721442
vt 0.2882094 0.5809727
vt 0.1863347 0.6675901
vt 0.3969274 0.6221353
vt 0.3385663 0.6221930
vt 0.3388100 0.6144618
vt 0.1590916 0.6557260
vt 0.1560431 0.5995849
vt 0.1678747 0.6028589
vt 0.1703854 0.6607748
vt 0.1523301 0.6617025
vt 0.1513324 0.6079760
vt 0.1424867 0.6064472
vt 0.1373834 0.6490973
vt 0.1398616 0.5973024
vt 0.1423594 0.5969193
vt 0.1517800 0.5984495
vt 0.1863347 0.6675901
vt 0.1815670 0.6033559
vt 0.1915242 0.6608241
vt 0.2259118 0.6001431
vt 0.2840587 0.5998267
vt 0.2796836 0.6148168
vt 0.2259118 0.6001431
vt 0.3590357 0.5721442
vt 0.3971803 0.6111309
vt 0.2796836 0.6148168
vt 0.2857800 0.5918515
vt 0.3590357 0.5721442
vt 0.3388100 0.6144618
vt 0.2732062 0.6570693
vt 0.2687597 0.6419702
vt 0.3278921 0.6422372
vt 0.2752618 0.6657440
vt 0.2732062 0.6570693
vt 0.3278921 0.6422372
vt 0.2785214 0.6775853
vt 0.3499022 0.6831678
vt 0.2857800 0.5918515
vt 0.2785214 0.6775853
vt 0.8673660 0.0086641
vt 0.8372151 0.0140322
vt 0.8348594 0.0034938
vt 0.8673673 0.0034939
vt 0.8673660 0.0086641
vt 0.8854749 0.0384430
vt 0.8921743 0.0438552
vt 0.8854508 0.0482265
vt 0.8596988 0.0486733
vt 0.8626279 0.0430439
vt 0.8717452 0.0482100
vt 0.8717424 0.0583695
vt 0.8854256 0.0583140
vt 0.8949196 0.0369734
vt 0.8921743 0.0438552
vt 0.9093304 0.0281396
vt 0.9024416 0.0254110
vt 0.8910941 0.0086782
vt 0.8718204 0.0086666
vt 0.8718234 0.0034962
vt 0.8718144 0.0384506
vt 0.8717452 0.0482100
vt 0.8626279 0.0430439
vt 0.8718049 0.0288852
vt 0.8673504 0.0288811
vt 0.8673660 0.0086641
vt 0.8560190 0.0253968
vt 0.8441752 0.0228056
vt 0.8717452 0.0482100
vt 0.8718144 0.0384506
vt 0.8854749 0.0384430
vt 0.8854508 0.0482265
vt 0.8717452 0.0482100
vt 0.8717263 0.0703386
vt 0.8717147 0.0811377
vt 0.8672609 0.0811335
vt 0.8672715 0.0703362
vt 0.8854881 0.0288906
vt 0.8854749 0.0384430
vt 0.8717265 0.0591384
vt 0.8672722 0.0591383
vt 0.8672721 0.0527980
vt 0.8717265 0.0527980
vt 0.9227671 0.0358320
vt 0.9173642 0.0344105
vt 0.9194394 0.0265246
vt 0.9248480 0.0279254
vt 0.9227671 0.0358320
vt 0.8910951 0.0035075
vt 0.8910941 0.0086782
vt 0.8855048 0.0086749
vt 0.8855078 0.0035048
vt 0.9256213 0.0041510
vt 0.9214972 0.0189201
vt 0.9005150 0.0035075
vt 0.9227671 0.0358320
vt 0.9208831 0.0429973
vt 0.9154801 0.0415765
vt 0.9173642 0.0344105
vt 0.8949783 0.0515371
vt 0.8854508 0.0482265
vt 0.8921743 0.0438552
vt 0.8910750 0.0288959
vt 0.8854881 0.0288906
vt 0.8855048 0.0086749
vt 0.8910941 0.0086782
vt 0.8626279 0.0430439
vt 0.8581139 0.0430359
vt 0.8581139 0.0368146
vt 0.8625090 0.0368065
vt 0.8560190 0.0253968
vt 0.8498060 0.0257198
vt 0.8717452 0.0482100
vt 0.8620979 0.0514119
vt 0.8718144 0.0384506
vt 0.9214972 0.0189201
vt 0.9170057 0.0253885
vt 0.9093304 0.0281396
vt 0.8508750 0.0555700
vt 0.9326022 0.0069060
vt 0.9295719 0.0163742
vt 0.9269444 0.0201892
vt 0.9310018 0.0056512
vt 0.9326022 0.0069060
vt 0.9269444 0.0201892
vt 0.9214972 0.0189201
vt 0.9256213 0.0041510
vt 0.9310018 0.0056512
vt 0.9214972 0.0189201
vt 0.9269444 0.0201892
vt 0.9248480 0.0279254
vt 0.9194394 0.0265246
vt 0.8872791 0.0661161
vt 0.8854099 0.0703551
vt 0.8854256 0.0583140
vt 0.8853993 0.0802954
vt 0.8717147 0.0811377
vt 0.8854099 0.0703551
vt 0.8854881 0.0288906
vt 0.8718049 0.0288852
vt 0.8718204 0.0086666
vt 0.8855048 0.0086749
vt 0.8718204 0.0086666
vt 0.8718234 0.0034962
vt 0.7783176 0.0395336
vt 0.7809461 0.0306956
vt 0.7943902 0.0408870
vt 0.7408239 0.0395334
vt 0.7416567 0.0459116
vt 0.7247512 0.0408866
vn -1.0000000 0.0000000 -0.0000000
vn -1.0000000 0.0000000 -0.0000000
vn -1.0000000 0.0000000 -0.0000000
vn -1.0000000 0.0000000 -0.0000000
vn -1.0000000 0.0000000 -0.0000000
vn 1.0000000 0.0000000 -0.0000000
vn 1.0000000 0.0000000 -0.0000000
vn 1.0000000 0.0000000 -0.0000000
vn 1.0000000 0.0000000 -0.0000000
vn 1.0000000 0.0000000 -0.0000000
vn -1.0000000 0.0000000 -0.0000000
vn 1.0000000 0.0000000 -0.0000000
vn -1.0000000 0.0000000 -0.0000000
vn -1.0000000 0.0000000 -0.0000000
vn 1.0000000 0.0000000 -0.0000000
vn -1.0000000 0.0000000 -0.0000000
vn -1.0000000 0.0000000 -0.0000000
vn -1.0000000 0.0000000 -0.0000000
vn -1.0000000 0.0000000 -0.0000000
vn 1.0000000 0.0000000 0.0000003
vn 1.0000000 0.0000000 0.0000003
vn 1.0000000 0.0000000 0.0000003
vn 1.0000000 0.0000000 0.0000003
vn 1.0000000 0.0000000 0.0000003
vn -1.0000000 0.0000000 -0.0000000
vn -1.0000000 0.0000000 -0.0000000
vn 1.0000000 0.0000000 0.0000003
vn -1.0000000 0.0000000 -0.0000000
vn -1.0000000 0.0000000 -0.0000000
vn 1.0000000 0.0000000 0.0000003
vn 0.0784875 0.4377381 -0.8956702
vn 0.0784875 0.4377381 -0.8956702
vn 0.0784875 0.4377381 -0.8956702
vn 0.0784949 0.4377444 -0.8956664
vn 0.0785364 0.4377586 -0.8956559
vn 0.0784995 0.4377598 -0.8956585
vn 0.0785104 0.4377554 -0.8956597
vn 0.0784875 0.4377381 -0.8956702
vn 0.0785080 0.4377576 -0.8956589
vn 0.0784949 0.4377444 -0.8956664
vn 0.3893747 -0.7582246 -0.5229558
vn 0.3893747 -0.7582246 -0.5229558
vn 0.0785364 0.4377586 -0.8956559
vn 0.0784949 0.4377444 -0.8956664
vn 0.3893747 -0.7582246 -0.5229558
vn -0.3621792 -0.7283433 -0.5816719
vn 0.0784995 0.4377598 -0.8956585
vn 0.0784875 0.4377381 -0.8956702
vn 0.9216087 -0.2995520 -0.2467913
vn 0.0784949 0.4377444 -0.8956664
vn 0.0784875 0.4377381 -0.8956702
vn -0.3621792 -0.7283433 -0.5816719
vn -0.8923024 -0.2287740 -0.3891772
vn 0.0785104 0.4377554 -0.8956597
vn 0.0784995 0.4377598 -0.8956585
vn 0.0784875 0.4377381 -0.8956702
vn 0.9216095 0.3787583 0.0847236
vn 0.9216087 -0.2995520 -0.2467913
vn 0.0784875 0.4377381 -0.8956702
vn 0.0784875 0.4377381 -0.8956702
vn 0.0785104 0.4377554 -0.8956597
vn -0.8923018 0.4476225 -0.0585795
vn 0.0785080 0.4377576 -0.8956589
vn 0.0784875 0.4377381 -0.8956702
vn 0.3893688 0.8784507 0.2769772
vn 0.0784875 0.4377381 -0.8956702
vn 0.0784875 0.4377381 -0.8956702
vn -0.8923018 0.4476225 -0.0585795
vn 0.9951765 -0.0981002 0.0000002
vn 0.9951765 -0.0981002 0.0000002
vn 0.9951765 -0.0981002 0.0000002
vn 0.9222442 0.3852240 -0.0326806
vn 0.9222442 0.3852241 -0.0326806
vn 0.3825871 0.9239194 0.0000001
vn 0.3825871 0.9239194 0.0000001
vn 0.9222442 0.3852240 -0.0326806
vn 0.0000000 0.0000000 -1.0000000
vn 0.0000000 0.0000000 -1.0000000
vn 0.0000000 0.0000000 -1.0000000
vn -0.0000000 0.0000000 -1.0000000
vn -0.0000000 0.0000000 -1.0000000
vn -0.0000000 0.0000000 -1.0000000
vn -0.0000000 0.0000000 -1.0000000
vn -0.0000000 0.0000000 -1.0000000
vn 0.0000000 0.0000000 -1.0000000
vn 0.0000000 0.0000000 -1.0000000
vn 0.0000000 0.0000000 -1.0000000
vn 0.0000000 0.0000000 -1.0000000
vn 0.3327450 -0.6743512 -0.6591898
vn 0.3327450 -0.6743512 -0.6591898
vn 0.0000000 0.0000000 -1.0000000
vn 0.2636977 -0.7080662 -0.6550616
vn -0.9227371 0.3854300 -0.0000002
vn -0.9227371 0.3854300 -0.0000002
vn -0.9227371 0.3854300 -0.0000002
vn -0.9628300 0.2679446 -0.0341191
vn -0.9951765 -0.0981003 -0.0000002
vn -0.9227371 0.3854300 -0.0000002
vn 0.3327450 -0.6743512 -0.6591898
vn -0.3405504 -0.6901706 -0.6385060
vn -0.0000000 0.0000000 -1.0000000
vn 0.0000000 0.0000000 -1.0000000
vn 0.0000000 0.0000000 -1.0000000
vn -0.0000000 0.0000000 -1.0000000
vn -0.9227371 0.3854300 -0.0000002
vn 0.0000000 0.0000000 -1.0000000
vn 0.0000000 0.0000000 -1.0000000
vn 0.2636977 -0.7080662 -0.6550616
vn 0.0000000 0.0000000 -1.0000000
vn 0.0000000 0.0000000 -1.0000000
vn -0.0000000 0.0000000 -1.0000000
vn 0.0000000 0.0000000 -1.0000000
vn 0.0000000 0.0000000 -1.0000000
vn 0.0000000 0.0000000 -1.0000000
vn 0.0000000 0.0000000 -1.0000000
vn 0.0000000 0.0000000 -1.0000000
vn 0.0000000 0.0000000 -1.0000000
vn -0.9059521 0.4233802 -0.0000003
vn 0.0000000 0.0000000 -1.0000000
vn 0.0000000 0.0000000 -1.0000000
vn -0.9216221 -0.3880884 -0.0000003
vn -0.9059521 0.4233802 -0.0000003
vn 0.0000000 -0.0000000 -1.0000000
vn 0.0000000 0.0000000 -1.0000000
vn -0.9227371 0.3854300 -0.0000002
vn -0.9227371 0.3854300 -0.0000002
vn 0.0000000 -0.0000000 -1.0000000
vn 0.0000000 0.0000000 -1.0000000
vn -0.0000000 0.0000000 -1.0000000
vn -0.3826782 -0.9238817 -0.0000000
vn -0.9216221 -0.3880884 -0.0000003
vn -0.0000000 0.0000000 -1.0000000
vn -0.0000000 0.0000000 -1.0000000
vn 0.0000000 -0.0000000 -1.0000000
vn -0.0000000 0.0000000 -1.0000000
vn 0.0000000 0.0000000 -1.0000000
vn -0.0000000 0.0000000 -1.0000000
vn 0.0000000 0.0000000 -1.0000000
vn -0.9059521 0.4233802 -0.0000003
vn 0.9951765 -0.0981002 0.0000002
vn 0.2636977 -0.7080662 -0.6550616
vn -0.3826782 -0.9238817 -0.0000000
vn 0.0000000 -0.0000000 -1.0000000
vn 0.3825871 0.9239194 0.0000001
vn -0.3826782 -0.9238817 -0.0000000
vn -0.9059521 0.4233802 -0.0000003
vn -0.9216221 -0.3880884 -0.0000003
vn 0.9222442 0.3852240 -0.0326806
vn 0.9951765 -0.0981002 0.0000002
vn -0.9059521 0.4233802 -0.0000003
vn 0.3825871 0.9239194 0.0000001
vn 0.9222442 0.3852240 -0.0326806
vn 0.9951765 -0.0981002 0.0000002
vn 0.3826853 -0.9238787 -0.0000000
vn 0.3327450 -0.6743512 -0.6591898
vn 0.3327450 -0.6743512 -0.6591898
vn 0.3826853 -0.9238787 -0.0000000
vn -0.9951765 -0.0981003 -0.0000002
vn -0.3405504 -0.6901706 -0.6385060
vn 0.3327450 -0.6743512 -0.6591898
vn -0.9628300 0.2679446 -0.0341191
vn 0.3825871 0.9239194 0.0000001
vn 0.3825871 0.9239194 0.0000001
vn -0.9227371 0.3854300 -0.0000002
vn -0.9628300 0.2679446 -0.0341191
vn -0.9227371 0.3854300 -0.0000002
vn -0.0000000 0.0000000 -1.0000000
vn 0.2636977 -0.7080662 -0.6550616
vn 0.9951765 -0.0981002 0.0000002
vn 0.9951765 -0.0981002 0.0000002
vn 0.3327450 -0.6743512 -0.6591898
vn 0.0785292 0.4377814 -0.8956454
vn 0.0785292 0.4377814 -0.8956454
vn 0.0785292 0.4377814 -0.8956454
vn 0.0785292 0.4377814 -0.8956454
vn 0.0784892 0.4377467 -0.8956658
vn 0.0785079 0.4377531 -0.8956611
vn 0.0785179 0.4377527 -0.8956604
vn 0.0785094 0.4377562 -0.8956594
vn 0.0785071 0.4377584 -0.8956586
vn 0.0784892 0.4377467 -0.8956658
vn 0.3893748 -0.7582186 -0.5229644
vn 0.3893748 -0.7582186 -0.5229645
vn 0.0785079 0.4377531 -0.8956611
vn -0.3621834 -0.7283372 -0.5816770
vn 0.0785179 0.4377527 -0.8956604
vn 0.0785079 0.4377531 -0.8956611
vn 0.0785292 0.4377814 -0.8956454
vn 0.9216100 -0.2995481 -0.2467914
vn 0.3893748 -0.7582186 -0.5229644
vn 0.0784892 0.4377467 -0.8956658
vn 0.0785292 0.4377814 -0.8956454
vn 0.0785179 0.4377527 -0.8956604
vn -0.3621834 -0.7283372 -0.5816770
vn -0.8923004 -0.2287752 -0.3891811
vn 0.0785094 0.4377562 -0.8956594
vn 0.0785292 0.4377814 -0.8956454
vn 0.9216069 0.3787641 0.0847253
vn 0.9216100 -0.2995481 -0.2467914
vn 0.0785292 0.4377814 -0.8956454
vn 0.0785094 0.4377562 -0.8956594
vn -0.8923059 0.4476139 -0.0585834
vn 0.0785071 0.4377584 -0.8956586
vn 0.0785292 0.4377814 -0.8956454
vn 0.3893687 0.8784505 0.2769778
vn 0.9216069 0.3787641 0.0847253
vn 0.0785292 0.4377814 -0.8956454
vn 0.0785292 0.4377814 -0.8956454
vn -0.8923059 0.4476139 -0.0585834
vn -0.0000000 0.9953406 -0.0964217
vn -0.0000000 0.9953406 -0.0964217
vn -0.0000000 0.9953406 -0.0964217
vn 0.0000000 0.9953406 -0.0964217
vn -0.0000000 0.9953406 -0.0964217
vn 0.0000000 0.9952285 0.0975713
vn -0.0000000 0.9953406 -0.0964217
vn 0.0000000 0.9952285 0.0975713
vn 0.0000000 0.3869689 0.9220928
vn 0.0000000 0.3869689 0.9220928
vn -0.8956080 0.2789158 0.3465433
vn 0.0000000 0.3869689 0.9220928
vn -0.8964825 0.2752835 0.3471859
vn -0.0000000 0.3473712 -0.9377277
vn -0.0000000 0.9953406 -0.0964217
vn 0.0000000 0.9953406 -0.0964217
vn 0.0000000 0.3473712 -0.9377277
vn 0.0000000 0.3473712 -0.9377277
vn 0.0000000 0.9953406 -0.0964217
vn 0.9027488 0.2605213 -0.3423059
vn 0.9018157 0.2638439 -0.3422206
vn 0.0000000 0.9953406 -0.0964217
vn -0.0000000 0.9953406 -0.0964217
vn -0.0000000 0.9953406 -0.0964217
vn -0.8964825 0.2752835 0.3471859
vn -0.0000000 0.9953406 -0.0964217
vn -0.8956080 0.2789158 0.3465433
vn -0.0000000 0.3473712 -0.9377277
vn 0.0000000 0.3869689 0.9220928
vn 0.9018157 0.2638439 -0.3422206
vn 0.3826793 -0.8509668 -0.3597388
vn 0.3826794 -0.8509668 -0.3597388
vn 0.3826793 -0.8509668 -0.3597388
vn 0.3826804 -0.8509664 -0.3597387
vn -0.3826905 0.8509625 0.3597371
vn -0.3826905 0.8509625 0.3597371
vn -0.3826905 0.8509625 0.3597371
vn -0.3826895 0.8509629 0.3597372
vn 0.3826904 0.8509625 0.3597372
vn -0.3826905 0.8509625 0.3597371
vn 0.3826894 0.8509629 0.3597372
vn 0.9238792 0.3524820 0.1490090
vn 0.9238792 0.3524820 0.1490091
vn 0.3826793 -0.8509668 -0.3597388
vn 0.3826804 -0.8509664 -0.3597387
vn 0.9238792 0.3524820 0.1490090
vn -0.9238781 0.3524846 0.1490097
vn -0.3826895 0.8509629 0.3597372
vn -0.9238773 0.3524862 0.1490105
vn -0.9238792 -0.3524819 -0.1490089
vn -0.9238798 -0.3524806 -0.1490083
vn 0.3826794 -0.8509668 -0.3597388
vn -0.9238792 -0.3524819 -0.1490089
vn 0.3826793 -0.8509668 -0.3597388
vn -0.0000000 -0.0727425 0.9973508
vn -0.0000000 -0.0727425 0.9973508
vn -0.0000000 -0.0727425 0.9973508
vn 0.0000000 -0.0727425 0.9973508
vn -0.0000000 -0.0727425 0.9973508
vn 0.0000000 0.9973770 0.0723818
vn 0.0000000 0.9973770 0.0723818
vn 0.0000000 0.9973770 0.0723818
vn 0.0000000 0.9973770 0.0723818
vn 0.0000000 0.0587712 -0.9982715
vn 0.0000000 0.0587712 -0.9982715
vn 0.0000000 0.0587712 -0.9982715
vn -0.0000000 0.0587712 -0.9982715
vn 0.0000000 0.6237233 0.7816452
vn 0.0000000 0.6237232 0.7816453
vn 0.9997342 0.0229936 0.0016687
vn 0.0000000 0.9973770 0.0723818
vn 0.0000000 0.6237233 0.7816452
vn 0.0835857 0.9935304 0.0768812
vn 0.0000000 0.0587712 -0.9982715
vn -0.0000000 0.6731337 -0.7395208
vn 0.0000000 0.9973770 0.0723818
vn 0.0000000 0.9973770 0.0723818
vn 0.9997342 0.0229936 0.0016687
vn -0.0000000 0.6731337 -0.7395208
vn 0.0000000 0.6237233 0.7816452
vn 0.0000000 0.6237232 0.7816453
vn 0.0835857 0.9935304 0.0768812
vn 1.0000000 -0.0000000 0.0000002
vn 0.0000000 0.0587712 -0.9982715
vn 0.0835857 0.9935304 0.0768812
vn 0.9997342 0.0229936 0.0016687
vn 0.0000000 0.0587712 -0.9982715
vn 0.0000000 0.0587712 -0.9982715
vn -1.0000000 -0.0000097 0.0001652
vn 0.0000000 0.0587712 -0.9982715
vn -0.0000000 0.0587712 -0.9982715
vn -1.0000000 -0.0000075 0.0001651
vn 0.0000000 0.6237232 0.7816453
vn -0.0000000 0.6731337 -0.7395208
vn 0.0000000 0.9973770 0.0723818
vn 0.0000000 0.9973770 0.0723818
vn -0.0000000 0.6731337 -0.7395208
vn 0.0000000 0.6237232 0.7816453
vn -1.0000000 -0.0000097 0.0001652
vn 0.0835857 0.9935304 0.0768812
vn 0.0000000 0.6237233 0.7816452
vn 0.0835857 0.9935304 0.0768812
vn -0.0000000 -0.0727425 0.9973508
vn 1.0000000 -0.0000000 0.0000002
vn 0.0835857 0.9935304 0.0768812
vn -1.0000000 -0.0000075 0.0001651
vn -0.0000000 -0.0727425 0.9973508
vn -1.0000000 -0.0000097 0.0001652
vn -1.0000000 -0.0000000 0.0000000
vn -1.0000000 -0.0000000 0.0000000
vn -1.0000000 -0.0000000 0.0000000
vn -1.0000000 0.0000000 -0.0000000
vn 1.0000000 -0.0000000 -0.0000000
vn 1.0000000 -0.0000000 -0.0000000
vn 1.0000000 -0.0000000 -0.0000000
vn 1.0000000 0.0000000 0.0000000
vn 1.0000000 0.0000000 0.0000000
vn -1.0000000 -0.0000000 0.0000000
vn -1.0000000 -0.0000000 0.0000000
vn 1.0000000 -0.0000000 -0.0000000
vn -1.0000000 0.0000000 -0.0000001
vn -1.0000000 0.0000000 -0.0000001
vn -1.0000000 0.0000000 -0.0000001
vn -1.0000000 0.0000000 -0.0000001
vn 1.0000000 0.0000000 0.0000003
vn 1.0000000 0.0000000 0.0000003
vn 1.0000000 0.0000000 0.0000003
vn 1.0000000 0.0000000 0.0000003
vn 1.0000000 0.0000000 0.0000003
vn -1.0000000 0.0000000 -0.0000001
vn -0.9958769 0.0894211 -0.0152648
vn -0.9958769 0.0894211 -0.0152648
vn -0.9958769 0.0894211 -0.0152648
vn -0.9955409 0.0932288 -0.0143741
vn -0.9958769 0.0894211 -0.0152648
vn -0.9958769 0.0894211 -0.0152648
vn 0.0161414 0.1049251 0.9943491
vn 0.0015928 0.0902858 0.9959146
vn 0.9704350 0.2375910 -0.0425010
vn 0.0161414 0.1049251 0.9943491
vn 0.9756131 0.2140943 -0.0484025
vn -0.9958769 0.0894211 -0.0152648
vn 0.0015928 0.0902858 0.9959146
vn 0.9756131 0.2140943 -0.0484025
vn -0.9955409 0.0932288 -0.0143741
vn -0.0000000 0.4152295 -0.9097167
vn -0.0000000 0.4152295 -0.9097167
vn -0.0000000 0.4152295 -0.9097167
vn -0.0135752 0.4350485 -0.9003047
vn -0.0000000 0.4152295 -0.9097167
vn -0.9169614 0.3645245 0.1621842
vn 0.0000000 0.9445758 0.3282934
vn -0.0135752 0.4350485 -0.9003047
vn -0.0785102 0.4377550 -0.8956599
vn -0.0785102 0.4377550 -0.8956599
vn -0.0785102 0.4377550 -0.8956599
vn -0.0785091 0.4377561 -0.8956595
vn -0.0785091 0.4377560 -0.8956595
vn -0.0785264 0.4377555 -0.8956583
vn -0.0784945 0.4377447 -0.8956664
vn -0.0785102 0.4377550 -0.8956599
vn -0.0784894 0.4377402 -0.8956690
vn -0.3893714 -0.7582241 -0.5229589
vn -0.3893714 -0.7582241 -0.5229589
vn -0.0785091 0.4377560 -0.8956595
vn 0.3621672 -0.7283540 -0.5816660
vn -0.0785091 0.4377561 -0.8956595
vn -0.9216078 -0.2995522 -0.2467945
vn -0.0785264 0.4377555 -0.8956583
vn 0.8923026 -0.2287697 -0.3891794
vn -0.0785091 0.4377561 -0.8956595
vn -0.0785102 0.4377550 -0.8956599
vn -0.9216078 -0.2995522 -0.2467945
vn -0.9216083 0.3787620 0.0847194
vn -0.0784894 0.4377402 -0.8956690
vn -0.0784945 0.4377447 -0.8956664
vn 0.8923013 0.4476228 -0.0585848
vn 0.8923026 -0.2287697 -0.3891794
vn -0.0785102 0.4377550 -0.8956599
vn 0.8923013 0.4476228 -0.0585848
vn -0.3893697 0.8784538 0.2769661
vn -0.0785102 0.4377550 -0.8956599
vn -0.0784894 0.4377402 -0.8956690
vn -0.9216083 0.3787620 0.0847194
vn -0.3893697 0.8784538 0.2769661
vn -0.0785102 0.4377550 -0.8956599
vn -0.0785081 0.4377573 -0.8956590
vn -0.0785081 0.4377573 -0.8956590
vn -0.0785081 0.4377573 -0.8956590
vn -0.0785101 0.4377555 -0.8956597
vn -0.0784995 0.4377598 -0.8956585
vn -0.0785366 0.4377585 -0.8956559
vn -0.0784950 0.4377444 -0.8956664
vn -0.0784878 0.4377383 -0.8956701
vn -0.3893754 -0.7582244 -0.5229557
vn -0.3893754 -0.7582244 -0.5229557
vn -0.0785366 0.4377585 -0.8956559
vn -0.0784995 0.4377598 -0.8956585
vn -0.3893754 -0.7582244 -0.5229557
vn 0.3621785 -0.7283436 -0.5816721
vn -0.0785101 0.4377555 -0.8956597
vn -0.9216079 -0.2995529 -0.2467932
vn 0.8923029 -0.2287718 -0.3891774
vn -0.0785081 0.4377573 -0.8956590
vn -0.9216079 -0.2995529 -0.2467932
vn -0.9216094 0.3787589 0.0847224
vn -0.0784878 0.4377383 -0.8956701
vn -0.0784950 0.4377444 -0.8956664
vn 0.8923028 0.4476205 -0.0585792
vn -0.0785081 0.4377573 -0.8956590
vn -0.0785081 0.4377573 -0.8956590
vn -0.3893688 0.8784507 0.2769772
vn -0.0785081 0.4377573 -0.8956590
vn -0.0785071 0.4377583 -0.8956586
vn -0.0785071 0.4377583 -0.8956586
vn -0.0785071 0.4377583 -0.8956586
vn -0.0785094 0.4377561 -0.8956594
vn -0.0785178 0.4377527 -0.8956604
vn -0.0785081 0.4377530 -0.8956611
vn -0.0784894 0.4377467 -0.8956658
vn -0.0785287 0.4377808 -0.8956457
vn -0.3893748 -0.7582183 -0.5229649
vn -0.3893748 -0.7582182 -0.5229650
vn -0.0785081 0.4377530 -0.8956611
vn -0.0785178 0.4377527 -0.8956604
vn -0.3893748 -0.7582183 -0.5229649
vn 0.3621827 -0.7283374 -0.5816771
vn -0.0785094 0.4377561 -0.8956594
vn -0.9216099 -0.2995474 -0.2467926
vn 0.8923008 -0.2287731 -0.3891814
vn -0.0785071 0.4377583 -0.8956586
vn -0.9216099 -0.2995474 -0.2467926
vn -0.9216071 0.3787636 0.0847265
vn -0.0785287 0.4377808 -0.8956457
vn -0.0784894 0.4377467 -0.8956658
vn -0.9216099 -0.2995474 -0.2467926
vn 0.8923052 0.4476154 -0.0585825
vn -0.0785071 0.4377583 -0.8956586
vn -0.0785071 0.4377583 -0.8956586
vn -0.9216071 0.3787636 0.0847265
vn -0.3893687 0.8784505 0.2769778
vn -0.0785071 0.4377583 -0.8956586
vn -0.0785287 0.4377808 -0.8956457
vn -0.9216071 0.3787636 0.0847265
vn -0.3893687 0.8784505 0.2769778
vn -0.9241494 -0.3818774 -0.0108418
vn -0.9241494 -0.3818773 -0.0108418
vn -0.9241494 -0.3818774 -0.0108418
vn -0.9259654 -0.3774669 -0.0103327
vn -0.9241494 -0.3818774 -0.0108418
vn 0.0000000 0.8475423 0.5307279
vn 0.0000000 0.8475423 0.5307279
vn 0.0000000 0.8475423 0.5307279
vn 0.0000000 0.8475422 0.5307279
vn -0.9036435 -0.3028588 -0.3028281
vn -0.9036435 -0.3028589 -0.3028282
vn -0.9036435 -0.3028589 -0.3028282
vn -0.9064367 -0.2978548 -0.2994245
vn -0.9036435 -0.3028588 -0.3028281
vn -0.9232584 -0.3767888 -0.0749939
vn -0.9232584 -0.3767888 -0.0749939
vn -0.9232584 -0.3767888 -0.0749939
vn -0.9240323 -0.3749878 -0.0744876
vn 0.0000000 -0.9999974 -0.0022753
vn 0.0000000 -0.9999974 -0.0022753
vn 0.0000000 -0.9999974 -0.0022753
vn 0.0000000 -0.9999974 -0.0022753
vn -0.3354768 0.8180110 0.4672401
vn 0.0000000 0.8475423 0.5307279
vn -0.3940329 0.8046042 0.4442410
vn -0.3354768 0.8180110 0.4672401
vn -0.3880197 0.8707004 0.3021947
vn -0.3855378 0.8714363 0.3032482
vn -0.3940329 0.8046042 0.4442410
vn -0.3880197 0.8707004 0.3021947
vn -0.3775290 0.9197783 0.1071437
vn -0.3812911 0.9183291 0.1062491
vn 0.0000000 -0.9999974 -0.0022753
vn 0.0000000 -0.9987254 -0.0504726
vn 0.0000000 -0.9987254 -0.0504726
vn 0.0000000 -0.9999974 -0.0022753
vn 0.0000000 -0.9999974 -0.0022753
vn -0.9241494 -0.3818773 -0.0108418
vn -0.9227893 0.3852010 -0.0089520
vn -0.9227893 0.3852009 -0.0089520
vn -0.9241494 -0.3818774 -0.0108418
vn -0.3775290 0.9197783 0.1071437
vn -0.3787803 0.9245761 0.0410430
vn -0.9227893 0.3852010 -0.0089520
vn -0.3808917 0.9246190 -0.0010740
vn 0.0000000 -0.9987254 -0.0504726
vn 0.0000000 -0.9922020 -0.1246403
vn 0.0000000 -0.9922020 -0.1246403
vn 0.0000000 -0.9987254 -0.0504726
vn -0.9064367 -0.2978548 -0.2994245
vn -0.9036435 -0.3028589 -0.3028282
vn -0.9232584 -0.3767888 -0.0749939
vn -0.9232584 -0.3767888 -0.0749939
vn -0.9064367 -0.2978548 -0.2994245
vn -0.9232584 -0.3767888 -0.0749939
vn -0.9241494 -0.3818773 -0.0108418
vn 0.0000000 0.9999940 0.0034611
vn 0.0000000 0.9999940 0.0034611
vn -0.3808917 0.9246190 -0.0010740
vn -0.3787803 0.9245761 0.0410430
vn 0.0000000 0.8475423 0.5307279
vn 0.0000000 0.9273190 0.3742718
vn -0.3880197 0.8707004 0.3021947
vn 0.0000000 -0.9999974 -0.0022753
vn -0.9241494 -0.3818774 -0.0108418
vn -0.9259654 -0.3774669 -0.0103327
vn 0.0000000 -0.9999974 -0.0022753
vn 0.0000000 -0.9999974 -0.0022753
vn 0.0000000 0.9986247 0.0524288
vn -0.3787803 0.9245761 0.0410430
vn -0.3775290 0.9197783 0.1071437
vn -0.9036435 -0.3028589 -0.3028282
vn -0.3354768 0.8180110 0.4672401
vn -0.3940329 0.8046042 0.4442410
vn -0.9036435 -0.3028589 -0.3028282
vn -0.9036435 -0.3028589 -0.3028282
vn 0.0000000 0.9273190 0.3742718
vn -0.3775290 0.9197783 0.1071437
vn -0.3880197 0.8707004 0.3021947
vn -0.9240323 -0.3749878 -0.0744876
vn -0.9232584 -0.3767888 -0.0749939
vn -0.9241494 -0.3818773 -0.0108418
vn -0.9240323 -0.3749878 -0.0744876
vn 0.0000000 -0.9987254 -0.0504726
vn 0.0000000 -0.9999974 -0.0022753
vn 0.0000000 -0.9922020 -0.1246403
vn -0.9232584 -0.3767888 -0.0749939
vn 0.0000000 -0.9987254 -0.0504726
vn 0.0000000 -0.9922020 -0.1246403
vn -0.9036435 -0.3028589 -0.3028282
vn -0.3940329 0.8046042 0.4442410
vn -0.3855378 0.8714363 0.3032482
vn -0.9232584 -0.3767888 -0.0749939
vn -0.9036435 -0.3028589 -0.3028282
vn -0.3855378 0.8714363 0.3032482
vn -0.3812911 0.9183291 0.1062491
vn -0.3727519 -0.8413304 -0.3914321
vn -0.9064367 -0.2978548 -0.2994245
vn -0.9232584 -0.3767888 -0.0749939
vn -0.3942584 -0.7617913 -0.5140372
vn -0.9036435 -0.3028588 -0.3028281
vn -0.9064367 -0.2978548 -0.2994245
vn -0.3942584 -0.7617913 -0.5140372
vn 0.0000000 -0.8528462 -0.5221623
vn 0.0000000 -0.8528462 -0.5221622
vn 0.0000000 -0.9922020 -0.1246403
vn 0.0000000 -0.8528462 -0.5221623
vn -0.9700567 0.1915248 -0.1493595
vn -0.9700567 0.1915248 -0.1493596
vn -0.9700567 0.1915248 -0.1493595
vn -0.9739720 0.1829131 -0.1338708
vn 0.9721712 -0.2333220 0.0210696
vn 0.9721712 -0.2333220 0.0210696
vn 0.9721712 -0.2333220 0.0210696
vn 0.9745762 -0.2238814 0.0088562
vn 0.9721712 -0.2333220 0.0210696
vn 0.3949288 -0.8027808 0.4467373
vn 0.4611567 -0.7909403 0.4021789
vn 0.9753525 -0.1577973 0.1542320
vn 0.9753525 -0.1577973 0.1542320
vn 0.9745762 -0.2238814 0.0088562
vn 0.9721712 -0.2333220 0.0210696
vn 0.9753525 -0.1577973 0.1542320
vn 0.8710066 0.3825674 -0.3082039
vn 0.8710066 0.3825674 -0.3082039
vn 0.9721712 -0.2333220 0.0210696
vn -0.5767179 0.0246934 -0.8165701
vn -0.5767179 0.0246934 -0.8165701
vn -0.5767179 0.0246934 -0.8165701
vn -0.9700567 0.1915248 -0.1493596
vn -0.9700567 0.1915248 -0.1493596
vn -0.5767179 0.0246934 -0.8165701
vn -0.5437715 0.3610277 -0.7576091
vn -0.9700567 0.1915248 -0.1493595
vn -0.8161925 0.0401733 0.5763817
vn -0.8161925 0.0401733 0.5763817
vn -0.9700567 0.1915248 -0.1493595
vn -0.8124643 0.0362269 0.5818843
vn 0.9843672 -0.0474949 0.1696038
vn 0.9843672 -0.0474949 0.1696038
vn 0.9753525 -0.1577973 0.1542320
vn 0.9753525 -0.1577973 0.1542320
vn 0.9843672 -0.0474949 0.1696038
vn -0.2384301 -0.8183875 0.5228699
vn 0.3949288 -0.8027808 0.4467373
vn 0.4611567 -0.7909403 0.4021789
vn -0.2385207 -0.8183470 0.5228919
vn -0.2384301 -0.8183875 0.5228699
vn 0.8710066 0.3825674 -0.3082039
vn 0.3043783 0.8240534 -0.4777969
vn -0.5437715 0.3610277 -0.7576091
vn 0.8710066 0.3825674 -0.3082039
vn 0.5757543 -0.0320097 0.8169959
vn 0.9753525 -0.1577973 0.1542320
vn 0.5766001 -0.0325744 0.8163769
vn -0.8752728 -0.3500979 0.3336600
vn -0.2384301 -0.8183875 0.5228699
vn -0.9739720 0.1829131 -0.1338708
vn -0.5767179 0.0246934 -0.8165701
vn 0.1695327 -0.0109535 -0.9854637
vn 0.1695327 -0.0109535 -0.9854637
vn -0.5767179 0.0246934 -0.8165701
vn -0.5767179 0.0246934 -0.8165701
vn 0.4611567 -0.7909403 0.4021789
vn 0.9745762 -0.2238814 0.0088562
vn 0.9753525 -0.1577973 0.1542320
vn 0.3043783 0.8240534 -0.4777969
vn -0.4743368 0.8322509 -0.2869894
vn -0.9700567 0.1915248 -0.1493595
vn -0.5437715 0.3610277 -0.7576091
vn -0.5767179 0.0246934 -0.8165701
vn 0.1695327 -0.0109535 -0.9854637
vn 0.8710066 0.3825674 -0.3082039
vn -0.5437715 0.3610277 -0.7576091
vn -0.8161925 0.0401733 0.5763817
vn -0.5767179 0.0246934 -0.8165701
vn -0.9700567 0.1915248 -0.1493596
vn -0.9700567 0.1915248 -0.1493595
vn -0.4743368 0.8322509 -0.2869894
vn -0.8752728 -0.3500979 0.3336600
vn -0.9700567 0.1915248 -0.1493595
vn 0.1695327 -0.0109535 -0.9854637
vn 0.9721712 -0.2333220 0.0210696
vn 0.8710066 0.3825674 -0.3082039
vn 0.1695327 -0.0109535 -0.9854637
vn 0.1695327 -0.0109535 -0.9854637
vn 0.9843672 -0.0474949 0.1696038
vn 0.1695327 -0.0109535 -0.9854637
vn -0.8124643 0.0362269 0.5818843
vn -0.9700567 0.1915248 -0.1493595
vn -0.9739720 0.1829131 -0.1338708
vn -0.2385207 -0.8183470 0.5228919
vn 0.5757543 -0.0320097 0.8169959
vn -0.8124643 0.0362269 0.5818843
vn 0.4611567 -0.7909403 0.4021789
vn 0.5757543 -0.0320097 0.8169959
vn 0.5766001 -0.0325744 0.8163769
vn -0.8161925 0.0401733 0.5763817
vn -0.9241800 -0.3817798 -0.0116388
vn -0.9241800 -0.3817798 -0.0116388
vn -0.9241800 -0.3817798 -0.0116388
vn -0.9261061 -0.3771010 -0.0110588
vn -0.9241800 -0.3817798 -0.0116388
vn 0.0000000 0.8848919 0.4657964
vn 0.0000000 0.8848919 0.4657964
vn 0.0000000 0.8848919 0.4657965
vn 0.0000000 0.8848919 0.4657965
vn -0.9106844 -0.3558763 -0.2097761
vn -0.9106844 -0.3558763 -0.2097761
vn -0.9106844 -0.3558763 -0.2097761
vn -0.9189288 -0.3401261 -0.1997098
vn -0.9106844 -0.3558763 -0.2097761
vn -0.9233577 -0.3739701 -0.0869309
vn -0.9233576 -0.3739701 -0.0869309
vn -0.9233576 -0.3739701 -0.0869309
vn -0.9237778 -0.3730022 -0.0866250
vn 0.0000000 -0.9999970 -0.0024317
vn 0.0000000 -0.9999970 -0.0024317
vn 0.0000000 -0.9999970 -0.0024317
vn 0.0000000 -0.9999970 -0.0024317
vn -0.3356149 0.8383308 0.4296092
vn 0.0000000 0.8848919 0.4657965
vn 0.0000000 0.8848919 0.4657965
vn -0.3934884 0.8218703 0.4119418
vn -0.3903988 0.8563010 0.3381382
vn -0.3852807 0.8575560 0.3408174
vn -0.3934884 0.8218703 0.4119418
vn -0.3796430 0.9151689 0.1354145
vn -0.3819231 0.9143041 0.1348435
vn -0.3852807 0.8575560 0.3408174
vn 0.0000000 -0.9987255 -0.0504720
vn 0.0000000 -0.9987255 -0.0504720
vn -0.9241800 -0.3817798 -0.0116388
vn -0.9227815 0.3852028 -0.0096507
vn -0.9227815 0.3852028 -0.0096507
vn -0.9241800 -0.3817798 -0.0116388
vn -0.3819231 0.9143041 0.1348435
vn -0.3796430 0.9151689 0.1354145
vn -0.3788246 0.9245579 0.0410434
vn -0.9227815 0.3852028 -0.0096507
vn -0.3808896 0.9246198 -0.0011590
vn 0.0000000 -0.9876733 -0.1565294
vn 0.0000000 -0.9876733 -0.1565294
vn 0.0000000 -0.9987255 -0.0504720
vn -0.9106844 -0.3558763 -0.2097761
vn -0.9233576 -0.3739701 -0.0869309
vn -0.9233577 -0.3739701 -0.0869309
vn -0.9233576 -0.3739701 -0.0869309
vn -0.3819231 0.9143041 0.1348435
vn -0.9227815 0.3852028 -0.0096507
vn -0.9241800 -0.3817798 -0.0116388
vn -0.9233576 -0.3739701 -0.0869309
vn 0.0000000 0.9999930 0.0037351
vn 0.0000000 0.9999930 0.0037351
vn -0.3808896 0.9246198 -0.0011590
vn -0.3788246 0.9245579 0.0410434
vn 0.0000000 0.8848919 0.4657964
vn 0.0000000 0.8940019 0.4480633
vn -0.3903988 0.8563010 0.3381382
vn 0.0000000 0.8848919 0.4657965
vn 0.0000000 -0.9999970 -0.0024317
vn -0.9241800 -0.3817798 -0.0116388
vn -0.9261061 -0.3771010 -0.0110588
vn 0.0000000 -0.9999970 -0.0024317
vn 0.0000000 -0.9999970 -0.0024317
vn 0.0000000 0.9986247 0.0524284
vn 0.0000000 0.9999930 0.0037351
vn -0.3788246 0.9245579 0.0410434
vn -0.3796430 0.9151689 0.1354145
vn -0.9106844 -0.3558763 -0.2097761
vn -0.3356149 0.8383308 0.4296092
vn -0.9106844 -0.3558763 -0.2097761
vn 0.0000000 0.8940019 0.4480633
vn 0.0000000 0.9986247 0.0524284
vn -0.3796430 0.9151689 0.1354145
vn 0.0000000 0.8940019 0.4480633
vn -0.9237778 -0.3730022 -0.0866250
vn -0.9233576 -0.3739701 -0.0869309
vn -0.9241800 -0.3817798 -0.0116388
vn -0.9237778 -0.3730022 -0.0866250
vn 0.0000000 -0.9987255 -0.0504720
vn -0.9241800 -0.3817798 -0.0116388
vn 0.0000000 -0.9999970 -0.0024317
vn 0.0000000 -0.9987255 -0.0504720
vn -0.9233577 -0.3739701 -0.0869309
vn -0.3852807 0.8575560 0.3408174
vn -0.9233576 -0.3739701 -0.0869309
vn -0.9106844 -0.3558763 -0.2097761
vn -0.3819231 0.9143041 0.1348435
vn -0.9233576 -0.3739701 -0.0869309
vn -0.9233576 -0.3739701 -0.0869309
vn -0.3622986 -0.7922749 -0.4909585
vn -0.9189288 -0.3401261 -0.1997098
vn -0.9233577 -0.3739701 -0.0869309
vn -0.3960819 -0.8146465 -0.4236393
vn -0.9106844 -0.3558763 -0.2097761
vn -0.9189288 -0.3401261 -0.1997098
vn -0.3960819 -0.8146465 -0.4236393
vn 0.0000000 -0.8910198 -0.4539644
vn 0.0000000 -0.8910198 -0.4539644
vn 0.0000000 -0.9876733 -0.1565294
vn 0.0000000 -0.8910198 -0.4539644
vn -0.9243070 -0.3807625 -0.0260098
vn -0.9243070 -0.3807625 -0.0260098
vn -0.9243070 -0.3807625 -0.0260098
vn -0.9284697 -0.3705822 -0.0247573
vn -0.9243070 -0.3807625 -0.0260098
vn 0.0000000 0.9411372 0.3380249
vn 0.0000000 0.9411372 0.3380249
vn 0.0000000 0.9411372 0.3380249
vn 0.0000000 0.9411372 0.3380249
vn -0.9107580 -0.3572345 -0.2071313
vn -0.9107580 -0.3572345 -0.2071313
vn -0.9107580 -0.3572345 -0.2071313
vn -0.9189607 -0.3402709 -0.1993160
vn -0.9213762 -0.3569063 -0.1538954
vn -0.9213762 -0.3569063 -0.1538954
vn -0.9213762 -0.3569062 -0.1538954
vn -0.9195583 -0.3609492 -0.1553326
vn 0.0000000 -0.9996552 -0.0262586
vn 0.0000000 -0.9996552 -0.0262586
vn 0.0000000 -0.9996552 -0.0262586
vn 0.0000000 -0.9996552 -0.0262586
vn -0.3310100 0.8980499 0.2897219
vn 0.0000000 0.9411372 0.3380249
vn 0.0000000 0.9411372 0.3380249
vn -0.3854171 0.8822299 0.2704145
vn -0.3310100 0.8980499 0.2897219
vn 0.0000000 0.9411372 0.3380249
vn -0.3880870 0.8701587 0.3036649
vn -0.3855343 0.8709287 0.3047072
vn -0.3815307 0.9093228 0.1660311
vn -0.3821594 0.9090959 0.1658275
vn 0.0000000 -0.9996552 -0.0262586
vn 0.0000000 -0.9969554 -0.0779743
vn 0.0000000 -0.9969554 -0.0779743
vn 0.0000000 -0.9996552 -0.0262586
vn 0.0000000 -0.9996552 -0.0262586
vn -0.9243070 -0.3807625 -0.0260098
vn -0.9229488 0.3848961 -0.0045309
vn -0.9229488 0.3848961 -0.0045309
vn -0.9243070 -0.3807625 -0.0260098
vn -0.3815307 0.9093228 0.1660311
vn -0.3795467 0.9234166 0.0569746
vn -0.9229488 0.3848961 -0.0045309
vn -0.3813304 0.9241940 0.0212738
vn 0.0000000 -0.9969554 -0.0779743
vn 0.0000000 -0.9772106 -0.2122719
vn 0.0000000 -0.9772106 -0.2122719
vn 0.0000000 -0.9969554 -0.0779743
vn -0.9189607 -0.3402709 -0.1993160
vn -0.9107580 -0.3572345 -0.2071313
vn -0.9213762 -0.3569063 -0.1538954
vn -0.9213762 -0.3569063 -0.1538954
vn -0.9213762 -0.3569062 -0.1538954
vn -0.9243070 -0.3807625 -0.0260098
vn 0.0000000 0.9995431 0.0302242
vn 0.0000000 0.9995431 0.0302242
vn -0.3813304 0.9241940 0.0212738
vn -0.3795467 0.9234166 0.0569746
vn 0.0000000 0.9411372 0.3380249
vn 0.0000000 0.9276004 0.3735740
vn -0.3880870 0.8701587 0.3036649
vn 0.0000000 0.9411372 0.3380249
vn 0.0000000 -0.9996552 -0.0262586
vn -0.9243070 -0.3807625 -0.0260098
vn -0.9284697 -0.3705822 -0.0247573
vn 0.0000000 -0.9996552 -0.0262586
vn 0.0000000 0.9968660 0.0791081
vn -0.3795467 0.9234166 0.0569746
vn -0.3815307 0.9093228 0.1660311
vn -0.9107580 -0.3572345 -0.2071313
vn -0.3310100 0.8980499 0.2897219
vn -0.3854171 0.8822299 0.2704145
vn -0.9107580 -0.3572345 -0.2071313
vn -0.9107580 -0.3572345 -0.2071313
vn 0.0000000 0.9276004 0.3735740
vn -0.3815307 0.9093228 0.1660311
vn -0.3880870 0.8701587 0.3036649
vn -0.9195583 -0.3609492 -0.1553326
vn -0.9213762 -0.3569062 -0.1538954
vn -0.9243070 -0.3807625 -0.0260098
vn -0.9243070 -0.3807625 -0.0260098
vn -0.9195583 -0.3609492 -0.1553326
vn 0.0000000 -0.9969554 -0.0779743
vn 0.0000000 -0.9772106 -0.2122719
vn -0.9213762 -0.3569063 -0.1538954
vn -0.9195583 -0.3609492 -0.1553326
vn 0.0000000 -0.9772106 -0.2122719
vn -0.9107580 -0.3572345 -0.2071313
vn -0.3854171 0.8822299 0.2704145
vn -0.3855343 0.8709287 0.3047072
vn -0.9213762 -0.3569063 -0.1538954
vn -0.9107580 -0.3572345 -0.2071313
vn -0.3855343 0.8709287 0.3047072
vn -0.3821594 0.9090959 0.1658275
vn -0.3729712 -0.8426211 -0.3884354
vn -0.9189607 -0.3402709 -0.1993160
vn -0.9213762 -0.3569063 -0.1538954
vn -0.3932777 -0.8612198 -0.3219211
vn -0.9107580 -0.3572345 -0.2071313
vn -0.9189607 -0.3402709 -0.1993160
vn -0.3932777 -0.8612198 -0.3219211
vn 0.0000000 -0.9487097 -0.3161485
vn 0.0000000 -0.9487097 -0.3161485
vn 0.0000000 -0.9772106 -0.2122719
vn 0.0000000 -0.9487097 -0.3161485
vn 0.0000000 -1.0000000 -0.0000000
vn 0.0000000 -1.0000000 -0.0000000
vn 0.0000000 -1.0000000 -0.0000000
vn 0.0000000 -1.0000000 0.0000000
vn 0.3239661 -0.4791711 0.8157457
vn 0.3239661 -0.4791711 0.8157457
vn 0.3239661 -0.4791710 0.8157457
vn 0.3863230 -0.4498213 0.8052424
vn 0.3239661 -0.4791711 0.8157457
vn 0.0000000 -0.9457058 -0.3250240
vn 0.0000000 -0.9457058 -0.3250240
vn 0.0000000 -1.0000000 -0.0000000
vn 0.0000000 -1.0000000 0.0000000
vn 0.0000000 -0.4722054 0.8814885
vn 0.0000000 -0.4722054 0.8814885
vn 0.0000000 -0.4722054 0.8814885
vn 0.0000000 -0.4708594 0.8822083
vn 0.0000000 -0.4708594 0.8822083
vn 0.0000000 -0.4708594 0.8822083
vn 0.0000000 1.0000000 -0.0000000
vn 0.0000000 1.0000000 -0.0000000
vn 0.0000000 -0.4708594 0.8822083
vn 0.0000000 -0.4708594 0.8822083
vn 0.9877909 0.0802322 -0.1335363
vn 0.9877909 0.0802322 -0.1335363
vn 0.9877909 0.0802322 -0.1335363
vn 0.9878514 0.0805938 -0.1328693
vn 0.0000000 1.0000000 -0.0000000
vn 0.9802781 0.1028000 -0.1687810
vn 0.9779910 0.0956906 -0.1854101
vn 0.3863230 -0.4498213 0.8052424
vn 1.0000000 0.0000002 -0.0000000
vn 1.0000000 0.0000002 0.0000000
vn 0.3863230 -0.4498213 0.8052424
vn 0.0000000 0.4949020 -0.8689488
vn 1.0000000 0.0000002 -0.0000000
vn 0.0000000 1.0000000 -0.0000000
vn 0.0000000 1.0000000 -0.0000000
vn 0.0000000 0.4949020 -0.8689488
vn 0.0000000 -0.4722054 0.8814885
vn 0.9798100 0.1021837 -0.1718455
vn 0.9798100 0.1021837 -0.1718456
vn 0.9772088 0.0944299 -0.1901210
vn 1.0000000 0.0000000 -0.0000000
vn 0.9798100 0.1021837 -0.1718455
vn 1.0000000 0.0000000 -0.0000000
vn 1.0000000 0.0000000 0.0000000
vn 0.3239661 -0.4791711 0.8157457
vn 0.3863230 -0.4498213 0.8052424
vn 0.3847260 -0.4570778 0.8019138
vn 0.0000000 -0.4708594 0.8822083
vn 0.3239661 -0.4791710 0.8157457
vn 0.9802781 0.1028000 -0.1687810
vn 0.0000000 1.0000000 -0.0000000
vn 0.0000000 0.4949010 -0.8689494
vn 1.0000000 0.0000000 -0.0000000
vn 0.9798100 0.1021837 -0.1718455
vn -0.0000000 0.4949010 -0.8689494
vn -0.1027832 -0.9266798 -0.3615247
vn 0.9779910 0.0956906 -0.1854101
vn 0.9802781 0.1028000 -0.1687810
vn 0.0000000 -0.9109573 -0.4125007
vn 1.0000000 0.0000000 -0.0000000
vn 0.9798100 0.1021837 -0.1718455
vn 1.0000000 0.0000000 -0.0000000
vn 1.0000000 0.0000000 -0.0000000
vn 1.0000000 0.0000000 -0.0000000
vn 0.9877909 0.0802322 -0.1335363
vn 0.9877909 0.0802322 -0.1335363
vn 1.0000000 0.0000000 0.0000000
vn 1.0000000 0.0000000 -0.0000000
vn 0.0000000 0.4949015 -0.8689491
vn 0.0000000 0.4949015 -0.8689491
vn 0.9877909 0.0802322 -0.1335363
vn -0.0000000 0.4949014 -0.8689491
vn 0.0000000 -0.9457058 -0.3250240
vn 0.9878514 0.0805938 -0.1328693
vn 0.0000000 -1.0000000 -0.0000000
vn 1.0000000 0.0000000 -0.0000000
vn 1.0000000 0.0000000 -0.0000000
vn 0.0000000 -0.4708594 0.8822083
vn 0.9779910 0.0956906 -0.1854101
vn 0.9772088 0.0944299 -0.1901210
vn 1.0000000 0.0000000 -0.0000000
vn 1.0000000 0.0000000 0.0000000
vn 0.0000000 -0.4722054 0.8814885
vn 0.9772088 0.0944299 -0.1901210
vn -0.0000000 0.4949010 -0.8689494
vn 0.0000000 -0.4722054 0.8814885
vn -0.0000000 0.4949014 -0.8689491
vn 0.9877909 0.0802322 -0.1335363
vn 0.9877909 0.0802322 -0.1335363
vn -0.0000000 1.0000000 -0.0000000
vn -0.1047211 -0.9237771 -0.3683332
vn 0.9772088 0.0944299 -0.1901210
vn 0.9798100 0.1021837 -0.1718456
vn 0.0000000 -0.9069538 -0.4212301
vn 1.0000000 0.0000000 0.0000000
vn 0.9877909 0.0802322 -0.1335363
vn 0.0000000 0.4949015 -0.8689491
vn 1.0000000 0.0000002 0.0000000
vn 1.0000000 0.0000000 0.0000000
vn 0.0000000 -0.4722054 0.8814885
vn 0.0000000 -0.9069538 -0.4212301
vn 0.9798100 0.1021837 -0.1718456
vn 1.0000000 0.0000000 -0.0000000
vn 0.0000000 -1.0000000 -0.0000000
vn 0.9779910 0.0956906 -0.1854101
vn -0.1027832 -0.9266798 -0.3615247
vn 0.0000000 -0.9109573 -0.4125007
vn 0.9802781 0.1028000 -0.1687810
vn 0.3239661 -0.4791710 0.8157457
vn 0.3239661 -0.4791711 0.8157457
vn 0.0000000 -1.0000000 -0.0000000
vn 1.0000000 0.0000000 -0.0000000
vn 0.9772088 0.0944299 -0.1901210
vn -0.1047211 -0.9237771 -0.3683332
vn 0.0000000 -1.0000000 -0.0000000
vn 0.9877909 0.0802322 -0.1335363
vn 0.0000000 -0.9069538 -0.4212301
vn 0.0000000 -0.9069538 -0.4212301
vn -0.1047211 -0.9237771 -0.3683332
vn 0.0000000 -0.9069538 -0.4212301
vn 0.0000000 -1.0000000 -0.0000000
vn 0.0000000 -1.0000000 -0.0000000
vn 0.0000000 -0.9069538 -0.4212301
vn 0.0000000 -1.0000000 -0.0000000
vn -0.1027832 -0.9266798 -0.3615247
vn -0.0000000 -0.4906848 0.8713372
vn 0.0000000 -0.4906848 0.8713372
vn 0.0000000 -0.9069538 -0.4212301
vn 0.0000000 -0.9109573 -0.4125007
vn 0.3239661 -0.4791711 0.8157457
vn 0.0000000 -1.0000000 -0.0000000
vn 0.0000000 -1.0000000 -0.0000000
vn -0.0000000 -0.4906848 0.8713372
vn 0.3239661 -0.4791711 0.8157457
vn -0.0000000 -0.4924348 0.8703493
vn 0.0000000 -1.0000000 0.0000000
vn 0.0000000 -1.0000000 -0.0000000
vn 0.0000000 -1.0000000 -0.0000000
vn 0.0000000 -1.0000000 -0.0000000
vn -0.0000000 -0.4924348 0.8703493
vn -0.3863229 -0.4498214 0.8052424
vn -0.3863230 -0.4498214 0.8052423
vn 0.0000000 -1.0000000 -0.0000000
vn 0.0000000 -0.9069538 -0.4212301
vn -0.2355269 -0.5081937 0.8284119
vn 0.0000000 -0.4722054 0.8814886
vn 0.0000000 -0.4722054 0.8814886
vn 0.0000000 -0.4722054 0.8814886
vn 0.0000000 -0.4708593 0.8822083
vn 0.0000000 -0.4708593 0.8822083
vn 0.0000000 -0.4708593 0.8822083
vn 0.0000000 1.0000000 -0.0000000
vn 0.0000000 -0.4708593 0.8822083
vn 0.0000000 -0.4708593 0.8822083
vn 0.0000000 1.0000000 -0.0000000
vn -0.9878513 0.0805940 -0.1328696
vn -0.9878513 0.0805940 -0.1328696
vn -0.9877908 0.0802324 -0.1335366
vn -0.9779910 0.0956906 -0.1854101
vn -0.9779910 0.0956906 -0.1854102
vn 0.0000000 1.0000000 -0.0000000
vn -1.0000000 0.0000000 -0.0000000
vn -1.0000000 0.0000000 -0.0000000
vn 0.0000000 0.4949020 -0.8689488
vn 0.0000000 1.0000000 -0.0000000
vn 0.0000000 1.0000000 -0.0000000
vn -1.0000000 0.0000000 -0.0000000
vn 0.0000000 -0.4722054 0.8814886
vn -0.2355269 -0.5081937 0.8284119
vn -0.9772087 0.0944297 -0.1901216
vn -0.9798099 0.1021836 -0.1718459
vn -1.0000000 0.0000005 -0.0000012
vn -1.0000000 0.0000005 -0.0000012
vn -1.0000000 0.0000005 -0.0000012
vn -0.0000000 -0.4924348 0.8703493
vn -0.3847260 -0.4570779 0.8019137
vn 0.0000000 -0.4708593 0.8822083
vn 0.0000000 1.0000000 -0.0000000
vn 0.0000000 0.4949010 -0.8689494
vn 0.0000000 0.4949010 -0.8689494
vn -0.9798099 0.1021836 -0.1718459
vn -1.0000000 0.0000005 -0.0000012
vn -0.0000000 -0.4906848 0.8713372
vn 0.0000000 -1.0000000 -0.0000000
vn -0.9779910 0.0956906 -0.1854102
vn -1.0000000 0.0000000 -0.0000000
vn 0.0000000 -1.0000000 -0.0000000
vn -1.0000000 0.0000000 -0.0000000
vn 0.0000000 0.4949014 -0.8689491
vn 0.0000000 0.4949014 -0.8689491
vn -0.9877908 0.0802324 -0.1335366
vn -0.0000000 0.4949014 -0.8689491
vn 0.0000000 -0.9457058 -0.3250240
vn 0.0000000 -1.0000000 0.0000000
vn -0.9878513 0.0805940 -0.1328696
vn -1.0000000 0.0000000 -0.0000000
vn -0.9779910 0.0956906 -0.1854101
vn 0.0000000 -0.4708593 0.8822083
vn -0.2355269 -0.5081937 0.8284119
vn 0.0000000 -0.4722054 0.8814886
vn 0.0000000 -1.0000000 -0.0000000
vn 0.0000000 0.4949010 -0.8689494
vn 0.0000000 -0.4722054 0.8814886
vn -0.9798099 0.1021836 -0.1718459
vn 0.0000000 0.4949014 -0.8689491
vn 0.0000000 1.0000000 -0.0000000
vn -0.9878513 0.0805940 -0.1328696
vn -0.9877908 0.0802324 -0.1335366
vn 0.0000000 -0.9069538 -0.4212301
vn 0.0000000 -0.9069538 -0.4212301
vn -0.9772087 0.0944297 -0.1901216
vn -0.2355269 -0.5081937 0.8284119
vn -1.0000000 -0.0000002 -0.0000000
vn -0.0000000 0.4949014 -0.8689491
vn 0.0000000 -0.4722054 0.8814886
vn -1.0000000 -0.0000002 -0.0000000
vn 0.0000000 -0.9069538 -0.4212301
vn 0.0000000 -0.4906848 0.8713372
vn -0.0000000 -0.4906848 0.8713372
vn -0.9779910 0.0956906 -0.1854101
vn 0.0000000 -1.0000000 -0.0000000
vn 0.0000000 -1.0000000 -0.0000000
vn -0.9779910 0.0956906 -0.1854102
vn 0.0000000 0.4352047 0.9003316
vn 0.0000000 0.4352046 0.9003316
vn 0.0000000 0.4352047 0.9003316
vn 0.0101838 0.4356379 0.9000644
vn 0.0000000 0.4352047 0.9003316
vn 0.0000000 0.3902721 -0.9206996
vn 0.0000000 0.3902721 -0.9206996
vn 0.0000000 0.3902720 -0.9206996
vn -0.0000000 0.3902721 -0.9206996
vn 0.8302828 -0.5564045 -0.0323184
vn 0.8302828 -0.5564045 -0.0323184
vn 0.8302828 -0.5564045 -0.0323184
vn 0.7232844 -0.6895181 -0.0377421
vn 0.9994945 0.0317937 -0.0000000
vn 0.9994945 0.0317937 -0.0000000
vn 0.0000000 0.4352047 0.9003316
vn 0.0000000 0.4352046 0.9003316
vn -0.0000000 0.3902721 -0.9206996
vn 0.0000000 1.0000000 -0.0000000
vn 0.0101838 0.4356379 0.9000644
vn 0.0000000 0.3902721 -0.9206996
vn 0.9994945 0.0317937 -0.0000000
vn 0.0000000 0.3902721 -0.9206996
vn 0.0000000 0.3902721 -0.9206996
vn 0.9994945 0.0317937 -0.0000000
vn 0.0101838 0.4356379 0.9000644
vn 0.0000000 0.3902721 -0.9206996
vn 0.0000000 0.4352046 0.9003316
vn 0.9909989 0.0682701 -0.1151533
vn 0.8302828 -0.5564045 -0.0323184
vn 0.9994945 0.0317937 -0.0000000
vn 0.0000000 0.3902721 -0.9206996
vn 0.7232844 -0.6895181 -0.0377421
vn 0.0000000 -0.4902200 -0.8715987
vn 0.0000000 0.3902720 -0.9206996
vn 0.7232844 -0.6895181 -0.0377421
vn 0.0000000 0.3902721 -0.9206996
vn 0.9994945 0.0317937 -0.0000000
vn 0.9909989 0.0682701 -0.1151533
vn 0.8302828 -0.5564045 -0.0323184
vn 0.0000000 -1.0000000 0.0000000
vn 0.7232844 -0.6895181 -0.0377421
vn 0.8302828 -0.5564045 -0.0323184
vn -0.0101955 0.4356392 0.9000636
vn 0.0000000 1.0000000 -0.0000000
vn -0.0101955 0.4356392 0.9000636
vn 0.0000000 0.4352054 0.9003312
vn -0.0101955 0.4356392 0.9000636
vn -0.9954675 -0.0868505 -0.0387483
vn -0.9954675 -0.0868505 -0.0387483
vn -0.9954675 -0.0868505 -0.0387483
vn 0.0000000 -0.4902200 -0.8715987
vn 0.0000000 -1.0000000 0.0000000
vn -0.9954675 -0.0868505 -0.0387483
vn -0.9794391 0.1374315 -0.1476877
vn -0.0101955 0.4356392 0.9000636
vn -0.9994945 0.0317935 -0.0000000
vn 0.0000000 -0.4902200 -0.8715987
vn -0.9954675 -0.0868505 -0.0387483
vn 0.0000000 0.3902720 -0.9206996
vn 0.0000000 -0.4902200 -0.8715987
vn -0.0000000 0.3902721 -0.9206996
vn 0.0000000 0.3902720 -0.9206996
vn 0.0000000 1.0000000 -0.0000000
vn -0.0000000 0.3902721 -0.9206996
vn -0.9994945 0.0317935 -0.0000000
vn -0.0101955 0.4356392 0.9000636
vn 0.0000000 1.0000000 -0.0000000
vn -0.9954675 -0.0868505 -0.0387483
vn 0.9241494 -0.3818774 -0.0108418
vn 0.9241494 -0.3818773 -0.0108418
vn 0.9241494 -0.3818774 -0.0108418
vn 0.9259654 -0.3774669 -0.0103327
vn 0.0000000 0.8475423 0.5307278
vn 0.0000000 0.8475423 0.5307279
vn 0.0000000 0.8475423 0.5307279
vn 0.0000000 0.8475423 0.5307279
vn 0.9036436 -0.3028591 -0.3028277
vn 0.9036436 -0.3028591 -0.3028278
vn 0.9036436 -0.3028591 -0.3028277
vn 0.9064367 -0.2978550 -0.2994241
vn 0.9036436 -0.3028591 -0.3028277
vn 0.9232565 -0.3767934 -0.0749944
vn 0.9232565 -0.3767934 -0.0749944
vn 0.9232565 -0.3767934 -0.0749944
vn 0.9240323 -0.3749879 -0.0744869
vn 0.0000000 -0.9999974 -0.0022753
vn 0.0000000 -0.9999974 -0.0022753
vn 0.0000000 -0.9999974 -0.0022753
vn 0.0000000 -0.9999974 -0.0022753
vn 0.0000000 0.8475423 0.5307278
vn 0.0000000 0.8475423 0.5307279
vn 0.3354786 0.8180106 0.4672396
vn 0.3940329 0.8046041 0.4442412
vn 0.3880197 0.8707004 0.3021947
vn 0.3855359 0.8714368 0.3032490
vn 0.3775272 0.9197790 0.1071442
vn 0.3812911 0.9183291 0.1062491
vn 0.0000000 -0.9987254 -0.0504726
vn 0.0000000 -0.9987254 -0.0504726
vn 0.9227874 0.3852054 -0.0089514
vn 0.9227874 0.3852054 -0.0089514
vn 0.9241494 -0.3818773 -0.0108418
vn 0.3787803 0.9245761 0.0410430
vn 0.3812911 0.9183291 0.1062491
vn 0.9227874 0.3852054 -0.0089514
vn 0.3787803 0.9245761 0.0410430
vn 0.3808917 0.9246190 -0.0010738
vn 0.9227874 0.3852054 -0.0089514
vn 0.0000000 -0.9922020 -0.1246403
vn 0.0000000 -0.9922020 -0.1246403
vn 0.0000000 -0.9987254 -0.0504726
vn 0.0000000 -0.9987254 -0.0504726
vn 0.0000000 -0.9922020 -0.1246403
vn 0.9232565 -0.3767934 -0.0749944
vn 0.9036436 -0.3028591 -0.3028277
vn 0.9064367 -0.2978550 -0.2994241
vn 0.9232565 -0.3767934 -0.0749944
vn 0.9232565 -0.3767934 -0.0749944
vn 0.9241494 -0.3818773 -0.0108418
vn 0.3808917 0.9246190 -0.0010738
vn 0.0000000 0.9999940 0.0034611
vn 0.0000000 0.9999940 0.0034611
vn 0.3787803 0.9245761 0.0410430
vn 0.3880197 0.8707004 0.3021947
vn 0.0000000 0.9273190 0.3742718
vn 0.0000000 0.8475423 0.5307279
vn 0.0000000 0.8475423 0.5307278
vn 0.9259654 -0.3774669 -0.0103327
vn 0.9241494 -0.3818774 -0.0108418
vn 0.0000000 -0.9999974 -0.0022753
vn 0.3787803 0.9245761 0.0410430
vn 0.0000000 0.9999940 0.0034611
vn 0.0000000 0.9986247 0.0524288
vn 0.3775272 0.9197790 0.1071442
vn 0.3940329 0.8046041 0.4442412
vn 0.3354786 0.8180106 0.4672396
vn 0.9036436 -0.3028591 -0.3028278
vn 0.9036436 -0.3028591 -0.3028277
vn 0.3775272 0.9197790 0.1071442
vn 0.0000000 0.9986247 0.0524288
vn 0.0000000 0.9273190 0.3742718
vn 0.3880197 0.8707004 0.3021947
vn 0.9241494 -0.3818773 -0.0108418
vn 0.9232565 -0.3767934 -0.0749944
vn 0.9240323 -0.3749879 -0.0744869
vn 0.0000000 -0.9987254 -0.0504726
vn 0.9232565 -0.3767934 -0.0749944
vn 0.0000000 -0.9922020 -0.1246403
vn 0.0000000 -0.9987254 -0.0504726
vn 0.3855359 0.8714368 0.3032490
vn 0.3940329 0.8046041 0.4442412
vn 0.9036436 -0.3028591 -0.3028277
vn 0.9232565 -0.3767934 -0.0749944
vn 0.3855359 0.8714368 0.3032490
vn 0.9232565 -0.3767934 -0.0749944
vn 0.9064367 -0.2978550 -0.2994241
vn 0.3727519 -0.8413304 -0.3914321
vn 0.0000000 -0.9922020 -0.1246403
vn 0.9064367 -0.2978550 -0.2994241
vn 0.9036436 -0.3028591 -0.3028277
vn 0.3942584 -0.7617915 -0.5140371
vn 0.0000000 -0.8528462 -0.5221623
vn 0.0000000 -0.8528462 -0.5221623
vn 0.3727519 -0.8413304 -0.3914321
vn 0.0000000 -0.9922020 -0.1246403
vn 0.0000000 -0.9922020 -0.1246403
vn 0.3727519 -0.8413304 -0.3914321
vn -0.0358308 0.9345044 -0.3541435
vn -0.0358308 0.9345045 -0.3541434
vn -0.0358308 0.9345045 -0.3541434
vn -0.0396129 0.9362577 -0.3490734
vn -0.0358308 0.9345044 -0.3541435
vn -0.4487108 0.8416215 -0.3005527
vn -0.4487109 0.8416214 -0.3005527
vn -0.0358308 0.9345045 -0.3541434
vn -0.0358308 0.9345044 -0.3541435
vn -0.9522953 0.1369187 -0.2727396
vn -0.9522953 0.1369187 -0.2727396
vn -0.9521955 0.1401811 -0.2714278
vn -0.4487108 0.8416215 -0.3005527
vn -0.9522953 0.1369187 -0.2727396
vn -0.6165615 0.7858397 -0.0480411
vn -0.4487109 0.8416214 -0.3005527
vn -0.4487108 0.8416215 -0.3005527
vn -0.9937657 0.1091013 -0.0229505
vn -0.9522953 0.1369187 -0.2727396
vn -0.9939039 0.1078480 -0.0228862
vn -0.9935160 0.1043209 0.0452013
vn -0.9935160 0.1043209 0.0452013
vn -0.9522953 0.1369187 -0.2727396
vn -0.6270102 0.7760972 0.0673144
vn -0.6165615 0.7858397 -0.0480411
vn -0.9522953 0.1369187 -0.2727396
vn -0.1060491 -0.9873265 -0.1180677
vn -0.1060491 -0.9873265 -0.1180677
vn -0.1060491 -0.9873265 -0.1180677
vn -0.1088029 -0.9870752 -0.1176628
vn -0.1060491 -0.9873265 -0.1180677
vn -0.1042892 -0.9718502 -0.2112604
vn -0.1042892 -0.9718502 -0.2112604
vn -0.1060491 -0.9873265 -0.1180677
vn 0.9526318 -0.1368109 0.2716164
vn 0.9526318 -0.1368109 0.2716164
vn 0.9526318 -0.1368109 0.2716164
vn 0.9521209 -0.1402500 0.2716537
vn -0.4487108 0.8416215 -0.3005527
vn -0.0358308 0.9345044 -0.3541435
vn -0.5844284 0.2659008 -0.7666421
vn -0.1075158 -0.9926979 -0.0546930
vn -0.1075158 -0.9926979 -0.0546930
vn -0.1088029 -0.9870752 -0.1176628
vn -0.1060491 -0.9873265 -0.1180677
vn 0.9938925 -0.1078526 0.0233551
vn 0.9938925 -0.1078526 0.0233551
vn 0.9526318 -0.1368109 0.2716164
vn -0.6165615 0.7858397 -0.0480411
vn -0.6270102 0.7760972 0.0673144
vn 0.1088320 0.9869491 0.1186893
vn 0.1059667 0.9872083 0.1191255
vn -0.6165615 0.7858397 -0.0480411
vn -0.4487109 0.8416214 -0.3005527
vn 0.1051932 0.9720900 0.2097032
vn -0.1042892 -0.9718502 -0.2112604
vn -0.1060491 -0.9873265 -0.1180677
vn -0.9522953 0.1369187 -0.2727396
vn -0.9521955 0.1401811 -0.2714278
vn -0.1042892 -0.9718502 -0.2112604
vn 0.0045480 -0.9197704 -0.3924305
vn -0.0075688 -0.9159367 -0.4012515
vn -0.0075688 -0.9159367 -0.4012515
vn 0.0045480 -0.9197704 -0.3924305
vn 0.2204591 -0.8806917 -0.4192611
vn 0.2243068 -0.8874975 -0.4025352
vn -0.5844284 0.2659008 -0.7666421
vn -0.0358308 0.9345044 -0.3541435
vn 0.1547861 0.4378578 -0.8856194
vn -0.5844284 0.2659008 -0.7666421
vn -0.1060491 -0.9873265 -0.1180677
vn -0.1088029 -0.9870752 -0.1176628
vn -0.9522953 0.1369187 -0.2727396
vn -0.1060491 -0.9873265 -0.1180677
vn 0.7780667 0.6281427 0.0070036
vn 0.7780667 0.6281427 0.0070036
vn 0.9938925 -0.1078526 0.0233551
vn 0.1088320 0.9869491 0.1186893
vn 0.7780667 0.6281427 0.0070036
vn 0.1059667 0.9872083 0.1191255
vn 0.9938925 -0.1078526 0.0233551
vn 0.9526318 -0.1368109 0.2716164
vn -0.1060491 -0.9873265 -0.1180677
vn -0.1060491 -0.9873265 -0.1180677
vn 0.9526318 -0.1368109 0.2716164
vn 0.9938925 -0.1078526 0.0233551
vn -0.1060491 -0.9873265 -0.1180677
vn 0.1051932 0.9720900 0.2097032
vn 0.1059667 0.9872083 0.1191255
vn 0.9526318 -0.1368109 0.2716164
vn 0.9526318 -0.1368109 0.2716164
vn -0.1060491 -0.9873265 -0.1180677
vn -0.1042892 -0.9718502 -0.2112604
vn 0.4453068 0.4307237 0.7849707
vn 0.4467040 0.3964873 0.8020308
vn 0.1051932 0.9720900 0.2097032
vn 0.4467040 0.3964873 0.8020308
vn 0.4453068 0.4307237 0.7849707
vn -0.2969792 0.2842794 0.9115858
vn -0.2863483 0.3072367 0.9075298
vn -0.9935160 0.1043209 0.0452013
vn -0.6265076 0.7761915 0.0708170
vn -0.6270102 0.7760972 0.0673144
vn -0.9937657 0.1091013 -0.0229505
vn -0.9935160 0.1043209 0.0452013
vn 0.0045480 -0.9197704 -0.3924305
vn 0.1547861 0.4378578 -0.8856194
vn 0.2204591 -0.8806917 -0.4192611
vn -0.1042892 -0.9718502 -0.2112604
vn -0.9521955 0.1401811 -0.2714278
vn 0.0045480 -0.9197704 -0.3924305
vn -0.1042892 -0.9718502 -0.2112604
vn -0.1060491 -0.9873265 -0.1180677
vn 0.6268743 -0.7758973 -0.0707958
vn -0.1075158 -0.9926979 -0.0546930
vn -0.1060491 -0.9873265 -0.1180677
vn 0.1051932 0.9720900 0.2097032
vn -0.0358308 0.9345045 -0.3541434
vn -0.4487109 0.8416214 -0.3005527
vn 0.6152912 -0.2637736 0.7428595
vn 0.4453068 0.4307237 0.7849707
vn -0.0075688 -0.9159367 -0.4012515
vn 0.6152912 -0.2637736 0.7428595
vn -0.1042892 -0.9718502 -0.2112604
vn -0.1075158 -0.9926979 -0.0546930
vn -0.9935160 0.1043209 0.0452013
vn -0.9939039 0.1078480 -0.0228862
vn -0.1088029 -0.9870752 -0.1176628
vn -0.1075158 -0.9926979 -0.0546930
vn 0.7780667 0.6281427 0.0070036
vn 0.6268743 -0.7758973 -0.0707958
vn 0.9938925 -0.1078526 0.0233551
vn 0.9938925 -0.1078526 0.0233551
vn 0.2243068 -0.8874975 -0.4025352
vn 0.0333705 -0.9374665 0.3464723
vn 0.6152912 -0.2637736 0.7428595
vn -0.0075688 -0.9159367 -0.4012515
vn -0.6265076 0.7761915 0.0708170
vn 0.7780667 0.6281427 0.0070036
vn 0.1088320 0.9869491 0.1186893
vn -0.6270102 0.7760972 0.0673144
vn -0.6265076 0.7761915 0.0708170
vn -0.0358308 0.9345045 -0.3541434
vn 0.4467040 0.3964873 0.8020308
vn -0.2863483 0.3072367 0.9075298
vn -0.0358308 0.9345045 -0.3541434
vn 0.4453068 0.4307237 0.7849707
vn 0.6152912 -0.2637736 0.7428595
vn 0.0333705 -0.9374665 0.3464723
vn -0.2969792 0.2842794 0.9115858
vn -0.0000000 -0.0000000 1.0000000
vn -0.0000000 -0.0000000 1.0000000
vn -0.0000000 -0.0000000 1.0000000
vn 0.0000000 0.0000000 1.0000000
vn -0.0000000 -0.0000000 1.0000000
vn 0.4486766 0.8785490 0.1638321
vn 0.4486766 0.8785490 0.1638321
vn 0.4486766 0.8785490 0.1638321
vn 0.4740996 0.8701783 0.1342360
vn -0.7357314 0.6339687 -0.2382918
vn -0.7357314 0.6339687 -0.2382918
vn -0.7357314 0.6339687 -0.2382918
vn -0.8136818 0.5167621 -0.2662307
vn -0.8136818 0.5167621 -0.2662307
vn -0.8136818 0.5167622 -0.2662307
vn -0.8199600 0.5150499 -0.2497781
vn -0.8136818 0.5167621 -0.2662307
vn -0.9456366 0.0237844 -0.3243542
vn -0.9456367 0.0237844 -0.3243541
vn -0.9456367 0.0237844 -0.3243542
vn -0.7357314 0.6339687 -0.2382918
vn -0.0000000 -0.0000000 1.0000000
vn -0.0000001 0.6404563 0.7679946
vn -0.0000001 0.6404563 0.7679946
vn -0.0000000 -0.0000000 1.0000000
vn -0.7718866 0.5816382 -0.2566868
vn -0.9456366 0.0237844 -0.3243542
vn -0.7718866 0.5816382 -0.2566868
vn 0.4486766 0.8785490 0.1638321
vn -0.3386659 -0.2803955 0.8981558
vn -0.3386659 -0.2803955 0.8981558
vn 0.4486766 0.8785490 0.1638321
vn 0.4486766 0.8785490 0.1638321
vn -0.8046634 0.5357888 -0.2558264
vn -0.8046634 0.5357888 -0.2558264
vn -0.8046634 0.5357889 -0.2558264
vn 0.0000001 0.9812175 -0.1929047
vn 0.0000001 0.9812175 -0.1929047
vn -0.8046634 0.5357889 -0.2558264
vn -0.0000000 0.9812175 -0.1929046
vn -0.8046634 0.5357888 -0.2558264
vn -0.7718866 0.5816382 -0.2566868
vn -0.8046634 0.5357888 -0.2558264
vn 0.0000000 -0.0000000 -1.0000000
vn 0.0000000 -0.0000000 -1.0000000
vn 0.0000000 -0.0000000 -1.0000000
vn -0.0000000 0.0000000 -1.0000000
vn -0.3386659 -0.2803955 0.8981558
vn -0.7375998 -0.6693819 -0.0887383
vn -0.7375997 -0.6693819 -0.0887383
vn -0.3386659 -0.2803955 0.8981558
vn -0.3386659 -0.2803955 0.8981558
vn -0.8046634 0.5357889 -0.2558264
vn -0.8070139 0.5316704 -0.2570121
vn -0.8070139 0.5316704 -0.2570121
vn -0.0000000 0.9812175 -0.1929046
vn 0.0000000 -0.0000000 -1.0000000
vn -0.0000000 0.0000000 -1.0000000
vn -0.0000000 0.5002346 -0.8658899
vn 0.0000000 0.5002347 -0.8658899
vn -0.8015799 0.5974783 0.0221219
vn -0.0000000 0.9812175 -0.1929046
vn -0.0000001 0.6404563 0.7679946
vn -0.0000000 -0.0000000 1.0000000
vn -0.7357314 0.6339687 -0.2382918
vn -0.7381783 -0.6689863 -0.0868916
vn -0.7381783 -0.6689863 -0.0868916
vn -0.8046634 0.5357888 -0.2558264
vn -0.7170135 -0.6964844 -0.0283020
vn 0.3508011 0.2594593 -0.8997886
vn 0.3508011 0.2594593 -0.8997886
vn 0.3508011 0.2594592 -0.8997886
vn -0.8070139 0.5316704 -0.2570121
vn 0.3508011 0.2594593 -0.8997886
vn -0.8046634 0.5357889 -0.2558264
vn -0.7170135 -0.6964844 -0.0283020
vn -0.7377844 -0.6699311 -0.0828643
vn 0.3508011 0.2594593 -0.8997886
vn -0.8070139 0.5316704 -0.2570121
vn -0.8046634 0.5357888 -0.2558264
vn -0.3439066 -0.2725246 0.8985870
vn -0.7170135 -0.6964844 -0.0283020
vn -0.3293797 -0.2774422 0.9025158
vn -0.7357314 0.6339687 -0.2382918
vn -0.0000000 0.9812175 -0.1929046
vn 0.4486766 0.8785490 0.1638321
vn -0.3386659 -0.2803955 0.8981558
vn -0.0000000 0.5002346 -0.8658899
vn -0.7170135 -0.6964844 -0.0283020
vn -0.7375997 -0.6693819 -0.0887383
vn 0.4740996 0.8701783 0.1342360
vn -0.3293797 -0.2774422 0.9025158
vn -0.7375997 -0.6693819 -0.0887383
vn -0.0000000 0.5002346 -0.8658899
vn -0.3386659 -0.2803955 0.8981558
vn -0.9456366 0.0237844 -0.3243542
vn -0.3293797 -0.2774422 0.9025158
vn 0.3508011 0.2594593 -0.8997886
vn 0.4490432 0.8776576 0.1675630
vn -0.7718866 0.5816382 -0.2566868
vn 0.3508011 0.2594592 -0.8997886
vn 0.3508011 0.2594593 -0.8997886
vn -0.7718866 0.5816382 -0.2566868
vn -0.9456366 0.0237844 -0.3243542
vn 0.3508011 0.2594592 -0.8997886
vn -0.7381783 -0.6689863 -0.0868916
vn 0.3521046 0.2648849 -0.8976961
vn -0.7718866 0.5816382 -0.2566868
vn -0.8046634 0.5357888 -0.2558264
vn -0.7381783 -0.6689863 -0.0868916
vn -0.3439066 -0.2725246 0.8985870
vn -0.3293797 -0.2774422 0.9025158
vn -0.7718866 0.5816382 -0.2566868
vn 0.3521046 0.2648849 -0.8976961
vn -0.7718866 0.5816382 -0.2566868
vn -0.3293797 -0.2774422 0.9025158
vn -0.9456366 0.0237844 -0.3243542
vn -0.9456367 0.0237844 -0.3243541
vn -0.0000000 0.0000000 -1.0000000
vn 0.0000000 -0.0000000 -1.0000000
vn -0.9456367 0.0237844 -0.3243541
vn 0.3508011 0.2594592 -0.8997886
vn -0.7357314 0.6339687 -0.2382918
vn -0.8070139 0.5316704 -0.2570121
vn -0.8070139 0.5316704 -0.2570121
vn 0.3508011 0.2594592 -0.8997886
vn -0.3386659 -0.2803955 0.8981558
vn 0.4486766 0.8785490 0.1638321
vn 0.4486766 0.8785490 0.1638321
vn -0.7375998 -0.6693819 -0.0887383
vn -0.8136818 0.5167621 -0.2662307
vn -0.8199600 0.5150499 -0.2497781
vn -0.7368512 -0.6706895 -0.0850056
vn -0.8070139 0.5316704 -0.2570121
vn -0.8136818 0.5167622 -0.2662307
vn -0.7357314 0.6339687 -0.2382918
vn -0.7368512 -0.6706895 -0.0850056
vn -0.8136818 0.5167621 -0.2662307
vn -0.8136818 0.5167621 -0.2662307
vn -0.8070139 0.5316704 -0.2570121
vn -0.7357314 0.6339687 -0.2382918
vn -0.7357314 0.6339687 -0.2382918
vn -0.7357314 0.6339687 -0.2382918
vn -0.0000000 0.9812175 -0.1929046
vn -0.7368512 -0.6706895 -0.0850056
vn -0.7357314 0.6339687 -0.2382918
vn -0.8136818 0.5167622 -0.2662307
vn -0.7357314 0.6339687 -0.2382918
vn -0.7357314 0.6339687 -0.2382918
vn -0.7375998 -0.6693819 -0.0887383
vn 0.4486766 0.8785490 0.1638321
vn 0.4740996 0.8701783 0.1342360
vn -0.7375997 -0.6693819 -0.0887383
vn -0.7375998 -0.6693819 -0.0887383
vn 0.4490432 0.8776576 0.1675630
vn -0.7377844 -0.6699311 -0.0828643
vn -0.8046634 0.5357888 -0.2558264
vn -0.7718866 0.5816382 -0.2566868
vn 0.4490432 0.8776576 0.1675630
vn -0.8046634 0.5357889 -0.2558264
vn -0.8046634 0.5357888 -0.2558264
vn -0.7381783 -0.6689863 -0.0868916
vn -0.3439066 -0.2725246 0.8985870
vn 0.3521046 0.2648849 -0.8976961
vn -0.7381783 -0.6689863 -0.0868916
vn -0.7381783 -0.6689863 -0.0868916
vn 0.4490432 0.8776576 0.1675630
vn 0.3508011 0.2594593 -0.8997886
vn 0.3508011 0.2594593 -0.8997886
vn -0.9456367 0.0237844 -0.3243542
vn 0.0000000 0.0000000 1.0000000
vn -0.0000000 -0.0000000 1.0000000
vn -0.8015799 0.5974783 0.0221219
vn -0.0000011 0.9999830 0.0058263
vn -0.0000011 0.9999830 0.0058263
vn -0.0000000 0.9812175 -0.1929046
vn 0.9417936 0.0000000 0.3361918
vn 0.9417936 0.0000000 0.3361917
vn 0.9417936 0.0000000 0.3361918
vn 0.9903902 -0.0000000 -0.1383011
vn 0.9417936 0.0000000 0.3361918
vn -0.0000011 0.9999830 0.0058263
vn -0.0000011 0.9999830 0.0058263
vn 0.9903902 -0.0000000 -0.1383011
vn 0.9903902 -0.0000000 -0.1383011
vn -0.0000011 0.9999830 0.0058263
vn -0.0000000 0.0000000 -1.0000000
vn 0.0000000 -0.0000000 -1.0000000
vn -0.0000011 0.9999830 0.0058263
vn 0.9417936 0.0000000 0.3361918
vn -0.0000000 0.9812175 -0.1929046
vn 0.9417936 0.0000000 0.3361917
vn 0.4740996 0.8701783 0.1342360
vn 0.4486766 0.8785490 0.1638321
vn -0.0000000 0.0000000 -1.0000000
vn -0.7170135 -0.6964844 -0.0283020
vn -0.8046634 0.5357889 -0.2558264
vn -0.0000000 0.5002346 -0.8658899
vn -0.0000000 0.0000000 -1.0000000
vn -0.9456366 0.0237844 -0.3243542
vn 0.4740996 0.8701783 0.1342360
vn -0.0000000 0.0000000 -1.0000000
vn 0.3508011 0.2594592 -0.8997886
vn -0.7357314 0.6339687 -0.2382918
vn -0.8070139 0.5316704 -0.2570121
vn -0.7368512 -0.6706895 -0.0850056
vn -0.0000000 0.9812175 -0.1929046
vn 0.0000001 0.9812175 -0.1929047
vn -0.0000000 0.9812175 -0.1929046
vn 0.9417936 0.0000000 0.3361918
vn 0.0000000 0.9999830 0.0058261
vn 0.0000001 0.9812175 -0.1929047
vn 0.0000000 0.9999830 0.0058269
vn 0.0000000 0.9999830 0.0058269
vn 0.0000000 0.9999830 0.0058269
vn 0.0000000 0.9999830 0.0058269
vn 0.0000000 0.9999830 0.0058269
vn -0.0000000 -0.0000000 1.0000000
vn 0.0000000 0.9999830 0.0058261
vn 0.9417936 0.0000000 0.3361918
vn 0.9417936 0.0000000 0.3361917
vn 0.0000000 -0.0000000 -1.0000000
vn 0.9903902 -0.0000000 -0.1383011
vn -0.4741002 0.8701782 0.1342344
vn -0.4741003 0.8701782 0.1342344
vn -0.4741002 0.8701782 0.1342344
vn -0.4486762 0.8785493 0.1638317
vn 0.7357333 0.6339662 -0.2382926
vn 0.7357333 0.6339662 -0.2382926
vn 0.7357333 0.6339662 -0.2382926
vn 0.8199589 0.5150504 -0.2497808
vn 0.8199589 0.5150504 -0.2497808
vn 0.8199589 0.5150504 -0.2497808
vn 0.8136823 0.5167623 -0.2662290
vn 0.8199589 0.5150504 -0.2497808
vn 0.9458087 0.0474474 -0.3212393
vn 0.7357333 0.6339662 -0.2382926
vn 0.9458087 0.0474474 -0.3212393
vn 0.9456367 0.0237844 -0.3243539
vn 0.7718870 0.5816376 -0.2566869
vn 0.7718870 0.5816376 -0.2566869
vn -0.4486762 0.8785493 0.1638317
vn -0.4741002 0.8701782 0.1342344
vn 0.3363332 -0.2811206 0.8988054
vn 0.3386685 -0.2803939 0.8981553
vn 0.8046628 0.5357895 -0.2558269
vn 0.0000001 0.9812175 -0.1929047
vn 0.8046628 0.5357895 -0.2558269
vn 0.8046628 0.5357895 -0.2558269
vn 0.7718870 0.5816376 -0.2566869
vn 0.7718870 0.5816376 -0.2566869
vn 0.3386685 -0.2803939 0.8981553
vn 0.3363332 -0.2811206 0.8988054
vn 0.7142233 -0.6994793 -0.0247737
vn 0.7375996 -0.6693821 -0.0887382
vn 0.3386685 -0.2803939 0.8981553
vn 0.0000001 0.9812175 -0.1929047
vn 0.8056560 0.5340213 -0.2563975
vn 0.8070126 0.5316725 -0.2570115
vn 0.0000000 0.9999830 0.0058269
vn -0.0000001 0.6404563 0.7679946
vn -0.0000000 -0.0000000 1.0000000
vn 0.7357333 0.6339662 -0.2382926
vn 0.7170135 -0.6964844 -0.0283020
vn 0.7170135 -0.6964844 -0.0283020
vn 0.8046628 0.5357895 -0.2558269
vn 0.7381791 -0.6689851 -0.0868939
vn -0.3622993 0.2484659 -0.8983340
vn 0.8070126 0.5316725 -0.2570115
vn -0.3622993 0.2484659 -0.8983340
vn -0.3507994 0.2594609 -0.8997888
vn -0.3622993 0.2484659 -0.8983340
vn 0.8046628 0.5357895 -0.2558269
vn 0.7170135 -0.6964844 -0.0283020
vn 0.0000001 0.9812175 -0.1929047
vn 0.7175811 -0.6959340 -0.0274447
vn 0.8046628 0.5357895 -0.2558269
vn 0.8070126 0.5316725 -0.2570115
vn -0.3622993 0.2484659 -0.8983340
vn 0.3293782 -0.2774432 0.9025161
vn 0.3293781 -0.2774432 0.9025161
vn 0.7170135 -0.6964844 -0.0283020
vn 0.7170135 -0.6964844 -0.0283020
vn 0.7357333 0.6339662 -0.2382926
vn 0.0000001 0.9812175 -0.1929047
vn -0.0000001 0.6404563 0.7679946
vn -0.4741002 0.8701782 0.1342344
vn 0.0000000 0.5002347 -0.8658899
vn 0.3363332 -0.2811206 0.8988054
vn 0.7170135 -0.6964844 -0.0283020
vn 0.3293781 -0.2774432 0.9025161
vn -0.4741003 0.8701782 0.1342344
vn 0.7142233 -0.6994793 -0.0247737
vn 0.7170135 -0.6964844 -0.0283020
vn 0.0000000 0.5002347 -0.8658899
vn -0.4741003 0.8701782 0.1342344
vn 0.9458087 0.0474474 -0.3212393
vn -0.3507994 0.2594609 -0.8997888
vn -0.3622993 0.2484659 -0.8983340
vn 0.7718870 0.5816376 -0.2566869
vn -0.4490429 0.8776578 0.1675627
vn -0.3507994 0.2594609 -0.8997888
vn 0.7718870 0.5816376 -0.2566869
vn -0.3622993 0.2484659 -0.8983340
vn 0.7381791 -0.6689851 -0.0868939
vn 0.8046628 0.5357895 -0.2558269
vn 0.7718870 0.5816376 -0.2566869
vn -0.3521063 0.2648833 -0.8976959
vn 0.7718870 0.5816376 -0.2566869
vn 0.3293781 -0.2774432 0.9025161
vn 0.3293782 -0.2774432 0.9025161
vn -0.3521063 0.2648833 -0.8976959
vn 0.7718870 0.5816376 -0.2566869
vn 0.9458087 0.0474474 -0.3212393
vn 0.3293781 -0.2774432 0.9025161
vn 0.9456367 0.0237844 -0.3243539
vn 0.0000000 -0.0000000 -1.0000000
vn 0.0000000 -0.0000000 -1.0000000
vn 0.9458087 0.0474474 -0.3212393
vn -0.3622993 0.2484659 -0.8983340
vn 0.8056560 0.5340213 -0.2563975
vn 0.7357333 0.6339662 -0.2382926
vn 0.3386685 -0.2803939 0.8981553
vn 0.7375996 -0.6693821 -0.0887382
vn -0.4741002 0.8701782 0.1342344
vn -0.4486762 0.8785493 0.1638317
vn 0.3386685 -0.2803939 0.8981553
vn 0.8199589 0.5150504 -0.2497808
vn 0.8056560 0.5340213 -0.2563975
vn 0.7166480 -0.6968021 -0.0297056
vn 0.8199589 0.5150504 -0.2497808
vn 0.7166480 -0.6968021 -0.0297056
vn 0.7357333 0.6339662 -0.2382926
vn 0.8199589 0.5150504 -0.2497808
vn 0.8199589 0.5150504 -0.2497808
vn 0.8136823 0.5167623 -0.2662290
vn 0.7357333 0.6339662 -0.2382926
vn 0.8056560 0.5340213 -0.2563975
vn 0.7357333 0.6339662 -0.2382926
vn 0.7166480 -0.6968021 -0.0297056
vn 0.0000001 0.9812175 -0.1929047
vn 0.7357333 0.6339662 -0.2382926
vn 0.7357333 0.6339662 -0.2382926
vn 0.8199589 0.5150504 -0.2497808
vn 0.7357333 0.6339662 -0.2382926
vn 0.7357333 0.6339662 -0.2382926
vn 0.8199589 0.5150504 -0.2497808
vn 0.7375996 -0.6693821 -0.0887382
vn 0.7142233 -0.6994793 -0.0247737
vn -0.4741003 0.8701782 0.1342344
vn -0.4741002 0.8701782 0.1342344
vn 0.7375996 -0.6693821 -0.0887382
vn -0.4490429 0.8776578 0.1675627
vn 0.7718870 0.5816376 -0.2566869
vn 0.8046628 0.5357895 -0.2558269
vn 0.7175811 -0.6959340 -0.0274447
vn 0.8046628 0.5357895 -0.2558269
vn 0.0000001 0.9812175 -0.1929047
vn 0.7170135 -0.6964844 -0.0283020
vn 0.7381791 -0.6689851 -0.0868939
vn -0.3521063 0.2648833 -0.8976959
vn 0.3293782 -0.2774432 0.9025161
vn 0.7170135 -0.6964844 -0.0283020
vn 0.7175811 -0.6959340 -0.0274447
vn -0.3622993 0.2484659 -0.8983340
vn -0.3507994 0.2594609 -0.8997888
vn 0.7357333 0.6339662 -0.2382926
vn -0.0000000 -0.0000000 1.0000000
vn -0.0000000 -0.0000000 1.0000000
vn 0.9458087 0.0474474 -0.3212393
vn 0.0000000 0.9999830 0.0058269
vn 0.0000001 0.9812175 -0.1929047
vn -0.0000001 0.9999830 0.0058265
vn -0.0000000 0.0000000 -1.0000000
vn 0.0000000 0.9999830 0.0058269
vn -0.9417937 -0.0000000 0.3361915
vn -0.0000001 0.9999830 0.0058265
vn 0.0000000 0.9999830 0.0058261
vn -0.0000000 -0.0000000 1.0000000
vn 0.0000000 -0.0000000 -1.0000000
vn -0.0000000 0.0000000 -1.0000000
vn -0.0000001 0.9999830 0.0058265
vn -0.9417937 -0.0000000 0.3361915
vn -0.0000001 0.9999830 0.0058265
vn 0.0000001 0.9812175 -0.1929047
vn -0.0000000 -0.0000000 1.0000000
vn 0.0000000 -0.0000000 -1.0000000
vn -0.4741003 0.8701782 0.1342344
vn 0.0000000 -0.0000000 -1.0000000
vn -0.4741002 0.8701782 0.1342344
vn 0.0000001 0.9812175 -0.1929047
vn 0.7170135 -0.6964844 -0.0283020
vn 0.0000000 0.5002347 -0.8658899
vn 0.0000001 0.9812175 -0.1929047
vn 0.0000000 -0.0000000 -1.0000000
vn -0.4741003 0.8701782 0.1342344
vn 0.9458087 0.0474474 -0.3212393
vn 0.0000000 0.5002347 -0.8658899
vn 0.0000000 -0.0000000 -1.0000000
vn -0.3622993 0.2484659 -0.8983340
vn 0.7357333 0.6339662 -0.2382926
vn 0.7357333 0.6339662 -0.2382926
vn 0.9458087 0.0474474 -0.3212393
vn 0.8056560 0.5340213 -0.2563975
vn 0.0000001 0.9812175 -0.1929047
vn 0.7166480 -0.6968021 -0.0297056
vn -0.0000001 0.6404563 0.7679946
vn 0.0000000 0.9999830 0.0058269
vn -0.8015799 0.5974783 0.0221219
vn -0.0000001 0.6404563 0.7679946
vn -0.0000001 0.6404563 0.7679946
vn 0.0000000 0.5002347 -0.8658899
vn -0.0000000 0.5002346 -0.8658899
vn -0.8046634 0.5357889 -0.2558264
vn 0.0000001 0.9812175 -0.1929047
vn 0.0000000 0.5002347 -0.8658899
vn 0.0000000 0.9983631 0.0571937
vn 0.0000000 0.9983631 0.0571937
vn 0.0000000 0.9983631 0.0571937
vn 0.0000000 0.9983631 0.0571937
vn 0.0000000 0.1667387 0.9860011
vn 0.0000000 0.1667387 0.9860011
vn 0.0000000 0.9985152 -0.0544732
vn 0.0000000 0.9985152 -0.0544732
vn 0.0000000 -0.9655006 -0.2604007
vn 0.0000000 -0.9655006 -0.2604007
vn 0.0000000 -0.9655006 -0.2604007
vn 0.0000000 -0.9655006 -0.2604007
vn 0.0000000 -0.9655006 -0.2604007
vn 0.0000000 0.1667387 0.9860011
vn 0.9400694 0.3188115 0.1209490
vn 0.0000000 0.9985152 -0.0544732
vn 0.9400694 0.3188115 0.1209490
vn 0.0000000 -0.9655006 -0.2604007
vn 0.0000000 -0.9655006 -0.2604007
vn 0.6816593 -0.6940931 -0.2314633
vn 0.0000000 -0.6075747 0.7942625
vn 0.0000000 -0.6075748 0.7942625
vn 0.0000000 0.1667387 0.9860011
vn 0.6816593 -0.6940931 -0.2314633
vn 0.0000000 -0.6075748 0.7942625
vn 0.0000000 0.9985152 -0.0544732
vn 0.0000000 -0.9655006 -0.2604007
vn 0.0000000 0.9985152 -0.0544732
vn -0.7151181 -0.6934100 0.0882538
vn 0.0000000 -0.6075747 0.7942625
vn 0.0000000 0.1667387 0.9860011
vn -0.6978575 -0.7105867 0.0897859
vn 0.0000000 -0.9655006 -0.2604007
vn -0.7151181 -0.6934100 0.0882538
vn -0.6978575 -0.7105867 0.0897859
vn 0.0000000 -0.9655006 -0.2604007
vn -0.6978575 -0.7105867 0.0897859
vn 0.9999611 0.0087709 0.0009515
vn 0.9999611 0.0087709 0.0009515
vn 0.9999611 0.0087709 0.0009515
vn 0.9999688 0.0078754 0.0006276
vn -0.9999474 -0.0102297 -0.0007741
vn -0.9999474 -0.0102297 -0.0007741
vn -0.9999474 -0.0102297 -0.0007741
vn -0.9999454 -0.0104339 -0.0005848
vn 0.0000000 0.9958603 0.0908965
vn 0.0000000 0.9958603 0.0908965
vn 0.0000000 0.9958603 0.0908965
vn 0.0000000 0.9958603 0.0908965
vn -0.0016262 0.9966058 0.0823053
vn -0.0016262 0.9966058 0.0823053
vn -0.0016262 0.9966058 0.0823053
vn -0.9921751 0.1244609 0.0099050
vn -0.9921751 0.1244609 0.0099050
vn -0.9921273 0.1248271 0.0100841
vn -0.9999454 -0.0104339 -0.0005848
vn -0.0000000 0.1418009 -0.9898952
vn -0.0000000 0.1418009 -0.9898952
vn 0.0066596 0.0935372 -0.9955935
vn -0.9999454 -0.0104339 -0.0005848
vn -0.0003008 0.5505335 -0.8348130
vn -0.9999474 -0.0102297 -0.0007741
vn -0.0016262 0.9966058 0.0823053
vn -0.0016262 0.9966058 0.0823053
vn -0.9921751 0.1244609 0.0099050
vn -0.9921751 0.1244609 0.0099050
vn -0.0002257 0.2133949 0.9769660
vn -0.0003008 0.5505335 -0.8348130
vn 0.0004095 0.9968929 0.0787680
vn -0.0000000 0.1418009 -0.9898952
vn 0.9999611 0.0087709 0.0009515
vn 0.0000000 0.9958603 0.0908965
vn -0.0004563 -0.0468706 0.9989009
vn 0.9999611 0.0087709 0.0009515
vn 0.9999611 0.0087709 0.0009515
vn -0.0003008 0.5505335 -0.8348130
vn -0.9999454 -0.0104339 -0.0005848
vn -0.9999474 -0.0102297 -0.0007741
vn 0.0000000 0.9958603 0.0908965
vn -0.0016262 0.9966058 0.0823053
vn -0.0002257 0.2133949 0.9769660
vn 0.0000000 0.9958603 0.0908965
vn 0.0004095 0.9968929 0.0787680
vn 0.0000000 0.9958603 0.0908965
vn 0.9999611 0.0087709 0.0009515
vn -0.0016262 0.9966058 0.0823053
vn 0.0000000 0.9958603 0.0908965
vn -0.0016262 0.9966058 0.0823053
vn -0.0016262 0.9966058 0.0823053
vn -0.9921751 0.1244609 0.0099050
vn -0.0016262 0.9966058 0.0823053
vn -0.0000000 0.1418009 -0.9898952
vn 0.0004095 0.9968929 0.0787680
vn 0.9999611 0.0087709 0.0009515
vn 0.0066596 0.0935372 -0.9955935
vn 0.0000000 0.9958603 0.0908965
vn 0.9999611 0.0087709 0.0009515
vn 0.0000000 0.9958603 0.0908965
vn 0.0004095 0.9968929 0.0787680
vn -0.0003008 0.5505335 -0.8348130
vn -0.0016262 0.9966058 0.0823053
vn 0.9999611 0.0087709 0.0009515
vn -0.9999454 -0.0104339 -0.0005848
vn 0.0066596 0.0935372 -0.9955935
vn 0.9999688 0.0078754 0.0006276
vn -0.9999474 -0.0102297 -0.0007741
vn 0.0066596 0.0935372 -0.9955935
vn 0.9999611 0.0087709 0.0009515
vn 0.9999688 0.0078754 0.0006276
vn -0.0016262 0.9966058 0.0823053
vn -0.0003008 0.5505335 -0.8348130
vn -0.0016262 0.9966058 0.0823053
vn -0.9999474 -0.0102297 -0.0007741
vn -0.9921273 0.1248271 0.0100841
vn 0.0000000 0.9958603 0.0908965
vn 0.0000000 0.9958603 0.0908965
vn 0.0004095 0.9968929 0.0787680
vn -0.0016262 0.9966058 0.0823053
vn 0.0000000 -0.0014447 0.9999990
vn 0.0000000 -0.0014447 0.9999990
vn 0.0000000 -0.0014447 0.9999990
vn -0.0000000 -0.0014447 0.9999990
vn -0.0000000 0.8110964 -0.5849125
vn -0.0000000 0.8110964 -0.5849125
vn -0.0000000 0.8110964 -0.5849125
vn 0.0000000 0.8110964 -0.5849125
vn 0.0000000 -0.0014299 0.9999990
vn 0.0000000 -0.0014299 0.9999990
vn 0.0000000 -0.0014299 0.9999990
vn -0.0000000 -0.0014299 0.9999990
vn 1.0000000 -0.0000000 -0.0000000
vn 1.0000000 -0.0000000 -0.0000000
vn 1.0000000 0.0000000 -0.0000000
vn -0.0000000 -0.0014447 0.9999990
vn -0.0000000 0.8110964 -0.5849125
vn -0.0000000 0.8110964 -0.5849125
vn 0.0000000 -0.0014447 0.9999990
vn 0.3805248 -0.0013223 0.9247698
vn 0.4043644 0.0062278 0.9145768
vn -0.0000000 0.8189946 -0.5738013
vn -0.0000000 0.8189946 -0.5738013
vn 1.0000000 -0.0000000 -0.0000000
vn -0.0000000 0.8189946 -0.5738013
vn 0.0000000 0.8110964 -0.5849125
vn -0.0000000 0.8110964 -0.5849125
vn 0.3805248 -0.0013223 0.9247698
vn 0.0000000 -0.0014447 0.9999990
vn -1.0000000 0.0000000 -0.0000000
vn -1.0000000 0.0000000 -0.0000000
vn 0.0000000 0.8110964 -0.5849125
vn -0.0000000 0.8189946 -0.5738013
vn 1.0000000 -0.0000000 -0.0000000
vn 1.0000000 -0.0000000 -0.0000000
vn 1.0000000 0.0000000 -0.0000000
vn -0.0000000 0.8110964 -0.5849125
vn -0.0000000 -0.0014299 0.9999990
vn -0.3805248 -0.0013223 0.9247698
vn -0.3805248 -0.0013223 0.9247698
vn -0.3805248 -0.0013223 0.9247698
vn -0.4043644 0.0062278 0.9145768
vn 0.0000000 -0.0000000 -1.0000000
vn -0.0000000 0.8189946 -0.5738013
vn 0.0000000 0.9475589 0.3195812
vn 0.0000000 0.9475589 0.3195812
vn -0.0000000 0.8110964 -0.5849125
vn 0.0000000 -0.0014299 0.9999990
vn 0.0000000 -0.0014299 0.9999990
vn -1.0000000 -0.0000001 -0.0000002
vn -1.0000000 0.0000000 -0.0000002
vn -0.0000000 0.8189946 -0.5738013
vn 0.0000000 0.9475589 0.3195812
vn -0.0000000 0.8110964 -0.5849125
vn -0.0000000 0.8110964 -0.5849125
vn 0.0000000 -0.0014447 0.9999990
vn 0.0000000 -0.0014447 0.9999990
vn 1.0000000 0.0000000 -0.0000000
vn -0.0000000 0.8189946 -0.5738013
vn 0.0000000 -0.0000000 -1.0000000
vn -0.0000000 0.8189946 -0.5738013
vn 1.0000000 0.0000000 -0.0000000
vn -0.3805248 -0.0013223 0.9247698
vn 0.0000000 -0.0014299 0.9999990
vn -0.0000000 0.8110964 -0.5849125
vn -0.0000000 -0.0014447 0.9999990
vn -0.3805248 -0.0013223 0.9247698
vn 0.0000000 -0.0014447 0.9999990
vn -0.0000000 -0.0014447 0.9999990
vn 0.3805248 -0.0013223 0.9247698
vn 1.0000000 -0.0000001 0.0000002
vn 1.0000000 -0.0000001 0.0000002
vn 1.0000000 -0.0000001 0.0000002
vn 1.0000000 0.0000000 0.0000003
vn 1.0000000 -0.0000001 0.0000002
vn 0.0000000 1.0000000 0.0000000
vn 0.0000000 1.0000000 0.0000000
vn 0.0000000 1.0000000 0.0000000
vn -0.0000000 1.0000000 -0.0000000
vn 0.0000000 1.0000000 -0.0000000
vn 1.0000000 -0.0000001 0.0000002
vn 0.0000000 1.0000000 -0.0000000
vn 0.0000000 1.0000000 0.0000000
vn -0.0000000 1.0000000 -0.0000000
vn 0.0000000 1.0000000 0.0000000
vn -0.0000000 0.3372523 -0.9414143
vn 1.0000000 -0.0000001 0.0000002
vn 0.0000000 0.3372522 -0.9414143
vn 0.0000000 1.0000000 -0.0000000
vn 1.0000000 0.0000000 0.0000003
vn 1.0000000 -0.0000001 0.0000002
vn -0.0000000 0.0000000 -1.0000000
vn -0.0000000 0.0000000 -1.0000000
vn -0.0000000 0.0000000 -1.0000000
vn 0.0000000 -0.0000000 -1.0000000
vn 0.0000000 1.0000000 0.0000000
vn 0.0000000 1.0000000 -0.0000000
vn 0.0000000 1.0000000 -0.0000000
vn 0.0000000 1.0000000 0.0000000
vn 0.0000000 0.3372522 -0.9414143
vn -0.0000000 0.0000000 -1.0000000
vn -0.0000000 0.3372523 -0.9414143
vn 1.0000000 -0.0000001 0.0000002
vn 0.0000000 1.0000000 0.0000000
vn 0.0000000 1.0000000 0.0000000
vn 0.0000000 0.0000000 1.0000000
vn 1.0000000 -0.0000001 0.0000002
vn 0.0016593 0.3352849 -0.9421153
vn 0.0000000 0.3372522 -0.9414143
vn 1.0000000 -0.0000001 0.0000002
vn 1.0000000 -0.0000001 0.0000002
vn 0.0016593 0.3352849 -0.9421153
vn 0.0000000 0.3390604 -0.9407646
vn -0.0000000 0.3390604 -0.9407646
vn 0.0016593 0.3352849 -0.9421153
vn 0.0000000 1.0000000 0.0000000
vn 1.0000000 0.0000000 0.0000003
vn 0.0000000 1.0000000 -0.0000000
vn -0.0000000 0.3390604 -0.9407646
vn -0.0000000 0.0000000 -1.0000000
vn 0.0000000 -0.0000000 -1.0000000
vn 0.0016593 0.3352849 -0.9421153
vn -0.0000000 0.0000000 -1.0000000
vn 0.0000000 0.3372522 -0.9414143
vn 0.0016593 0.3352849 -0.9421153
vn -1.0000000 0.0000000 -0.0000003
vn 0.0000000 1.0000000 -0.0000000
vn 0.0000000 0.3390604 -0.9407646
vn -0.0000000 0.0000000 -1.0000000
vn -0.0000000 0.0000000 -1.0000000
vn -0.0000000 0.3390604 -0.9407646
vn -0.0000000 0.3372523 -0.9414143
vn -0.0000000 0.0000000 -1.0000000
vn 0.0000000 0.0000000 1.0000000
vn 0.0000000 1.0000000 0.0000000
vn -0.0000000 0.3390604 -0.9407646
vn 0.0000000 0.3390604 -0.9407646
vn 0.0000000 1.0000000 -0.0000000
vn -0.0000000 0.3372523 -0.9414143
vn -0.0000000 0.3390604 -0.9407646
vn 0.0000000 1.0000000 0.0000000
vn -0.0000000 1.0000000 -0.0000000
vn 0.0000000 1.0000000 0.0000000
vn 0.0000000 0.0000000 1.0000000
vn 0.0000000 1.0000000 0.0000000
vn 0.0000000 1.0000000 -0.0000000
vn 0.0000000 0.0000000 1.0000000
vn 1.0000000 -0.0000001 0.0000002
vn 1.0000000 0.0000000 0.0000003
vn 0.0000000 1.0000000 0.0000000
vn 1.0000000 -0.0000000 -0.0000000
vn 1.0000000 -0.0000000 -0.0000000
vn 1.0000000 -0.0000000 -0.0000000
vn 1.0000000 0.0000000 0.0000000
vn 1.0000000 -0.0000000 -0.0000000
vn -1.0000000 0.0000000 -0.0000000
vn -1.0000000 0.0000000 -0.0000000
vn -1.0000000 0.0000000 -0.0000000
vn -1.0000000 -0.0000000 -0.0000000
vn -1.0000000 0.0000000 -0.0000000
vn 1.0000000 -0.0000000 -0.0000000
vn -1.0000000 -0.0000000 -0.0000000
vn 1.0000000 -0.0000000 -0.0000000
vn -1.0000000 0.0000000 -0.0000000
vn 1.0000000 -0.0000000 -0.0000000
vn 1.0000000 -0.0000000 -0.0000000
vn -1.0000000 0.0000000 -0.0000000
vn 1.0000000 0.0000000 0.0000013
vn 1.0000000 0.0000000 0.0000013
vn 1.0000000 0.0000000 0.0000013
vn 1.0000000 0.0000000 0.0000013
vn -1.0000000 0.0000000 -0.0000000
vn -1.0000000 0.0000000 -0.0000000
vn -1.0000000 0.0000000 -0.0000000
vn -1.0000000 -0.0000000 0.0000000
vn 1.0000000 0.0000000 0.0000013
vn -1.0000000 -0.0000000 0.0000000
vn -1.0000000 0.0000000 -0.0000000
vn 1.0000000 0.0000000 0.0000013
vn -1.0000000 0.0000000 -0.0000000
vn 1.0000000 0.0000000 0.0000013
vn 0.9700567 0.1915248 -0.1493595
vn 0.9700567 0.1915248 -0.1493596
vn 0.9700567 0.1915248 -0.1493595
vn 0.9739720 0.1829131 -0.1338708
vn -0.9721712 -0.2333221 0.0210683
vn -0.9721712 -0.2333221 0.0210683
vn -0.9721712 -0.2333221 0.0210683
vn -0.9745760 -0.2238820 0.0088555
vn -0.3949288 -0.8027810 0.4467369
vn -0.4611566 -0.7909406 0.4021786
vn -0.9745760 -0.2238820 0.0088555
vn -0.9745760 -0.2238820 0.0088555
vn -0.9753525 -0.1577973 0.1542320
vn -0.9753525 -0.1577973 0.1542320
vn -0.9721712 -0.2333221 0.0210683
vn -0.9745760 -0.2238820 0.0088555
vn -0.8710066 0.3825674 -0.3082039
vn -0.8710066 0.3825674 -0.3082039
vn -0.9721712 -0.2333221 0.0210683
vn 0.5767179 0.0246934 -0.8165701
vn 0.5767179 0.0246934 -0.8165701
vn 0.5767179 0.0246934 -0.8165701
vn 0.9700567 0.1915248 -0.1493596
vn 0.5437713 0.3610280 -0.7576091
vn 0.5767179 0.0246934 -0.8165701
vn 0.9700567 0.1915248 -0.1493596
vn 0.9700567 0.1915248 -0.1493595
vn 0.9700567 0.1915248 -0.1493595
vn 0.8161925 0.0401733 0.5763817
vn 0.8161925 0.0401733 0.5763817
vn 0.8124643 0.0362269 0.5818843
vn 0.9700567 0.1915248 -0.1493595
vn -0.9753525 -0.1577973 0.1542320
vn -0.9843672 -0.0474949 0.1696038
vn -0.9843672 -0.0474949 0.1696038
vn -0.9753525 -0.1577973 0.1542320
vn -0.9753525 -0.1577973 0.1542320
vn -0.4611566 -0.7909406 0.4021786
vn 0.2384301 -0.8183874 0.5228701
vn 0.2385206 -0.8183470 0.5228921
vn 0.5437713 0.3610280 -0.7576091
vn -0.3043783 0.8240534 -0.4777969
vn -0.8710066 0.3825674 -0.3082039
vn -0.8710066 0.3825674 -0.3082039
vn -0.9753525 -0.1577973 0.1542320
vn -0.5757543 -0.0320097 0.8169959
vn -0.5766001 -0.0325744 0.8163769
vn 0.2384301 -0.8183874 0.5228701
vn 0.8752726 -0.3500978 0.3336607
vn 0.9739720 0.1829131 -0.1338708
vn -0.1695327 -0.0109535 -0.9854637
vn -0.1695327 -0.0109535 -0.9854637
vn 0.5767179 0.0246934 -0.8165701
vn 0.5767179 0.0246934 -0.8165701
vn -0.1695327 -0.0109535 -0.9854637
vn -0.9753525 -0.1577973 0.1542320
vn -0.9745760 -0.2238820 0.0088555
vn -0.4611566 -0.7909406 0.4021786
vn -0.5757543 -0.0320097 0.8169959
vn 0.9700567 0.1915248 -0.1493595
vn 0.4743368 0.8322512 -0.2869888
vn -0.3043783 0.8240534 -0.4777969
vn 0.5437713 0.3610280 -0.7576091
vn -0.8710066 0.3825674 -0.3082039
vn -0.1695327 -0.0109535 -0.9854637
vn 0.5767179 0.0246934 -0.8165701
vn 0.5437713 0.3610280 -0.7576091
vn 0.5767179 0.0246934 -0.8165701
vn 0.8161925 0.0401733 0.5763817
vn 0.9700567 0.1915248 -0.1493595
vn 0.9739720 0.1829131 -0.1338708
vn 0.4743368 0.8322512 -0.2869888
vn -0.9753525 -0.1577973 0.1542320
vn -0.1695327 -0.0109535 -0.9854637
vn -0.9753525 -0.1577973 0.1542320
vn -0.9843672 -0.0474949 0.1696038
vn -0.1695327 -0.0109535 -0.9854637
vn -0.1695327 -0.0109535 -0.9854637
vn 0.9739720 0.1829131 -0.1338708
vn 0.9700567 0.1915248 -0.1493595
vn 0.8124643 0.0362269 0.5818843
vn 0.9739720 0.1829131 -0.1338708
vn -0.5757543 -0.0320097 0.8169959
vn 0.8161925 0.0401733 0.5763817
vn -0.5766001 -0.0325744 0.8163769
vn 0.8124643 0.0362269 0.5818843
vn 1.0000000 0.0000000 -0.0000000
vn 1.0000000 0.0000000 -0.0000000
vn 1.0000000 0.0000000 -0.0000000
vn 1.0000000 0.0000000 -0.0000000
vn -1.0000000 0.0000000 -0.0000000
vn -1.0000000 0.0000000 -0.0000000
vn -1.0000000 0.0000000 -0.0000000
vn -1.0000000 0.0000000 -0.0000000
vn -1.0000000 0.0000000 -0.0000000
vn 1.0000000 0.0000000 -0.0000000
vn 1.0000000 0.0000000 -0.0000000
vn 1.0000000 0.0000000 -0.0000000
vn 1.0000000 0.0000000 -0.0000000
vn 1.0000000 0.0000000 -0.0000000
vn -1.0000000 0.0000000 -0.0000000
vn -1.0000000 0.0000000 -0.0000000
vn -1.0000000 0.0000000 -0.0000000
vn -1.0000000 0.0000000 -0.0000000
vn -1.0000000 0.0000000 -0.0000000
vn -1.0000000 0.0000000 -0.0000000
vn 1.0000000 0.0000000 -0.0000000
vn -1.0000000 0.0000000 -0.0000000
vn 1.0000000 0.0000000 -0.0000000
vn 0.0358307 0.9345044 -0.3541436
vn 0.0358307 0.9345044 -0.3541436
vn 0.0358307 0.9345044 -0.3541435
vn 0.0396138 0.9362581 -0.3490723
vn 0.0358307 0.9345044 -0.3541436
vn 0.4487116 0.8416206 -0.3005541
vn 0.4487116 0.8416206 -0.3005541
vn 0.9522952 0.1369216 -0.2727385
vn 0.9522952 0.1369216 -0.2727386
vn 0.9521955 0.1401795 -0.2714285
vn 0.6165621 0.7858392 -0.0480410
vn 0.9522952 0.1369216 -0.2727385
vn 0.4487116 0.8416206 -0.3005541
vn 0.9937655 0.1091033 -0.0229499
vn 0.9939039 0.1078481 -0.0228855
vn 0.9522952 0.1369216 -0.2727386
vn 0.9937655 0.1091033 -0.0229499
vn 0.9935157 0.1043230 0.0452020
vn 0.9935157 0.1043230 0.0452020
vn 0.6270095 0.7760978 0.0673147
vn 0.9522952 0.1369216 -0.2727385
vn 0.1060486 -0.9873266 -0.1180677
vn 0.1060485 -0.9873266 -0.1180677
vn 0.1060486 -0.9873266 -0.1180677
vn 0.1088028 -0.9870752 -0.1176627
vn 0.1042891 -0.9718502 -0.2112603
vn 0.1042891 -0.9718502 -0.2112603
vn 0.1060485 -0.9873266 -0.1180677
vn -0.9526324 -0.1368069 0.2716162
vn -0.9526324 -0.1368069 0.2716162
vn -0.9526324 -0.1368069 0.2716162
vn -0.9521207 -0.1402519 0.2716535
vn 0.4487116 0.8416206 -0.3005541
vn 0.9521955 0.1401795 -0.2714285
vn 0.5844279 0.2658986 -0.7666433
vn 0.1088028 -0.9870752 -0.1176627
vn 0.1075157 -0.9926979 -0.0546930
vn 0.1075157 -0.9926979 -0.0546930
vn 0.1060486 -0.9873266 -0.1180677
vn -0.9526324 -0.1368069 0.2716162
vn -0.9938924 -0.1078536 0.0233548
vn -0.9938924 -0.1078536 0.0233548
vn -0.1088323 0.9869490 0.1186892
vn -0.1059665 0.9872083 0.1191256
vn 0.4487116 0.8416206 -0.3005541
vn -0.1051931 0.9720900 0.2097030
vn -0.1059665 0.9872083 0.1191256
vn 0.9522952 0.1369216 -0.2727386
vn 0.1060486 -0.9873266 -0.1180677
vn 0.1042891 -0.9718502 -0.2112603
vn 0.9521955 0.1401795 -0.2714285
vn 0.9522952 0.1369216 -0.2727386
vn -0.0045479 -0.9197704 -0.3924304
vn 0.1042891 -0.9718502 -0.2112603
vn 0.0075671 -0.9159372 -0.4012503
vn -0.2204588 -0.8806926 -0.4192594
vn -0.0045479 -0.9197704 -0.3924304
vn 0.0075671 -0.9159372 -0.4012503
vn -0.2243064 -0.8874983 -0.4025337
vn 0.0396138 0.9362581 -0.3490723
vn 0.5844279 0.2658986 -0.7666433
vn -0.1547858 0.4378547 -0.8856210
vn 0.9939039 0.1078481 -0.0228855
vn 0.9522952 0.1369216 -0.2727386
vn -0.9938924 -0.1078536 0.0233548
vn -0.7780657 0.6281439 0.0070037
vn -0.7780657 0.6281439 0.0070037
vn -0.1088323 0.9869490 0.1186892
vn -0.9938924 -0.1078536 0.0233548
vn -0.1059665 0.9872083 0.1191256
vn -0.9526324 -0.1368069 0.2716162
vn -0.9938924 -0.1078536 0.0233548
vn -0.9526324 -0.1368069 0.2716162
vn 0.1060485 -0.9873266 -0.1180677
vn 0.1060486 -0.9873266 -0.1180677
vn -0.9938924 -0.1078536 0.0233548
vn -0.9526324 -0.1368069 0.2716162
vn -0.9526324 -0.1368069 0.2716162
vn -0.1051931 0.9720900 0.2097030
vn -0.9521207 -0.1402519 0.2716535
vn -0.9526324 -0.1368069 0.2716162
vn -0.9526324 -0.1368069 0.2716162
vn 0.1042891 -0.9718502 -0.2112603
vn -0.4453065 0.4307250 0.7849701
vn -0.4467039 0.3964841 0.8020324
vn -0.4453065 0.4307250 0.7849701
vn 0.2969793 0.2842762 0.9115867
vn -0.4453065 0.4307250 0.7849701
vn -0.4467039 0.3964841 0.8020324
vn 0.2863465 0.3072378 0.9075300
vn 0.6265081 0.7761911 0.0708172
vn 0.9935157 0.1043230 0.0452020
vn 0.9937655 0.1091033 -0.0229499
vn 0.6270095 0.7760978 0.0673147
vn -0.1547858 0.4378547 -0.8856210
vn 0.5844279 0.2658986 -0.7666433
vn -0.0045479 -0.9197704 -0.3924304
vn -0.2204588 -0.8806926 -0.4192594
vn 0.5844279 0.2658986 -0.7666433
vn 0.9521955 0.1401795 -0.2714285
vn 0.1042891 -0.9718502 -0.2112603
vn -0.0045479 -0.9197704 -0.3924304
vn -0.6268726 -0.7758986 -0.0707959
vn -0.9938924 -0.1078536 0.0233548
vn 0.1060486 -0.9873266 -0.1180677
vn -0.1051931 0.9720900 0.2097030
vn 0.4487116 0.8416206 -0.3005541
vn 0.0358307 0.9345044 -0.3541436
vn -0.6152912 -0.2637748 0.7428591
vn -0.9526324 -0.1368069 0.2716162
vn -0.9521207 -0.1402519 0.2716535
vn -0.4453065 0.4307250 0.7849701
vn -0.6152912 -0.2637748 0.7428591
vn 0.0075671 -0.9159372 -0.4012503
vn 0.1042891 -0.9718502 -0.2112603
vn 0.9939039 0.1078481 -0.0228855
vn 0.9935157 0.1043230 0.0452020
vn -0.9938924 -0.1078536 0.0233548
vn -0.6268726 -0.7758986 -0.0707959
vn -0.7780657 0.6281439 0.0070037
vn -0.9938924 -0.1078536 0.0233548
vn -0.9938924 -0.1078536 0.0233548
vn -0.6152912 -0.2637748 0.7428591
vn -0.0333701 -0.9374660 0.3464735
vn -0.2243064 -0.8874983 -0.4025337
vn 0.0075671 -0.9159372 -0.4012503
vn -0.6152912 -0.2637748 0.7428591
vn -0.1088323 0.9869490 0.1186892
vn -0.7780657 0.6281439 0.0070037
vn 0.6265081 0.7761911 0.0708172
vn 0.6270095 0.7760978 0.0673147
vn -0.1088323 0.9869490 0.1186892
vn 0.2863465 0.3072378 0.9075300
vn -0.4467039 0.3964841 0.8020324
vn 0.0358307 0.9345044 -0.3541436
vn 0.0358307 0.9345044 -0.3541436
vn -0.6152912 -0.2637748 0.7428591
vn -0.4453065 0.4307250 0.7849701
vn 0.2969793 0.2842762 0.9115867
vn 0.9243070 -0.3807625 -0.0260094
vn 0.9243070 -0.3807625 -0.0260094
vn 0.9243070 -0.3807625 -0.0260094
vn 0.9284696 -0.3705824 -0.0247568
vn 0.0000000 0.9411372 0.3380249
vn 0.0000000 0.9411372 0.3380249
vn 0.0000000 0.9411372 0.3380249
vn 0.0000000 0.9411372 0.3380248
vn 0.9107580 -0.3572345 -0.2071313
vn 0.9107580 -0.3572345 -0.2071313
vn 0.9107580 -0.3572345 -0.2071313
vn 0.9189626 -0.3402669 -0.1993141
vn 0.9107580 -0.3572345 -0.2071313
vn 0.9213762 -0.3569062 -0.1538954
vn 0.9213762 -0.3569063 -0.1538954
vn 0.9213762 -0.3569063 -0.1538954
vn 0.9195602 -0.3609449 -0.1553311
vn 0.0000000 -0.9996552 -0.0262586
vn 0.0000000 -0.9996552 -0.0262586
vn 0.0000000 -0.9996552 -0.0262586
vn 0.0000000 -0.9996552 -0.0262586
vn 0.0000000 -0.9996552 -0.0262586
vn 0.0000000 0.9411372 0.3380249
vn 0.3310100 0.8980498 0.2897221
vn 0.3854189 0.8822293 0.2704141
vn 0.0000000 0.9411372 0.3380249
vn 0.3880889 0.8701580 0.3036644
vn 0.3854189 0.8822293 0.2704141
vn 0.3855343 0.8709286 0.3047075
vn 0.3880889 0.8701580 0.3036644
vn 0.3815307 0.9093228 0.1660311
vn 0.3855343 0.8709286 0.3047075
vn 0.3821576 0.9090966 0.1658281
vn 0.3815307 0.9093228 0.1660311
vn 0.0000000 -0.9969554 -0.0779743
vn 0.0000000 -0.9969554 -0.0779743
vn 0.0000000 -0.9996552 -0.0262586
vn 0.0000000 -0.9996552 -0.0262586
vn 0.0000000 -0.9969554 -0.0779743
vn 0.9229507 0.3848915 -0.0045310
vn 0.9229507 0.3848915 -0.0045310
vn 0.9243070 -0.3807625 -0.0260094
vn 0.9243070 -0.3807625 -0.0260094
vn 0.3795449 0.9234173 0.0569751
vn 0.3815307 0.9093228 0.1660311
vn 0.3821576 0.9090966 0.1658281
vn 0.9229507 0.3848915 -0.0045310
vn 0.3813304 0.9241940 0.0212740
vn 0.0000000 -0.9772106 -0.2122719
vn 0.0000000 -0.9772106 -0.2122719
vn 0.0000000 -0.9969554 -0.0779743
vn 0.0000000 -0.9969554 -0.0779743
vn 0.0000000 -0.9772106 -0.2122719
vn 0.9213762 -0.3569063 -0.1538954
vn 0.9107580 -0.3572345 -0.2071313
vn 0.9189626 -0.3402669 -0.1993141
vn 0.9229507 0.3848915 -0.0045310
vn 0.3821576 0.9090966 0.1658281
vn 0.9213762 -0.3569062 -0.1538954
vn 0.9243070 -0.3807625 -0.0260094
vn 0.9229507 0.3848915 -0.0045310
vn 0.0000000 0.9995431 0.0302242
vn 0.0000000 0.9995431 0.0302242
vn 0.3795449 0.9234173 0.0569751
vn 0.3880889 0.8701580 0.3036644
vn 0.0000000 0.9276004 0.3735740
vn 0.0000000 0.9411372 0.3380249
vn 0.0000000 0.9411372 0.3380249
vn 0.9284696 -0.3705824 -0.0247568
vn 0.9243070 -0.3807625 -0.0260094
vn 0.0000000 -0.9996552 -0.0262586
vn 0.0000000 -0.9996552 -0.0262586
vn 0.9284696 -0.3705824 -0.0247568
vn 0.0000000 0.9995431 0.0302242
vn 0.0000000 0.9968660 0.0791081
vn 0.3815307 0.9093228 0.1660311
vn 0.3854189 0.8822293 0.2704141
vn 0.3310100 0.8980498 0.2897221
vn 0.9107580 -0.3572345 -0.2071313
vn 0.9107580 -0.3572345 -0.2071313
vn 0.3854189 0.8822293 0.2704141
vn 0.0000000 0.9276004 0.3735740
vn 0.3880889 0.8701580 0.3036644
vn 0.3815307 0.9093228 0.1660311
vn 0.9243070 -0.3807625 -0.0260094
vn 0.9213762 -0.3569062 -0.1538954
vn 0.9195602 -0.3609449 -0.1553311
vn 0.9243070 -0.3807625 -0.0260094
vn 0.0000000 -0.9969554 -0.0779743
vn 0.0000000 -0.9996552 -0.0262586
vn 0.9243070 -0.3807625 -0.0260094
vn 0.0000000 -0.9772106 -0.2122719
vn 0.3854189 0.8822293 0.2704141
vn 0.9107580 -0.3572345 -0.2071313
vn 0.9213762 -0.3569063 -0.1538954
vn 0.3821576 0.9090966 0.1658281
vn 0.9213762 -0.3569062 -0.1538954
vn 0.9189626 -0.3402669 -0.1993141
vn 0.3729712 -0.8426211 -0.3884354
vn 0.0000000 -0.9772106 -0.2122719
vn 0.9189626 -0.3402669 -0.1993141
vn 0.9107580 -0.3572345 -0.2071313
vn 0.3932777 -0.8612199 -0.3219208
vn 0.0000000 -0.9487097 -0.3161485
vn 0.0000000 -0.9487097 -0.3161485
vn 0.0000000 -0.9772106 -0.2122719
vn 0.0000000 -0.9772106 -0.2122719
vn 0.9241800 -0.3817798 -0.0116383
vn 0.9241800 -0.3817798 -0.0116383
vn 0.9241800 -0.3817798 -0.0116383
vn 0.9261060 -0.3771013 -0.0110583
vn 0.0000000 0.8848919 0.4657964
vn 0.0000000 0.8848919 0.4657964
vn 0.0000000 0.8848919 0.4657964
vn 0.0000000 0.8848919 0.4657965
vn 0.9106864 -0.3558725 -0.2097736
vn 0.9106865 -0.3558724 -0.2097736
vn 0.9106865 -0.3558724 -0.2097737
vn 0.9189288 -0.3401261 -0.1997098
vn 0.9233558 -0.3739747 -0.0869316
vn 0.9233558 -0.3739747 -0.0869316
vn 0.9233558 -0.3739746 -0.0869316
vn 0.9237760 -0.3730067 -0.0866257
vn 0.0000000 -0.9999970 -0.0024317
vn 0.0000000 -0.9999970 -0.0024317
vn 0.0000000 -0.9999970 -0.0024317
vn 0.0000000 -0.9999970 -0.0024317
vn 0.0000000 0.8848919 0.4657965
vn 0.3356131 0.8383313 0.4296097
vn 0.3934884 0.8218703 0.4119418
vn 0.0000000 0.8848919 0.4657964
vn 0.3903988 0.8563010 0.3381382
vn 0.3852807 0.8575560 0.3408174
vn 0.3796431 0.9151688 0.1354148
vn 0.3819231 0.9143040 0.1348438
vn 0.0000000 -0.9987255 -0.0504720
vn 0.0000000 -0.9987255 -0.0504720
vn 0.9227815 0.3852027 -0.0096501
vn 0.9227815 0.3852027 -0.0096501
vn 0.9241800 -0.3817798 -0.0116383
vn 0.3788246 0.9245579 0.0410434
vn 0.3796431 0.9151688 0.1354148
vn 0.3819231 0.9143040 0.1348438
vn 0.9227815 0.3852027 -0.0096501
vn 0.3788246 0.9245579 0.0410434
vn 0.3808896 0.9246198 -0.0011587
vn 0.9227815 0.3852027 -0.0096501
vn 0.0000000 -0.9876733 -0.1565294
vn 0.0000000 -0.9876733 -0.1565294
vn 0.0000000 -0.9987255 -0.0504720
vn 0.9233558 -0.3739747 -0.0869316
vn 0.9106864 -0.3558725 -0.2097736
vn 0.9189288 -0.3401261 -0.1997098
vn 0.9233558 -0.3739746 -0.0869316
vn 0.9233558 -0.3739747 -0.0869316
vn 0.3819231 0.9143040 0.1348438
vn 0.9233558 -0.3739747 -0.0869316
vn 0.9241800 -0.3817798 -0.0116383
vn 0.3808896 0.9246198 -0.0011587
vn 0.0000000 0.9999930 0.0037351
vn 0.0000000 0.9999930 0.0037351
vn 0.3788246 0.9245579 0.0410434
vn 0.3808896 0.9246198 -0.0011587
vn 0.3903988 0.8563010 0.3381382
vn 0.0000000 0.8940019 0.4480633
vn 0.0000000 0.8848919 0.4657964
vn 0.9261060 -0.3771013 -0.0110583
vn 0.9241800 -0.3817798 -0.0116383
vn 0.0000000 -0.9999970 -0.0024317
vn 0.0000000 -0.9999970 -0.0024317
vn 0.3788246 0.9245579 0.0410434
vn 0.0000000 0.9999930 0.0037351
vn 0.0000000 0.9986247 0.0524284
vn 0.3796431 0.9151688 0.1354148
vn 0.3788246 0.9245579 0.0410434
vn 0.3934884 0.8218703 0.4119418
vn 0.3356131 0.8383313 0.4296097
vn 0.9106865 -0.3558724 -0.2097736
vn 0.3934884 0.8218703 0.4119418
vn 0.3796431 0.9151688 0.1354148
vn 0.9241800 -0.3817798 -0.0116383
vn 0.9233558 -0.3739747 -0.0869316
vn 0.9237760 -0.3730067 -0.0866257
vn 0.9241800 -0.3817798 -0.0116383
vn 0.0000000 -0.9999970 -0.0024317
vn 0.9233558 -0.3739746 -0.0869316
vn 0.0000000 -0.9876733 -0.1565294
vn 0.3852807 0.8575560 0.3408174
vn 0.9233558 -0.3739747 -0.0869316
vn 0.3819231 0.9143040 0.1348438
vn 0.3852807 0.8575560 0.3408174
vn 0.9233558 -0.3739747 -0.0869316
vn 0.3819231 0.9143040 0.1348438
vn 0.9233558 -0.3739746 -0.0869316
vn 0.9189288 -0.3401261 -0.1997098
vn 0.3622986 -0.7922749 -0.4909585
vn 0.9233558 -0.3739746 -0.0869316
vn 0.3960819 -0.8146465 -0.4236393
vn 0.3622986 -0.7922749 -0.4909585
vn 0.0000000 -0.8910198 -0.4539644
vn 0.0000000 -0.8910198 -0.4539644
vn 0.3960819 -0.8146465 -0.4236393
vn 0.3622986 -0.7922749 -0.4909585
vn 0.0000000 -0.9876733 -0.1565294
vn 0.0784891 0.4377401 -0.8956691
vn 0.0784891 0.4377401 -0.8956691
vn 0.0784891 0.4377401 -0.8956690
vn 0.0784943 0.4377447 -0.8956664
vn 0.0785262 0.4377555 -0.8956583
vn 0.0785093 0.4377561 -0.8956595
vn 0.0785092 0.4377561 -0.8956595
vn 0.0784891 0.4377401 -0.8956691
vn 0.0785104 0.4377549 -0.8956600
vn 0.0784943 0.4377447 -0.8956664
vn 0.3893707 -0.7582244 -0.5229591
vn 0.3893707 -0.7582244 -0.5229591
vn 0.0785262 0.4377555 -0.8956583
vn 0.0784943 0.4377447 -0.8956664
vn 0.3893707 -0.7582244 -0.5229591
vn -0.3621679 -0.7283537 -0.5816659
vn 0.0785093 0.4377561 -0.8956595
vn 0.0784891 0.4377401 -0.8956690
vn 0.9216086 -0.2995513 -0.2467925
vn 0.0784943 0.4377447 -0.8956664
vn 0.0784891 0.4377401 -0.8956690
vn -0.3621679 -0.7283537 -0.5816659
vn -0.8923018 -0.2287712 -0.3891801
vn 0.0785092 0.4377561 -0.8956595
vn 0.0785093 0.4377561 -0.8956595
vn 0.0784891 0.4377401 -0.8956691
vn 0.9216091 0.3787604 0.0847188
vn 0.9216086 -0.2995513 -0.2467925
vn 0.0784891 0.4377401 -0.8956690
vn 0.0784891 0.4377401 -0.8956691
vn 0.0785092 0.4377561 -0.8956595
vn -0.8923003 0.4476248 -0.0585851
vn 0.0785104 0.4377549 -0.8956600
vn 0.0784891 0.4377401 -0.8956691
vn 0.3893689 0.8784541 0.2769661
vn 0.0784891 0.4377401 -0.8956691
vn 0.0784891 0.4377401 -0.8956691
vn -0.8923003 0.4476248 -0.0585851
vn -0.0000000 1.0000000 -0.0000000
vn -0.0000000 1.0000000 -0.0000000
vn -0.0000000 1.0000000 -0.0000000
vn 0.0000000 1.0000000 0.0000000
vn 1.0000000 0.0000000 0.0000000
vn 1.0000000 0.0000000 0.0000000
vn 1.0000000 0.0000000 0.0000000
vn -1.0000000 0.0000000 -0.0000000
vn -1.0000000 0.0000000 -0.0000000
vn -1.0000000 0.0000000 -0.0000000
vn -1.0000000 0.0000000 -0.0000000
vn -1.0000000 0.0000000 -0.0000000
vn -0.0000000 1.0000000 -0.0000000
vn -0.0000000 1.0000000 -0.0000000
vn -1.0000000 0.0000000 -0.0000000
vn 1.0000000 0.0000000 0.0000000
vn 1.0000000 0.0000000 0.0000000
vn 0.0000000 1.0000000 0.0000000
vn 1.0000000 0.0000000 0.0000000
vn 0.0000000 -0.5215691 0.8532090
vn 0.0000000 -0.5215691 0.8532090
vn 0.0000000 -0.5215691 0.8532090
vn -0.0000000 -0.5215691 0.8532090
vn 0.0000000 -0.5215691 0.8532090
vn 1.0000000 0.0000001 0.0000002
vn 1.0000000 0.0000001 0.0000002
vn 1.0000000 0.0000001 0.0000002
vn -0.0000000 -0.5419294 0.8404240
vn -0.0000000 -0.5419294 0.8404240
vn -0.0000000 -0.5419294 0.8404240
vn 0.0000000 -0.5215691 0.8532090
vn -0.9999989 -0.0014528 -0.0000121
vn -0.9999989 -0.0014528 -0.0000121
vn -0.9999989 -0.0014528 -0.0000121
vn -0.9999997 -0.0005785 -0.0004930
vn -0.9999989 -0.0014528 -0.0000121
vn 0.0000000 -0.5215691 0.8532090
vn -0.0000000 -0.5419294 0.8404240
vn -0.9999989 -0.0014528 -0.0000121
vn -0.0000000 -1.0000000 -0.0000000
vn -0.0000000 -1.0000000 -0.0000000
vn -0.0000000 -0.5215691 0.8532090
vn 0.0000000 -0.5215691 0.8532090
vn 0.9239052 0.3826210 -0.0005404
vn 0.9239052 0.3826210 -0.0005404
vn 0.9239052 0.3826210 -0.0005404
vn 0.9353151 0.3538156 0.0004330
vn 0.9239052 0.3826210 -0.0005404
vn -0.0000000 -0.5419294 0.8404240
vn -0.0000000 -0.9943622 0.1060369
vn -0.0000000 -0.9943622 0.1060369
vn -0.0000000 -0.5419294 0.8404240
vn -0.9999989 -0.0014528 -0.0000121
vn -0.0000000 -1.0000000 -0.0000000
vn 0.0000000 -0.5215691 0.8532090
vn 0.0000000 -0.5215691 0.8532090
vn 1.0000000 0.0000001 0.0000002
vn 0.0000000 -0.9999957 0.0029397
vn -0.0000000 -0.5419294 0.8404240
vn -0.0000000 -0.9999957 0.0029397
vn 1.0000000 0.0000001 0.0000002
vn 0.0000000 -0.9755702 -0.2196880
vn 0.0000000 -0.9755702 -0.2196880
vn -0.0000000 -0.9943622 0.1060369
vn 0.0000000 -0.9755702 -0.2196880
vn -0.9999986 -0.0016060 -0.0003604
vn -0.9999986 -0.0016060 -0.0003604
vn -0.9999986 -0.0016060 -0.0003604
vn 0.9999986 -0.0016061 -0.0003601
vn 0.9999986 -0.0016061 -0.0003601
vn 0.9239052 0.3826210 -0.0005404
vn 0.5121409 -0.8379187 -0.1886903
vn 0.5121408 -0.8379187 -0.1886903
vn 0.9999986 -0.0016061 -0.0003601
vn -0.0000000 -1.0000000 -0.0000000
vn 0.0000000 -1.0000000 0.0000000
vn 0.0000000 -1.0000000 0.0000000
vn -0.0000000 -1.0000000 -0.0000000
vn -0.0000000 1.0000000 -0.0000000
vn -0.0000000 1.0000000 -0.0000000
vn 0.9239052 0.3826210 -0.0005404
vn -0.0000000 0.5000120 -0.8660185
vn -0.0000000 0.5000120 -0.8660185
vn -0.0000000 0.5000120 -0.8660185
vn 0.0000000 0.5000121 -0.8660184
vn -0.0000000 0.5000120 -0.8660185
vn 0.0000000 -0.5215691 0.8532090
vn 0.0000000 -0.5215691 0.8532090
vn -0.0000000 -0.9999957 0.0029397
vn -0.0000000 -0.5419294 0.8404240
vn 0.0000000 -0.9999957 0.0029397
vn -0.0000000 -0.9943622 0.1060369
vn -0.0000000 -0.5419294 0.8404240
vn -0.0000000 -0.5419294 0.8404240
vn 0.0000000 -1.0000000 0.0000000
vn -0.0000000 -1.0000000 -0.0000000
vn -0.9999989 -0.0014528 -0.0000121
vn -0.9999989 -0.0014528 -0.0000121
vn -0.0000000 1.0000000 -0.0000000
vn -0.0000000 1.0000000 -0.0000000
vn -0.9999997 -0.0005785 -0.0004930
vn -0.9999986 -0.0016060 -0.0003604
vn 0.0000030 0.5064987 -0.8622407
vn 0.0000030 0.5064987 -0.8622407
vn 0.9239052 0.3826210 -0.0005404
vn 0.0000000 -0.5215691 0.8532090
vn 0.8059204 -0.3102812 0.5042003
vn 0.8059203 -0.3102812 0.5042003
vn 0.7858403 -0.3225584 0.5276468
vn 0.0000000 -0.5215691 0.8532090
vn 0.0000030 0.5064987 -0.8622407
vn 0.9239052 0.3826210 -0.0005404
vn 0.8059203 -0.3102812 0.5042003
vn -0.0000000 -0.9999957 0.0029397
vn 0.0000000 -0.5215691 0.8532090
vn 0.7858403 -0.3225584 0.5276468
vn 0.0000000 -0.5419295 0.8404240
vn 0.0000000 -1.0000000 0.0000000
vn -0.0000000 -1.0000000 -0.0000000
vn -0.0000000 1.0000000 -0.0000000
vn -0.0038591 0.5040623 -0.8636587
vn -0.9999997 -0.0005785 -0.0004930
vn -0.0043555 0.5060755 -0.8624782
vn 0.9999986 -0.0016061 -0.0003601
vn 0.5121408 -0.8379187 -0.1886903
vn 0.7858403 -0.3225584 0.5276468
vn 0.8059203 -0.3102812 0.5042003
vn 0.0000000 -0.5215691 0.8532090
vn -0.0000000 -0.5215691 0.8532090
vn -0.0000000 -1.0000000 -0.0000000
vn 0.0000000 -0.5419295 0.8404240
vn 0.5121408 -0.8379187 -0.1886903
vn 1.0000000 0.0000001 0.0000002
vn 0.0000000 -1.0000000 0.0000000
vn 0.0000000 -1.0000000 0.0000000
vn -0.9999989 -0.0014528 -0.0000121
vn 0.0000030 0.5064987 -0.8622407
vn 0.0000000 -1.0000000 0.0000000
vn 0.0000000 -0.9755702 -0.2196880
vn -0.9999986 -0.0016060 -0.0003604
vn -0.9999986 -0.0016060 -0.0003604
vn -0.0000000 -0.9943622 0.1060369
vn -0.0038591 0.5040623 -0.8636587
vn -0.0000000 1.0000000 -0.0000000
vn 0.0000000 0.5060759 -0.8624889
vn -0.9999989 -0.0014528 -0.0000121
vn -0.0000000 -0.5419294 0.8404240
vn -0.0000000 -0.9943622 0.1060369
vn 0.0000000 -0.9755702 -0.2196880
vn -0.0000000 -0.9943622 0.1060369
vn 0.0000000 -0.9999957 0.0029397
vn 0.9239052 0.3826210 -0.0005404
vn -0.0038591 0.5040623 -0.8636587
vn 0.0000000 0.5000121 -0.8660184
vn -0.0000000 0.5000120 -0.8660185
vn 0.5121409 -0.8379187 -0.1886903
vn 1.0000000 0.0000001 0.0000002
vn 0.5121408 -0.8379187 -0.1886903
vn 0.5121409 -0.8379187 -0.1886903
vn 1.0000000 0.0000001 0.0000002
vn -0.0000000 -0.9999957 0.0029397
vn -0.0000000 0.5000120 -0.8660185
vn 0.0000000 0.5000121 -0.8660184
vn 0.0000000 0.5060759 -0.8624889
vn 0.0000030 0.5064987 -0.8622407
vn -0.0000000 0.5000120 -0.8660185
vn -0.0000000 0.5000120 -0.8660185
vn -0.0000000 0.5000120 -0.8660185
vn -0.0043555 0.5060755 -0.8624782
vn -0.0038591 0.5040623 -0.8636587
vn 0.9239052 0.3826210 -0.0005404
vn 0.0000030 0.5064987 -0.8622407
vn 0.0000000 0.5060759 -0.8624889
vn -0.0043555 0.5060755 -0.8624782
vn 0.0000030 0.5064987 -0.8622407
vn 0.0000030 0.5064987 -0.8622407
vn -0.9999989 -0.0014528 -0.0000121
vn -0.0043555 0.5060755 -0.8624782
vn -0.9999997 -0.0005785 -0.0004930
vn -0.0000000 0.5000120 -0.8660185
vn -0.0000000 0.5000120 -0.8660185
vn 0.0000030 0.5064987 -0.8622407
vn -0.0043555 0.5060755 -0.8624782
vn 0.8059203 -0.3102812 0.5042003
vn 0.9239052 0.3826210 -0.0005404
vn 0.9999986 -0.0016061 -0.0003601
vn 0.9239052 0.3826210 -0.0005404
vn -0.9999989 -0.0014528 -0.0000121
vn -0.9999986 -0.0016060 -0.0003604
vn -0.9999997 -0.0005785 -0.0004930
vn -0.9999986 -0.0016060 -0.0003604
vn -0.5779740 0.8095102 -0.1031468
vn -0.5779740 0.8095102 -0.1031468
vn -0.5779740 0.8095102 -0.1031468
vn -0.4434705 0.8908844 -0.0982798
vn -0.0000000 -0.3991357 0.9168919
vn -0.0000000 -0.3991357 0.9168919
vn -0.0000000 -0.3991357 0.9168919
vn 0.0000000 -0.3991357 0.9168919
vn -0.0000000 -0.3991357 0.9168919
vn -0.0000000 -0.0151608 0.9998851
vn -0.0000000 -0.0151608 0.9998851
vn -0.0000000 -0.3991357 0.9168919
vn 0.0000000 1.0000000 -0.0000000
vn 0.0000000 1.0000000 -0.0000000
vn 0.0000000 1.0000000 -0.0000000
vn 0.0000000 1.0000000 -0.0000000
vn 0.0000000 1.0000000 -0.0000000
vn 0.0000000 1.0000000 -0.0000000
vn -0.0000000 -0.0151608 0.9998851
vn -0.0000000 0.9994674 0.0326331
vn -0.0000000 0.9994674 0.0326331
vn 0.0000000 1.0000000 -0.0000000
vn 0.0000000 1.0000000 -0.0000000
vn -0.0000000 -0.3991357 0.9168919
vn 0.0000000 -0.3991357 0.9168919
vn 0.0000000 -0.9990817 0.0428466
vn -0.0000000 -0.9990817 0.0428466
vn 0.0000006 0.0000000 -1.0000000
vn 0.0000006 0.0000000 -1.0000000
vn 0.0000006 0.0000000 -1.0000000
vn 0.0000006 0.0000000 -1.0000000
vn 0.0000000 -1.0000000 -0.0000000
vn 0.0000006 0.0000000 -1.0000000
vn -0.2385436 -0.9611983 -0.1385455
vn -0.2385436 -0.9611983 -0.1385455
vn -0.2385436 -0.9611983 -0.1385455
vn -0.1999058 -0.9614120 -0.1890094
vn -0.2385436 -0.9611983 -0.1385455
vn -0.5824383 0.7391080 -0.3383564
vn -0.5824383 0.7391080 -0.3383564
vn -0.5824383 0.7391080 -0.3383564
vn -0.5782441 0.7367961 -0.3503787
vn -0.9912039 0.0000000 0.1323434
vn -0.9912039 0.0000000 0.1323434
vn -0.9912039 0.0000000 0.1323434
vn -0.9912039 -0.0000000 0.1323434
vn -0.4492703 0.4993794 -0.7407945
vn -0.4492702 0.4993793 -0.7407945
vn -0.4486456 0.5018261 -0.7395186
vn -0.5824383 0.7391080 -0.3383564
vn -0.4434705 0.8908844 -0.0982798
vn -0.3565741 0.7301142 -0.5829135
vn -0.4492702 0.4993793 -0.7407945
vn -0.4492703 0.4993794 -0.7407945
vn 0.0000000 0.0000000 1.0000000
vn 0.0000000 0.0000000 1.0000000
vn 0.0000000 0.0000000 1.0000000
vn -0.0000000 -0.0000000 1.0000000
vn 0.0000000 0.0000000 1.0000000
vn -0.9912039 0.0000000 0.1323434
vn 0.0000000 0.0000000 1.0000000
vn -0.8194253 0.5627012 0.1091311
vn -0.8194253 0.5627012 0.1091311
vn -0.8194253 0.5627012 0.1091311
vn -0.8420618 0.5278498 0.1109349
vn 0.0000000 -1.0000000 -0.0000000
vn 0.0103659 -0.9936369 -0.1121527
vn -0.6345718 0.6237688 0.4563235
vn -0.6345718 0.6237688 0.4563234
vn -0.6345718 0.6237688 0.4563235
vn -0.8420618 0.5278498 0.1109349
vn -0.8194253 0.5627012 0.1091311
vn -0.0441540 0.9958892 -0.0790897
vn -0.0000000 0.9994674 0.0326331
vn -0.5779740 0.8095102 -0.1031468
vn -0.5779740 0.8095102 -0.1031468
vn -0.0441540 0.9958892 -0.0790897
vn -0.9912039 0.0000000 0.1323434
vn -0.9912039 -0.0000000 0.1323434
vn -0.8194253 0.5627012 0.1091311
vn -0.4492703 0.4993794 -0.7407945
vn -0.5782441 0.7367961 -0.3503787
vn -0.2385436 -0.9611983 -0.1385455
vn -0.5824383 0.7391080 -0.3383564
vn -0.5824383 0.7391080 -0.3383564
vn -0.2385436 -0.9611983 -0.1385455
vn -0.5782441 0.7367961 -0.3503787
vn -0.5824383 0.7391080 -0.3383564
vn -0.2385436 -0.9611983 -0.1385455
vn 0.0000000 -0.9990817 0.0428466
vn -0.9912039 0.0000000 0.1323434
vn -0.2385436 -0.9611983 -0.1385455
vn -0.1999058 -0.9614120 -0.1890094
vn -0.2385436 -0.9611983 -0.1385455
vn 0.0103659 -0.9936369 -0.1121527
vn -0.1999058 -0.9614120 -0.1890094
vn -0.0000000 -0.0000000 1.0000000
vn 0.0000000 0.2133223 0.9769819
vn -0.6345718 0.6237688 0.4563235
vn 0.0000000 0.0000000 1.0000000
vn -0.0000000 -0.0000000 1.0000000
vn 0.0000000 -1.0000000 0.0000000
vn 0.0000000 -1.0000000 0.0000000
vn 0.0000006 0.0000000 -1.0000000
vn 0.0000000 -1.0000000 -0.0000000
vn -0.0000000 -0.0151608 0.9998851
vn -0.0000000 -0.0000000 1.0000000
vn -0.0000000 -0.3991357 0.9168919
vn -0.0000000 -0.0151608 0.9998851
vn -0.3212813 0.7596848 -0.5653825
vn -0.3212813 0.7596848 -0.5653825
vn -0.1999058 -0.9614120 -0.1890094
vn 0.0000000 -1.0000000 -0.0000000
vn -0.3212813 0.7596848 -0.5653825
vn -0.8896724 -0.0000000 0.4565994
vn -0.9912039 -0.0000000 0.1323434
vn -0.9912039 0.0000000 0.1323434
vn -0.8896724 0.0000000 0.4565994
vn -0.5824383 0.7391080 -0.3383564
vn -0.2385436 -0.9611983 -0.1385455
vn -0.5824383 0.7391080 -0.3383564
vn -0.8554772 0.0008254 -0.5178398
vn -0.8554772 0.0008254 -0.5178398
vn -0.8554772 0.0008254 -0.5178398
vn -0.3212813 0.7596848 -0.5653825
vn 0.0000006 0.0000000 -1.0000000
vn 0.0000000 -1.0000000 0.0000000
vn 0.0000006 0.0000000 -1.0000000
vn 1.0000000 -0.0000004 0.0000005
vn 0.0000000 1.0000000 -0.0000000
vn -0.0000000 0.9994674 0.0326331
vn -0.0441540 0.9958892 -0.0790897
vn -0.6345718 0.6237688 0.4563235
vn -0.5779740 0.8095102 -0.1031468
vn -0.8420618 0.5278498 0.1109349
vn -0.5824383 0.7391080 -0.3383564
vn -0.5782441 0.7367961 -0.3503787
vn -0.4434705 0.8908844 -0.0982798
vn -0.5779740 0.8095102 -0.1031468
vn -0.0000000 0.9994674 0.0326331
vn -0.3565741 0.7301142 -0.5829135
vn -0.4434705 0.8908844 -0.0982798
vn -0.0000001 0.0000000 1.0000000
vn -0.0000001 0.0000000 1.0000000
vn -0.0000000 -0.9990817 0.0428466
vn -0.8896724 0.0000000 0.4565994
vn -0.2385436 -0.9611983 -0.1385455
vn -0.5396863 -0.0000014 -0.8418662
vn 0.0103659 -0.9936369 -0.1121527
vn -0.2385436 -0.9611983 -0.1385455
vn 0.0000000 0.9964819 0.0838079
vn 0.0000000 0.9964819 0.0838079
vn -0.0441540 0.9958892 -0.0790897
vn -0.5779740 0.8095102 -0.1031468
vn 0.0000000 0.9964819 0.0838079
vn -0.0000000 -0.0000000 1.0000000
vn 0.0000000 0.0000000 1.0000000
vn 0.0000000 -0.3991357 0.9168919
vn -0.0000000 -0.3991357 0.9168919
vn -0.0000001 0.0000000 1.0000000
vn -0.6525445 -0.7573322 -0.0251716
vn -0.8554772 0.0008254 -0.5178398
vn 0.0000000 -1.0000000 -0.0000000
vn -0.6345718 0.6237688 0.4563235
vn -0.8194253 0.5627012 0.1091311
vn -0.9912039 -0.0000000 0.1323434
vn -0.8896724 -0.0000000 0.4565994
vn -0.8554772 0.0008254 -0.5178398
vn -0.6525445 -0.7573322 -0.0251716
vn -0.9992568 0.0000000 -0.0385457
vn -0.5824383 0.7391080 -0.3383564
vn -0.4486456 0.5018261 -0.7395186
vn -0.5396863 -0.0000014 -0.8418662
vn -0.5824383 0.7391080 -0.3383564
vn -0.5824383 0.7391080 -0.3383564
vn 0.0000002 -0.0000003 -1.0000000
vn 0.0000002 -0.0000003 -1.0000000
vn 0.0000006 0.0000000 -1.0000000
vn 0.0000006 0.0000000 -1.0000000
vn 0.0000000 -1.0000000 0.0000000
vn 0.0000000 -1.0000000 -0.0000000
vn -0.8554772 0.0008254 -0.5178398
vn -0.8554772 0.0008254 -0.5178398
vn 1.0000000 -0.0000004 0.0000005
vn 0.0000000 -1.0000000 0.0000000
vn 0.0000000 -1.0000000 0.0000000
vn -0.6345718 0.6237688 0.4563235
vn 0.0000000 0.2133223 0.9769819
vn 0.0000000 0.2133188 0.9769826
vn -0.6345718 0.6237688 0.4563234
vn -0.6345718 0.6237688 0.4563235
vn -0.9992568 0.0000000 -0.0385457
vn 0.0000000 -0.9990817 0.0428466
vn -0.2385436 -0.9611983 -0.1385455
vn -0.8554772 0.0008254 -0.5178398
vn -0.3212813 0.7596848 -0.5653825
vn 0.0000000 -1.0000000 -0.0000000
vn 0.0000006 0.0000000 -1.0000000
vn 1.0000000 -0.0000004 0.0000005
vn 1.0000000 -0.0000004 0.0000005
vn -0.8554772 0.0008254 -0.5178398
vn -0.3212813 0.7596848 -0.5653825
vn -0.3212813 0.7596848 -0.5653825
vn 1.0000000 -0.0000004 0.0000005
vn -0.4492703 0.4993794 -0.7407945
vn -0.8194253 0.5627012 0.1091311
vn -0.5779740 0.8095102 -0.1031468
vn -0.4434705 0.8908844 -0.0982798
vn -0.2385436 -0.9611983 -0.1385455
vn -0.1999058 -0.9614120 -0.1890094
vn -0.3212813 0.7596848 -0.5653825
vn -0.8554772 0.0008254 -0.5178398
vn -0.8896724 -0.0000000 0.4565994
vn 0.0000000 0.0000000 1.0000000
vn -0.6345718 0.6237688 0.4563235
vn -0.0000001 0.0000000 1.0000000
vn 0.0000000 -0.9990817 0.0428466
vn -0.6525445 -0.7573322 -0.0251716
vn -0.0000001 0.0000000 1.0000000
vn 0.0000000 0.0000000 1.0000000
vn 0.0000000 0.0000000 1.0000000
vn -0.8896724 0.0000000 0.4565994
vn 0.0000000 0.0000000 1.0000000
vn -0.0441540 0.9958892 -0.0790897
vn 0.0000000 0.9964819 0.0838079
vn 0.0000000 1.0000000 -0.0000000
vn 0.0000000 1.0000000 -0.0000000
vn -0.0441540 0.9958892 -0.0790897
vn 0.0000000 1.0000000 -0.0000000
vn 0.0000000 0.2133188 0.9769826
vn 0.0000000 0.2133223 0.9769819
vn -0.0000000 -0.0151608 0.9998851
vn -0.0000001 0.0000000 1.0000000
vn 0.0000002 -0.0000003 -1.0000000
vn 0.0000000 0.2133188 0.9769826
vn 0.0000000 0.9964819 0.0838079
vn -0.6345718 0.6237688 0.4563234
vn 0.0000000 0.9964819 0.0838079
vn -0.6345718 0.6237688 0.4563235
vn 0.0000000 0.9964819 0.0838079
vn -0.5779740 0.8095102 -0.1031468
vn -0.5779740 0.8095102 -0.1031468
vn 0.0000006 0.0000000 -1.0000000
vn 0.0000000 -0.9990817 0.0428466
vn -0.9912039 0.0000000 0.1323434
vn -0.9912039 0.0000000 0.1323434
vn -0.6345718 0.6237688 0.4563235
vn 0.0000000 0.9964819 0.0838079
vn 0.4434702 0.8908845 -0.0982797
vn 0.4434702 0.8908846 -0.0982797
vn 0.4434702 0.8908845 -0.0982797
vn 0.5779740 0.8095103 -0.1031467
vn 0.4434702 0.8908845 -0.0982797
vn 0.4665800 0.8747346 0.1309297
vn 0.4665799 0.8747346 0.1309297
vn 0.4665799 0.8747346 0.1309297
vn 0.2710018 -0.9618985 0.0361836
vn 0.2710018 -0.9618985 0.0361836
vn -0.0000000 -0.9990817 0.0428466
vn 0.0000002 -0.0000003 -1.0000000
vn 0.0000000 -1.0000000 -0.0000000
vn 0.4665799 0.8747346 0.1309297
vn 0.4434702 0.8908845 -0.0982797
vn 0.5779740 0.8095103 -0.1031467
vn 0.4665800 0.8747346 0.1309297
vn 0.4665799 0.8747346 0.1309297
vn -1.0000000 0.0000000 -0.0000000
vn 0.0000000 1.0000000 -0.0000000
vn -1.0000000 0.0000000 -0.0000000
vn 0.4665799 0.8747346 0.1309297
vn -1.0000000 0.0000000 -0.0000000
vn 0.0000002 -0.0000003 -1.0000000
vn 0.0000002 -0.0000003 -1.0000000
vn 0.0000006 0.0000000 -1.0000000
vn 0.0000002 -0.0000003 -1.0000000
vn 0.0000000 -1.0000000 0.0000000
vn 0.0000006 0.0000000 -1.0000000
vn 0.1999057 -0.9614120 -0.1890096
vn 0.1999057 -0.9614120 -0.1890096
vn 0.1999057 -0.9614120 -0.1890096
vn 0.2385441 -0.9611982 -0.1385448
vn 0.5782440 0.7367962 -0.3503787
vn 0.5782441 0.7367961 -0.3503787
vn 0.5782440 0.7367962 -0.3503787
vn 0.5824379 0.7391079 -0.3383571
vn 0.9912039 0.0000000 0.1323436
vn 0.9912039 0.0000000 0.1323436
vn 0.2710018 -0.9618985 0.0361836
vn 0.2710018 -0.9618985 0.0361836
vn 0.5782440 0.7367962 -0.3503787
vn 0.4486459 0.5018258 -0.7395186
vn 0.4486458 0.5018258 -0.7395186
vn 0.4492710 0.4993773 -0.7407954
vn 0.3571658 0.7246774 -0.5893007
vn 0.4434702 0.8908846 -0.0982797
vn 0.4492710 0.4993773 -0.7407954
vn -0.0000012 -0.0000000 1.0000000
vn -0.0000012 -0.0000000 1.0000000
vn -0.0000012 -0.0000000 1.0000000
vn -0.0000011 -0.0000001 1.0000000
vn -0.0000012 -0.0000000 1.0000000
vn -0.0000011 -0.0000001 1.0000000
vn -0.0000012 -0.0000000 1.0000000
vn -0.0000000 -0.3991357 0.9168919
vn 0.2710018 -0.9618985 0.0361836
vn 0.8420618 0.5278497 0.1109352
vn 0.8420618 0.5278497 0.1109351
vn 0.8420618 0.5278497 0.1109351
vn 0.8194272 0.5626982 0.1091315
vn -0.0103658 -0.9936369 -0.1121527
vn 0.0000002 -0.0000003 -1.0000000
vn 0.6528222 0.6232222 0.4306010
vn 0.8420618 0.5278497 0.1109351
vn 0.4665799 0.8747346 0.1309297
vn 0.4665799 0.8747346 0.1309297
vn 0.8420618 0.5278497 0.1109351
vn 0.8420618 0.5278497 0.1109351
vn 0.0000000 0.9958617 -0.0908821
vn 0.5779740 0.8095103 -0.1031467
vn 0.4434702 0.8908845 -0.0982797
vn -0.0000000 0.9994674 0.0326331
vn 0.9912039 0.0000000 0.1323436
vn 0.8194272 0.5626982 0.1091315
vn 0.9912039 0.0000000 0.1323436
vn 0.5782441 0.7367961 -0.3503787
vn 0.4492710 0.4993773 -0.7407954
vn 0.8420618 0.5278497 0.1109352
vn 0.8194272 0.5626982 0.1091315
vn 0.2385441 -0.9611982 -0.1385448
vn 0.5824379 0.7391079 -0.3383571
vn 0.5782440 0.7367962 -0.3503787
vn 0.2385441 -0.9611982 -0.1385448
vn 0.5782440 0.7367962 -0.3503787
vn 0.4492710 0.4993773 -0.7407954
vn 0.5782441 0.7367961 -0.3503787
vn 0.1999057 -0.9614120 -0.1890096
vn 0.2385441 -0.9611982 -0.1385448
vn 0.2710018 -0.9618985 0.0361836
vn -0.0000000 -0.9990817 0.0428466
vn 0.1999057 -0.9614120 -0.1890096
vn -0.0103658 -0.9936369 -0.1121527
vn -0.0000012 -0.0000000 1.0000000
vn -0.0000012 -0.0000000 1.0000000
vn 0.6528222 0.6232222 0.4306010
vn 0.0000000 0.2133223 0.9769819
vn -0.0000012 -0.0000000 1.0000000
vn -0.0000000 -1.0000000 -0.0000000
vn 0.0000000 -1.0000000 -0.0000000
vn 0.0000002 -0.0000003 -1.0000000
vn 0.0000000 -1.0000000 -0.0000000
vn -0.0000000 -0.0151608 0.9998851
vn -0.0000000 -0.3991357 0.9168919
vn -0.0000012 -0.0000000 1.0000000
vn -0.0000000 -0.0151608 0.9998851
vn 0.0929506 0.8716694 -0.4811992
vn 0.0000000 -1.0000000 0.0000000
vn 0.1999057 -0.9614120 -0.1890096
vn 0.3212818 0.7596847 -0.5653824
vn 0.0929506 0.8716694 -0.4811992
vn 0.8896720 0.0000000 0.4566002
vn 0.8896720 0.0000000 0.4566002
vn 0.2710018 -0.9618985 0.0361836
vn 0.9912039 0.0000000 0.1323436
vn 0.8896720 0.0000000 0.4566002
vn 0.5782440 0.7367962 -0.3503787
vn 0.9912039 0.0000000 0.1323436
vn 0.2710018 -0.9618985 0.0361836
vn 0.2385441 -0.9611982 -0.1385448
vn 0.8552991 0.0011266 -0.5181334
vn 0.3212818 0.7596847 -0.5653824
vn 0.8552991 0.0011266 -0.5181334
vn 0.8554773 0.0008252 -0.5178397
vn 0.0000006 0.0000000 -1.0000000
vn 0.0000000 -1.0000000 -0.0000000
vn 0.0000002 -0.0000003 -1.0000000
vn -1.0000000 0.0000000 0.0000000
vn 0.0000000 0.9958617 -0.0908821
vn -0.0000000 0.9994674 0.0326331
vn 0.0000000 1.0000000 -0.0000000
vn 0.4665799 0.8747346 0.1309297
vn 0.8420618 0.5278497 0.1109351
vn 0.8420618 0.5278497 0.1109352
vn 0.4434702 0.8908845 -0.0982797
vn 0.4665799 0.8747346 0.1309297
vn 0.5782440 0.7367962 -0.3503787
vn 0.5782441 0.7367961 -0.3503787
vn 0.8194272 0.5626982 0.1091315
vn 0.9912039 0.0000000 0.1323436
vn 0.4434702 0.8908846 -0.0982797
vn 0.3571658 0.7246774 -0.5893007
vn -0.0000000 0.9994674 0.0326331
vn 0.4434702 0.8908845 -0.0982797
vn 0.0000000 1.0000000 -0.0000000
vn -0.0000000 -0.0151608 0.9998851
vn 0.0000000 0.2133223 0.9769819
vn -1.0000000 0.0000000 -0.0000000
vn -0.0000011 -0.0000001 1.0000000
vn 0.2710018 -0.9618985 0.0361836
vn 0.8896720 0.0000000 0.4566002
vn -0.0103658 -0.9936369 -0.1121527
vn 0.5396866 -0.0000000 -0.8418660
vn 0.5824379 0.7391079 -0.3383571
vn 0.4665800 0.8747346 0.1309297
vn 0.5779740 0.8095103 -0.1031467
vn -1.0000000 0.0000000 -0.0000000
vn -0.0000012 -0.0000000 1.0000000
vn -0.0000000 -0.3991357 0.9168919
vn -0.0000000 -0.3991357 0.9168919
vn -0.0000012 -0.0000000 1.0000000
vn -0.0000012 -0.0000000 1.0000000
vn -0.0000001 0.0000000 1.0000000
vn 0.0000000 -1.0000000 -0.0000000
vn 0.8554773 0.0008252 -0.5178397
vn 0.6525449 -0.7573319 -0.0251713
vn 0.6528222 0.6232222 0.4306010
vn 0.8896720 0.0000000 0.4566002
vn 0.9912039 0.0000000 0.1323436
vn 0.6528222 0.6232222 0.4306010
vn 0.8552991 0.0011266 -0.5181334
vn 0.9992569 0.0000000 -0.0385453
vn 0.6525449 -0.7573319 -0.0251713
vn 0.8554773 0.0008252 -0.5178397
vn 0.8552991 0.0011266 -0.5181334
vn 0.5782440 0.7367962 -0.3503787
vn 0.5824379 0.7391079 -0.3383571
vn 0.5396866 -0.0000000 -0.8418660
vn 0.4486459 0.5018258 -0.7395186
vn 0.0000000 0.9958617 -0.0908821
vn 0.0000000 1.0000000 -0.0000000
vn 0.0000000 1.0000000 -0.0000000
vn -1.0000000 0.0000000 -0.0000000
vn -0.0000000 -1.0000000 -0.0000000
vn 0.8552991 0.0011266 -0.5181334
vn 0.8554773 0.0008252 -0.5178397
vn 0.0000000 -1.0000000 -0.0000000
vn 0.8552991 0.0011266 -0.5181334
vn -0.0000000 -1.0000000 -0.0000000
vn 0.0000000 -1.0000000 -0.0000000
vn -1.0000000 0.0000000 0.0000000
vn 0.6528222 0.6232222 0.4306010
vn 0.4665799 0.8747346 0.1309297
vn -1.0000000 0.0000000 -0.0000000
vn 0.0000000 0.2133223 0.9769819
vn 0.8552991 0.0011266 -0.5181334
vn 0.1999057 -0.9614120 -0.1890096
vn -0.0000000 -0.9990817 0.0428466
vn 0.0929506 0.8716694 -0.4811992
vn -1.0000000 0.0000000 0.0000000
vn 0.0000006 0.0000000 -1.0000000
vn 0.0000000 -1.0000000 0.0000000
vn -1.0000000 0.0000000 0.0000000
vn 0.0929506 0.8716694 -0.4811992
vn 0.3212818 0.7596847 -0.5653824
vn 0.8552991 0.0011266 -0.5181334
vn 0.4492710 0.4993773 -0.7407954
vn 0.4434702 0.8908846 -0.0982797
vn 0.4434702 0.8908845 -0.0982797
vn 0.8420618 0.5278497 0.1109352
vn 0.4492710 0.4993773 -0.7407954
vn 0.8552991 0.0011266 -0.5181334
vn 0.3212818 0.7596847 -0.5653824
vn 0.1999057 -0.9614120 -0.1890096
vn 0.6528222 0.6232222 0.4306010
vn -0.0000012 -0.0000000 1.0000000
vn 0.8896720 0.0000000 0.4566002
vn -0.0000001 0.0000000 1.0000000
vn 0.6525449 -0.7573319 -0.0251713
vn -0.0000000 -0.9990817 0.0428466
vn -0.0000001 0.0000000 1.0000000
vn -0.0000011 -0.0000001 1.0000000
vn 0.8896720 0.0000000 0.4566002
vn -0.0000012 -0.0000000 1.0000000
vn -0.0000011 -0.0000001 1.0000000
vn -0.0000000 -0.9990817 0.0428466
vn -0.0000000 -0.3991357 0.9168919
vn -0.9999055 0.0133558 0.0032503
vn -0.9999055 0.0133558 0.0032503
vn -0.9999055 0.0133558 0.0032503
vn -0.9998501 0.0166388 0.0047906
vn -0.9999055 0.0133558 0.0032503
vn 0.9999055 -0.0133558 -0.0032501
vn 0.9999055 -0.0133558 -0.0032501
vn 0.9999055 -0.0133558 -0.0032501
vn 0.9998501 -0.0166388 -0.0047903
vn 0.0000000 0.9711034 0.2386592
vn 0.0000000 0.9711034 0.2386592
vn 0.0000000 0.9711034 0.2386592
vn 0.0000000 0.9711034 0.2386592
vn 0.9998501 -0.0166388 -0.0047903
vn 0.0000000 0.9711034 0.2386592
vn 0.9999055 -0.0133558 -0.0032501
vn 0.9999055 -0.0133558 -0.0032501
vn -0.9999055 0.0133558 0.0032503
vn -0.9999055 0.0133558 0.0032503
vn 0.9999055 -0.0133558 -0.0032501
vn -0.9999055 0.0133558 0.0032503
vn -0.9998501 0.0166388 0.0047906
vn 0.9999055 -0.0133558 -0.0032501
vn -0.9999055 0.0133558 0.0032503
vn -0.9999055 0.0133558 0.0032503
vn 0.0000000 0.9711034 0.2386592
vn -0.9999055 0.0133558 0.0032503
vn 0.9999055 -0.0133558 -0.0032501
vn 0.9999055 -0.0133558 -0.0032501
vn 0.0000000 0.9711034 0.2386592
vn 0.0000000 0.9711034 0.2386592
vn 0.9999055 -0.0133558 -0.0032501
vn 0.9998501 -0.0166388 -0.0047903
vn -0.9998501 0.0166388 0.0047906
vn 0.0000000 0.9711034 0.2386592
vn -0.9999055 0.0133558 0.0032503
vn -0.9998501 0.0166388 0.0047906
vn 0.0000000 0.9711034 0.2386592
vn 0.0000000 0.9711034 0.2386592
vn -0.9999055 0.0133558 0.0032503
vn 0.0000000 0.0000000 1.0000000
vn 0.0000000 0.0000000 1.0000000
vn 0.0000000 0.0000000 1.0000000
vn 0.9238895 -0.3826587 0.0007697
vn 0.9238895 -0.3826587 0.0007697
vn 0.9238895 -0.3826587 0.0007697
vn 0.9238861 -0.3826667 0.0007803
vn 0.3826774 -0.9238801 0.0018900
vn 0.3826774 -0.9238801 0.0018900
vn 0.9238895 -0.3826587 0.0007697
vn 0.9238895 -0.3826587 0.0007697
vn 0.9238893 0.3826589 -0.0007828
vn 0.9238894 0.3826589 -0.0007828
vn 0.9238895 -0.3826587 0.0007697
vn -0.3826757 -0.9238808 0.0018838
vn -0.3826757 -0.9238808 0.0018838
vn 0.3826774 -0.9238801 0.0018900
vn 0.3826774 -0.9238801 0.0018900
vn 0.9238893 0.3826589 -0.0007828
vn 0.3826581 0.9238881 -0.0018900
vn 0.3826581 0.9238881 -0.0018900
vn 0.9238894 0.3826589 -0.0007828
vn -0.9238762 -0.3826907 0.0007698
vn -0.9238762 -0.3826907 0.0007698
vn -0.3826757 -0.9238808 0.0018838
vn 0.3826581 0.9238881 -0.0018900
vn -0.3826564 0.9238888 -0.0018900
vn -0.3826564 0.9238888 -0.0018900
vn 0.3826581 0.9238881 -0.0018900
vn 0.9238895 -0.3826587 0.0007697
vn 0.7923372 0.3281623 0.5143066
vn 0.7923380 0.3281657 0.5143033
vn 0.3281697 0.7923354 0.5143046
vn 0.7923372 0.3281623 0.5143066
vn -0.3281709 0.7923339 0.5143063
vn -0.3826564 0.9238888 -0.0018900
vn -0.7923250 0.3281887 0.5143086
vn -0.7923241 -0.3282007 0.5143023
vn -0.3281902 -0.7923235 0.5143098
vn 0.3281914 -0.7923235 0.5143091
vn 0.9238895 -0.3826587 0.0007697
vn -0.3826564 0.9238888 -0.0018900
vn -0.9238762 -0.3826907 0.0007698
vn -0.3826564 0.9238888 -0.0018900
vn 0.0000000 0.0000000 1.0000000
vn 0.0000000 0.0000000 1.0000000
vn 0.0000000 0.0000000 1.0000000
vn -0.3281902 -0.7923235 0.5143098
vn 0.1428228 0.3448066 0.9277446
vn -0.7923241 -0.3282007 0.5143023
vn 0.3447972 0.1428225 0.9277481
vn -0.7923250 0.3281887 0.5143086
vn 0.3448071 -0.1428186 0.9277451
vn -0.3281709 0.7923339 0.5143063
vn 0.1428148 -0.3448110 0.9277442
vn 0.3281697 0.7923354 0.5143046
vn -0.1428137 -0.3448026 0.9277475
vn 0.7923372 0.3281623 0.5143066
vn 0.7923372 0.3281623 0.5143066
vn -0.1428137 -0.3448026 0.9277475
vn 0.7923380 0.3281657 0.5143033
vn -0.8779893 0.1222200 -0.4628144
vn -0.8779893 0.1222200 -0.4628144
vn -0.8779892 0.1222200 -0.4628144
vn -0.4693805 -0.8600851 0.1998389
vn -0.4693805 -0.8600851 0.1998389
vn -0.4693805 -0.8600851 0.1998389
vn -0.8779893 0.1222200 -0.4628144
vn -0.4693805 -0.8600851 0.1998389
vn -0.1917228 -0.8596938 -0.4734647
vn -0.2012788 -0.8397013 -0.5043695
vn -0.4693805 -0.8600851 0.1998389
vn -0.6353892 -0.3471300 0.6897690
vn -0.6353892 -0.3471300 0.6897690
vn -0.4693805 -0.8600851 0.1998389
vn 0.0768552 -0.3336672 -0.9395528
vn -0.1917228 -0.8596938 -0.4734647
vn -0.2012788 -0.8397013 -0.5043695
vn 0.0778041 -0.3353904 -0.9388609
vn -0.6353892 -0.3471300 0.6897690
vn -0.6412123 0.3366412 0.6895792
vn -0.8779892 0.1222200 -0.4628144
vn -0.6353892 -0.3471300 0.6897690
vn 0.1440458 0.3904903 -0.9092679
vn 0.0778041 -0.3353904 -0.9388609
vn 0.1433132 0.3911573 -0.9090970
vn 0.1440458 0.3904903 -0.9092679
vn -0.6412123 0.3366412 0.6895792
vn -0.3676517 0.9052070 0.2131489
vn -0.8779893 0.1222200 -0.4628144
vn -0.6412123 0.3366412 0.6895792
vn 0.1433132 0.3911573 -0.9090970
vn -0.8779893 0.1222200 -0.4628144
vn 0.0000000 0.0000000 -1.0000000
vn 0.0000000 0.0000000 -1.0000000
vn 0.0000000 0.0000000 -1.0000000
vn -0.8803865 0.3646627 -0.3032174
vn -0.8803864 0.3646627 -0.3032174
vn -0.8803864 0.3646627 -0.3032174
vn -0.8803864 0.3646637 -0.3032164
vn -0.8803856 -0.3646658 -0.3032162
vn -0.8803844 -0.3646672 -0.3032180
vn -0.8803864 0.3646627 -0.3032174
vn -0.3646632 0.8803866 -0.3032165
vn -0.3646632 0.8803866 -0.3032165
vn -0.8803864 0.3646627 -0.3032174
vn -0.3646698 -0.8803832 -0.3032183
vn -0.8803844 -0.3646672 -0.3032180
vn 0.0000000 0.0000000 -1.0000000
vn -0.3646632 0.8803866 -0.3032165
vn 0.3646633 0.8803863 -0.3032171
vn 0.0000000 0.0000000 -1.0000000
vn -0.3646632 0.8803866 -0.3032165
vn 0.3646704 -0.8803843 -0.3032146
vn -0.3646698 -0.8803832 -0.3032183
vn 0.0000000 0.0000000 -1.0000000
vn 0.3646732 -0.8803818 -0.3032184
vn 0.8803867 0.3646633 -0.3032160
vn 0.0000000 0.0000000 -1.0000000
vn 0.0000000 0.0000000 -1.0000000
vn 0.3646633 0.8803863 -0.3032171
vn 0.8803867 0.3646633 -0.3032160
vn 0.3646704 -0.8803843 -0.3032146
vn 0.3646732 -0.8803818 -0.3032184
vn -0.9121129 0.4085718 -0.0334525
vn -0.9121129 0.4085718 -0.0334525
vn -0.9121129 0.4085718 -0.0334525
vn -0.9121163 0.4085644 -0.0334526
vn -0.9121129 0.4085718 -0.0334525
vn -0.5413475 0.8379913 -0.0686545
vn -0.9121163 0.4085644 -0.0334526
vn -0.5413165 0.8380116 -0.0686509
vn -0.5413475 0.8379913 -0.0686545
vn -0.0006633 -0.0448109 -0.9989953
vn -0.0006633 -0.0448109 -0.9989953
vn -0.0006633 -0.0448109 -0.9989953
vn -0.0006633 -0.0448109 -0.9989953
vn 0.8959439 0.4426810 -0.0363042
vn 0.8959439 0.4426811 -0.0363042
vn 0.8959687 0.4426316 -0.0362952
vn -0.5413475 0.8379913 -0.0686545
vn -0.5413165 0.8380116 -0.0686509
vn 0.8959439 0.4426811 -0.0363042
vn -0.9992455 0.0387124 -0.0031412
vn -0.9121129 0.4085718 -0.0334525
vn -0.9121129 0.4085718 -0.0334525
vn 0.9975902 0.0691467 -0.0056972
vn -0.0006633 -0.0448109 -0.9989953
vn -0.9992455 0.0387124 -0.0031412
vn 0.0000000 0.0000000 1.0000000
vn 0.0000000 0.0000000 1.0000000
vn 0.0000000 0.0000000 1.0000000
vn -0.9238895 -0.3826587 0.0007697
vn -0.9238895 -0.3826587 0.0007697
vn -0.9238895 -0.3826587 0.0007697
vn -0.9238861 -0.3826667 0.0007803
vn -0.3826772 -0.9238802 0.0018900
vn -0.3826772 -0.9238802 0.0018900
vn -0.9238895 -0.3826587 0.0007697
vn -0.9238894 0.3826589 -0.0007828
vn -0.9238893 0.3826589 -0.0007828
vn -0.9238895 -0.3826587 0.0007697
vn -0.9238895 -0.3826587 0.0007697
vn -0.9238894 0.3826589 -0.0007828
vn 0.3826760 -0.9238807 0.0018838
vn 0.3826759 -0.9238807 0.0018838
vn -0.3826772 -0.9238802 0.0018900
vn -0.3826579 0.9238882 -0.0018900
vn -0.3826579 0.9238882 -0.0018900
vn -0.9238893 0.3826589 -0.0007828
vn -0.9238894 0.3826589 -0.0007828
vn 0.9238762 -0.3826907 0.0007698
vn 0.9238762 -0.3826907 0.0007698
vn 0.3826760 -0.9238807 0.0018838
vn 0.3826566 0.9238887 -0.0018900
vn 0.3826566 0.9238887 -0.0018900
vn -0.3826579 0.9238882 -0.0018900
vn -0.3826579 0.9238882 -0.0018900
vn -0.7923381 0.3281627 0.5143049
vn -0.9238894 0.3826589 -0.0007828
vn -0.9238895 -0.3826587 0.0007697
vn -0.7923384 0.3281638 0.5143039
vn -0.7923381 0.3281627 0.5143049
vn -0.3281699 0.7923365 0.5143029
vn 0.3281718 0.7923346 0.5143045
vn 0.7923252 0.3281895 0.5143077
vn 0.9238762 -0.3826907 0.0007698
vn 0.7923250 -0.3282011 0.5143006
vn 0.3281908 -0.7923244 0.5143082
vn -0.9238861 -0.3826667 0.0007803
vn -0.3281916 -0.7923246 0.5143073
vn 0.9238762 -0.3826907 0.0007698
vn 0.3826566 0.9238887 -0.0018900
vn 0.9238762 -0.3826907 0.0007698
vn 0.0000000 0.0000000 1.0000000
vn 0.3448106 0.1428146 0.9277444
vn 0.3281908 -0.7923244 0.5143082
vn 0.0000000 0.0000000 1.0000000
vn 0.7923250 -0.3282011 0.5143006
vn -0.1428231 0.3448062 0.9277447
vn 0.7923252 0.3281895 0.5143077
vn -0.3447968 0.1428223 0.9277483
vn 0.3281718 0.7923346 0.5143045
vn -0.3448071 -0.1428186 0.9277451
vn -0.3281699 0.7923365 0.5143029
vn -0.1428152 -0.3448110 0.9277442
vn -0.7923381 0.3281627 0.5143049
vn 0.0000000 0.0000000 1.0000000
vn 0.0000000 0.0000000 1.0000000
vn -0.7923381 0.3281627 0.5143049
vn -0.7923384 0.3281638 0.5143039
vn 0.0000000 0.0000000 -1.0000000
vn 0.0000000 0.0000000 -1.0000000
vn 0.0000000 0.0000000 -1.0000000
vn 0.8803863 0.3646645 -0.3032156
vn 0.8803863 0.3646645 -0.3032156
vn 0.8803863 0.3646645 -0.3032156
vn 0.8803865 0.3646625 -0.3032176
vn 0.8803863 0.3646645 -0.3032156
vn 0.8803863 0.3646645 -0.3032156
vn 0.8803847 -0.3646673 -0.3032170
vn 0.8803854 -0.3646665 -0.3032159
vn 0.3646632 0.8803866 -0.3032165
vn 0.3646632 0.8803866 -0.3032165
vn 0.8803863 0.3646645 -0.3032156
vn 0.8803863 0.3646645 -0.3032156
vn 0.3646632 0.8803866 -0.3032165
vn 0.3646699 -0.8803834 -0.3032175
vn 0.0000000 0.0000000 -1.0000000
vn -0.3646638 0.8803862 -0.3032167
vn -0.3646638 0.8803862 -0.3032167
vn 0.3646632 0.8803866 -0.3032165
vn -0.3646638 0.8803862 -0.3032167
vn 0.0000000 0.0000000 -1.0000000
vn 0.3646699 -0.8803834 -0.3032175
vn -0.3646709 -0.8803841 -0.3032145
vn 0.0000000 0.0000000 -1.0000000
vn 0.0000000 0.0000000 -1.0000000
vn 0.0000000 0.0000000 -1.0000000
vn -0.8803858 0.3646643 -0.3032174
vn -0.3646638 0.8803862 -0.3032167
vn 0.0000000 0.0000000 -1.0000000
vn 0.0000000 0.0000000 -1.0000000
vn -0.3646709 -0.8803841 -0.3032145
vn 0.8779856 0.1222202 -0.4628212
vn 0.8779856 0.1222202 -0.4628212
vn 0.8779856 0.1222202 -0.4628212
vn 0.4795884 -0.8577100 0.1852798
vn 0.4795884 -0.8577100 0.1852798
vn 0.4795884 -0.8577100 0.1852798
vn 0.8779856 0.1222202 -0.4628212
vn 0.1798733 -0.8820732 -0.4354222
vn 0.2012791 -0.8397012 -0.5043696
vn 0.8779856 0.1222202 -0.4628212
vn 0.6695158 -0.3285609 0.6661804
vn 0.6695158 -0.3285609 0.6661804
vn 0.4795884 -0.8577100 0.1852798
vn 0.4795884 -0.8577100 0.1852798
vn 0.6695158 -0.3285609 0.6661804
vn 0.2012791 -0.8397012 -0.5043696
vn 0.1798733 -0.8820732 -0.4354222
vn -0.0768561 -0.3336653 -0.9395534
vn -0.0778064 -0.3353910 -0.9388605
vn 0.2012791 -0.8397012 -0.5043696
vn 0.6351271 0.3812541 0.6717580
vn 0.6351271 0.3812541 0.6717580
vn 0.6695158 -0.3285609 0.6661804
vn -0.0768561 -0.3336653 -0.9395534
vn -0.1440479 0.3904884 -0.9092684
vn 0.8779856 0.1222202 -0.4628212
vn 0.8779856 0.1222202 -0.4628212
vn 0.3676523 0.9052065 0.2131500
vn 0.6351271 0.3812541 0.6717580
vn 0.6351271 0.3812541 0.6717580
vn 0.8779856 0.1222202 -0.4628212
vn -0.1440479 0.3904884 -0.9092684
vn 0.3676523 0.9052065 0.2131500
vn 0.3447972 0.1428225 0.9277481
vn 0.1428228 0.3448066 0.9277446
vn 0.3448071 -0.1428186 0.9277451
vn 0.3447972 0.1428225 0.9277481
vn 0.1428148 -0.3448110 0.9277442
vn -0.1428137 -0.3448026 0.9277475
vn 0.0000000 0.0000000 1.0000000
vn 0.0778041 -0.3353904 -0.9388609
vn -0.2012788 -0.8397013 -0.5043695
vn -0.8779893 0.1222200 -0.4628144
vn 0.1433132 0.3911573 -0.9090970
vn -0.8779893 0.1222200 -0.4628144
vn -0.6353892 -0.3471300 0.6897690
vn -0.8779892 0.1222200 -0.4628144
vn -0.4693805 -0.8600851 0.1998389
vn 0.8803865 0.3646625 -0.3032176
vn 0.8803854 -0.3646665 -0.3032159
vn 0.0000000 0.0000000 -1.0000000
vn 0.8803863 0.3646645 -0.3032156
vn 0.3646632 0.8803866 -0.3032165
vn -0.3646638 0.8803862 -0.3032167
vn 0.0000000 0.0000000 -1.0000000
vn 0.6695158 -0.3285609 0.6661804
vn 0.4795884 -0.8577100 0.1852798
vn 0.6351271 0.3812541 0.6717580
vn -0.0778064 -0.3353910 -0.9388605
vn 0.8779856 0.1222202 -0.4628212
vn 0.2012791 -0.8397012 -0.5043696
vn 0.0000000 0.0000000 -1.0000000
vn 0.3646732 -0.8803818 -0.3032184
vn 0.0000000 0.0000000 -1.0000000
vn -0.3646632 0.8803866 -0.3032165
vn 0.0000000 0.0000000 -1.0000000
vn 0.0000000 0.0000000 -1.0000000
vn -0.8803864 0.3646627 -0.3032174
vn -0.8803864 0.3646637 -0.3032164
vn -0.8803844 -0.3646672 -0.3032180
vn 0.3448106 0.1428146 0.9277444
vn 0.0000000 0.0000000 1.0000000
vn -0.1428152 -0.3448110 0.9277442
vn 0.0000000 0.0000000 1.0000000
vn -0.3448071 -0.1428186 0.9277451
vn -0.1428152 -0.3448110 0.9277442
vn -0.3447968 0.1428223 0.9277483
vn -0.3448071 -0.1428186 0.9277451
vn -0.1428231 0.3448062 0.9277447
vn -0.3447968 0.1428223 0.9277483
vn -0.9121163 0.4085644 -0.0334526
vn -0.9121129 0.4085718 -0.0334525
vn -0.9992455 0.0387124 -0.0031412
vn -0.5413165 0.8380116 -0.0686509
vn 0.8959439 0.4426811 -0.0363042
vn 0.8959687 0.4426316 -0.0362952
vn -0.0006633 -0.0448109 -0.9989953
vn -0.9121129 0.4085718 -0.0334525
vn -0.9121129 0.4085718 -0.0334525
vn -0.0006633 -0.0448109 -0.9989953
vn -0.5413475 0.8379913 -0.0686545
vn 0.8959439 0.4426810 -0.0363042
vn -0.0006633 -0.0448109 -0.9989953
vn 0.0000000 0.0000000 -1.0000000
vn 0.0000000 0.0000000 -1.0000000
vn 0.0000000 0.0000000 -1.0000000
vn -0.6265212 -0.0000345 0.7794043
vn -0.6265212 -0.0000345 0.7794043
vn -0.6265212 -0.0000345 0.7794043
vn -0.6265619 -0.0000025 0.7793717
vn -0.9893884 0.1146603 0.0892394
vn -0.9893884 0.1146603 0.0892394
vn -0.9893884 0.1146603 0.0892394
vn -0.9997132 0.0234363 -0.0049195
vn -0.9893884 0.1146603 0.0892394
vn -0.8835791 0.4682820 -0.0000000
vn -0.8835791 0.4682820 -0.0000000
vn -0.8835791 0.4682819 -0.0000000
vn -0.8835786 0.4682829 -0.0000022
vn -0.9893884 0.1146603 0.0892394
vn -0.9175594 0.1994022 -0.3439820
vn -0.9997132 0.0234363 -0.0049195
vn 0.0000000 0.0000000 -1.0000000
vn -0.8835791 0.4682819 -0.0000000
vn -0.8835791 0.4682820 -0.0000000
vn -0.8699098 -0.4932108 -0.0000022
vn -0.8699099 -0.4932107 -0.0000022
vn -0.8835791 0.4682820 -0.0000000
vn -0.3066911 0.9518091 -0.0000000
vn -0.3066911 0.9518091 -0.0000000
vn -0.8835786 0.4682829 -0.0000022
vn -0.8835791 0.4682819 -0.0000000
vn -0.3066911 0.9518091 -0.0000000
vn -0.9893884 0.1146603 0.0892394
vn 0.0000000 1.0000000 -0.0000000
vn -0.0000000 -0.0000000 1.0000000
vn -0.0000000 -0.0000000 1.0000000
vn 0.0000000 1.0000000 -0.0000000
vn 0.0000000 0.0000000 1.0000000
vn -0.3066911 0.9518091 -0.0000000
vn 0.0000000 0.0000000 -1.0000000
vn -0.0000000 0.0000000 -1.0000000
vn -0.9999438 -0.0000013 -0.0105983
vn -0.9999438 -0.0000013 -0.0105983
vn -0.6265212 -0.0000345 0.7794043
vn -0.6265619 -0.0000025 0.7793717
vn -0.9974292 -0.0538774 -0.0472461
vn -0.9974292 -0.0538774 -0.0472461
vn -0.9974292 -0.0538774 -0.0472461
vn -0.9175594 0.1994022 -0.3439820
vn -0.8699099 -0.4932107 -0.0000022
vn -0.6265619 -0.0000025 0.7793717
vn -0.6265212 -0.0000345 0.7794043
vn 0.0000000 0.0000000 1.0000000
vn -0.9997132 0.0234363 -0.0049195
vn -0.9999438 -0.0000013 -0.0105983
vn -0.9974292 -0.0538774 -0.0472461
vn -0.0000000 -0.0000000 1.0000000
vn 0.0000000 0.0000000 1.0000000
vn -0.6265212 -0.0000345 0.7794043
vn 0.0000000 0.0000000 1.0000000
vn 0.6265619 -0.0000025 0.7793717
vn 0.6265619 -0.0000025 0.7793717
vn 0.0000000 0.0000000 1.0000000
vn 0.6265223 -0.0000336 0.7794035
vn 0.9997132 0.0234367 -0.0049191
vn 0.9997132 0.0234367 -0.0049191
vn 0.9997132 0.0234367 -0.0049191
vn 0.9893882 0.1146609 0.0892400
vn 0.9997132 0.0234367 -0.0049191
vn 0.0000000 0.0000000 -1.0000000
vn 0.8835786 0.4682830 -0.0000000
vn 0.8835786 0.4682830 0.0000000
vn 0.9997132 0.0234367 -0.0049191
vn 0.9761923 0.0150475 -0.2163844
vn -0.0000000 0.0000000 -1.0000000
vn 0.8835786 0.4682830 0.0000000
vn 0.8835786 0.4682830 -0.0000000
vn 0.8835786 0.4682830 0.0000000
vn 0.8699099 -0.4932107 -0.0000000
vn 0.0000000 0.0000000 -1.0000000
vn -0.3066911 0.9518091 -0.0000000
vn 0.8835786 0.4682830 -0.0000000
vn -0.3066911 0.9518091 -0.0000000
vn 0.9893882 0.1146609 0.0892400
vn 0.9997132 0.0234367 -0.0049191
vn -0.0000000 -0.0000000 1.0000000
vn -0.9974292 -0.0538774 -0.0472461
vn 0.0000000 -0.7522209 -0.6589110
vn 0.0000000 -0.7522209 -0.6589110
vn 0.9997132 0.0234367 -0.0049191
vn -0.0000000 -0.0000000 1.0000000
vn -0.0000000 -0.0000000 1.0000000
vn 0.6265619 -0.0000025 0.7793717
vn 0.9999439 -0.0000039 -0.0105968
vn 0.9999438 0.0000000 -0.0105979
vn 0.0000000 -0.7522209 -0.6589110
vn 0.9972724 -0.0540672 -0.0502438
vn 0.9999438 0.0000000 -0.0105979
vn 0.9999439 -0.0000039 -0.0105968
vn 0.0000000 -0.7522209 -0.6589110
vn 0.6265223 -0.0000336 0.7794035
vn 0.0000000 0.0000000 1.0000000
vn -0.6265212 -0.0000345 0.7794043
vn -0.6265212 -0.0000345 0.7794043
vn 0.9761923 0.0150475 -0.2163844
vn 0.8835786 0.4682830 0.0000000
vn -0.0000000 0.0000000 -1.0000000
vn 0.9997132 0.0234367 -0.0049191
vn -0.0000000 -0.0000000 1.0000000
vn 0.0000000 0.0000000 1.0000000
vn 0.6265619 -0.0000025 0.7793717
vn 0.6265619 -0.0000025 0.7793717
vn 0.9997132 0.0234367 -0.0049191
vn -0.3066911 0.9518091 -0.0000000
vn -0.3066911 0.9518091 -0.0000000
vn -0.8835791 0.4682819 -0.0000000
vn 0.0000000 0.0000000 -1.0000000
vn 0.0000000 0.5970443 -0.8022083
vn 0.0000000 0.5970443 -0.8022083
vn 0.0000000 0.5970443 -0.8022083
vn -0.0000000 0.5970443 -0.8022083
vn 0.0000000 0.5970443 -0.8022083
vn -0.6726338 0.7388274 0.0412061
vn -0.6513959 0.7532404 0.0911718
vn -0.6642601 0.7449652 0.0615251
vn -0.6885164 0.7252208 -0.0000017
vn -0.9175594 0.1994022 -0.3439820
vn -0.8699099 -0.4932107 -0.0000022
vn -0.9974292 -0.0538774 -0.0472461
vn 0.6729695 0.7385055 0.0414943
vn 0.6889681 0.7247916 0.0000000
vn 0.6645390 0.7446826 0.0619340
vn 0.6515739 0.7530127 0.0917791
vn 0.9409536 -0.1481766 -0.3043848
vn 0.8003545 -0.5905227 -0.1035165
vn 0.7159174 -0.6972538 -0.0360490
vn 0.9761923 0.0150475 -0.2163844
vn 0.9972724 -0.0540672 -0.0502438
vn 0.8699099 -0.4932107 -0.0000000
vn -0.9999438 -0.0000013 -0.0105983
vn -0.9974292 -0.0538774 -0.0472461
vn -0.9974292 -0.0538774 -0.0472461
vn -0.9999438 -0.0000013 -0.0105983
vn 0.0000000 -0.7522209 -0.6589110
vn 0.9972724 -0.0540672 -0.0502438
vn -0.9893884 0.1146603 0.0892394
vn 0.0000000 0.0000000 -1.0000000
vn -0.9175594 0.1994022 -0.3439820
vn 0.9997132 0.0234367 -0.0049191
vn 0.9761923 0.0150475 -0.2163844
vn -0.8835791 0.4682820 -0.0000000
vn -0.8835786 0.4682829 -0.0000022
vn -0.3066911 0.9518091 -0.0000000
vn 0.9293307 0.0490169 -0.3659805
vn 0.8003545 -0.5905227 -0.1035165
vn -0.9974292 -0.0538774 -0.0472461
vn -0.9997132 0.0234363 -0.0049195
vn 0.9761923 0.0150475 -0.2163844
vn 0.8699099 -0.4932107 -0.0000000
vn 0.8835786 0.4682830 0.0000000
vn -0.9175594 0.1994022 -0.3439820
vn -0.8835791 0.4682820 -0.0000000
vn -0.9239197 -0.3825775 -0.0025925
vn -0.9239197 -0.3825775 -0.0025925
vn -0.9239197 -0.3825776 -0.0025925
vn -0.9240306 -0.3823098 -0.0025869
vn 0.0000000 -0.9999969 -0.0024941
vn 0.0000000 -0.9999969 -0.0024941
vn 0.0000000 -0.9999969 -0.0024941
vn 0.0000000 -0.9999969 -0.0024941
vn -0.9239197 -0.3825775 -0.0025925
vn -0.9230798 0.3846079 -0.0006062
vn -0.9230798 0.3846079 -0.0006062
vn -0.3809162 0.9246079 0.0017698
vn -0.3809162 0.9246079 0.0017698
vn -0.9230798 0.3846079 -0.0006062
vn 0.0000000 0.9999965 0.0026269
vn 0.0000000 0.9999965 0.0026269
vn -0.3809162 0.9246079 0.0017698
vn -0.9239197 -0.3825775 -0.0025925
vn -0.9240306 -0.3823098 -0.0025869
vn 0.0000000 -0.9999969 -0.0024941
vn -0.9239216 -0.3825772 -0.0018977
vn -0.9239216 -0.3825772 -0.0018977
vn -0.9239216 -0.3825772 -0.0018977
vn -0.9240320 -0.3823104 -0.0018926
vn 0.0000000 -0.9999998 -0.0006780
vn 0.0000000 -0.9999998 -0.0006780
vn 0.0000000 -0.9999998 -0.0006780
vn 0.0000000 -0.9999998 -0.0006780
vn -0.9239216 -0.3825772 -0.0018977
vn -0.9230792 0.3846077 -0.0013046
vn -0.9230792 0.3846077 -0.0013046
vn -0.3809167 0.9246093 0.0000907
vn -0.3809167 0.9246093 0.0000907
vn -0.9230792 0.3846077 -0.0013046
vn 0.0000000 0.9999997 0.0008108
vn 0.0000000 0.9999997 0.0008108
vn -0.3809167 0.9246093 0.0000907
vn -0.9239216 -0.3825772 -0.0018977
vn -0.9240320 -0.3823104 -0.0018926
vn 0.0000000 -0.9999998 -0.0006780
vn -0.9239182 -0.3825757 -0.0033032
vn -0.9239182 -0.3825758 -0.0033032
vn -0.9239182 -0.3825758 -0.0033032
vn -0.9240286 -0.3823090 -0.0032971
vn 0.0000000 -0.9999905 -0.0043517
vn 0.0000000 -0.9999905 -0.0043517
vn 0.0000000 -0.9999905 -0.0043517
vn 0.0000000 -0.9999905 -0.0043517
vn -0.9239182 -0.3825758 -0.0033032
vn -0.9230800 0.3846080 0.0001083
vn -0.9230800 0.3846080 0.0001083
vn -0.3809145 0.9246037 0.0034873
vn -0.3809144 0.9246037 0.0034873
vn -0.9230800 0.3846080 0.0001083
vn 0.0000000 0.9999899 0.0044844
vn 0.0000000 0.9999899 0.0044844
vn -0.3809145 0.9246037 0.0034873
vn -0.9239182 -0.3825757 -0.0033032
vn -0.9240286 -0.3823090 -0.0032971
vn 0.0000000 -0.9999905 -0.0043517
vn 0.9240320 -0.3823104 -0.0018926
vn 0.9240320 -0.3823104 -0.0018926
vn 0.9240320 -0.3823104 -0.0018926
vn 0.9239216 -0.3825772 -0.0018977
vn 0.0000000 -0.9999998 -0.0006780
vn 0.0000000 -0.9999998 -0.0006780
vn 0.0000000 -0.9999998 -0.0006780
vn 0.0000000 -0.9999998 -0.0006780
vn 0.9237671 0.3829523 -0.0013390
vn 0.9230792 0.3846077 -0.0013046
vn 0.9239216 -0.3825772 -0.0018977
vn 0.3825176 0.9239482 0.0000565
vn 0.3809167 0.9246093 0.0000907
vn 0.9230792 0.3846077 -0.0013046
vn 0.0000000 0.9999997 0.0008108
vn 0.3825176 0.9239482 0.0000565
vn 0.0000000 0.9999997 0.0008108
vn 0.0000000 -0.9999998 -0.0006780
vn 0.9240320 -0.3823104 -0.0018926
vn 0.9240320 -0.3823104 -0.0018926
vn 0.9240306 -0.3823098 -0.0025869
vn 0.9240306 -0.3823098 -0.0025869
vn 0.9240306 -0.3823098 -0.0025869
vn 0.9239197 -0.3825775 -0.0025925
vn 0.9240306 -0.3823098 -0.0025869
vn 0.0000000 -0.9999969 -0.0024941
vn 0.0000000 -0.9999969 -0.0024941
vn 0.0000000 -0.9999969 -0.0024941
vn 0.0000000 -0.9999969 -0.0024941
vn 0.9240306 -0.3823098 -0.0025869
vn 0.9237678 0.3829526 -0.0006435
vn 0.9230798 0.3846079 -0.0006062
vn 0.3825170 0.9239468 0.0017345
vn 0.3809162 0.9246079 0.0017698
vn 0.0000000 0.9999965 0.0026269
vn 0.3825170 0.9239468 0.0017345
vn 0.0000000 0.9999965 0.0026269
vn 0.0000000 0.9999965 0.0026269
vn 0.0000000 -0.9999969 -0.0024941
vn 0.9240306 -0.3823098 -0.0025869
vn 0.9240306 -0.3823098 -0.0025869
vn 0.9240286 -0.3823090 -0.0032971
vn 0.9240286 -0.3823090 -0.0032971
vn 0.9240286 -0.3823090 -0.0032971
vn 0.9239182 -0.3825758 -0.0033032
vn 0.0000000 -0.9999905 -0.0043517
vn 0.0000000 -0.9999905 -0.0043517
vn 0.0000000 -0.9999905 -0.0043517
vn 0.0000000 -0.9999905 -0.0043517
vn 0.9239182 -0.3825758 -0.0033032
vn 0.9237680 0.3829526 0.0000679
vn 0.9230800 0.3846080 0.0001083
vn 0.3825153 0.9239427 0.0034508
vn 0.3809145 0.9246037 0.0034873
vn 0.0000000 0.9999899 0.0044844
vn 0.3825153 0.9239427 0.0034508
vn 0.0000000 0.9999899 0.0044844
vn 0.0000000 0.9999899 0.0044844
vn 0.0000000 -0.9999905 -0.0043517
vn 0.0000000 -0.9999905 -0.0043517
vn 0.9240286 -0.3823090 -0.0032971
vn 0.9240286 -0.3823090 -0.0032971
vn 0.0000000 -0.9999905 -0.0043517
vn -0.0000000 1.0000000 0.0002885
vn -0.0000000 1.0000000 0.0002885
vn -0.0000000 1.0000000 0.0002885
vn -0.0000000 1.0000000 0.0002885
vn 0.0000000 1.0000000 -0.0000000
vn 0.0000000 1.0000000 -0.0000000
vn -0.0000000 1.0000000 0.0002885
vn 0.0000000 1.0000000 -0.0000000
vn 0.0000000 1.0000000 -0.0000000
vn 0.0000000 1.0000000 -0.0000000
vn 0.0000000 1.0000000 -0.0000000
vn 0.8819097 0.3642472 -0.2992645
vn 0.8819097 0.3642472 -0.2992645
vn 0.0000000 1.0000000 -0.0000000
vn 0.0000000 1.0000000 -0.0000000
vn -0.0000000 1.0000000 0.0002885
vn 0.9470904 0.0013373 -0.3209642
vn 0.0000000 1.0000000 -0.0000000
vn 0.8895857 0.1586809 -0.4283195
vn 0.8895857 0.1586809 -0.4283195
vn 0.8895857 0.1586809 -0.4283195
vn 0.9494126 -0.0053067 -0.3139867
vn 0.8895857 0.1586809 -0.4283195
vn 0.8895857 0.1586809 -0.4283195
vn 0.9257067 0.3780493 -0.0120759
vn 0.9257067 0.3780494 -0.0120759
vn 0.9381524 0.1211176 -0.3243463
vn 0.9381524 0.1211176 -0.3243463
vn 0.9381524 0.1211176 -0.3243463
vn 0.9466191 0.0608906 -0.3165511
vn 0.9381524 0.1211176 -0.3243463
vn 0.9999447 0.0105032 0.0005827
vn 0.9470904 0.0013373 -0.3209642
vn -0.0000000 1.0000000 0.0002885
vn -0.0000000 1.0000000 0.0002885
vn 0.9044691 0.1891083 -0.3823267
vn 0.9044691 0.1891083 -0.3823268
vn 0.9044691 0.1891083 -0.3823267
vn 0.9257067 0.3780493 -0.0120759
vn -0.0000000 1.0000000 -0.0000000
vn 0.0000000 1.0000000 -0.0000000
vn 0.9228258 0.0789811 -0.3770338
vn 0.9228258 0.0789812 -0.3770338
vn 0.0000000 1.0000000 -0.0000000
vn -0.0000002 0.0189283 0.9998208
vn 0.9999447 0.0105032 0.0005827
vn -0.0000000 1.0000000 0.0002885
vn -0.0000000 1.0000000 0.0002885
vn 0.0000000 -0.2820486 -0.9594001
vn -0.0000000 1.0000000 -0.0000000
vn 0.9228258 0.0789812 -0.3770338
vn 0.0000000 -0.2820485 -0.9594001
vn 0.0000000 -0.3735614 -0.9276055
vn 0.9044691 0.1891083 -0.3823268
vn 0.9044691 0.1891083 -0.3823267
vn 0.0000000 -0.3735614 -0.9276055
vn 0.0000001 -0.9849201 -0.1730097
vn 0.8895857 0.1586809 -0.4283195
vn 0.9494126 -0.0053067 -0.3139867
vn 0.0000000 -0.9849201 -0.1730096
vn 0.0000001 -0.9849201 -0.1730097
vn 0.0000000 -0.9999908 -0.0042800
vn 0.0000000 -0.9999908 -0.0042800
vn 0.0000001 -0.9849201 -0.1730097
vn 0.0000002 0.2573597 -0.9663157
vn 0.8895857 0.1586809 -0.4283195
vn 0.8895857 0.1586809 -0.4283195
vn 0.0000001 -0.9849201 -0.1730097
vn 0.0000000 -0.3697319 -0.9291385
vn 0.0000000 -0.3697319 -0.9291385
vn 0.8819097 0.3642472 -0.2992645
vn 0.0000000 -0.3697320 -0.9291385
vn 0.0000000 -0.3697319 -0.9291385
vn 0.0000000 1.0000000 -0.0000000
vn 0.0000000 1.0000000 -0.0000000
vn 0.9999447 0.0105032 0.0005827
vn 0.9470904 0.0013373 -0.3209642
vn 0.0000002 0.2573597 -0.9663157
vn 0.0000000 -0.2820485 -0.9594001
vn 0.8895857 0.1586809 -0.4283195
vn 0.0000002 0.2573597 -0.9663157
vn 0.0000000 -0.9999908 -0.0042800
vn 0.9494126 -0.0053067 -0.3139867
vn 0.8895857 0.1586809 -0.4283195
vn 0.0000000 -0.3697320 -0.9291385
vn 0.8819097 0.3642472 -0.2992645
vn 0.8819097 0.3642472 -0.2992645
vn 0.8792716 0.3294854 -0.3439779
vn 0.0000000 -0.2820486 -0.9594001
vn 0.0000000 -0.3735614 -0.9276055
vn 0.9044691 0.1891083 -0.3823267
vn -0.0000000 1.0000000 -0.0000000
vn 0.0000000 -0.2820486 -0.9594001
vn 0.0000000 -0.3571984 -0.9340285
vn 0.9381524 0.1211176 -0.3243463
vn 0.9381524 0.1211176 -0.3243463
vn 0.0000000 -0.3571984 -0.9340285
vn 0.0000000 -0.3571984 -0.9340285
vn 0.0000000 -0.3697320 -0.9291385
vn 0.8792716 0.3294854 -0.3439779
vn 0.9381524 0.1211176 -0.3243463
vn 0.0000000 1.0000000 -0.0000000
vn 0.9257067 0.3780493 -0.0120759
vn 0.8895857 0.1586809 -0.4283195
vn 0.0000000 -0.3571984 -0.9340285
vn 0.0000000 -0.3697319 -0.9291385
vn 0.0000000 -0.3697320 -0.9291385
vn 0.9381524 0.1211176 -0.3243463
vn 0.0000000 -0.3571984 -0.9340285
vn 0.8895857 0.1586809 -0.4283195
vn 0.8895857 0.1586809 -0.4283195
vn 0.9228258 0.0789812 -0.3770338
vn 0.9466191 0.0608906 -0.3165511
vn 0.9044691 0.1891083 -0.3823267
vn 0.9044691 0.1891083 -0.3823268
vn 0.9381524 0.1211176 -0.3243463
vn 0.9381524 0.1211176 -0.3243463
vn 0.8792716 0.3294854 -0.3439779
vn 0.9044691 0.1891083 -0.3823267
vn 0.0000000 -0.3735614 -0.9276055
vn 0.9381524 0.1211176 -0.3243463
vn 0.9044691 0.1891083 -0.3823268
vn 0.0000000 -0.9849201 -0.1730096
vn 0.0000000 -0.9999908 -0.0042800
vn -0.9999699 0.0000000 -0.0077581
vn -0.9998969 0.0060040 -0.0130442
vn 0.0000000 -0.9849201 -0.1730096
vn -0.9807760 0.0854812 -0.1754180
vn -0.9807760 0.0854812 -0.1754180
vn -0.9807760 0.0854812 -0.1754180
vn -0.9240081 0.3776613 0.0598419
vn -0.9807760 0.0854812 -0.1754180
vn 0.0000000 -0.3735614 -0.9276055
vn -0.9807760 0.0854812 -0.1754180
vn -0.8909528 0.3349799 -0.3065806
vn 0.0000000 1.0000000 -0.0000000
vn 0.0000000 1.0000000 -0.0000000
vn 0.0000000 -0.3697319 -0.9291385
vn -0.8909528 0.3349799 -0.3065806
vn -0.9078181 0.3279195 -0.2614100
vn -0.0000000 1.0000000 0.0002885
vn 0.0000001 -0.9849201 -0.1730097
vn -0.9998969 0.0060040 -0.0130442
vn 0.0000002 0.2573597 -0.9663157
vn -0.9999699 0.0000000 -0.0077581
vn -0.9257063 0.3780503 -0.0120763
vn 0.0000000 -0.3571984 -0.9340285
vn -0.0000000 1.0000000 0.0002885
vn -0.0000000 1.0000000 0.0002885
vn -0.9078181 0.3279195 -0.2614100
vn 0.0000000 -0.3735614 -0.9276055
vn -0.9257063 0.3780503 -0.0120763
vn -0.9807760 0.0854812 -0.1754180
vn 0.0000000 -0.3735614 -0.9276055
vn 0.0000000 -0.2820486 -0.9594001
vn -0.0000000 1.0000000 -0.0000000
vn -0.9228255 0.0789820 -0.3770345
vn 0.0000002 0.2573597 -0.9663157
vn -0.9998969 0.0060040 -0.0130442
vn -0.9998969 0.0060040 -0.0130442
vn -0.9257063 0.3780503 -0.0120763
vn 0.0000000 -0.3571984 -0.9340285
vn -0.9240081 0.3776613 0.0598419
vn 0.0000000 -0.3697319 -0.9291385
vn 0.0000000 -0.3697319 -0.9291385
vn -0.9240081 0.3776613 0.0598419
vn -0.8909528 0.3349799 -0.3065806
vn 0.0000000 -0.3697319 -0.9291385
vn -0.9999699 0.0000000 -0.0077581
vn -0.0000002 0.0189283 0.9998208
vn -0.8909528 0.3349799 -0.3065806
vn -0.9807760 0.0854812 -0.1754180
vn -0.9999699 0.0000000 -0.0077581
vn -0.9078181 0.3279195 -0.2614100
vn 0.8792716 0.3294854 -0.3439779
vn 0.8819097 0.3642472 -0.2992645
vn 0.9470904 0.0013373 -0.3209642
vn 0.9044691 0.1891083 -0.3823267
vn 0.8792716 0.3294854 -0.3439779
vn 0.9470904 0.0013373 -0.3209642
vn 0.9257067 0.3780493 -0.0120759
vn 0.9257067 0.3780494 -0.0120759
vn -0.9807760 0.0854812 -0.1754180
vn 0.9257067 0.3780493 -0.0120759
vn -1.0000000 -0.0000000 -0.0000000
vn -1.0000000 -0.0000000 -0.0000000
vn -1.0000000 -0.0000000 -0.0000000
vn -1.0000000 0.0000000 -0.0000000
vn -1.0000000 -0.0000000 -0.0000000
vn 1.0000000 -0.0000000 -0.0000000
vn 1.0000000 -0.0000000 -0.0000000
vn 1.0000000 -0.0000000 -0.0000000
vn -1.0000000 0.0000000 -0.0000000
vn -1.0000000 0.0000000 -0.0000000
vn -1.0000000 0.0000000 -0.0000000
vn -0.0000000 0.3234353 -0.9462503
vn -0.0018499 0.3257912 -0.9454399
vn 1.0000000 0.0000000 -0.0000000
vn 1.0000000 -0.0000000 -0.0000000
vn 1.0000000 0.0000000 0.0000000
vn 1.0000000 0.0000000 0.0000000
vn 1.0000000 0.0000000 0.0000000
vn 0.0000000 0.0000000 1.0000000
vn 0.0000000 0.0000000 1.0000000
vn -1.0000000 0.0000000 0.0000000
vn -1.0000000 0.0000000 -0.0000000
vn -1.0000000 0.0000000 -0.0000000
vn 0.0000000 0.5612419 0.8276518
vn 0.0000000 0.5612420 0.8276518
vn -1.0000000 -0.0000000 -0.0000000
vn 0.0000000 0.5612420 0.8276518
vn -1.0000000 -0.0000000 0.0000000
vn -1.0000000 0.0000000 -0.0000000
vn -1.0000000 0.0000000 0.0000000
vn 1.0000000 -0.0000000 -0.0000000
vn 1.0000000 -0.0000000 -0.0000000
vn -1.0000000 0.0000000 -0.0000000
vn 0.0000000 0.2181730 -0.9759101
vn 0.0000000 0.2181730 -0.9759101
vn -1.0000000 -0.0000000 -0.0000000
vn -1.0000000 -0.0000000 -0.0000000
vn 1.0000000 0.0000000 -0.0000000
vn 1.0000000 -0.0000000 -0.0000000
vn -1.0000000 0.0000000 -0.0000000
vn -1.0000000 -0.0000000 0.0000000
vn 0.0000000 0.8881123 -0.4596266
vn -1.0000000 0.0000000 -0.0000000
vn 1.0000000 -0.0000000 -0.0000000
vn 1.0000000 0.0000000 0.0000000
vn 0.0000000 0.9413465 -0.3374416
vn -0.0018499 0.3257912 -0.9454399
vn 1.0000000 -0.0000000 -0.0000000
vn -0.0000000 -0.0000000 1.0000000
vn 1.0000000 0.0000000 0.0000000
vn -0.0000000 -0.0000000 1.0000000
vn 0.0000000 0.0000000 1.0000000
vn 1.0000000 0.0000000 -0.0000000
vn 1.0000000 0.0000000 -0.0000000
vn 1.0000000 0.0000000 -0.0000000
vn 1.0000000 -0.0000000 -0.0000000
vn 1.0000000 0.0000000 -0.0000000
vn 1.0000000 0.0000000 0.0000000
vn 1.0000000 0.0000000 0.0000000
vn -0.0018499 0.3257912 -0.9454399
vn 1.0000000 -0.0000000 -0.0000000
vn 1.0000000 -0.0000000 -0.0000000
vn 1.0000000 0.0000000 0.0000000
vn 1.0000000 0.0000000 -0.0000000
vn -0.0000000 -0.0000000 1.0000000
vn 1.0000000 0.0000000 0.0000000
vn -1.0000000 0.0000000 -0.0000000
vn 0.0000000 0.8881123 -0.4596266
vn 0.0000000 0.5612420 0.8276518
vn 0.0000000 0.5612419 0.8276518
vn 0.0000000 0.5612420 0.8276518
vn 0.0000000 0.8881123 -0.4596266
vn -1.0000000 0.0000000 -0.0000000
vn -0.0000000 0.3234353 -0.9462503
vn -1.0000000 0.0000000 0.0000000
vn 1.0000000 0.0000000 -0.0000000
vn 0.0000000 0.9413465 -0.3374416
vn 1.0000000 0.0000000 0.0000000
vn 0.0000000 0.2181730 -0.9759101
vn -1.0000000 0.0000000 -0.0000000
vn -1.0000000 0.0000000 -0.0000000
vn -1.0000000 0.0000000 -0.0000000
vn -1.0000000 0.0000000 -0.0000000
vn -1.0000000 0.0000000 -0.0000000
vn -0.0092998 0.2700070 -0.9628134
vn -0.0119183 0.2690662 -0.9630479
vn -0.0026898 0.2723726 -0.9621881
vn -0.0000000 0.2733314 -0.9619199
vn -0.0180763 0.5639334 -0.8256224
vn -0.0247996 0.5598750 -0.8282059
vn -0.0142218 0.5662424 -0.8241160
vn -0.0073856 0.5703058 -0.8213992
vn -1.0000000 0.0000000 -0.0000000
vn -1.0000000 0.0000000 -0.0000000
vn -0.0018499 0.3257912 -0.9454399
vn -1.0000000 0.0000000 -0.0000000
vn 0.0000000 0.2181730 -0.9759101
vn -1.0000000 0.0000000 -0.0000000
vn 0.0000000 0.5612420 0.8276517
vn 0.0000000 0.5612420 0.8276517
vn 0.0000000 0.5612420 0.8276517
vn 0.0000000 0.5612420 0.8276517
vn 0.0000000 0.0000000 1.0000000
vn 0.0000000 0.0000000 1.0000000
vn 0.0000000 -0.0014299 0.9999990
vn -0.0000000 -0.0014299 0.9999990
vn -0.0000000 0.8110964 -0.5849125
vn -0.3805248 -0.0013223 0.9247698
vn 0.0000000 -0.0014447 0.9999990
vn -0.0000000 0.8110964 -0.5849125
s 1
f 1/1/1 2/2/2 3/3/3
f 3/3/3 4/4/4 5/5/5
f 6/6/6 7/7/7 8/8/8
f 8/8/8 9/9/9 10/10/10
f 11/11/11 7/7/7 10/10/10
f 10/10/10 4/4/4 11/11/11
f 4/4/4 10/10/10 12/12/12
f 12/12/12 13/13/13 4/4/4
f 14/14/14 15/15/15 7/7/7
f 7/7/7 11/11/11 14/14/14
f 16/16/16 17/17/17 18/18/18
f 18/18/18 19/19/19 16/16/16
f 20/20/20 21/21/21 22/22/22
f 22/22/22 23/23/23 24/24/24
f 25/25/25 21/21/21 24/24/24
f 24/24/24 26/26/26 25/25/25
f 26/26/26 24/24/24 27/27/27
f 27/27/27 28/28/28 26/26/26
f 29/29/29 30/30/30 21/21/21
f 21/21/21 25/25/25 29/29/29
f 31/31/31 32/32/32 33/33/33
f 31/31/31 33/33/33 34/34/34
f 31/31/31 34/34/34 35/35/35
f 31/31/31 35/35/35 36/36/36
f 31/31/31 36/36/36 37/37/37
f 38/38/38 37/37/37 39/39/39
f 40/40/40 41/41/41 42/42/42
f 42/42/42 43/43/43 44/44/44
f 43/43/43 45/45/45 46/46/46
f 46/46/46 47/47/47 43/43/43
f 48/48/48 49/49/49 41/41/41
f 41/41/41 50/50/50 51/51/51
f 47/47/47 52/52/52 53/53/53
f 53/53/53 54/54/54 55/55/55
f 56/56/56 57/57/57 58/58/58
f 58/58/58 59/59/59 60/60/60
f 61/61/61 53/53/53 62/62/62
f 62/62/62 63/63/63 61/61/61
f 64/64/64 65/65/65 57/57/57
f 57/57/57 66/66/66 67/67/67
f 63/63/63 68/68/68 65/65/65
f 65/65/65 67/67/67 63/63/63
f 69/69/69 70/70/70 71/71/71
f 71/71/71 72/72/72 73/73/73
f 73/73/73 69/69/69 71/71/71
f 72/72/72 74/74/74 75/75/75
f 75/75/75 73/73/73 76/76/76
f 77/77/77 78/78/78 79/79/79
f 79/79/79 80/80/80 77/77/77
f 81/81/81 82/82/82 83/83/83
f 81/81/81 83/83/83 84/84/84
f 81/81/81 84/84/84 85/85/85
f 81/81/81 85/85/85 86/86/86
f 81/81/81 86/86/86 87/87/87
f 81/81/81 87/87/87 88/88/88
f 89/89/89 90/90/90 91/91/91
f 91/91/91 92/92/92 89/89/89
f 93/93/93 94/94/94 95/95/95
f 95/95/95 96/96/96 93/93/93
f 97/97/97 95/95/95 98/98/98
f 99/99/99 100/100/100 101/101/101
f 101/101/101 102/102/102 99/99/99
f 103/103/103 77/77/77 104/104/104
f 104/104/104 105/105/105 103/103/103
f 106/106/106 107/107/107 108/108/108
f 108/108/108 109/109/109 110/110/110
f 111/111/111 112/112/112 113/113/113
f 113/113/113 114/114/114 111/111/111
f 112/112/112 115/115/115 116/116/116
f 116/116/116 113/113/113 112/112/112
f 115/115/115 117/117/117 118/118/118
f 118/118/118 116/116/116 115/115/115
f 119/119/119 120/120/120 121/121/121
f 121/121/121 122/122/122 119/119/119
f 123/123/123 124/124/124 125/125/125
f 125/125/125 126/126/126 127/127/127
f 128/128/128 129/129/129 130/130/130
f 130/130/130 131/131/131 128/128/128
f 132/132/132 133/133/133 134/134/134
f 134/134/134 130/130/130 132/132/132
f 133/133/133 135/135/135 136/136/136
f 136/136/136 134/134/134 133/133/133
f 135/135/135 137/137/137 138/138/138
f 138/138/138 136/136/136 135/135/135
f 107/107/107 139/139/139 140/140/140
f 140/140/140 141/141/141 107/107/107
f 142/142/142 143/143/143 126/126/126
f 126/126/126 144/144/144 145/145/145
f 146/146/146 147/147/147 148/148/148
f 148/148/148 149/149/149 150/150/150
f 147/147/147 145/145/145 151/151/151
f 151/151/151 152/152/152 147/147/147
f 153/153/153 154/154/154 155/155/155
f 155/155/155 156/156/156 153/153/153
f 157/157/157 158/158/158 159/159/159
f 159/159/159 160/160/160 157/157/157
f 161/161/161 162/162/162 163/163/163
f 163/163/163 164/164/164 165/165/165
f 97/97/97 166/166/166 167/167/167
f 167/167/167 159/159/159 97/97/97
f 168/168/168 169/169/169 170/170/170
f 170/170/170 171/171/171 168/168/168
f 172/172/172 173/173/173 174/174/174
f 175/175/175 174/174/174 176/176/176
f 175/175/175 176/176/176 177/177/177
f 175/175/175 177/177/177 178/178/178
f 175/175/175 178/178/178 179/179/179
f 175/175/175 179/179/179 180/180/180
f 181/181/181 182/182/182 183/183/183
f 183/183/183 184/184/184 181/181/181
f 184/184/184 183/183/183 185/185/185
f 185/185/185 186/186/186 187/187/187
f 188/188/188 189/189/189 190/190/190
f 190/190/190 191/191/191 192/192/192
f 193/193/193 194/194/194 195/195/195
f 195/195/195 196/196/196 193/193/193
f 197/197/197 198/198/198 199/199/199
f 199/199/199 200/200/200 197/197/197
f 201/201/201 195/195/195 202/202/202
f 202/202/202 203/203/203 201/201/201
f 204/204/204 205/205/205 206/206/206
f 206/206/206 207/207/207 208/208/208
f 203/203/203 209/209/209 205/205/205
f 205/205/205 208/208/208 203/203/203
f 210/210/210 211/211/211 212/212/212
f 212/212/212 213/213/213 214/214/214
f 215/215/215 216/216/216 211/211/211
f 211/211/211 217/217/217 215/215/215
f 218/218/218 219/219/219 215/215/215
f 215/215/215 217/217/217 218/218/218
f 220/220/220 221/221/221 217/217/217
f 217/217/217 222/222/222 220/220/220
f 223/223/223 224/224/224 225/225/225
f 225/225/225 226/226/226 223/223/223
f 227/227/227 228/228/228 229/229/229
f 229/229/229 230/230/230 227/227/227
f 231/231/231 232/232/232 229/229/229
f 229/229/229 232/232/232 215/215/215
f 217/217/217 233/233/233 234/234/234
f 234/234/234 233/233/233 235/235/235
f 236/236/236 234/234/234 235/235/235
f 235/235/235 237/237/237 236/236/236
f 238/238/238 239/239/239 229/229/229
f 229/229/229 215/215/215 238/238/238
f 240/240/240 241/241/241 242/242/242
f 242/242/242 243/243/243 240/240/240
f 244/244/244 245/245/245 246/246/246
f 246/246/246 247/247/247 244/244/244
f 248/248/248 249/249/249 244/244/244
f 244/244/244 250/250/250 248/248/248
f 250/250/250 251/251/251 252/252/252
f 252/252/252 248/248/248 250/250/250
f 251/251/251 253/253/253 254/254/254
f 254/254/254 252/252/252 255/255/255
f 256/256/256 257/257/257 246/246/246
f 246/246/246 258/258/258 256/256/256
f 259/259/259 256/256/256 258/258/258
f 258/258/258 260/260/260 259/259/259
f 261/261/261 262/262/262 260/260/260
f 260/260/260 263/263/263 261/261/261
f 264/264/264 265/265/265 266/266/266
f 266/266/266 267/267/267 268/268/268
f 269/269/269 270/270/270 271/271/271
f 271/271/271 272/272/272 269/269/269
f 273/273/273 274/274/274 275/275/275
f 275/275/275 276/276/276 273/273/273
f 277/277/277 271/271/271 270/270/270
f 270/270/270 278/278/278 277/277/277
f 279/279/279 280/280/280 271/271/271
f 271/271/271 281/281/281 279/279/279
f 281/281/281 282/282/282 283/283/283
f 283/283/283 279/279/279 281/281/281
f 284/284/284 285/285/285 286/286/286
f 286/286/286 287/287/287 288/288/288
f 267/267/267 266/266/266 289/289/289
f 289/289/289 290/290/290 267/267/267
f 291/291/291 292/292/292 293/293/293
f 293/293/293 283/283/283 294/294/294
f 295/295/295 296/296/296 297/297/297
f 297/297/297 288/288/288 295/295/295
f 298/298/298 299/299/299 300/300/300
f 300/300/300 301/301/301 298/298/298
f 302/302/302 303/303/303 299/299/299
f 299/299/299 298/298/298 302/302/302
f 303/303/303 302/302/302 304/304/304
f 304/304/304 305/305/305 306/306/306
f 267/267/267 307/307/307 308/308/308
f 309/309/309 310/310/310 266/266/266
f 311/311/311 266/266/266 312/312/312
f 312/312/312 313/313/313 314/314/314
f 315/315/315 316/316/316 267/267/267
f 267/267/267 317/317/317 315/315/315
f 318/318/318 319/319/319 320/320/320
f 320/320/320 321/321/321 318/318/318
f 322/322/322 323/323/323 324/324/324
f 324/324/324 325/325/325 322/322/322
f 320/320/320 323/323/323 322/322/322
f 322/322/322 321/321/321 320/320/320
f 321/321/321 322/322/322 326/326/326
f 326/326/326 327/327/327 321/321/321
f 328/328/328 329/329/329 323/323/323
f 323/323/323 320/320/320 328/328/328
f 330/330/330 331/331/331 332/332/332
f 332/332/332 333/333/333 330/330/330
f 334/334/334 335/335/335 336/336/336
f 336/336/336 337/337/337 334/334/334
f 332/332/332 335/335/335 334/334/334
f 334/334/334 333/333/333 332/332/332
f 333/333/333 334/334/334 338/338/338
f 338/338/338 339/339/339 333/333/333
f 340/340/340 341/341/341 342/342/342
f 342/342/342 343/343/343 340/340/340
f 344/344/344 345/345/345 346/346/346
f 346/346/346 347/347/347 344/344/344
f 348/348/348 347/347/347 349/349/349
f 349/349/349 350/350/350 348/348/348
f 351/351/351 344/344/344 352/352/352
f 352/352/352 348/348/348 351/351/351
f 351/351/351 348/348/348 353/353/353
f 353/353/353 354/354/354 351/351/351
f 355/355/355 356/356/356 357/357/357
f 357/357/357 358/358/358 355/355/355
f 356/356/356 359/359/359 360/360/360
f 357/357/357 356/356/356 360/360/360
f 360/360/360 361/361/361 357/357/357
f 361/361/361 362/362/362 357/357/357
f 363/363/363 364/364/364 365/365/365
f 363/363/363 365/365/365 366/366/366
f 363/363/363 366/366/366 367/367/367
f 363/363/363 367/367/367 368/368/368
f 363/363/363 368/368/368 369/369/369
f 370/370/370 369/369/369 371/371/371
f 372/372/372 373/373/373 368/368/368
f 368/368/368 374/374/374 372/372/372
f 375/375/375 372/372/372 374/374/374
f 374/374/374 376/376/376 375/375/375
f 373/373/373 377/377/377 369/369/369
f 369/369/369 378/378/378 373/373/373
f 379/379/379 375/375/375 380/380/380
f 380/380/380 381/381/381 379/379/379
f 382/382/382 383/383/383 384/384/384
f 384/384/384 385/385/385 382/382/382
f 386/386/386 387/387/387 381/381/381
f 381/381/381 388/388/388 389/389/389
f 383/383/383 390/390/390 391/391/391
f 391/391/391 392/392/392 393/393/393
f 394/394/394 389/389/389 395/395/395
f 395/395/395 391/391/391 394/394/394
f 396/396/396 397/397/397 398/398/398
f 396/396/396 398/398/398 399/399/399
f 396/396/396 399/399/399 400/400/400
f 396/396/396 400/400/400 401/401/401
f 396/396/396 401/401/401 402/402/402
f 396/396/396 402/402/402 403/403/403
f 404/404/404 405/405/405 406/406/406
f 406/406/406 407/407/407 408/408/408
f 409/409/409 408/408/408 407/407/407
f 407/407/407 410/410/410 409/409/409
f 405/405/405 411/411/411 402/402/402
f 402/402/402 406/406/406 405/405/405
f 412/412/412 409/409/409 410/410/410
f 410/410/410 413/413/413 412/412/412
f 414/414/414 415/415/415 416/416/416
f 416/416/416 417/417/417 414/414/414
f 418/418/418 412/412/412 419/419/419
f 419/419/419 420/420/420 418/418/418
f 415/415/415 421/421/421 422/422/422
f 422/422/422 416/416/416 415/415/415
f 421/421/421 418/418/418 420/420/420
f 420/420/420 422/422/422 421/421/421
f 423/423/423 424/424/424 425/425/425
f 423/423/423 425/425/425 426/426/426
f 423/423/423 426/426/426 427/427/427
f 423/423/423 427/427/427 428/428/428
f 423/423/423 428/428/428 429/429/429
f 423/423/423 429/429/429 430/430/430
f 431/431/431 432/432/432 433/433/433
f 433/433/433 434/434/434 435/435/435
f 436/436/436 435/435/435 434/434/434
f 434/434/434 437/437/437 436/436/436
f 432/432/432 438/438/438 429/429/429
f 429/429/429 433/433/433 432/432/432
f 439/439/439 436/436/436 437/437/437
f 437/437/437 440/440/440 439/439/439
f 441/441/441 442/442/442 443/443/443
f 443/443/443 444/444/444 445/445/445
f 446/446/446 439/439/439 447/447/447
f 447/447/447 448/448/448 446/446/446
f 449/449/449 450/450/450 451/451/451
f 451/451/451 452/452/452 453/453/453
f 454/454/454 446/446/446 448/448/448
f 448/448/448 451/451/451 454/454/454
f 455/455/455 456/456/456 457/457/457
f 457/457/457 458/458/458 459/459/459
f 460/460/460 461/461/461 462/462/462
f 462/462/462 463/463/463 460/460/460
f 464/464/464 465/465/465 466/466/466
f 466/466/466 467/467/467 468/468/468
f 469/469/469 470/470/470 471/471/471
f 471/471/471 472/472/472 469/469/469
f 473/473/473 474/474/474 475/475/475
f 475/475/475 476/476/476 473/473/473
f 477/477/477 463/463/463 478/478/478
f 478/478/478 479/479/479 480/480/480
f 479/479/479 478/478/478 481/481/481
f 481/481/481 482/482/482 483/483/483
f 482/482/482 484/484/484 485/485/485
f 485/485/485 486/486/486 482/482/482
f 487/487/487 488/488/488 489/489/489
f 489/489/489 490/490/490 491/491/491
f 492/492/492 493/493/493 494/494/494
f 494/494/494 495/495/495 492/492/492
f 486/486/486 496/496/496 497/497/497
f 497/497/497 498/498/498 486/486/486
f 498/498/498 497/497/497 499/499/499
f 499/499/499 494/494/494 498/498/498
f 500/500/500 501/501/501 502/502/502
f 502/502/502 503/503/503 500/500/500
f 504/504/504 505/505/505 506/506/506
f 506/506/506 507/507/507 508/508/508
f 509/509/509 486/486/486 498/498/498
f 498/498/498 510/510/510 509/509/509
f 511/511/511 512/512/512 513/513/513
f 513/513/513 514/514/514 511/511/511
f 515/515/515 516/516/516 517/517/517
f 517/517/517 478/478/478 515/515/515
f 518/518/518 519/519/519 520/520/520
f 520/520/520 521/521/521 522/522/522
f 523/523/523 511/511/511 524/524/524
f 524/524/524 525/525/525 523/523/523
f 526/526/526 527/527/527 528/528/528
f 528/528/528 529/529/529 530/530/530
f 531/531/531 523/523/523 532/532/532
f 532/532/532 533/533/533 531/531/531
f 534/534/534 535/535/535 536/536/536
f 536/536/536 519/519/519 537/537/537
f 538/538/538 537/537/537 519/519/519
f 519/519/519 539/539/539 538/538/538
f 540/540/540 541/541/541 537/537/537
f 537/537/537 542/542/542 543/543/543
f 544/544/544 545/545/545 546/546/546
f 546/546/546 547/547/547 548/548/548
f 547/547/547 549/549/549 550/550/550
f 550/550/550 535/535/535 547/547/547
f 551/551/551 552/552/552 553/553/553
f 553/553/553 543/543/543 551/551/551
f 554/554/554 555/555/555 556/556/556
f 556/556/556 551/551/551 557/557/557
f 558/558/558 559/559/559 557/557/557
f 557/557/557 551/551/551 558/558/558
f 560/560/560 561/561/561 551/551/551
f 551/551/551 543/543/543 560/560/560
f 562/562/562 563/563/563 564/564/564
f 564/564/564 565/565/565 562/562/562
f 566/566/566 567/567/567 568/568/568
f 568/568/568 569/569/569 570/570/570
f 571/571/571 570/570/570 569/569/569
f 569/569/569 572/572/572 571/571/571
f 573/573/573 574/574/574 575/575/575
f 575/575/575 576/576/576 577/577/577
f 567/567/567 578/578/578 579/579/579
f 579/579/579 580/580/580 567/567/567
f 581/581/581 582/582/582 583/583/583
f 583/583/583 584/584/584 581/581/581
f 585/585/585 586/586/586 587/587/587
f 587/587/587 588/588/588 585/585/585
f 589/589/589 590/590/590 591/591/591
f 591/591/591 592/592/592 589/589/589
f 593/593/593 594/594/594 595/595/595
f 595/595/595 596/596/596 597/597/597
f 598/598/598 599/599/599 600/600/600
f 600/600/600 601/601/601 602/602/602
f 603/603/603 604/604/604 605/605/605
f 605/605/605 606/606/606 603/603/603
f 607/607/607 608/608/608 594/594/594
f 594/594/594 609/609/609 607/607/607
f 610/610/610 611/611/611 601/601/601
f 601/601/601 612/612/612 610/610/610
f 613/613/613 614/614/614 615/615/615
f 615/615/615 616/616/616 617/617/617
f 618/618/618 619/619/619 620/620/620
f 620/620/620 607/607/607 618/618/618
f 621/621/621 622/622/622 623/623/623
f 623/623/623 624/624/624 621/621/621
f 625/625/625 626/626/626 627/627/627
f 627/627/627 628/628/628 625/625/625
f 629/629/629 630/630/630 631/631/631
f 631/631/631 632/632/632 629/629/629
f 633/633/633 634/634/634 612/612/612
f 612/612/612 635/635/635 633/633/633
f 636/636/636 577/577/577 637/637/637
f 637/637/637 638/638/638 639/639/639
f 640/640/640 641/641/641 596/596/596
f 596/596/596 642/642/642 640/640/640
f 643/643/643 644/644/644 645/645/645
f 645/645/645 646/646/646 643/643/643
f 647/647/647 648/648/648 646/646/646
f 646/646/646 649/649/649 650/650/650
f 651/651/651 652/652/652 648/648/648
f 648/648/648 650/650/650 651/651/651
f 653/653/653 654/654/654 655/655/655
f 655/655/655 656/656/656 657/657/657
f 658/658/658 659/659/659 660/660/660
f 660/660/660 661/661/661 658/658/658
f 662/662/662 663/663/663 664/664/664
f 664/664/664 665/665/665 666/666/666
f 667/667/667 668/668/668 669/669/669
f 669/669/669 670/670/670 667/667/667
f 671/671/671 672/672/672 673/673/673
f 673/673/673 674/674/674 671/671/671
f 675/675/675 676/676/676 677/677/677
f 677/677/677 678/678/678 675/675/675
f 678/678/678 677/677/677 679/679/679
f 679/679/679 680/680/680 681/681/681
f 680/680/680 679/679/679 682/682/682
f 682/682/682 683/683/683 684/684/684
f 672/672/672 685/685/685 686/686/686
f 686/686/686 673/673/673 672/672/672
f 687/687/687 688/688/688 689/689/689
f 689/689/689 690/690/690 687/687/687
f 691/691/691 692/692/692 693/693/693
f 693/693/693 694/694/694 691/691/691
f 694/694/694 693/693/693 695/695/695
f 695/695/695 689/689/689 694/694/694
f 685/685/685 696/696/696 697/697/697
f 697/697/697 698/698/698 685/685/685
f 665/665/665 699/699/699 700/700/700
f 700/700/700 701/701/701 665/665/665
f 702/702/702 703/703/703 704/704/704
f 704/704/704 705/705/705 706/706/706
f 707/707/707 708/708/708 709/709/709
f 709/709/709 710/710/710 707/707/707
f 711/711/711 712/712/712 713/713/713
f 713/713/713 714/714/714 711/711/711
f 715/715/715 716/716/716 717/717/717
f 717/717/717 718/718/718 719/719/719
f 720/720/720 721/721/721 722/722/722
f 722/722/722 723/723/723 720/720/720
f 724/724/724 725/725/725 681/681/681
f 681/681/681 726/726/726 724/724/724
f 727/727/727 728/728/728 729/729/729
f 729/729/729 713/713/713 730/730/730
f 731/731/731 732/732/732 705/705/705
f 705/705/705 733/733/733 734/734/734
f 735/735/735 734/734/734 736/736/736
f 736/736/736 737/737/737 738/738/738
f 697/697/697 739/739/739 734/734/734
f 734/734/734 738/738/738 697/697/697
f 726/726/726 681/681/681 740/740/740
f 740/740/740 741/741/741 742/742/742
f 741/741/741 740/740/740 743/743/743
f 743/743/743 744/744/744 745/745/745
f 746/746/746 747/747/747 748/748/748
f 748/748/748 697/697/697 746/746/746
f 749/749/749 750/750/750 751/751/751
f 751/751/751 746/746/746 752/752/752
f 753/753/753 754/754/754 752/752/752
f 752/752/752 746/746/746 753/753/753
f 755/755/755 756/756/756 746/746/746
f 746/746/746 697/697/697 755/755/755
f 757/757/757 758/758/758 759/759/759
f 759/759/759 760/760/760 761/761/761
f 762/762/762 763/763/763 764/764/764
f 764/764/764 765/765/765 762/762/762
f 766/766/766 767/767/767 768/768/768
f 768/768/768 769/769/769 766/766/766
f 770/770/770 771/771/771 772/772/772
f 772/772/772 773/773/773 770/770/770
f 774/774/774 775/775/775 776/776/776
f 776/776/776 777/777/777 774/774/774
f 778/778/778 779/779/779 780/780/780
f 780/780/780 781/781/781 782/782/782
f 781/781/781 783/783/783 784/784/784
f 784/784/784 785/785/785 781/781/781
f 785/785/785 784/784/784 786/786/786
f 786/786/786 787/787/787 785/785/785
f 788/788/788 789/789/789 790/790/790
f 790/790/790 791/791/791 792/792/792
f 793/793/793 794/794/794 795/795/795
f 795/795/795 796/796/796 793/793/793
f 787/787/787 797/797/797 798/798/798
f 798/798/798 799/799/799 787/787/787
f 799/799/799 798/798/798 800/800/800
f 800/800/800 795/795/795 799/799/799
f 801/801/801 802/802/802 803/803/803
f 803/803/803 804/804/804 801/801/801
f 805/805/805 806/806/806 807/807/807
f 807/807/807 808/808/808 805/805/805
f 809/809/809 787/787/787 799/799/799
f 799/799/799 810/810/810 809/809/809
f 811/811/811 812/812/812 813/813/813
f 813/813/813 814/814/814 811/811/811
f 815/815/815 816/816/816 817/817/817
f 817/817/817 818/818/818 815/815/815
f 819/819/819 820/820/820 821/821/821
f 821/821/821 822/822/822 819/819/819
f 823/823/823 811/811/811 824/824/824
f 824/824/824 825/825/825 823/823/823
f 826/826/826 827/827/827 828/828/828
f 828/828/828 829/829/829 830/830/830
f 831/831/831 823/823/823 832/832/832
f 832/832/832 833/833/833 831/831/831
f 834/834/834 835/835/835 836/836/836
f 836/836/836 837/837/837 838/838/838
f 839/839/839 838/838/838 837/837/837
f 837/837/837 819/819/819 839/839/839
f 840/840/840 841/841/841 842/842/842
f 842/842/842 839/839/839 843/843/843
f 844/844/844 845/845/845 846/846/846
f 846/846/846 847/847/847 848/848/848
f 847/847/847 849/849/849 850/850/850
f 850/850/850 835/835/835 847/847/847
f 851/851/851 852/852/852 853/853/853
f 853/853/853 843/843/843 851/851/851
f 854/854/854 855/855/855 856/856/856
f 856/856/856 851/851/851 857/857/857
f 858/858/858 859/859/859 857/857/857
f 857/857/857 851/851/851 858/858/858
f 860/860/860 861/861/861 851/851/851
f 851/851/851 843/843/843 860/860/860
f 862/862/862 863/863/863 864/864/864
f 864/864/864 865/865/865 862/862/862
f 866/866/866 867/867/867 868/868/868
f 868/868/868 869/869/869 870/870/870
f 871/871/871 872/872/872 873/873/873
f 873/873/873 874/874/874 871/871/871
f 875/875/875 876/876/876 877/877/877
f 878/878/878 879/879/879 880/880/880
f 881/881/881 882/882/882 883/883/883
f 883/883/883 884/884/884 881/881/881
f 885/885/885 886/886/886 887/887/887
f 887/887/887 888/888/888 885/885/885
f 883/883/883 889/889/889 890/890/890
f 890/890/890 891/891/891 883/883/883
f 892/892/892 889/889/889 893/893/893
f 893/893/893 894/894/894 895/895/895
f 896/896/896 897/897/897 898/898/898
f 898/898/898 899/899/899 900/900/900
f 901/901/901 902/902/902 903/903/903
f 903/903/903 904/904/904 901/901/901
f 905/905/905 906/906/906 907/907/907
f 907/907/907 908/908/908 905/905/905
f 909/909/909 910/910/910 894/894/894
f 894/894/894 911/911/911 909/909/909
f 878/878/878 905/905/905 908/908/908
f 908/908/908 912/912/912 878/878/878
f 913/913/913 914/914/914 915/915/915
f 915/915/915 910/910/910 913/913/913
f 916/916/916 917/917/917 918/918/918
f 918/918/918 919/919/919 916/916/916
f 920/920/920 921/921/921 922/922/922
f 922/922/922 923/923/923 920/920/920
f 924/924/924 903/903/903 925/925/925
f 925/925/925 926/926/926 927/927/927
f 928/928/928 929/929/929 930/930/930
f 930/930/930 931/931/931 932/932/932
f 933/933/933 934/934/934 935/935/935
f 935/935/935 936/936/936 933/933/933
f 937/937/937 938/938/938 929/929/929
f 929/929/929 939/939/939 937/937/937
f 940/940/940 941/941/941 942/942/942
f 942/942/942 943/943/943 940/940/940
f 944/944/944 945/945/945 946/946/946
f 946/946/946 947/947/947 948/948/948
f 949/949/949 925/925/925 901/901/901
f 901/901/901 950/950/950 949/949/949
f 951/951/951 952/952/952 953/953/953
f 953/953/953 954/954/954 951/951/951
f 955/955/955 956/956/956 957/957/957
f 957/957/957 958/958/958 955/955/955
f 959/959/959 960/960/960 961/961/961
f 961/961/961 962/962/962 963/963/963
f 875/875/875 963/963/963 962/962/962
f 962/962/962 964/964/964 875/875/875
f 965/965/965 966/966/966 967/967/967
f 967/967/967 968/968/968 965/965/965
f 968/968/968 967/967/967 969/969/969
f 969/969/969 970/970/970 968/968/968
f 971/971/971 972/972/972 973/973/973
f 973/973/973 974/974/974 971/971/971
f 975/975/975 976/976/976 977/977/977
f 977/977/977 978/978/978 975/975/975
f 979/979/979 980/980/980 976/976/976
f 976/976/976 975/975/975 979/979/979
f 981/981/981 982/982/982 983/983/983
f 983/983/983 984/984/984 981/981/981
f 985/985/985 986/986/986 983/983/983
f 983/983/983 987/987/987 985/985/985
f 988/988/988 989/989/989 990/990/990
f 990/990/990 991/991/991 988/988/988
f 991/991/991 981/981/981 992/992/992
f 992/992/992 988/988/988 991/991/991
f 993/993/993 994/994/994 995/995/995
f 995/995/995 996/996/996 993/993/993
f 996/996/996 997/997/997 989/989/989
f 989/989/989 993/993/993 996/996/996
f 994/994/994 998/998/998 999/999/999
f 999/999/999 995/995/995 994/994/994
f 1000/1000/1000 1001/1001/1001 1002/1002/1002
f 1002/1002/1002 1003/1003/1003 1000/1000/1000
f 1004/1004/1004 1005/1005/1005 1006/1006/1006
f 1006/1006/1006 1007/1007/1007 1004/1004/1004
f 1001/1001/1001 1008/1008/1008 1009/1009/1009
f 1009/1009/1009 1002/1002/1002 1001/1001/1001
f 1010/1010/1010 1011/1011/1011 1012/1012/1012
f 1013/1013/1013 1014/1014/1014 1015/1015/1015
f 1016/1016/1016 1017/1017/1017 1018/1018/1018
f 1018/1018/1018 1019/1019/1019 1016/1016/1016
f 1020/1020/1020 1021/1021/1021 1003/1003/1003
f 1003/1003/1003 1022/1022/1022 1020/1020/1020
f 1018/1018/1018 1023/1023/1023 1024/1024/1024
f 1024/1024/1024 1025/1025/1025 1018/1018/1018
f 1005/1005/1005 1026/1026/1026 1027/1027/1027
f 1027/1027/1027 1025/1025/1025 1005/1005/1005
f 1028/1028/1028 1029/1029/1029 1030/1030/1030
f 1030/1030/1030 1031/1031/1031 1028/1028/1028
f 1032/1032/1032 1033/1033/1033 1034/1034/1034
f 1034/1034/1034 1035/1035/1035 1032/1032/1032
f 1036/1036/1036 1037/1037/1037 1038/1038/1038
f 1038/1038/1038 1035/1035/1035 1036/1036/1036
f 1039/1039/1039 1040/1040/1040 1026/1026/1026
f 1026/1026/1026 1005/1005/1005 1039/1039/1039
f 1015/1015/1015 1041/1041/1041 1037/1037/1037
f 1037/1037/1037 1036/1036/1036 1015/1015/1015
f 1006/1006/1006 1005/1005/1005 1042/1042/1042
f 1042/1042/1042 1024/1024/1024 1006/1006/1006
f 1043/1043/1043 1044/1044/1044 1045/1045/1045
f 1045/1045/1045 1046/1046/1046 1043/1043/1043
f 1047/1047/1047 1048/1048/1048 1049/1049/1049
f 1049/1049/1049 1023/1023/1023 1047/1047/1047
f 1050/1050/1050 1036/1036/1036 1035/1035/1035
f 1035/1035/1035 1034/1034/1034 1050/1050/1050
f 1051/1051/1051 1052/1052/1052 1022/1022/1022
f 1022/1022/1022 1003/1003/1003 1051/1051/1051
f 1053/1053/1053 1054/1054/1054 1055/1055/1055
f 1055/1055/1055 1056/1056/1056 1053/1053/1053
f 1057/1057/1057 1058/1058/1058 1003/1003/1003
f 1003/1003/1003 1059/1059/1059 1057/1057/1057
f 1060/1060/1060 1061/1061/1061 1062/1062/1062
f 1062/1062/1062 1036/1036/1036 1060/1060/1060
f 1063/1063/1063 1064/1064/1064 1052/1052/1052
f 1052/1052/1052 1065/1065/1065 1063/1063/1063
f 1066/1066/1066 1067/1067/1067 1032/1032/1032
f 1032/1032/1032 1068/1068/1068 1066/1066/1066
f 1069/1069/1069 1070/1070/1070 1071/1071/1071
f 1071/1071/1071 1072/1072/1072 1069/1069/1069
f 1073/1073/1073 1074/1074/1074 1075/1075/1075
f 1075/1075/1075 1076/1076/1076 1073/1073/1073
f 1052/1052/1052 1077/1077/1077 1078/1078/1078
f 1078/1078/1078 1072/1072/1072 1052/1052/1052
f 1012/1012/1012 1079/1079/1079 1080/1080/1080
f 1080/1080/1080 1052/1052/1052 1012/1012/1012
f 1081/1081/1081 1082/1082/1082 1060/1060/1060
f 1060/1060/1060 1075/1075/1075 1081/1081/1081
f 1082/1082/1082 1083/1083/1083 1084/1084/1084
f 1084/1084/1084 1060/1060/1060 1082/1082/1082
f 1085/1085/1085 1086/1086/1086 1006/1006/1006
f 1006/1006/1006 1087/1087/1087 1085/1085/1085
f 1088/1088/1088 1089/1089/1089 1090/1090/1090
f 1090/1090/1090 1091/1091/1091 1092/1092/1092
f 1093/1093/1093 1094/1094/1094 1095/1095/1095
f 1095/1095/1095 1096/1096/1096 1093/1093/1093
f 1097/1097/1097 1098/1098/1098 1099/1099/1099
f 1099/1099/1099 1100/1100/1100 1097/1097/1097
f 1101/1101/1101 1102/1102/1102 1103/1103/1103
f 1103/1103/1103 1104/1104/1104 1101/1101/1101
f 1105/1105/1105 1106/1106/1106 1107/1107/1107
f 1107/1107/1107 1108/1108/1108 1105/1105/1105
f 1109/1109/1109 1110/1110/1110 1111/1111/1111
f 1111/1111/1111 1112/1112/1112 1109/1109/1109
f 1113/1113/1113 1103/1103/1103 1112/1112/1112
f 1112/1112/1112 1114/1114/1114 1113/1113/1113
f 1115/1115/1115 1116/1116/1116 1117/1117/1117
f 1117/1117/1117 1118/1118/1118 1115/1115/1115
f 1119/1119/1119 1120/1120/1120 1121/1121/1121
f 1121/1121/1121 1122/1122/1122 1119/1119/1119
f 1123/1123/1123 1124/1124/1124 1125/1125/1125
f 1125/1125/1125 1117/1117/1117 1123/1123/1123
f 1126/1126/1126 1127/1127/1127 1117/1117/1117
f 1128/1128/1128 1121/1121/1121 1129/1129/1129
f 1129/1129/1129 1130/1130/1130 1128/1128/1128
f 1131/1131/1131 1132/1132/1132 1133/1133/1133
f 1133/1133/1133 1134/1134/1134 1135/1135/1135
f 1136/1136/1136 1137/1137/1137 1138/1138/1138
f 1136/1136/1136 1139/1139/1139 1140/1140/1140
f 1140/1140/1140 1141/1141/1141 1136/1136/1136
f 1142/1142/1142 1134/1134/1134 1143/1143/1143
f 1143/1143/1143 1144/1144/1144 1142/1142/1142
f 1145/1145/1145 1146/1146/1146 1142/1142/1142
f 1142/1142/1142 1147/1147/1147 1148/1148/1148
f 1142/1142/1142 1144/1144/1144 1149/1149/1149
f 1149/1149/1149 1150/1150/1150 1142/1142/1142
f 1151/1151/1151 1152/1152/1152 1153/1153/1153
f 1153/1153/1153 1154/1154/1154 1155/1155/1155
f 1134/1134/1134 1142/1142/1142 1146/1146/1146
f 1146/1146/1146 1156/1156/1156 1134/1134/1134
f 1157/1157/1157 1158/1158/1158 1159/1159/1159
f 1159/1159/1159 1160/1160/1160 1157/1157/1157
f 1161/1161/1161 1162/1162/1162 1163/1163/1163
f 1163/1163/1163 1164/1164/1164 1161/1161/1161
f 1165/1165/1165 1166/1166/1166 1167/1167/1167
f 1167/1167/1167 1168/1168/1168 1169/1169/1169
f 1170/1170/1170 1171/1171/1171 1172/1172/1172
f 1172/1172/1172 1173/1173/1173 1170/1170/1170
f 1174/1174/1174 1175/1175/1175 1176/1176/1176
f 1176/1176/1176 1177/1177/1177 1174/1174/1174
f 1178/1178/1178 1179/1179/1179 1180/1180/1180
f 1180/1180/1180 1181/1181/1181 1178/1178/1178
f 1182/1182/1182 1178/1178/1178 1181/1181/1181
f 1181/1181/1181 1183/1183/1183 1182/1182/1182
f 1184/1184/1184 1182/1182/1182 1183/1183/1183
f 1183/1183/1183 1185/1185/1185 1184/1184/1184
f 1186/1186/1186 1187/1187/1187 1175/1175/1175
f 1175/1175/1175 1174/1174/1174 1186/1186/1186
f 1188/1188/1188 1189/1189/1189 1190/1190/1190
f 1190/1190/1190 1157/1157/1157 1188/1188/1188
f 1191/1191/1191 1184/1184/1184 1192/1192/1192
f 1192/1192/1192 1193/1193/1193 1194/1194/1194
f 1195/1195/1195 1194/1194/1194 1196/1196/1196
f 1196/1196/1196 1188/1188/1188 1195/1195/1195
f 1197/1197/1197 1198/1198/1198 1199/1199/1199
f 1199/1199/1199 1200/1200/1200 1201/1201/1201
f 1202/1202/1202 1203/1203/1203 1204/1204/1204
f 1204/1204/1204 1205/1205/1205 1202/1202/1202
f 1196/1196/1196 1192/1192/1192 1206/1206/1206
f 1206/1206/1206 1207/1207/1207 1196/1196/1196
f 1208/1208/1208 1209/1209/1209 1210/1210/1210
f 1210/1210/1210 1211/1211/1211 1208/1208/1208
f 1212/1212/1212 1213/1213/1213 1214/1214/1214
f 1214/1214/1214 1215/1215/1215 1212/1212/1212
f 1216/1216/1216 1217/1217/1217 1174/1174/1174
f 1174/1174/1174 1218/1218/1218 1216/1216/1216
f 1219/1219/1219 1220/1220/1220 1221/1221/1221
f 1221/1221/1221 1222/1222/1222 1219/1219/1219
f 1223/1223/1223 1224/1224/1224 1225/1225/1225
f 1225/1225/1225 1226/1226/1226 1223/1223/1223
f 1227/1227/1227 1228/1228/1228 1229/1229/1229
f 1229/1229/1229 1230/1230/1230 1227/1227/1227
f 1231/1231/1231 1232/1232/1232 1233/1233/1233
f 1233/1233/1233 1217/1217/1217 1231/1231/1231
f 1217/1217/1217 1233/1233/1233 1234/1234/1234
f 1234/1234/1234 1174/1174/1174 1217/1217/1217
f 1233/1233/1233 1235/1235/1235 1236/1236/1236
f 1236/1236/1236 1237/1237/1237 1233/1233/1233
f 1238/1238/1238 1239/1239/1239 1240/1240/1240
f 1240/1240/1240 1241/1241/1241 1242/1242/1242
f 1192/1192/1192 1242/1242/1242 1241/1241/1241
f 1241/1241/1241 1243/1243/1243 1192/1192/1192
f 1235/1235/1235 1244/1244/1244 1245/1245/1245
f 1245/1245/1245 1246/1246/1246 1235/1235/1235
f 1247/1247/1247 1248/1248/1248 1249/1249/1249
f 1249/1249/1249 1245/1245/1245 1247/1247/1247
f 1249/1249/1249 1250/1250/1250 1251/1251/1251
f 1251/1251/1251 1252/1252/1252 1249/1249/1249
f 1252/1252/1252 1251/1251/1251 1253/1253/1253
f 1253/1253/1253 1254/1254/1254 1255/1255/1255
f 1256/1256/1256 1257/1257/1257 1258/1258/1258
f 1258/1258/1258 1259/1259/1259 1260/1260/1260
f 1261/1261/1261 1262/1262/1262 1263/1263/1263
f 1263/1263/1263 1264/1264/1264 1261/1261/1261
f 1265/1265/1265 1266/1266/1266 1261/1261/1261
f 1261/1261/1261 1267/1267/1267 1265/1265/1265
f 1268/1268/1268 1269/1269/1269 1270/1270/1270
f 1270/1270/1270 1271/1271/1271 1272/1272/1272
f 1273/1273/1273 1269/1269/1269 1274/1274/1274
f 1274/1274/1274 1275/1275/1275 1273/1273/1273
f 1276/1276/1276 1277/1277/1277 1273/1273/1273
f 1273/1273/1273 1275/1275/1275 1276/1276/1276
f 1278/1278/1278 1273/1273/1273 1279/1279/1279
f 1279/1279/1279 1280/1280/1280 1281/1281/1281
f 1282/1282/1282 1283/1283/1283 1284/1284/1284
f 1284/1284/1284 1285/1285/1285 1286/1286/1286
f 1286/1286/1286 1287/1287/1287 1288/1288/1288
f 1288/1288/1288 1283/1283/1283 1289/1289/1289
f 1290/1290/1290 1291/1291/1291 1292/1292/1292
f 1292/1292/1292 1293/1293/1293 1290/1290/1290
f 1267/1267/1267 1294/1294/1294 1295/1295/1295
f 1295/1295/1295 1296/1296/1296 1267/1267/1267
f 1297/1297/1297 1298/1298/1298 1299/1299/1299
f 1299/1299/1299 1300/1300/1300 1297/1297/1297
f 1301/1301/1301 1302/1302/1302 1291/1291/1291
f 1291/1291/1291 1303/1303/1303 1301/1301/1301
f 1304/1304/1304 1305/1305/1305 1306/1306/1306
f 1306/1306/1306 1307/1307/1307 1308/1308/1308
f 1309/1309/1309 1308/1308/1308 1307/1307/1307
f 1307/1307/1307 1310/1310/1310 1309/1309/1309
f 1311/1311/1311 1312/1312/1312 1313/1313/1313
f 1313/1313/1313 1314/1314/1314 1311/1311/1311
f 1315/1315/1315 1311/1311/1311 1316/1316/1316
f 1316/1316/1316 1317/1317/1317 1315/1315/1315
f 1318/1318/1318 1319/1319/1319 1320/1320/1320
f 1320/1320/1320 1321/1321/1321 1318/1318/1318
f 1322/1322/1322 1323/1323/1323 1259/1259/1259
f 1259/1259/1259 1324/1324/1324 1325/1325/1325
f 1326/1326/1326 1327/1327/1327 1275/1275/1275
f 1275/1275/1275 1328/1328/1328 1329/1329/1329
f 1330/1330/1330 1331/1331/1331 1332/1332/1332
f 1332/1332/1332 1333/1333/1333 1334/1334/1334
f 1335/1335/1335 1333/1333/1333 1336/1336/1336
f 1336/1336/1336 1337/1337/1337 1335/1335/1335
f 1338/1338/1338 1339/1339/1339 1340/1340/1340
f 1340/1340/1340 1341/1341/1341 1342/1342/1342
f 1343/1343/1343 1344/1344/1344 1337/1337/1337
f 1337/1337/1337 1293/1293/1293 1343/1343/1343
f 1345/1345/1345 1346/1346/1346 1347/1347/1347
f 1347/1347/1347 1348/1348/1348 1345/1345/1345
f 1343/1343/1343 1293/1293/1293 1349/1349/1349
f 1349/1349/1349 1350/1350/1350 1351/1351/1351
f 1352/1352/1352 1353/1353/1353 1354/1354/1354
f 1354/1354/1354 1355/1355/1355 1352/1352/1352
f 1356/1356/1356 1357/1357/1357 1358/1358/1358
f 1358/1358/1358 1359/1359/1359 1360/1360/1360
f 1361/1361/1361 1325/1325/1325 1362/1362/1362
f 1362/1362/1362 1363/1363/1363 1361/1361/1361
f 1364/1364/1364 1365/1365/1365 1325/1325/1325
f 1325/1325/1325 1366/1366/1366 1367/1367/1367
f 1368/1368/1368 1341/1341/1341 1369/1369/1369
f 1369/1369/1369 1370/1370/1370 1371/1371/1371
f 1309/1309/1309 1372/1372/1372 1350/1350/1350
f 1350/1350/1350 1373/1373/1373 1374/1374/1374
f 1293/1293/1293 1292/1292/1292 1375/1375/1375
f 1375/1375/1375 1376/1376/1376 1293/1293/1293
f 1377/1377/1377 1378/1378/1378 1345/1345/1345
f 1345/1345/1345 1379/1379/1379 1377/1377/1377
f 1380/1380/1380 1381/1381/1381 1382/1382/1382
f 1382/1382/1382 1383/1383/1383 1384/1384/1384
f 1385/1385/1385 1386/1386/1386 1387/1387/1387
f 1387/1387/1387 1388/1388/1388 1385/1385/1385
f 1389/1389/1389 1390/1390/1390 1391/1391/1391
f 1391/1391/1391 1392/1392/1392 1389/1389/1389
f 1393/1393/1393 1394/1394/1394 1395/1395/1395
f 1395/1395/1395 1396/1396/1396 1397/1397/1397
f 1398/1398/1398 1399/1399/1399 1400/1400/1400
f 1400/1400/1400 1401/1401/1401 1398/1398/1398
f 1402/1402/1402 1403/1403/1403 1404/1404/1404
f 1404/1404/1404 1405/1405/1405 1402/1402/1402
f 1406/1406/1406 1407/1407/1407 1408/1408/1408
f 1408/1408/1408 1409/1409/1409 1410/1410/1410
f 1411/1411/1411 1412/1412/1412 1413/1413/1413
f 1413/1413/1413 1414/1414/1414 1411/1411/1411
f 1415/1415/1415 1416/1416/1416 1417/1417/1417
f 1418/1418/1418 1419/1419/1419 1420/1420/1420
f 1420/1420/1420 1421/1421/1421 1422/1422/1422
f 1423/1423/1423 1424/1424/1424 1425/1425/1425
f 1425/1425/1425 1426/1426/1426 1423/1423/1423
f 1427/1427/1427 1428/1428/1428 1429/1429/1429
f 1429/1429/1429 1430/1430/1430 1427/1427/1427
f 1431/1431/1431 1432/1432/1432 1433/1433/1433
f 1434/1434/1434 1435/1435/1435 1436/1436/1436
f 1436/1436/1436 1437/1437/1437 1438/1438/1438
f 1439/1439/1439 1440/1440/1440 1441/1441/1441
f 1442/1442/1442 1443/1443/1443 1444/1444/1444
f 1444/1444/1444 1445/1445/1445 1442/1442/1442
f 1446/1446/1446 1447/1447/1447 1433/1433/1433
f 1433/1433/1433 1448/1448/1448 1446/1446/1446
f 1449/1449/1449 1450/1450/1450 1451/1451/1451
f 1451/1451/1451 1452/1452/1452 1449/1449/1449
f 1453/1453/1453 1454/1454/1454 1455/1455/1455
f 1455/1455/1455 1456/1456/1456 1457/1457/1457
f 1458/1458/1458 1459/1459/1459 1460/1460/1460
f 1460/1460/1460 1461/1461/1461 1458/1458/1458
f 1462/1462/1462 1463/1463/1463 1464/1464/1464
f 1464/1464/1464 1465/1465/1465 1462/1462/1462
f 1466/1466/1466 1467/1467/1467 1468/1468/1468
f 1469/1469/1469 1468/1468/1468 1470/1470/1470
f 1471/1471/1471 1472/1472/1472 1473/1473/1473
f 1473/1473/1473 1474/1474/1474 1471/1471/1471
f 1475/1475/1475 1476/1476/1476 1477/1477/1477
f 1477/1477/1477 1478/1478/1478 1479/1479/1479
f 1446/1446/1446 1480/1480/1480 1481/1481/1481
f 1482/1482/1482 1483/1483/1483 1484/1484/1484
f 1484/1484/1484 1485/1485/1485 1482/1482/1482
f 1486/1486/1486 1471/1471/1471 1487/1487/1487
f 1487/1487/1487 1488/1488/1488 1486/1486/1486
f 1489/1489/1489 1468/1468/1468 1490/1490/1490
f 1491/1491/1491 1492/1492/1492 1493/1493/1493
f 1494/1494/1494 1495/1495/1495 1496/1496/1496
f 1496/1496/1496 1497/1497/1497 1494/1494/1494
f 1498/1498/1498 1499/1499/1499 1500/1500/1500
f 1496/1496/1496 1501/1501/1501 1502/1502/1502
f 1503/1503/1503 1504/1504/1504 1505/1505/1505
f 1505/1505/1505 1506/1506/1506 1507/1507/1507
f 1508/1508/1508 1509/1509/1509 1510/1510/1510
f 1511/1511/1511 1512/1512/1512 1513/1513/1513
f 1513/1513/1513 1514/1514/1514 1515/1515/1515
f 1512/1512/1512 1516/1516/1516 1517/1517/1517
f 1517/1517/1517 1518/1518/1518 1519/1519/1519
f 1520/1520/1520 1521/1521/1521 1522/1522/1522
f 1523/1523/1523 1522/1522/1522 1524/1524/1524
f 1524/1524/1524 1525/1525/1525 1526/1526/1526
f 1527/1527/1527 1528/1528/1528 1529/1529/1529
f 1529/1529/1529 1530/1530/1530 1531/1531/1531
f 1532/1532/1532 1533/1533/1533 1534/1534/1534
f 1534/1534/1534 1535/1535/1535 1532/1532/1532
f 1536/1536/1536 1537/1537/1537 1538/1538/1538
f 1538/1538/1538 1539/1539/1539 1536/1536/1536
f 1537/1537/1537 1540/1540/1540 1541/1541/1541
f 1541/1541/1541 1542/1542/1542 1537/1537/1537
f 1543/1543/1543 1544/1544/1544 1545/1545/1545
f 1545/1545/1545 1546/1546/1546 1543/1543/1543
f 1547/1547/1547 1548/1548/1548 1549/1549/1549
f 1549/1549/1549 1550/1550/1550 1551/1551/1551
f 1552/1552/1552 1543/1543/1543 1553/1553/1553
f 1553/1553/1553 1554/1554/1554 1552/1552/1552
f 1555/1555/1555 1556/1556/1556 1557/1557/1557
f 1557/1557/1557 1558/1558/1558 1559/1559/1559
f 1560/1560/1560 1561/1561/1561 1562/1562/1562
f 1562/1562/1562 1563/1563/1563 1564/1564/1564
f 1530/1530/1530 1565/1565/1565 1566/1566/1566
f 1567/1567/1567 1568/1568/1568 1569/1569/1569
f 1569/1569/1569 1570/1570/1570 1571/1571/1571
f 1561/1561/1561 1572/1572/1572 1573/1573/1573
f 1573/1573/1573 1574/1574/1574 1561/1561/1561
f 1548/1548/1548 1575/1575/1575 1576/1576/1576
f 1576/1576/1576 1577/1577/1577 1548/1548/1548
f 1578/1578/1578 1579/1579/1579 1580/1580/1580
f 1580/1580/1580 1581/1581/1581 1578/1578/1578
f 1582/1582/1582 1583/1583/1583 1584/1584/1584
f 1584/1584/1584 1580/1580/1580 1582/1582/1582
f 1585/1585/1585 1586/1586/1586 1587/1587/1587
f 1587/1587/1587 1588/1588/1588 1589/1589/1589
f 1590/1590/1590 1591/1591/1591 1592/1592/1592
f 1592/1592/1592 1593/1593/1593 1590/1590/1590
f 1594/1594/1594 1595/1595/1595 1596/1596/1596
f 1597/1597/1597 1586/1586/1586 1589/1589/1589
f 1598/1598/1598 1599/1599/1599 1600/1600/1600
f 1498/1498/1498 1601/1601/1601 1602/1602/1602
f 1498/1498/1498 1602/1602/1602 1603/1603/1603
f 1604/1604/1604 1605/1605/1605 1606/1606/1606
f 1603/1603/1603 1607/1607/1607 1599/1599/1599
f 1608/1608/1608 1605/1605/1605 1548/1548/1548
f 1548/1548/1548 1609/1609/1609 1608/1608/1608
f 1610/1610/1610 1611/1611/1611 1612/1612/1612
f 1613/1613/1613 1614/1614/1614 1615/1615/1615
f 1615/1615/1615 1616/1616/1616 1617/1617/1617
f 1618/1618/1618 1619/1619/1619 1620/1620/1620
f 1620/1620/1620 1621/1621/1621 1622/1622/1622
f 1623/1623/1623 1624/1624/1624 1625/1625/1625
f 1625/1625/1625 1626/1626/1626 1623/1623/1623
f 1627/1627/1627 1623/1623/1623 1626/1626/1626
f 1626/1626/1626 1628/1628/1628 1627/1627/1627
f 1629/1629/1629 1630/1630/1630 1631/1631/1631
f 1631/1631/1631 1632/1632/1632 1629/1629/1629
f 1633/1633/1633 1634/1634/1634 1635/1635/1635
f 1636/1636/1636 1637/1637/1637 1638/1638/1638
f 1638/1638/1638 1639/1639/1639 1640/1640/1640
f 1641/1641/1641 1642/1642/1642 1643/1643/1643
f 1643/1643/1643 1644/1644/1644 1641/1641/1641
f 1645/1645/1645 1646/1646/1646 1641/1641/1641
f 1647/1647/1647 1648/1648/1648 1649/1649/1649
f 1649/1649/1649 1650/1650/1650 1647/1647/1647
f 1651/1651/1651 1652/1652/1652 1653/1653/1653
f 1654/1654/1654 1653/1653/1653 1655/1655/1655
f 1655/1655/1655 1656/1656/1656 1654/1654/1654
f 1657/1657/1657 1658/1658/1658 1659/1659/1659
f 1659/1659/1659 1660/1660/1660 1661/1661/1661
f 1652/1652/1652 1662/1662/1662 1663/1663/1663
f 1663/1663/1663 1664/1664/1664 1652/1652/1652
f 1665/1665/1665 1666/1666/1666 1662/1662/1662
f 1667/1667/1667 1668/1668/1668 1666/1666/1666
f 1669/1669/1669 1670/1670/1670 1671/1671/1671
f 1671/1671/1671 1672/1672/1672 1669/1669/1669
f 1673/1673/1673 1674/1674/1674 1675/1675/1675
f 1675/1675/1675 1676/1676/1676 1677/1677/1677
f 1678/1678/1678 1679/1679/1679 1680/1680/1680
f 1681/1681/1681 1682/1682/1682 1683/1683/1683
f 1683/1683/1683 1684/1684/1684 1681/1681/1681
f 1685/1685/1685 1686/1686/1686 1687/1687/1687
f 1687/1687/1687 1688/1688/1688 1685/1685/1685
f 1689/1689/1689 1690/1690/1690 1691/1691/1691
f 1692/1692/1692 1693/1693/1693 1694/1694/1694
f 1695/1695/1695 1696/1696/1696 1697/1697/1697
f 1697/1697/1697 1698/1698/1698 1699/1699/1699
f 1698/1698/1698 1694/1694/1694 1700/1700/1700
f 1701/1701/1701 1696/1696/1696 1702/1702/1702
f 1703/1703/1703 1704/1704/1704 1705/1705/1705
f 1705/1705/1705 1706/1706/1706 1707/1707/1707
f 1708/1708/1708 1709/1709/1709 1702/1702/1702
f 1710/1710/1710 1711/1711/1711 1712/1712/1712
f 1712/1712/1712 1713/1713/1713 1710/1710/1710
f 1713/1713/1713 1714/1714/1714 1715/1715/1715
f 1715/1715/1715 1716/1716/1716 1717/1717/1717
f 1718/1718/1718 1719/1719/1719 1720/1720/1720
f 1721/1721/1721 1722/1722/1722 1723/1723/1723
f 1723/1723/1723 1724/1724/1724 1721/1721/1721
f 1725/1725/1725 1664/1664/1664 1726/1726/1726
f 1726/1726/1726 1727/1727/1727 1725/1725/1725
f 1728/1728/1728 1729/1729/1729 1730/1730/1730
f 1730/1730/1730 1731/1731/1731 1732/1732/1732
f 1733/1733/1733 1734/1734/1734 1735/1735/1735
f 1735/1735/1735 1736/1736/1736 1733/1733/1733
f 1736/1736/1736 1737/1737/1737 1738/1738/1738
f 1738/1738/1738 1739/1739/1739 1740/1740/1740
f 1741/1741/1741 1742/1742/1742 1743/1743/1743
f 1743/1743/1743 1733/1733/1733 1741/1741/1741
f 1744/1744/1744 1745/1745/1745 1746/1746/1746
f 1746/1746/1746 1747/1747/1747 1748/1748/1748
f 1749/1749/1749 1750/1750/1750 1751/1751/1751
f 1751/1751/1751 1741/1741/1741 1752/1752/1752
f 1753/1753/1753 1754/1754/1754 1755/1755/1755
f 1755/1755/1755 1756/1756/1756 1757/1757/1757
f 1758/1758/1758 1759/1759/1759 1760/1760/1760
f 1760/1760/1760 1761/1761/1761 1758/1758/1758
f 1664/1664/1664 1762/1762/1762 1763/1763/1763
f 1764/1764/1764 1765/1765/1765 1766/1766/1766
f 1766/1766/1766 1767/1767/1767 1768/1768/1768
f 1769/1769/1769 1770/1770/1770 1771/1771/1771
f 1771/1771/1771 1758/1758/1758 1769/1769/1769
f 1772/1772/1772 1773/1773/1773 1774/1774/1774
f 1774/1774/1774 1775/1775/1775 1772/1772/1772
f 1776/1776/1776 1777/1777/1777 1778/1778/1778
f 1778/1778/1778 1779/1779/1779 1780/1780/1780
f 1781/1781/1781 1782/1782/1782 1783/1783/1783
f 1783/1783/1783 1784/1784/1784 1781/1781/1781
f 1785/1785/1785 1786/1786/1786 1787/1787/1787
f 1787/1787/1787 1788/1788/1788 1785/1785/1785
f 1789/1789/1789 1790/1790/1790 1783/1783/1783
f 1791/1791/1791 1792/1792/1792 1788/1788/1788
f 1793/1793/1793 1794/1794/1794 1795/1795/1795
f 1698/1698/1698 1796/1796/1796 1797/1797/1797
f 1698/1698/1698 1798/1798/1798 1799/1799/1799
f 1800/1800/1800 1801/1801/1801 1802/1802/1802
f 1803/1803/1803 1795/1795/1795 1804/1804/1804
f 1805/1805/1805 1806/1806/1806 1807/1807/1807
f 1807/1807/1807 1808/1808/1808 1805/1805/1805
f 1809/1809/1809 1810/1810/1810 1811/1811/1811
f 1812/1812/1812 1813/1813/1813 1814/1814/1814
f 1814/1814/1814 1815/1815/1815 1816/1816/1816
f 1817/1817/1817 1818/1818/1818 1819/1819/1819
f 1819/1819/1819 1820/1820/1820 1821/1821/1821
f 1822/1822/1822 1823/1823/1823 1824/1824/1824
f 1824/1824/1824 1825/1825/1825 1822/1822/1822
f 1826/1826/1826 1824/1824/1824 1823/1823/1823
f 1823/1823/1823 1827/1827/1827 1826/1826/1826
f 1825/1825/1825 1828/1828/1828 1829/1829/1829
f 1829/1829/1829 1822/1822/1822 1825/1825/1825
f 1830/1830/1830 1831/1831/1831 1832/1832/1832
f 1832/1832/1832 1833/1833/1833 1834/1834/1834
f 1825/1825/1825 1824/1824/1824 1835/1835/1835
f 1835/1835/1835 1836/1836/1836 1825/1825/1825
f 1837/1837/1837 1825/1825/1825 1838/1838/1838
f 1838/1838/1838 1839/1839/1839 1837/1837/1837
f 1840/1840/1840 1839/1839/1839 1838/1838/1838
f 1838/1838/1838 1841/1841/1841 1840/1840/1840
f 1827/1827/1827 1842/1842/1842 1843/1843/1843
f 1843/1843/1843 1844/1844/1844 1827/1827/1827
f 1845/1845/1845 1836/1836/1836 1835/1835/1835
f 1835/1835/1835 1846/1846/1846 1845/1845/1845
f 1847/1847/1847 1848/1848/1848 1831/1831/1831
f 1831/1831/1831 1849/1849/1849 1847/1847/1847
f 1850/1850/1850 1851/1851/1851 1852/1852/1852
f 1852/1852/1852 1853/1853/1853 1850/1850/1850
f 1854/1854/1854 1855/1855/1855 1856/1856/1856
f 1856/1856/1856 1857/1857/1857 1854/1854/1854
f 1849/1849/1849 1857/1857/1857 1856/1856/1856
f 1856/1856/1856 1822/1822/1822 1849/1849/1849
f 1822/1822/1822 1858/1858/1858 1852/1852/1852
f 1852/1852/1852 1823/1823/1823 1822/1822/1822
f 1859/1859/1859 1860/1860/1860 1861/1861/1861
f 1861/1861/1861 1862/1862/1862 1859/1859/1859
f 1863/1863/1863 1864/1864/1864 1865/1865/1865
f 1865/1865/1865 1866/1866/1866 1863/1863/1863
f 1867/1867/1867 1868/1868/1868 1869/1869/1869
f 1869/1869/1869 1870/1870/1870 1867/1867/1867
f 1871/1871/1871 1872/1872/1872 1873/1873/1873
f 1874/1874/1874 1875/1875/1875 1872/1872/1872
f 1872/1872/1872 1876/1876/1876 1874/1874/1874
f 1877/1877/1877 1878/1878/1878 1879/1879/1879
f 1879/1879/1879 1880/1880/1880 1881/1881/1881
f 1882/1882/1882 1883/1883/1883 1884/1884/1884
f 1885/1885/1885 1886/1886/1886 1887/1887/1887
f 1887/1887/1887 1888/1888/1888 1885/1885/1885
f 1878/1878/1878 1889/1889/1889 1890/1890/1890
f 1890/1890/1890 1891/1891/1891 1878/1878/1878
f 1892/1892/1892 1893/1893/1893 1894/1894/1894
f 1894/1894/1894 1895/1895/1895 1896/1896/1896
f 1897/1897/1897 1878/1878/1878 1898/1898/1898
f 1898/1898/1898 1899/1899/1899 1897/1897/1897
f 1900/1900/1900 1901/1901/1901 1902/1902/1902
f 1902/1902/1902 1894/1894/1894 1903/1903/1903
f 1904/1904/1904 1905/1905/1905 1906/1906/1906
f 1907/1907/1907 1903/1903/1903 1908/1908/1908
f 1908/1908/1908 1909/1909/1909 1910/1910/1910
f 1911/1911/1911 1910/1910/1910 1912/1912/1912
f 1913/1913/1913 1914/1914/1914 1915/1915/1915
f 1915/1915/1915 1916/1916/1916 1913/1913/1913
f 1917/1917/1917 1918/1918/1918 1915/1915/1915
f 1915/1915/1915 1919/1919/1919 1917/1917/1917
f 1920/1920/1920 1921/1921/1921 1922/1922/1922
f 1917/1917/1917 1903/1903/1903 1923/1923/1923
f 1924/1924/1924 1925/1925/1925 1926/1926/1926
f 1926/1926/1926 1927/1927/1927 1924/1924/1924
f 1928/1928/1928 1929/1929/1929 1930/1930/1930
f 1931/1931/1931 1932/1932/1932 1933/1933/1933
f 1933/1933/1933 1883/1883/1883 1934/1934/1934
f 1934/1934/1934 1935/1935/1935 1933/1933/1933
f 1936/1936/1936 1937/1937/1937 1938/1938/1938
f 1938/1938/1938 1939/1939/1939 1936/1936/1936
f 1940/1940/1940 1941/1941/1941 1942/1942/1942
f 1942/1942/1942 1943/1943/1943 1940/1940/1940
f 1944/1944/1944 1945/1945/1945 1946/1946/1946
f 1946/1946/1946 1947/1947/1947 1944/1944/1944
f 1948/1948/1948 1949/1949/1949 1950/1950/1950
f 1950/1950/1950 1951/1951/1951 1948/1948/1948
f 1950/1950/1950 1952/1952/1952 1953/1953/1953
f 1950/1950/1950 1953/1953/1953 1954/1954/1954
f 1950/1950/1950 1954/1954/1954 1951/1951/1951
f 1955/1955/1955 1956/1956/1956 1957/1957/1957
f 1957/1957/1957 1958/1958/1958 1955/1955/1955
f 1949/1949/1949 1948/1948/1948 1959/1959/1959
f 1959/1959/1959 1960/1960/1960 1949/1949/1949
f 1961/1961/1961 1962/1962/1962 1954/1954/1954
f 1954/1954/1954 1963/1963/1963 1964/1964/1964
f 1962/1962/1962 1964/1964/1964 1965/1965/1965
f 1965/1965/1965 1966/1966/1966 1962/1962/1962
f 1967/1967/1967 1955/1955/1955 1968/1968/1968
f 1968/1968/1968 1960/1960/1960 1967/1967/1967
f 1969/1969/1969 1970/1970/1970 1971/1971/1971
f 1971/1971/1971 1972/1972/1972 1969/1969/1969
f 1973/1973/1973 1969/1969/1969 1972/1972/1972
f 1972/1972/1972 1974/1974/1974 1973/1973/1973
f 1975/1975/1975 1976/1976/1976 1977/1977/1977
f 1978/1978/1978 1979/1979/1979 1980/1980/1980
f 1980/1980/1980 1981/1981/1981 1978/1978/1978
f 1971/1971/1971 1970/1970/1970 1982/1982/1982
f 1982/1982/1982 1944/1944/1944 1971/1971/1971
f 1976/1976/1976 1975/1975/1975 1983/1983/1983
f 1984/1984/1984 1985/1985/1985 1986/1986/1986
f 1979/1979/1979 1987/1987/1987 1988/1988/1988
f 1988/1988/1988 1980/1980/1980 1979/1979/1979
f 1988/1988/1988 1987/1987/1987 1985/1985/1985
f 1988/1988/1988 1985/1985/1985 1989/1989/1989
f 1988/1988/1988 1989/1989/1989 1990/1990/1990
f 1987/1987/1987 1986/1986/1986 1985/1985/1985
f 1991/1991/1991 1989/1989/1989 1985/1985/1985
f 1985/1985/1985 1992/1992/1992 1991/1991/1991
f 1992/1992/1992 1993/1993/1993 1994/1994/1994
f 1994/1994/1994 1991/1991/1991 1992/1992/1992
f 1978/1978/1978 1981/1981/1981 1995/1995/1995
f 1995/1995/1995 1996/1996/1996 1978/1978/1978
f 1997/1997/1997 1998/1998/1998 1944/1944/1944
f 1944/1944/1944 1999/1999/1999 1997/1997/1997
f 1990/1990/1990 1989/1989/1989 2000/2000/2000
f 2000/2000/2000 2001/2001/2001 1990/1990/1990
f 2002/2002/2002 1986/1986/1986 1987/1987/1987
f 2003/2003/2003 2004/2004/2004 2005/2005/2005
f 2006/2006/2006 1978/1978/1978 2007/2007/2007
f 2008/2008/2008 2009/2009/2009 1948/1948/1948
f 2010/2010/2010 2011/2011/2011 2012/2012/2012
f 2012/2012/2012 2013/2013/2013 2014/2014/2014
f 2015/2015/2015 2016/2016/2016 2017/2017/2017
f 2017/2017/2017 2018/2018/2018 2015/2015/2015
f 2019/2019/2019 2020/2020/2020 2021/2021/2021
f 2021/2021/2021 2022/2022/2022 2019/2019/2019
f 2022/2022/2022 2023/2023/2023 2024/2024/2024
f 2024/2024/2024 2019/2019/2019 2022/2022/2022
f 2025/2025/2025 2021/2021/2021 2026/2026/2026
f 2026/2026/2026 2027/2027/2027 2025/2025/2025
f 2019/2019/2019 2028/2028/2028 2029/2029/2029
f 2029/2029/2029 2030/2030/2030 2019/2019/2019
f 2031/2031/2031 2032/2032/2032 2033/2033/2033
f 2033/2033/2033 2034/2034/2034 2031/2031/2031
f 2035/2035/2035 2036/2036/2036 2037/2037/2037
f 2037/2037/2037 2038/2038/2038 2035/2035/2035
f 2039/2039/2039 2033/2033/2033 2040/2040/2040
f 2040/2040/2040 2041/2041/2041 2039/2039/2039
f 2042/2042/2042 2043/2043/2043 2044/2044/2044
f 2044/2044/2044 2045/2045/2045 2046/2046/2046
f 2047/2047/2047 2048/2048/2048 2049/2049/2049
f 2049/2049/2049 2050/2050/2050 2051/2051/2051
f 2051/2051/2051 2050/2050/2050 2052/2052/2052
f 2052/2052/2052 2053/2053/2053 2054/2054/2054
f 2055/2055/2055 2056/2056/2056 2057/2057/2057
f 2058/2058/2058 2059/2059/2059 2060/2060/2060
f 2060/2060/2060 2061/2061/2061 2058/2058/2058
f 2062/2062/2062 2063/2063/2063 2064/2064/2064
f 2064/2064/2064 2060/2060/2060 2062/2062/2062
f 2045/2045/2045 2065/2065/2065 2066/2066/2066
f 2066/2066/2066 2067/2067/2067 2045/2045/2045
f 2068/2068/2068 2069/2069/2069 2070/2070/2070
f 2070/2070/2070 2071/2071/2071 2072/2072/2072
f 2073/2073/2073 2065/2065/2065 2074/2074/2074
f 2075/2075/2075 2076/2076/2076 2077/2077/2077
f 2077/2077/2077 2078/2078/2078 2079/2079/2079
f 2080/2080/2080 2081/2081/2081 2082/2082/2082
f 2082/2082/2082 2083/2083/2083 2080/2080/2080
f 2084/2084/2084 2085/2085/2085 2065/2065/2065
f 2065/2065/2065 2086/2086/2086 2084/2084/2084
f 2045/2045/2045 2074/2074/2074 2065/2065/2065
f 2087/2087/2087 2088/2088/2088 2089/2089/2089
f 2090/2090/2090 2091/2091/2091 2092/2092/2092
f 2092/2092/2092 2093/2093/2093 2094/2094/2094
f 2095/2095/2095 2096/2096/2096 2097/2097/2097
f 2097/2097/2097 2098/2098/2098 2095/2095/2095
f 2097/2097/2097 2099/2099/2099 2100/2100/2100
f 2100/2100/2100 2093/2093/2093 2097/2097/2097
f 2101/2101/2101 2097/2097/2097 2093/2093/2093
f 2093/2093/2093 2102/2102/2102 2101/2101/2101
f 2099/2099/2099 2103/2103/2103 2104/2104/2104
f 2104/2104/2104 2105/2105/2105 2106/2106/2106
f 2107/2107/2107 2108/2108/2108 2109/2109/2109
f 2109/2109/2109 2110/2110/2110 2107/2107/2107
f 2111/2111/2111 2112/2112/2112 2113/2113/2113
f 2113/2113/2113 2114/2114/2114 2111/2111/2111
f 2113/2113/2113 2112/2112/2112 2115/2115/2115
f 2115/2115/2115 2110/2110/2110 2113/2113/2113
f 2116/2116/2116 2117/2117/2117 2110/2110/2110
f 2110/2110/2110 2118/2118/2118 2116/2116/2116
f 2112/2112/2112 2119/2119/2119 2120/2120/2120
f 2120/2120/2120 2115/2115/2115 2112/2112/2112
f 2121/2121/2121 2122/2122/2122 2123/2123/2123
f 2123/2123/2123 2124/2124/2124 2121/2121/2121
f 2125/2125/2125 2126/2126/2126 2127/2127/2127
f 2127/2127/2127 2128/2128/2128 2125/2125/2125
f 2128/2128/2128 2127/2127/2127 2129/2129/2129
f 2129/2129/2129 2130/2130/2130 2131/2131/2131
f 2132/2132/2132 2133/2133/2133 2134/2134/2134
f 2134/2134/2134 2135/2135/2135 2136/2136/2136
f 2137/2137/2137 2138/2138/2138 2126/2126/2126
f 2126/2126/2126 2139/2139/2139 2137/2137/2137
f 2140/2140/2140 2141/2141/2141 2142/2142/2142
f 2142/2142/2142 2143/2143/2143 2140/2140/2140
f 2144/2144/2144 2145/2145/2145 2146/2146/2146
f 2146/2146/2146 2147/2147/2147 2144/2144/2144
f 2148/2148/2148 2149/2149/2149 2150/2150/2150
f 2150/2150/2150 2151/2151/2151 2152/2152/2152
f 2153/2153/2153 2154/2154/2154 2155/2155/2155
f 2155/2155/2155 2156/2156/2156 2157/2157/2157
f 2158/2158/2158 2129/2129/2129 2159/2159/2159
f 2159/2159/2159 2160/2160/2160 2158/2158/2158
f 2161/2161/2161 2162/2162/2162 2163/2163/2163
f 2163/2163/2163 2164/2164/2164 2161/2161/2161
f 2154/2154/2154 2165/2165/2165 2166/2166/2166
f 2166/2166/2166 2167/2167/2167 2154/2154/2154
f 2160/2160/2160 2168/2168/2168 2169/2169/2169
f 2169/2169/2169 2170/2170/2170 2160/2160/2160
f 2171/2171/2171 2172/2172/2172 2173/2173/2173
f 2173/2173/2173 2174/2174/2174 2175/2175/2175
f 2176/2176/2176 2177/2177/2177 2178/2178/2178
f 2178/2178/2178 2179/2179/2179 2176/2176/2176
f 2180/2180/2180 2181/2181/2181 2182/2182/2182
f 2182/2182/2182 2183/2183/2183 2180/2180/2180
f 2184/2184/2184 2185/2185/2185 2186/2186/2186
f 2186/2186/2186 2187/2187/2187 2184/2184/2184
f 2143/2143/2143 2188/2188/2188 2189/2189/2189
f 2189/2189/2189 2190/2190/2190 2143/2143/2143
f 2191/2191/2191 2169/2169/2169 2192/2192/2192
f 2192/2192/2192 2180/2180/2180 2191/2191/2191
f 2135/2135/2135 2193/2193/2193 2194/2194/2194
f 2194/2194/2194 2184/2184/2184 2135/2135/2135
f 2195/2195/2195 2196/2196/2196 2197/2197/2197
f 2197/2197/2197 2198/2198/2198 2195/2195/2195
f 2199/2199/2199 2200/2200/2200 2201/2201/2201
f 2201/2201/2201 2160/2160/2160 2202/2202/2202
f 2160/2160/2160 2201/2201/2201 2203/2203/2203
f 2203/2203/2203 2178/2178/2178 2160/2160/2160
f 2201/2201/2201 2204/2204/2204 2205/2205/2205
f 2205/2205/2205 2203/2203/2203 2206/2206/2206
f 2207/2207/2207 2208/2208/2208 2209/2209/2209
f 2209/2209/2209 2210/2210/2210 2207/2207/2207
f 2211/2211/2211 2212/2212/2212 2213/2213/2213
f 2213/2213/2213 2214/2214/2214 2211/2211/2211
f 2213/2213/2213 2212/2212/2212 2207/2207/2207
f 2207/2207/2207 2210/2210/2210 2213/2213/2213
f 2215/2215/2215 2213/2213/2213 2210/2210/2210
f 2210/2210/2210 2216/2216/2216 2215/2215/2215
f 2217/2217/2217 2218/2218/2218 2219/2219/2219
f 2219/2219/2219 2220/2220/2220 2217/2217/2217
f 2221/2221/2221 2222/2222/2222 2223/2223/2223
f 2223/2223/2223 2224/2224/2224 2221/2221/2221
f 2223/2223/2223 2222/2222/2222 2217/2217/2217
f 2217/2217/2217 2220/2220/2220 2223/2223/2223
f 2225/2225/2225 2226/2226/2226 2220/2220/2220
f 2220/2220/2220 2227/2227/2227 2225/2225/2225
f 2222/2222/2222 2228/2228/2228 2229/2229/2229
f 2229/2229/2229 2217/2217/2217 2222/2222/2222
f 2230/2230/2230 2231/2231/2231 2232/2232/2232
f 2232/2232/2232 2233/2233/2233 2230/2230/2230
f 2234/2234/2234 2235/2235/2235 2236/2236/2236
f 2236/2236/2236 2232/2232/2232 2234/2234/2234
f 2236/2236/2236 2237/2237/2237 2238/2238/2238
f 2238/2238/2238 2239/2239/2239 2236/2236/2236
f 2240/2240/2240 2241/2241/2241 2236/2236/2236
f 2236/2236/2236 2242/2242/2242 2240/2240/2240
f 2238/2238/2238 2241/2241/2241 2243/2243/2243
f 2243/2243/2243 2244/2244/2244 2245/2245/2245
f 2246/2246/2246 2247/2247/2247 2248/2248/2248
f 2248/2248/2248 2244/2244/2244 2246/2246/2246
f 2249/2249/2249 2246/2246/2246 2250/2250/2250
f 2250/2250/2250 2240/2240/2240 2249/2249/2249
f 2251/2251/2251 2252/2252/2252 2253/2253/2253
f 2253/2253/2253 2254/2254/2254 2251/2251/2251
f 2255/2255/2255 2256/2256/2256 2253/2253/2253
f 2253/2253/2253 2257/2257/2257 2255/2255/2255
f 2258/2258/2258 2259/2259/2259 2260/2260/2260
f 2260/2260/2260 2261/2261/2261 2258/2258/2258
f 2232/2232/2232 2262/2262/2262 2263/2263/2263
f 2263/2263/2263 2264/2264/2264 2232/2232/2232
f 2265/2265/2265 2266/2266/2266 2267/2267/2267
f 2267/2267/2267 2268/2268/2268 2265/2265/2265
f 2269/2269/2269 2270/2270/2270 2271/2271/2271
f 2271/2271/2271 2260/2260/2260 2269/2269/2269
f 2272/2272/2272 2249/2249/2249 2240/2240/2240
f 2240/2240/2240 2273/2273/2273 2272/2272/2272
f 2273/2273/2273 2240/2240/2240 2274/2274/2274
f 2274/2274/2274 2275/2275/2275 2276/2276/2276
f 2277/2277/2277 2278/2278/2278 2279/2279/2279
f 2279/2279/2279 2280/2280/2280 2281/2281/2281
f 2282/2282/2282 2279/2279/2279 2283/2283/2283
f 2283/2283/2283 2284/2284/2284 2282/2282/2282
f 2285/2285/2285 2286/2286/2286 2287/2287/2287
f 2287/2287/2287 2288/2288/2288 2285/2285/2285
f 2289/2289/2289 2232/2232/2232 2290/2290/2290
f 2290/2290/2290 2291/2291/2291 2289/2289/2289
f 2292/2292/2292 2265/2265/2265 2278/2278/2278
f 2278/2278/2278 2293/2293/2293 2292/2292/2292
f 2294/2294/2294 2295/2295/2295 2296/2296/2296
f 2296/2296/2296 2297/2297/2297 2298/2298/2298
f 2298/2298/2298 2297/2297/2297 2299/2299/2299
f 2299/2299/2299 2300/2300/2300 2301/2301/2301
f 2302/2302/2302 2303/2303/2303 2304/2304/2304
f 2304/2304/2304 2305/2305/2305 2306/2306/2306
f 2307/2307/2307 2299/2299/2299 2308/2308/2308
f 2308/2308/2308 2309/2309/2309 2307/2307/2307
f 2303/2303/2303 2310/2310/2310 2311/2311/2311
f 2311/2311/2311 2312/2312/2312 2303/2303/2303
f 2313/2313/2313 2309/2309/2309 2308/2308/2308
f 2308/2308/2308 2314/2314/2314 2315/2315/2315
f 2316/2316/2316 2317/2317/2317 2318/2318/2318
f 2318/2318/2318 2319/2319/2319 2316/2316/2316
f 2249/2249/2249 2320/2320/2320 2321/2321/2321
f 2321/2321/2321 2322/2322/2322 2323/2323/2323
f 2324/2324/2324 2325/2325/2325 2326/2326/2326
f 2326/2326/2326 2327/2327/2327 2324/2324/2324
f 2328/2328/2328 2329/2329/2329 2330/2330/2330
f 2330/2330/2330 2331/2331/2331 2328/2328/2328
f 2332/2332/2332 2333/2333/2333 2334/2334/2334
f 2334/2334/2334 2267/2267/2267 2332/2332/2332
f 2314/2314/2314 2335/2335/2335 2336/2336/2336
f 2336/2336/2336 2337/2337/2337 2314/2314/2314
f 2338/2338/2338 2339/2339/2339 2340/2340/2340
f 2340/2340/2340 2341/2341/2341 2338/2338/2338
f 2311/2311/2311 2342/2342/2342 2343/2343/2343
f 2343/2343/2343 2344/2344/2344 2311/2311/2311
f 2345/2345/2345 2346/2346/2346 2266/2266/2266
f 2266/2266/2266 2265/2265/2265 2345/2345/2345
f 2347/2347/2347 2348/2348/2348 2349/2349/2349
f 2349/2349/2349 2350/2350/2350 2351/2351/2351
f 2352/2352/2352 2353/2353/2353 2354/2354/2354
f 2354/2354/2354 2355/2355/2355 2356/2356/2356
f 2357/2357/2357 2358/2358/2358 2359/2359/2359
f 2359/2359/2359 2360/2360/2360 2361/2361/2361
f 2362/2362/2362 2363/2363/2363 2364/2364/2364
f 2364/2364/2364 2365/2365/2365 2362/2362/2362
f 2353/2353/2353 2366/2366/2366 2367/2367/2367
f 2367/2367/2367 2368/2368/2368 2353/2353/2353
f 2369/2369/2369 2370/2370/2370 2371/2371/2371
f 2371/2371/2371 2372/2372/2372 2369/2369/2369
f 2373/2373/2373 2374/2374/2374 2375/2375/2375
f 2375/2375/2375 2376/2376/2376 2373/2373/2373
f 2377/2377/2377 2378/2378/2378 2379/2379/2379
f 2379/2379/2379 2380/2380/2380 2381/2381/2381
f 2382/2382/2382 2383/2383/2383 2384/2384/2384
f 2384/2384/2384 2385/2385/2385 2382/2382/2382
f 2386/2386/2386 2387/2387/2387 2388/2388/2388
f 2388/2388/2388 2389/2389/2389 2390/2390/2390
f 2391/2391/2391 2376/2376/2376 2392/2392/2392
f 2392/2392/2392 2393/2393/2393 2394/2394/2394
f 2395/2395/2395 2394/2394/2394 2396/2396/2396
f 2396/2396/2396 2397/2397/2397 2398/2398/2398
f 2399/2399/2399 2398/2398/2398 2400/2400/2400
f 2400/2400/2400 2401/2401/2401 2402/2402/2402
f 2403/2403/2403 2404/2404/2404 2405/2405/2405
f 2405/2405/2405 2406/2406/2406 2407/2407/2407
f 2408/2408/2408 2409/2409/2409 2410/2410/2410
f 2410/2410/2410 2411/2411/2411 2408/2408/2408
f 2412/2412/2412 2413/2413/2413 2414/2414/2414
f 2414/2414/2414 2415/2415/2415 2412/2412/2412
f 2416/2416/2416 2412/2412/2412 2415/2415/2415
f 2415/2415/2415 2408/2408/2408 2416/2416/2416
f 2417/2417/2417 2418/2418/2418 2419/2419/2419
f 2419/2419/2419 2420/2420/2420 2421/2421/2421
f 2422/2422/2422 2423/2423/2423 2424/2424/2424
f 2424/2424/2424 2384/2384/2384 2422/2422/2422
f 2425/2425/2425 2426/2426/2426 2427/2427/2427
f 2427/2427/2427 2428/2428/2428 2429/2429/2429
f 2416/2416/2416 2430/2430/2430 2431/2431/2431
f 2431/2431/2431 2432/2432/2432 2416/2416/2416
f 2433/2433/2433 2434/2434/2434 2435/2435/2435
f 2435/2435/2435 2436/2436/2436 2433/2433/2433
f 2437/2437/2437 2438/2438/2438 2439/2439/2439
f 2439/2439/2439 2440/2440/2440 2441/2441/2441
f 2432/2432/2432 2442/2442/2442 2443/2443/2443
f 2443/2443/2443 2444/2444/2444 2432/2432/2432
f 2445/2445/2445 2446/2446/2446 2447/2447/2447
f 2447/2447/2447 2448/2448/2448 2449/2449/2449
f 2444/2444/2444 2443/2443/2443 2450/2450/2450
f 2450/2450/2450 2451/2451/2451 2452/2452/2452
f 2453/2453/2453 2454/2454/2454 2455/2455/2455
f 2455/2455/2455 2456/2456/2456 2453/2453/2453
f 2456/2456/2456 2455/2455/2455 2457/2457/2457
f 2457/2457/2457 2458/2458/2458 2459/2459/2459
f 2455/2455/2455 2384/2384/2384 2460/2460/2460
f 2460/2460/2460 2457/2457/2457 2455/2455/2455
f 2400/2400/2400 2461/2461/2461 2462/2462/2462
f 2462/2462/2462 2463/2463/2463 2400/2400/2400
f 2464/2464/2464 2400/2400/2400 2463/2463/2463
f 2463/2463/2463 2465/2465/2465 2464/2464/2464
f 2384/2384/2384 2466/2466/2466 2467/2467/2467
f 2467/2467/2467 2468/2468/2468 2384/2384/2384
f 2469/2469/2469 2470/2470/2470 2471/2471/2471
f 2471/2471/2471 2467/2467/2467 2469/2469/2469
f 2471/2471/2471 2472/2472/2472 2473/2473/2473
f 2473/2473/2473 2467/2467/2467 2471/2471/2471
f 2467/2467/2467 2473/2473/2473 2474/2474/2474
f 2474/2474/2474 2475/2475/2475 2467/2467/2467
f 2476/2476/2476 2477/2477/2477 2478/2478/2478
f 2478/2478/2478 2479/2479/2479 2476/2476/2476
f 2480/2480/2480 2481/2481/2481 2482/2482/2482
f 2482/2482/2482 2483/2483/2483 2480/2480/2480
f 2484/2484/2484 2485/2485/2485 2486/2486/2486
f 2486/2486/2486 2487/2487/2487 2484/2484/2484
f 2488/2488/2488 2489/2489/2489 2490/2490/2490
f 2490/2490/2490 2491/2491/2491 2488/2488/2488
f 2492/2492/2492 2493/2493/2493 2494/2494/2494
f 2494/2494/2494 2495/2495/2495 2492/2492/2492
f 2480/2480/2480 2496/2496/2496 2497/2497/2497
f 2497/2497/2497 2498/2498/2498 2499/2499/2499
f 2500/2500/2500 2499/2499/2499 2498/2498/2498
f 2498/2498/2498 2501/2501/2501 2500/2500/2500
f 2502/2502/2502 2500/2500/2500 2501/2501/2501
f 2501/2501/2501 2503/2503/2503 2502/2502/2502
f 2504/2504/2504 2505/2505/2505 2493/2493/2493
f 2493/2493/2493 2492/2492/2492 2504/2504/2504
f 2506/2506/2506 2507/2507/2507 2508/2508/2508
f 2508/2508/2508 2476/2476/2476 2506/2506/2506
f 2509/2509/2509 2510/2510/2510 2511/2511/2511
f 2511/2511/2511 2512/2512/2512 2513/2513/2513
f 2514/2514/2514 2513/2513/2513 2512/2512/2512
f 2512/2512/2512 2515/2515/2515 2514/2514/2514
f 2516/2516/2516 2517/2517/2517 2518/2518/2518
f 2518/2518/2518 2504/2504/2504 2516/2516/2516
f 2519/2519/2519 2520/2520/2520 2521/2521/2521
f 2521/2521/2521 2522/2522/2522 2523/2523/2523
f 2512/2512/2512 2524/2524/2524 2525/2525/2525
f 2525/2525/2525 2526/2526/2526 2512/2512/2512
f 2527/2527/2527 2528/2528/2528 2529/2529/2529
f 2529/2529/2529 2530/2530/2530 2531/2531/2531
f 2532/2532/2532 2533/2533/2533 2481/2481/2481
f 2481/2481/2481 2534/2534/2534 2532/2532/2532
f 2535/2535/2535 2536/2536/2536 2537/2537/2537
f 2537/2537/2537 2538/2538/2538 2535/2535/2535
f 2539/2539/2539 2540/2540/2540 2541/2541/2541
f 2541/2541/2541 2542/2542/2542 2543/2543/2543
f 2544/2544/2544 2545/2545/2545 2546/2546/2546
f 2546/2546/2546 2520/2520/2520 2547/2547/2547
f 2548/2548/2548 2541/2541/2541 2533/2533/2533
f 2533/2533/2533 2532/2532/2532 2548/2548/2548
f 2549/2549/2549 2550/2550/2550 2551/2551/2551
f 2551/2551/2551 2552/2552/2552 2549/2549/2549
f 2552/2552/2552 2551/2551/2551 2504/2504/2504
f 2504/2504/2504 2553/2553/2553 2552/2552/2552
f 2551/2551/2551 2554/2554/2554 2555/2555/2555
f 2555/2555/2555 2504/2504/2504 2551/2551/2551
f 2556/2556/2556 2547/2547/2547 2520/2520/2520
f 2520/2520/2520 2557/2557/2557 2556/2556/2556
f 2558/2558/2558 2559/2559/2559 2557/2557/2557
f 2557/2557/2557 2560/2560/2560 2561/2561/2561
f 2562/2562/2562 2563/2563/2563 2564/2564/2564
f 2564/2564/2564 2555/2555/2555 2565/2565/2565
f 2563/2563/2563 2486/2486/2486 2566/2566/2566
f 2566/2566/2566 2567/2567/2567 2563/2563/2563
f 2566/2566/2566 2568/2568/2568 2569/2569/2569
f 2569/2569/2569 2567/2567/2567 2570/2570/2570
f 2571/2571/2571 2569/2569/2569 2572/2572/2572
f 2572/2572/2572 2555/2555/2555 2571/2571/2571
f 2573/2573/2573 2574/2574/2574 2575/2575/2575
f 2573/2573/2573 2575/2575/2575 2576/2576/2576
f 2573/2573/2573 2576/2576/2576 2577/2577/2577
f 2573/2573/2573 2577/2577/2577 2578/2578/2578
f 2573/2573/2573 2578/2578/2578 2579/2579/2579
f 2580/2580/2580 2579/2579/2579 2581/2581/2581
f 2582/2582/2582 2583/2583/2583 2584/2584/2584
f 2584/2584/2584 2585/2585/2585 2586/2586/2586
f 2585/2585/2585 2587/2587/2587 2588/2588/2588
f 2588/2588/2588 2589/2589/2589 2585/2585/2585
f 2590/2590/2590 2591/2591/2591 2583/2583/2583
f 2583/2583/2583 2592/2592/2592 2593/2593/2593
f 2589/2589/2589 2594/2594/2594 2595/2595/2595
f 2595/2595/2595 2596/2596/2596 2597/2597/2597
f 2598/2598/2598 2599/2599/2599 2600/2600/2600
f 2600/2600/2600 2601/2601/2601 2602/2602/2602
f 2603/2603/2603 2595/2595/2595 2604/2604/2604
f 2604/2604/2604 2605/2605/2605 2603/2603/2603
f 2606/2606/2606 2607/2607/2607 2599/2599/2599
f 2599/2599/2599 2608/2608/2608 2609/2609/2609
f 2605/2605/2605 2610/2610/2610 2607/2607/2607
f 2607/2607/2607 2609/2609/2609 2605/2605/2605
f 2611/2611/2611 2612/2612/2612 2613/2613/2613
f 2613/2613/2613 2614/2614/2614 2611/2611/2611
f 2615/2615/2615 2616/2616/2616 2617/2617/2617
f 2618/2618/2618 2619/2619/2619 2620/2620/2620
f 2617/2617/2617 2611/2611/2611 2615/2615/2615
f 2621/2621/2621 2622/2622/2622 2623/2623/2623
f 2623/2623/2623 2624/2624/2624 2625/2625/2625
f 2626/2626/2626 2627/2627/2627 2611/2611/2611
f 2611/2611/2611 2628/2628/2628 2626/2626/2626
f 2611/2611/2611 2629/2629/2629 2619/2619/2619
f 2619/2619/2619 2624/2624/2624 2611/2611/2611
f 2618/2618/2618 2624/2624/2624 2619/2619/2619
f 2630/2630/2630 2631/2631/2631 2632/2632/2632
f 2632/2632/2632 2633/2633/2633 2634/2634/2634
f 2635/2635/2635 2636/2636/2636 2637/2637/2637
f 2638/2638/2638 2639/2639/2639 2640/2640/2640
f 2640/2640/2640 2641/2641/2641 2638/2638/2638
f 2642/2642/2642 2643/2643/2643 2644/2644/2644
f 2644/2644/2644 2645/2645/2645 2646/2646/2646
f 2647/2647/2647 2648/2648/2648 2649/2649/2649
f 2649/2649/2649 2643/2643/2643 2647/2647/2647
f 2650/2650/2650 2651/2651/2651 2652/2652/2652
f 2652/2652/2652 2653/2653/2653 2650/2650/2650
f 2654/2654/2654 2655/2655/2655 2656/2656/2656
f 2656/2656/2656 2657/2657/2657 2658/2658/2658
f 2659/2659/2659 2660/2660/2660 2661/2661/2661
f 2661/2661/2661 2662/2662/2662 2659/2659/2659
f 2647/2647/2647 2663/2663/2663 2664/2664/2664
f 2664/2664/2664 2665/2665/2665 2666/2666/2666
f 2667/2667/2667 2668/2668/2668 2669/2669/2669
f 2669/2669/2669 2670/2670/2670 2671/2671/2671
f 2672/2672/2672 2673/2673/2673 2661/2661/2661
f 2661/2661/2661 2674/2674/2674 2675/2675/2675
f 2676/2676/2676 2677/2677/2677 2678/2678/2678
f 2679/2679/2679 2680/2680/2680 2681/2681/2681
f 2679/2679/2679 2682/2682/2682 2683/2683/2683
f 2683/2683/2683 2684/2684/2684 2679/2679/2679
f 2685/2685/2685 2686/2686/2686 2687/2687/2687
f 2687/2687/2687 2688/2688/2688 2685/2685/2685
f 2657/2657/2657 2689/2689/2689 2690/2690/2690
f 2690/2690/2690 2691/2691/2691 2657/2657/2657
f 2692/2692/2692 2693/2693/2693 2694/2694/2694
f 2694/2694/2694 2695/2695/2695 2696/2696/2696
f 2697/2697/2697 2698/2698/2698 2699/2699/2699
f 2699/2699/2699 2700/2700/2700 2697/2697/2697
f 2701/2701/2701 2702/2702/2702 2703/2703/2703
f 2703/2703/2703 2704/2704/2704 2701/2701/2701
f 2705/2705/2705 2706/2706/2706 2707/2707/2707
f 2707/2707/2707 2708/2708/2708 2705/2705/2705
f 2709/2709/2709 2710/2710/2710 2711/2711/2711
f 2711/2711/2711 2712/2712/2712 2709/2709/2709
f 2713/2713/2713 2714/2714/2714 2715/2715/2715
f 2716/2716/2716 2717/2717/2717 2718/2718/2718
f 2718/2718/2718 2719/2719/2719 2720/2720/2720
f 2721/2721/2721 2722/2722/2722 2723/2723/2723
f 2723/2723/2723 2717/2717/2717 2721/2721/2721
f 2724/2724/2724 2725/2725/2725 2726/2726/2726
f 2726/2726/2726 2727/2727/2727 2724/2724/2724
f 2728/2728/2728 2721/2721/2721 2717/2717/2717
f 2717/2717/2717 2729/2729/2729 2728/2728/2728
f 2730/2730/2730 2731/2731/2731 2732/2732/2732
f 2731/2731/2731 2733/2733/2733 2732/2732/2732
f 2734/2734/2734 2735/2735/2735 2736/2736/2736
f 2736/2736/2736 2737/2737/2737 2734/2734/2734
f 2738/2738/2738 2739/2739/2739 2740/2740/2740
f 2740/2740/2740 2717/2717/2717 2738/2738/2738
f 2741/2741/2741 2736/2736/2736 2742/2742/2742
f 2742/2742/2742 2743/2743/2743 2741/2741/2741
f 2744/2744/2744 2745/2745/2745 2746/2746/2746
f 2746/2746/2746 2747/2747/2747 2748/2748/2748
f 2749/2749/2749 2750/2750/2750 2751/2751/2751
f 2751/2751/2751 2752/2752/2752 2749/2749/2749
f 2753/2753/2753 2754/2754/2754 2657/2657/2657
f 2657/2657/2657 2755/2755/2755 2753/2753/2753
f 2751/2751/2751 2756/2756/2756 2757/2757/2757
f 2757/2757/2757 2758/2758/2758 2751/2751/2751
f 2759/2759/2759 2760/2760/2760 2761/2761/2761
f 2762/2762/2762 2755/2755/2755 2657/2657/2657
f 2763/2763/2763 2755/2755/2755 2764/2764/2764
f 2764/2764/2764 2765/2765/2765 2763/2763/2763
f 2766/2766/2766 2767/2767/2767 2743/2743/2743
f 2743/2743/2743 2768/2768/2768 2769/2769/2769
f 2743/2743/2743 2770/2770/2770 2771/2771/2771
f 2771/2771/2771 2741/2741/2741 2743/2743/2743
f 2772/2772/2772 2773/2773/2773 2774/2774/2774
f 2774/2774/2774 2775/2775/2775 2776/2776/2776
f 2777/2777/2777 2778/2778/2778 2779/2779/2779
f 2779/2779/2779 2780/2780/2780 2777/2777/2777
f 2781/2781/2781 2782/2782/2782 2783/2783/2783
f 2784/2784/2784 2785/2785/2785 2786/2786/2786
f 2786/2786/2786 2787/2787/2787 2788/2788/2788
f 2787/2787/2787 2789/2789/2789 2788/2788/2788
f 2790/2790/2790 2791/2791/2791 2792/2792/2792
f 2792/2792/2792 2793/2793/2793 2790/2790/2790
f 2794/2794/2794 2795/2795/2795 2796/2796/2796
f 2797/2797/2797 2796/2796/2796 2795/2795/2795
f 2798/2798/2798 2799/2799/2799 2800/2800/2800
f 2800/2800/2800 2799/2799/2799 2801/2801/2801
f 2802/2802/2802 2803/2803/2803 2804/2804/2804
f 2804/2804/2804 2805/2805/2805 2802/2802/2802
f 2806/2806/2806 2807/2807/2807 2808/2808/2808
f 2808/2808/2808 2809/2809/2809 2810/2810/2810
f 2807/2807/2807 2811/2811/2811 2812/2812/2812
f 2812/2812/2812 2813/2813/2813 2807/2807/2807
f 2814/2814/2814 2815/2815/2815 2816/2816/2816
f 2816/2816/2816 2817/2817/2817 2818/2818/2818
f 2811/2811/2811 2819/2819/2819 2815/2815/2815
f 2815/2815/2815 2820/2820/2820 2811/2811/2811
f 2817/2817/2817 2821/2821/2821 2822/2822/2822
f 2822/2822/2822 2823/2823/2823 2824/2824/2824
f 2825/2825/2825 2826/2826/2826 2827/2827/2827
f 2827/2827/2827 2828/2828/2828 2825/2825/2825
f 2829/2829/2829 2830/2830/2830 2831/2831/2831
f 2832/2832/2832 2833/2833/2833 2834/2834/2834
f 2835/2835/2835 2836/2836/2836 2837/2837/2837
f 2837/2837/2837 2838/2838/2838 2839/2839/2839
f 2840/2840/2840 2841/2841/2841 2842/2842/2842
f 2842/2842/2842 2843/2843/2843 2840/2840/2840
f 2844/2844/2844 2845/2845/2845 2846/2846/2846
f 2846/2846/2846 2847/2847/2847 2844/2844/2844
f 2840/2840/2840 2848/2848/2848 2849/2849/2849
f 2849/2849/2849 2850/2850/2850 2851/2851/2851
f 2848/2848/2848 2852/2852/2852 2853/2853/2853
f 2853/2853/2853 2854/2854/2854 2855/2855/2855
f 2856/2856/2856 2857/2857/2857 2858/2858/2858
f 2858/2858/2858 2859/2859/2859 2856/2856/2856
f 2860/2860/2860 2861/2861/2861 2826/2826/2826
f 2826/2826/2826 2862/2862/2862 2860/2860/2860
f 2863/2863/2863 2864/2864/2864 2865/2865/2865
f 2865/2865/2865 2866/2866/2866 2863/2863/2863
f 2834/2834/2834 2867/2867/2867 2868/2868/2868
f 2869/2869/2869 2870/2870/2870 2871/2871/2871
f 2871/2871/2871 2872/2872/2872 2869/2869/2869
f 2869/2869/2869 2872/2872/2872 2873/2873/2873
f 2874/2874/2874 2875/2875/2875 2876/2876/2876
f 2876/2876/2876 2877/2877/2877 2878/2878/2878
f 2879/2879/2879 2880/2880/2880 2881/2881/2881
f 2881/2881/2881 2864/2864/2864 2879/2879/2879
f 2864/2864/2864 2863/2863/2863 2882/2882/2882
f 2882/2882/2882 2883/2883/2883 2864/2864/2864
f 2884/2884/2884 2885/2885/2885 2886/2886/2886
f 2886/2886/2886 2887/2887/2887 2884/2884/2884
f 2888/2888/2888 2882/2882/2882 2889/2889/2889
f 2890/2890/2890 2891/2891/2891 2892/2892/2892
f 2892/2892/2892 2893/2893/2893 2890/2890/2890
f 2894/2894/2894 2895/2895/2895 2896/2896/2896
f 2896/2896/2896 2867/2867/2867 2897/2897/2897
f 2898/2898/2898 2899/2899/2899 2900/2900/2900
f 2900/2900/2900 2901/2901/2901 2902/2902/2902
f 2903/2903/2903 2904/2904/2904 2905/2905/2905
f 2905/2905/2905 2906/2906/2906 2903/2903/2903
f 2907/2907/2907 2899/2899/2899 2908/2908/2908
f 2908/2908/2908 2909/2909/2909 2910/2910/2910
f 2911/2911/2911 2912/2912/2912 2913/2913/2913
f 2913/2913/2913 2914/2914/2914 2915/2915/2915
f 2916/2916/2916 2917/2917/2917 2918/2918/2918
f 2918/2918/2918 2919/2919/2919 2916/2916/2916
f 2920/2920/2920 2921/2921/2921 2892/2892/2892
f 2892/2892/2892 2879/2879/2879 2922/2922/2922
f 2923/2923/2923 2924/2924/2924 2925/2925/2925
f 2925/2925/2925 2926/2926/2926 2923/2923/2923
f 2927/2927/2927 2928/2928/2928 2929/2929/2929
f 2928/2928/2928 2930/2930/2930 2929/2929/2929
f 2931/2931/2931 2932/2932/2932 2933/2933/2933
f 2934/2934/2934 2935/2935/2935 2863/2863/2863
f 2863/2863/2863 2936/2936/2936 2934/2934/2934
f 2937/2937/2937 2879/2879/2879 2864/2864/2864
f 2864/2864/2864 2938/2938/2938 2937/2937/2937
f 2939/2939/2939 2940/2940/2940 2941/2941/2941
f 2941/2941/2941 2942/2942/2942 2943/2943/2943
f 2827/2827/2827 2944/2944/2944 2945/2945/2945
f 2945/2945/2945 2946/2946/2946 2827/2827/2827
f 2947/2947/2947 2861/2861/2861 2860/2860/2860
f 2948/2948/2948 2886/2886/2886 2949/2949/2949
f 2949/2949/2949 2950/2950/2950 2951/2951/2951
f 2952/2952/2952 2953/2953/2953 2954/2954/2954
f 2954/2954/2954 2955/2955/2955 2956/2956/2956
f 2957/2957/2957 2958/2958/2958 2959/2959/2959
f 2959/2959/2959 2960/2960/2960 2957/2957/2957
f 2961/2961/2961 2962/2962/2962 2963/2963/2963
f 2963/2963/2963 2964/2964/2964 2961/2961/2961
f 2965/2965/2965 2966/2966/2966 2967/2967/2967
f 2967/2967/2967 2968/2968/2968 2965/2965/2965
f 2969/2969/2969 2963/2963/2963 2970/2970/2970
f 2970/2970/2970 2971/2971/2971 2969/2969/2969
f 2972/2972/2972 2973/2973/2973 2974/2974/2974
f 2974/2974/2974 2975/2975/2975 2976/2976/2976
f 2977/2977/2977 2978/2978/2978 2979/2979/2979
f 2979/2979/2979 2980/2980/2980 2977/2977/2977
f 2981/2981/2981 2982/2982/2982 2983/2983/2983
f 2983/2983/2983 2923/2923/2923 2981/2981/2981
f 2984/2984/2984 2985/2985/2985 2986/2986/2986
f 2986/2986/2986 2987/2987/2987 2984/2984/2984
f 2988/2988/2988 2989/2989/2989 2990/2990/2990
f 2990/2990/2990 2991/2991/2991 2992/2992/2992
f 2993/2993/2993 2994/2994/2994 2995/2995/2995
f 2995/2995/2995 2996/2996/2996 2993/2993/2993
f 2997/2997/2997 2998/2998/2998 2999/2999/2999
f 2999/2999/2999 3000/3000/3000 2997/2997/2997
f 3001/3001/3001 3002/3002/3002 3003/3003/3003
f 3003/3003/3003 3004/3004/3004 3005/3005/3005
f 3006/3006/3006 3007/3007/3007 3008/3008/3008
f 3008/3008/3008 3009/3009/3009 3006/3006/3006
f 3010/3010/3010 3011/3011/3011 3012/3012/3012
f 3012/3012/3012 3013/3013/3013 3010/3010/3010
f 3014/3014/3014 3015/3015/3015 3016/3016/3016
f 3017/3017/3017 3018/3018/3018 2993/2993/2993
f 2993/2993/2993 3019/3019/3019 3020/3020/3020
f 3021/3021/3021 3022/3022/3022 3014/3014/3014
f 3014/3014/3014 3023/3023/3023 3024/3024/3024
f 3025/3025/3025 3026/3026/3026 3027/3027/3027
f 3027/3027/3027 3028/3028/3028 3029/3029/3029
f 3030/3030/3030 3031/3031/3031 3032/3032/3032
f 3032/3032/3032 3033/3033/3033 3030/3030/3030
f 3034/3034/3034 2944/2944/2944 2905/2905/2905
f 2905/2905/2905 3035/3035/3035 3034/3034/3034
f 3036/3036/3036 3026/3026/3026 3037/3037/3037
f 3037/3037/3037 3038/3038/3038 3036/3036/3036
f 3036/3036/3036 3030/3030/3030 3039/3039/3039
f 3040/3040/3040 3041/3041/3041 3042/3042/3042
f 3042/3042/3042 3043/3043/3043 3040/3040/3040
f 2906/2906/2906 3044/3044/3044 2944/2944/2944
f 3045/3045/3045 3046/3046/3046 3047/3047/3047
f 3048/3048/3048 3038/3038/3038 3049/3049/3049
f 3050/3050/3050 3051/3051/3051 3052/3052/3052
f 3052/3052/3052 3053/3053/3053 3054/3054/3054
f 3055/3055/3055 3056/3056/3056 3057/3057/3057
f 3058/3058/3058 3059/3059/3059 3060/3060/3060
f 3034/3034/3034 3061/3061/3061 3062/3062/3062
f 3063/3063/3063 3064/3064/3064 3065/3065/3065
f 3065/3065/3065 3066/3066/3066 3067/3067/3067
f 3068/3068/3068 3069/3069/3069 3070/3070/3070
f 3070/3070/3070 3071/3071/3071 3055/3055/3055
f 3055/3055/3055 3072/3072/3072 3070/3070/3070
f 3073/3073/3073 3074/3074/3074 3075/3075/3075
f 3076/3076/3076 3077/3077/3077 3078/3078/3078
f 3079/3079/3079 3080/3080/3080 3081/3081/3081
f 3081/3081/3081 3082/3082/3082 3079/3079/3079
f 3083/3083/3083 3084/3084/3084 3085/3085/3085
f 3085/3085/3085 3086/3086/3086 3083/3083/3083
f 3087/3087/3087 3088/3088/3088 3089/3089/3089
f 3089/3089/3089 3090/3090/3090 3087/3087/3087
f 3091/3091/3091 3092/3092/3092 3093/3093/3093
f 3093/3093/3093 3094/3094/3094 3091/3091/3091
f 3094/3094/3094 3093/3093/3093 3095/3095/3095
f 3095/3095/3095 3096/3096/3096 3097/3097/3097
f 3098/3098/3098 3099/3099/3099 3100/3100/3100
f 3100/3100/3100 3101/3101/3101 3102/3102/3102
f 3103/3103/3103 3104/3104/3104 3105/3105/3105
f 3105/3105/3105 3106/3106/3106 3103/3103/3103
f 3107/3107/3107 3108/3108/3108 3109/3109/3109
f 3109/3109/3109 3110/3110/3110 3107/3107/3107
f 3111/3111/3111 3077/3077/3077 3112/3112/3112
f 3113/3113/3113 3114/3114/3114 3115/3115/3115
f 3115/3115/3115 3116/3116/3116 3113/3113/3113
f 3117/3117/3117 3118/3118/3118 3113/3113/3113
f 3119/3119/3119 3120/3120/3120 3121/3121/3121
f 3121/3121/3121 3122/3122/3122 3119/3119/3119
f 3123/3123/3123 3124/3124/3124 3109/3109/3109
f 3109/3109/3109 3125/3125/3125 3123/3123/3123
f 3124/3124/3124 3126/3126/3126 3127/3127/3127
f 3127/3127/3127 3128/3128/3128 3129/3129/3129
f 3130/3130/3130 3081/3081/3081 3131/3131/3131
f 3131/3131/3131 3132/3132/3132 3133/3133/3133
f 3134/3134/3134 3135/3135/3135 3136/3136/3136
f 3137/3137/3137 3138/3138/3138 3139/3139/3139
f 3139/3139/3139 3140/3140/3140 3137/3137/3137
f 3141/3141/3141 3077/3077/3077 3142/3142/3142
f 3142/3142/3142 3081/3081/3081 3141/3141/3141
f 3143/3143/3143 3144/3144/3144 3145/3145/3145
f 3145/3145/3145 3146/3146/3146 3147/3147/3147
f 3148/3148/3148 3149/3149/3149 3150/3150/3150
f 3150/3150/3150 3151/3151/3151 3148/3148/3148
f 3152/3152/3152 3153/3153/3153 3154/3154/3154
f 3154/3154/3154 3146/3146/3146 3155/3155/3155
f 3156/3156/3156 3157/3157/3157 3158/3158/3158
f 3158/3158/3158 3159/3159/3159 3160/3160/3160
f 3161/3161/3161 3162/3162/3162 3163/3163/3163
f 3163/3163/3163 3164/3164/3164 3165/3165/3165
f 3166/3166/3166 3167/3167/3167 3168/3168/3168
f 3168/3168/3168 3169/3169/3169 3166/3166/3166
f 3170/3170/3170 3171/3171/3171 3172/3172/3172
f 3172/3172/3172 3173/3173/3173 3170/3170/3170
f 3174/3174/3174 3175/3175/3175 3176/3176/3176
f 3174/3174/3174 3177/3177/3177 3175/3175/3175
f 3178/3178/3178 3179/3179/3179 3180/3180/3180
f 3181/3181/3181 3182/3182/3182 3183/3183/3183
f 3183/3183/3183 3184/3184/3184 3185/3185/3185
f 3186/3186/3186 3187/3187/3187 3188/3188/3188
f 3188/3188/3188 3189/3189/3189 3186/3186/3186
f 3190/3190/3190 3191/3191/3191 3192/3192/3192
f 3192/3192/3192 3193/3193/3193 3190/3190/3190
f 3194/3194/3194 3195/3195/3195 3196/3196/3196
f 3196/3196/3196 3197/3197/3197 3194/3194/3194
f 3198/3198/3198 3199/3199/3199 3200/3200/3200
f 3081/3081/3081 3201/3201/3201 3202/3202/3202
f 3202/3202/3202 3203/3203/3203 3081/3081/3081
f 3204/3204/3204 3205/3205/3205 3178/3178/3178
f 3178/3178/3178 3206/3206/3206 3204/3204/3204
f 3207/3207/3207 3208/3208/3208 3209/3209/3209
f 3209/3209/3209 3210/3210/3210 3211/3211/3211
f 3212/3212/3212 3213/3213/3213 3214/3214/3214
f 3214/3214/3214 3215/3215/3215 3212/3212/3212
f 3216/3216/3216 3217/3217/3217 3218/3218/3218
f 3218/3218/3218 3117/3117/3117 3219/3219/3219
f 3220/3220/3220 3221/3221/3221 3222/3222/3222
f 3222/3222/3222 3223/3223/3223 3224/3224/3224
f 3225/3225/3225 3226/3226/3226 3227/3227/3227
f 3227/3227/3227 3228/3228/3228 3225/3225/3225
f 3229/3229/3229 3230/3230/3230 3231/3231/3231
f 3231/3231/3231 3232/3232/3232 3229/3229/3229
f 3233/3233/3233 3234/3234/3234 3235/3235/3235
f 3235/3235/3235 3236/3236/3236 3233/3233/3233
f 3237/3237/3237 3238/3238/3238 3239/3239/3239
f 3239/3239/3239 3240/3240/3240 3237/3237/3237
f 3241/3241/3241 3242/3242/3242 3243/3243/3243
f 3243/3243/3243 3244/3244/3244 3241/3241/3241
f 3221/3221/3221 3245/3245/3245 3246/3246/3246
f 3246/3246/3246 3247/3247/3247 3221/3221/3221
f 3248/3248/3248 3249/3249/3249 3250/3250/3250
f 3250/3250/3250 3251/3251/3251 3248/3248/3248
f 3252/3252/3252 3253/3253/3253 3254/3254/3254
f 3254/3254/3254 3255/3255/3255 3252/3252/3252
f 3256/3256/3256 3257/3257/3257 3258/3258/3258
f 3258/3258/3258 3259/3259/3259 3260/3260/3260
f 3246/3246/3246 3261/3261/3261 3262/3262/3262
f 3262/3262/3262 3263/3263/3263 3246/3246/3246
f 3264/3264/3264 3265/3265/3265 3266/3266/3266
f 3267/3267/3267 3268/3268/3268 3221/3221/3221
f 3221/3221/3221 3269/3269/3269 3270/3270/3270
f 3271/3271/3271 3272/3272/3272 3266/3266/3266
f 3266/3266/3266 3273/3273/3273 3274/3274/3274
f 3275/3275/3275 3199/3199/3199 3276/3276/3276
f 2826/2826/2826 2861/2861/2861 2827/2827/2827
f 3277/3277/3277 3278/3278/3278 3279/3279/3279
f 3279/3279/3279 3280/3280/3280 3281/3281/3281
f 3282/3282/3282 3283/3283/3283 3284/3284/3284
f 3284/3284/3284 3285/3285/3285 3282/3282/3282
f 3286/3286/3286 3287/3287/3287 3288/3288/3288
f 3288/3288/3288 3289/3289/3289 3286/3286/3286
f 3290/3290/3290 3291/3291/3291 3292/3292/3292
f 3293/3293/3293 3294/3294/3294 3295/3295/3295
f 3295/3295/3295 3296/3296/3296 3293/3293/3293
f 3297/3297/3297 3298/3298/3298 3285/3285/3285
f 3285/3285/3285 3299/3299/3299 3297/3297/3297
f 3300/3300/3300 3301/3301/3301 3302/3302/3302
f 3302/3302/3302 3289/3289/3289 3303/3303/3303
f 3304/3304/3304 3305/3305/3305 3306/3306/3306
f 3306/3306/3306 3307/3307/3307 3308/3308/3308
f 3306/3306/3306 3309/3309/3309 3310/3310/3310
f 3310/3310/3310 3311/3311/3311 3306/3306/3306
f 3312/3312/3312 3311/3311/3311 3313/3313/3313
f 3293/3293/3293 3314/3314/3314 3315/3315/3315
f 3315/3315/3315 3316/3316/3316 3293/3293/3293
f 3317/3317/3317 3318/3318/3318 3319/3319/3319
f 3320/3320/3320 3321/3321/3321 3322/3322/3322
f 3322/3322/3322 3323/3323/3323 3320/3320/3320
f 3323/3323/3323 3324/3324/3324 3325/3325/3325
f 3325/3325/3325 3326/3326/3326 3323/3323/3323
f 3327/3327/3327 3328/3328/3328 3329/3329/3329
f 3329/3329/3329 3330/3330/3330 3327/3327/3327
f 3324/3324/3324 3331/3331/3331 3332/3332/3332
f 3332/3332/3332 3333/3333/3333 3334/3334/3334
f 3335/3335/3335 3336/3336/3336 3337/3337/3337
f 3337/3337/3337 3338/3338/3338 3335/3335/3335
f 3331/3331/3331 3339/3339/3339 3340/3340/3340
f 3340/3340/3340 3341/3341/3341 3331/3331/3331
f 3342/3342/3342 3343/3343/3343 3344/3344/3344
f 3344/3344/3344 3337/3337/3337 3345/3345/3345
f 3346/3346/3346 3329/3329/3329 3347/3347/3347
f 3347/3347/3347 3348/3348/3348 3346/3346/3346
f 3349/3349/3349 3350/3350/3350 3338/3338/3338
f 3338/3338/3338 3337/3337/3337 3349/3349/3349
f 3351/3351/3351 3349/3349/3349 3337/3337/3337
f 3337/3337/3337 3352/3352/3352 3351/3351/3351
f 3353/3353/3353 3351/3351/3351 3352/3352/3352
f 3352/3352/3352 3339/3339/3339 3353/3353/3353
f 3354/3354/3354 3353/3353/3353 3339/3339/3339
f 3339/3339/3339 3331/3331/3331 3354/3354/3354
f 3355/3355/3355 3354/3354/3354 3331/3331/3331
f 3331/3331/3331 3334/3334/3334 3355/3355/3355
f 3355/3355/3355 3334/3334/3334 3323/3323/3323
f 3323/3323/3323 3356/3356/3356 3355/3355/3355
f 3356/3356/3356 3323/3323/3323 3357/3357/3357
f 3357/3357/3357 3348/3348/3348 3356/3356/3356
f 3352/3352/3352 3358/3358/3358 3359/3359/3359
f 3359/3359/3359 3339/3339/3339 3360/3360/3360
f 3356/3356/3356 3348/3348/3348 3361/3361/3361
f 3361/3361/3361 3362/3362/3362 3356/3356/3356
f 3362/3362/3362 3363/3363/3363 3364/3364/3364
f 3364/3364/3364 3356/3356/3356 3362/3362/3362
f 3363/3363/3363 3365/3365/3365 3366/3366/3366
f 3366/3366/3366 3364/3364/3364 3363/3363/3363
f 3365/3365/3365 3367/3367/3367 3368/3368/3368
f 3368/3368/3368 3366/3366/3366 3365/3365/3365
f 3367/3367/3367 3369/3369/3369 3370/3370/3370
f 3370/3370/3370 3368/3368/3368 3367/3367/3367
f 3369/3369/3369 3371/3371/3371 3372/3372/3372
f 3372/3372/3372 3370/3370/3370 3369/3369/3369
f 3371/3371/3371 3373/3373/3373 3374/3374/3374
f 3374/3374/3374 3372/3372/3372 3371/3371/3371
f 3348/3348/3348 3375/3375/3375 3376/3376/3376
f 3376/3376/3376 3361/3361/3361 3377/3377/3377
f 3378/3378/3378 3379/3379/3379 3380/3380/3380
f 3381/3381/3381 3382/3382/3382 3383/3383/3383
f 3383/3383/3383 3384/3384/3384 3385/3385/3385
f 3386/3386/3386 3385/3385/3385 3384/3384/3384
f 3384/3384/3384 3387/3387/3387 3386/3386/3386
f 3388/3388/3388 3389/3389/3389 3390/3390/3390
f 3390/3390/3390 3391/3391/3391 3388/3388/3388
f 3392/3392/3392 3393/3393/3393 3394/3394/3394
f 3394/3394/3394 3395/3395/3395 3392/3392/3392
f 3396/3396/3396 3397/3397/3397 3398/3398/3398
f 3398/3398/3398 3399/3399/3399 3396/3396/3396
f 3400/3400/3400 3392/3392/3392 3401/3401/3401
f 3401/3401/3401 3402/3402/3402 3403/3403/3403
f 3404/3404/3404 3405/3405/3405 3406/3406/3406
f 3406/3406/3406 3398/3398/3398 3407/3407/3407
f 3405/3405/3405 3403/3403/3403 3408/3408/3408
f 3408/3408/3408 3409/3409/3409 3405/3405/3405
f 3410/3410/3410 3411/3411/3411 3412/3412/3412
f 3413/3413/3413 3414/3414/3414 3415/3415/3415
f 3415/3415/3415 3416/3416/3416 3413/3413/3413
f 3417/3417/3417 3413/3413/3413 3416/3416/3416
f 3416/3416/3416 3418/3418/3418 3417/3417/3417
f 3419/3419/3419 3420/3420/3420 3421/3421/3421
f 3421/3421/3421 3422/3422/3422 3419/3419/3419
f 3423/3423/3423 3417/3417/3417 3424/3424/3424
f 3424/3424/3424 3425/3425/3425 3423/3423/3423
f 3426/3426/3426 3427/3427/3427 3428/3428/3428
f 3428/3428/3428 3421/3421/3421 3429/3429/3429
f 3430/3430/3430 3431/3431/3431 3432/3432/3432
f 3432/3432/3432 3433/3433/3433 3430/3430/3430
f 3427/3427/3427 3434/3434/3434 3435/3435/3435
f 3435/3435/3435 3436/3436/3436 3437/3437/3437
f 3438/3438/3438 3439/3439/3439 3440/3440/3440
f 3440/3440/3440 3435/3435/3435 3438/3438/3438
f 3441/3441/3441 3442/3442/3442 3443/3443/3443
f 3443/3443/3443 3444/3444/3444 3445/3445/3445
f 3446/3446/3446 3445/3445/3445 3447/3447/3447
f 3447/3447/3447 3448/3448/3448 3449/3449/3449
f 3450/3450/3450 3451/3451/3451 3452/3452/3452
f 3453/3453/3453 3454/3454/3454 3455/3455/3455
f 3455/3455/3455 3456/3456/3456 3453/3453/3453
f 3454/3454/3454 3457/3457/3457 3458/3458/3458
f 3458/3458/3458 3459/3459/3459 3454/3454/3454
f 3450/3450/3450 3460/3460/3460 3461/3461/3461
f 3461/3461/3461 3462/3462/3462 3450/3450/3450
f 3463/3463/3463 3464/3464/3464 3453/3453/3453
f 3453/3453/3453 3456/3456/3456 3463/3463/3463
f 3463/3463/3463 3456/3456/3456 3465/3465/3465
f 3466/3466/3466 3467/3467/3467 3468/3468/3468
f 3469/3469/3469 3470/3470/3470 3471/3471/3471
f 3471/3471/3471 3472/3472/3472 3469/3469/3469
f 3473/3473/3473 3474/3474/3474 3472/3472/3472
f 3472/3472/3472 3475/3475/3475 3473/3473/3473
f 3476/3476/3476 3477/3477/3477 3478/3478/3478
f 3478/3478/3478 3479/3479/3479 3480/3480/3480
f 3481/3481/3481 3482/3482/3482 3474/3474/3474
f 3474/3474/3474 3483/3483/3483 3481/3481/3481
f 3484/3484/3484 3485/3485/3485 3486/3486/3486
f 3486/3486/3486 3487/3487/3487 3484/3484/3484
f 3488/3488/3488 3489/3489/3489 3482/3482/3482
f 3482/3482/3482 3490/3490/3490 3488/3488/3488
f 3491/3491/3491 3492/3492/3492 3493/3493/3493
f 3493/3493/3493 3494/3494/3494 3491/3491/3491
f 3495/3495/3495 3496/3496/3496 3497/3497/3497
f 3497/3497/3497 3498/3498/3498 3495/3495/3495
f 3487/3487/3487 3499/3499/3499 3500/3500/3500
f 3500/3500/3500 3494/3494/3494 3487/3487/3487
f 3494/3494/3494 3500/3500/3500 3501/3501/3501
f 3501/3501/3501 3491/3491/3491 3494/3494/3494
f 3491/3491/3491 3501/3501/3501 3502/3502/3502
f 3502/3502/3502 3503/3503/3503 3491/3491/3491
f 3503/3503/3503 3502/3502/3502 3504/3504/3504
f 3504/3504/3504 3482/3482/3482 3503/3503/3503
f 3482/3482/3482 3504/3504/3504 3505/3505/3505
f 3505/3505/3505 3474/3474/3474 3482/3482/3482
f 3506/3506/3506 3474/3474/3474 3505/3505/3505
f 3505/3505/3505 3507/3507/3507 3506/3506/3506
f 3497/3497/3497 3506/3506/3506 3507/3507/3507
f 3507/3507/3507 3498/3498/3498 3497/3497/3497
f 3508/3508/3508 3509/3509/3509 3491/3491/3491
f 3491/3491/3491 3510/3510/3510 3508/3508/3508
f 3511/3511/3511 3498/3498/3498 3507/3507/3507
f 3507/3507/3507 3512/3512/3512 3511/3511/3511
f 3513/3513/3513 3514/3514/3514 3512/3512/3512
f 3512/3512/3512 3507/3507/3507 3513/3513/3513
f 3515/3515/3515 3516/3516/3516 3514/3514/3514
f 3514/3514/3514 3513/3513/3513 3515/3515/3515
f 3517/3517/3517 3518/3518/3518 3516/3516/3516
f 3516/3516/3516 3515/3515/3515 3517/3517/3517
f 3519/3519/3519 3520/3520/3520 3518/3518/3518
f 3518/3518/3518 3517/3517/3517 3519/3519/3519
f 3521/3521/3521 3522/3522/3522 3520/3520/3520
f 3520/3520/3520 3519/3519/3519 3521/3521/3521
f 3523/3523/3523 3524/3524/3524 3522/3522/3522
f 3522/3522/3522 3521/3521/3521 3523/3523/3523
f 3525/3525/3525 3526/3526/3526 3527/3527/3527
f 3527/3527/3527 3511/3511/3511 3525/3525/3525
f 3528/3528/3528 3529/3529/3529 3530/3530/3530
f 3531/3531/3531 3532/3532/3532 3533/3533/3533
f 3533/3533/3533 3534/3534/3534 3535/3535/3535
f 3534/3534/3534 3536/3536/3536 3537/3537/3537
f 3537/3537/3537 3538/3538/3538 3534/3534/3534
f 3539/3539/3539 3540/3540/3540 3541/3541/3541
f 3541/3541/3541 3542/3542/3542 3543/3543/3543
f 3538/3538/3538 3537/3537/3537 3544/3544/3544
f 3544/3544/3544 3545/3545/3545 3538/3538/3538
f 3546/3546/3546 3547/3547/3547 3540/3540/3540
f 3540/3540/3540 3548/3548/3548 3549/3549/3549
f 3550/3550/3550 3551/3551/3551 3552/3552/3552
f 3552/3552/3552 3553/3553/3553 3554/3554/3554
f 3555/3555/3555 3556/3556/3556 3557/3557/3557
f 3557/3557/3557 3549/3549/3549 3558/3558/3558
f 3559/3559/3559 3560/3560/3560 3556/3556/3556
f 3556/3556/3556 3558/3558/3558 3559/3559/3559
f 3561/3561/3561 3562/3562/3562 3563/3563/3563
f 3564/3564/3564 3565/3565/3565 3566/3566/3566
f 3566/3566/3566 3567/3567/3567 3564/3564/3564
f 3567/3567/3567 3566/3566/3566 3568/3568/3568
f 3568/3568/3568 3569/3569/3569 3570/3570/3570
f 3571/3571/3571 3572/3572/3572 3573/3573/3573
f 3573/3573/3573 3574/3574/3574 3575/3575/3575
f 3576/3576/3576 3577/3577/3577 3578/3578/3578
f 3578/3578/3578 3579/3579/3579 3580/3580/3580
f 3581/3581/3581 3582/3582/3582 3583/3583/3583
f 3583/3583/3583 3575/3575/3575 3581/3581/3581
f 3579/3579/3579 3584/3584/3584 3585/3585/3585
f 3585/3585/3585 3586/3586/3586 3579/3579/3579
f 3587/3587/3587 3588/3588/3588 3589/3589/3589
f 3589/3589/3589 3590/3590/3590 3587/3587/3587
f 3591/3591/3591 3592/3592/3592 3593/3593/3593
f 3593/3593/3593 3587/3587/3587 3591/3591/3591
f 3594/3594/3594 3595/3595/3595 3318/3318/3318
f 3596/3596/3596 3597/3597/3597 3318/3318/3318
f 3598/3598/3598 3596/3596/3596 3318/3318/3318
f 3599/3599/3599 3598/3598/3598 3318/3318/3318
f 3600/3600/3600 3599/3599/3599 3318/3318/3318
f 3601/3601/3601 3602/3602/3602 3603/3603/3603
f 3604/3604/3604 3601/3601/3601 3603/3603/3603
f 3605/3605/3605 3604/3604/3604 3603/3603/3603
f 3603/3603/3603 3606/3606/3606 3607/3607/3607
f 3603/3603/3603 3608/3608/3608 3606/3606/3606
f 3609/3609/3609 3610/3610/3610 3611/3611/3611
f 3612/3612/3612 3609/3609/3609 3611/3611/3611
f 3613/3613/3613 3612/3612/3612 3611/3611/3611
f 3614/3614/3614 3613/3613/3613 3611/3611/3611
f 3615/3615/3615 3614/3614/3614 3611/3611/3611
f 3616/3616/3616 3617/3617/3617 3562/3562/3562
f 3618/3618/3618 3616/3616/3616 3562/3562/3562
f 3587/3587/3587 3618/3618/3618 3562/3562/3562
f 3562/3562/3562 3619/3619/3619 3620/3620/3620
f 3562/3562/3562 3621/3621/3621 3619/3619/3619
f 3622/3622/3622 3623/3623/3623 3624/3624/3624
f 3624/3624/3624 3625/3625/3625 3626/3626/3626
f 3627/3627/3627 3628/3628/3628 3625/3625/3625
f 3627/3627/3627 3629/3629/3629 3628/3628/3628
f 3627/3627/3627 3630/3630/3630 3629/3629/3629
f 3466/3466/3466 3631/3631/3631 3632/3632/3632
f 3632/3632/3632 3633/3633/3633 3634/3634/3634
f 3632/3632/3632 3635/3635/3635 3636/3636/3636
f 3632/3632/3632 3637/3637/3637 3638/3638/3638
f 3632/3632/3632 3639/3639/3639 3640/3640/3640
f 3641/3641/3641 3642/3642/3642 3643/3643/3643
f 3644/3644/3644 3641/3641/3641 3643/3643/3643
f 3645/3645/3645 3644/3644/3644 3643/3643/3643
f 3646/3646/3646 3645/3645/3645 3643/3643/3643
f 3647/3647/3647 3648/3648/3648 3649/3649/3649
f 3650/3650/3650 3649/3649/3649 3651/3651/3651
f 3650/3650/3650 3651/3651/3651 3652/3652/3652
f 3650/3650/3650 3652/3652/3652 3653/3653/3653
f 3654/3654/3654 3655/3655/3655 3656/3656/3656
f 3657/3657/3657 3658/3658/3658 3659/3659/3659
f 3659/3659/3659 3660/3660/3660 3657/3657/3657
f 3661/3661/3661 3662/3662/3662 3663/3663/3663
f 3663/3663/3663 3664/3664/3664 3665/3665/3665
f 3666/3666/3666 3667/3667/3667 3668/3668/3668
f 3668/3668/3668 3669/3669/3669 3666/3666/3666
f 3670/3670/3670 3671/3671/3671 3672/3672/3672
f 3673/3673/3673 3674/3674/3674 3675/3675/3675
f 3666/3666/3666 3676/3676/3676 3677/3677/3677
f 3677/3677/3677 3678/3678/3678 3666/3666/3666
f 3679/3679/3679 3680/3680/3680 3681/3681/3681
f 3681/3681/3681 3682/3682/3682 3683/3683/3683
f 3684/3684/3684 3685/3685/3685 3670/3670/3670
f 3686/3686/3686 3687/3687/3687 3688/3688/3688
f 3688/3688/3688 3689/3689/3689 3686/3686/3686
f 3690/3690/3690 3691/3691/3691 3692/3692/3692
f 3665/3665/3665 3689/3689/3689 3688/3688/3688
f 3688/3688/3688 3684/3684/3684 3665/3665/3665
f 3660/3660/3660 3693/3693/3693 3694/3694/3694
f 3694/3694/3694 3695/3695/3695 3696/3696/3696
f 3697/3697/3697 3698/3698/3698 3699/3699/3699
f 3700/3700/3700 3675/3675/3675 3701/3701/3701
f 3665/3665/3665 3702/3702/3702 3703/3703/3703
f 3703/3703/3703 3704/3704/3704 3665/3665/3665
f 3696/3696/3696 3665/3665/3665 3705/3705/3705
f 3705/3705/3705 3706/3706/3706 3696/3696/3696
f 3700/3700/3700 3707/3707/3707 3705/3705/3705
f 3708/3708/3708 3709/3709/3709 3710/3710/3710
f 3710/3710/3710 3711/3711/3711 3708/3708/3708
f 3712/3712/3712 3713/3713/3713 3714/3714/3714
f 3714/3714/3714 3715/3715/3715 3712/3712/3712
f 3716/3716/3716 3717/3717/3717 3718/3718/3718
f 3718/3718/3718 3719/3719/3719 3720/3720/3720
f 3654/3654/3654 3721/3721/3721 3722/3722/3722
f 3722/3722/3722 3723/3723/3723 3654/3654/3654
f 3724/3724/3724 3725/3725/3725 3726/3726/3726
f 3726/3726/3726 3727/3727/3727 3728/3728/3728
f 3654/3654/3654 3729/3729/3729 3730/3730/3730
f 3730/3730/3730 3731/3731/3731 3654/3654/3654
f 3732/3732/3732 3733/3733/3733 3721/3721/3721
f 3721/3721/3721 3734/3734/3734 3732/3732/3732
f 3735/3735/3735 3736/3736/3736 3737/3737/3737
f 3738/3738/3738 3739/3739/3739 3740/3740/3740
f 3740/3740/3740 3698/3698/3698 3738/3738/3738
f 3741/3741/3741 3735/3735/3735 3742/3742/3742
f 3742/3742/3742 3743/3743/3743 3741/3741/3741
f 3744/3744/3744 3712/3712/3712 3745/3745/3745
f 3745/3745/3745 3746/3746/3746 3744/3744/3744
f 3747/3747/3747 3748/3748/3748 3749/3749/3749
f 3749/3749/3749 3750/3750/3750 3751/3751/3751
f 3752/3752/3752 3753/3753/3753 3754/3754/3754
f 3754/3754/3754 3755/3755/3755 3752/3752/3752
f 3756/3756/3756 3757/3757/3757 3758/3758/3758
f 3759/3759/3759 3760/3760/3760 3761/3761/3761
f 3761/3761/3761 3762/3762/3762 3759/3759/3759
f 3763/3763/3763 3746/3746/3746 3764/3764/3764
f 3764/3764/3764 3759/3759/3759 3763/3763/3763
f 3758/3758/3758 3728/3728/3728 3765/3765/3765
f 3766/3766/3766 3767/3767/3767 3768/3768/3768
f 3769/3769/3769 3770/3770/3770 3771/3771/3771
f 3771/3771/3771 3772/3772/3772 3773/3773/3773
f 3774/3774/3774 3775/3775/3775 3776/3776/3776
f 3776/3776/3776 3777/3777/3777 3774/3774/3774
f 3778/3778/3778 3779/3779/3779 3780/3780/3780
f 3781/3781/3781 3782/3782/3782 3783/3783/3783
f 3783/3783/3783 3784/3784/3784 3781/3781/3781
f 3785/3785/3785 3786/3786/3786 3787/3787/3787
f 3788/3788/3788 3789/3789/3789 3790/3790/3790
f 3791/3791/3791 3792/3792/3792 3793/3793/3793
f 3793/3793/3793 3794/3794/3794 3791/3791/3791
f 3740/3740/3740 3795/3795/3795 3796/3796/3796
f 3797/3797/3797 3798/3798/3798 3799/3799/3799
f 3800/3800/3800 3764/3764/3764 3801/3801/3801
f 3731/3731/3731 3676/3676/3676 3802/3802/3802
f 3731/3731/3731 3802/3802/3802 3803/3803/3803
f 3731/3731/3731 3803/3803/3803 3804/3804/3804
f 3731/3731/3731 3804/3804/3804 3721/3721/3721
f 3785/3785/3785 3805/3805/3805 3806/3806/3806
f 3807/3807/3807 3791/3791/3791 3808/3808/3808
f 3809/3809/3809 3810/3810/3810 3811/3811/3811
f 3812/3812/3812 3798/3798/3798 3813/3813/3813
f 3814/3814/3814 3815/3815/3815 3816/3816/3816
f 3816/3816/3816 3817/3817/3817 3814/3814/3814
f 3818/3818/3818 3819/3819/3819 3820/3820/3820
f 3820/3820/3820 3821/3821/3821 3818/3818/3818
f 3822/3822/3822 3823/3823/3823 3824/3824/3824
f 3824/3824/3824 3816/3816/3816 3822/3822/3822
f 3823/3823/3823 3825/3825/3825 3826/3826/3826
f 3826/3826/3826 3824/3824/3824 3827/3827/3827
f 3828/3828/3828 3829/3829/3829 3826/3826/3826
f 3826/3826/3826 3830/3830/3830 3828/3828/3828
f 3820/3820/3820 3831/3831/3831 3832/3832/3832
f 3832/3832/3832 3833/3833/3833 3820/3820/3820
f 3834/3834/3834 3835/3835/3835 3836/3836/3836
f 3836/3836/3836 3837/3837/3837 3834/3834/3834
f 3838/3838/3838 3839/3839/3839 3840/3840/3840
f 3840/3840/3840 3841/3841/3841 3838/3838/3838
f 3842/3842/3842 3843/3843/3843 3844/3844/3844
f 3844/3844/3844 3836/3836/3836 3842/3842/3842
f 3843/3843/3843 3845/3845/3845 3846/3846/3846
f 3846/3846/3846 3844/3844/3844 3847/3847/3847
f 3848/3848/3848 3849/3849/3849 3846/3846/3846
f 3846/3846/3846 3850/3850/3850 3848/3848/3848
f 3840/3840/3840 3851/3851/3851 3852/3852/3852
f 3852/3852/3852 3853/3853/3853 3840/3840/3840
f 3854/3854/3854 3855/3855/3855 3856/3856/3856
f 3856/3856/3856 3857/3857/3857 3854/3854/3854
f 3858/3858/3858 3859/3859/3859 3860/3860/3860
f 3860/3860/3860 3861/3861/3861 3858/3858/3858
f 3862/3862/3862 3863/3863/3863 3864/3864/3864
f 3864/3864/3864 3856/3856/3856 3862/3862/3862
f 3863/3863/3863 3865/3865/3865 3866/3866/3866
f 3866/3866/3866 3864/3864/3864 3867/3867/3867
f 3868/3868/3868 3869/3869/3869 3866/3866/3866
f 3866/3866/3866 3870/3870/3870 3868/3868/3868
f 3860/3860/3860 3871/3871/3871 3872/3872/3872
f 3872/3872/3872 3873/3873/3873 3860/3860/3860
f 3874/3874/3874 3875/3875/3875 3876/3876/3876
f 3876/3876/3876 3877/3877/3877 3874/3874/3874
f 3878/3878/3878 3879/3879/3879 3880/3880/3880
f 3880/3880/3880 3881/3881/3881 3878/3878/3878
f 3877/3877/3877 3876/3876/3876 3882/3882/3882
f 3882/3882/3882 3883/3883/3883 3884/3884/3884
f 3883/3883/3883 3882/3882/3882 3885/3885/3885
f 3885/3885/3885 3886/3886/3886 3887/3887/3887
f 3888/3888/3888 3886/3886/3886 3889/3889/3889
f 3889/3889/3889 3890/3890/3890 3888/3888/3888
f 3891/3891/3891 3879/3879/3879 3892/3892/3892
f 3892/3892/3892 3893/3893/3893 3891/3891/3891
f 3894/3894/3894 3895/3895/3895 3896/3896/3896
f 3896/3896/3896 3897/3897/3897 3898/3898/3898
f 3899/3899/3899 3900/3900/3900 3901/3901/3901
f 3901/3901/3901 3902/3902/3902 3899/3899/3899
f 3897/3897/3897 3903/3903/3903 3904/3904/3904
f 3904/3904/3904 3905/3905/3905 3897/3897/3897
f 3905/3905/3905 3904/3904/3904 3906/3906/3906
f 3906/3906/3906 3907/3907/3907 3905/3905/3905
f 3908/3908/3908 3907/3907/3907 3909/3909/3909
f 3909/3909/3909 3910/3910/3910 3911/3911/3911
f 3901/3901/3901 3912/3912/3912 3913/3913/3913
f 3913/3913/3913 3914/3914/3914 3901/3901/3901
f 3915/3915/3915 3916/3916/3916 3917/3917/3917
f 3917/3917/3917 3918/3918/3918 3915/3915/3915
f 3919/3919/3919 3920/3920/3920 3921/3921/3921
f 3921/3921/3921 3922/3922/3922 3919/3919/3919
f 3923/3923/3923 3917/3917/3917 3924/3924/3924
f 3924/3924/3924 3925/3925/3925 3923/3923/3923
f 3925/3925/3925 3924/3924/3924 3926/3926/3926
f 3926/3926/3926 3927/3927/3927 3925/3925/3925
f 3928/3928/3928 3927/3927/3927 3929/3929/3929
f 3929/3929/3929 3930/3930/3930 3931/3931/3931
f 3932/3932/3932 3933/3933/3933 3934/3934/3934
f 3934/3934/3934 3935/3935/3935 3936/3936/3936
f 3937/3937/3937 3938/3938/3938 3939/3939/3939
f 3939/3939/3939 3940/3940/3940 3937/3937/3937
f 3940/3940/3940 3939/3939/3939 3941/3941/3941
f 3941/3941/3941 3942/3942/3942 3943/3943/3943
f 3944/3944/3944 3945/3945/3945 3946/3946/3946
f 3946/3946/3946 3947/3947/3947 3944/3944/3944
f 3948/3948/3948 3949/3949/3949 3950/3950/3950
f 3950/3950/3950 3951/3951/3951 3948/3948/3948
f 3951/3951/3951 3952/3952/3952 3953/3953/3953
f 3953/3953/3953 3948/3948/3948 3954/3954/3954
f 3955/3955/3955 3956/3956/3956 3957/3957/3957
f 3957/3957/3957 3958/3958/3958 3959/3959/3959
f 3960/3960/3960 3961/3961/3961 3962/3962/3962
f 3963/3963/3963 3964/3964/3964 3965/3965/3965
f 3965/3965/3965 3966/3966/3966 3967/3967/3967
f 3968/3968/3968 3969/3969/3969 3970/3970/3970
f 3970/3970/3970 3971/3971/3971 3968/3968/3968
f 3972/3972/3972 3973/3973/3973 3974/3974/3974
f 3974/3974/3974 3975/3975/3975 3972/3972/3972
f 3976/3976/3976 3972/3972/3972 3975/3975/3975
f 3975/3975/3975 3977/3977/3977 3976/3976/3976
f 3977/3977/3977 3978/3978/3978 3979/3979/3979
f 3979/3979/3979 3976/3976/3976 3980/3980/3980
f 3981/3981/3981 3982/3982/3982 3983/3983/3983
f 3983/3983/3983 3984/3984/3984 3981/3981/3981
f 3985/3985/3985 3986/3986/3986 3987/3987/3987
f 3987/3987/3987 3988/3988/3988 3985/3985/3985
f 3989/3989/3989 3990/3990/3990 3991/3991/3991
f 3991/3991/3991 3992/3992/3992 3989/3989/3989
f 3993/3993/3993 3994/3994/3994 3995/3995/3995
f 3995/3995/3995 3996/3996/3996 3997/3997/3997
f 3996/3996/3996 3995/3995/3995 3998/3998/3998
f 3998/3998/3998 3999/3999/3999 3996/3996/3996
f 4000/4000/4000 4001/4001/4001 4002/4002/4002
f 4002/4002/4002 4003/4003/4003 4004/4004/4004
f 4005/4005/4005 4006/4006/4006 4007/4007/4007
f 4007/4007/4007 4008/4008/4008 4005/4005/4005
f 4009/4009/4009 4010/4010/4010 4011/4011/4011
f 4011/4011/4011 4007/4007/4007 4009/4009/4009
f 4012/4012/4012 3962/3962/3962 4013/4013/4013
f 4014/4014/4014 4015/4015/4015 3987/3987/3987
f 3987/3987/3987 4016/4016/4016 4017/4017/4017
f 3962/3962/3962 4018/4018/4018 4019/4019/4019
f 4019/4019/4019 4020/4020/4020 3962/3962/3962
f 4021/4021/4021 4022/4022/4022 4023/4023/4023
f 4023/4023/4023 4024/4024/4024 4021/4021/4021
f 4025/4025/4025 4026/4026/4026 4027/4027/4027
f 4027/4027/4027 4028/4028/4028 4029/4029/4029
f 4030/4030/4030 4031/4031/4031 4032/4032/4032
f 4032/4032/4032 4033/4033/4033 4034/4034/4034
f 4031/4031/4031 4035/4035/4035 4036/4036/4036
f 4036/4036/4036 4037/4037/4037 4031/4031/4031
f 4038/4038/4038 4039/4039/4039 4040/4040/4040
f 4040/4040/4040 3978/3978/3978 4038/4038/4038
f 4041/4041/4041 4042/4042/4042 4043/4043/4043
f 4043/4043/4043 4044/4044/4044 4045/4045/4045
f 3978/3978/3978 4046/4046/4046 4047/4047/4047
f 4047/4047/4047 4048/4048/4048 3978/3978/3978
f 4049/4049/4049 4050/4050/4050 4051/4051/4051
f 4051/4051/4051 4052/4052/4052 4049/4049/4049
f 4053/4053/4053 4054/4054/4054 4055/4055/4055
f 4055/4055/4055 4049/4049/4049 4053/4053/4053
f 4056/4056/4056 4033/4033/4033 4057/4057/4057
f 4057/4057/4057 4058/4058/4058 4056/4056/4056
f 4059/4059/4059 4060/4060/4060 4061/4061/4061
f 4061/4061/4061 4062/4062/4062 4063/4063/4063
f 4064/4064/4064 4065/4065/4065 4066/4066/4066
f 4066/4066/4066 4067/4067/4067 4064/4064/4064
f 4068/4068/4068 4033/4033/4033 4069/4069/4069
f 4069/4069/4069 4070/4070/4070 4068/4068/4068
f 4071/4071/4071 4072/4072/4072 4073/4073/4073
f 4073/4073/4073 4074/4074/4074 4075/4075/4075
f 4072/4072/4072 4075/4075/4075 4076/4076/4076
f 4076/4076/4076 4077/4077/4077 4072/4072/4072
f 4078/4078/4078 4063/4063/4063 4079/4079/4079
f 4079/4079/4079 4080/4080/4080 4078/4078/4078
f 4079/4079/4079 4081/4081/4081 4082/4082/4082
f 4033/4033/4033 4068/4068/4068 4064/4064/4064
f 4064/4064/4064 4083/4083/4083 4033/4033/4033
f 3981/3981/3981 4084/4084/4084 4085/4085/4085
f 4085/4085/4085 4086/4086/4086 3981/3981/3981
f 4087/4087/4087 4088/4088/4088 4089/4089/4089
f 4089/4089/4089 4090/4090/4090 4087/4087/4087
f 4091/4091/4091 4092/4092/4092 4088/4088/4088
f 4088/4088/4088 4087/4087/4087 4091/4091/4091
f 4092/4092/4092 4091/4091/4091 4015/4015/4015
f 4015/4015/4015 4093/4093/4093 4092/4092/4092
f 4093/4093/4093 4015/4015/4015 4094/4094/4094
f 4094/4094/4094 4095/4095/4095 4093/4093/4093
f 4092/4092/4092 4093/4093/4093 4096/4096/4096
f 4096/4096/4096 4097/4097/4097 4092/4092/4092
f 4098/4098/4098 4064/4064/4064 4099/4099/4099
f 4099/4099/4099 4100/4100/4100 4098/4098/4098
f 4101/4101/4101 4102/4102/4102 4103/4103/4103
f 4103/4103/4103 4074/4074/4074 4104/4104/4104
f 4086/4086/4086 4105/4105/4105 4106/4106/4106
f 4086/4086/4086 4107/4107/4107 4102/4102/4102
f 4086/4086/4086 4102/4102/4102 4108/4108/4108
f 4109/4109/4109 4110/4110/4110 4082/4082/4082
f 4111/4111/4111 4112/4112/4112 4113/4113/4113
f 4114/4114/4114 4115/4115/4115 4116/4116/4116
f 4117/4117/4117 4116/4116/4116 4118/4118/4118
f 4110/4110/4110 4119/4119/4119 4082/4082/4082
f 4120/4120/4120 4114/4114/4114 4116/4116/4116
f 4121/4121/4121 4122/4122/4122 4123/4123/4123
f 4123/4123/4123 4124/4124/4124 4125/4125/4125
f 4126/4126/4126 4127/4127/4127 4128/4128/4128
f 4129/4129/4129 4130/4130/4130 4131/4131/4131
f 4132/4132/4132 4131/4131/4131 4128/4128/4128
f 4128/4128/4128 4133/4133/4133 4132/4132/4132
f 4134/4134/4134 4135/4135/4135 4126/4126/4126
f 4136/4136/4136 4137/4137/4137 4138/4138/4138
f 4139/4139/4139 4125/4125/4125 4124/4124/4124
f 4124/4124/4124 4140/4140/4140 4139/4139/4139
f 4141/4141/4141 4142/4142/4142 4143/4143/4143
f 4144/4144/4144 4145/4145/4145 4146/4146/4146
f 4146/4146/4146 4139/4139/4139 4144/4144/4144
f 4147/4147/4147 4148/4148/4148 4122/4122/4122
f 4122/4122/4122 4146/4146/4146 4147/4147/4147
f 4149/4149/4149 4150/4150/4150 4151/4151/4151
f 4151/4151/4151 4152/4152/4152 4153/4153/4153
f 4154/4154/4154 4155/4155/4155 4156/4156/4156
f 4156/4156/4156 4157/4157/4157 4154/4154/4154
f 4158/4158/4158 4159/4159/4159 4150/4150/4150
f 4150/4150/4150 4144/4144/4144 4158/4158/4158
f 4160/4160/4160 4154/4154/4154 4157/4157/4157
f 4157/4157/4157 4161/4161/4161 4160/4160/4160
f 4162/4162/4162 4163/4163/4163 4160/4160/4160
f 4160/4160/4160 4161/4161/4161 4162/4162/4162
f 4164/4164/4164 4165/4165/4165 4166/4166/4166
f 4166/4166/4166 4167/4167/4167 4168/4168/4168
f 4169/4169/4169 4170/4170/4170 4171/4171/4171
f 4171/4171/4171 4172/4172/4172 4169/4169/4169
f 4173/4173/4173 4174/4174/4174 4170/4170/4170
f 4173/4173/4173 4170/4170/4170 4169/4169/4169
f 4173/4173/4173 4169/4169/4169 4175/4175/4175
f 4165/4165/4165 4176/4176/4176 4177/4177/4177
f 4177/4177/4177 4178/4178/4178 4179/4179/4179
f 4180/4180/4180 4181/4181/4181 4182/4182/4182
f 4183/4183/4183 4184/4184/4184 4185/4185/4185
f 4185/4185/4185 4186/4186/4186 4183/4183/4183
f 4187/4187/4187 4188/4188/4188 4189/4189/4189
f 4189/4189/4189 4190/4190/4190 4187/4187/4187
f 4148/4148/4148 4191/4191/4191 4192/4192/4192
f 4129/4129/4129 4193/4193/4193 4194/4194/4194
f 4187/4187/4187 4190/4190/4190 4195/4195/4195
f 4196/4196/4196 4197/4197/4197 4198/4198/4198
f 4198/4198/4198 4186/4186/4186 4196/4196/4196
f 4194/4194/4194 4199/4199/4199 4129/4129/4129
f 4200/4200/4200 4201/4201/4201 4202/4202/4202
f 4202/4202/4202 4203/4203/4203 4204/4204/4204
f 4205/4205/4205 4206/4206/4206 4207/4207/4207
f 4207/4207/4207 4208/4208/4208 4205/4205/4205
f 4209/4209/4209 4210/4210/4210 4211/4211/4211
f 4211/4211/4211 4212/4212/4212 4209/4209/4209
f 4213/4213/4213 4214/4214/4214 4215/4215/4215
f 4214/4214/4214 4216/4216/4216 4217/4217/4217
f 4217/4217/4217 4154/4154/4154 4218/4218/4218
f 4215/4215/4215 4218/4218/4218 4154/4154/4154
f 4154/4154/4154 4132/4132/4132 4215/4215/4215
f 4219/4219/4219 4220/4220/4220 4221/4221/4221
f 4221/4221/4221 4222/4222/4222 4219/4219/4219
f 4185/4185/4185 4223/4223/4223 4224/4224/4224
f 4224/4224/4224 4172/4172/4172 4185/4185/4185
f 4225/4225/4225 4226/4226/4226 4227/4227/4227
f 4228/4228/4228 4229/4229/4229 4230/4230/4230
