# Arena v3 original physics converted from A3D
o ArenaPhysics
v -10.574252 0.000000 5.192053
v -10.574252 0.000000 -27.597952
v 22.215752 0.000000 -27.597952
v 22.215752 0.000000 5.192053
v -10.574252 0.000000 5.192053
v -10.574252 3.982891 5.192053
v 22.215752 3.982891 5.192053
v 22.215752 3.982891 -27.597952
v -10.574252 3.982891 -27.597952
v -10.574252 0.000000 5.192053
v 22.215752 0.000000 5.192053
v 22.215752 3.982891 5.192053
v -10.574252 3.982891 5.192053
v 22.215752 0.000000 -27.597952
v 22.215752 3.982891 5.192053
v 22.215752 0.000000 -27.597952
v -10.574252 0.000000 -27.597952
v -10.574252 3.982891 -27.597952
v 22.215752 3.982891 -27.597952
v 22.215752 0.000000 -27.597952
v -10.574252 0.000000 -27.597952
v -10.574252 0.000000 5.192053
v -10.574252 3.982891 5.192053
f 6 7 8
f 8 9 6
f 1 2 3
f 3 4 5
f 21 22 23
f 23 9 21
f 4 14 8
f 8 15 4
f 10 11 12
f 12 13 10
f 16 17 18
f 18 19 20
v -10.574253 3.982891 -28.860537
v -10.574253 3.982891 -27.597950
v 20.651846 3.982891 -28.860537
v 20.651846 3.982891 -27.597950
v 20.651846 0.000000 -27.597950
v -10.574253 0.000000 -27.597950
v 20.651846 0.000000 -28.860537
v -10.574253 0.000000 -28.860537
v 20.651846 0.000000 -27.597950
v -10.574253 0.000000 -27.597950
v -10.574253 3.982891 -27.597950
v 20.651846 3.982891 -28.860537
v 20.651846 3.982891 -27.597950
v 20.651846 0.000000 -28.860537
v 20.651846 0.000000 -27.597950
v -10.574253 3.982891 -28.860537
v 20.651846 3.982891 -28.860537
v -10.574253 0.000000 -28.860537
v -10.574253 3.982891 -27.597950
v -10.574253 3.982891 -28.860537
v -10.574253 0.000000 -27.597950
v -10.574253 0.000000 -28.860537
f 24 25 26
f 27 26 25
f 28 29 30
f 31 30 29
f 42 43 44
f 45 44 43
f 35 36 37
f 38 37 36
f 27 25 32
f 33 32 34
f 39 40 41
f 30 41 40
v 21.268345 0.000000 -26.460846
v 19.724951 0.000000 -27.755907
v 20.651846 0.000000 -28.860537
v 22.195240 0.000000 -27.565475
v 21.268345 0.000000 -26.460846
v 21.268345 3.982891 -26.460846
v 22.195240 3.982891 -27.565475
v 20.651846 3.982891 -28.860537
v 19.724951 3.982891 -27.755907
v 21.268345 0.000000 -26.460846
v 22.195240 0.000000 -27.565475
v 22.195240 3.982891 -27.565475
v 21.268345 3.982891 -26.460846
v 20.651846 0.000000 -28.860537
v 22.195240 3.982891 -27.565475
v 20.651846 0.000000 -28.860537
v 19.724951 0.000000 -27.755907
v 19.724951 3.982891 -27.755907
v 20.651846 3.982891 -28.860537
v 20.651846 0.000000 -28.860537
v 19.724951 0.000000 -27.755907
v 21.268345 0.000000 -26.460846
v 21.268345 3.982891 -26.460846
f 51 52 53
f 53 54 51
f 46 47 48
f 48 49 50
f 66 67 68
f 68 54 66
f 49 59 53
f 53 60 49
f 55 56 57
f 57 58 55
f 61 62 63
f 63 64 65
v -22.314585 3.982891 -27.597946
v -23.577171 3.982891 -27.597946
v -22.314587 3.982891 3.628152
v -23.577173 3.982891 3.628152
v -23.577173 0.000000 3.628152
v -23.577171 0.000000 -27.597946
v -22.314587 0.000000 3.628152
v -22.314585 0.000000 -27.597946
v -23.577173 0.000000 3.628152
v -23.577171 0.000000 -27.597946
v -23.577171 3.982891 -27.597946
v -22.314587 3.982891 3.628152
v -23.577173 3.982891 3.628152
v -22.314587 0.000000 3.628152
v -23.577173 0.000000 3.628152
v -22.314585 3.982891 -27.597946
v -22.314587 3.982891 3.628152
v -22.314585 0.000000 -27.597946
v -23.577171 3.982891 -27.597946
v -22.314585 3.982891 -27.597946
v -23.577171 0.000000 -27.597946
v -22.314585 0.000000 -27.597946
f 69 70 71
f 72 71 70
f 73 74 75
f 76 75 74
f 87 88 89
f 90 89 88
f 80 81 82
f 83 82 81
f 72 70 77
f 78 77 79
f 84 85 86
f 75 86 85
v -24.714275 0.000000 4.244651
v -23.419212 0.000000 2.701257
v -22.314583 0.000000 3.628152
v -23.609644 0.000000 5.171546
v -24.714275 0.000000 4.244651
v -24.714275 3.982891 4.244651
v -23.609644 3.982891 5.171546
v -22.314583 3.982891 3.628152
v -23.419212 3.982891 2.701257
v -24.714275 0.000000 4.244651
v -23.609644 0.000000 5.171546
v -23.609644 3.982891 5.171546
v -24.714275 3.982891 4.244651
v -22.314583 0.000000 3.628152
v -23.609644 3.982891 5.171546
v -22.314583 0.000000 3.628152
v -23.419212 0.000000 2.701257
v -23.419212 3.982891 2.701257
v -22.314583 3.982891 3.628152
v -22.314583 0.000000 3.628152
v -23.419212 0.000000 2.701257
v -24.714275 0.000000 4.244651
v -24.714275 3.982891 4.244651
f 96 97 98
f 98 99 96
f 91 92 93
f 93 94 95
f 111 112 113
f 113 99 111
f 94 104 98
f 98 105 94
f 100 101 102
f 102 103 100
f 106 107 108
f 108 109 110
v -55.419792 0.000000 -41.737957
v -53.876400 0.000000 -40.442898
v -54.803291 0.000000 -39.338268
v -56.346687 0.000000 -40.633327
v -55.419792 0.000000 -41.737957
v -55.419792 3.982891 -41.737957
v -56.346687 3.982891 -40.633327
v -54.803291 3.982891 -39.338268
v -53.876400 3.982891 -40.442898
v -55.419792 0.000000 -41.737957
v -56.346687 0.000000 -40.633327
v -56.346687 3.982891 -40.633327
v -55.419792 3.982891 -41.737957
v -54.803291 0.000000 -39.338268
v -56.346687 3.982891 -40.633327
v -54.803291 0.000000 -39.338268
v -53.876400 0.000000 -40.442898
v -53.876400 3.982891 -40.442898
v -54.803291 3.982891 -39.338268
v -54.803291 0.000000 -39.338268
v -53.876400 0.000000 -40.442898
v -55.419792 0.000000 -41.737957
v -55.419792 3.982891 -41.737957
f 119 120 121
f 121 122 119
f 114 115 116
f 116 117 118
f 134 135 136
f 136 122 134
f 117 127 121
f 121 128 117
f 123 124 125
f 125 126 123
f 129 130 131
f 131 132 133
v -23.577194 3.982891 -39.338264
v -23.577194 3.982891 -40.600849
v -54.803295 3.982891 -39.338268
v -54.803295 3.982891 -40.600853
v -54.803295 0.000000 -40.600853
v -23.577194 0.000000 -40.600849
v -54.803295 0.000000 -39.338268
v -23.577194 0.000000 -39.338264
v -54.803295 0.000000 -40.600853
v -23.577194 0.000000 -40.600849
v -23.577194 3.982891 -40.600849
v -54.803295 3.982891 -39.338268
v -54.803295 3.982891 -40.600853
v -54.803295 0.000000 -39.338268
v -54.803295 0.000000 -40.600853
v -23.577194 3.982891 -39.338264
v -54.803295 3.982891 -39.338268
v -23.577194 0.000000 -39.338264
v -23.577194 3.982891 -40.600849
v -23.577194 3.982891 -39.338264
v -23.577194 0.000000 -40.600849
v -23.577194 0.000000 -39.338264
f 137 138 139
f 140 139 138
f 141 142 143
f 144 143 142
f 155 156 157
f 158 157 156
f 148 149 150
f 151 150 149
f 140 138 145
f 146 145 147
f 152 153 154
f 143 154 153
v -9.437159 0.000000 -72.443466
v -10.732221 0.000000 -70.900070
v -11.836850 0.000000 -71.826965
v -10.541788 0.000000 -73.370361
v -9.437159 0.000000 -72.443466
v -9.437159 3.982891 -72.443466
v -10.541788 3.982891 -73.370361
v -11.836850 3.982891 -71.826965
v -10.732221 3.982891 -70.900070
v -9.437159 0.000000 -72.443466
v -10.541788 0.000000 -73.370361
v -10.541788 3.982891 -73.370361
v -9.437159 3.982891 -72.443466
v -11.836850 0.000000 -71.826965
v -10.541788 3.982891 -73.370361
v -11.836850 0.000000 -71.826965
v -10.732221 0.000000 -70.900070
v -10.732221 3.982891 -70.900070
v -11.836850 3.982891 -71.826965
v -11.836850 0.000000 -71.826965
v -10.732221 0.000000 -70.900070
v -9.437159 0.000000 -72.443466
v -9.437159 3.982891 -72.443466
f 164 165 166
f 166 167 164
f 159 160 161
f 161 162 163
f 179 180 181
f 181 167 179
f 162 172 166
f 166 173 162
f 168 169 170
f 170 171 168
f 174 175 176
f 176 177 178
v -11.836852 3.982891 -40.600872
v -10.574266 3.982891 -40.600872
v -11.836852 3.982891 -71.826973
v -10.574266 3.982891 -71.826973
v -10.574266 0.000000 -71.826973
v -10.574266 0.000000 -40.600872
v -11.836852 0.000000 -71.826973
v -11.836852 0.000000 -40.600872
v -10.574266 0.000000 -71.826973
v -10.574266 0.000000 -40.600872
v -10.574266 3.982891 -40.600872
v -11.836852 3.982891 -71.826973
v -10.574266 3.982891 -71.826973
v -11.836852 0.000000 -71.826973
v -10.574266 0.000000 -71.826973
v -11.836852 3.982891 -40.600872
v -11.836852 3.982891 -71.826973
v -11.836852 0.000000 -40.600872
v -10.574266 3.982891 -40.600872
v -11.836852 3.982891 -40.600872
v -10.574266 0.000000 -40.600872
v -11.836852 0.000000 -40.600872
f 182 183 184
f 185 184 183
f 186 187 188
f 189 188 187
f 200 201 202
f 203 202 201
f 193 194 195
f 196 195 194
f 185 183 190
f 191 190 192
f 197 198 199
f 188 199 198
v 22.195232 0.000000 -40.633327
v 20.651838 0.000000 -39.338264
v 19.724943 0.000000 -40.442894
v 21.268337 0.000000 -41.737957
v 22.195232 0.000000 -40.633327
v 22.195232 3.982891 -40.633327
v 21.268337 3.982891 -41.737957
v 19.724943 3.982891 -40.442894
v 20.651838 3.982891 -39.338264
v 22.195232 0.000000 -40.633327
v 21.268337 0.000000 -41.737957
v 21.268337 3.982891 -41.737957
v 22.195232 3.982891 -40.633327
v 19.724943 0.000000 -40.442894
v 21.268337 3.982891 -41.737957
v 19.724943 0.000000 -40.442894
v 20.651838 0.000000 -39.338264
v 20.651838 3.982891 -39.338264
v 19.724943 3.982891 -40.442894
v 19.724943 0.000000 -40.442894
v 20.651838 0.000000 -39.338264
v 22.195232 0.000000 -40.633327
v 22.195232 3.982891 -40.633327
f 209 210 211
f 211 212 209
f 204 205 206
f 206 207 208
f 224 225 226
f 226 212 224
f 207 217 211
f 211 218 207
f 213 214 215
f 215 216 213
f 219 220 221
f 221 222 223
v -10.574260 3.982891 -40.600857
v -10.574261 3.982891 -39.338272
v 20.651838 3.982891 -40.600853
v 20.651838 3.982891 -39.338268
v 20.651838 0.000000 -39.338268
v -10.574261 0.000000 -39.338272
v 20.651838 0.000000 -40.600853
v -10.574260 0.000000 -40.600857
v 20.651838 0.000000 -39.338268
v -10.574261 0.000000 -39.338272
v -10.574261 3.982891 -39.338272
v 20.651838 3.982891 -40.600853
v 20.651838 3.982891 -39.338268
v 20.651838 0.000000 -40.600853
v 20.651838 0.000000 -39.338268
v -10.574260 3.982891 -40.600857
v 20.651838 3.982891 -40.600853
v -10.574260 0.000000 -40.600857
v -10.574261 3.982891 -39.338272
v -10.574260 3.982891 -40.600857
v -10.574261 0.000000 -39.338272
v -10.574260 0.000000 -40.600857
f 227 228 229
f 230 229 228
f 231 232 233
f 234 233 232
f 245 246 247
f 248 247 246
f 238 239 240
f 241 240 239
f 230 228 235
f 236 235 237
f 242 243 244
f 233 244 243
v -23.609640 0.000000 -73.370331
v -22.314577 0.000000 -71.826935
v -23.419209 0.000000 -70.900040
v -24.714270 0.000000 -72.443436
v -23.609640 0.000000 -73.370331
v -23.609640 3.982891 -73.370331
v -24.714270 3.982891 -72.443436
v -23.419209 3.982891 -70.900040
v -22.314577 3.982891 -71.826935
v -23.609640 0.000000 -73.370331
v -24.714270 0.000000 -72.443436
v -24.714270 3.982891 -72.443436
v -23.609640 3.982891 -73.370331
v -23.419209 0.000000 -70.900040
v -24.714270 3.982891 -72.443436
v -23.419209 0.000000 -70.900040
v -22.314577 0.000000 -71.826935
v -22.314577 3.982891 -71.826935
v -23.419209 3.982891 -70.900040
v -23.419209 0.000000 -70.900040
v -22.314577 0.000000 -71.826935
v -23.609640 0.000000 -73.370331
v -23.609640 3.982891 -73.370331
f 254 255 256
f 256 257 254
f 249 250 251
f 251 252 253
f 269 270 271
f 271 257 269
f 252 262 256
f 256 263 252
f 258 259 260
f 260 261 258
f 264 265 266
f 266 267 268
v -23.577171 3.982891 -40.600838
v -22.314587 3.982891 -40.600838
v -23.577171 3.982891 -71.826935
v -22.314587 3.982891 -71.826935
v -22.314587 0.000000 -71.826935
v -22.314587 0.000000 -40.600838
v -23.577171 0.000000 -71.826935
v -23.577171 0.000000 -40.600838
v -22.314587 0.000000 -71.826935
v -22.314587 0.000000 -40.600838
v -22.314587 3.982891 -40.600838
v -23.577171 3.982891 -71.826935
v -22.314587 3.982891 -71.826935
v -23.577171 0.000000 -71.826935
v -22.314587 0.000000 -71.826935
v -23.577171 3.982891 -40.600838
v -23.577171 3.982891 -71.826935
v -23.577171 0.000000 -40.600838
v -22.314587 3.982891 -40.600838
v -23.577171 3.982891 -40.600838
v -22.314587 0.000000 -40.600838
v -23.577171 0.000000 -40.600838
f 272 273 274
f 275 274 273
f 276 277 278
f 279 278 277
f 290 291 292
f 293 292 291
f 283 284 285
f 286 285 284
f 275 273 280
f 281 280 282
f 287 288 289
f 278 289 288
v -56.346676 0.000000 -27.565475
v -54.803284 0.000000 -28.860537
v -53.876389 0.000000 -27.755907
v -55.419785 0.000000 -26.460846
v -56.346676 0.000000 -27.565475
v -56.346676 3.982891 -27.565475
v -55.419785 3.982891 -26.460846
v -53.876389 3.982891 -27.755907
v -54.803284 3.982891 -28.860537
v -56.346676 0.000000 -27.565475
v -55.419785 0.000000 -26.460846
v -55.419785 3.982891 -26.460846
v -56.346676 3.982891 -27.565475
v -53.876389 0.000000 -27.755907
v -55.419785 3.982891 -26.460846
v -53.876389 0.000000 -27.755907
v -54.803284 0.000000 -28.860537
v -54.803284 3.982891 -28.860537
v -53.876389 3.982891 -27.755907
v -53.876389 0.000000 -27.755907
v -54.803284 0.000000 -28.860537
v -56.346676 0.000000 -27.565475
v -56.346676 3.982891 -27.565475
f 299 300 301
f 301 302 299
f 294 295 296
f 296 297 298
f 314 315 316
f 316 302 314
f 297 307 301
f 301 308 297
f 303 304 305
f 305 306 303
f 309 310 311
f 311 312 313
v -23.577185 3.982891 -27.597946
v -23.577185 3.982891 -28.860531
v -54.803284 3.982891 -27.597940
v -54.803284 3.982891 -28.860527
v -54.803284 0.000000 -28.860527
v -23.577185 0.000000 -28.860531
v -54.803284 0.000000 -27.597940
v -23.577185 0.000000 -27.597946
v -54.803284 0.000000 -28.860527
v -23.577185 0.000000 -28.860531
v -23.577185 3.982891 -28.860531
v -54.803284 3.982891 -27.597940
v -54.803284 3.982891 -28.860527
v -54.803284 0.000000 -27.597940
v -54.803284 0.000000 -28.860527
v -23.577185 3.982891 -27.597946
v -54.803284 3.982891 -27.597940
v -23.577185 0.000000 -27.597946
v -23.577185 3.982891 -28.860531
v -23.577185 3.982891 -27.597946
v -23.577185 0.000000 -28.860531
v -23.577185 0.000000 -27.597946
f 317 318 319
f 320 319 318
f 321 322 323
f 324 323 322
f 335 336 337
f 338 337 336
f 328 329 330
f 331 330 329
f 320 318 325
f 326 325 327
f 332 333 334
f 323 334 333
v -56.367199 0.000000 5.192053
v -56.367199 0.000000 -27.597952
v -23.577192 0.000000 -27.597952
v -23.577192 0.000000 5.192053
v -56.367199 0.000000 5.192053
v -56.367199 3.982891 5.192053
v -23.577192 3.982891 5.192053
v -23.577192 3.982891 -27.597952
v -56.367199 3.982891 -27.597952
v -56.367199 0.000000 5.192053
v -23.577192 0.000000 5.192053
v -23.577192 3.982891 5.192053
v -56.367199 3.982891 5.192053
v -23.577192 0.000000 -27.597952
v -23.577192 3.982891 5.192053
v -23.577192 0.000000 -27.597952
v -56.367199 0.000000 -27.597952
v -56.367199 3.982891 -27.597952
v -23.577192 3.982891 -27.597952
v -23.577192 0.000000 -27.597952
v -56.367199 0.000000 -27.597952
v -56.367199 0.000000 5.192053
v -56.367199 3.982891 5.192053
f 344 345 346
f 346 347 344
f 339 340 341
f 341 342 343
f 359 360 361
f 361 347 359
f 342 352 346
f 346 353 342
f 348 349 350
f 350 351 348
f 354 355 356
f 356 357 358
v -56.367199 0.000000 -40.600857
v -56.367199 0.000000 -73.390862
v -23.577192 0.000000 -73.390862
v -23.577192 0.000000 -40.600857
v -56.367199 0.000000 -40.600857
v -56.367199 3.982891 -40.600857
v -23.577192 3.982891 -40.600857
v -23.577192 3.982891 -73.390862
v -56.367199 3.982891 -73.390862
v -56.367199 0.000000 -40.600857
v -23.577192 0.000000 -40.600857
v -23.577192 3.982891 -40.600857
v -56.367199 3.982891 -40.600857
v -23.577192 0.000000 -73.390862
v -23.577192 3.982891 -40.600857
v -23.577192 0.000000 -73.390862
v -56.367199 0.000000 -73.390862
v -56.367199 3.982891 -73.390862
v -23.577192 3.982891 -73.390862
v -23.577192 0.000000 -73.390862
v -56.367199 0.000000 -73.390862
v -56.367199 0.000000 -40.600857
v -56.367199 3.982891 -40.600857
f 367 368 369
f 369 370 367
f 362 363 364
f 364 365 366
f 382 383 384
f 384 370 382
f 365 375 369
f 369 376 365
f 371 372 373
f 373 374 371
f 377 378 379
f 379 380 381
v -10.574253 0.000000 -40.600857
v -10.574253 0.000000 -73.390862
v 22.215752 0.000000 -73.390862
v 22.215752 0.000000 -40.600857
v -10.574253 0.000000 -40.600857
v -10.574253 3.982891 -40.600857
v 22.215752 3.982891 -40.600857
v 22.215752 3.982891 -73.390862
v -10.574253 3.982891 -73.390862
v -10.574253 0.000000 -40.600857
v 22.215752 0.000000 -40.600857
v 22.215752 3.982891 -40.600857
v -10.574253 3.982891 -40.600857
v 22.215752 0.000000 -73.390862
v 22.215752 3.982891 -40.600857
v 22.215752 0.000000 -73.390862
v -10.574253 0.000000 -73.390862
v -10.574253 3.982891 -73.390862
v 22.215752 3.982891 -73.390862
v 22.215752 0.000000 -73.390862
v -10.574253 0.000000 -73.390862
v -10.574253 0.000000 -40.600857
v -10.574253 3.982891 -40.600857
f 390 391 392
f 392 393 390
f 385 386 387
f 387 388 389
f 405 406 407
f 407 393 405
f 388 398 392
f 392 399 388
f 394 395 396
f 396 397 394
f 400 401 402
f 402 403 404
v -22.314585 0.000000 -40.600857
v -22.314585 0.000000 -62.347542
v -11.836853 0.000000 -62.347542
v -11.836853 0.000000 -40.600857
v -22.314585 0.000000 -40.600857
v -22.314585 3.982891 -40.600857
v -11.836853 3.982891 -40.600857
v -11.836853 3.982891 -62.347542
v -22.314585 3.982891 -62.347542
v -22.314585 0.000000 -40.600857
v -11.836853 0.000000 -40.600857
v -11.836853 3.982891 -40.600857
v -22.314585 3.982891 -40.600857
v -11.836853 0.000000 -62.347542
v -11.836853 3.982891 -40.600857
v -11.836853 0.000000 -62.347542
v -22.314585 0.000000 -62.347542
v -22.314585 3.982891 -62.347542
v -11.836853 3.982891 -62.347542
v -11.836853 0.000000 -62.347542
v -22.314585 0.000000 -62.347542
v -22.314585 0.000000 -40.600857
v -22.314585 3.982891 -40.600857
f 413 414 415
f 415 416 413
f 408 409 410
f 410 411 412
f 428 429 430
f 430 416 428
f 411 421 415
f 415 422 411
f 417 418 419
f 419 420 417
f 423 424 425
f 425 426 427
v -22.314585 0.000000 -5.851272
v -22.314585 0.000000 -27.597956
v -11.836853 0.000000 -27.597956
v -11.836853 0.000000 -5.851272
v -22.314585 0.000000 -5.851272
v -22.314585 3.982891 -5.851272
v -11.836853 3.982891 -5.851272
v -11.836853 3.982891 -27.597956
v -22.314585 3.982891 -27.597956
v -22.314585 0.000000 -5.851272
v -11.836853 0.000000 -5.851272
v -11.836853 3.982891 -5.851272
v -22.314585 3.982891 -5.851272
v -11.836853 0.000000 -27.597956
v -11.836853 3.982891 -5.851272
v -11.836853 0.000000 -27.597956
v -22.314585 0.000000 -27.597956
v -22.314585 3.982891 -27.597956
v -11.836853 3.982891 -27.597956
v -11.836853 0.000000 -27.597956
v -22.314585 0.000000 -27.597956
v -22.314585 0.000000 -5.851272
v -22.314585 3.982891 -5.851272
f 436 437 438
f 438 439 436
f 431 432 433
f 433 434 435
f 451 452 453
f 453 439 451
f 434 444 438
f 438 445 434
f 440 441 442
f 442 443 440
f 446 447 448
f 448 449 450
v -45.323872 0.000000 -39.338268
v -23.577185 0.000000 -39.338264
v -23.577187 0.000000 -28.860535
v -45.323872 0.000000 -28.860535
v -45.323872 0.000000 -39.338268
v -45.323872 3.982891 -39.338268
v -45.323872 3.982891 -28.860535
v -23.577187 3.982891 -28.860535
v -23.577185 3.982891 -39.338264
v -45.323872 0.000000 -39.338268
v -45.323872 0.000000 -28.860535
v -45.323872 3.982891 -28.860535
v -45.323872 3.982891 -39.338268
v -23.577187 0.000000 -28.860535
v -45.323872 3.982891 -28.860535
v -23.577187 0.000000 -28.860535
v -23.577185 0.000000 -39.338264
v -23.577185 3.982891 -39.338264
v -23.577187 3.982891 -28.860535
v -23.577187 0.000000 -28.860535
v -23.577185 0.000000 -39.338264
v -45.323872 0.000000 -39.338268
v -45.323872 3.982891 -39.338268
f 459 460 461
f 461 462 459
f 454 455 456
f 456 457 458
f 474 475 476
f 476 462 474
f 457 467 461
f 461 468 457
f 463 464 465
f 465 466 463
f 469 470 471
f 471 472 473
v -10.574261 0.000000 -39.338268
v 11.172424 0.000000 -39.338264
v 11.172423 0.000000 -28.860535
v -10.574261 0.000000 -28.860535
v -10.574261 0.000000 -39.338268
v -10.574261 3.982891 -39.338268
v -10.574261 3.982891 -28.860535
v 11.172423 3.982891 -28.860535
v 11.172424 3.982891 -39.338264
v -10.574261 0.000000 -39.338268
v -10.574261 0.000000 -28.860535
v -10.574261 3.982891 -28.860535
v -10.574261 3.982891 -39.338268
v 11.172423 0.000000 -28.860535
v -10.574261 3.982891 -28.860535
v 11.172423 0.000000 -28.860535
v 11.172424 0.000000 -39.338264
v 11.172424 3.982891 -39.338264
v 11.172423 3.982891 -28.860535
v 11.172423 0.000000 -28.860535
v 11.172424 0.000000 -39.338264
v -10.574261 0.000000 -39.338268
v -10.574261 3.982891 -39.338268
f 482 483 484
f 484 485 482
f 477 478 479
f 479 480 481
f 497 498 499
f 499 485 497
f 480 490 484
f 484 491 480
f 486 487 488
f 488 489 486
f 492 493 494
f 494 495 496
v -23.577196 0.000000 -40.600872
v -10.574254 0.000000 -40.600872
v -10.574252 0.000000 -27.597958
v -23.577196 0.000000 -27.597960
v -23.577196 0.000000 -40.600872
v -23.577196 3.982891 -40.600872
v -23.577196 3.982891 -27.597960
v -10.574252 3.982891 -27.597958
v -10.574254 3.982891 -40.600872
v -23.577196 0.000000 -40.600872
v -23.577196 0.000000 -27.597960
v -23.577196 3.982891 -27.597960
v -23.577196 3.982891 -40.600872
v -10.574252 0.000000 -27.597958
v -23.577196 3.982891 -27.597960
v -10.574252 0.000000 -27.597958
v -10.574254 0.000000 -40.600872
v -10.574254 3.982891 -40.600872
v -10.574252 3.982891 -27.597958
v -10.574252 0.000000 -27.597958
v -10.574254 0.000000 -40.600872
v -23.577196 0.000000 -40.600872
v -23.577196 3.982891 -40.600872
f 505 506 507
f 507 508 505
f 500 501 502
f 502 503 504
f 520 521 522
f 522 508 520
f 503 513 507
f 507 514 503
f 509 510 511
f 511 512 509
f 515 516 517
f 517 518 519
v -32.590790 0.000000 -64.439476
v -32.590790 0.000000 -64.967476
v -31.942432 0.000000 -64.967476
v -31.942432 0.000000 -64.439476
v -32.590790 0.000000 -64.439476
v -32.590790 13.229920 -64.439476
v -31.942432 13.229920 -64.439476
v -31.942432 13.229920 -64.967476
v -32.590790 13.229920 -64.967476
v -32.590790 0.000000 -64.439476
v -31.942432 0.000000 -64.439476
v -31.942432 13.229920 -64.439476
v -32.590790 13.229920 -64.439476
v -31.942432 0.000000 -64.967476
v -31.942432 13.229920 -64.439476
v -31.942432 0.000000 -64.967476
v -32.590790 0.000000 -64.967476
v -32.590790 13.229920 -64.967476
v -31.942432 13.229920 -64.967476
v -31.942432 0.000000 -64.967476
v -32.590790 0.000000 -64.967476
v -32.590790 0.000000 -64.439476
v -32.590790 13.229920 -64.439476
f 528 529 530
f 530 531 528
f 523 524 525
f 525 526 527
f 543 544 545
f 545 531 543
f 526 536 530
f 530 537 526
f 532 533 534
f 534 535 532
f 538 539 540
f 540 541 542
v -5.053482 0.000000 -4.450242
v -5.053482 0.000000 -4.978242
v -4.405126 0.000000 -4.978242
v -4.405126 0.000000 -4.450242
v -5.053482 0.000000 -4.450242
v -5.053482 13.229920 -4.450242
v -4.405126 13.229920 -4.450242
v -4.405126 13.229920 -4.978242
v -5.053482 13.229920 -4.978242
v -5.053482 0.000000 -4.450242
v -4.405126 0.000000 -4.450242
v -4.405126 13.229920 -4.450242
v -5.053482 13.229920 -4.450242
v -4.405126 0.000000 -4.978242
v -4.405126 13.229920 -4.450242
v -4.405126 0.000000 -4.978242
v -5.053482 0.000000 -4.978242
v -5.053482 13.229920 -4.978242
v -4.405126 13.229920 -4.978242
v -4.405126 0.000000 -4.978242
v -5.053482 0.000000 -4.978242
v -5.053482 0.000000 -4.450242
v -5.053482 13.229920 -4.450242
f 551 552 553
f 553 554 551
f 546 547 548
f 548 549 550
f 566 567 568
f 568 554 566
f 549 559 553
f 553 560 549
f 555 556 557
f 557 558 555
f 561 562 563
f 563 564 565
v 13.018977 4.602083 2.479456
v 13.018977 4.602083 -5.164278
v 17.432087 4.602083 -5.164278
v 17.432087 4.602083 2.479456
v 13.018977 4.602083 2.479456
v 13.018977 10.763956 2.479456
v 17.432087 10.763956 2.479456
v 17.432087 10.763956 -5.164278
v 13.018977 10.763956 -5.164278
v 13.018977 4.602083 2.479456
v 17.432087 4.602083 2.479456
v 17.432087 10.763956 2.479456
v 13.018977 10.763956 2.479456
v 17.432087 4.602083 -5.164278
v 17.432087 10.763956 2.479456
v 17.432087 4.602083 -5.164278
v 13.018977 4.602083 -5.164278
v 13.018977 10.763956 -5.164278
v 17.432087 10.763956 -5.164278
v 17.432087 4.602083 -5.164278
v 13.018977 4.602083 -5.164278
v 13.018977 4.602083 2.479456
v 13.018977 10.763956 2.479456
f 574 575 576
f 576 577 574
f 569 570 571
f 571 572 573
f 589 590 591
f 591 577 589
f 572 582 576
f 576 583 572
f 578 579 580
f 580 581 578
f 584 585 586
f 586 587 588
v 10.812421 4.602083 -1.342411
v 17.432089 4.602083 -5.164278
v 19.638643 4.602083 -1.342412
v 13.018975 4.602083 2.479455
v 10.812421 4.602083 -1.342411
v 10.812421 10.763956 -1.342411
v 13.018975 10.763956 2.479455
v 19.638643 10.763956 -1.342412
v 17.432089 10.763956 -5.164278
v 10.812421 4.602083 -1.342411
v 13.018975 4.602083 2.479455
v 13.018975 10.763956 2.479455
v 10.812421 10.763956 -1.342411
v 19.638643 4.602083 -1.342412
v 13.018975 10.763956 2.479455
v 19.638643 4.602083 -1.342412
v 17.432089 4.602083 -5.164278
v 17.432089 10.763956 -5.164278
v 19.638643 10.763956 -1.342412
v 19.638643 4.602083 -1.342412
v 17.432089 4.602083 -5.164278
v 10.812421 4.602083 -1.342411
v 10.812421 10.763956 -1.342411
f 597 598 599
f 599 600 597
f 592 593 594
f 594 595 596
f 612 613 614
f 614 600 612
f 595 605 599
f 599 606 595
f 601 602 603
f 603 604 601
f 607 608 609
f 609 610 611
v 13.018976 4.602083 -5.164278
v 19.638643 4.602083 -1.342410
v 17.432089 4.602083 2.479455
v 10.812421 4.602083 -1.342412
v 13.018976 4.602083 -5.164278
v 13.018976 10.763956 -5.164278
v 10.812421 10.763956 -1.342412
v 17.432089 10.763956 2.479455
v 19.638643 10.763956 -1.342410
v 13.018976 4.602083 -5.164278
v 10.812421 4.602083 -1.342412
v 10.812421 10.763956 -1.342412
v 13.018976 10.763956 -5.164278
v 17.432089 4.602083 2.479455
v 10.812421 10.763956 -1.342412
v 17.432089 4.602083 2.479455
v 19.638643 4.602083 -1.342410
v 19.638643 10.763956 -1.342410
v 17.432089 10.763956 2.479455
v 17.432089 4.602083 2.479455
v 19.638643 4.602083 -1.342410
v 13.018976 4.602083 -5.164278
v 13.018976 10.763956 -5.164278
f 620 621 622
f 622 623 620
f 615 616 617
f 617 618 619
f 635 636 637
f 637 623 635
f 618 628 622
f 622 629 618
f 624 625 626
f 626 627 624
f 630 631 632
f 632 633 634
v -34.849705 0.000000 52.410164
v -34.849705 0.000000 45.610870
v -29.941322 0.000000 45.610870
v -29.941322 0.000000 52.410164
v -34.849705 0.000000 52.410164
v -34.849705 16.515451 52.410164
v -29.941322 16.515451 52.410164
v -29.941322 16.515451 45.610870
v -34.849705 16.515451 45.610870
v -34.849705 0.000000 52.410164
v -29.941322 0.000000 52.410164
v -29.941322 16.515451 52.410164
v -34.849705 16.515451 52.410164
v -29.941322 0.000000 45.610870
v -29.941322 16.515451 52.410164
v -29.941322 0.000000 45.610870
v -34.849705 0.000000 45.610870
v -34.849705 16.515451 45.610870
v -29.941322 16.515451 45.610870
v -29.941322 0.000000 45.610870
v -34.849705 0.000000 45.610870
v -34.849705 0.000000 52.410164
v -34.849705 16.515451 52.410164
f 643 644 645
f 645 646 643
f 638 639 640
f 640 641 642
f 658 659 660
f 660 646 658
f 641 651 645
f 645 652 641
f 647 648 649
f 649 650 647
f 653 654 655
f 655 656 657
v -32.634445 0.000000 54.170788
v -32.634445 0.000000 47.371498
v -27.726065 0.000000 47.371498
v -27.726065 0.000000 54.170788
v -32.634445 0.000000 54.170788
v -32.634445 16.515451 54.170788
v -27.726065 16.515451 54.170788
v -27.726065 16.515451 47.371498
v -32.634445 16.515451 47.371498
v -32.634445 0.000000 54.170788
v -27.726065 0.000000 54.170788
v -27.726065 16.515451 54.170788
v -32.634445 16.515451 54.170788
v -27.726065 0.000000 47.371498
v -27.726065 16.515451 54.170788
v -27.726065 0.000000 47.371498
v -32.634445 0.000000 47.371498
v -32.634445 16.515451 47.371498
v -27.726065 16.515451 47.371498
v -27.726065 0.000000 47.371498
v -32.634445 0.000000 47.371498
v -32.634445 0.000000 54.170788
v -32.634445 16.515451 54.170788
f 666 667 668
f 668 669 666
f 661 662 663
f 663 664 665
f 681 682 683
f 683 669 681
f 664 674 668
f 668 675 664
f 670 671 672
f 672 673 670
f 676 677 678
f 678 679 680
v -29.823275 0.000000 55.517620
v -29.823275 0.000000 48.718327
v -24.914892 0.000000 48.718327
v -24.914892 0.000000 55.517620
v -29.823275 0.000000 55.517620
v -29.823275 16.515451 55.517620
v -24.914892 16.515451 55.517620
v -24.914892 16.515451 48.718327
v -29.823275 16.515451 48.718327
v -29.823275 0.000000 55.517620
v -24.914892 0.000000 55.517620
v -24.914892 16.515451 55.517620
v -29.823275 16.515451 55.517620
v -24.914892 0.000000 48.718327
v -24.914892 16.515451 55.517620
v -24.914892 0.000000 48.718327
v -29.823275 0.000000 48.718327
v -29.823275 16.515451 48.718327
v -24.914892 16.515451 48.718327
v -24.914892 0.000000 48.718327
v -29.823275 0.000000 48.718327
v -29.823275 0.000000 55.517620
v -29.823275 16.515451 55.517620
f 689 690 691
f 691 692 689
f 684 685 686
f 686 687 688
f 704 705 706
f 706 692 704
f 687 697 691
f 691 698 687
f 693 694 695
f 695 696 693
f 699 700 701
f 701 702 703
v -24.921576 0.000000 57.000202
v -24.921576 0.000000 50.200912
v -15.014717 0.000000 50.200912
v -15.014717 0.000000 57.000202
v -24.921576 0.000000 57.000202
v -24.921576 16.515451 57.000202
v -15.014717 16.515451 57.000202
v -15.014717 16.515451 50.200912
v -24.921576 16.515451 50.200912
v -24.921576 0.000000 57.000202
v -15.014717 0.000000 57.000202
v -15.014717 16.515451 57.000202
v -24.921576 16.515451 57.000202
v -15.014717 0.000000 50.200912
v -15.014717 16.515451 57.000202
v -15.014717 0.000000 50.200912
v -24.921576 0.000000 50.200912
v -24.921576 16.515451 50.200912
v -15.014717 16.515451 50.200912
v -15.014717 0.000000 50.200912
v -24.921576 0.000000 50.200912
v -24.921576 0.000000 57.000202
v -24.921576 16.515451 57.000202
f 712 713 714
f 714 715 712
f 707 708 709
f 709 710 711
f 727 728 729
f 729 715 727
f 710 720 714
f 714 721 710
f 716 717 718
f 718 719 716
f 722 723 724
f 724 725 726
v -15.014717 0.000000 55.466080
v -15.014717 0.000000 48.380478
v -9.883296 0.000000 48.380478
v -9.883296 0.000000 55.466080
v -15.014717 0.000000 55.466080
v -15.014717 16.515451 55.466080
v -9.883296 16.515451 55.466080
v -9.883296 16.515451 48.380478
v -15.014717 16.515451 48.380478
v -15.014717 0.000000 55.466080
v -9.883296 0.000000 55.466080
v -9.883296 16.515451 55.466080
v -15.014717 16.515451 55.466080
v -9.883296 0.000000 48.380478
v -9.883296 16.515451 55.466080
v -9.883296 0.000000 48.380478
v -15.014717 0.000000 48.380478
v -15.014717 16.515451 48.380478
v -9.883296 16.515451 48.380478
v -9.883296 0.000000 48.380478
v -15.014717 0.000000 48.380478
v -15.014717 0.000000 55.466080
v -15.014717 16.515451 55.466080
f 735 736 737
f 737 738 735
f 730 731 732
f 732 733 734
f 750 751 752
f 752 738 750
f 733 743 737
f 737 744 733
f 739 740 741
f 741 742 739
f 745 746 747
f 747 748 749
v -6.240885 0.000000 54.614883
v -9.467298 0.000000 51.907600
v -8.000086 0.000000 50.159046
v -4.773672 0.000000 52.866329
v -6.240885 0.000000 54.614883
v -6.240885 16.515451 54.614883
v -4.773672 16.515451 52.866329
v -8.000086 16.515451 50.159046
v -9.467298 16.515451 51.907600
v -6.240885 0.000000 54.614883
v -4.773672 0.000000 52.866329
v -4.773672 16.515451 52.866329
v -6.240885 16.515451 54.614883
v -8.000086 0.000000 50.159046
v -4.773672 16.515451 52.866329
v -8.000086 0.000000 50.159046
v -9.467298 0.000000 51.907600
v -9.467298 16.515451 51.907600
v -8.000086 16.515451 50.159046
v -9.467298 0.000000 51.907600
v -6.240885 0.000000 54.614883
v -6.240885 16.515451 54.614883
v -9.467298 16.515451 51.907600
f 758 759 760
f 760 761 758
f 753 754 755
f 755 756 757
f 772 773 774
f 774 775 772
f 756 766 760
f 760 767 756
f 762 763 764
f 764 765 762
f 768 769 770
f 770 771 768
v -9.883296 0.000000 56.967758
v -9.883296 0.000000 50.168465
v -7.908936 0.000000 50.168465
v -7.908936 0.000000 56.967758
v -9.883296 0.000000 56.967758
v -9.883296 16.515451 56.967758
v -7.908936 16.515451 56.967758
v -7.908936 16.515451 50.168465
v -9.883296 16.515451 50.168465
v -9.883296 0.000000 56.967758
v -7.908936 0.000000 56.967758
v -7.908936 16.515451 56.967758
v -9.883296 16.515451 56.967758
v -7.908936 0.000000 50.168465
v -7.908936 16.515451 56.967758
v -7.908936 0.000000 50.168465
v -9.883296 0.000000 50.168465
v -9.883296 16.515451 50.168465
v -7.908936 16.515451 50.168465
v -7.908936 0.000000 50.168465
v -9.883296 0.000000 50.168465
v -9.883296 0.000000 56.967758
v -9.883296 16.515451 56.967758
f 781 782 783
f 783 784 781
f 776 777 778
f 778 779 780
f 796 797 798
f 798 784 796
f 779 789 783
f 783 790 779
f 785 786 787
f 787 788 785
f 791 792 793
f 793 794 795
v -6.240885 0.000000 59.665623
v -6.240885 0.000000 52.866329
v -4.773672 0.000000 52.866329
v -4.773672 0.000000 59.665623
v -6.240885 0.000000 59.665623
v -6.240885 16.515451 59.665623
v -4.773672 16.515451 59.665623
v -4.773672 16.515451 52.866329
v -6.240885 16.515451 52.866329
v -6.240885 0.000000 59.665623
v -4.773672 0.000000 59.665623
v -4.773672 16.515451 59.665623
v -6.240885 16.515451 59.665623
v -4.773672 0.000000 52.866329
v -4.773672 16.515451 59.665623
v -4.773672 0.000000 52.866329
v -6.240885 0.000000 52.866329
v -6.240885 16.515451 52.866329
v -4.773672 16.515451 52.866329
v -4.773672 0.000000 52.866329
v -6.240885 0.000000 52.866329
v -6.240885 0.000000 59.665623
v -6.240885 16.515451 59.665623
f 804 805 806
f 806 807 804
f 799 800 801
f 801 802 803
f 819 820 821
f 821 807 819
f 802 812 806
f 806 813 802
f 808 809 810
f 810 811 808
f 814 815 816
f 816 817 818
v 3.011136 0.000000 58.860641
v 0.014949 0.000000 52.757095
v 4.936506 0.000000 50.341137
v 7.932693 0.000000 56.444683
v 3.011136 0.000000 58.860641
v 3.011136 16.515451 58.860641
v 7.932693 16.515451 56.444683
v 4.936506 16.515451 50.341137
v 0.014949 16.515451 52.757095
v 3.011136 0.000000 58.860641
v 7.932693 0.000000 56.444683
v 7.932693 16.515451 56.444683
v 3.011136 16.515451 58.860641
v 4.936506 0.000000 50.341137
v 7.932693 16.515451 56.444683
v 4.936506 0.000000 50.341137
v 0.014949 0.000000 52.757095
v 0.014949 16.515451 52.757095
v 4.936506 16.515451 50.341137
v 4.936506 0.000000 50.341137
v 0.014949 0.000000 52.757095
v 3.011136 0.000000 58.860641
v 3.011136 16.515451 58.860641
f 827 828 829
f 829 830 827
f 822 823 824
f 824 825 826
f 842 843 844
f 844 830 842
f 825 835 829
f 829 836 825
f 831 832 833
f 833 834 831
f 837 838 839
f 839 840 841
v -4.773672 0.000000 61.658260
v -4.773672 0.000000 54.858967
v 0.005469 0.000000 54.858967
v 0.005469 0.000000 61.658260
v -4.773672 0.000000 61.658260
v -4.773672 16.515451 61.658260
v 0.005469 16.515451 61.658260
v 0.005469 16.515451 54.858967
v -4.773672 16.515451 54.858967
v -4.773672 0.000000 61.658260
v 0.005469 0.000000 61.658260
v 0.005469 16.515451 61.658260
v -4.773672 16.515451 61.658260
v 0.005469 0.000000 54.858967
v 0.005469 16.515451 61.658260
v 0.005469 0.000000 54.858967
v -4.773672 0.000000 54.858967
v -4.773672 16.515451 54.858967
v 0.005469 16.515451 54.858967
v 0.005469 0.000000 54.858967
v -4.773672 0.000000 54.858967
v -4.773672 0.000000 61.658260
v -4.773672 16.515451 61.658260
f 850 851 852
f 852 853 850
f 845 846 847
f 847 848 849
f 865 866 867
f 867 853 865
f 848 858 852
f 852 859 848
f 854 855 856
f 856 857 854
f 860 861 862
f 862 863 864
v 5.100947 0.000000 57.054005
v 5.100947 0.000000 50.254715
v 9.896934 0.000000 50.254715
v 9.896934 0.000000 57.054005
v 5.100947 0.000000 57.054005
v 5.100947 16.515451 57.054005
v 9.896934 16.515451 57.054005
v 9.896934 16.515451 50.254715
v 5.100947 16.515451 50.254715
v 5.100947 0.000000 57.054005
v 9.896934 0.000000 57.054005
v 9.896934 16.515451 57.054005
v 5.100947 16.515451 57.054005
v 9.896934 0.000000 50.254715
v 9.896934 16.515451 57.054005
v 9.896934 0.000000 50.254715
v 5.100947 0.000000 50.254715
v 5.100947 16.515451 50.254715
v 9.896934 16.515451 50.254715
v 9.896934 0.000000 50.254715
v 5.100947 0.000000 50.254715
v 5.100947 0.000000 57.054005
v 5.100947 16.515451 57.054005
f 873 874 875
f 875 876 873
f 868 869 870
f 870 871 872
f 888 889 890
f 890 876 888
f 871 881 875
f 875 882 871
f 877 878 879
f 879 880 877
f 883 884 885
f 885 886 887
v 9.896935 0.000000 52.255997
v 9.896935 0.000000 45.456707
v 11.609757 0.000000 45.456707
v 11.609757 0.000000 52.255997
v 9.896935 0.000000 52.255997
v 9.896935 16.515451 52.255997
v 11.609757 16.515451 52.255997
v 11.609757 16.515451 45.456707
v 9.896935 16.515451 45.456707
v 9.896935 0.000000 52.255997
v 11.609757 0.000000 52.255997
v 11.609757 16.515451 52.255997
v 9.896935 16.515451 52.255997
v 11.609757 0.000000 45.456707
v 11.609757 16.515451 52.255997
v 11.609757 0.000000 45.456707
v 9.896935 0.000000 45.456707
v 9.896935 16.515451 45.456707
v 11.609757 16.515451 45.456707
v 11.609757 0.000000 45.456707
v 9.896935 0.000000 45.456707
v 9.896935 0.000000 52.255997
v 9.896935 16.515451 52.255997
f 896 897 898
f 898 899 896
f 891 892 893
f 893 894 895
f 911 912 913
f 913 899 911
f 894 904 898
f 898 905 894
f 900 901 902
f 902 903 900
f 906 907 908
f 908 909 910
v 15.087695 0.000000 47.684456
v 15.087695 0.000000 40.885162
v 25.121397 0.000000 40.885162
v 25.121397 0.000000 47.684456
v 15.087695 0.000000 47.684456
v 15.087695 16.515451 47.684456
v 25.121397 16.515451 47.684456
v 25.121397 16.515451 40.885162
v 15.087695 16.515451 40.885162
v 15.087695 0.000000 47.684456
v 25.121397 0.000000 47.684456
v 25.121397 16.515451 47.684456
v 15.087695 16.515451 47.684456
v 25.121397 0.000000 40.885162
v 25.121397 16.515451 47.684456
v 25.121397 0.000000 40.885162
v 15.087695 0.000000 40.885162
v 15.087695 16.515451 40.885162
v 25.121397 16.515451 40.885162
v 25.121397 0.000000 40.885162
v 15.087695 0.000000 40.885162
v 15.087695 0.000000 47.684456
v 15.087695 16.515451 47.684456
f 919 920 921
f 921 922 919
f 914 915 916
f 916 917 918
f 934 935 936
f 936 922 934
f 917 927 921
f 921 928 917
f 923 924 925
f 925 926 923
f 929 930 931
f 931 932 933
v 12.407953 0.000000 51.775345
v 9.896934 0.000000 45.456707
v 15.091390 0.000000 43.392437
v 17.602409 0.000000 49.711071
v 12.407953 0.000000 51.775345
v 12.407953 16.515451 51.775345
v 17.602409 16.515451 49.711071
v 15.091390 16.515451 43.392437
v 9.896934 16.515451 45.456707
v 12.407953 0.000000 51.775345
v 17.602409 0.000000 49.711071
v 17.602409 16.515451 49.711071
v 12.407953 16.515451 51.775345
v 15.091390 0.000000 43.392437
v 17.602409 16.515451 49.711071
v 15.091390 0.000000 43.392437
v 9.896934 0.000000 45.456707
v 9.896934 16.515451 45.456707
v 15.091390 16.515451 43.392437
v 15.091390 0.000000 43.392437
v 9.896934 0.000000 45.456707
v 12.407953 0.000000 51.775345
v 12.407953 16.515451 51.775345
f 942 943 944
f 944 945 942
f 937 938 939
f 939 940 941
f 957 958 959
f 959 945 957
f 940 950 944
f 944 951 940
f 946 947 948
f 948 949 946
f 952 953 954
f 954 955 956
v 27.569237 0.000000 49.775093
v 21.680878 0.000000 46.375446
v 24.135069 0.000000 42.124664
v 30.023428 0.000000 45.524307
v 27.569237 0.000000 49.775093
v 27.569237 16.515451 49.775093
v 30.023428 16.515451 45.524307
v 24.135069 16.515451 42.124664
v 21.680878 16.515451 46.375446
v 27.569237 0.000000 49.775093
v 30.023428 0.000000 45.524307
v 30.023428 16.515451 45.524307
v 27.569237 16.515451 49.775093
v 24.135069 0.000000 42.124664
v 30.023428 16.515451 45.524307
v 24.135069 0.000000 42.124664
v 21.680878 0.000000 46.375446
v 21.680878 16.515451 46.375446
v 24.135069 16.515451 42.124664
v 24.135069 0.000000 42.124664
v 21.680878 0.000000 46.375446
v 27.569237 0.000000 49.775093
v 27.569237 16.515451 49.775093
f 965 966 967
f 967 968 965
f 960 961 962
f 962 963 964
f 980 981 982
f 982 968 980
f 963 973 967
f 967 974 963
f 969 970 971
f 971 972 969
f 975 976 977
f 977 978 979
v 30.023428 0.000000 52.323601
v 30.023428 0.000000 45.524307
v 35.118271 0.000000 45.524307
v 35.118271 0.000000 52.323601
v 30.023428 0.000000 52.323601
v 30.023428 16.515451 52.323601
v 35.118271 16.515451 52.323601
v 35.118271 16.515451 45.524307
v 30.023428 16.515451 45.524307
v 30.023428 0.000000 52.323601
v 35.118271 0.000000 52.323601
v 35.118271 16.515451 52.323601
v 30.023428 16.515451 52.323601
v 35.118271 0.000000 45.524307
v 35.118271 16.515451 52.323601
v 35.118271 0.000000 45.524307
v 30.023428 0.000000 45.524307
v 30.023428 16.515451 45.524307
v 35.118271 16.515451 45.524307
v 35.118271 0.000000 45.524307
v 30.023428 0.000000 45.524307
v 30.023428 0.000000 52.323601
v 30.023428 16.515451 52.323601
f 988 989 990
f 990 991 988
f 983 984 985
f 985 986 987
f 1003 1004 1005
f 1005 991 1003
f 986 996 990
f 990 997 986
f 992 993 994
f 994 995 992
f 998 999 1000
f 1000 1001 1002
v 40.969563 0.000000 53.178013
v 35.118271 0.000000 53.178013
v 35.118271 0.000000 48.269630
v 40.969559 0.000000 48.269630
v 40.969563 0.000000 53.178013
v 40.969563 16.515451 53.178013
v 40.969559 16.515451 48.269630
v 35.118271 16.515451 48.269630
v 35.118271 16.515451 53.178013
v 40.969563 0.000000 53.178013
v 40.969559 0.000000 48.269630
v 40.969559 16.515451 48.269630
v 40.969563 16.515451 53.178013
v 35.118271 0.000000 48.269630
v 40.969559 16.515451 48.269630
v 35.118271 0.000000 48.269630
v 35.118271 0.000000 53.178013
v 35.118271 16.515451 53.178013
v 35.118271 16.515451 48.269630
v 35.118271 0.000000 48.269630
v 35.118271 0.000000 53.178013
v 40.969563 0.000000 53.178013
v 40.969563 16.515451 53.178013
f 1011 1012 1013
f 1013 1014 1011
f 1006 1007 1008
f 1008 1009 1010
f 1026 1027 1028
f 1028 1014 1026
f 1009 1019 1013
f 1013 1020 1009
f 1015 1016 1017
f 1017 1018 1015
f 1021 1022 1023
f 1023 1024 1025
v 47.844379 0.000000 49.633366
v 42.174229 0.000000 53.385670
v 39.465458 0.000000 49.292412
v 45.135605 0.000000 45.540108
v 47.844379 0.000000 49.633366
v 47.844379 16.515451 49.633366
v 45.135605 16.515451 45.540108
v 39.465458 16.515451 49.292412
v 42.174229 16.515451 53.385670
v 47.844379 0.000000 49.633366
v 45.135605 0.000000 45.540108
v 45.135605 16.515451 45.540108
v 47.844379 16.515451 49.633366
v 39.465458 0.000000 49.292412
v 45.135605 16.515451 45.540108
v 39.465458 0.000000 49.292412
v 42.174229 0.000000 53.385670
v 42.174229 16.515451 53.385670
v 39.465458 16.515451 49.292412
v 39.465458 0.000000 49.292412
v 42.174229 0.000000 53.385670
v 47.844379 0.000000 49.633366
v 47.844379 16.515451 49.633366
f 1034 1035 1036
f 1036 1037 1034
f 1029 1030 1031
f 1031 1032 1033
f 1049 1050 1051
f 1051 1037 1049
f 1032 1042 1036
f 1036 1043 1032
f 1038 1039 1040
f 1040 1041 1038
f 1044 1045 1046
f 1046 1047 1048
v 49.073433 0.000000 48.469593
v 46.783321 0.000000 42.067581
v 50.101017 0.000000 40.880783
v 52.391129 0.000000 47.282795
v 49.073433 0.000000 48.469593
v 49.073433 16.515451 48.469593
v 52.391129 16.515451 47.282795
v 50.101017 16.515451 40.880783
v 46.783321 16.515451 42.067581
v 49.073433 0.000000 48.469593
v 52.391129 0.000000 47.282795
v 52.391129 16.515451 47.282795
v 49.073433 16.515451 48.469593
v 50.101017 0.000000 40.880783
v 52.391129 16.515451 47.282795
v 50.101017 0.000000 40.880783
v 46.783321 0.000000 42.067581
v 46.783321 16.515451 42.067581
v 50.101017 16.515451 40.880783
v 50.101017 0.000000 40.880783
v 46.783321 0.000000 42.067581
v 49.073433 0.000000 48.469593
v 49.073433 16.515451 48.469593
f 1057 1058 1059
f 1059 1060 1057
f 1052 1053 1054
f 1054 1055 1056
f 1072 1073 1074
f 1074 1060 1072
f 1055 1065 1059
f 1059 1066 1055
f 1061 1062 1063
f 1063 1064 1061
f 1067 1068 1069
f 1069 1070 1071
v 45.135605 0.000000 52.339401
v 45.135605 0.000000 45.540112
v 46.783318 0.000000 45.540112
v 46.783318 0.000000 52.339401
v 45.135605 0.000000 52.339401
v 45.135605 16.515451 52.339401
v 46.783318 16.515451 52.339401
v 46.783318 16.515451 45.540112
v 45.135605 16.515451 45.540112
v 45.135605 0.000000 52.339401
v 46.783318 0.000000 52.339401
v 46.783318 16.515451 52.339401
v 45.135605 16.515451 52.339401
v 46.783318 0.000000 45.540112
v 46.783318 16.515451 52.339401
v 46.783318 0.000000 45.540112
v 45.135605 0.000000 45.540112
v 45.135605 16.515451 45.540112
v 46.783318 16.515451 45.540112
v 46.783318 0.000000 45.540112
v 45.135605 0.000000 45.540112
v 45.135605 0.000000 52.339401
v 45.135605 16.515451 52.339401
f 1080 1081 1082
f 1082 1083 1080
f 1075 1076 1077
f 1077 1078 1079
f 1095 1096 1097
f 1097 1083 1095
f 1078 1088 1082
f 1082 1089 1078
f 1084 1085 1086
f 1086 1087 1084
f 1090 1091 1092
f 1092 1093 1094
v 50.101017 0.000000 47.680069
v 50.101017 0.000000 40.880779
v 58.009724 0.000000 40.880779
v 58.009724 0.000000 47.680069
v 50.101017 0.000000 47.680069
v 50.101017 16.515451 47.680069
v 58.009724 16.515451 47.680069
v 58.009724 16.515451 40.880779
v 50.101017 16.515451 40.880779
v 50.101017 0.000000 47.680069
v 58.009724 0.000000 47.680069
v 58.009724 16.515451 47.680069
v 50.101017 16.515451 47.680069
v 58.009724 0.000000 40.880779
v 58.009724 16.515451 47.680069
v 58.009724 0.000000 40.880779
v 50.101017 0.000000 40.880779
v 50.101017 16.515451 40.880779
v 58.009724 16.515451 40.880779
v 58.009724 0.000000 40.880779
v 50.101017 0.000000 40.880779
v 50.101017 0.000000 47.680069
v 50.101017 16.515451 47.680069
f 1103 1104 1105
f 1105 1106 1103
f 1098 1099 1100
f 1100 1101 1102
f 1118 1119 1120
f 1120 1106 1118
f 1101 1111 1105
f 1105 1112 1101
f 1107 1108 1109
f 1109 1110 1107
f 1113 1114 1115
f 1115 1116 1117
v -95.030426 0.000000 47.684444
v -95.030426 0.000000 40.885155
v -34.814194 0.000000 40.885155
v -34.814194 0.000000 47.684444
v -95.030426 0.000000 47.684444
v -95.030426 16.515451 47.684444
v -34.814194 16.515451 47.684444
v -34.814194 16.515451 40.885155
v -95.030426 16.515451 40.885155
v -95.030426 0.000000 47.684444
v -34.814194 0.000000 47.684444
v -34.814194 16.515451 47.684444
v -95.030426 16.515451 47.684444
v -34.814194 0.000000 40.885155
v -34.814194 16.515451 47.684444
v -34.814194 0.000000 40.885155
v -95.030426 0.000000 40.885155
v -95.030426 16.515451 40.885155
v -34.814194 16.515451 40.885155
v -34.814194 0.000000 40.885155
v -95.030426 0.000000 40.885155
v -95.030426 0.000000 47.684444
v -95.030426 16.515451 47.684444
f 1126 1127 1128
f 1128 1129 1126
f 1121 1122 1123
f 1123 1124 1125
f 1141 1142 1143
f 1143 1129 1141
f 1124 1134 1128
f 1128 1135 1124
f 1130 1131 1132
f 1132 1133 1130
f 1136 1137 1138
f 1138 1139 1140
v -98.502235 0.000000 40.885155
v -98.502235 0.000000 -8.477178
v -91.990257 0.000000 -8.477178
v -91.990257 0.000000 40.885155
v -98.502235 0.000000 40.885155
v -98.502235 16.515451 40.885155
v -91.990257 16.515451 40.885155
v -91.990257 16.515451 -8.477178
v -98.502235 16.515451 -8.477178
v -98.502235 0.000000 40.885155
v -91.990257 0.000000 40.885155
v -91.990257 16.515451 40.885155
v -98.502235 16.515451 40.885155
v -91.990257 0.000000 -8.477178
v -91.990257 16.515451 40.885155
v -91.990257 0.000000 -8.477178
v -98.502235 0.000000 -8.477178
v -98.502235 16.515451 -8.477178
v -91.990257 16.515451 -8.477178
v -91.990257 0.000000 -8.477178
v -98.502235 0.000000 -8.477178
v -98.502235 0.000000 40.885155
v -98.502235 16.515451 40.885155
f 1149 1150 1151
f 1151 1152 1149
f 1144 1145 1146
f 1146 1147 1148
f 1164 1165 1166
f 1166 1152 1164
f 1147 1157 1151
f 1151 1158 1147
f 1153 1154 1155
f 1155 1156 1153
f 1159 1160 1161
f 1161 1162 1163
v -102.968201 0.000000 -8.477178
v -102.968201 0.000000 -60.477177
v -96.456223 0.000000 -60.477177
v -96.456223 0.000000 -8.477178
v -102.968201 0.000000 -8.477178
v -102.968201 16.515451 -8.477178
v -96.456223 16.515451 -8.477178
v -96.456223 16.515451 -60.477177
v -102.968201 16.515451 -60.477177
v -102.968201 0.000000 -8.477178
v -96.456223 0.000000 -8.477178
v -96.456223 16.515451 -8.477178
v -102.968201 16.515451 -8.477178
v -96.456223 0.000000 -60.477177
v -96.456223 16.515451 -8.477178
v -96.456223 0.000000 -60.477177
v -102.968201 0.000000 -60.477177
v -102.968201 16.515451 -60.477177
v -96.456223 16.515451 -60.477177
v -96.456223 0.000000 -60.477177
v -102.968201 0.000000 -60.477177
v -102.968201 0.000000 -8.477178
v -102.968201 16.515451 -8.477178
f 1172 1173 1174
f 1174 1175 1172
f 1167 1168 1169
f 1169 1170 1171
f 1187 1188 1189
f 1189 1175 1187
f 1170 1180 1174
f 1174 1181 1170
f 1176 1177 1178
f 1178 1179 1176
f 1182 1183 1184
f 1184 1185 1186
v -92.937408 -8.165279 -24.349424
v -92.937408 -8.165279 -44.513058
v -88.332741 -3.560614 -44.513058
v -88.332741 -3.560614 -24.349424
v -92.937408 -8.165279 -24.349424
v -104.615593 3.512909 -24.349424
v -100.010925 8.117575 -24.349424
v -100.010925 8.117575 -44.513058
v -104.615593 3.512909 -44.513058
v -92.937408 -8.165279 -24.349424
v -88.332741 -3.560614 -24.349424
v -100.010925 8.117575 -24.349424
v -104.615593 3.512909 -24.349424
v -88.332741 -3.560614 -44.513058
v -100.010925 8.117575 -24.349424
v -88.332741 -3.560614 -44.513058
v -92.937408 -8.165279 -44.513058
v -104.615593 3.512909 -44.513058
v -100.010925 8.117575 -44.513058
v -88.332741 -3.560614 -44.513058
v -92.937408 -8.165279 -44.513058
v -92.937408 -8.165279 -24.349424
v -104.615593 3.512909 -24.349424
f 1195 1196 1197
f 1197 1198 1195
f 1190 1191 1192
f 1192 1193 1194
f 1210 1211 1212
f 1212 1198 1210
f 1193 1203 1197
f 1197 1204 1193
f 1199 1200 1201
f 1201 1202 1199
f 1205 1206 1207
f 1207 1208 1209
v -96.388817 -7.559156 -51.463097
v -96.388817 -7.559156 -52.302544
v -91.054512 -3.824037 -52.302544
v -91.054512 -3.824038 -51.463097
v -96.388817 -7.559156 -51.463097
v -105.861694 5.969510 -51.463097
v -100.527390 9.704629 -51.463097
v -100.527390 9.704629 -52.302544
v -105.861694 5.969511 -52.302544
v -96.388817 -7.559156 -51.463097
v -91.054512 -3.824038 -51.463097
v -100.527390 9.704629 -51.463097
v -105.861694 5.969510 -51.463097
v -91.054512 -3.824037 -52.302544
v -100.527390 9.704629 -51.463097
v -91.054512 -3.824037 -52.302544
v -96.388817 -7.559156 -52.302544
v -105.861694 5.969511 -52.302544
v -100.527390 9.704629 -52.302544
v -96.388817 -7.559156 -52.302544
v -96.388817 -7.559156 -51.463097
v -105.861694 5.969510 -51.463097
v -105.861694 5.969511 -52.302544
f 1218 1219 1220
f 1220 1221 1218
f 1213 1214 1215
f 1215 1216 1217
f 1232 1233 1234
f 1234 1235 1232
f 1216 1226 1220
f 1220 1227 1216
f 1222 1223 1224
f 1224 1225 1222
f 1228 1229 1230
f 1230 1231 1228
v -96.388817 -7.559156 -59.268909
v -96.388817 -7.559156 -60.108356
v -91.054512 -3.824037 -60.108356
v -91.054512 -3.824038 -59.268909
v -96.388817 -7.559156 -59.268909
v -105.861694 5.969510 -59.268909
v -100.527390 9.704629 -59.268909
v -100.527390 9.704629 -60.108356
v -105.861694 5.969511 -60.108356
v -96.388817 -7.559156 -59.268909
v -91.054512 -3.824038 -59.268909
v -100.527390 9.704629 -59.268909
v -105.861694 5.969510 -59.268909
v -91.054512 -3.824037 -60.108356
v -100.527390 9.704629 -59.268909
v -91.054512 -3.824037 -60.108356
v -96.388817 -7.559156 -60.108356
v -105.861694 5.969511 -60.108356
v -100.527390 9.704629 -60.108356
v -96.388817 -7.559156 -60.108356
v -96.388817 -7.559156 -59.268909
v -105.861694 5.969510 -59.268909
v -105.861694 5.969511 -60.108356
f 1241 1242 1243
f 1243 1244 1241
f 1236 1237 1238
f 1238 1239 1240
f 1255 1256 1257
f 1257 1258 1255
f 1239 1249 1243
f 1243 1250 1239
f 1245 1246 1247
f 1247 1248 1245
f 1251 1252 1253
f 1253 1254 1251
v -96.388817 -7.559156 -16.560545
v -96.388817 -7.559156 -17.399992
v -91.054512 -3.824037 -17.399992
v -91.054512 -3.824038 -16.560545
v -96.388817 -7.559156 -16.560545
v -105.861694 5.969510 -16.560545
v -100.527390 9.704629 -16.560545
v -100.527390 9.704629 -17.399992
v -105.861694 5.969511 -17.399992
v -96.388817 -7.559156 -16.560545
v -91.054512 -3.824038 -16.560545
v -100.527390 9.704629 -16.560545
v -105.861694 5.969510 -16.560545
v -91.054512 -3.824037 -17.399992
v -100.527390 9.704629 -16.560545
v -91.054512 -3.824037 -17.399992
v -96.388817 -7.559156 -17.399992
v -105.861694 5.969511 -17.399992
v -100.527390 9.704629 -17.399992
v -96.388817 -7.559156 -17.399992
v -96.388817 -7.559156 -16.560545
v -105.861694 5.969510 -16.560545
v -105.861694 5.969511 -17.399992
f 1264 1265 1266
f 1266 1267 1264
f 1259 1260 1261
f 1261 1262 1263
f 1278 1279 1280
f 1280 1281 1278
f 1262 1272 1266
f 1266 1273 1262
f 1268 1269 1270
f 1270 1271 1268
f 1274 1275 1276
f 1276 1277 1274
v -96.388817 -7.559156 -8.775033
v -96.388817 -7.559156 -9.614480
v -91.054512 -3.824037 -9.614480
v -91.054512 -3.824038 -8.775033
v -96.388817 -7.559156 -8.775033
v -105.861694 5.969510 -8.775033
v -100.527390 9.704629 -8.775033
v -100.527390 9.704629 -9.614480
v -105.861694 5.969511 -9.614480
v -96.388817 -7.559156 -8.775033
v -91.054512 -3.824038 -8.775033
v -100.527390 9.704629 -8.775033
v -105.861694 5.969510 -8.775033
v -91.054512 -3.824037 -9.614480
v -100.527390 9.704629 -8.775033
v -91.054512 -3.824037 -9.614480
v -96.388817 -7.559156 -9.614480
v -105.861694 5.969511 -9.614480
v -100.527390 9.704629 -9.614480
v -96.388817 -7.559156 -9.614480
v -96.388817 -7.559156 -8.775033
v -105.861694 5.969510 -8.775033
v -105.861694 5.969511 -9.614480
f 1287 1288 1289
f 1289 1290 1287
f 1282 1283 1284
f 1284 1285 1286
f 1301 1302 1303
f 1303 1304 1301
f 1285 1295 1289
f 1289 1296 1285
f 1291 1292 1293
f 1293 1294 1291
f 1297 1298 1299
f 1299 1300 1297
v -98.502235 0.000000 -60.477180
v -98.502235 0.000000 -112.851608
v -91.990257 0.000000 -112.851608
v -91.990257 0.000000 -60.477180
v -98.502235 0.000000 -60.477180
v -98.502235 16.515451 -60.477180
v -91.990257 16.515451 -60.477180
v -91.990257 16.515451 -112.851608
v -98.502235 16.515451 -112.851608
v -98.502235 0.000000 -60.477180
v -91.990257 0.000000 -60.477180
v -91.990257 16.515451 -60.477180
v -98.502235 16.515451 -60.477180
v -91.990257 0.000000 -112.851608
v -91.990257 16.515451 -60.477180
v -91.990257 0.000000 -112.851608
v -98.502235 0.000000 -112.851608
v -98.502235 16.515451 -112.851608
v -91.990257 16.515451 -112.851608
v -91.990257 0.000000 -112.851608
v -98.502235 0.000000 -112.851608
v -98.502235 0.000000 -60.477180
v -98.502235 16.515451 -60.477180
f 1310 1311 1312
f 1312 1313 1310
f 1305 1306 1307
f 1307 1308 1309
f 1325 1326 1327
f 1327 1313 1325
f 1308 1318 1312
f 1312 1319 1308
f 1314 1315 1316
f 1316 1317 1314
f 1320 1321 1322
f 1322 1323 1324
v -91.990250 0.000000 -115.514153
v -42.990284 0.000000 -115.514145
v -42.990284 0.000000 -109.002167
v -91.990250 0.000000 -109.002167
v -91.990250 0.000000 -115.514153
v -91.990250 16.515451 -115.514153
v -91.990250 16.515451 -109.002167
v -42.990284 16.515451 -109.002167
v -42.990284 16.515451 -115.514145
v -91.990250 0.000000 -115.514153
v -91.990250 0.000000 -109.002167
v -91.990250 16.515451 -109.002167
v -91.990250 16.515451 -115.514153
v -42.990284 0.000000 -109.002167
v -42.990284 16.515451 -109.002167
v -91.990250 16.515451 -109.002167
v -42.990284 0.000000 -109.002167
v -42.990284 0.000000 -115.514145
v -42.990284 16.515451 -115.514145
v -42.990284 16.515451 -109.002167
v -42.990284 0.000000 -115.514145
v -91.990250 0.000000 -115.514153
v -91.990250 16.515451 -115.514153
f 1333 1334 1335
f 1335 1336 1333
f 1328 1329 1330
f 1330 1331 1332
f 1348 1349 1350
f 1350 1336 1348
f 1331 1341 1342
f 1342 1343 1331
f 1337 1338 1339
f 1339 1340 1337
f 1344 1345 1346
f 1346 1347 1344
v -0.012209 -7.559156 -113.381668
v 0.827238 -7.559156 -113.381668
v 0.827237 -3.824037 -108.047363
v -0.012210 -3.824038 -108.047363
v -0.012209 -7.559156 -113.381668
v -0.012209 5.969510 -122.854546
v -0.012209 9.704629 -117.520241
v 0.827238 9.704629 -117.520241
v 0.827238 5.969511 -122.854546
v -0.012209 -7.559156 -113.381668
v -0.012210 -3.824038 -108.047363
v -0.012209 9.704629 -117.520241
v -0.012209 5.969510 -122.854546
v 0.827237 -3.824037 -108.047363
v -0.012209 9.704629 -117.520241
v 0.827237 -3.824037 -108.047363
v 0.827238 -7.559156 -113.381668
v 0.827238 5.969511 -122.854546
v 0.827238 9.704629 -117.520241
v 0.827238 -7.559156 -113.381668
v -0.012209 -7.559156 -113.381668
v -0.012209 5.969510 -122.854546
v 0.827238 5.969511 -122.854546
f 1356 1357 1358
f 1358 1359 1356
f 1351 1352 1353
f 1353 1354 1355
f 1370 1371 1372
f 1372 1373 1370
f 1354 1364 1358
f 1358 1365 1354
f 1360 1361 1362
f 1362 1363 1360
f 1366 1367 1368
f 1368 1369 1366
v 8.338211 -7.559156 -113.381668
v 9.177658 -7.559156 -113.381668
v 9.177657 -3.824037 -108.047363
v 8.338210 -3.824038 -108.047363
v 8.338211 -7.559156 -113.381668
v 8.338211 5.969510 -122.854546
v 8.338211 9.704629 -117.520241
v 9.177658 9.704629 -117.520241
v 9.177658 5.969511 -122.854546
v 8.338211 -7.559156 -113.381668
v 8.338210 -3.824038 -108.047363
v 8.338211 9.704629 -117.520241
v 8.338211 5.969510 -122.854546
v 9.177657 -3.824037 -108.047363
v 8.338211 9.704629 -117.520241
v 9.177657 -3.824037 -108.047363
v 9.177658 -7.559156 -113.381668
v 9.177658 5.969511 -122.854546
v 9.177658 9.704629 -117.520241
v 9.177658 -7.559156 -113.381668
v 8.338211 -7.559156 -113.381668
v 8.338211 5.969510 -122.854546
v 9.177658 5.969511 -122.854546
f 1379 1380 1381
f 1381 1382 1379
f 1374 1375 1376
f 1376 1377 1378
f 1393 1394 1395
f 1395 1396 1393
f 1377 1387 1381
f 1381 1388 1377
f 1383 1384 1385
f 1385 1386 1383
f 1389 1390 1391
f 1391 1392 1389
v -34.914764 -7.559156 -113.381668
v -34.075317 -7.559156 -113.381668
v -34.075317 -3.824037 -108.047363
v -34.914764 -3.824038 -108.047363
v -34.914764 -7.559156 -113.381668
v -34.914764 5.969510 -122.854546
v -34.914764 9.704629 -117.520241
v -34.075317 9.704629 -117.520241
v -34.075317 5.969511 -122.854546
v -34.914764 -7.559156 -113.381668
v -34.914764 -3.824038 -108.047363
v -34.914764 9.704629 -117.520241
v -34.914764 5.969510 -122.854546
v -34.075317 -3.824037 -108.047363
v -34.914764 9.704629 -117.520241
v -34.075317 -3.824037 -108.047363
v -34.075317 -7.559156 -113.381668
v -34.075317 5.969511 -122.854546
v -34.075317 9.704629 -117.520241
v -34.075317 -7.559156 -113.381668
v -34.914764 -7.559156 -113.381668
v -34.914764 5.969510 -122.854546
v -34.075317 5.969511 -122.854546
f 1402 1403 1404
f 1404 1405 1402
f 1397 1398 1399
f 1399 1400 1401
f 1416 1417 1418
f 1418 1419 1416
f 1400 1410 1404
f 1404 1411 1400
f 1406 1407 1408
f 1408 1409 1406
f 1412 1413 1414
f 1414 1415 1412
v -42.700275 -7.559156 -113.381668
v -41.860828 -7.559156 -113.381668
v -41.860828 -3.824037 -108.047363
v -42.700275 -3.824038 -108.047363
v -42.700275 -7.559156 -113.381668
v -42.700275 5.969510 -122.854546
v -42.700275 9.704629 -117.520241
v -41.860828 9.704629 -117.520241
v -41.860828 5.969511 -122.854546
v -42.700275 -7.559156 -113.381668
v -42.700275 -3.824038 -108.047363
v -42.700275 9.704629 -117.520241
v -42.700275 5.969510 -122.854546
v -41.860828 -3.824037 -108.047363
v -42.700275 9.704629 -117.520241
v -41.860828 -3.824037 -108.047363
v -41.860828 -7.559156 -113.381668
v -41.860828 5.969511 -122.854546
v -41.860828 9.704629 -117.520241
v -41.860828 -7.559156 -113.381668
v -42.700275 -7.559156 -113.381668
v -42.700275 5.969510 -122.854546
v -41.860828 5.969511 -122.854546
f 1425 1426 1427
f 1427 1428 1425
f 1420 1421 1422
f 1422 1423 1424
f 1439 1440 1441
f 1441 1442 1439
f 1423 1433 1427
f 1427 1434 1423
f 1429 1430 1431
f 1431 1432 1429
f 1435 1436 1437
f 1437 1438 1435
v -27.125881 -8.165279 -109.930260
v -6.962248 -8.165279 -109.930260
v -6.962249 -3.560614 -105.325592
v -27.125881 -3.560614 -105.325592
v -27.125881 -8.165279 -109.930260
v -27.125881 3.512909 -121.608444
v -27.125881 8.117575 -117.003777
v -6.962248 8.117575 -117.003777
v -6.962248 3.512909 -121.608444
v -27.125881 -8.165279 -109.930260
v -27.125881 -3.560614 -105.325592
v -27.125881 8.117575 -117.003777
v -27.125881 3.512909 -121.608444
v -6.962249 -3.560614 -105.325592
v -27.125881 8.117575 -117.003777
v -6.962249 -3.560614 -105.325592
v -6.962248 -8.165279 -109.930260
v -6.962248 3.512909 -121.608444
v -6.962248 8.117575 -117.003777
v -6.962249 -3.560614 -105.325592
v -6.962248 -8.165279 -109.930260
v -27.125881 -8.165279 -109.930260
v -27.125881 3.512909 -121.608444
f 1448 1449 1450
f 1450 1451 1448
f 1443 1444 1445
f 1445 1446 1447
f 1463 1464 1465
f 1465 1451 1463
f 1446 1456 1450
f 1450 1457 1446
f 1452 1453 1454
f 1454 1455 1452
f 1458 1459 1460
f 1460 1461 1462
v -42.990284 0.000000 -119.980125
v 9.005049 0.000000 -119.980125
v 9.005049 0.000000 -113.468140
v -42.990284 0.000000 -113.468147
v -42.990284 0.000000 -119.980125
v -42.990284 16.515451 -119.980125
v -42.990284 16.515451 -113.468147
v 9.005049 16.515451 -113.468140
v 9.005049 16.515451 -119.980125
v -42.990284 0.000000 -119.980125
v -42.990284 0.000000 -113.468147
v -42.990284 16.515451 -113.468147
v -42.990284 16.515451 -119.980125
v 9.005049 0.000000 -113.468140
v -42.990284 16.515451 -113.468147
v 9.005049 0.000000 -113.468140
v 9.005049 0.000000 -119.980125
v 9.005049 16.515451 -119.980125
v 9.005049 16.515451 -113.468140
v 9.005049 0.000000 -113.468140
v 9.005049 0.000000 -119.980125
v -42.990284 0.000000 -119.980125
v -42.990284 16.515451 -119.980125
f 1471 1472 1473
f 1473 1474 1471
f 1466 1467 1468
f 1468 1469 1470
f 1486 1487 1488
f 1488 1474 1486
f 1469 1479 1473
f 1473 1480 1469
f 1475 1476 1477
f 1477 1478 1475
f 1481 1482 1483
f 1483 1484 1485
v 9.005049 0.000000 -115.514153
v 70.383873 0.000000 -115.514145
v 70.383873 0.000000 -109.002167
v 9.005049 0.000000 -109.002167
v 9.005049 0.000000 -115.514153
v 9.005049 16.515451 -115.514153
v 9.005049 16.515451 -109.002167
v 70.383873 16.515451 -109.002167
v 70.383873 16.515451 -115.514145
v 9.005049 0.000000 -115.514153
v 9.005049 0.000000 -109.002167
v 9.005049 16.515451 -109.002167
v 9.005049 16.515451 -115.514153
v 70.383873 0.000000 -109.002167
v 70.383873 16.515451 -109.002167
v 9.005049 16.515451 -109.002167
v 70.383873 0.000000 -109.002167
v 70.383873 0.000000 -115.514145
v 70.383873 16.515451 -115.514145
v 70.383873 16.515451 -109.002167
v 70.383873 0.000000 -115.514145
v 9.005049 0.000000 -115.514153
v 9.005049 16.515451 -115.514153
f 1494 1495 1496
f 1496 1497 1494
f 1489 1490 1491
f 1491 1492 1493
f 1509 1510 1511
f 1511 1497 1509
f 1492 1502 1503
f 1503 1504 1492
f 1498 1499 1500
f 1500 1501 1498
f 1505 1506 1507
f 1507 1508 1505
v 76.895851 0.000000 -111.929321
v 76.895851 0.000000 -25.282471
v 70.383865 0.000000 -25.282471
v 70.383873 0.000000 -111.929321
v 76.895851 0.000000 -111.929321
v 76.895851 16.515451 -111.929321
v 70.383873 16.515451 -111.929321
v 70.383865 16.515451 -25.282471
v 76.895851 16.515451 -25.282471
v 76.895851 0.000000 -111.929321
v 70.383873 0.000000 -111.929321
v 70.383873 16.515451 -111.929321
v 76.895851 16.515451 -111.929321
v 70.383865 0.000000 -25.282471
v 70.383865 16.515451 -25.282471
v 70.383873 16.515451 -111.929321
v 70.383865 0.000000 -25.282471
v 76.895851 0.000000 -25.282471
v 76.895851 16.515451 -25.282471
v 70.383865 16.515451 -25.282471
v 76.895851 0.000000 -25.282471
v 76.895851 0.000000 -111.929321
v 76.895851 16.515451 -111.929321
f 1517 1518 1519
f 1519 1520 1517
f 1512 1513 1514
f 1514 1515 1516
f 1532 1533 1534
f 1534 1520 1532
f 1515 1525 1526
f 1526 1527 1515
f 1521 1522 1523
f 1523 1524 1521
f 1528 1529 1530
f 1530 1531 1528
v 68.974342 0.000000 -12.784221
v 74.629265 0.000000 -7.129301
v 71.158516 0.000000 -3.658550
v 65.503593 0.000000 -9.313470
v 68.974342 0.000000 -12.784221
v 68.974342 16.515451 -12.784221
v 65.503593 16.515451 -9.313470
v 71.158516 16.515451 -3.658550
v 74.629265 16.515451 -7.129301
v 68.974342 0.000000 -12.784221
v 65.503593 0.000000 -9.313470
v 65.503593 16.515451 -9.313470
v 68.974342 16.515451 -12.784221
v 71.158516 0.000000 -3.658550
v 71.158516 16.515451 -3.658550
v 65.503593 16.515451 -9.313470
v 71.158516 0.000000 -3.658550
v 74.629265 0.000000 -7.129301
v 74.629265 16.515451 -7.129301
v 71.158516 16.515451 -3.658550
v 74.629265 0.000000 -7.129301
v 68.974342 0.000000 -12.784221
v 68.974342 16.515451 -12.784221
f 1540 1541 1542
f 1542 1543 1540
f 1535 1536 1537
f 1537 1538 1539
f 1555 1556 1557
f 1557 1543 1555
f 1538 1548 1549
f 1549 1550 1538
f 1544 1545 1546
f 1546 1547 1544
f 1551 1552 1553
f 1553 1554 1551
v 70.401779 0.000000 -20.378614
v 70.401779 0.000000 -9.234851
v 65.493401 0.000000 -9.234851
v 65.493401 0.000000 -20.378613
v 70.401779 0.000000 -20.378614
v 70.401779 16.515451 -20.378614
v 65.493401 16.515451 -20.378613
v 65.493401 16.515451 -9.234851
v 70.401779 16.515451 -9.234851
v 70.401779 0.000000 -20.378614
v 65.493401 0.000000 -20.378613
v 65.493401 16.515451 -20.378613
v 70.401779 16.515451 -20.378614
v 65.493401 0.000000 -9.234851
v 65.493401 16.515451 -20.378613
v 65.493401 0.000000 -9.234851
v 70.401779 0.000000 -9.234851
v 70.401779 16.515451 -9.234851
v 65.493401 16.515451 -9.234851
v 65.493401 0.000000 -9.234851
v 70.401779 0.000000 -9.234851
v 70.401779 0.000000 -20.378614
v 70.401779 16.515451 -20.378614
f 1563 1564 1565
f 1565 1566 1563
f 1558 1559 1560
f 1560 1561 1562
f 1578 1579 1580
f 1580 1566 1578
f 1561 1571 1565
f 1565 1572 1561
f 1567 1568 1569
f 1569 1570 1567
f 1573 1574 1575
f 1575 1576 1577
v 74.535332 0.000000 40.880775
v 58.009727 0.000000 40.880779
v 58.009727 0.000000 6.851231
v 74.535332 0.000000 6.851230
v 74.535332 0.000000 40.880775
v 74.535332 16.515451 40.880775
v 74.535332 16.515451 6.851230
v 58.009727 16.515451 6.851231
v 58.009727 16.515451 40.880779
v 74.535332 0.000000 40.880775
v 74.535332 0.000000 6.851230
v 74.535332 16.515451 6.851230
v 74.535332 16.515451 40.880775
v 58.009727 0.000000 6.851231
v 74.535332 16.515451 6.851230
v 58.009727 0.000000 6.851231
v 58.009727 0.000000 40.880779
v 58.009727 16.515451 40.880779
v 58.009727 16.515451 6.851231
v 58.009727 0.000000 6.851231
v 58.009727 0.000000 40.880779
v 74.535332 0.000000 40.880775
v 74.535332 16.515451 40.880775
f 1586 1587 1588
f 1588 1589 1586
f 1581 1582 1583
f 1583 1584 1585
f 1601 1602 1603
f 1603 1589 1601
f 1584 1594 1588
f 1588 1595 1584
f 1590 1591 1592
f 1592 1593 1590
f 1596 1597 1598
f 1598 1599 1600
v 72.472099 0.000000 -0.538452
v 74.010468 0.000000 -0.538452
v 74.010468 0.000000 0.999917
v 72.472099 0.000000 0.999917
v 72.472099 0.000000 -0.538452
v 72.472099 16.515451 -0.538452
v 72.472099 16.515451 0.999917
v 74.010468 16.515451 0.999917
v 74.010468 16.515451 -0.538452
v 72.472099 0.000000 -0.538452
v 72.472099 0.000000 0.999917
v 72.472099 16.515451 0.999917
v 72.472099 16.515451 -0.538452
v 74.010468 0.000000 0.999917
v 72.472099 16.515451 0.999917
v 74.010468 0.000000 0.999917
v 74.010468 0.000000 -0.538452
v 74.010468 16.515451 -0.538452
v 74.010468 16.515451 0.999917
v 74.010468 0.000000 -0.538452
v 72.472099 0.000000 -0.538452
v 72.472099 16.515451 -0.538452
v 74.010468 16.515451 -0.538452
f 1609 1610 1611
f 1611 1612 1609
f 1604 1605 1606
f 1606 1607 1608
f 1623 1624 1625
f 1625 1626 1623
f 1607 1617 1611
f 1611 1618 1607
f 1613 1614 1615
f 1615 1616 1613
f 1619 1620 1621
f 1621 1622 1619
v 45.817127 0.000000 -87.780045
v 36.410202 0.000000 -87.780045
v 36.410202 0.000000 -95.972046
v 45.817123 0.000000 -95.972046
v 45.817127 0.000000 -87.780045
v 45.817127 16.515451 -87.780045
v 45.817123 16.515451 -95.972046
v 36.410202 16.515451 -95.972046
v 36.410202 16.515451 -87.780045
v 45.817127 0.000000 -87.780045
v 45.817123 0.000000 -95.972046
v 45.817123 16.515451 -95.972046
v 45.817127 16.515451 -87.780045
v 36.410202 0.000000 -95.972046
v 45.817123 16.515451 -95.972046
v 36.410202 0.000000 -95.972046
v 36.410202 0.000000 -87.780045
v 36.410202 16.515451 -87.780045
v 36.410202 16.515451 -95.972046
v 36.410202 0.000000 -87.780045
v 45.817127 0.000000 -87.780045
v 45.817127 16.515451 -87.780045
v 36.410202 16.515451 -87.780045
f 1632 1633 1634
f 1634 1635 1632
f 1627 1628 1629
f 1629 1630 1631
f 1646 1647 1648
f 1648 1649 1646
f 1630 1640 1634
f 1634 1641 1630
f 1636 1637 1638
f 1638 1639 1636
f 1642 1643 1644
f 1644 1645 1642
v 43.657574 0.000000 -95.972054
v 38.627254 0.000000 -95.972054
v 38.627254 0.000000 -98.865120
v 43.657574 0.000000 -98.865120
v 43.657574 0.000000 -95.972054
v 43.657574 16.515451 -95.972054
v 43.657574 16.515451 -98.865120
v 38.627254 16.515451 -98.865120
v 38.627254 16.515451 -95.972054
v 43.657574 0.000000 -95.972054
v 43.657574 0.000000 -98.865120
v 43.657574 16.515451 -98.865120
v 43.657574 16.515451 -95.972054
v 38.627254 0.000000 -98.865120
v 43.657574 16.515451 -98.865120
v 38.627254 0.000000 -98.865120
v 38.627254 0.000000 -95.972054
v 38.627254 16.515451 -95.972054
v 38.627254 16.515451 -98.865120
v 38.627254 0.000000 -95.972054
v 43.657574 0.000000 -95.972054
v 43.657574 16.515451 -95.972054
v 38.627254 16.515451 -95.972054
f 1655 1656 1657
f 1657 1658 1655
f 1650 1651 1652
f 1652 1653 1654
f 1669 1670 1671
f 1671 1672 1669
f 1653 1663 1657
f 1657 1664 1653
f 1659 1660 1661
f 1661 1662 1659
f 1665 1666 1667
f 1667 1668 1665
v 43.808678 0.000000 -79.590294
v 38.379219 0.000000 -79.590294
v 38.379219 0.000000 -80.709442
v 43.808674 0.000000 -80.709442
v 43.808678 0.000000 -79.590294
v 43.808678 16.515451 -79.590294
v 43.808674 16.515451 -80.709442
v 38.379219 16.515451 -80.709442
v 38.379219 16.515451 -79.590294
v 43.808678 0.000000 -79.590294
v 43.808674 0.000000 -80.709442
v 43.808674 16.515451 -80.709442
v 43.808678 16.515451 -79.590294
v 38.379219 0.000000 -80.709442
v 43.808674 16.515451 -80.709442
v 38.379219 0.000000 -80.709442
v 38.379219 0.000000 -79.590294
v 38.379219 16.515451 -79.590294
v 38.379219 16.515451 -80.709442
v 38.379219 0.000000 -79.590294
v 43.808678 0.000000 -79.590294
v 43.808678 16.515451 -79.590294
v 38.379219 16.515451 -79.590294
f 1678 1679 1680
f 1680 1681 1678
f 1673 1674 1675
f 1675 1676 1677
f 1692 1693 1694
f 1694 1695 1692
f 1676 1686 1680
f 1680 1687 1676
f 1682 1683 1684
f 1684 1685 1682
f 1688 1689 1690
f 1690 1691 1688
v 44.609142 0.000000 -80.709450
v 37.624844 0.000000 -80.709450
v 37.624840 0.000000 -87.780037
v 44.609142 0.000000 -87.780037
v 44.609142 0.000000 -80.709450
v 44.609142 16.515451 -80.709450
v 44.609142 16.515451 -87.780037
v 37.624840 16.515451 -87.780037
v 37.624844 16.515451 -80.709450
v 44.609142 0.000000 -80.709450
v 44.609142 0.000000 -87.780037
v 44.609142 16.515451 -87.780037
v 44.609142 16.515451 -80.709450
v 37.624840 0.000000 -87.780037
v 44.609142 16.515451 -87.780037
v 37.624840 0.000000 -87.780037
v 37.624844 0.000000 -80.709450
v 37.624844 16.515451 -80.709450
v 37.624840 16.515451 -87.780037
v 37.624840 0.000000 -87.780037
v 37.624844 0.000000 -80.709450
v 44.609142 0.000000 -80.709450
v 44.609142 16.515451 -80.709450
f 1701 1702 1703
f 1703 1704 1701
f 1696 1697 1698
f 1698 1699 1700
f 1716 1717 1718
f 1718 1704 1716
f 1699 1709 1703
f 1703 1710 1699
f 1705 1706 1707
f 1707 1708 1705
f 1711 1712 1713
f 1713 1714 1715
v 34.529720 -1.579968 -90.176582
v 40.629044 -3.214277 -90.176582
v 40.629044 -3.214277 -89.216957
v 34.529720 -1.579968 -89.216957
v 34.529720 -1.579968 -90.176582
v 38.804234 14.372733 -90.176582
v 38.804234 14.372733 -89.216957
v 44.903557 12.738424 -89.216957
v 44.903557 12.738424 -90.176582
v 34.529720 -1.579968 -90.176582
v 34.529720 -1.579968 -89.216957
v 38.804234 14.372733 -89.216957
v 38.804234 14.372733 -90.176582
v 40.629044 -3.214277 -89.216957
v 38.804234 14.372733 -89.216957
v 40.629044 -3.214277 -89.216957
v 40.629044 -3.214277 -90.176582
v 44.903557 12.738424 -90.176582
v 44.903557 12.738424 -89.216957
v 40.629044 -3.214277 -90.176582
v 34.529720 -1.579968 -90.176582
v 38.804234 14.372733 -90.176582
v 44.903557 12.738424 -90.176582
f 1724 1725 1726
f 1726 1727 1724
f 1719 1720 1721
f 1721 1722 1723
f 1738 1739 1740
f 1740 1741 1738
f 1722 1732 1726
f 1726 1733 1722
f 1728 1729 1730
f 1730 1731 1728
f 1734 1735 1736
f 1736 1737 1734
v -96.733612 0.000000 54.858971
v 76.403282 0.000000 54.858963
v 76.403282 0.000000 -113.381676
v -96.733627 0.000000 -113.381676
f 1742 1743 1744
f 1744 1745 1742
v -10.606724 3.982891 -27.577438
v -11.869309 3.982891 -27.577438
v -10.606718 3.982891 3.648659
v -11.869304 3.982891 3.648660
v -11.869304 0.000000 3.648660
v -11.869309 0.000000 -27.577438
v -10.606718 0.000000 3.648659
v -10.606724 0.000000 -27.577438
v -11.869304 0.000000 3.648660
v -11.869309 0.000000 -27.577438
v -11.869309 3.982891 -27.577438
v -10.606718 3.982891 3.648659
v -11.869304 3.982891 3.648660
v -10.606718 0.000000 3.648659
v -11.869304 0.000000 3.648660
v -10.606724 3.982891 -27.577438
v -10.606718 3.982891 3.648659
v -10.606724 0.000000 -27.577438
v -11.869309 3.982891 -27.577438
v -10.606724 3.982891 -27.577438
v -11.869309 0.000000 -27.577438
v -10.606724 0.000000 -27.577438
f 1746 1747 1748
f 1749 1748 1747
f 1750 1751 1752
f 1753 1752 1751
f 1764 1765 1766
f 1767 1766 1765
f 1757 1758 1759
f 1760 1759 1758
f 1749 1747 1754
f 1755 1754 1756
f 1761 1762 1763
f 1752 1763 1762
v -10.574253 0.000000 5.192053
v -11.869315 0.000000 3.648659
v -10.764685 0.000000 2.721764
v -9.469623 0.000000 4.265158
v -10.574253 0.000000 5.192053
v -10.574253 3.982891 5.192053
v -9.469623 3.982891 4.265158
v -10.764685 3.982891 2.721764
v -11.869315 3.982891 3.648659
v -10.574253 0.000000 5.192053
v -9.469623 0.000000 4.265158
v -9.469623 3.982891 4.265158
v -10.574253 3.982891 5.192053
v -10.764685 0.000000 2.721764
v -9.469623 3.982891 4.265158
v -10.764685 0.000000 2.721764
v -11.869315 0.000000 3.648659
v -11.869315 3.982891 3.648659
v -10.764685 3.982891 2.721764
v -10.764685 0.000000 2.721764
v -11.869315 0.000000 3.648659
v -10.574253 0.000000 5.192053
v -10.574253 3.982891 5.192053
f 1773 1774 1775
f 1775 1776 1773
f 1768 1769 1770
f 1770 1771 1772
f 1788 1789 1790
f 1790 1776 1788
f 1771 1781 1775
f 1775 1782 1771
f 1777 1778 1779
f 1779 1780 1777
f 1783 1784 1785
f 1785 1786 1787
v -38.406582 8.248534 -69.777344
v -33.736042 8.535480 -69.776833
v -34.953548 10.054466 -69.776833
v -34.953548 10.054466 -70.439835
v -33.736042 8.535480 -70.439835
v -38.406582 8.248534 -70.440338
v -38.406582 6.006852 -70.440338
v -38.406582 8.248534 -69.777344
v -38.406582 6.006852 -69.777344
v -33.736042 8.535480 -69.776833
v -41.275230 9.446439 -69.776833
v -52.793968 3.982890 -69.776833
v -40.100197 8.248534 -69.777344
v -40.100197 8.248534 -70.440338
v -53.456860 3.982891 -70.439835
v -41.275230 9.446439 -70.439835
v -9.390977 4.131730 -50.131615
v -1.050288 3.982021 -50.131611
v -8.785198 5.649516 -50.131615
v -9.722412 3.982021 -50.795029
v -9.390977 4.740389 -50.795029
v -8.785198 5.649516 -50.795029
v -9.390977 4.131730 -50.131615
v -9.390977 4.740389 -50.131615
v -9.390977 4.283484 -48.105404
v -10.053847 4.283484 -48.105404
v -10.053847 4.740389 -50.131615
v -10.053847 3.982022 -50.131615
v -10.053847 3.982022 -50.131615
v -10.053847 4.740389 -50.131615
v -11.621028 4.132032 -50.131615
v -9.722412 3.982021 -50.795029
v -11.621028 3.982022 -50.795029
v -11.621028 4.132032 -50.795029
v -8.301983 7.775122 -50.131615
v -1.050288 3.982021 -50.131611
v -0.387417 3.982022 -50.795029
v -8.785198 5.649516 -50.795029
v -8.301983 7.775122 -50.795029
v -29.123549 3.982891 -18.078554
v -39.634941 3.982890 -18.078552
v -30.891228 4.890696 -18.078554
v -30.891228 4.890696 -17.415674
v -40.297817 3.982890 -17.415674
v -29.123549 3.982891 -17.415674
v -39.635654 3.982891 -34.802402
v -39.634937 4.283523 -34.802402
v -39.634937 5.210171 -32.681870
v -40.298512 3.982891 -34.802402
v -40.297817 3.982890 -17.415674
v -40.297817 5.210171 -32.681870
v -29.177834 3.982891 -69.776833
v -31.060133 4.739165 -69.776833
v -52.793968 3.982890 -69.776833
v -29.177834 3.982891 -69.776833
v -29.177834 4.251934 -69.776833
v -31.615822 5.042991 -69.776833
v -52.793968 3.982890 -69.776833
v -40.100197 6.006852 -69.777344
v -31.888966 6.409645 -69.776833
v -38.406582 6.006852 -69.777344
v -33.736042 8.535480 -69.776833
v -31.888966 6.409645 -69.776833
v -38.406582 8.248534 -69.777344
v -34.953548 10.054466 -69.776833
v -38.060020 10.207663 -69.776833
v -38.406582 8.248534 -69.777344
v -38.954838 9.598768 -69.776833
v -40.100197 8.248534 -69.777344
v -40.100197 6.006852 -69.777344
v -52.793968 3.982890 -69.776833
v -41.275230 9.446439 -69.776833
v -48.761597 14.612413 -69.776833
v -52.793964 14.460511 -69.776833
v -52.793964 14.612987 -67.878960
v -52.793968 3.982890 -69.776833
v -52.793964 14.460511 -69.776833
v -52.793964 14.005284 -65.686279
v -52.793964 14.612987 -67.878960
v -52.793964 10.208569 -61.814232
v -52.793964 9.753388 -57.580650
v -52.793964 8.234459 -54.420834
v -52.793964 6.260150 -52.484924
v -52.793934 4.739161 -51.479904
v -52.793934 4.295800 -49.592644
v -52.793934 3.982891 -49.592644
v -53.456860 3.982891 -70.439835
v -31.060133 4.739165 -70.439835
v -29.177834 3.982891 -70.439835
v -29.177834 4.251934 -70.439835
v -53.456860 3.982891 -70.439835
v -31.615822 5.042991 -70.439835
v -40.100197 6.006852 -70.440338
v -40.100197 8.248534 -70.440338
v -38.406582 6.006852 -70.440338
v -31.888966 6.409645 -70.439835
v -33.736042 8.535480 -70.439835
v -34.953548 10.054466 -70.439835
v -38.406582 8.248534 -70.440338
v -38.060020 10.207663 -70.439835
v -38.954838 9.598768 -70.439835
v -38.406582 8.248534 -70.440338
v -41.275230 9.446439 -70.439835
v -48.761597 14.612413 -70.439835
v -52.793964 14.460511 -70.439835
v -53.456860 14.460511 -70.439835
v -53.456860 14.460511 -70.439835
v -53.456860 3.982891 -70.439835
v -53.456860 14.460511 -69.776833
v -53.456860 14.612987 -67.878960
v -53.456860 14.005284 -65.686279
v -53.456860 3.982891 -70.439835
v -53.456860 10.208569 -61.814232
v -53.456860 9.753388 -57.580650
v -53.456860 8.234459 -54.420834
v -53.456860 6.260150 -52.484924
v -53.456825 4.739161 -51.479904
v -53.456825 4.295800 -49.592644
v -53.456825 3.982891 -49.592644
v -1.050288 3.982022 -34.524303
v -1.050288 4.283336 -35.504250
v -1.050288 3.982021 -50.131611
v -1.050288 4.132223 -34.524303
v -1.050288 4.283336 -35.504250
v -1.050288 4.739127 -35.851669
v -1.050288 5.042661 -36.460735
v -1.050288 5.042661 -35.851669
v -1.050288 5.801631 -36.971066
v -1.050288 3.982021 -50.131611
v -1.050288 7.017022 -38.737274
v -1.050288 9.446087 -39.671162
v -1.050288 3.982021 -50.131611
v -1.050288 9.749957 -40.745148
v -1.050288 10.965138 -42.774326
v -1.050288 12.179619 -43.839085
v -1.050288 12.634808 -46.049160
v -1.050288 12.634808 -50.131615
v -3.374514 12.331250 -50.131615
v -1.050288 3.982021 -50.131611
v -1.050288 12.634808 -50.131615
v -5.629927 10.813232 -50.131615
v -6.948540 9.751099 -50.131615
v -8.301983 7.775122 -50.131615
v -9.390977 4.131730 -50.131615
v -8.785198 5.649516 -50.131615
v -9.390977 4.740389 -50.131615
v -9.390977 4.131730 -50.131615
v -9.390977 4.283484 -48.105404
v -9.390977 3.982022 -48.105404
v -10.053847 3.982022 -48.105404
v -10.053847 4.283484 -48.105404
v -10.053847 3.982022 -50.131615
v -11.621028 3.982022 -50.131615
v -10.053847 3.982022 -50.131615
v -11.621028 4.132032 -50.131615
v -9.722412 3.982021 -50.795029
v -11.621028 4.132032 -50.795029
v -10.053847 4.740389 -50.795029
v -9.390977 4.740389 -50.795029
v -0.387417 3.982022 -50.795029
v -6.948540 9.751099 -50.795029
v -8.301983 7.775122 -50.795029
v -5.629927 10.813232 -50.795029
v -3.374514 12.331250 -50.795029
v -1.050288 12.634808 -50.795029
v -0.387419 12.634808 -50.795029
v -0.387417 3.982022 -50.795029
v -0.387419 12.634808 -50.131615
v -0.387417 3.982022 -50.795029
v -0.387419 12.634808 -50.795029
v -0.387419 12.634808 -46.049160
v -0.387419 12.179619 -43.839085
v -0.387419 10.965138 -42.774326
v -0.387419 9.749957 -40.745148
v -0.387419 9.446087 -39.671162
v -0.387419 7.017022 -38.737274
v -0.387419 5.801631 -36.971066
v -0.387417 5.042661 -36.460735
v -0.387417 4.739127 -35.851669
v -0.387419 5.042661 -35.851669
v -0.387417 4.283336 -35.504250
v -0.387419 3.982022 -34.524303
v -0.387419 4.132223 -34.524303
v -39.634941 3.982890 -18.078552
v -39.635654 3.982891 -34.802402
v -39.634937 5.210171 -32.681870
v -39.634937 5.964437 -32.537724
v -39.634937 9.294836 -29.854389
v -40.297817 4.283523 -34.802402
v -40.297817 5.210171 -32.681870
v -29.428717 4.430593 -18.078554
v -29.123549 3.982891 -18.078554
v -30.891228 4.890696 -18.078554
v -39.634941 3.982890 -18.078552
v -31.169819 6.075257 -18.078554
v -32.451248 7.787544 -18.078554
v -37.342224 9.217697 -18.078554
v -33.337280 9.903043 -18.078535
v -39.634937 9.294836 -18.078554
v -39.634941 3.982890 -18.078552
v -39.634937 9.294836 -18.078554
v -29.428717 4.430593 -17.415674
v -30.891228 4.890696 -17.415674
v -29.123549 3.982891 -17.415674
v -31.169819 6.075257 -17.415674
v -40.297817 3.982890 -17.415674
v -32.451248 7.787544 -17.415674
v -37.342224 9.217697 -17.415674
v -40.297817 9.294836 -17.415674
v -40.297817 9.294836 -29.854389
v -40.297817 3.982890 -17.415674
v -40.297817 9.294836 -17.415674
v -40.297817 5.964437 -32.537724
v -40.297817 5.210171 -32.681870
v -33.337280 9.903043 -17.415655
v -31.615822 5.042991 -69.776833
v -38.406582 6.006852 -69.777344
v -40.100197 6.006852 -69.777344
v -40.100197 6.006852 -70.440338
v -38.406582 6.006852 -70.440338
v -31.615822 5.042991 -70.439835
f 1791 1792 1793
f 1794 1795 1796
f 1795 1797 1796
f 1798 1799 1800
f 1801 1802 1803
f 1804 1805 1806
f 1807 1808 1809
f 1810 1811 1812
f 1813 1814 1815
f 1816 1817 1818
f 1819 1820 1821
f 1822 1823 1824
f 1825 1809 1826
f 1827 1828 1829
f 1830 1831 1832
f 1833 1834 1835
f 1836 1837 1838
f 1839 1840 1841
f 1842 1843 1844
f 1845 1846 1843
f 1843 1847 1848
f 1847 1849 1848
f 1847 1850 1851
f 1852 1851 1853
f 1854 1855 1856
f 1857 1856 1858
f 1859 1857 1858
f 1860 1859 1861
f 1862 1859 1858
f 1861 1862 1863
f 1861 1863 1864
f 1865 1866 1867
f 1868 1866 1869
f 1870 1866 1868
f 1871 1866 1870
f 1872 1866 1871
f 1873 1866 1872
f 1874 1866 1873
f 1875 1866 1874
f 1876 1866 1875
f 1877 1878 1879
f 1880 1879 1878
f 1878 1881 1882
f 1881 1883 1882
f 1883 1881 1884
f 1882 1885 1886
f 1886 1885 1887
f 1888 1889 1890
f 1889 1891 1890
f 1891 1892 1884
f 1891 1884 1893
f 1893 1881 1894
f 1894 1881 1895
f 1895 1881 1896
f 1897 1898 1899
f 1899 1898 1900
f 1900 1898 1901
f 1901 1902 1903
f 1904 1903 1902
f 1904 1902 1905
f 1905 1902 1906
f 1902 1907 1906
f 1908 1907 1902
f 1909 1908 1902
f 1910 1911 1912
f 1910 1913 1914
f 1914 1915 1912
f 1915 1916 1912
f 1916 1915 1917
f 1912 1916 1918
f 1919 1918 1920
f 1919 1920 1921
f 1922 1921 1923
f 1922 1923 1924
f 1922 1924 1925
f 1922 1925 1926
f 1922 1926 1927
f 1928 1929 1930
f 1931 1929 1928
f 1932 1929 1931
f 1933 1929 1932
f 1934 1935 1936
f 1937 1938 1939
f 1940 1941 1942
f 1943 1944 1945
f 1946 1947 1948
f 1948 1949 1946
f 1950 1946 1828
f 1951 1950 1952
f 1950 1951 1953
f 1950 1953 1954
f 1955 1950 1954
f 1956 1957 1955
f 1958 1959 1960
f 1961 1959 1958
f 1962 1959 1961
f 1963 1959 1962
f 1964 1959 1963
f 1965 1959 1964
f 1966 1959 1965
f 1967 1959 1966
f 1968 1959 1967
f 1969 1959 1968
f 1970 1969 1968
f 1971 1959 1969
f 1959 1971 1972
f 1973 1972 1971
f 1974 1975 1976
f 1976 1977 1974
f 1974 1977 1978
f 1979 1839 1980
f 1981 1982 1983
f 1983 1984 1985
f 1985 1984 1986
f 1986 1984 1987
f 1986 1987 1988
f 1974 1978 1989
f 1990 1991 1987
f 1992 1993 1994
f 1993 1995 1996
f 1995 1997 1996
f 1997 1998 1996
f 1998 1999 1996
f 1998 1997 2005
f 2006 2007 2008
f 2009 2010 2011
f 2000 2001 2002
f 2000 2003 2001
f 2003 2004 2001
v -1.050288 5.042661 -36.460735
v -0.387419 5.042661 -36.460735
v -0.387419 5.801631 -36.971066
v -1.050288 5.801631 -36.971066
v -1.050288 5.042661 -36.460735
f 2012 2013 2014
f 2014 2015 2016
v -1.050288 5.801631 -36.971066
v -0.387419 5.801631 -36.971066
v -0.387419 7.017022 -38.737274
v -1.050288 7.017022 -38.737274
v -1.050288 5.801631 -36.971066
f 2017 2018 2019
f 2019 2020 2021
v -1.050288 7.017022 -38.737274
v -0.387419 7.017022 -38.737274
v -0.387419 9.446087 -39.671162
v -1.050288 9.446087 -39.671162
v -1.050288 7.017022 -38.737274
f 2022 2023 2024
f 2024 2025 2026
v -1.050288 9.446087 -39.671162
v -0.387419 9.446087 -39.671162
v -0.387419 9.749957 -40.745148
v -1.050288 9.749957 -40.745148
v -1.050288 9.446087 -39.671162
f 2027 2028 2029
f 2029 2030 2031
v -1.050288 9.749957 -40.745148
v -0.387419 9.749957 -40.745148
v -0.387419 10.965138 -42.774326
v -1.050288 10.965138 -42.774326
v -1.050288 9.749957 -40.745148
f 2032 2033 2034
f 2034 2035 2036
v -1.050288 10.965138 -42.774326
v -0.387419 10.965138 -42.774326
v -0.387419 12.179619 -43.839085
v -1.050288 12.179619 -43.839085
v -1.050288 10.965138 -42.774326
f 2037 2038 2039
f 2039 2040 2041
v -3.374514 12.331250 -50.131615
v -3.374514 12.331250 -50.795029
v -5.629927 10.813232 -50.795029
v -5.629927 10.813232 -50.131615
f 2042 2043 2044
f 2044 2045 2042
v -5.629927 10.813232 -50.131615
v -5.629927 10.813232 -50.795029
v -6.948540 9.751099 -50.795029
v -6.948540 9.751099 -50.131615
v -5.629927 10.813232 -50.131615
f 2046 2047 2048
f 2048 2049 2050
v -6.948540 9.751099 -50.131615
v -6.948540 9.751099 -50.795029
v -8.301983 7.775122 -50.795029
v -8.301983 7.775122 -50.131615
v -6.948540 9.751099 -50.131615
f 2051 2052 2053
f 2053 2054 2055
v -8.301983 7.775122 -50.131615
v -8.301983 7.775122 -50.795029
v -8.785198 5.649516 -50.795029
v -8.785198 5.649516 -50.131615
v -8.301983 7.775122 -50.131615
f 2056 2057 2058
f 2058 2059 2060
v -8.785198 5.649516 -50.131615
v -8.785198 5.649516 -50.795029
v -9.390977 4.740389 -50.795029
v -9.390977 4.740389 -50.131615
v -8.785198 5.649516 -50.131615
f 2061 2062 2063
f 2063 2064 2065
v -9.390977 4.740389 -50.131615
v -9.390977 4.740389 -50.795029
v -10.053847 4.740389 -50.795029
v -10.053847 4.740389 -50.131615
f 2066 2067 2068
f 2068 2069 2066
v -10.053847 4.740389 -50.131615
v -10.053847 4.740389 -50.795029
v -11.621028 4.132032 -50.795029
v -11.621028 4.132032 -50.131615
f 2070 2071 2072
f 2072 2073 2070
v -9.390977 4.283484 -48.105404
v -9.390977 4.740389 -50.131615
v -10.053847 4.740389 -50.131615
v -10.053847 4.283484 -48.105404
f 2074 2075 2076
f 2076 2077 2074
v -9.390977 4.283484 -48.105404
v -10.053847 4.283484 -48.105404
v -10.053847 3.982022 -48.105404
v -9.390977 3.982022 -48.105404
v -9.390977 4.283484 -48.105404
f 2078 2079 2080
f 2080 2081 2082
v -0.387419 5.042661 -36.460735
v -1.050288 5.042661 -36.460735
v -1.050288 5.042661 -35.851669
v -0.387419 5.042661 -35.851669
f 2083 2084 2085
f 2085 2086 2083
v -0.387419 5.042661 -35.851669
v -1.050288 5.042661 -35.851669
v -1.050288 4.739127 -35.851669
v -0.387419 4.739127 -35.851669
v -0.387419 5.042661 -35.851669
f 2087 2088 2089
f 2089 2090 2091
v -0.387419 4.739127 -35.851669
v -1.050288 4.739127 -35.851669
v -1.050288 4.283336 -35.504250
v -0.387419 4.283336 -35.504250
v -0.387419 4.739127 -35.851669
f 2092 2093 2094
f 2094 2095 2096
v -11.621028 3.982022 -50.131615
v -11.621028 4.132032 -50.131615
v -11.621028 4.132032 -50.795029
v -11.621028 3.982022 -50.795029
f 2097 2098 2099
f 2099 2100 2097
v -0.387419 4.132223 -34.524303
v -0.387419 4.283336 -35.504250
v -1.050288 4.283336 -35.504250
v -1.050288 4.132223 -34.524303
f 2101 2102 2103
f 2103 2104 2101
v -1.050288 3.982022 -34.524303
v -0.387419 3.982022 -34.524303
v -0.387419 4.132223 -34.524303
v -1.050288 4.132223 -34.524303
v -1.050288 3.982022 -34.524303
f 2105 2106 2107
f 2107 2108 2109
v -53.456825 3.982891 -49.592644
v -52.793934 3.982891 -49.592644
v -52.793934 4.295800 -49.592644
v -53.456825 4.295800 -49.592644
v -53.456825 3.982891 -49.592644
f 2110 2111 2112
f 2112 2113 2114
v -53.456825 4.295800 -49.592644
v -52.793934 4.295800 -49.592644
v -52.793934 4.739161 -51.479904
v -53.456825 4.739161 -51.479904
v -53.456825 4.295800 -49.592644
f 2115 2116 2117
f 2117 2118 2119
v -53.456825 4.739161 -51.479904
v -52.793934 4.739161 -51.479904
v -52.793964 6.260150 -52.484924
v -53.456860 6.260150 -52.484924
v -53.456825 4.739161 -51.479904
f 2120 2121 2122
f 2122 2123 2124
v -53.456860 6.260150 -52.484924
v -52.793964 6.260150 -52.484924
v -52.793964 8.234459 -54.420834
v -53.456860 8.234459 -54.420834
v -53.456860 6.260150 -52.484924
f 2125 2126 2127
f 2127 2128 2129
v -53.456860 8.234459 -54.420834
v -52.793964 8.234459 -54.420834
v -52.793964 9.753388 -57.580650
v -53.456860 9.753388 -57.580650
v -53.456860 8.234459 -54.420834
f 2130 2131 2132
f 2132 2133 2134
v -41.275230 9.446439 -70.439835
v -41.275230 9.446439 -69.776833
v -38.954838 9.598768 -69.776833
v -38.954838 9.598768 -70.439835
f 2135 2136 2137
f 2137 2138 2135
v -38.954838 9.598768 -70.439835
v -38.954838 9.598768 -69.776833
v -38.060020 10.207663 -69.776833
v -38.060020 10.207663 -70.439835
v -38.954838 9.598768 -70.439835
f 2139 2140 2141
f 2141 2142 2143
v -38.060020 10.207663 -70.439835
v -38.060020 10.207663 -69.776833
v -34.953548 10.054466 -69.776833
v -34.953548 10.054466 -70.439835
f 2144 2145 2146
f 2146 2147 2144
v -34.953548 10.054466 -70.439835
v -34.953548 10.054466 -69.776833
v -33.736042 8.535480 -69.776833
v -33.736042 8.535480 -70.439835
v -34.953548 10.054466 -70.439835
f 2148 2149 2150
f 2150 2151 2152
v -31.888966 6.409645 -70.439835
v -31.888966 6.409645 -69.776833
v -31.615822 5.042991 -69.776833
v -31.615822 5.042991 -70.439835
v -31.888966 6.409645 -70.439835
f 2153 2154 2155
f 2155 2156 2157
v -31.060133 4.739165 -70.439835
v -31.060133 4.739165 -69.776833
v -29.177834 4.251934 -69.776833
v -29.177834 4.251934 -70.439835
v -31.060133 4.739165 -70.439835
f 2158 2159 2160
f 2160 2161 2162
v -40.100197 8.248534 -70.440338
v -40.100197 8.248534 -69.777344
v -40.100197 6.006852 -69.777344
v -40.100197 6.006852 -70.440338
v -40.100197 8.248534 -70.440338
f 2163 2164 2165
f 2165 2166 2167
v -40.100197 8.248534 -69.777344
v -40.100197 8.248534 -70.440338
v -38.406582 8.248534 -70.440338
v -38.406582 8.248534 -69.777344
f 2168 2169 2170
f 2170 2171 2168
v -38.406582 8.248534 -69.777344
v -38.406582 8.248534 -70.440338
v -38.406582 6.006852 -70.440338
v -38.406582 6.006852 -69.777344
f 2172 2173 2174
f 2174 2175 2172
v -38.406582 6.006852 -69.777344
v -38.406582 6.006852 -70.440338
v -40.100197 6.006852 -70.440338
v -40.100197 6.006852 -69.777344
f 2176 2177 2178
f 2178 2179 2176
v -29.177834 4.251934 -70.439835
v -29.177834 4.251934 -69.776833
v -29.177834 3.982891 -69.776833
v -29.177834 3.982891 -70.439835
v -29.177834 4.251934 -70.439835
f 2180 2181 2182
f 2182 2183 2184
v -53.456860 9.753388 -57.580650
v -52.793964 9.753388 -57.580650
v -52.793964 10.208569 -61.814232
v -53.456860 10.208569 -61.814232
v -53.456860 9.753388 -57.580650
f 2185 2186 2187
f 2187 2188 2189
v -33.736042 8.535480 -70.439835
v -33.736042 8.535480 -69.776833
v -31.888966 6.409645 -69.776833
v -31.888966 6.409645 -70.439835
v -33.736042 8.535480 -70.439835
f 2190 2191 2192
f 2192 2193 2194
v -31.615822 5.042991 -69.776833
v -31.060133 4.739165 -69.776833
v -31.060133 4.739165 -70.439835
v -31.615822 5.042991 -70.439835
v -31.615822 5.042991 -69.776833
f 2195 2196 2197
f 2197 2198 2199
v -40.297817 5.210171 -32.681870
v -40.297817 5.964437 -32.537724
v -39.634937 5.964437 -32.537724
v -39.634937 5.210171 -32.681870
v -40.297817 5.210171 -32.681870
f 2200 2201 2202
f 2202 2203 2204
v -39.634937 9.294836 -29.854389
v -39.634937 5.964437 -32.537724
v -40.297817 5.964437 -32.537724
v -40.297817 9.294836 -29.854389
v -39.634937 9.294836 -29.854389
f 2205 2206 2207
f 2207 2208 2209
v -40.297817 4.283523 -34.802402
v -40.297817 5.210171 -32.681870
v -39.634937 5.210171 -32.681870
v -39.634937 4.283523 -34.802402
v -40.297817 4.283523 -34.802402
f 2210 2211 2212
f 2212 2213 2214
v -31.169819 6.075257 -18.078554
v -32.451248 7.787544 -18.078554
v -32.451248 7.787544 -17.415674
v -31.169819 6.075257 -17.415674
v -31.169819 6.075257 -18.078554
f 2215 2216 2217
f 2217 2218 2219
v -32.451248 7.787544 -17.415674
v -32.451248 7.787544 -18.078554
v -33.337280 9.903043 -18.078535
v -33.337280 9.903043 -17.415655
v -32.451248 7.787544 -17.415674
f 2220 2221 2222
f 2222 2223 2224
v -31.169819 6.075257 -17.415674
v -30.891228 4.890696 -17.415674
v -30.891228 4.890696 -18.078554
v -31.169819 6.075257 -18.078554
v -31.169819 6.075257 -17.415674
f 2225 2226 2227
f 2227 2228 2229
v -30.891228 4.890696 -17.415674
v -29.428717 4.430593 -17.415674
v -29.428717 4.430593 -18.078554
v -30.891228 4.890696 -18.078554
v -30.891228 4.890696 -17.415674
f 2230 2231 2232
f 2232 2233 2234
v -29.428717 4.430593 -18.078554
v -29.428717 4.430593 -17.415674
v -29.123549 3.982891 -17.415674
v -29.123549 3.982891 -18.078554
v -29.428717 4.430593 -18.078554
f 2235 2236 2237
f 2237 2238 2239
v -39.635654 3.982891 -34.802402
v -40.298512 3.982891 -34.802402
v -40.297817 4.283523 -34.802402
v -39.634937 4.283523 -34.802402
f 2240 2241 2242
f 2242 2243 2240
v 0.005459 0.000000 59.556389
v 0.005459 0.000000 52.757095
v 1.472672 0.000000 52.757095
v 1.472672 0.000000 59.556389
v 0.005459 0.000000 59.556389
v 0.005459 16.515451 59.556389
v 1.472672 16.515451 59.556389
v 1.472672 16.515451 52.757095
v 0.005459 16.515451 52.757095
v 0.005459 0.000000 59.556389
v 1.472672 0.000000 59.556389
v 1.472672 16.515451 59.556389
v 0.005459 16.515451 59.556389
v 1.472672 0.000000 52.757095
v 1.472672 16.515451 59.556389
v 1.472672 0.000000 52.757095
v 0.005459 0.000000 52.757095
v 0.005459 16.515451 52.757095
v 1.472672 16.515451 52.757095
v 1.472672 0.000000 52.757095
v 0.005459 0.000000 52.757095
v 0.005459 0.000000 59.556389
v 0.005459 16.515451 59.556389
f 2249 2250 2251
f 2251 2252 2249
f 2244 2245 2246
f 2246 2247 2248
f 2264 2265 2266
f 2266 2252 2264
f 2247 2257 2251
f 2251 2258 2247
f 2253 2254 2255
f 2255 2256 2253
f 2259 2260 2261
f 2261 2262 2263
v 46.783321 0.000000 52.339401
v 46.783321 0.000000 42.067581
v 48.431034 0.000000 42.067581
v 48.431034 0.000000 52.339401
v 46.783321 0.000000 52.339401
v 46.783321 16.515451 52.339401
v 48.431034 16.515451 52.339401
v 48.431034 16.515451 42.067581
v 46.783321 16.515451 42.067581
v 46.783321 0.000000 52.339401
v 48.431034 0.000000 52.339401
v 48.431034 16.515451 52.339401
v 46.783321 16.515451 52.339401
v 48.431034 0.000000 42.067581
v 48.431034 16.515451 52.339401
v 48.431034 0.000000 42.067581
v 46.783321 0.000000 42.067581
v 46.783321 16.515451 42.067581
v 48.431034 16.515451 42.067581
v 48.431034 0.000000 42.067581
v 46.783321 0.000000 42.067581
v 46.783321 0.000000 52.339401
v 46.783321 16.515451 52.339401
f 2272 2273 2274
f 2274 2275 2272
f 2267 2268 2269
f 2269 2270 2271
f 2287 2288 2289
f 2289 2275 2287
f 2270 2280 2274
f 2274 2281 2270
f 2276 2277 2278
f 2278 2279 2276
f 2282 2283 2284
f 2284 2285 2286
v 72.472099 0.000000 4.455962
v 74.010468 0.000000 4.455962
v 74.010468 0.000000 5.994331
v 72.472099 0.000000 5.994331
v 72.472099 0.000000 4.455962
v 72.472099 16.515451 4.455962
v 72.472099 16.515451 5.994331
v 74.010468 16.515451 5.994331
v 74.010468 16.515451 4.455962
v 72.472099 0.000000 4.455962
v 72.472099 0.000000 5.994331
v 72.472099 16.515451 5.994331
v 72.472099 16.515451 4.455962
v 74.010468 0.000000 5.994331
v 72.472099 16.515451 5.994331
v 74.010468 0.000000 5.994331
v 74.010468 0.000000 4.455962
v 74.010468 16.515451 4.455962
v 74.010468 16.515451 5.994331
v 74.010468 0.000000 4.455962
v 72.472099 0.000000 4.455962
v 72.472099 16.515451 4.455962
v 74.010468 16.515451 4.455962
f 2295 2296 2297
f 2297 2298 2295
f 2290 2291 2292
f 2292 2293 2294
f 2309 2310 2311
f 2311 2312 2309
f 2293 2303 2297
f 2297 2304 2293
f 2299 2300 2301
f 2301 2302 2299
f 2305 2306 2307
f 2307 2308 2305
v 74.618156 0.000000 -22.566608
v 68.965599 0.000000 -16.909317
v 65.493401 0.000000 -20.378614
v 71.145950 0.000000 -26.035904
v 74.618156 0.000000 -22.566608
v 74.618156 16.515451 -22.566608
v 71.145950 16.515451 -26.035904
v 65.493401 16.515451 -20.378614
v 68.965599 16.515451 -16.909317
v 74.618156 0.000000 -22.566608
v 71.145950 0.000000 -26.035904
v 71.145950 16.515451 -26.035904
v 74.618156 16.515451 -22.566608
v 65.493401 0.000000 -20.378614
v 65.493401 16.515451 -20.378614
v 71.145950 16.515451 -26.035904
v 65.493401 0.000000 -20.378614
v 68.965599 0.000000 -16.909317
v 68.965599 16.515451 -16.909317
v 65.493401 16.515451 -20.378614
v 68.965599 0.000000 -16.909317
v 74.618156 0.000000 -22.566608
v 74.618156 16.515451 -22.566608
f 2318 2319 2320
f 2320 2321 2318
f 2313 2314 2315
f 2315 2316 2317
f 2333 2334 2335
f 2335 2321 2333
f 2316 2326 2327
f 2327 2328 2316
f 2322 2323 2324
f 2324 2325 2322
f 2329 2330 2331
f 2331 2332 2329
v 76.403282 0.000000 -3.658550
v 77.941650 0.000000 -3.658550
v 77.941650 0.000000 6.851231
v 76.403282 0.000000 6.851231
v 76.403282 0.000000 -3.658550
v 76.403282 16.515451 -3.658550
v 76.403282 16.515451 6.851231
v 77.941650 16.515451 6.851231
v 77.941650 16.515451 -3.658550
v 76.403282 0.000000 -3.658550
v 76.403282 0.000000 6.851231
v 76.403282 16.515451 6.851231
v 76.403282 16.515451 -3.658550
v 77.941650 0.000000 6.851231
v 76.403282 16.515451 6.851231
v 77.941650 0.000000 6.851231
v 77.941650 0.000000 -3.658550
v 77.941650 16.515451 -3.658550
v 77.941650 16.515451 6.851231
v 77.941650 0.000000 -3.658550
v 76.403282 0.000000 -3.658550
v 76.403282 16.515451 -3.658550
v 77.941650 16.515451 -3.658550
f 2341 2342 2343
f 2343 2344 2341
f 2336 2337 2338
f 2338 2339 2340
f 2355 2356 2357
f 2357 2358 2355
f 2339 2349 2343
f 2343 2350 2339
f 2345 2346 2347
f 2347 2348 2345
f 2351 2352 2353
f 2353 2354 2351
v 74.535332 0.000000 6.851231
v 76.403290 0.000000 6.851230
v 76.403290 0.000000 8.389600
v 74.535332 0.000000 8.389600
v 74.535332 0.000000 6.851231
v 74.535332 16.515451 6.851231
v 74.535332 16.515451 8.389600
v 76.403290 16.515451 8.389600
v 76.403290 16.515451 6.851230
v 74.535332 0.000000 6.851231
v 74.535332 0.000000 8.389600
v 74.535332 16.515451 8.389600
v 74.535332 16.515451 6.851231
v 76.403290 0.000000 8.389600
v 74.535332 16.515451 8.389600
v 76.403290 0.000000 8.389600
v 76.403290 0.000000 6.851230
v 76.403290 16.515451 6.851230
v 76.403290 16.515451 8.389600
v 76.403290 0.000000 6.851230
v 74.535332 0.000000 6.851231
v 74.535332 16.515451 6.851231
v 76.403290 16.515451 6.851230
f 2364 2365 2366
f 2366 2367 2364
f 2359 2360 2361
f 2361 2362 2363
f 2378 2379 2380
f 2380 2381 2378
f 2362 2372 2366
f 2366 2373 2362
f 2368 2369 2370
f 2370 2371 2368
f 2374 2375 2376
f 2376 2377 2374
v 71.158516 0.000000 -5.196919
v 76.403290 0.000000 -5.196919
v 76.403290 0.000000 -3.658550
v 71.158516 0.000000 -3.658550
v 71.158516 0.000000 -5.196919
v 71.158516 16.515451 -5.196919
v 71.158516 16.515451 -3.658550
v 76.403290 16.515451 -3.658550
v 76.403290 16.515451 -5.196919
v 71.158516 0.000000 -5.196919
v 71.158516 0.000000 -3.658550
v 71.158516 16.515451 -3.658550
v 71.158516 16.515451 -5.196919
v 76.403290 0.000000 -3.658550
v 71.158516 16.515451 -3.658550
v 76.403290 0.000000 -3.658550
v 76.403290 0.000000 -5.196919
v 76.403290 16.515451 -5.196919
v 76.403290 16.515451 -3.658550
v 76.403290 0.000000 -5.196919
v 71.158516 0.000000 -5.196919
v 71.158516 16.515451 -5.196919
v 76.403290 16.515451 -5.196919
f 2387 2388 2389
f 2389 2390 2387
f 2382 2383 2384
f 2384 2385 2386
f 2401 2402 2403
f 2403 2404 2401
f 2385 2395 2389
f 2389 2396 2385
f 2391 2392 2393
f 2393 2394 2391
f 2397 2398 2399
f 2399 2400 2397
v 34.529720 -1.579968 -94.619781
v 40.629044 -3.214277 -94.619781
v 40.629044 -3.214277 -93.660149
v 34.529720 -1.579968 -93.660149
v 34.529720 -1.579968 -94.619781
v 38.804234 14.372733 -94.619781
v 38.804234 14.372733 -93.660149
v 44.903557 12.738424 -93.660149
v 44.903557 12.738424 -94.619781
v 34.529720 -1.579968 -94.619781
v 34.529720 -1.579968 -93.660149
v 38.804234 14.372733 -93.660149
v 38.804234 14.372733 -94.619781
v 40.629044 -3.214277 -93.660149
v 38.804234 14.372733 -93.660149
v 40.629044 -3.214277 -93.660149
v 40.629044 -3.214277 -94.619781
v 44.903557 12.738424 -94.619781
v 44.903557 12.738424 -93.660149
v 40.629044 -3.214277 -94.619781
v 34.529720 -1.579968 -94.619781
v 38.804234 14.372733 -94.619781
v 44.903557 12.738424 -94.619781
f 2410 2411 2412
f 2412 2413 2410
f 2405 2406 2407
f 2407 2408 2409
f 2424 2425 2426
f 2426 2427 2424
f 2408 2418 2412
f 2412 2419 2408
f 2414 2415 2416
f 2416 2417 2414
f 2420 2421 2422
f 2422 2423 2420
v 47.801830 -1.579968 -93.660133
v 41.702507 -3.214277 -93.660133
v 41.702507 -3.214277 -94.619766
v 47.801830 -1.579968 -94.619759
v 47.801830 -1.579968 -93.660133
v 43.527317 14.372733 -93.660133
v 43.527317 14.372733 -94.619759
v 37.427994 12.738424 -94.619766
v 37.427994 12.738424 -93.660133
v 47.801830 -1.579968 -93.660133
v 47.801830 -1.579968 -94.619759
v 43.527317 14.372733 -94.619759
v 43.527317 14.372733 -93.660133
v 41.702507 -3.214277 -94.619766
v 43.527317 14.372733 -94.619759
v 41.702507 -3.214277 -94.619766
v 41.702507 -3.214277 -93.660133
v 37.427994 12.738424 -93.660133
v 37.427994 12.738424 -94.619766
v 41.702507 -3.214277 -93.660133
v 47.801830 -1.579968 -93.660133
v 43.527317 14.372733 -93.660133
v 37.427994 12.738424 -93.660133
f 2433 2434 2435
f 2435 2436 2433
f 2428 2429 2430
f 2430 2431 2432
f 2447 2448 2449
f 2449 2450 2447
f 2431 2441 2435
f 2435 2442 2431
f 2437 2438 2439
f 2439 2440 2437
f 2443 2444 2445
f 2445 2446 2443
v 47.801830 -1.579968 -89.216942
v 41.702507 -3.214277 -89.216942
v 41.702507 -3.214277 -90.176567
v 47.801830 -1.579968 -90.176567
v 47.801830 -1.579968 -89.216942
v 43.527317 14.372733 -89.216942
v 43.527317 14.372733 -90.176567
v 37.427994 12.738424 -90.176567
v 37.427994 12.738424 -89.216942
v 47.801830 -1.579968 -89.216942
v 47.801830 -1.579968 -90.176567
v 43.527317 14.372733 -90.176567
v 43.527317 14.372733 -89.216942
v 41.702507 -3.214277 -90.176567
v 43.527317 14.372733 -90.176567
v 41.702507 -3.214277 -90.176567
v 41.702507 -3.214277 -89.216942
v 37.427994 12.738424 -89.216942
v 37.427994 12.738424 -90.176567
v 41.702507 -3.214277 -89.216942
v 47.801830 -1.579968 -89.216942
v 43.527317 14.372733 -89.216942
v 37.427994 12.738424 -89.216942
f 2456 2457 2458
f 2458 2459 2456
f 2451 2452 2453
f 2453 2454 2455
f 2470 2471 2472
f 2472 2473 2470
f 2454 2464 2458
f 2458 2465 2454
f 2460 2461 2462
f 2462 2463 2460
f 2466 2467 2468
f 2468 2469 2466
v -23.799664 4.132331 -39.203781
v -23.799664 4.132331 -50.795048
v -23.137314 4.132331 -50.795048
v -23.137314 4.132331 -39.203781
v -23.799664 4.132331 -39.203781
v -23.799664 4.283479 -39.203781
v -23.137314 4.283479 -39.203781
v -23.137314 4.283479 -50.795048
v -23.799664 4.283479 -50.795048
v -23.799664 4.132331 -39.203781
v -23.137314 4.132331 -39.203781
v -23.137314 4.283479 -39.203781
v -23.799664 4.283479 -39.203781
v -23.137314 4.132331 -50.795048
v -23.137314 4.283479 -39.203781
v -23.137314 4.132331 -50.795048
v -23.799664 4.132331 -50.795048
v -23.799664 4.283479 -50.795048
v -23.137314 4.283479 -50.795048
v -23.137314 4.132331 -50.795048
v -23.799664 4.132331 -50.795048
v -23.799664 4.132331 -39.203781
v -23.799664 4.283479 -39.203781
f 2479 2480 2481
f 2481 2482 2479
f 2474 2475 2476
f 2476 2477 2478
f 2494 2495 2496
f 2496 2482 2494
f 2477 2487 2481
f 2481 2488 2477
f 2483 2484 2485
f 2485 2486 2483
f 2489 2490 2491
f 2491 2492 2493
v -23.800177 4.284201 -45.086811
v -23.800177 4.284201 -46.363773
v -23.137323 4.284201 -46.363773
v -23.137323 4.284201 -45.086811
v -23.800177 4.284201 -45.086811
v -23.800177 4.435466 -45.086811
v -23.137323 4.435466 -45.086811
v -23.137323 4.435466 -46.363773
v -23.800177 4.435466 -46.363773
v -23.800177 4.284201 -45.086811
v -23.137323 4.284201 -45.086811
v -23.137323 4.435466 -45.086811
v -23.800177 4.435466 -45.086811
v -23.137323 4.284201 -46.363773
v -23.137323 4.435466 -45.086811
v -23.137323 4.284201 -46.363773
v -23.800177 4.284201 -46.363773
v -23.800177 4.435466 -46.363773
v -23.137323 4.435466 -46.363773
v -23.137323 4.284201 -46.363773
v -23.800177 4.284201 -46.363773
v -23.800177 4.284201 -45.086811
v -23.800177 4.435466 -45.086811
f 2502 2503 2504
f 2504 2505 2502
f 2497 2498 2499
f 2499 2500 2501
f 2517 2518 2519
f 2519 2505 2517
f 2500 2510 2504
f 2504 2511 2500
f 2506 2507 2508
f 2508 2509 2506
f 2512 2513 2514
f 2514 2515 2516
v -23.792158 4.283478 -43.534225
v -23.792158 4.283478 -44.854485
v -23.141762 4.283478 -44.854485
v -23.141762 4.283478 -43.534225
v -23.792158 4.283478 -43.534225
v -23.792158 4.436448 -43.534225
v -23.141762 4.436448 -43.534225
v -23.141762 4.436448 -44.854485
v -23.792158 4.436448 -44.854485
v -23.792158 4.283478 -43.534225
v -23.141762 4.283478 -43.534225
v -23.141762 4.436448 -43.534225
v -23.792158 4.436448 -43.534225
v -23.141762 4.283478 -44.854485
v -23.141762 4.436448 -43.534225
v -23.141762 4.283478 -44.854485
v -23.792158 4.283478 -44.854485
v -23.792158 4.436448 -44.854485
v -23.141762 4.436448 -44.854485
v -23.141762 4.283478 -44.854485
v -23.792158 4.283478 -44.854485
v -23.792158 4.283478 -43.534225
v -23.792158 4.436448 -43.534225
f 2525 2526 2527
f 2527 2528 2525
f 2520 2521 2522
f 2522 2523 2524
f 2540 2541 2542
f 2542 2528 2540
f 2523 2533 2527
f 2527 2534 2523
f 2529 2530 2531
f 2531 2532 2529
f 2535 2536 2537
f 2537 2538 2539
v -23.800177 4.284201 -48.508972
v -23.800177 4.284201 -50.130375
v -23.137323 4.284201 -50.130375
v -23.137323 4.284201 -48.508972
v -23.800177 4.284201 -48.508972
v -23.800177 4.435466 -48.508972
v -23.137323 4.435466 -48.508972
v -23.137323 4.435466 -50.130375
v -23.800177 4.435466 -50.130375
v -23.800177 4.284201 -48.508972
v -23.137323 4.284201 -48.508972
v -23.137323 4.435466 -48.508972
v -23.800177 4.435466 -48.508972
v -23.137323 4.284201 -50.130375
v -23.137323 4.435466 -48.508972
v -23.137323 4.284201 -50.130375
v -23.800177 4.284201 -50.130375
v -23.800177 4.435466 -50.130375
v -23.137323 4.435466 -50.130375
v -23.137323 4.284201 -50.130375
v -23.800177 4.284201 -50.130375
v -23.800177 4.284201 -48.508972
v -23.800177 4.435466 -48.508972
f 2548 2549 2550
f 2550 2551 2548
f 2543 2544 2545
f 2545 2546 2547
f 2563 2564 2565
f 2565 2551 2563
f 2546 2556 2550
f 2550 2557 2546
f 2552 2553 2554
f 2554 2555 2552
f 2558 2559 2560
f 2560 2561 2562
v -23.799664 4.132331 -18.077087
v -23.799664 4.132331 -28.445856
v -23.137314 4.132331 -28.445856
v -23.137314 4.132331 -18.077087
v -23.799664 4.132331 -18.077087
v -23.799664 4.283479 -18.077087
v -23.137314 4.283479 -18.077087
v -23.137314 4.283479 -28.445856
v -23.799664 4.283479 -28.445856
v -23.799664 4.132331 -18.077087
v -23.137314 4.132331 -18.077087
v -23.137314 4.283479 -18.077087
v -23.799664 4.283479 -18.077087
v -23.137314 4.132331 -28.445856
v -23.137314 4.283479 -18.077087
v -23.137314 4.132331 -28.445856
v -23.799664 4.132331 -28.445856
v -23.799664 4.283479 -28.445856
v -23.137314 4.283479 -28.445856
v -23.137314 4.132331 -28.445856
v -23.799664 4.132331 -28.445856
v -23.799664 4.132331 -18.077087
v -23.799664 4.283479 -18.077087
f 2571 2572 2573
f 2573 2574 2571
f 2566 2567 2568
f 2568 2569 2570
f 2586 2587 2588
f 2588 2574 2586
f 2569 2579 2573
f 2573 2580 2569
f 2575 2576 2577
f 2577 2578 2575
f 2581 2582 2583
f 2583 2584 2585
v -23.800209 4.284177 -25.506802
v -23.800209 4.284177 -28.113441
v -23.136787 4.284177 -28.113441
v -23.136787 4.284177 -25.506802
v -23.800209 4.284177 -25.506802
v -23.800209 4.437292 -25.506802
v -23.136787 4.437292 -25.506802
v -23.136787 4.437292 -28.113441
v -23.800209 4.437292 -28.113441
v -23.800209 4.284177 -25.506802
v -23.136787 4.284177 -25.506802
v -23.136787 4.437292 -25.506802
v -23.800209 4.437292 -25.506802
v -23.136787 4.284177 -28.113441
v -23.136787 4.437292 -25.506802
v -23.136787 4.284177 -28.113441
v -23.800209 4.284177 -28.113441
v -23.800209 4.437292 -28.113441
v -23.136787 4.437292 -28.113441
v -23.136787 4.284177 -28.113441
v -23.800209 4.284177 -28.113441
v -23.800209 4.284177 -25.506802
v -23.800209 4.437292 -25.506802
f 2594 2595 2596
f 2596 2597 2594
f 2589 2590 2591
f 2591 2592 2593
f 2609 2610 2611
f 2611 2597 2609
f 2592 2602 2596
f 2596 2603 2592
f 2598 2599 2600
f 2600 2601 2598
f 2604 2605 2606
f 2606 2607 2608
v -23.800177 4.284201 -21.833330
v -23.800177 4.284201 -23.036098
v -23.137323 4.284201 -23.036098
v -23.137323 4.284201 -21.833330
v -23.800177 4.284201 -21.833330
v -23.800177 4.435475 -21.833330
v -23.137323 4.435475 -21.833330
v -23.137323 4.435475 -23.036098
v -23.800177 4.435475 -23.036098
v -23.800177 4.284201 -21.833330
v -23.137323 4.284201 -21.833330
v -23.137323 4.435475 -21.833330
v -23.800177 4.435475 -21.833330
v -23.137323 4.284201 -23.036098
v -23.137323 4.435475 -21.833330
v -23.137323 4.284201 -23.036098
v -23.800177 4.284201 -23.036098
v -23.800177 4.435475 -23.036098
v -23.137323 4.435475 -23.036098
v -23.137323 4.284201 -23.036098
v -23.800177 4.284201 -23.036098
v -23.800177 4.284201 -21.833330
v -23.800177 4.435475 -21.833330
f 2617 2618 2619
f 2619 2620 2617
f 2612 2613 2614
f 2614 2615 2616
f 2632 2633 2634
f 2634 2620 2632
f 2615 2625 2619
f 2619 2626 2615
f 2621 2622 2623
f 2623 2624 2621
f 2627 2628 2629
f 2629 2630 2631
v -23.800177 4.284201 -20.229486
v -23.800177 4.284201 -21.432257
v -23.137323 4.284201 -21.432257
v -23.137323 4.284201 -20.229486
v -23.800177 4.284201 -20.229486
v -23.800177 4.435475 -20.229486
v -23.137323 4.435475 -20.229486
v -23.137323 4.435475 -21.432257
v -23.800177 4.435475 -21.432257
v -23.800177 4.284201 -20.229486
v -23.137323 4.284201 -20.229486
v -23.137323 4.435475 -20.229486
v -23.800177 4.435475 -20.229486
v -23.137323 4.284201 -21.432257
v -23.137323 4.435475 -20.229486
v -23.137323 4.284201 -21.432257
v -23.800177 4.284201 -21.432257
v -23.800177 4.435475 -21.432257
v -23.137323 4.435475 -21.432257
v -23.137323 4.284201 -21.432257
v -23.800177 4.284201 -21.432257
v -23.800177 4.284201 -20.229486
v -23.800177 4.435475 -20.229486
f 2640 2641 2642
f 2642 2643 2640
f 2635 2636 2637
f 2637 2638 2639
f 2655 2656 2657
f 2657 2643 2655
f 2638 2648 2642
f 2642 2649 2638
f 2644 2645 2646
f 2646 2647 2644
f 2650 2651 2652
f 2652 2653 2654
v -26.663912 4.132028 -17.410923
v -26.663912 4.132028 -18.079096
v -18.943613 4.132028 -18.079096
v -18.943613 4.132028 -17.410923
v -26.663912 4.132028 -17.410923
v -26.663912 4.284167 -17.410923
v -18.943613 4.284167 -17.410923
v -18.943613 4.284167 -18.079096
v -26.663912 4.284167 -18.079096
v -26.663912 4.132028 -17.410923
v -18.943613 4.132028 -17.410923
v -18.943613 4.284167 -17.410923
v -26.663912 4.284167 -17.410923
v -18.943613 4.132028 -18.079096
v -18.943613 4.284167 -17.410923
v -18.943613 4.132028 -18.079096
v -26.663912 4.132028 -18.079096
v -26.663912 4.284167 -18.079096
v -18.943613 4.284167 -18.079096
v -18.943613 4.132028 -18.079096
v -26.663912 4.132028 -18.079096
v -26.663912 4.132028 -17.410923
v -26.663912 4.284167 -17.410923
f 2663 2664 2665
f 2665 2666 2663
f 2658 2659 2660
f 2660 2661 2662
f 2678 2679 2680
f 2680 2666 2678
f 2661 2671 2665
f 2665 2672 2661
f 2667 2668 2669
f 2669 2670 2667
f 2673 2674 2675
f 2675 2676 2677
v -20.218716 4.284201 -17.410923
v -20.218716 4.284201 -18.073774
v -19.015938 4.284201 -18.073774
v -19.015938 4.284201 -17.410923
v -20.218716 4.284201 -17.410923
v -20.218716 4.435475 -17.410923
v -19.015938 4.435475 -17.410923
v -19.015938 4.435475 -18.073774
v -20.218716 4.435475 -18.073774
v -20.218716 4.284201 -17.410923
v -19.015938 4.284201 -17.410923
v -19.015938 4.435475 -17.410923
v -20.218716 4.435475 -17.410923
v -19.015938 4.284201 -18.073774
v -19.015938 4.435475 -17.410923
v -19.015938 4.284201 -18.073774
v -20.218716 4.284201 -18.073774
v -20.218716 4.435475 -18.073774
v -19.015938 4.435475 -18.073774
v -19.015938 4.284201 -18.073774
v -20.218716 4.284201 -18.073774
v -20.218716 4.284201 -17.410923
v -20.218716 4.435475 -17.410923
f 2686 2687 2688
f 2688 2689 2686
f 2681 2682 2683
f 2683 2684 2685
f 2701 2702 2703
f 2703 2689 2701
f 2684 2694 2688
f 2688 2695 2684
f 2690 2691 2692
f 2692 2693 2690
f 2696 2697 2698
f 2698 2699 2700
v -21.444311 4.283478 -17.410923
v -21.444311 4.283478 -18.073774
v -20.892241 4.283478 -18.073774
v -20.892241 4.283478 -17.410923
v -21.444311 4.283478 -17.410923
v -21.444311 4.435607 -17.410923
v -20.892241 4.435607 -17.410923
v -20.892241 4.435607 -18.073774
v -21.444311 4.435607 -18.073774
v -21.444311 4.283478 -17.410923
v -20.892241 4.283478 -17.410923
v -20.892241 4.435607 -17.410923
v -21.444311 4.435607 -17.410923
v -20.892241 4.283478 -18.073774
v -20.892241 4.435607 -17.410923
v -20.892241 4.283478 -18.073774
v -21.444311 4.283478 -18.073774
v -21.444311 4.435607 -18.073774
v -20.892241 4.435607 -18.073774
v -20.892241 4.283478 -18.073774
v -21.444311 4.283478 -18.073774
v -21.444311 4.283478 -17.410923
v -21.444311 4.435607 -17.410923
f 2709 2710 2711
f 2711 2712 2709
f 2704 2705 2706
f 2706 2707 2708
f 2724 2725 2726
f 2726 2712 2724
f 2707 2717 2711
f 2711 2718 2707
f 2713 2714 2715
f 2715 2716 2713
f 2719 2720 2721
f 2721 2722 2723
v -26.069115 4.283728 -17.416176
v -26.069115 4.283728 -18.079048
v -21.882298 4.283728 -18.079048
v -21.882298 4.283728 -17.416176
v -26.069115 4.283728 -17.416176
v -26.069115 4.438036 -17.416176
v -21.882298 4.438036 -17.416176
v -21.882298 4.438036 -18.079048
v -26.069115 4.438036 -18.079048
v -26.069115 4.283728 -17.416176
v -21.882298 4.283728 -17.416176
v -21.882298 4.438036 -17.416176
v -26.069115 4.438036 -17.416176
v -21.882298 4.283728 -18.079048
v -21.882298 4.438036 -17.416176
v -21.882298 4.283728 -18.079048
v -26.069115 4.283728 -18.079048
v -26.069115 4.438036 -18.079048
v -21.882298 4.438036 -18.079048
v -21.882298 4.283728 -18.079048
v -26.069115 4.283728 -18.079048
v -26.069115 4.283728 -17.416176
v -26.069115 4.438036 -17.416176
f 2732 2733 2734
f 2734 2735 2732
f 2727 2728 2729
f 2729 2730 2731
f 2747 2748 2749
f 2749 2735 2747
f 2730 2740 2734
f 2734 2741 2730
f 2736 2737 2738
f 2738 2739 2736
f 2742 2743 2744
f 2744 2745 2746
v -14.043663 4.132028 -17.410923
v -14.043663 4.132028 -18.079096
v -0.565491 4.132028 -18.079096
v -0.565491 4.132028 -17.410923
v -14.043663 4.132028 -17.410923
v -14.043663 4.284167 -17.410923
v -0.565491 4.284167 -17.410923
v -0.565491 4.284167 -18.079096
v -14.043663 4.284167 -18.079096
v -14.043663 4.132028 -17.410923
v -0.565491 4.132028 -17.410923
v -0.565491 4.284167 -17.410923
v -14.043663 4.284167 -17.410923
v -0.565491 4.132028 -18.079096
v -0.565491 4.284167 -17.410923
v -0.565491 4.132028 -18.079096
v -14.043663 4.132028 -18.079096
v -14.043663 4.284167 -18.079096
v -0.565491 4.284167 -18.079096
v -0.565491 4.132028 -18.079096
v -14.043663 4.132028 -18.079096
v -14.043663 4.132028 -17.410923
v -14.043663 4.284167 -17.410923
f 2755 2756 2757
f 2757 2758 2755
f 2750 2751 2752
f 2752 2753 2754
f 2770 2771 2772
f 2772 2758 2770
f 2753 2763 2757
f 2757 2764 2753
f 2759 2760 2761
f 2761 2762 2759
f 2765 2766 2767
f 2767 2768 2769
v -13.683808 4.283722 -17.410923
v -13.683808 4.283722 -18.073793
v -8.861699 4.283722 -18.073793
v -8.861699 4.283722 -17.410923
v -13.683808 4.283722 -17.410923
v -13.683808 4.435358 -17.410923
v -8.861699 4.435358 -17.410923
v -8.861699 4.435358 -18.073793
v -13.683808 4.435358 -18.073793
v -13.683808 4.283722 -17.410923
v -8.861699 4.283722 -17.410923
v -8.861699 4.435358 -17.410923
v -13.683808 4.435358 -17.410923
v -8.861699 4.283722 -18.073793
v -8.861699 4.435358 -17.410923
v -8.861699 4.283722 -18.073793
v -13.683808 4.283722 -18.073793
v -13.683808 4.435358 -18.073793
v -8.861699 4.435358 -18.073793
v -8.861699 4.283722 -18.073793
v -13.683808 4.283722 -18.073793
v -13.683808 4.283722 -17.410923
v -13.683808 4.435358 -17.410923
f 2778 2779 2780
f 2780 2781 2778
f 2773 2774 2775
f 2775 2776 2777
f 2793 2794 2795
f 2795 2781 2793
f 2776 2786 2780
f 2780 2787 2776
f 2782 2783 2784
f 2784 2785 2782
f 2788 2789 2790
f 2790 2791 2792
v -7.831670 4.283478 -17.410933
v -7.831670 4.283478 -18.073803
v -6.610674 4.283478 -18.073803
v -6.610674 4.283478 -17.410933
v -7.831670 4.283478 -17.410933
v -7.831670 4.435607 -17.410933
v -6.610674 4.435607 -17.410933
v -6.610674 4.435607 -18.073803
v -7.831670 4.435607 -18.073803
v -7.831670 4.283478 -17.410933
v -6.610674 4.283478 -17.410933
v -6.610674 4.435607 -17.410933
v -7.831670 4.435607 -17.410933
v -6.610674 4.283478 -18.073803
v -6.610674 4.435607 -17.410933
v -6.610674 4.283478 -18.073803
v -7.831670 4.283478 -18.073803
v -7.831670 4.435607 -18.073803
v -6.610674 4.435607 -18.073803
v -6.610674 4.283478 -18.073803
v -7.831670 4.283478 -18.073803
v -7.831670 4.283478 -17.410933
v -7.831670 4.435607 -17.410933
f 2801 2802 2803
f 2803 2804 2801
f 2796 2797 2798
f 2798 2799 2800
f 2816 2817 2818
f 2818 2804 2816
f 2799 2809 2803
f 2803 2810 2799
f 2805 2806 2807
f 2807 2808 2805
f 2811 2812 2813
f 2813 2814 2815
v -6.199561 4.283332 -17.410933
v -6.199561 4.283332 -18.073824
v -5.335508 4.283332 -18.073824
v -5.335508 4.283332 -17.410933
v -6.199561 4.283332 -17.410933
v -6.199561 4.435475 -17.410933
v -5.335508 4.435475 -17.410933
v -5.335508 4.435475 -18.073824
v -6.199561 4.435475 -18.073824
v -6.199561 4.283332 -17.410933
v -5.335508 4.283332 -17.410933
v -5.335508 4.435475 -17.410933
v -6.199561 4.435475 -17.410933
v -5.335508 4.283332 -18.073824
v -5.335508 4.435475 -17.410933
v -5.335508 4.283332 -18.073824
v -6.199561 4.283332 -18.073824
v -6.199561 4.435475 -18.073824
v -5.335508 4.435475 -18.073824
v -5.335508 4.283332 -18.073824
v -6.199561 4.283332 -18.073824
v -6.199561 4.283332 -17.410933
v -6.199561 4.435475 -17.410933
f 2824 2825 2826
f 2826 2827 2824
f 2819 2820 2821
f 2821 2822 2823
f 2839 2840 2841
f 2841 2827 2839
f 2822 2832 2826
f 2826 2833 2822
f 2828 2829 2830
f 2830 2831 2828
f 2834 2835 2836
f 2836 2837 2838
v -2.849326 4.284167 -17.410961
v -2.849326 4.284167 -18.073833
v -1.455859 4.284167 -18.073833
v -1.455859 4.284167 -17.410961
v -2.849326 4.284167 -17.410961
v -2.849326 4.437299 -17.410961
v -1.455859 4.437299 -17.410961
v -1.455859 4.437299 -18.073833
v -2.849326 4.437299 -18.073833
v -2.849326 4.284167 -17.410961
v -1.455859 4.284167 -17.410961
v -1.455859 4.437299 -17.410961
v -2.849326 4.437299 -17.410961
v -1.455859 4.284167 -18.073833
v -1.455859 4.437299 -17.410961
v -1.455859 4.284167 -18.073833
v -2.849326 4.284167 -18.073833
v -2.849326 4.437299 -18.073833
v -1.455859 4.437299 -18.073833
v -1.455859 4.284167 -18.073833
v -2.849326 4.284167 -18.073833
v -2.849326 4.284167 -17.410961
v -2.849326 4.437299 -17.410961
f 2847 2848 2849
f 2849 2850 2847
f 2842 2843 2844
f 2844 2845 2846
f 2862 2863 2864
f 2864 2850 2862
f 2845 2855 2849
f 2849 2856 2845
f 2851 2852 2853
f 2853 2854 2851
f 2857 2858 2859
f 2859 2860 2861
v -1.051289 4.170407 -17.410992
v -1.051289 4.170407 -28.494106
v -0.388457 4.170407 -28.494106
v -0.388457 4.170407 -17.410992
v -1.051289 4.170407 -17.410992
v -1.051289 4.284201 -17.410992
v -0.388457 4.284201 -17.410992
v -0.388457 4.284201 -28.494106
v -1.051289 4.284201 -28.494106
v -1.051289 4.170407 -17.410992
v -0.388457 4.170407 -17.410992
v -0.388457 4.284201 -17.410992
v -1.051289 4.284201 -17.410992
v -0.388457 4.170407 -28.494106
v -0.388457 4.284201 -17.410992
v -0.388457 4.170407 -28.494106
v -1.051289 4.170407 -28.494106
v -1.051289 4.284201 -28.494106
v -0.388457 4.284201 -28.494106
v -0.388457 4.170407 -28.494106
v -1.051289 4.170407 -28.494106
v -1.051289 4.170407 -17.410992
v -1.051289 4.284201 -17.410992
f 2870 2871 2872
f 2872 2873 2870
f 2865 2866 2867
f 2867 2868 2869
f 2885 2886 2887
f 2887 2873 2885
f 2868 2878 2872
f 2872 2879 2868
f 2874 2875 2876
f 2876 2877 2874
f 2880 2881 2882
f 2882 2883 2884
v -1.051328 4.283820 -17.744497
v -1.051328 4.283820 -19.398149
v -0.388457 4.283820 -19.398149
v -0.388457 4.283820 -17.744497
v -1.051328 4.283820 -17.744497
v -1.051328 4.435607 -17.744497
v -0.388457 4.435607 -17.744497
v -0.388457 4.435607 -19.398149
v -1.051328 4.435607 -19.398149
v -1.051328 4.283820 -17.744497
v -0.388457 4.283820 -17.744497
v -0.388457 4.435607 -17.744497
v -1.051328 4.435607 -17.744497
v -0.388457 4.283820 -19.398149
v -0.388457 4.435607 -17.744497
v -0.388457 4.283820 -19.398149
v -1.051328 4.283820 -19.398149
v -1.051328 4.435607 -19.398149
v -0.388457 4.435607 -19.398149
v -0.388457 4.283820 -19.398149
v -1.051328 4.283820 -19.398149
v -1.051328 4.283820 -17.744497
v -1.051328 4.435607 -17.744497
f 2893 2894 2895
f 2895 2896 2893
f 2888 2889 2890
f 2890 2891 2892
f 2908 2909 2910
f 2910 2896 2908
f 2891 2901 2895
f 2895 2902 2891
f 2897 2898 2899
f 2899 2900 2897
f 2903 2904 2905
f 2905 2906 2907
v -1.051270 4.283403 -20.271168
v -1.051270 4.283403 -23.804916
v -0.388389 4.283403 -23.804916
v -0.388389 4.283403 -20.271168
v -1.051270 4.283403 -20.271168
v -1.051270 4.435350 -20.271168
v -0.388389 4.435350 -20.271168
v -0.388389 4.435350 -23.804916
v -1.051270 4.435350 -23.804916
v -1.051270 4.283403 -20.271168
v -0.388389 4.283403 -20.271168
v -0.388389 4.435350 -20.271168
v -1.051270 4.435350 -20.271168
v -0.388389 4.283403 -23.804916
v -0.388389 4.435350 -20.271168
v -0.388389 4.283403 -23.804916
v -1.051270 4.283403 -23.804916
v -1.051270 4.435350 -23.804916
v -0.388389 4.435350 -23.804916
v -0.388389 4.283403 -23.804916
v -1.051270 4.283403 -23.804916
v -1.051270 4.283403 -20.271168
v -1.051270 4.435350 -20.271168
f 2916 2917 2918
f 2918 2919 2916
f 2911 2912 2913
f 2913 2914 2915
f 2931 2932 2933
f 2933 2919 2931
f 2914 2924 2918
f 2918 2925 2914
f 2920 2921 2922
f 2922 2923 2920
f 2926 2927 2928
f 2928 2929 2930
v -1.051270 4.283478 -24.919947
v -1.051270 4.283478 -26.094624
v -0.388408 4.283478 -26.094624
v -0.388408 4.283478 -24.919947
v -1.051270 4.283478 -24.919947
v -1.051270 4.435607 -24.919947
v -0.388408 4.435607 -24.919947
v -0.388408 4.435607 -26.094624
v -1.051270 4.435607 -26.094624
v -1.051270 4.283478 -24.919947
v -0.388408 4.283478 -24.919947
v -0.388408 4.435607 -24.919947
v -1.051270 4.435607 -24.919947
v -0.388408 4.283478 -26.094624
v -0.388408 4.435607 -24.919947
v -0.388408 4.283478 -26.094624
v -1.051270 4.283478 -26.094624
v -1.051270 4.435607 -26.094624
v -0.388408 4.435607 -26.094624
v -0.388408 4.283478 -26.094624
v -1.051270 4.283478 -26.094624
v -1.051270 4.283478 -24.919947
v -1.051270 4.435607 -24.919947
f 2939 2940 2941
f 2941 2942 2939
f 2934 2935 2936
f 2936 2937 2938
f 2954 2955 2956
f 2956 2942 2954
f 2937 2947 2941
f 2941 2948 2937
f 2943 2944 2945
f 2945 2946 2943
f 2949 2950 2951
f 2951 2952 2953
v -1.051289 4.283332 -26.402428
v -1.051289 4.283332 -27.266479
v -0.388398 4.283332 -27.266479
v -0.388398 4.283332 -26.402428
v -1.051289 4.283332 -26.402428
v -1.051289 4.435475 -26.402428
v -0.388398 4.435475 -26.402428
v -0.388398 4.435475 -27.266479
v -1.051289 4.435475 -27.266479
v -1.051289 4.283332 -26.402428
v -0.388398 4.283332 -26.402428
v -0.388398 4.435475 -26.402428
v -1.051289 4.435475 -26.402428
v -0.388398 4.283332 -27.266479
v -0.388398 4.435475 -26.402428
v -0.388398 4.283332 -27.266479
v -1.051289 4.283332 -27.266479
v -1.051289 4.435475 -27.266479
v -0.388398 4.435475 -27.266479
v -0.388398 4.283332 -27.266479
v -1.051289 4.283332 -27.266479
v -1.051289 4.283332 -26.402428
v -1.051289 4.435475 -26.402428
f 2962 2963 2964
f 2964 2965 2962
f 2957 2958 2959
f 2959 2960 2961
f 2977 2978 2979
f 2979 2965 2977
f 2960 2970 2964
f 2964 2971 2960
f 2966 2967 2968
f 2968 2969 2966
f 2972 2973 2974
f 2974 2975 2976
v -1.051299 4.132028 -33.941444
v -1.051299 4.132028 -35.420197
v -0.388408 4.132028 -35.420197
v -0.388408 4.132028 -33.941444
v -1.051299 4.132028 -33.941444
v -1.051299 4.435475 -33.941444
v -0.388408 4.435475 -33.941444
v -0.388408 4.435475 -35.420197
v -1.051299 4.435475 -35.420197
v -1.051299 4.132028 -33.941444
v -0.388408 4.132028 -33.941444
v -0.388408 4.435475 -33.941444
v -1.051299 4.435475 -33.941444
v -0.388408 4.132028 -35.420197
v -0.388408 4.435475 -33.941444
v -0.388408 4.132028 -35.420197
v -1.051299 4.132028 -35.420197
v -1.051299 4.435475 -35.420197
v -0.388408 4.435475 -35.420197
v -0.388408 4.132028 -35.420197
v -1.051299 4.132028 -35.420197
v -1.051299 4.132028 -33.941444
v -1.051299 4.435475 -33.941444
f 2985 2986 2987
f 2987 2988 2985
f 2980 2981 2982
f 2982 2983 2984
f 3000 3001 3002
f 3002 2988 3000
f 2983 2993 2987
f 2987 2994 2983
f 2989 2990 2991
f 2991 2992 2989
f 2995 2996 2997
f 2997 2998 2999
v -13.004268 4.132028 -50.131596
v -13.004268 4.132028 -50.794456
v -11.727802 4.132028 -50.794456
v -11.727802 4.132028 -50.131596
v -13.004268 4.132028 -50.131596
v -13.004268 4.435466 -50.131596
v -11.727802 4.435466 -50.131596
v -11.727802 4.435466 -50.794456
v -13.004268 4.435466 -50.794456
v -13.004268 4.132028 -50.131596
v -11.727802 4.132028 -50.131596
v -11.727802 4.435466 -50.131596
v -13.004268 4.435466 -50.131596
v -11.727802 4.132028 -50.794456
v -11.727802 4.435466 -50.131596
v -11.727802 4.132028 -50.794456
v -13.004268 4.132028 -50.794456
v -13.004268 4.435466 -50.794456
v -11.727802 4.435466 -50.794456
v -11.727802 4.132028 -50.794456
v -13.004268 4.132028 -50.794456
v -13.004268 4.132028 -50.131596
v -13.004268 4.435466 -50.131596
f 3008 3009 3010
f 3010 3011 3008
f 3003 3004 3005
f 3005 3006 3007
f 3023 3024 3025
f 3025 3011 3023
f 3006 3016 3010
f 3010 3017 3006
f 3012 3013 3014
f 3014 3015 3012
f 3018 3019 3020
f 3020 3021 3022
v -21.802700 4.192228 -50.131588
v -21.802700 4.192228 -50.794456
v -19.264965 4.192228 -50.794456
v -19.264965 4.192228 -50.131588
v -21.802700 4.192228 -50.131588
v -21.802700 4.435466 -50.131588
v -19.264965 4.435466 -50.131588
v -19.264965 4.435466 -50.794456
v -21.802700 4.435466 -50.794456
v -21.802700 4.192228 -50.131588
v -19.264965 4.192228 -50.131588
v -19.264965 4.435466 -50.131588
v -21.802700 4.435466 -50.131588
v -19.264965 4.192228 -50.794456
v -19.264965 4.435466 -50.131588
v -19.264965 4.192228 -50.794456
v -21.802700 4.192228 -50.794456
v -21.802700 4.435466 -50.794456
v -19.264965 4.435466 -50.794456
v -19.264965 4.192228 -50.794456
v -21.802700 4.192228 -50.794456
v -21.802700 4.192228 -50.131588
v -21.802700 4.435466 -50.131588
f 3031 3032 3033
f 3033 3034 3031
f 3026 3027 3028
f 3028 3029 3030
f 3046 3047 3048
f 3048 3034 3046
f 3029 3039 3033
f 3033 3040 3029
f 3035 3036 3037
f 3037 3038 3035
f 3041 3042 3043
f 3043 3044 3045
v -19.320116 4.132331 -50.131664
v -19.320116 4.132331 -50.794456
v -17.911741 4.132331 -50.794456
v -17.911741 4.132331 -50.131664
v -19.320116 4.132331 -50.131664
v -19.320116 4.283439 -50.131664
v -17.911741 4.283439 -50.131664
v -17.911741 4.283439 -50.794456
v -19.320116 4.283439 -50.794456
v -19.320116 4.132331 -50.131664
v -17.911741 4.132331 -50.131664
v -17.911741 4.283439 -50.131664
v -19.320116 4.283439 -50.131664
v -17.911741 4.132331 -50.794456
v -17.911741 4.283439 -50.131664
v -17.911741 4.132331 -50.794456
v -19.320116 4.132331 -50.794456
v -19.320116 4.283439 -50.794456
v -17.911741 4.283439 -50.794456
v -17.911741 4.132331 -50.794456
v -19.320116 4.132331 -50.794456
v -19.320116 4.132331 -50.131664
v -19.320116 4.283439 -50.131664
f 3054 3055 3056
f 3056 3057 3054
f 3049 3050 3051
f 3051 3052 3053
f 3069 3070 3071
f 3071 3057 3069
f 3052 3062 3056
f 3056 3063 3052
f 3058 3059 3060
f 3060 3061 3058
f 3064 3065 3066
f 3066 3067 3068
v -30.553267 4.132331 -50.315784
v -30.553267 4.132331 -50.973392
v -23.137363 4.132331 -50.973392
v -23.137363 4.132331 -50.315784
v -30.553267 4.132331 -50.315784
v -30.553267 4.286203 -50.315784
v -23.137363 4.286203 -50.315784
v -23.137363 4.286203 -50.973392
v -30.553267 4.286203 -50.973392
v -30.553267 4.132331 -50.315784
v -23.137363 4.132331 -50.315784
v -23.137363 4.286203 -50.315784
v -30.553267 4.286203 -50.315784
v -23.137363 4.132331 -50.973392
v -23.137363 4.286203 -50.315784
v -23.137363 4.132331 -50.973392
v -30.553267 4.132331 -50.973392
v -30.553267 4.286203 -50.973392
v -23.137363 4.286203 -50.973392
v -23.137363 4.132331 -50.973392
v -30.553267 4.132331 -50.973392
v -30.553267 4.132331 -50.315784
v -30.553267 4.286203 -50.315784
f 3077 3078 3079
f 3079 3080 3077
f 3072 3073 3074
f 3074 3075 3076
f 3092 3093 3094
f 3094 3080 3092
f 3075 3085 3079
f 3079 3086 3075
f 3081 3082 3083
f 3083 3084 3081
f 3087 3088 3089
f 3089 3090 3091
v -30.413715 4.286181 -50.315777
v -30.413715 4.286181 -50.978657
v -29.216450 4.286181 -50.978657
v -29.216450 4.286181 -50.315777
v -30.413715 4.286181 -50.315777
v -30.413715 4.438036 -50.315777
v -29.216450 4.438036 -50.315777
v -29.216450 4.438036 -50.978657
v -30.413715 4.438036 -50.978657
v -30.413715 4.286181 -50.315777
v -29.216450 4.286181 -50.315777
v -29.216450 4.438036 -50.315777
v -30.413715 4.438036 -50.315777
v -29.216450 4.286181 -50.978657
v -29.216450 4.438036 -50.315777
v -29.216450 4.286181 -50.978657
v -30.413715 4.286181 -50.978657
v -30.413715 4.438036 -50.978657
v -29.216450 4.438036 -50.978657
v -29.216450 4.286181 -50.978657
v -30.413715 4.286181 -50.978657
v -30.413715 4.286181 -50.315777
v -30.413715 4.438036 -50.315777
f 3100 3101 3102
f 3102 3103 3100
f 3095 3096 3097
f 3097 3098 3099
f 3115 3116 3117
f 3117 3103 3115
f 3098 3108 3102
f 3102 3109 3098
f 3104 3105 3106
f 3106 3107 3104
f 3110 3111 3112
f 3112 3113 3114
v -25.124521 4.283823 -50.310532
v -25.124521 4.283823 -50.973392
v -23.470875 4.283823 -50.973392
v -23.470875 4.283823 -50.310532
v -25.124521 4.283823 -50.310532
v -25.124521 4.435607 -50.310532
v -23.470875 4.435607 -50.310532
v -23.470875 4.435607 -50.973392
v -25.124521 4.435607 -50.973392
v -25.124521 4.283823 -50.310532
v -23.470875 4.283823 -50.310532
v -23.470875 4.435607 -50.310532
v -25.124521 4.435607 -50.310532
v -23.470875 4.283823 -50.973392
v -23.470875 4.435607 -50.310532
v -23.470875 4.283823 -50.973392
v -25.124521 4.283823 -50.973392
v -25.124521 4.435607 -50.973392
v -23.470875 4.435607 -50.973392
v -23.470875 4.283823 -50.973392
v -25.124521 4.283823 -50.973392
v -25.124521 4.283823 -50.310532
v -25.124521 4.435607 -50.310532
f 3123 3124 3125
f 3125 3126 3123
f 3118 3119 3120
f 3120 3121 3122
f 3138 3139 3140
f 3140 3126 3138
f 3121 3131 3125
f 3125 3132 3121
f 3127 3128 3129
f 3129 3130 3127
f 3133 3134 3135
f 3135 3136 3137
v -28.858204 4.283478 -50.315777
v -28.858204 4.283478 -50.973404
v -25.622080 4.283478 -50.973404
v -25.622080 4.283478 -50.315777
v -28.858204 4.283478 -50.315777
v -28.858204 4.438034 -50.315777
v -25.622080 4.438034 -50.315777
v -25.622080 4.438034 -50.973404
v -28.858204 4.438034 -50.973404
v -28.858204 4.283478 -50.315777
v -25.622080 4.283478 -50.315777
v -25.622080 4.438034 -50.315777
v -28.858204 4.438034 -50.315777
v -25.622080 4.283478 -50.973404
v -25.622080 4.438034 -50.315777
v -25.622080 4.283478 -50.973404
v -28.858204 4.283478 -50.973404
v -28.858204 4.438034 -50.973404
v -25.622080 4.438034 -50.973404
v -25.622080 4.283478 -50.973404
v -28.858204 4.283478 -50.973404
v -28.858204 4.283478 -50.315777
v -28.858204 4.438034 -50.315777
f 3146 3147 3148
f 3148 3149 3146
f 3141 3142 3143
f 3143 3144 3145
f 3161 3162 3163
f 3163 3149 3161
f 3144 3154 3148
f 3148 3155 3144
f 3150 3151 3152
f 3152 3153 3150
f 3156 3157 3158
f 3158 3159 3160
v -31.015387 4.133937 -50.647064
v -31.015387 4.133937 -50.978657
v -30.347744 4.133937 -50.978657
v -30.347744 4.133937 -50.647064
v -31.015387 4.133937 -50.647064
v -31.015387 4.286203 -50.647064
v -30.347744 4.286203 -50.647064
v -30.347744 4.286203 -50.978657
v -31.015387 4.286203 -50.978657
v -31.015387 4.133937 -50.647064
v -30.347744 4.133937 -50.647064
v -30.347744 4.286203 -50.647064
v -31.015387 4.286203 -50.647064
v -30.347744 4.133937 -50.978657
v -30.347744 4.286203 -50.647064
v -30.347744 4.133937 -50.978657
v -31.015387 4.133937 -50.978657
v -31.015387 4.286203 -50.978657
v -30.347744 4.286203 -50.978657
v -30.347744 4.133937 -50.978657
v -31.015387 4.133937 -50.978657
v -31.015387 4.133937 -50.647064
v -31.015387 4.286203 -50.647064
f 3169 3170 3171
f 3171 3172 3169
f 3164 3165 3166
f 3166 3167 3168
f 3184 3185 3186
f 3186 3172 3184
f 3167 3177 3171
f 3171 3178 3167
f 3173 3174 3175
f 3175 3176 3173
f 3179 3180 3181
f 3181 3182 3183
v -40.298515 4.132331 -50.315765
v -40.298515 4.132331 -50.978657
v -34.787785 4.132331 -50.978657
v -34.787785 4.132331 -50.315765
v -40.298515 4.132331 -50.315765
v -40.298515 4.283952 -50.315765
v -34.787785 4.283952 -50.315765
v -34.787785 4.283952 -50.978657
v -40.298515 4.283952 -50.978657
v -40.298515 4.132331 -50.315765
v -34.787785 4.132331 -50.315765
v -34.787785 4.283952 -50.315765
v -40.298515 4.283952 -50.315765
v -34.787785 4.132331 -50.978657
v -34.787785 4.283952 -50.315765
v -34.787785 4.132331 -50.978657
v -40.298515 4.132331 -50.978657
v -40.298515 4.283952 -50.978657
v -34.787785 4.283952 -50.978657
v -34.787785 4.132331 -50.978657
v -40.298515 4.132331 -50.978657
v -40.298515 4.132331 -50.315765
v -40.298515 4.283952 -50.315765
f 3192 3193 3194
f 3194 3195 3192
f 3187 3188 3189
f 3189 3190 3191
f 3207 3208 3209
f 3209 3195 3207
f 3190 3200 3194
f 3194 3201 3190
f 3196 3197 3198
f 3198 3199 3196
f 3202 3203 3204
f 3204 3205 3206
v -38.351784 4.283517 -50.315784
v -38.351784 4.283517 -50.978657
v -35.476288 4.283517 -50.978657
v -35.476288 4.283517 -50.315784
v -38.351784 4.283517 -50.315784
v -38.351784 4.435436 -50.315784
v -35.476288 4.435436 -50.315784
v -35.476288 4.435436 -50.978657
v -38.351784 4.435436 -50.978657
v -38.351784 4.283517 -50.315784
v -35.476288 4.283517 -50.315784
v -35.476288 4.435436 -50.315784
v -38.351784 4.435436 -50.315784
v -35.476288 4.283517 -50.978657
v -35.476288 4.435436 -50.315784
v -35.476288 4.283517 -50.978657
v -38.351784 4.283517 -50.978657
v -38.351784 4.435436 -50.978657
v -35.476288 4.435436 -50.978657
v -35.476288 4.283517 -50.978657
v -38.351784 4.283517 -50.978657
v -38.351784 4.283517 -50.315784
v -38.351784 4.435436 -50.315784
f 3215 3216 3217
f 3217 3218 3215
f 3210 3211 3212
f 3212 3213 3214
f 3230 3231 3232
f 3232 3218 3230
f 3213 3223 3217
f 3217 3224 3213
f 3219 3220 3221
f 3221 3222 3219
f 3225 3226 3227
f 3227 3228 3229
v -40.298515 4.284172 -50.315807
v -40.298515 4.284172 -50.978657
v -38.770042 4.284172 -50.978657
v -38.770042 4.284172 -50.315807
v -40.298515 4.284172 -50.315807
v -40.298515 4.435607 -50.315807
v -38.770042 4.435607 -50.315807
v -38.770042 4.435607 -50.978657
v -40.298515 4.435607 -50.978657
v -40.298515 4.284172 -50.315807
v -38.770042 4.284172 -50.315807
v -38.770042 4.435607 -50.315807
v -40.298515 4.435607 -50.315807
v -38.770042 4.284172 -50.978657
v -38.770042 4.435607 -50.315807
v -38.770042 4.284172 -50.978657
v -40.298515 4.284172 -50.978657
v -40.298515 4.435607 -50.978657
v -38.770042 4.435607 -50.978657
v -38.770042 4.284172 -50.978657
v -40.298515 4.284172 -50.978657
v -40.298515 4.284172 -50.315807
v -40.298515 4.435607 -50.315807
f 3238 3239 3240
f 3240 3241 3238
f 3233 3234 3235
f 3235 3236 3237
f 3253 3254 3255
f 3255 3241 3253
f 3236 3246 3240
f 3240 3247 3236
f 3242 3243 3244
f 3244 3245 3242
f 3248 3249 3250
f 3250 3251 3252
v -40.298008 4.131725 -47.686256
v -40.298008 4.131725 -50.315758
v -39.635654 4.131725 -50.315758
v -39.635654 4.131725 -47.686256
v -40.298008 4.131725 -47.686256
v -40.298008 4.435607 -47.686256
v -39.635654 4.435607 -47.686256
v -39.635654 4.435607 -50.315758
v -40.298008 4.435607 -50.315758
v -40.298008 4.131725 -47.686256
v -39.635654 4.131725 -47.686256
v -39.635654 4.435607 -47.686256
v -40.298008 4.435607 -47.686256
v -39.635654 4.131725 -50.315758
v -39.635654 4.435607 -47.686256
v -39.635654 4.131725 -50.315758
v -40.298008 4.131725 -50.315758
v -40.298008 4.435607 -50.315758
v -39.635654 4.435607 -50.315758
v -39.635654 4.131725 -50.315758
v -40.298008 4.131725 -50.315758
v -40.298008 4.131725 -47.686256
v -40.298008 4.435607 -47.686256
f 3261 3262 3263
f 3263 3264 3261
f 3256 3257 3258
f 3258 3259 3260
f 3276 3277 3278
f 3278 3264 3276
f 3259 3269 3263
f 3263 3270 3259
f 3265 3266 3267
f 3267 3268 3265
f 3271 3272 3273
f 3273 3274 3275
v -40.297821 4.132029 -39.702347
v -40.297821 4.132029 -45.320309
v -39.635708 4.132029 -45.320309
v -39.635708 4.132029 -39.702347
v -40.297821 4.132029 -39.702347
v -40.297821 4.284172 -39.702347
v -39.635708 4.284172 -39.702347
v -39.635708 4.284172 -45.320309
v -40.297821 4.284172 -45.320309
v -40.297821 4.132029 -39.702347
v -39.635708 4.132029 -39.702347
v -39.635708 4.284172 -39.702347
v -40.297821 4.284172 -39.702347
v -39.635708 4.132029 -45.320309
v -39.635708 4.284172 -39.702347
v -39.635708 4.132029 -45.320309
v -40.297821 4.132029 -45.320309
v -40.297821 4.284172 -45.320309
v -39.635708 4.284172 -45.320309
v -39.635708 4.132029 -45.320309
v -40.297821 4.132029 -45.320309
v -40.297821 4.132029 -39.702347
v -40.297821 4.284172 -39.702347
f 3284 3285 3286
f 3286 3287 3284
f 3279 3280 3281
f 3281 3282 3283
f 3299 3300 3301
f 3301 3287 3299
f 3282 3292 3286
f 3286 3293 3282
f 3288 3289 3290
f 3290 3291 3288
f 3294 3295 3296
f 3296 3297 3298
v -40.297836 4.283332 -39.777290
v -40.297836 4.283332 -40.641342
v -39.634945 4.283332 -40.641342
v -39.634945 4.283332 -39.777290
v -40.297836 4.283332 -39.777290
v -40.297836 4.435476 -39.777290
v -39.634945 4.435476 -39.777290
v -39.634945 4.435476 -40.641342
v -40.297836 4.435476 -40.641342
v -40.297836 4.283332 -39.777290
v -39.634945 4.283332 -39.777290
v -39.634945 4.435476 -39.777290
v -40.297836 4.435476 -39.777290
v -39.634945 4.283332 -40.641342
v -39.634945 4.435476 -39.777290
v -39.634945 4.283332 -40.641342
v -40.297836 4.283332 -40.641342
v -40.297836 4.435476 -40.641342
v -39.634945 4.435476 -40.641342
v -39.634945 4.283332 -40.641342
v -40.297836 4.283332 -40.641342
v -40.297836 4.283332 -39.777290
v -40.297836 4.435476 -39.777290
f 3307 3308 3309
f 3309 3310 3307
f 3302 3303 3304
f 3304 3305 3306
f 3322 3323 3324
f 3324 3310 3322
f 3305 3315 3309
f 3309 3316 3305
f 3311 3312 3313
f 3313 3314 3311
f 3317 3318 3319
f 3319 3320 3321
v -40.297821 4.283840 -41.650982
v -40.297821 4.283840 -42.203053
v -39.634972 4.283840 -42.203053
v -39.634972 4.283840 -41.650982
v -40.297821 4.283840 -41.650982
v -40.297821 4.435608 -41.650982
v -39.634972 4.435608 -41.650982
v -39.634972 4.435608 -42.203053
v -40.297821 4.435608 -42.203053
v -40.297821 4.283840 -41.650982
v -39.634972 4.283840 -41.650982
v -39.634972 4.435608 -41.650982
v -40.297821 4.435608 -41.650982
v -39.634972 4.283840 -42.203053
v -39.634972 4.435608 -41.650982
v -39.634972 4.283840 -42.203053
v -40.297821 4.283840 -42.203053
v -40.297821 4.435608 -42.203053
v -39.634972 4.435608 -42.203053
v -39.634972 4.283840 -42.203053
v -40.297821 4.283840 -42.203053
v -40.297821 4.283840 -41.650982
v -40.297821 4.435608 -41.650982
f 3330 3331 3332
f 3332 3333 3330
f 3325 3326 3327
f 3327 3328 3329
f 3345 3346 3347
f 3347 3333 3345
f 3328 3338 3332
f 3332 3339 3328
f 3334 3335 3336
f 3336 3337 3334
f 3340 3341 3342
f 3342 3343 3344
v -53.456860 4.131726 -43.359985
v -53.456860 4.131726 -44.023434
v -40.297810 4.131726 -44.023434
v -40.297810 4.131726 -43.359985
v -53.456860 4.131726 -43.359985
v -53.456860 4.284173 -43.359985
v -40.297810 4.284173 -43.359985
v -40.297810 4.284173 -44.023434
v -53.456860 4.284173 -44.023434
v -53.456860 4.131726 -43.359985
v -40.297810 4.131726 -43.359985
v -40.297810 4.284173 -43.359985
v -53.456860 4.284173 -43.359985
v -40.297810 4.131726 -44.023434
v -40.297810 4.284173 -43.359985
v -40.297810 4.131726 -44.023434
v -53.456860 4.131726 -44.023434
v -53.456860 4.284173 -44.023434
v -40.297810 4.284173 -44.023434
v -40.297810 4.131726 -44.023434
v -53.456860 4.131726 -44.023434
v -53.456860 4.131726 -43.359985
v -53.456860 4.284173 -43.359985
f 3353 3354 3355
f 3355 3356 3353
f 3348 3349 3350
f 3350 3351 3352
f 3368 3369 3370
f 3370 3356 3368
f 3351 3361 3355
f 3355 3362 3351
f 3357 3358 3359
f 3359 3360 3357
f 3363 3364 3365
f 3365 3366 3367
v -42.175709 4.286172 -43.359966
v -42.175709 4.286172 -44.020405
v -40.299679 4.286172 -44.020405
v -40.299679 4.286172 -43.359966
v -42.175709 4.286172 -43.359966
v -42.175709 4.437166 -43.359966
v -40.299679 4.437166 -43.359966
v -40.299679 4.437166 -44.020405
v -42.175709 4.437166 -44.020405
v -42.175709 4.286172 -43.359966
v -40.299679 4.286172 -43.359966
v -40.299679 4.437166 -43.359966
v -42.175709 4.437166 -43.359966
v -40.299679 4.286172 -44.020405
v -40.299679 4.437166 -43.359966
v -40.299679 4.286172 -44.020405
v -42.175709 4.286172 -44.020405
v -42.175709 4.437166 -44.020405
v -40.299679 4.437166 -44.020405
v -40.299679 4.286172 -44.020405
v -42.175709 4.286172 -44.020405
v -42.175709 4.286172 -43.359966
v -42.175709 4.437166 -43.359966
f 3376 3377 3378
f 3378 3379 3376
f 3371 3372 3373
f 3373 3374 3375
f 3391 3392 3393
f 3393 3379 3391
f 3374 3384 3378
f 3378 3385 3374
f 3380 3381 3382
f 3382 3383 3380
f 3386 3387 3388
f 3388 3389 3390
v -43.665432 4.286203 -43.359829
v -43.665432 4.286203 -44.022839
v -42.535721 4.286203 -44.022839
v -42.535721 4.286203 -43.359829
v -43.665432 4.286203 -43.359829
v -43.665432 4.438037 -43.359829
v -42.535721 4.438037 -43.359829
v -42.535721 4.438037 -44.022839
v -43.665432 4.438037 -44.022839
v -43.665432 4.286203 -43.359829
v -42.535721 4.286203 -43.359829
v -42.535721 4.438037 -43.359829
v -43.665432 4.438037 -43.359829
v -42.535721 4.286203 -44.022839
v -42.535721 4.438037 -43.359829
v -42.535721 4.286203 -44.022839
v -43.665432 4.286203 -44.022839
v -43.665432 4.438037 -44.022839
v -42.535721 4.438037 -44.022839
v -42.535721 4.286203 -44.022839
v -43.665432 4.286203 -44.022839
v -43.665432 4.286203 -43.359829
v -43.665432 4.438037 -43.359829
f 3399 3400 3401
f 3401 3402 3399
f 3394 3395 3396
f 3396 3397 3398
f 3414 3415 3416
f 3416 3402 3414
f 3397 3407 3401
f 3401 3408 3397
f 3403 3404 3405
f 3405 3406 3403
f 3409 3410 3411
f 3411 3412 3413
v -46.206867 4.286203 -43.359829
v -46.206867 4.286203 -44.022839
v -45.006435 4.286203 -44.022839
v -45.006435 4.286203 -43.359829
v -46.206867 4.286203 -43.359829
v -46.206867 4.438037 -43.359829
v -45.006435 4.438037 -43.359829
v -45.006435 4.438037 -44.022839
v -46.206867 4.438037 -44.022839
v -46.206867 4.286203 -43.359829
v -45.006435 4.286203 -43.359829
v -45.006435 4.438037 -43.359829
v -46.206867 4.438037 -43.359829
v -45.006435 4.286203 -44.022839
v -45.006435 4.438037 -43.359829
v -45.006435 4.286203 -44.022839
v -46.206867 4.286203 -44.022839
v -46.206867 4.438037 -44.022839
v -45.006435 4.438037 -44.022839
v -45.006435 4.286203 -44.022839
v -46.206867 4.286203 -44.022839
v -46.206867 4.286203 -43.359829
v -46.206867 4.438037 -43.359829
f 3422 3423 3424
f 3424 3425 3422
f 3417 3418 3419
f 3419 3420 3421
f 3437 3438 3439
f 3439 3425 3437
f 3420 3430 3424
f 3424 3431 3420
f 3426 3427 3428
f 3428 3429 3426
f 3432 3433 3434
f 3434 3435 3436
v -47.838982 4.283479 -43.359966
v -47.838982 4.283479 -44.022827
v -46.617992 4.283479 -44.022827
v -46.617992 4.283479 -43.359966
v -47.838982 4.283479 -43.359966
v -47.838982 4.435608 -43.359966
v -46.617992 4.435608 -43.359966
v -46.617992 4.435608 -44.022827
v -47.838982 4.435608 -44.022827
v -47.838982 4.283479 -43.359966
v -46.617992 4.283479 -43.359966
v -46.617992 4.435608 -43.359966
v -47.838982 4.435608 -43.359966
v -46.617992 4.283479 -44.022827
v -46.617992 4.435608 -43.359966
v -46.617992 4.283479 -44.022827
v -47.838982 4.283479 -44.022827
v -47.838982 4.435608 -44.022827
v -46.617992 4.435608 -44.022827
v -46.617992 4.283479 -44.022827
v -47.838982 4.283479 -44.022827
v -47.838982 4.283479 -43.359966
v -47.838982 4.435608 -43.359966
f 3445 3446 3447
f 3447 3448 3445
f 3440 3441 3442
f 3442 3443 3444
f 3460 3461 3462
f 3462 3448 3460
f 3443 3453 3447
f 3447 3454 3443
f 3449 3450 3451
f 3451 3452 3449
f 3455 3456 3457
f 3457 3458 3459
v -51.786224 4.283518 -43.359955
v -51.786224 4.283518 -44.022827
v -48.804390 4.283518 -44.022827
v -48.804390 4.283518 -43.359955
v -51.786224 4.283518 -43.359955
v -51.786224 4.435437 -43.359955
v -48.804390 4.435437 -43.359955
v -48.804390 4.435437 -44.022827
v -51.786224 4.435437 -44.022827
v -51.786224 4.283518 -43.359955
v -48.804390 4.283518 -43.359955
v -48.804390 4.435437 -43.359955
v -51.786224 4.435437 -43.359955
v -48.804390 4.283518 -44.022827
v -48.804390 4.435437 -43.359955
v -48.804390 4.283518 -44.022827
v -51.786224 4.283518 -44.022827
v -51.786224 4.435437 -44.022827
v -48.804390 4.435437 -44.022827
v -48.804390 4.283518 -44.022827
v -51.786224 4.283518 -44.022827
v -51.786224 4.283518 -43.359955
v -51.786224 4.435437 -43.359955
f 3468 3469 3470
f 3470 3471 3468
f 3463 3464 3465
f 3465 3466 3467
f 3483 3484 3485
f 3485 3471 3483
f 3466 3476 3470
f 3470 3477 3466
f 3472 3473 3474
f 3474 3475 3472
f 3478 3479 3480
f 3480 3481 3482
v -53.456829 4.283821 -43.360016
v -53.456829 4.283821 -44.022865
v -52.365143 4.283821 -44.022865
v -52.365143 4.283821 -43.360016
v -53.456829 4.283821 -43.360016
v -53.456829 4.435608 -43.360016
v -52.365143 4.435608 -43.360016
v -52.365143 4.435608 -44.022865
v -53.456829 4.435608 -44.022865
v -53.456829 4.283821 -43.360016
v -52.365143 4.283821 -43.360016
v -52.365143 4.435608 -43.360016
v -53.456829 4.435608 -43.360016
v -52.365143 4.283821 -44.022865
v -52.365143 4.435608 -43.360016
v -52.365143 4.283821 -44.022865
v -53.456829 4.283821 -44.022865
v -53.456829 4.435608 -44.022865
v -52.365143 4.435608 -44.022865
v -52.365143 4.283821 -44.022865
v -53.456829 4.283821 -44.022865
v -53.456829 4.283821 -43.360016
v -53.456829 4.435608 -43.360016
f 3491 3492 3493
f 3493 3494 3491
f 3486 3487 3488
f 3488 3489 3490
f 3506 3507 3508
f 3508 3494 3506
f 3489 3499 3493
f 3493 3500 3489
f 3495 3496 3497
f 3497 3498 3495
f 3501 3502 3503
f 3503 3504 3505
v -53.456806 4.132009 -44.022865
v -53.456806 4.132009 -48.488834
v -52.793983 4.132009 -48.488834
v -52.793983 4.132009 -44.022865
v -53.456806 4.132009 -44.022865
v -53.456806 4.283844 -44.022865
v -52.793983 4.283844 -44.022865
v -52.793983 4.283844 -48.488834
v -53.456806 4.283844 -48.488834
v -53.456806 4.132009 -44.022865
v -52.793983 4.132009 -44.022865
v -52.793983 4.283844 -44.022865
v -53.456806 4.283844 -44.022865
v -52.793983 4.132009 -48.488834
v -52.793983 4.283844 -44.022865
v -52.793983 4.132009 -48.488834
v -53.456806 4.132009 -48.488834
v -53.456806 4.283844 -48.488834
v -52.793983 4.283844 -48.488834
v -52.793983 4.132009 -48.488834
v -53.456806 4.132009 -48.488834
v -53.456806 4.132009 -44.022865
v -53.456806 4.283844 -44.022865
f 3514 3515 3516
f 3516 3517 3514
f 3509 3510 3511
f 3511 3512 3513
f 3529 3530 3531
f 3531 3517 3529
f 3512 3522 3516
f 3516 3523 3512
f 3518 3519 3520
f 3520 3521 3518
f 3524 3525 3526
f 3526 3527 3528
v -53.456856 4.284172 -44.023434
v -53.456856 4.284172 -44.888481
v -52.793983 4.284172 -44.888481
v -52.793983 4.284172 -44.023434
v -53.456856 4.284172 -44.023434
v -53.456856 4.435608 -44.023434
v -52.793983 4.435608 -44.023434
v -52.793983 4.435608 -44.888481
v -53.456856 4.435608 -44.888481
v -53.456856 4.284172 -44.023434
v -52.793983 4.284172 -44.023434
v -52.793983 4.435608 -44.023434
v -53.456856 4.435608 -44.023434
v -52.793983 4.284172 -44.888481
v -52.793983 4.435608 -44.023434
v -52.793983 4.284172 -44.888481
v -53.456856 4.284172 -44.888481
v -53.456856 4.435608 -44.888481
v -52.793983 4.435608 -44.888481
v -52.793983 4.284172 -44.888481
v -53.456856 4.284172 -44.888481
v -53.456856 4.284172 -44.023434
v -53.456856 4.435608 -44.023434
f 3537 3538 3539
f 3539 3540 3537
f 3532 3533 3534
f 3534 3535 3536
f 3552 3553 3554
f 3554 3540 3552
f 3535 3545 3539
f 3539 3546 3535
f 3541 3542 3543
f 3543 3544 3541
f 3547 3548 3549
f 3549 3550 3551
v -53.456829 4.283722 -45.242085
v -53.456829 4.283722 -48.309731
v -52.793953 4.283722 -48.309731
v -52.793953 4.283722 -45.242085
v -53.456829 4.283722 -45.242085
v -53.456829 4.435351 -45.242085
v -52.793953 4.435351 -45.242085
v -52.793953 4.435351 -48.309731
v -53.456829 4.435351 -48.309731
v -53.456829 4.283722 -45.242085
v -52.793953 4.283722 -45.242085
v -52.793953 4.435351 -45.242085
v -53.456829 4.435351 -45.242085
v -52.793953 4.283722 -48.309731
v -52.793953 4.435351 -45.242085
v -52.793953 4.283722 -48.309731
v -53.456829 4.283722 -48.309731
v -53.456829 4.435351 -48.309731
v -52.793953 4.435351 -48.309731
v -52.793953 4.283722 -48.309731
v -53.456829 4.283722 -48.309731
v -53.456829 4.283722 -45.242085
v -53.456829 4.435351 -45.242085
f 3560 3561 3562
f 3562 3563 3560
f 3555 3556 3557
f 3557 3558 3559
f 3575 3576 3577
f 3577 3563 3575
f 3558 3568 3562
f 3562 3569 3558
f 3564 3565 3566
f 3566 3567 3564
f 3570 3571 3572
f 3572 3573 3574
v -53.456848 4.132180 -49.232864
v -53.456848 4.132180 -49.592644
v -52.793934 4.132180 -49.592644
v -52.793934 4.132180 -49.232864
v -53.456848 4.132180 -49.232864
v -53.456848 4.295800 -49.232864
v -52.793934 4.295800 -49.232864
v -52.793934 4.295800 -49.592644
v -53.456848 4.295800 -49.592644
v -53.456848 4.132180 -49.232864
v -52.793934 4.132180 -49.232864
v -52.793934 4.295800 -49.232864
v -53.456848 4.295800 -49.232864
v -52.793934 4.132180 -49.592644
v -52.793934 4.295800 -49.232864
v -52.793934 4.132180 -49.592644
v -53.456848 4.132180 -49.592644
v -53.456848 4.295800 -49.592644
v -52.793934 4.295800 -49.592644
v -52.793934 4.132180 -49.592644
v -53.456848 4.132180 -49.592644
v -53.456848 4.132180 -49.232864
v -53.456848 4.295800 -49.232864
f 3583 3584 3585
f 3585 3586 3583
f 3578 3579 3580
f 3580 3581 3582
f 3598 3599 3600
f 3600 3586 3598
f 3581 3591 3585
f 3585 3592 3581
f 3587 3588 3589
f 3589 3590 3587
f 3593 3594 3595
f 3595 3596 3597
v -53.456844 4.295800 -49.592644
v -53.456844 4.295800 -50.771027
v -52.793983 4.295800 -50.771027
v -52.793983 4.295800 -49.592644
v -53.456844 4.295800 -49.592644
v -53.456844 4.587221 -49.592644
v -52.793983 4.587221 -49.592644
v -52.793983 4.587221 -50.771027
v -53.456844 4.587221 -50.771027
v -53.456844 4.295800 -49.592644
v -52.793983 4.295800 -49.592644
v -52.793983 4.587221 -49.592644
v -53.456844 4.587221 -49.592644
v -52.793983 4.295800 -50.771027
v -52.793983 4.587221 -49.592644
v -52.793983 4.295800 -50.771027
v -53.456844 4.295800 -50.771027
v -53.456844 4.587221 -50.771027
v -52.793983 4.587221 -50.771027
v -52.793983 4.295800 -50.771027
v -53.456844 4.295800 -50.771027
v -53.456844 4.295800 -49.592644
v -53.456844 4.587221 -49.592644
f 3606 3607 3608
f 3608 3609 3606
f 3601 3602 3603
f 3603 3604 3605
f 3621 3622 3623
f 3623 3609 3621
f 3604 3614 3608
f 3608 3615 3604
f 3610 3611 3612
f 3612 3613 3610
f 3616 3617 3618
f 3618 3619 3620
v -26.980497 4.131710 -50.973404
v -26.980497 4.131710 -52.275181
v -26.317621 4.131710 -52.275181
v -26.317621 4.131710 -50.973404
v -26.980497 4.131710 -50.973404
v -26.980497 4.284171 -50.973404
v -26.317621 4.284171 -50.973404
v -26.317621 4.284171 -52.275181
v -26.980497 4.284171 -52.275181
v -26.980497 4.131710 -50.973404
v -26.317621 4.131710 -50.973404
v -26.317621 4.284171 -50.973404
v -26.980497 4.284171 -50.973404
v -26.317621 4.131710 -52.275181
v -26.317621 4.284171 -50.973404
v -26.317621 4.131710 -52.275181
v -26.980497 4.131710 -52.275181
v -26.980497 4.284171 -52.275181
v -26.317621 4.284171 -52.275181
v -26.317621 4.131710 -52.275181
v -26.980497 4.131710 -52.275181
v -26.980497 4.131710 -50.973404
v -26.980497 4.284171 -50.973404
f 3629 3630 3631
f 3631 3632 3629
f 3624 3625 3626
f 3626 3627 3628
f 3644 3645 3646
f 3646 3632 3644
f 3627 3637 3631
f 3631 3638 3627
f 3633 3634 3635
f 3635 3636 3633
f 3639 3640 3641
f 3641 3642 3643
v -26.980497 4.131725 -54.642075
v -26.980497 4.131725 -62.135689
v -26.318159 4.131725 -62.135689
v -26.318159 4.131725 -54.642075
v -26.980497 4.131725 -54.642075
v -26.980497 4.284201 -54.642075
v -26.318159 4.284201 -54.642075
v -26.318159 4.284201 -62.135689
v -26.980497 4.284201 -62.135689
v -26.980497 4.131725 -54.642075
v -26.318159 4.131725 -54.642075
v -26.318159 4.284201 -54.642075
v -26.980497 4.284201 -54.642075
v -26.318159 4.131725 -62.135689
v -26.318159 4.284201 -54.642075
v -26.318159 4.131725 -62.135689
v -26.980497 4.131725 -62.135689
v -26.980497 4.284201 -62.135689
v -26.318159 4.284201 -62.135689
v -26.318159 4.131725 -62.135689
v -26.980497 4.131725 -62.135689
v -26.980497 4.131725 -54.642075
v -26.980497 4.284201 -54.642075
f 3652 3653 3654
f 3654 3655 3652
f 3647 3648 3649
f 3649 3650 3651
f 3667 3668 3669
f 3669 3655 3667
f 3650 3660 3654
f 3654 3661 3650
f 3656 3657 3658
f 3658 3659 3656
f 3662 3663 3664
f 3664 3665 3666
v -26.981016 4.283517 -54.922028
v -26.981016 4.283517 -58.008923
v -26.318140 4.283517 -58.008923
v -26.318140 4.283517 -54.922028
v -26.981016 4.283517 -54.922028
v -26.981016 4.435436 -54.922028
v -26.318140 4.435436 -54.922028
v -26.318140 4.435436 -58.008923
v -26.981016 4.435436 -58.008923
v -26.981016 4.283517 -54.922028
v -26.318140 4.283517 -54.922028
v -26.318140 4.435436 -54.922028
v -26.981016 4.435436 -54.922028
v -26.318140 4.283517 -58.008923
v -26.318140 4.435436 -54.922028
v -26.318140 4.283517 -58.008923
v -26.981016 4.283517 -58.008923
v -26.981016 4.435436 -58.008923
v -26.318140 4.435436 -58.008923
v -26.318140 4.283517 -58.008923
v -26.981016 4.283517 -58.008923
v -26.981016 4.283517 -54.922028
v -26.981016 4.435436 -54.922028
f 3675 3676 3677
f 3677 3678 3675
f 3670 3671 3672
f 3672 3673 3674
f 3690 3691 3692
f 3692 3678 3690
f 3673 3683 3677
f 3677 3684 3673
f 3679 3680 3681
f 3681 3682 3679
f 3685 3686 3687
f 3687 3688 3689
v -26.981016 4.283478 -59.123951
v -26.981016 4.283478 -60.298630
v -26.318150 4.283478 -60.298630
v -26.318150 4.283478 -59.123951
v -26.981016 4.283478 -59.123951
v -26.981016 4.435607 -59.123951
v -26.318150 4.435607 -59.123951
v -26.318150 4.435607 -60.298630
v -26.981016 4.435607 -60.298630
v -26.981016 4.283478 -59.123951
v -26.318150 4.283478 -59.123951
v -26.318150 4.435607 -59.123951
v -26.981016 4.435607 -59.123951
v -26.318150 4.283478 -60.298630
v -26.318150 4.435607 -59.123951
v -26.318150 4.283478 -60.298630
v -26.981016 4.283478 -60.298630
v -26.981016 4.435607 -60.298630
v -26.318150 4.435607 -60.298630
v -26.318150 4.283478 -60.298630
v -26.981016 4.283478 -60.298630
v -26.981016 4.283478 -59.123951
v -26.981016 4.435607 -59.123951
f 3698 3699 3700
f 3700 3701 3698
f 3693 3694 3695
f 3695 3696 3697
f 3713 3714 3715
f 3715 3701 3713
f 3696 3706 3700
f 3700 3707 3696
f 3702 3703 3704
f 3704 3705 3702
f 3708 3709 3710
f 3710 3711 3712
v -26.981035 4.283329 -60.606430
v -26.981035 4.283329 -61.470482
v -26.318144 4.283329 -61.470482
v -26.318144 4.283329 -60.606430
v -26.981035 4.283329 -60.606430
v -26.981035 4.435471 -60.606430
v -26.318144 4.435471 -60.606430
v -26.318144 4.435471 -61.470482
v -26.981035 4.435471 -61.470482
v -26.981035 4.283329 -60.606430
v -26.318144 4.283329 -60.606430
v -26.318144 4.435471 -60.606430
v -26.981035 4.435471 -60.606430
v -26.318144 4.283329 -61.470482
v -26.318144 4.435471 -60.606430
v -26.318144 4.283329 -61.470482
v -26.981035 4.283329 -61.470482
v -26.981035 4.435471 -61.470482
v -26.318144 4.435471 -61.470482
v -26.318144 4.283329 -61.470482
v -26.981035 4.283329 -61.470482
v -26.981035 4.283329 -60.606430
v -26.981035 4.435471 -60.606430
f 3721 3722 3723
f 3723 3724 3721
f 3716 3717 3718
f 3718 3719 3720
f 3736 3737 3738
f 3738 3724 3736
f 3719 3729 3723
f 3723 3730 3719
f 3725 3726 3727
f 3727 3728 3725
f 3731 3732 3733
f 3733 3734 3735
v -26.981054 4.132331 -65.170525
v -26.981054 4.132331 -67.964256
v -26.318174 4.132331 -67.964256
v -26.318174 4.132331 -65.170525
v -26.981054 4.132331 -65.170525
v -26.981054 4.284170 -65.170525
v -26.318174 4.284170 -65.170525
v -26.318174 4.284170 -67.964256
v -26.981054 4.284170 -67.964256
v -26.981054 4.132331 -65.170525
v -26.318174 4.132331 -65.170525
v -26.318174 4.284170 -65.170525
v -26.981054 4.284170 -65.170525
v -26.318174 4.132331 -67.964256
v -26.318174 4.284170 -65.170525
v -26.318174 4.132331 -67.964256
v -26.981054 4.132331 -67.964256
v -26.981054 4.284170 -67.964256
v -26.318174 4.284170 -67.964256
v -26.318174 4.132331 -67.964256
v -26.981054 4.132331 -67.964256
v -26.981054 4.132331 -65.170525
v -26.981054 4.284170 -65.170525
f 3744 3745 3746
f 3746 3747 3744
f 3739 3740 3741
f 3741 3742 3743
f 3759 3760 3761
f 3761 3747 3759
f 3742 3752 3746
f 3746 3753 3742
f 3748 3749 3750
f 3750 3751 3748
f 3754 3755 3756
f 3756 3757 3758
v -26.981054 4.284167 -66.166237
v -26.981054 4.284167 -67.559715
v -26.318174 4.284167 -67.559715
v -26.318174 4.284167 -66.166237
v -26.981054 4.284167 -66.166237
v -26.981054 4.437297 -66.166237
v -26.318174 4.437297 -66.166237
v -26.318174 4.437297 -67.559715
v -26.981054 4.437297 -67.559715
v -26.981054 4.284167 -66.166237
v -26.318174 4.284167 -66.166237
v -26.318174 4.437297 -66.166237
v -26.981054 4.437297 -66.166237
v -26.318174 4.284167 -67.559715
v -26.318174 4.437297 -66.166237
v -26.318174 4.284167 -67.559715
v -26.981054 4.284167 -67.559715
v -26.981054 4.437297 -67.559715
v -26.318174 4.437297 -67.559715
v -26.318174 4.284167 -67.559715
v -26.981054 4.284167 -67.559715
v -26.981054 4.284167 -66.166237
v -26.981054 4.437297 -66.166237
f 3767 3768 3769
f 3769 3770 3767
f 3762 3763 3764
f 3764 3765 3766
f 3782 3783 3784
f 3784 3770 3782
f 3765 3775 3769
f 3769 3776 3765
f 3771 3772 3773
f 3773 3774 3771
f 3777 3778 3779
f 3779 3780 3781
v -26.981054 4.132542 -69.600838
v -26.981054 4.132542 -70.439865
v -26.318203 4.132542 -70.439865
v -26.318203 4.132542 -69.600838
v -26.981054 4.132542 -69.600838
v -26.981054 4.284167 -69.600838
v -26.318203 4.284167 -69.600838
v -26.318203 4.284167 -70.439865
v -26.981054 4.284167 -70.439865
v -26.981054 4.132542 -69.600838
v -26.318203 4.132542 -69.600838
v -26.318203 4.284167 -69.600838
v -26.981054 4.284167 -69.600838
v -26.318203 4.132542 -70.439865
v -26.318203 4.284167 -69.600838
v -26.318203 4.132542 -70.439865
v -26.981054 4.132542 -70.439865
v -26.981054 4.284167 -70.439865
v -26.318203 4.284167 -70.439865
v -26.318203 4.132542 -70.439865
v -26.981054 4.132542 -70.439865
v -26.981054 4.132542 -69.600838
v -26.981054 4.284167 -69.600838
f 3790 3791 3792
f 3792 3793 3790
f 3785 3786 3787
f 3787 3788 3789
f 3805 3806 3807
f 3807 3793 3805
f 3788 3798 3792
f 3792 3799 3788
f 3794 3795 3796
f 3796 3797 3794
f 3800 3801 3802
f 3802 3803 3804
v -28.859125 4.140898 -69.776985
v -28.859125 4.140898 -70.439865
v -26.952753 4.140898 -70.439865
v -26.952753 4.140898 -69.776985
v -28.859125 4.140898 -69.776985
v -28.859125 4.284167 -69.776985
v -26.952753 4.284167 -69.776985
v -26.952753 4.284167 -70.439865
v -28.859125 4.284167 -70.439865
v -28.859125 4.140898 -69.776985
v -26.952753 4.140898 -69.776985
v -26.952753 4.284167 -69.776985
v -28.859125 4.284167 -69.776985
v -26.952753 4.140898 -70.439865
v -26.952753 4.284167 -69.776985
v -26.952753 4.140898 -70.439865
v -28.859125 4.140898 -70.439865
v -28.859125 4.284167 -70.439865
v -26.952753 4.284167 -70.439865
v -26.952753 4.140898 -70.439865
v -28.859125 4.140898 -70.439865
v -28.859125 4.140898 -69.776985
v -28.859125 4.284167 -69.776985
f 3813 3814 3815
f 3815 3816 3813
f 3808 3809 3810
f 3810 3811 3812
f 3828 3829 3830
f 3830 3816 3828
f 3811 3821 3815
f 3815 3822 3811
f 3817 3818 3819
f 3819 3820 3817
f 3823 3824 3825
f 3825 3826 3827
v -30.133707 4.284167 -69.776985
v -30.133707 4.284167 -70.439865
v -29.182568 4.284167 -70.439865
v -29.182568 4.284167 -69.776985
v -30.133707 4.284167 -69.776985
v -30.133707 4.587917 -69.776985
v -29.182568 4.587917 -69.776985
v -29.182568 4.587917 -70.439865
v -30.133707 4.587917 -70.439865
v -30.133707 4.284167 -69.776985
v -29.182568 4.284167 -69.776985
v -29.182568 4.587917 -69.776985
v -30.133707 4.587917 -69.776985
v -29.182568 4.284167 -70.439865
v -29.182568 4.587917 -69.776985
v -29.182568 4.284167 -70.439865
v -30.133707 4.284167 -70.439865
v -30.133707 4.587917 -70.439865
v -29.182568 4.587917 -70.439865
v -29.182568 4.284167 -70.439865
v -30.133707 4.284167 -70.439865
v -30.133707 4.284167 -69.776985
v -30.133707 4.587917 -69.776985
f 3836 3837 3838
f 3838 3839 3836
f 3831 3832 3833
f 3833 3834 3835
f 3851 3852 3853
f 3853 3839 3851
f 3834 3844 3838
f 3838 3845 3834
f 3840 3841 3842
f 3842 3843 3840
f 3846 3847 3848
f 3848 3849 3850
v -54.592377 3.982891 -43.972733
v -54.592377 3.982891 -70.429695
v -51.652336 3.982891 -70.429695
v -51.652336 3.982891 -43.972733
v -54.592377 3.982891 -43.972733
v -53.456856 4.131726 -43.972733
v -52.793957 4.131726 -43.972733
v -52.793957 4.131726 -70.429695
v -53.456856 4.131726 -70.429695
v -54.592377 3.982891 -43.972733
v -51.652336 3.982891 -43.972733
v -52.793957 4.131726 -43.972733
v -53.456856 4.131726 -43.972733
v -51.652336 3.982891 -70.429695
v -52.793957 4.131726 -43.972733
v -51.652336 3.982891 -70.429695
v -54.592377 3.982891 -70.429695
v -53.456856 4.131726 -70.429695
v -52.793957 4.131726 -70.429695
v -54.592377 3.982891 -70.429695
v -54.592377 3.982891 -43.972733
v -53.456856 4.131726 -43.972733
f 3859 3860 3861
f 3861 3862 3859
f 3854 3855 3856
f 3856 3857 3858
f 3873 3874 3875
f 3875 3862 3873
f 3857 3867 3861
f 3861 3868 3857
f 3863 3864 3865
f 3865 3866 3863
f 3869 3870 3871
f 3871 3872 3869
v -40.297821 3.982891 -42.224495
v -53.463669 3.982891 -42.224495
v -53.463669 3.982891 -45.164532
v -40.297821 3.982891 -45.164532
v -40.297821 3.982891 -42.224495
v -40.297821 4.131726 -43.360016
v -40.297821 4.131726 -44.022915
v -53.463669 4.131726 -44.022915
v -53.463669 4.131726 -43.360016
v -40.297821 3.982891 -42.224495
v -40.297821 3.982891 -45.164532
v -40.297821 4.131726 -44.022915
v -40.297821 4.131726 -43.360016
v -53.463669 3.982891 -45.164532
v -53.463669 4.131726 -44.022915
v -40.297821 4.131726 -44.022915
v -53.463669 3.982891 -45.164532
v -53.463669 3.982891 -42.224495
v -53.463669 4.131726 -43.360016
v -53.463669 4.131726 -44.022915
v -53.463669 3.982891 -42.224495
v -40.297821 3.982891 -42.224495
v -40.297821 4.131726 -43.360016
f 3881 3882 3883
f 3883 3884 3881
f 3876 3877 3878
f 3878 3879 3880
f 3896 3897 3898
f 3898 3884 3896
f 3879 3889 3890
f 3890 3891 3879
f 3885 3886 3887
f 3887 3888 3885
f 3892 3893 3894
f 3894 3895 3892
v -41.433346 3.982891 -16.548546
v -41.433346 3.982891 -50.951729
v -38.493309 3.982891 -50.951729
v -38.493305 3.982891 -16.548546
v -41.433346 3.982891 -16.548546
v -40.297821 4.131726 -16.548546
v -39.634922 4.131726 -16.548546
v -39.634926 4.131726 -50.951729
v -40.297825 4.131726 -50.951729
v -41.433346 3.982891 -16.548546
v -38.493305 3.982891 -16.548546
v -39.634922 4.131726 -16.548546
v -40.297821 4.131726 -16.548546
v -38.493309 3.982891 -50.951729
v -39.634926 4.131726 -50.951729
v -39.634922 4.131726 -16.548546
v -38.493309 3.982891 -50.951729
v -41.433346 3.982891 -50.951729
v -40.297825 4.131726 -50.951729
v -39.634926 4.131726 -50.951729
v -41.433346 3.982891 -50.951729
v -41.433346 3.982891 -16.548546
v -40.297821 4.131726 -16.548546
f 3904 3905 3906
f 3906 3907 3904
f 3899 3900 3901
f 3901 3902 3903
f 3919 3920 3921
f 3921 3907 3919
f 3902 3912 3913
f 3913 3914 3902
f 3908 3909 3910
f 3910 3911 3908
f 3915 3916 3917
f 3917 3918 3915
v -0.331655 3.982891 -49.180256
v -39.850552 3.982891 -49.180256
v -39.850552 3.982891 -52.120293
v -0.331655 3.982891 -52.120293
v -0.331655 3.982891 -49.180256
v -0.331655 4.131726 -50.315777
v -0.331655 4.131726 -50.978676
v -39.850552 4.131726 -50.978676
v -39.850552 4.131726 -50.315777
v -0.331655 3.982891 -49.180256
v -0.331655 3.982891 -52.120293
v -0.331655 4.131726 -50.978676
v -0.331655 4.131726 -50.315777
v -39.850552 3.982891 -52.120293
v -0.331655 4.131726 -50.978676
v -39.850552 3.982891 -52.120293
v -39.850552 3.982891 -49.180256
v -39.850552 4.131726 -50.315777
v -39.850552 4.131726 -50.978676
v -39.850552 3.982891 -49.180256
v -0.331655 3.982891 -49.180256
v -0.331655 4.131726 -50.315777
f 3927 3928 3929
f 3929 3930 3927
f 3922 3923 3924
f 3924 3925 3926
f 3941 3942 3943
f 3943 3930 3941
f 3925 3935 3929
f 3929 3936 3925
f 3931 3932 3933
f 3933 3934 3931
f 3937 3938 3939
f 3939 3940 3937
v -28.116623 3.982891 -50.650440
v -28.116623 3.982891 -70.057922
v -25.176586 3.982891 -70.057922
v -25.176586 3.982891 -50.650440
v -28.116623 3.982891 -50.650440
v -26.981102 4.131726 -50.650440
v -26.318203 4.131726 -50.650440
v -26.318203 4.131726 -70.057922
v -26.981102 4.131726 -70.057922
v -28.116623 3.982891 -50.650440
v -25.176586 3.982891 -50.650440
v -26.318203 4.131726 -50.650440
v -26.981102 4.131726 -50.650440
v -25.176586 3.982891 -70.057922
v -26.318203 4.131726 -70.057922
v -26.318203 4.131726 -50.650440
v -25.176586 3.982891 -70.057922
v -28.116623 3.982891 -70.057922
v -26.981102 4.131726 -70.057922
v -26.318203 4.131726 -70.057922
v -28.116623 3.982891 -70.057922
v -28.116623 3.982891 -50.650440
v -26.981102 4.131726 -50.650440
f 3949 3950 3951
f 3951 3952 3949
f 3944 3945 3946
f 3946 3947 3948
f 3964 3965 3966
f 3966 3952 3964
f 3947 3957 3958
f 3958 3959 3947
f 3953 3954 3955
f 3955 3956 3953
f 3960 3961 3962
f 3962 3963 3960
v -24.935696 3.982891 -17.915949
v -24.935696 3.982891 -50.224472
v -21.995659 3.982891 -50.224472
v -21.995657 3.982891 -17.915949
v -24.935696 3.982891 -17.915949
v -23.800175 4.131726 -17.915949
v -23.137276 4.131726 -17.915949
v -23.137276 4.131726 -50.224472
v -23.800175 4.131726 -50.224472
v -24.935696 3.982891 -17.915949
v -21.995657 3.982891 -17.915949
v -23.137276 4.131726 -17.915949
v -23.800175 4.131726 -17.915949
v -21.995659 3.982891 -50.224472
v -23.137276 4.131726 -50.224472
v -23.137276 4.131726 -17.915949
v -21.995659 3.982891 -50.224472
v -24.935696 3.982891 -50.224472
v -23.800175 4.131726 -50.224472
v -23.137276 4.131726 -50.224472
v -24.935696 3.982891 -50.224472
v -24.935696 3.982891 -17.915949
v -23.800175 4.131726 -17.915949
f 3972 3973 3974
f 3974 3975 3972
f 3967 3968 3969
f 3969 3970 3971
f 3987 3988 3989
f 3989 3975 3987
f 3970 3980 3981
f 3981 3982 3970
f 3976 3977 3978
f 3978 3979 3976
f 3983 3984 3985
f 3985 3986 3983
v -0.331655 3.982891 -16.275471
v -39.850552 3.982891 -16.275469
v -39.850552 3.982891 -19.215508
v -0.331655 3.982891 -19.215508
v -0.331655 3.982891 -16.275471
v -0.331655 4.131726 -17.410992
v -0.331655 4.131726 -18.073891
v -39.850552 4.131726 -18.073891
v -39.850552 4.131726 -17.410990
v -0.331655 3.982891 -16.275471
v -0.331655 3.982891 -19.215508
v -0.331655 4.131726 -18.073891
v -0.331655 4.131726 -17.410992
v -39.850552 3.982891 -19.215508
v -0.331655 4.131726 -18.073891
v -39.850552 3.982891 -19.215508
v -39.850552 3.982891 -16.275469
v -39.850552 4.131726 -17.410990
v -39.850552 4.131726 -18.073891
v -39.850552 3.982891 -16.275469
v -0.331655 3.982891 -16.275471
v -0.331655 4.131726 -17.410992
f 3995 3996 3997
f 3997 3998 3995
f 3990 3991 3992
f 3992 3993 3994
f 4009 4010 4011
f 4011 3998 4009
f 3993 4003 3997
f 3997 4004 3993
f 3999 4000 4001
f 4001 4002 3999
f 4005 4006 4007
f 4007 4008 4005
v -2.186877 3.982891 -17.915949
v -2.186878 3.982891 -50.224472
v 0.753159 3.982891 -50.224472
v 0.753160 3.982891 -17.915949
v -2.186877 3.982891 -17.915949
v -1.051356 4.131726 -17.915949
v -0.388457 4.131726 -17.915949
v -0.388458 4.131726 -50.224472
v -1.051357 4.131726 -50.224472
v -2.186877 3.982891 -17.915949
v 0.753160 3.982891 -17.915949
v -0.388457 4.131726 -17.915949
v -1.051356 4.131726 -17.915949
v 0.753159 3.982891 -50.224472
v -0.388458 4.131726 -50.224472
v -0.388457 4.131726 -17.915949
v 0.753159 3.982891 -50.224472
v -2.186878 3.982891 -50.224472
v -1.051357 4.131726 -50.224472
v -0.388458 4.131726 -50.224472
v -2.186878 3.982891 -50.224472
v -2.186877 3.982891 -17.915949
v -1.051356 4.131726 -17.915949
f 4017 4018 4019
f 4019 4020 4017
f 4012 4013 4014
f 4014 4015 4016
f 4032 4033 4034
f 4034 4020 4032
f 4015 4025 4026
f 4026 4027 4015
f 4021 4022 4023
f 4023 4024 4021
f 4028 4029 4030
f 4030 4031 4028
v -26.337584 3.982891 -68.641449
v -53.496323 3.982891 -68.641449
v -53.496323 3.982891 -71.581482
v -26.337584 3.982891 -71.581490
v -26.337584 3.982891 -68.641449
v -26.337584 4.131726 -69.776970
v -26.337584 4.131726 -70.439865
v -53.496323 4.131726 -70.439865
v -53.496323 4.131726 -69.776970
v -26.337584 3.982891 -68.641449
v -26.337584 3.982891 -71.581490
v -26.337584 4.131726 -70.439865
v -26.337584 4.131726 -69.776970
v -53.496323 3.982891 -71.581482
v -26.337584 4.131726 -70.439865
v -53.496323 3.982891 -71.581482
v -53.496323 3.982891 -68.641449
v -53.496323 4.131726 -69.776970
v -53.496323 4.131726 -70.439865
v -53.496323 3.982891 -68.641449
v -26.337584 3.982891 -68.641449
v -26.337584 4.131726 -69.776970
f 4040 4041 4042
f 4042 4043 4040
f 4035 4036 4037
f 4037 4038 4039
f 4054 4055 4056
f 4056 4043 4054
f 4038 4048 4042
f 4042 4049 4038
f 4044 4045 4046
f 4046 4047 4044
f 4050 4051 4052
f 4052 4053 4050
v 15.654205 -0.107016 -28.268972
v 15.654205 -0.107016 -40.221718
v 21.332148 -1.604794 -40.221718
v 21.332148 -1.604794 -28.268972
v 15.654205 -0.107016 -28.268972
v 16.023882 1.294395 -28.268972
v 21.701824 -0.203383 -28.268972
v 21.701824 -0.203383 -40.221718
v 16.023882 1.294395 -40.221718
v 15.654205 -0.107016 -28.268972
v 21.332148 -1.604794 -28.268972
v 21.701824 -0.203383 -28.268972
v 16.023882 1.294395 -28.268972
v 21.332148 -1.604794 -40.221718
v 21.701824 -0.203383 -28.268972
v 21.332148 -1.604794 -40.221718
v 15.654205 -0.107016 -40.221718
v 16.023882 1.294395 -40.221718
v 21.701824 -0.203383 -40.221718
v 21.332148 -1.604794 -40.221718
v 15.654205 -0.107016 -40.221718
v 15.654205 -0.107016 -28.268972
v 16.023882 1.294395 -28.268972
f 4062 4063 4064
f 4064 4065 4062
f 4057 4058 4059
f 4059 4060 4061
f 4077 4078 4079
f 4079 4065 4077
f 4060 4070 4064
f 4064 4071 4060
f 4066 4067 4068
f 4068 4069 4066
f 4072 4073 4074
f 4074 4075 4076
v -11.036088 -0.107016 -66.780045
v -22.988832 -0.107016 -66.780045
v -22.988832 -1.604794 -72.457993
v -11.036088 -1.604794 -72.457993
v -11.036088 -0.107016 -66.780045
v -11.036088 1.294395 -67.149727
v -11.036088 -0.203383 -72.827667
v -22.988832 -0.203383 -72.827667
v -22.988832 1.294395 -67.149727
v -11.036088 -0.107016 -66.780045
v -11.036088 -1.604794 -72.457993
v -11.036088 -0.203383 -72.827667
v -11.036088 1.294395 -67.149727
v -22.988832 -1.604794 -72.457993
v -11.036088 -0.203383 -72.827667
v -22.988832 -1.604794 -72.457993
v -22.988832 -0.107016 -66.780045
v -22.988832 1.294395 -67.149727
v -22.988832 -0.203383 -72.827667
v -22.988832 -1.604794 -72.457993
v -22.988832 -0.107016 -66.780045
v -11.036088 -0.107016 -66.780045
v -11.036088 1.294395 -67.149727
f 4085 4086 4087
f 4087 4088 4085
f 4080 4081 4082
f 4082 4083 4084
f 4100 4101 4102
f 4102 4088 4100
f 4083 4093 4087
f 4087 4094 4083
f 4089 4090 4091
f 4091 4092 4089
f 4095 4096 4097
f 4097 4098 4099
v -49.815899 -0.107016 -40.013016
v -49.815899 -0.107016 -28.060270
v -55.493839 -1.604794 -28.060270
v -55.493839 -1.604794 -40.013016
v -49.815899 -0.107016 -40.013016
v -50.185574 1.294395 -40.013016
v -55.863518 -0.203383 -40.013016
v -55.863514 -0.203383 -28.060270
v -50.185574 1.294395 -28.060270
v -49.815899 -0.107016 -40.013016
v -55.493839 -1.604794 -40.013016
v -55.863518 -0.203383 -40.013016
v -50.185574 1.294395 -40.013016
v -55.493839 -1.604794 -28.060270
v -55.863518 -0.203383 -40.013016
v -55.493839 -1.604794 -28.060270
v -49.815899 -0.107016 -28.060270
v -50.185574 1.294395 -28.060270
v -55.863514 -0.203383 -28.060270
v -55.493839 -1.604794 -28.060270
v -49.815899 -0.107016 -28.060270
v -49.815899 -0.107016 -40.013016
v -50.185574 1.294395 -40.013016
f 4108 4109 4110
f 4110 4111 4108
f 4103 4104 4105
f 4105 4106 4107
f 4123 4124 4125
f 4125 4111 4123
f 4106 4116 4110
f 4110 4117 4106
f 4112 4113 4114
f 4114 4115 4112
f 4118 4119 4120
f 4120 4121 4122
v -23.203152 -0.107016 -1.370595
v -11.250408 -0.107016 -1.370595
v -11.250407 -1.604794 4.307346
v -23.203152 -1.604794 4.307346
v -23.203152 -0.107016 -1.370595
v -23.203152 1.294395 -1.000919
v -23.203152 -0.203383 4.677023
v -11.250407 -0.203383 4.677022
v -11.250408 1.294395 -1.000919
v -23.203152 -0.107016 -1.370595
v -23.203152 -1.604794 4.307346
v -23.203152 -0.203383 4.677023
v -23.203152 1.294395 -1.000919
v -11.250407 -1.604794 4.307346
v -23.203152 -0.203383 4.677023
v -11.250407 -1.604794 4.307346
v -11.250408 -0.107016 -1.370595
v -11.250408 1.294395 -1.000919
v -11.250407 -0.203383 4.677022
v -11.250407 -1.604794 4.307346
v -11.250408 -0.107016 -1.370595
v -23.203152 -0.107016 -1.370595
v -23.203152 1.294395 -1.000919
f 4131 4132 4133
f 4133 4134 4131
f 4126 4127 4128
f 4128 4129 4130
f 4146 4147 4148
f 4148 4134 4146
f 4129 4139 4133
f 4133 4140 4129
f 4135 4136 4137
f 4137 4138 4135
f 4141 4142 4143
f 4143 4144 4145
v 40.974380 -0.000003 37.910587
v 40.974380 -0.000003 23.947136
v 41.803177 -0.000003 23.947136
v 41.803177 -0.000003 37.910587
v 40.974380 -0.000003 37.910587
v 40.974380 0.195429 37.910587
v 41.803177 0.195429 37.910587
v 41.803177 0.195429 23.947136
v 40.974380 0.195429 23.947136
v 40.974380 -0.000003 37.910587
v 41.803177 -0.000003 37.910587
v 41.803177 0.195429 37.910587
v 40.974380 0.195429 37.910587
v 41.803177 -0.000003 23.947136
v 41.803177 0.195429 37.910587
v 41.803177 -0.000003 23.947136
v 40.974380 -0.000003 23.947136
v 40.974380 0.195429 23.947136
v 41.803177 0.195429 23.947136
v 41.803177 -0.000003 23.947136
v 40.974380 -0.000003 23.947136
v 40.974380 -0.000003 37.910587
v 40.974380 0.195429 37.910587
f 4154 4155 4156
f 4156 4157 4154
f 4149 4150 4151
f 4151 4152 4153
f 4169 4170 4171
f 4171 4157 4169
f 4152 4162 4156
f 4156 4163 4152
f 4158 4159 4160
f 4160 4161 4158
f 4164 4165 4166
f 4166 4167 4168
v 41.759289 -0.000003 24.791275
v 41.759289 -0.000003 23.962465
v 55.045044 -0.000003 23.962465
v 55.045044 -0.000003 24.791275
v 41.759289 -0.000003 24.791275
v 41.759289 0.195429 24.791275
v 55.045044 0.195429 24.791275
v 55.045044 0.195429 23.962465
v 41.759289 0.195429 23.962465
v 41.759289 -0.000003 24.791275
v 55.045044 -0.000003 24.791275
v 55.045044 0.195429 24.791275
v 41.759289 0.195429 24.791275
v 55.045044 -0.000003 23.962465
v 55.045044 0.195429 24.791275
v 55.045044 -0.000003 23.962465
v 41.759289 -0.000003 23.962465
v 41.759289 0.195429 23.962465
v 55.045044 0.195429 23.962465
v 55.045044 -0.000003 23.962465
v 41.759289 -0.000003 23.962465
v 41.759289 -0.000003 24.791275
v 41.759289 0.195429 24.791275
f 4177 4178 4179
f 4179 4180 4177
f 4172 4173 4174
f 4174 4175 4176
f 4192 4193 4194
f 4194 4180 4192
f 4175 4185 4179
f 4179 4186 4175
f 4181 4182 4183
f 4183 4184 4181
f 4187 4188 4189
f 4189 4190 4191
v 54.216244 -0.000003 37.116699
v 54.216244 -0.000003 23.962486
v 55.045044 -0.000003 23.962486
v 55.045044 -0.000003 37.116699
v 54.216244 -0.000003 37.116699
v 54.216244 0.195429 37.116699
v 55.045044 0.195429 37.116699
v 55.045044 0.195429 23.962486
v 54.216244 0.195429 23.962486
v 54.216244 -0.000003 37.116699
v 55.045044 -0.000003 37.116699
v 55.045044 0.195429 37.116699
v 54.216244 0.195429 37.116699
v 55.045044 -0.000003 23.962486
v 55.045044 0.195429 37.116699
v 55.045044 -0.000003 23.962486
v 54.216244 -0.000003 23.962486
v 54.216244 0.195429 23.962486
v 55.045044 0.195429 23.962486
v 55.045044 -0.000003 23.962486
v 54.216244 -0.000003 23.962486
v 54.216244 -0.000003 37.116699
v 54.216244 0.195429 37.116699
f 4200 4201 4202
f 4202 4203 4200
f 4195 4196 4197
f 4197 4198 4199
f 4215 4216 4217
f 4217 4203 4215
f 4198 4208 4202
f 4202 4209 4198
f 4204 4205 4206
f 4206 4207 4204
f 4210 4211 4212
f 4212 4213 4214
v 40.963482 -0.000003 38.033138
v 40.963482 -0.000003 37.204330
v 55.065178 -0.000003 37.204330
v 55.065178 -0.000003 38.033138
v 40.963482 -0.000003 38.033138
v 40.963482 0.195429 38.033138
v 55.065178 0.195429 38.033138
v 55.065178 0.195429 37.204330
v 40.963482 0.195429 37.204330
v 40.963482 -0.000003 38.033138
v 55.065178 -0.000003 38.033138
v 55.065178 0.195429 38.033138
v 40.963482 0.195429 38.033138
v 55.065178 -0.000003 37.204330
v 55.065178 0.195429 38.033138
v 55.065178 -0.000003 37.204330
v 40.963482 -0.000003 37.204330
v 40.963482 0.195429 37.204330
v 55.065178 0.195429 37.204330
v 55.065178 -0.000003 37.204330
v 40.963482 -0.000003 37.204330
v 40.963482 -0.000003 38.033138
v 40.963482 0.195429 38.033138
f 4223 4224 4225
f 4225 4226 4223
f 4218 4219 4220
f 4220 4221 4222
f 4238 4239 4240
f 4240 4226 4238
f 4221 4231 4225
f 4225 4232 4221
f 4227 4228 4229
f 4229 4230 4227
f 4233 4234 4235
f 4235 4236 4237
v -75.783737 -0.000003 37.116699
v -75.783737 -0.000003 23.962486
v -74.954941 -0.000003 23.962486
v -74.954941 -0.000003 37.116699
v -75.783737 -0.000003 37.116699
v -75.783737 0.195429 37.116699
v -74.954941 0.195429 37.116699
v -74.954941 0.195429 23.962486
v -75.783737 0.195429 23.962486
v -75.783737 -0.000003 37.116699
v -74.954941 -0.000003 37.116699
v -74.954941 0.195429 37.116699
v -75.783737 0.195429 37.116699
v -74.954941 -0.000003 23.962486
v -74.954941 0.195429 37.116699
v -74.954941 -0.000003 23.962486
v -75.783737 -0.000003 23.962486
v -75.783737 0.195429 23.962486
v -74.954941 0.195429 23.962486
v -74.954941 -0.000003 23.962486
v -75.783737 -0.000003 23.962486
v -75.783737 -0.000003 37.116699
v -75.783737 0.195429 37.116699
f 4246 4247 4248
f 4248 4249 4246
f 4241 4242 4243
f 4243 4244 4245
f 4261 4262 4263
f 4263 4249 4261
f 4244 4254 4248
f 4248 4255 4244
f 4250 4251 4252
f 4252 4253 4250
f 4256 4257 4258
f 4258 4259 4260
v -89.036514 -0.000003 38.033138
v -89.036514 -0.000003 37.204330
v -74.934814 -0.000003 37.204330
v -74.934814 -0.000003 38.033138
v -89.036514 -0.000003 38.033138
v -89.036514 0.195429 38.033138
v -74.934814 0.195429 38.033138
v -74.934814 0.195429 37.204330
v -89.036514 0.195429 37.204330
v -89.036514 -0.000003 38.033138
v -74.934814 -0.000003 38.033138
v -74.934814 0.195429 38.033138
v -89.036514 0.195429 38.033138
v -74.934814 -0.000003 37.204330
v -74.934814 0.195429 38.033138
v -74.934814 -0.000003 37.204330
v -89.036514 -0.000003 37.204330
v -89.036514 0.195429 37.204330
v -74.934814 0.195429 37.204330
v -74.934814 -0.000003 37.204330
v -89.036514 -0.000003 37.204330
v -89.036514 -0.000003 38.033138
v -89.036514 0.195429 38.033138
f 4269 4270 4271
f 4271 4272 4269
f 4264 4265 4266
f 4266 4267 4268
f 4284 4285 4286
f 4286 4272 4284
f 4267 4277 4271
f 4271 4278 4267
f 4273 4274 4275
f 4275 4276 4273
f 4279 4280 4281
f 4281 4282 4283
v -89.025612 -0.000003 37.910587
v -89.025612 -0.000003 23.947136
v -88.196808 -0.000003 23.947136
v -88.196808 -0.000003 37.910587
v -89.025612 -0.000003 37.910587
v -89.025612 0.195429 37.910587
v -88.196808 0.195429 37.910587
v -88.196808 0.195429 23.947136
v -89.025612 0.195429 23.947136
v -89.025612 -0.000003 37.910587
v -88.196808 -0.000003 37.910587
v -88.196808 0.195429 37.910587
v -89.025612 0.195429 37.910587
v -88.196808 -0.000003 23.947136
v -88.196808 0.195429 37.910587
v -88.196808 -0.000003 23.947136
v -89.025612 -0.000003 23.947136
v -89.025612 0.195429 23.947136
v -88.196808 0.195429 23.947136
v -88.196808 -0.000003 23.947136
v -89.025612 -0.000003 23.947136
v -89.025612 -0.000003 37.910587
v -89.025612 0.195429 37.910587
f 4292 4293 4294
f 4294 4295 4292
f 4287 4288 4289
f 4289 4290 4291
f 4307 4308 4309
f 4309 4295 4307
f 4290 4300 4294
f 4294 4301 4290
f 4296 4297 4298
f 4298 4299 4296
f 4302 4303 4304
f 4304 4305 4306
v -88.240700 -0.000003 24.791275
v -88.240700 -0.000003 23.962465
v -74.954941 -0.000003 23.962465
v -74.954941 -0.000003 24.791275
v -88.240700 -0.000003 24.791275
v -88.240700 0.195429 24.791275
v -74.954941 0.195429 24.791275
v -74.954941 0.195429 23.962465
v -88.240700 0.195429 23.962465
v -88.240700 -0.000003 24.791275
v -74.954941 -0.000003 24.791275
v -74.954941 0.195429 24.791275
v -88.240700 0.195429 24.791275
v -74.954941 -0.000003 23.962465
v -74.954941 0.195429 24.791275
v -74.954941 -0.000003 23.962465
v -88.240700 -0.000003 23.962465
v -88.240700 0.195429 23.962465
v -74.954941 0.195429 23.962465
v -74.954941 -0.000003 23.962465
v -88.240700 -0.000003 23.962465
v -88.240700 -0.000003 24.791275
v -88.240700 0.195429 24.791275
f 4315 4316 4317
f 4317 4318 4315
f 4310 4311 4312
f 4312 4313 4314
f 4330 4331 4332
f 4332 4318 4330
f 4313 4323 4317
f 4317 4324 4313
f 4319 4320 4321
f 4321 4322 4319
f 4325 4326 4327
f 4327 4328 4329
v -75.783737 -0.000003 -92.883270
v -75.783737 -0.000003 -106.037491
v -74.954941 -0.000003 -106.037491
v -74.954941 -0.000003 -92.883270
v -75.783737 -0.000003 -92.883270
v -75.783737 0.195429 -92.883270
v -74.954941 0.195429 -92.883270
v -74.954941 0.195429 -106.037491
v -75.783737 0.195429 -106.037491
v -75.783737 -0.000003 -92.883270
v -74.954941 -0.000003 -92.883270
v -74.954941 0.195429 -92.883270
v -75.783737 0.195429 -92.883270
v -74.954941 -0.000003 -106.037491
v -74.954941 0.195429 -92.883270
v -74.954941 -0.000003 -106.037491
v -75.783737 -0.000003 -106.037491
v -75.783737 0.195429 -106.037491
v -74.954941 0.195429 -106.037491
v -74.954941 -0.000003 -106.037491
v -75.783737 -0.000003 -106.037491
v -75.783737 -0.000003 -92.883270
v -75.783737 0.195429 -92.883270
f 4338 4339 4340
f 4340 4341 4338
f 4333 4334 4335
f 4335 4336 4337
f 4353 4354 4355
f 4355 4341 4353
f 4336 4346 4340
f 4340 4347 4336
f 4342 4343 4344
f 4344 4345 4342
f 4348 4349 4350
f 4350 4351 4352
v -89.036514 -0.000003 -91.966835
v -89.036514 -0.000003 -92.795647
v -74.934814 -0.000003 -92.795647
v -74.934814 -0.000003 -91.966835
v -89.036514 -0.000003 -91.966835
v -89.036514 0.195429 -91.966835
v -74.934814 0.195429 -91.966835
v -74.934814 0.195429 -92.795647
v -89.036514 0.195429 -92.795647
v -89.036514 -0.000003 -91.966835
v -74.934814 -0.000003 -91.966835
v -74.934814 0.195429 -91.966835
v -89.036514 0.195429 -91.966835
v -74.934814 -0.000003 -92.795647
v -74.934814 0.195429 -91.966835
v -74.934814 -0.000003 -92.795647
v -89.036514 -0.000003 -92.795647
v -89.036514 0.195429 -92.795647
v -74.934814 0.195429 -92.795647
v -74.934814 -0.000003 -92.795647
v -89.036514 -0.000003 -92.795647
v -89.036514 -0.000003 -91.966835
v -89.036514 0.195429 -91.966835
f 4361 4362 4363
f 4363 4364 4361
f 4356 4357 4358
f 4358 4359 4360
f 4376 4377 4378
f 4378 4364 4376
f 4359 4369 4363
f 4363 4370 4359
f 4365 4366 4367
f 4367 4368 4365
f 4371 4372 4373
f 4373 4374 4375
v -89.025612 -0.000003 -92.089386
v -89.025612 -0.000003 -106.052841
v -88.196808 -0.000003 -106.052841
v -88.196808 -0.000003 -92.089386
v -89.025612 -0.000003 -92.089386
v -89.025612 0.195429 -92.089386
v -88.196808 0.195429 -92.089386
v -88.196808 0.195429 -106.052841
v -89.025612 0.195429 -106.052841
v -89.025612 -0.000003 -92.089386
v -88.196808 -0.000003 -92.089386
v -88.196808 0.195429 -92.089386
v -89.025612 0.195429 -92.089386
v -88.196808 -0.000003 -106.052841
v -88.196808 0.195429 -92.089386
v -88.196808 -0.000003 -106.052841
v -89.025612 -0.000003 -106.052841
v -89.025612 0.195429 -106.052841
v -88.196808 0.195429 -106.052841
v -88.196808 -0.000003 -106.052841
v -89.025612 -0.000003 -106.052841
v -89.025612 -0.000003 -92.089386
v -89.025612 0.195429 -92.089386
f 4384 4385 4386
f 4386 4387 4384
f 4379 4380 4381
f 4381 4382 4383
f 4399 4400 4401
f 4401 4387 4399
f 4382 4392 4386
f 4386 4393 4382
f 4388 4389 4390
f 4390 4391 4388
f 4394 4395 4396
f 4396 4397 4398
v -88.240700 -0.000003 -105.208702
v -88.240700 -0.000003 -106.037506
v -74.954941 -0.000003 -106.037506
v -74.954941 -0.000003 -105.208702
v -88.240700 -0.000003 -105.208702
v -88.240700 0.195429 -105.208702
v -74.954941 0.195429 -105.208702
v -74.954941 0.195429 -106.037506
v -88.240700 0.195429 -106.037506
v -88.240700 -0.000003 -105.208702
v -74.954941 -0.000003 -105.208702
v -74.954941 0.195429 -105.208702
v -88.240700 0.195429 -105.208702
v -74.954941 -0.000003 -106.037506
v -74.954941 0.195429 -105.208702
v -74.954941 -0.000003 -106.037506
v -88.240700 -0.000003 -106.037506
v -88.240700 0.195429 -106.037506
v -74.954941 0.195429 -106.037506
v -74.954941 -0.000003 -106.037506
v -88.240700 -0.000003 -106.037506
v -88.240700 -0.000003 -105.208702
v -88.240700 0.195429 -105.208702
f 4407 4408 4409
f 4409 4410 4407
f 4402 4403 4404
f 4404 4405 4406
f 4422 4423 4424
f 4424 4410 4422
f 4405 4415 4409
f 4409 4416 4405
f 4411 4412 4413
f 4413 4414 4411
f 4417 4418 4419
f 4419 4420 4421
v -81.524803 -0.000005 30.029451
v -84.119766 -0.000005 29.003826
v -83.419487 -0.000005 27.232033
v -80.824532 -0.000005 28.257658
v -81.524803 -0.000005 30.029451
v -81.524803 0.101276 30.029451
v -80.824532 0.101276 28.257658
v -83.419487 0.101276 27.232033
v -84.119766 0.101276 29.003826
v -81.524803 -0.000005 30.029451
v -80.824532 -0.000005 28.257658
v -80.824532 0.101276 28.257658
v -81.524803 0.101276 30.029451
v -83.419487 -0.000005 27.232033
v -80.824532 0.101276 28.257658
v -83.419487 -0.000005 27.232033
v -84.119766 -0.000005 29.003826
v -84.119766 0.101276 29.003826
v -83.419487 0.101276 27.232033
v -83.419487 -0.000005 27.232033
v -84.119766 -0.000005 29.003826
v -81.524803 -0.000005 30.029451
v -81.524803 0.101276 30.029451
f 4430 4431 4432
f 4432 4433 4430
f 4425 4426 4427
f 4427 4428 4429
f 4445 4446 4447
f 4447 4433 4445
f 4428 4438 4432
f 4432 4439 4428
f 4434 4435 4436
f 4436 4437 4434
f 4440 4441 4442
f 4442 4443 4444
v -76.335182 -0.000005 30.538523
v -77.985260 -0.000005 32.788628
v -79.521591 -0.000005 31.661985
v -77.871513 -0.000005 29.411879
v -76.335182 -0.000005 30.538523
v -76.335182 0.101276 30.538523
v -77.871513 0.101276 29.411879
v -79.521591 0.101276 31.661985
v -77.985260 0.101276 32.788628
v -76.335182 -0.000005 30.538523
v -77.871513 -0.000005 29.411879
v -77.871513 0.101276 29.411879
v -76.335182 0.101276 30.538523
v -79.521591 -0.000005 31.661985
v -77.871513 0.101276 29.411879
v -79.521591 -0.000005 31.661985
v -77.985260 -0.000005 32.788628
v -77.985260 0.101276 32.788628
v -79.521591 0.101276 31.661985
v -79.521591 -0.000005 31.661985
v -77.985260 -0.000005 32.788628
v -76.335182 -0.000005 30.538523
v -76.335182 0.101276 30.538523
f 4453 4454 4455
f 4455 4456 4453
f 4448 4449 4450
f 4450 4451 4452
f 4468 4469 4470
f 4470 4456 4468
f 4451 4461 4455
f 4455 4462 4451
f 4457 4458 4459
f 4459 4460 4457
f 4463 4464 4465
f 4465 4466 4467
v -83.953308 0.145062 33.656170
v -84.055557 -0.122634 33.389332
v -80.338112 -0.122634 31.964941
v -80.235870 0.145062 32.231781
v -83.953308 0.145062 33.656170
v -84.035484 0.390233 33.441704
v -80.318047 0.390233 32.017315
v -80.420288 0.122537 31.750473
v -84.137733 0.122537 33.174862
v -83.953308 0.145062 33.656170
v -80.235870 0.145062 32.231781
v -80.318047 0.390233 32.017315
v -84.035484 0.390233 33.441704
v -80.338112 -0.122634 31.964941
v -80.318047 0.390233 32.017315
v -80.338112 -0.122634 31.964941
v -84.055557 -0.122634 33.389332
v -84.137733 0.122537 33.174862
v -80.420288 0.122537 31.750473
v -80.338112 -0.122634 31.964941
v -84.055557 -0.122634 33.389332
v -83.953308 0.145062 33.656170
v -84.035484 0.390233 33.441704
f 4476 4477 4478
f 4478 4479 4476
f 4471 4472 4473
f 4473 4474 4475
f 4491 4492 4493
f 4493 4479 4491
f 4474 4484 4478
f 4478 4485 4474
f 4480 4481 4482
f 4482 4483 4480
f 4486 4487 4488
f 4488 4489 4490
v -4.459909 -0.000003 13.075571
v -4.459909 -0.000003 12.436851
v 15.942924 -0.000003 12.436851
v 15.942924 -0.000003 13.075571
v -4.459909 -0.000003 13.075571
v -4.459909 0.106442 13.075571
v 15.942924 0.106442 13.075571
v 15.942924 0.106442 12.436851
v -4.459909 0.106442 12.436851
v -4.459909 -0.000003 13.075571
v 15.942924 -0.000003 13.075571
v 15.942924 0.106442 13.075571
v -4.459909 0.106442 13.075571
v 15.942924 -0.000003 12.436851
v 15.942924 0.106442 13.075571
v 15.942924 -0.000003 12.436851
v -4.459909 -0.000003 12.436851
v -4.459909 0.106442 12.436851
v 15.942924 0.106442 12.436851
v 15.942924 -0.000003 12.436851
v -4.459909 -0.000003 12.436851
v -4.459909 -0.000003 13.075571
v -4.459909 0.106442 13.075571
f 4499 4500 4501
f 4501 4502 4499
f 4494 4495 4496
f 4496 4497 4498
f 4514 4515 4516
f 4516 4502 4514
f 4497 4507 4501
f 4501 4508 4497
f 4503 4504 4505
f 4505 4506 4503
f 4509 4510 4511
f 4511 4512 4513
v -4.460371 -0.000003 19.447006
v -4.460371 -0.000003 18.810581
v 15.946020 -0.000003 18.810581
v 15.946020 -0.000003 19.447006
v -4.460371 -0.000003 19.447006
v -4.460371 0.106442 19.447006
v 15.946020 0.106442 19.447006
v 15.946020 0.106442 18.810581
v -4.460371 0.106442 18.810581
v -4.460371 -0.000003 19.447006
v 15.946020 -0.000003 19.447006
v 15.946020 0.106442 19.447006
v -4.460371 0.106442 19.447006
v 15.946020 -0.000003 18.810581
v 15.946020 0.106442 19.447006
v 15.946020 -0.000003 18.810581
v -4.460371 -0.000003 18.810581
v -4.460371 0.106442 18.810581
v 15.946020 0.106442 18.810581
v 15.946020 -0.000003 18.810581
v -4.460371 -0.000003 18.810581
v -4.460371 -0.000003 19.447006
v -4.460371 0.106442 19.447006
f 4522 4523 4524
f 4524 4525 4522
f 4517 4518 4519
f 4519 4520 4521
f 4537 4538 4539
f 4539 4525 4537
f 4520 4530 4524
f 4524 4531 4520
f 4526 4527 4528
f 4528 4529 4526
f 4532 4533 4534
f 4534 4535 4536
v -5.074687 -0.000003 18.810581
v -5.074687 -0.000003 13.075571
v -4.460371 -0.000003 13.075571
v -4.460371 -0.000003 18.810581
v -5.074687 -0.000003 18.810581
v -5.074687 0.106442 18.810581
v -4.460371 0.106442 18.810581
v -4.460371 0.106442 13.075571
v -5.074687 0.106442 13.075571
v -5.074687 -0.000003 18.810581
v -4.460371 -0.000003 18.810581
v -4.460371 0.106442 18.810581
v -5.074687 0.106442 18.810581
v -4.460371 -0.000003 13.075571
v -4.460371 0.106442 18.810581
v -4.460371 -0.000003 13.075571
v -5.074687 -0.000003 13.075571
v -5.074687 0.106442 13.075571
v -4.460371 0.106442 13.075571
v -4.460371 -0.000003 13.075571
v -5.074687 -0.000003 13.075571
v -5.074687 -0.000003 18.810581
v -5.074687 0.106442 18.810581
f 4545 4546 4547
f 4547 4548 4545
f 4540 4541 4542
f 4542 4543 4544
f 4560 4561 4562
f 4562 4548 4560
f 4543 4553 4547
f 4547 4554 4543
f 4549 4550 4551
f 4551 4552 4549
f 4555 4556 4557
f 4557 4558 4559
v 15.925063 -0.000003 18.810581
v 15.925063 -0.000003 13.075562
v 16.560318 -0.000003 13.075562
v 16.560318 -0.000003 18.810581
v 15.925063 -0.000003 18.810581
v 15.925063 0.106442 18.810581
v 16.560318 0.106442 18.810581
v 16.560318 0.106442 13.075562
v 15.925063 0.106442 13.075562
v 15.925063 -0.000003 18.810581
v 16.560318 -0.000003 18.810581
v 16.560318 0.106442 18.810581
v 15.925063 0.106442 18.810581
v 16.560318 -0.000003 13.075562
v 16.560318 0.106442 18.810581
v 16.560318 -0.000003 13.075562
v 15.925063 -0.000003 13.075562
v 15.925063 0.106442 13.075562
v 16.560318 0.106442 13.075562
v 16.560318 -0.000003 13.075562
v 15.925063 -0.000003 13.075562
v 15.925063 -0.000003 18.810581
v 15.925063 0.106442 18.810581
f 4568 4569 4570
f 4570 4571 4568
f 4563 4564 4565
f 4565 4566 4567
f 4583 4584 4585
f 4585 4571 4583
f 4566 4576 4570
f 4570 4577 4566
f 4572 4573 4574
f 4574 4575 4572
f 4578 4579 4580
f 4580 4581 4582
v -29.541218 -0.000003 18.810581
v -29.541218 -0.000003 13.075562
v -28.905964 -0.000003 13.075562
v -28.905964 -0.000003 18.810581
v -29.541218 -0.000003 18.810581
v -29.541218 0.106442 18.810581
v -28.905964 0.106442 18.810581
v -28.905964 0.106442 13.075562
v -29.541218 0.106442 13.075562
v -29.541218 -0.000003 18.810581
v -28.905964 -0.000003 18.810581
v -28.905964 0.106442 18.810581
v -29.541218 0.106442 18.810581
v -28.905964 -0.000003 13.075562
v -28.905964 0.106442 18.810581
v -28.905964 -0.000003 13.075562
v -29.541218 -0.000003 13.075562
v -29.541218 0.106442 13.075562
v -28.905964 0.106442 13.075562
v -28.905964 -0.000003 13.075562
v -29.541218 -0.000003 13.075562
v -29.541218 -0.000003 18.810581
v -29.541218 0.106442 18.810581
f 4591 4592 4593
f 4593 4594 4591
f 4586 4587 4588
f 4588 4589 4590
f 4606 4607 4608
f 4608 4594 4606
f 4589 4599 4593
f 4593 4600 4589
f 4595 4596 4597
f 4597 4598 4595
f 4601 4602 4603
f 4603 4604 4605
v -49.926655 -0.000003 19.447006
v -49.926655 -0.000003 18.810581
v -29.520264 -0.000003 18.810581
v -29.520264 -0.000003 19.447006
v -49.926655 -0.000003 19.447006
v -49.926655 0.106442 19.447006
v -29.520264 0.106442 19.447006
v -29.520264 0.106442 18.810581
v -49.926655 0.106442 18.810581
v -49.926655 -0.000003 19.447006
v -29.520264 -0.000003 19.447006
v -29.520264 0.106442 19.447006
v -49.926655 0.106442 19.447006
v -29.520264 -0.000003 18.810581
v -29.520264 0.106442 19.447006
v -29.520264 -0.000003 18.810581
v -49.926655 -0.000003 18.810581
v -49.926655 0.106442 18.810581
v -29.520264 0.106442 18.810581
v -29.520264 -0.000003 18.810581
v -49.926655 -0.000003 18.810581
v -49.926655 -0.000003 19.447006
v -49.926655 0.106442 19.447006
f 4614 4615 4616
f 4616 4617 4614
f 4609 4610 4611
f 4611 4612 4613
f 4629 4630 4631
f 4631 4617 4629
f 4612 4622 4616
f 4616 4623 4612
f 4618 4619 4620
f 4620 4621 4618
f 4624 4625 4626
f 4626 4627 4628
v -50.540966 -0.000003 18.810581
v -50.540966 -0.000003 13.075571
v -49.926651 -0.000003 13.075571
v -49.926651 -0.000003 18.810581
v -50.540966 -0.000003 18.810581
v -50.540966 0.106442 18.810581
v -49.926651 0.106442 18.810581
v -49.926651 0.106442 13.075571
v -50.540966 0.106442 13.075571
v -50.540966 -0.000003 18.810581
v -49.926651 -0.000003 18.810581
v -49.926651 0.106442 18.810581
v -50.540966 0.106442 18.810581
v -49.926651 -0.000003 13.075571
v -49.926651 0.106442 18.810581
v -49.926651 -0.000003 13.075571
v -50.540966 -0.000003 13.075571
v -50.540966 0.106442 13.075571
v -49.926651 0.106442 13.075571
v -49.926651 -0.000003 13.075571
v -50.540966 -0.000003 13.075571
v -50.540966 -0.000003 18.810581
v -50.540966 0.106442 18.810581
f 4637 4638 4639
f 4639 4640 4637
f 4632 4633 4634
f 4634 4635 4636
f 4652 4653 4654
f 4654 4640 4652
f 4635 4645 4639
f 4639 4646 4635
f 4641 4642 4643
f 4643 4644 4641
f 4647 4648 4649
f 4649 4650 4651
v -49.926193 -0.000003 13.075571
v -49.926193 -0.000003 12.436851
v -29.523361 -0.000003 12.436851
v -29.523361 -0.000003 13.075571
v -49.926193 -0.000003 13.075571
v -49.926193 0.106442 13.075571
v -29.523361 0.106442 13.075571
v -29.523361 0.106442 12.436851
v -49.926193 0.106442 12.436851
v -49.926193 -0.000003 13.075571
v -29.523361 -0.000003 13.075571
v -29.523361 0.106442 13.075571
v -49.926193 0.106442 13.075571
v -29.523361 -0.000003 12.436851
v -29.523361 0.106442 13.075571
v -29.523361 -0.000003 12.436851
v -49.926193 -0.000003 12.436851
v -49.926193 0.106442 12.436851
v -29.523361 0.106442 12.436851
v -29.523361 -0.000003 12.436851
v -49.926193 -0.000003 12.436851
v -49.926193 -0.000003 13.075571
v -49.926193 0.106442 13.075571
f 4660 4661 4662
f 4662 4663 4660
f 4655 4656 4657
f 4657 4658 4659
f 4675 4676 4677
f 4677 4663 4675
f 4658 4668 4662
f 4662 4669 4658
f 4664 4665 4666
f 4666 4667 4664
f 4670 4671 4672
f 4672 4673 4674
v -69.803070 -0.000003 -67.552887
v -64.068062 -0.000003 -67.552887
v -64.068062 -0.000003 -66.938576
v -69.803070 -0.000003 -66.938576
v -69.803070 -0.000003 -67.552887
v -69.803070 0.106442 -67.552887
v -69.803070 0.106442 -66.938576
v -64.068062 0.106442 -66.938576
v -64.068062 0.106442 -67.552887
v -69.803070 -0.000003 -67.552887
v -69.803070 -0.000003 -66.938576
v -69.803070 0.106442 -66.938576
v -69.803070 0.106442 -67.552887
v -64.068062 -0.000003 -66.938576
v -69.803070 0.106442 -66.938576
v -64.068062 -0.000003 -66.938576
v -64.068062 -0.000003 -67.552887
v -64.068062 0.106442 -67.552887
v -64.068062 0.106442 -66.938576
v -64.068062 -0.000003 -66.938576
v -64.068062 -0.000003 -67.552887
v -69.803070 -0.000003 -67.552887
v -69.803070 0.106442 -67.552887
f 4683 4684 4685
f 4685 4686 4683
f 4678 4679 4680
f 4680 4681 4682
f 4698 4699 4700
f 4700 4686 4698
f 4681 4691 4685
f 4685 4692 4681
f 4687 4688 4689
f 4689 4690 4687
f 4693 4694 4695
f 4695 4696 4697
v -64.068062 -0.000003 -66.938118
v -63.429340 -0.000003 -66.938118
v -63.429340 -0.000003 -46.535282
v -64.068062 -0.000003 -46.535282
v -64.068062 -0.000003 -66.938118
v -64.068062 0.106442 -66.938118
v -64.068062 0.106442 -46.535282
v -63.429340 0.106442 -46.535282
v -63.429340 0.106442 -66.938118
v -64.068062 -0.000003 -66.938118
v -64.068062 -0.000003 -46.535282
v -64.068062 0.106442 -46.535282
v -64.068062 0.106442 -66.938118
v -63.429340 -0.000003 -46.535282
v -64.068062 0.106442 -46.535282
v -63.429340 -0.000003 -46.535282
v -63.429340 -0.000003 -66.938118
v -63.429340 0.106442 -66.938118
v -63.429340 0.106442 -46.535282
v -63.429340 -0.000003 -46.535282
v -63.429340 -0.000003 -66.938118
v -64.068062 -0.000003 -66.938118
v -64.068062 0.106442 -66.938118
f 4706 4707 4708
f 4708 4709 4706
f 4701 4702 4703
f 4703 4704 4705
f 4721 4722 4723
f 4723 4709 4721
f 4704 4714 4708
f 4708 4715 4704
f 4710 4711 4712
f 4712 4713 4710
f 4716 4717 4718
f 4718 4719 4720
v -69.803070 -0.000003 -46.553146
v -64.068054 -0.000003 -46.553143
v -64.068054 -0.000003 -45.917889
v -69.803070 -0.000003 -45.917892
v -69.803070 -0.000003 -46.553146
v -69.803070 0.106442 -46.553146
v -69.803070 0.106442 -45.917892
v -64.068054 0.106442 -45.917889
v -64.068054 0.106442 -46.553143
v -69.803070 -0.000003 -46.553146
v -69.803070 -0.000003 -45.917892
v -69.803070 0.106442 -45.917892
v -69.803070 0.106442 -46.553146
v -64.068054 -0.000003 -45.917889
v -69.803070 0.106442 -45.917892
v -64.068054 -0.000003 -45.917889
v -64.068054 -0.000003 -46.553143
v -64.068054 0.106442 -46.553143
v -64.068054 0.106442 -45.917889
v -64.068054 -0.000003 -45.917889
v -64.068054 -0.000003 -46.553143
v -69.803070 -0.000003 -46.553146
v -69.803070 0.106442 -46.553146
f 4729 4730 4731
f 4731 4732 4729
f 4724 4725 4726
f 4726 4727 4728
f 4744 4745 4746
f 4746 4732 4744
f 4727 4737 4731
f 4731 4738 4727
f 4733 4734 4735
f 4735 4736 4733
f 4739 4740 4741
f 4741 4742 4743
v -70.439499 -0.000003 -66.938576
v -69.803070 -0.000003 -66.938576
v -69.803070 -0.000003 -46.532185
v -70.439499 -0.000003 -46.532185
v -70.439499 -0.000003 -66.938576
v -70.439499 0.106442 -66.938576
v -70.439499 0.106442 -46.532185
v -69.803070 0.106442 -46.532185
v -69.803070 0.106442 -66.938576
v -70.439499 -0.000003 -66.938576
v -70.439499 -0.000003 -46.532185
v -70.439499 0.106442 -46.532185
v -70.439499 0.106442 -66.938576
v -69.803070 -0.000003 -46.532185
v -70.439499 0.106442 -46.532185
v -69.803070 -0.000003 -46.532185
v -69.803070 -0.000003 -66.938576
v -69.803070 0.106442 -66.938576
v -69.803070 0.106442 -46.532185
v -69.803070 -0.000003 -46.532185
v -69.803070 -0.000003 -66.938576
v -70.439499 -0.000003 -66.938576
v -70.439499 0.106442 -66.938576
f 4752 4753 4754
f 4754 4755 4752
f 4747 4748 4749
f 4749 4750 4751
f 4767 4768 4769
f 4769 4755 4767
f 4750 4760 4754
f 4754 4761 4750
f 4756 4757 4758
f 4758 4759 4756
f 4762 4763 4764
f 4764 4765 4766
v -69.803070 -0.000003 -22.086617
v -64.068062 -0.000003 -22.086617
v -64.068062 -0.000003 -21.472300
v -69.803070 -0.000003 -21.472300
v -69.803070 -0.000003 -22.086617
v -69.803070 0.106442 -22.086617
v -69.803070 0.106442 -21.472300
v -64.068062 0.106442 -21.472300
v -64.068062 0.106442 -22.086617
v -69.803070 -0.000003 -22.086617
v -69.803070 -0.000003 -21.472300
v -69.803070 0.106442 -21.472300
v -69.803070 0.106442 -22.086617
v -64.068062 -0.000003 -21.472300
v -69.803070 0.106442 -21.472300
v -64.068062 -0.000003 -21.472300
v -64.068062 -0.000003 -22.086617
v -64.068062 0.106442 -22.086617
v -64.068062 0.106442 -21.472300
v -64.068062 -0.000003 -21.472300
v -64.068062 -0.000003 -22.086617
v -69.803070 -0.000003 -22.086617
v -69.803070 0.106442 -22.086617
f 4775 4776 4777
f 4777 4778 4775
f 4770 4771 4772
f 4772 4773 4774
f 4790 4791 4792
f 4792 4778 4790
f 4773 4783 4777
f 4777 4784 4773
f 4779 4780 4781
f 4781 4782 4779
f 4785 4786 4787
f 4787 4788 4789
v -64.068062 -0.000003 -21.471838
v -63.429340 -0.000003 -21.471838
v -63.429340 -0.000003 -1.069003
v -64.068062 -0.000003 -1.069003
v -64.068062 -0.000003 -21.471838
v -64.068062 0.106442 -21.471838
v -64.068062 0.106442 -1.069003
v -63.429340 0.106442 -1.069003
v -63.429340 0.106442 -21.471838
v -64.068062 -0.000003 -21.471838
v -64.068062 -0.000003 -1.069003
v -64.068062 0.106442 -1.069003
v -64.068062 0.106442 -21.471838
v -63.429340 -0.000003 -1.069003
v -64.068062 0.106442 -1.069003
v -63.429340 -0.000003 -1.069003
v -63.429340 -0.000003 -21.471838
v -63.429340 0.106442 -21.471838
v -63.429340 0.106442 -1.069003
v -63.429340 -0.000003 -1.069003
v -63.429340 -0.000003 -21.471838
v -64.068062 -0.000003 -21.471838
v -64.068062 0.106442 -21.471838
f 4798 4799 4800
f 4800 4801 4798
f 4793 4794 4795
f 4795 4796 4797
f 4813 4814 4815
f 4815 4801 4813
f 4796 4806 4800
f 4800 4807 4796
f 4802 4803 4804
f 4804 4805 4802
f 4808 4809 4810
f 4810 4811 4812
v -70.439499 -0.000003 -21.472301
v -69.803070 -0.000003 -21.472301
v -69.803070 -0.000003 -1.065911
v -70.439499 -0.000003 -1.065911
v -70.439499 -0.000003 -21.472301
v -70.439499 0.106442 -21.472301
v -70.439499 0.106442 -1.065911
v -69.803070 0.106442 -1.065911
v -69.803070 0.106442 -21.472301
v -70.439499 -0.000003 -21.472301
v -70.439499 -0.000003 -1.065911
v -70.439499 0.106442 -1.065911
v -70.439499 0.106442 -21.472301
v -69.803070 -0.000003 -1.065911
v -70.439499 0.106442 -1.065911
v -69.803070 -0.000003 -1.065911
v -69.803070 -0.000003 -21.472301
v -69.803070 0.106442 -21.472301
v -69.803070 0.106442 -1.065911
v -69.803070 -0.000003 -1.065911
v -69.803070 -0.000003 -21.472301
v -70.439499 -0.000003 -21.472301
v -70.439499 0.106442 -21.472301
f 4821 4822 4823
f 4823 4824 4821
f 4816 4817 4818
f 4818 4819 4820
f 4836 4837 4838
f 4838 4824 4836
f 4819 4829 4823
f 4823 4830 4819
f 4825 4826 4827
f 4827 4828 4825
f 4831 4832 4833
f 4833 4834 4835
v -69.803070 -0.000003 -1.086865
v -64.068054 -0.000003 -1.086865
v -64.068054 -0.000003 -0.451611
v -69.803070 -0.000003 -0.451611
v -69.803070 -0.000003 -1.086865
v -69.803070 0.106442 -1.086865
v -69.803070 0.106442 -0.451611
v -64.068054 0.106442 -0.451611
v -64.068054 0.106442 -1.086865
v -69.803070 -0.000003 -1.086865
v -69.803070 -0.000003 -0.451611
v -69.803070 0.106442 -0.451611
v -69.803070 0.106442 -1.086865
v -64.068054 -0.000003 -0.451611
v -69.803070 0.106442 -0.451611
v -64.068054 -0.000003 -0.451611
v -64.068054 -0.000003 -1.086865
v -64.068054 0.106442 -1.086865
v -64.068054 0.106442 -0.451611
v -64.068054 -0.000003 -0.451611
v -64.068054 -0.000003 -1.086865
v -69.803070 -0.000003 -1.086865
v -69.803070 0.106442 -1.086865
f 4844 4845 4846
f 4846 4847 4844
f 4839 4840 4841
f 4841 4842 4843
f 4859 4860 4861
f 4861 4847 4859
f 4842 4852 4846
f 4846 4853 4842
f 4848 4849 4850
f 4850 4851 4848
f 4854 4855 4856
f 4856 4857 4858
v 16.560406 -0.000003 -86.814972
v 16.560406 -0.000003 -81.079964
v 15.946089 -0.000003 -81.079964
v 15.946089 -0.000003 -86.814972
v 16.560406 -0.000003 -86.814972
v 16.560406 0.106442 -86.814972
v 15.946089 0.106442 -86.814972
v 15.946089 0.106442 -81.079964
v 16.560406 0.106442 -81.079964
v 16.560406 -0.000003 -86.814972
v 15.946089 -0.000003 -86.814972
v 15.946089 0.106442 -86.814972
v 16.560406 0.106442 -86.814972
v 15.946089 -0.000003 -81.079964
v 15.946089 0.106442 -86.814972
v 15.946089 -0.000003 -81.079964
v 16.560406 -0.000003 -81.079964
v 16.560406 0.106442 -81.079964
v 15.946089 0.106442 -81.079964
v 15.946089 -0.000003 -81.079964
v 16.560406 -0.000003 -81.079964
v 16.560406 -0.000003 -86.814972
v 16.560406 0.106442 -86.814972
f 4867 4868 4869
f 4869 4870 4867
f 4862 4863 4864
f 4864 4865 4866
f 4882 4883 4884
f 4884 4870 4882
f 4865 4875 4869
f 4869 4876 4865
f 4871 4872 4873
f 4873 4874 4871
f 4877 4878 4879
f 4879 4880 4881
v 15.945621 -0.000003 -81.079964
v 15.945621 -0.000003 -80.441246
v -4.457213 -0.000003 -80.441246
v -4.457213 -0.000003 -81.079964
v 15.945621 -0.000003 -81.079964
v 15.945621 0.106442 -81.079964
v -4.457213 0.106442 -81.079964
v -4.457213 0.106442 -80.441246
v 15.945621 0.106442 -80.441246
v 15.945621 -0.000003 -81.079964
v -4.457213 -0.000003 -81.079964
v -4.457213 0.106442 -81.079964
v 15.945621 0.106442 -81.079964
v -4.457213 -0.000003 -80.441246
v -4.457213 0.106442 -81.079964
v -4.457213 -0.000003 -80.441246
v 15.945621 -0.000003 -80.441246
v 15.945621 0.106442 -80.441246
v -4.457213 0.106442 -80.441246
v -4.457213 -0.000003 -80.441246
v 15.945621 -0.000003 -80.441246
v 15.945621 -0.000003 -81.079964
v 15.945621 0.106442 -81.079964
f 4890 4891 4892
f 4892 4893 4890
f 4885 4886 4887
f 4887 4888 4889
f 4905 4906 4907
f 4907 4893 4905
f 4888 4898 4892
f 4892 4899 4888
f 4894 4895 4896
f 4896 4897 4894
f 4900 4901 4902
f 4902 4903 4904
v -4.439341 -0.000003 -86.814980
v -4.439341 -0.000003 -81.079964
v -5.074595 -0.000003 -81.079964
v -5.074594 -0.000003 -86.814980
v -4.439341 -0.000003 -86.814980
v -4.439341 0.106442 -86.814980
v -5.074594 0.106442 -86.814980
v -5.074595 0.106442 -81.079964
v -4.439341 0.106442 -81.079964
v -4.439341 -0.000003 -86.814980
v -5.074594 -0.000003 -86.814980
v -5.074594 0.106442 -86.814980
v -4.439341 0.106442 -86.814980
v -5.074595 -0.000003 -81.079964
v -5.074594 0.106442 -86.814980
v -5.074595 -0.000003 -81.079964
v -4.439341 -0.000003 -81.079964
v -4.439341 0.106442 -81.079964
v -5.074595 0.106442 -81.079964
v -5.074595 -0.000003 -81.079964
v -4.439341 -0.000003 -81.079964
v -4.439341 -0.000003 -86.814980
v -4.439341 0.106442 -86.814980
f 4913 4914 4915
f 4915 4916 4913
f 4908 4909 4910
f 4910 4911 4912
f 4928 4929 4930
f 4930 4916 4928
f 4911 4921 4915
f 4915 4922 4911
f 4917 4918 4919
f 4919 4920 4917
f 4923 4924 4925
f 4925 4926 4927
v 15.946092 -0.000003 -87.451408
v 15.946092 -0.000003 -86.814980
v -4.460300 -0.000003 -86.814980
v -4.460300 -0.000003 -87.451408
v 15.946092 -0.000003 -87.451408
v 15.946092 0.106442 -87.451408
v -4.460300 0.106442 -87.451408
v -4.460300 0.106442 -86.814980
v 15.946092 0.106442 -86.814980
v 15.946092 -0.000003 -87.451408
v -4.460300 -0.000003 -87.451408
v -4.460300 0.106442 -87.451408
v 15.946092 0.106442 -87.451408
v -4.460300 -0.000003 -86.814980
v -4.460300 0.106442 -87.451408
v -4.460300 -0.000003 -86.814980
v 15.946092 -0.000003 -86.814980
v 15.946092 0.106442 -86.814980
v -4.460300 0.106442 -86.814980
v -4.460300 -0.000003 -86.814980
v 15.946092 -0.000003 -86.814980
v 15.946092 -0.000003 -87.451408
v 15.946092 0.106442 -87.451408
f 4936 4937 4938
f 4938 4939 4936
f 4931 4932 4933
f 4933 4934 4935
f 4951 4952 4953
f 4953 4939 4951
f 4934 4944 4938
f 4938 4945 4934
f 4940 4941 4942
f 4942 4943 4940
f 4946 4947 4948
f 4948 4949 4950
v -28.905874 -0.000003 -86.814972
v -28.905874 -0.000003 -81.079964
v -29.520191 -0.000003 -81.079964
v -29.520189 -0.000003 -86.814972
v -28.905874 -0.000003 -86.814972
v -28.905874 0.106442 -86.814972
v -29.520189 0.106442 -86.814972
v -29.520191 0.106442 -81.079964
v -28.905874 0.106442 -81.079964
v -28.905874 -0.000003 -86.814972
v -29.520189 -0.000003 -86.814972
v -29.520189 0.106442 -86.814972
v -28.905874 0.106442 -86.814972
v -29.520191 -0.000003 -81.079964
v -29.520189 0.106442 -86.814972
v -29.520191 -0.000003 -81.079964
v -28.905874 -0.000003 -81.079964
v -28.905874 0.106442 -81.079964
v -29.520191 0.106442 -81.079964
v -29.520191 -0.000003 -81.079964
v -28.905874 -0.000003 -81.079964
v -28.905874 -0.000003 -86.814972
v -28.905874 0.106442 -86.814972
f 4959 4960 4961
f 4961 4962 4959
f 4954 4955 4956
f 4956 4957 4958
f 4974 4975 4976
f 4976 4962 4974
f 4957 4967 4961
f 4961 4968 4957
f 4963 4964 4965
f 4965 4966 4963
f 4969 4970 4971
f 4971 4972 4973
v -29.520658 -0.000003 -81.079964
v -29.520658 -0.000003 -80.441246
v -49.923492 -0.000003 -80.441246
v -49.923492 -0.000003 -81.079964
v -29.520658 -0.000003 -81.079964
v -29.520658 0.106442 -81.079964
v -49.923492 0.106442 -81.079964
v -49.923492 0.106442 -80.441246
v -29.520658 0.106442 -80.441246
v -29.520658 -0.000003 -81.079964
v -49.923492 -0.000003 -81.079964
v -49.923492 0.106442 -81.079964
v -29.520658 0.106442 -81.079964
v -49.923492 -0.000003 -80.441246
v -49.923492 0.106442 -81.079964
v -49.923492 -0.000003 -80.441246
v -29.520658 -0.000003 -80.441246
v -29.520658 0.106442 -80.441246
v -49.923492 0.106442 -80.441246
v -49.923492 -0.000003 -80.441246
v -29.520658 -0.000003 -80.441246
v -29.520658 -0.000003 -81.079964
v -29.520658 0.106442 -81.079964
f 4982 4983 4984
f 4984 4985 4982
f 4977 4978 4979
f 4979 4980 4981
f 4997 4998 4999
f 4999 4985 4997
f 4980 4990 4984
f 4984 4991 4980
f 4986 4987 4988
f 4988 4989 4986
f 4992 4993 4994
f 4994 4995 4996
v -29.520187 -0.000003 -87.451408
v -29.520187 -0.000003 -86.814980
v -49.926579 -0.000003 -86.814980
v -49.926579 -0.000003 -87.451408
v -29.520187 -0.000003 -87.451408
v -29.520187 0.106442 -87.451408
v -49.926579 0.106442 -87.451408
v -49.926579 0.106442 -86.814980
v -29.520187 0.106442 -86.814980
v -29.520187 -0.000003 -87.451408
v -49.926579 -0.000003 -87.451408
v -49.926579 0.106442 -87.451408
v -29.520187 0.106442 -87.451408
v -49.926579 -0.000003 -86.814980
v -49.926579 0.106442 -87.451408
v -49.926579 -0.000003 -86.814980
v -29.520187 -0.000003 -86.814980
v -29.520187 0.106442 -86.814980
v -49.926579 0.106442 -86.814980
v -49.926579 -0.000003 -86.814980
v -29.520187 -0.000003 -86.814980
v -29.520187 -0.000003 -87.451408
v -29.520187 0.106442 -87.451408
f 5005 5006 5007
f 5007 5008 5005
f 5000 5001 5002
f 5002 5003 5004
f 5020 5021 5022
f 5022 5008 5020
f 5003 5013 5007
f 5007 5014 5003
f 5009 5010 5011
f 5011 5012 5009
f 5015 5016 5017
f 5017 5018 5019
v -49.905621 -0.000003 -86.814980
v -49.905621 -0.000003 -81.079964
v -50.540874 -0.000003 -81.079964
v -50.540874 -0.000003 -86.814980
v -49.905621 -0.000003 -86.814980
v -49.905621 0.106442 -86.814980
v -50.540874 0.106442 -86.814980
v -50.540874 0.106442 -81.079964
v -49.905621 0.106442 -81.079964
v -49.905621 -0.000003 -86.814980
v -50.540874 -0.000003 -86.814980
v -50.540874 0.106442 -86.814980
v -49.905621 0.106442 -86.814980
v -50.540874 -0.000003 -81.079964
v -50.540874 0.106442 -86.814980
v -50.540874 -0.000003 -81.079964
v -49.905621 -0.000003 -81.079964
v -49.905621 0.106442 -81.079964
v -50.540874 0.106442 -81.079964
v -50.540874 -0.000003 -81.079964
v -49.905621 -0.000003 -81.079964
v -49.905621 -0.000003 -86.814980
v -49.905621 0.106442 -86.814980
f 5028 5029 5030
f 5030 5031 5028
f 5023 5024 5025
f 5025 5026 5027
f 5043 5044 5045
f 5045 5031 5043
f 5026 5036 5030
f 5030 5037 5026
f 5032 5033 5034
f 5034 5035 5032
f 5038 5039 5040
f 5040 5041 5042
v 35.822491 -0.000003 -0.451511
v 30.087481 -0.000003 -0.451511
v 30.087481 -0.000003 -1.065828
v 35.822491 -0.000003 -1.065828
v 35.822491 -0.000003 -0.451511
v 35.822491 0.106442 -0.451511
v 35.822491 0.106442 -1.065828
v 30.087481 0.106442 -1.065828
v 30.087481 0.106442 -0.451511
v 35.822491 -0.000003 -0.451511
v 35.822491 -0.000003 -1.065828
v 35.822491 0.106442 -1.065828
v 35.822491 0.106442 -0.451511
v 30.087481 -0.000003 -1.065828
v 35.822491 0.106442 -1.065828
v 30.087481 -0.000003 -1.065828
v 30.087481 -0.000003 -0.451511
v 30.087481 0.106442 -0.451511
v 30.087481 0.106442 -1.065828
v 30.087481 -0.000003 -1.065828
v 30.087481 -0.000003 -0.451511
v 35.822491 -0.000003 -0.451511
v 35.822491 0.106442 -0.451511
f 5051 5052 5053
f 5053 5054 5051
f 5046 5047 5048
f 5048 5049 5050
f 5066 5067 5068
f 5068 5054 5066
f 5049 5059 5053
f 5053 5060 5049
f 5055 5056 5057
f 5057 5058 5055
f 5061 5062 5063
f 5063 5064 5065
v 30.087481 -0.000003 -1.066295
v 29.448759 -0.000003 -1.066295
v 29.448759 -0.000003 -21.469130
v 30.087481 -0.000003 -21.469130
v 30.087481 -0.000003 -1.066295
v 30.087481 0.106442 -1.066295
v 30.087481 0.106442 -21.469130
v 29.448759 0.106442 -21.469130
v 29.448759 0.106442 -1.066295
v 30.087481 -0.000003 -1.066295
v 30.087481 -0.000003 -21.469130
v 30.087481 0.106442 -21.469130
v 30.087481 0.106442 -1.066295
v 29.448759 -0.000003 -21.469130
v 30.087481 0.106442 -21.469130
v 29.448759 -0.000003 -21.469130
v 29.448759 -0.000003 -1.066295
v 29.448759 0.106442 -1.066295
v 29.448759 0.106442 -21.469130
v 29.448759 -0.000003 -21.469130
v 29.448759 -0.000003 -1.066295
v 30.087481 -0.000003 -1.066295
v 30.087481 0.106442 -1.066295
f 5074 5075 5076
f 5076 5077 5074
f 5069 5070 5071
f 5071 5072 5073
f 5089 5090 5091
f 5091 5077 5089
f 5072 5082 5076
f 5076 5083 5072
f 5078 5079 5080
f 5080 5081 5078
f 5084 5085 5086
f 5086 5087 5088
v 35.822495 -0.000003 -21.451258
v 30.087475 -0.000003 -21.451258
v 30.087475 -0.000003 -22.086512
v 35.822495 -0.000003 -22.086512
v 35.822495 -0.000003 -21.451258
v 35.822495 0.106442 -21.451258
v 35.822495 0.106442 -22.086512
v 30.087475 0.106442 -22.086512
v 30.087475 0.106442 -21.451258
v 35.822495 -0.000003 -21.451258
v 35.822495 -0.000003 -22.086512
v 35.822495 0.106442 -22.086512
v 35.822495 0.106442 -21.451258
v 30.087475 -0.000003 -22.086512
v 35.822495 0.106442 -22.086512
v 30.087475 -0.000003 -22.086512
v 30.087475 -0.000003 -21.451258
v 30.087475 0.106442 -21.451258
v 30.087475 0.106442 -22.086512
v 30.087475 -0.000003 -22.086512
v 30.087475 -0.000003 -21.451258
v 35.822495 -0.000003 -21.451258
v 35.822495 0.106442 -21.451258
f 5097 5098 5099
f 5099 5100 5097
f 5092 5093 5094
f 5094 5095 5096
f 5112 5113 5114
f 5114 5100 5112
f 5095 5105 5099
f 5099 5106 5095
f 5101 5102 5103
f 5103 5104 5101
f 5107 5108 5109
f 5109 5110 5111
v 36.458920 -0.000003 -1.065825
v 35.822495 -0.000003 -1.065825
v 35.822495 -0.000003 -21.472218
v 36.458920 -0.000003 -21.472218
v 36.458920 -0.000003 -1.065825
v 36.458920 0.106442 -1.065825
v 36.458920 0.106442 -21.472218
v 35.822495 0.106442 -21.472218
v 35.822495 0.106442 -1.065825
v 36.458920 -0.000003 -1.065825
v 36.458920 -0.000003 -21.472218
v 36.458920 0.106442 -21.472218
v 36.458920 0.106442 -1.065825
v 35.822495 -0.000003 -21.472218
v 36.458920 0.106442 -21.472218
v 35.822495 -0.000003 -21.472218
v 35.822495 -0.000003 -1.065825
v 35.822495 0.106442 -1.065825
v 35.822495 0.106442 -21.472218
v 35.822495 -0.000003 -21.472218
v 35.822495 -0.000003 -1.065825
v 36.458920 -0.000003 -1.065825
v 36.458920 0.106442 -1.065825
f 5120 5121 5122
f 5122 5123 5120
f 5115 5116 5117
f 5117 5118 5119
f 5135 5136 5137
f 5137 5123 5135
f 5118 5128 5122
f 5122 5129 5118
f 5124 5125 5126
f 5126 5127 5124
f 5130 5131 5132
f 5132 5133 5134
v 35.822491 -0.000003 -45.917793
v 30.087481 -0.000003 -45.917793
v 30.087481 -0.000003 -46.532108
v 35.822491 -0.000003 -46.532108
v 35.822491 -0.000003 -45.917793
v 35.822491 0.106442 -45.917793
v 35.822491 0.106442 -46.532108
v 30.087481 0.106442 -46.532108
v 30.087481 0.106442 -45.917793
v 35.822491 -0.000003 -45.917793
v 35.822491 -0.000003 -46.532108
v 35.822491 0.106442 -46.532108
v 35.822491 0.106442 -45.917793
v 30.087481 -0.000003 -46.532108
v 35.822491 0.106442 -46.532108
v 30.087481 -0.000003 -46.532108
v 30.087481 -0.000003 -45.917793
v 30.087481 0.106442 -45.917793
v 30.087481 0.106442 -46.532108
v 30.087481 -0.000003 -46.532108
v 30.087481 -0.000003 -45.917793
v 35.822491 -0.000003 -45.917793
v 35.822491 0.106442 -45.917793
f 5143 5144 5145
f 5145 5146 5143
f 5138 5139 5140
f 5140 5141 5142
f 5158 5159 5160
f 5160 5146 5158
f 5141 5151 5145
f 5145 5152 5141
f 5147 5148 5149
f 5149 5150 5147
f 5153 5154 5155
f 5155 5156 5157
v 30.087481 -0.000003 -46.532578
v 29.448759 -0.000003 -46.532578
v 29.448759 -0.000003 -66.935410
v 30.087481 -0.000003 -66.935410
v 30.087481 -0.000003 -46.532578
v 30.087481 0.106442 -46.532578
v 30.087481 0.106442 -66.935410
v 29.448759 0.106442 -66.935410
v 29.448759 0.106442 -46.532578
v 30.087481 -0.000003 -46.532578
v 30.087481 -0.000003 -66.935410
v 30.087481 0.106442 -66.935410
v 30.087481 0.106442 -46.532578
v 29.448759 -0.000003 -66.935410
v 30.087481 0.106442 -66.935410
v 29.448759 -0.000003 -66.935410
v 29.448759 -0.000003 -46.532578
v 29.448759 0.106442 -46.532578
v 29.448759 0.106442 -66.935410
v 29.448759 -0.000003 -66.935410
v 29.448759 -0.000003 -46.532578
v 30.087481 -0.000003 -46.532578
v 30.087481 0.106442 -46.532578
f 5166 5167 5168
f 5168 5169 5166
f 5161 5162 5163
f 5163 5164 5165
f 5181 5182 5183
f 5183 5169 5181
f 5164 5174 5168
f 5168 5175 5164
f 5170 5171 5172
f 5172 5173 5170
f 5176 5177 5178
f 5178 5179 5180
v 36.458920 -0.000003 -46.532108
v 35.822495 -0.000003 -46.532108
v 35.822495 -0.000003 -66.938499
v 36.458920 -0.000003 -66.938499
v 36.458920 -0.000003 -46.532108
v 36.458920 0.106442 -46.532108
v 36.458920 0.106442 -66.938499
v 35.822495 0.106442 -66.938499
v 35.822495 0.106442 -46.532108
v 36.458920 -0.000003 -46.532108
v 36.458920 -0.000003 -66.938499
v 36.458920 0.106442 -66.938499
v 36.458920 0.106442 -46.532108
v 35.822495 -0.000003 -66.938499
v 36.458920 0.106442 -66.938499
v 35.822495 -0.000003 -66.938499
v 35.822495 -0.000003 -46.532108
v 35.822495 0.106442 -46.532108
v 35.822495 0.106442 -66.938499
v 35.822495 -0.000003 -66.938499
v 35.822495 -0.000003 -46.532108
v 36.458920 -0.000003 -46.532108
v 36.458920 0.106442 -46.532108
f 5189 5190 5191
f 5191 5192 5189
f 5184 5185 5186
f 5186 5187 5188
f 5204 5205 5206
f 5206 5192 5204
f 5187 5197 5191
f 5191 5198 5187
f 5193 5194 5195
f 5195 5196 5193
f 5199 5200 5201
f 5201 5202 5203
v 35.822495 -0.000003 -66.917542
v 30.087475 -0.000003 -66.917542
v 30.087475 -0.000003 -67.552795
v 35.822495 -0.000003 -67.552795
v 35.822495 -0.000003 -66.917542
v 35.822495 0.106442 -66.917542
v 35.822495 0.106442 -67.552795
v 30.087475 0.106442 -67.552795
v 30.087475 0.106442 -66.917542
v 35.822495 -0.000003 -66.917542
v 35.822495 -0.000003 -67.552795
v 35.822495 0.106442 -67.552795
v 35.822495 0.106442 -66.917542
v 30.087475 -0.000003 -67.552795
v 35.822495 0.106442 -67.552795
v 30.087475 -0.000003 -67.552795
v 30.087475 -0.000003 -66.917542
v 30.087475 0.106442 -66.917542
v 30.087475 0.106442 -67.552795
v 30.087475 -0.000003 -67.552795
v 30.087475 -0.000003 -66.917542
v 35.822495 -0.000003 -66.917542
v 35.822495 0.106442 -66.917542
f 5212 5213 5214
f 5214 5215 5212
f 5207 5208 5209
f 5209 5210 5211
f 5227 5228 5229
f 5229 5215 5227
f 5210 5220 5214
f 5214 5221 5210
f 5216 5217 5218
f 5218 5219 5216
f 5222 5223 5224
f 5224 5225 5226
v -3.274307 4.909885 -50.795212
v -2.124941 5.000747 -50.795212
v -3.274307 3.982888 -53.234627
v -8.257051 3.982888 -50.795212
v -3.274307 4.909885 -50.795212
v -3.274307 3.982888 -53.234627
v -0.387417 3.982888 -52.889187
v -2.217895 3.982888 -53.402191
v -2.124941 5.000747 -50.795212
v -0.387417 4.701835 -50.795212
v -0.387417 3.982888 -52.889187
v -0.387417 4.909885 -45.677910
v 1.914414 3.982888 -45.677910
v -0.387417 5.000747 -46.867699
v -0.387417 3.982888 -38.127995
v -0.387417 4.909885 -45.677910
v 1.937200 3.982888 -46.774746
v 1.233281 3.982888 -50.795208
v 1.914414 3.982888 -45.677910
v -0.387417 4.701835 -50.795212
v -0.387417 3.982888 -52.889187
v -2.124941 5.000747 -50.795212
v -3.274307 4.909885 -50.795212
v -3.274307 3.982888 -50.795212
v -2.124941 3.983048 -50.795212
v -0.387417 3.982519 -50.795212
v -0.387417 5.000747 -46.867699
v -0.387417 3.983048 -46.867699
v -0.387417 3.982888 -45.677910
v -8.257051 3.982888 -50.795212
v -0.387417 3.982888 -38.127995
v -0.387417 3.982888 -52.889187
v -0.387417 3.982519 -50.795212
v 1.233281 3.982888 -50.795208
v -0.387417 3.983048 -46.867699
v -0.387417 3.982519 -50.795212
v -0.387417 3.982888 -45.677910
v -0.387417 3.982888 -38.127995
f 5230 5231 5232
f 5231 5236 5237
f 5238 5237 5235
f 5238 5239 5240
f 5241 5242 5243
f 5243 5246 5247
f 5243 5248 5246
f 5243 5247 5249
f 5247 5250 5249
f 5251 5252 5253
f 5253 5254 5251
f 5249 5251 5254
f 5254 5255 5249
f 5241 5256 5257
f 5257 5258 5241
f 5256 5249 5255
f 5255 5257 5256
f 5259 5253 5252
f 5258 5260 5241
f 5235 5253 5259
f 5235 5237 5254
f 5254 5253 5235
f 5261 5262 5254
f 5254 5237 5261
f 5261 5263 5262
f 5263 5246 5264
f 5264 5265 5263
f 5246 5248 5266
f 5266 5264 5246
f 5248 5267 5266
f 5233 5234 5235
f 5244 5242 5245
v -37.410904 4.909885 -17.415668
v -38.560268 5.000747 -17.415668
v -37.410904 3.982888 -14.976255
v -32.428158 3.982888 -17.415668
v -37.410904 4.909885 -17.415668
v -37.410904 3.982888 -14.976255
v -40.297791 3.982888 -15.321693
v -38.467316 3.982888 -14.808689
v -38.560268 5.000747 -17.415668
v -40.297791 4.701835 -17.415670
v -40.297791 3.982888 -15.321693
v -40.297791 4.909885 -22.532972
v -42.599625 3.982888 -22.532974
v -40.297791 5.000747 -21.343184
v -40.297791 3.982888 -30.082888
v -40.297791 4.909885 -22.532972
v -42.622410 3.982888 -21.436136
v -41.918491 3.982888 -17.415672
v -42.599625 3.982888 -22.532974
v -40.297791 4.701835 -17.415670
v -40.297791 3.982888 -15.321693
v -38.560268 5.000747 -17.415668
v -37.410904 4.909885 -17.415668
v -37.410904 3.982888 -17.415668
v -38.560268 3.983048 -17.415668
v -40.297791 3.982519 -17.415670
v -40.297791 5.000747 -21.343184
v -40.297791 3.983048 -21.343184
v -40.297791 3.982888 -22.532972
v -32.428158 3.982888 -17.415668
v -40.297791 3.982888 -30.082888
v -40.297791 3.982888 -15.321693
v -40.297791 3.982519 -17.415670
v -41.918491 3.982888 -17.415672
v -40.297791 3.983048 -21.343184
v -40.297791 3.982519 -17.415670
v -40.297791 3.982888 -22.532972
v -40.297791 3.982888 -30.082888
f 5268 5269 5270
f 5269 5274 5275
f 5276 5275 5273
f 5276 5277 5278
f 5279 5280 5281
f 5281 5284 5285
f 5281 5286 5284
f 5281 5285 5287
f 5285 5288 5287
f 5289 5290 5291
f 5291 5292 5289
f 5287 5289 5292
f 5292 5293 5287
f 5279 5294 5295
f 5295 5296 5279
f 5294 5287 5293
f 5293 5295 5294
f 5297 5291 5290
f 5296 5298 5279
f 5273 5291 5297
f 5273 5275 5292
f 5292 5291 5273
f 5299 5300 5292
f 5292 5275 5299
f 5299 5301 5300
f 5301 5284 5302
f 5302 5303 5301
f 5284 5286 5304
f 5304 5302 5284
f 5286 5305 5304
f 5271 5272 5273
f 5282 5280 5283
v -52.720936 -1.407539 -28.860540
v -52.720936 -1.407539 -39.338268
v -44.543350 2.226533 -39.338268
v -44.543350 2.226533 -28.860540
v -52.720936 -1.407539 -28.860540
v -53.501450 0.348819 -28.860540
v -45.323868 3.982891 -28.860540
v -45.323868 3.982891 -39.338268
v -53.501450 0.348819 -39.338268
v -52.720936 -1.407539 -28.860540
v -44.543350 2.226533 -28.860540
v -45.323868 3.982891 -28.860540
v -53.501450 0.348819 -28.860540
v -44.543350 2.226533 -39.338268
v -45.323868 3.982891 -28.860540
v -44.543350 2.226533 -39.338268
v -52.720936 -1.407539 -39.338268
v -53.501450 0.348819 -39.338268
v -45.323868 3.982891 -39.338268
v -44.543350 2.226533 -39.338268
v -52.720936 -1.407539 -39.338268
v -52.720936 -1.407539 -28.860540
v -53.501450 0.348819 -28.860540
f 5311 5312 5313
f 5313 5314 5311
f 5306 5307 5308
f 5308 5309 5310
f 5326 5327 5328
f 5328 5314 5326
f 5309 5319 5313
f 5313 5320 5309
f 5315 5316 5317
f 5317 5318 5315
f 5321 5322 5323
f 5323 5324 5325
v 18.569492 -1.407539 -39.338268
v 18.569492 -1.407539 -28.860540
v 10.391909 2.226533 -28.860542
v 10.391910 2.226533 -39.338268
v 18.569492 -1.407539 -39.338268
v 19.350008 0.348819 -39.338268
v 11.172425 3.982891 -39.338268
v 11.172423 3.982891 -28.860540
v 19.350006 0.348819 -28.860540
v 18.569492 -1.407539 -39.338268
v 10.391910 2.226533 -39.338268
v 11.172425 3.982891 -39.338268
v 19.350008 0.348819 -39.338268
v 10.391909 2.226533 -28.860542
v 11.172425 3.982891 -39.338268
v 10.391909 2.226533 -28.860542
v 18.569492 -1.407539 -28.860540
v 19.350006 0.348819 -28.860540
v 11.172423 3.982891 -28.860540
v 10.391909 2.226533 -28.860542
v 18.569492 -1.407539 -28.860540
v 18.569492 -1.407539 -39.338268
v 19.350008 0.348819 -39.338268
f 5334 5335 5336
f 5336 5337 5334
f 5329 5330 5331
f 5331 5332 5333
f 5349 5350 5351
f 5351 5337 5349
f 5332 5342 5336
f 5336 5343 5332
f 5338 5339 5340
f 5340 5341 5338
f 5344 5345 5346
f 5346 5347 5348
v -11.836860 -1.407539 1.545798
v -22.314587 -1.407539 1.545796
v -22.314585 2.226533 -6.631788
v -11.836859 2.226533 -6.631785
v -11.836860 -1.407539 1.545798
v -11.836860 0.348819 2.326313
v -11.836859 3.982891 -5.851270
v -22.314585 3.982891 -5.851272
v -22.314587 0.348819 2.326311
v -11.836860 -1.407539 1.545798
v -11.836859 2.226533 -6.631785
v -11.836859 3.982891 -5.851270
v -11.836860 0.348819 2.326313
v -22.314585 2.226533 -6.631788
v -11.836859 3.982891 -5.851270
v -22.314585 2.226533 -6.631788
v -22.314587 -1.407539 1.545796
v -22.314587 0.348819 2.326311
v -22.314585 3.982891 -5.851272
v -22.314585 2.226533 -6.631788
v -22.314587 -1.407539 1.545796
v -11.836860 -1.407539 1.545798
v -11.836860 0.348819 2.326313
f 5357 5358 5359
f 5359 5360 5357
f 5352 5353 5354
f 5354 5355 5356
f 5372 5373 5374
f 5374 5360 5372
f 5355 5365 5359
f 5359 5366 5355
f 5361 5362 5363
f 5363 5364 5361
f 5367 5368 5369
f 5369 5370 5371
v -22.314585 -1.407539 -69.744606
v -11.836857 -1.407539 -69.744598
v -11.836861 2.226533 -61.567017
v -22.314589 2.226533 -61.567020
v -22.314585 -1.407539 -69.744606
v -22.314585 0.348819 -70.525124
v -22.314589 3.982891 -62.347538
v -11.836861 3.982891 -62.347530
v -11.836857 0.348819 -70.525116
v -22.314585 -1.407539 -69.744606
v -22.314589 2.226533 -61.567020
v -22.314589 3.982891 -62.347538
v -22.314585 0.348819 -70.525124
v -11.836861 2.226533 -61.567017
v -22.314589 3.982891 -62.347538
v -11.836861 2.226533 -61.567017
v -11.836857 -1.407539 -69.744598
v -11.836857 0.348819 -70.525116
v -11.836861 3.982891 -62.347530
v -11.836861 2.226533 -61.567017
v -11.836857 -1.407539 -69.744598
v -22.314585 -1.407539 -69.744606
v -22.314585 0.348819 -70.525124
f 5380 5381 5382
f 5382 5383 5380
f 5375 5376 5377
f 5377 5378 5379
f 5395 5396 5397
f 5397 5383 5395
f 5378 5388 5382
f 5382 5389 5378
f 5384 5385 5386
f 5386 5387 5384
f 5390 5391 5392
f 5392 5393 5394
v -40.297836 4.283332 -43.016636
v -40.297836 4.283332 -44.480743
v -39.634945 4.283332 -44.480743
v -39.634945 4.283332 -43.016636
v -40.297836 4.283332 -43.016636
v -40.297836 4.435476 -43.016636
v -39.634945 4.435476 -43.016636
v -39.634945 4.435476 -44.480743
v -40.297836 4.435476 -44.480743
v -40.297836 4.283332 -43.016636
v -39.634945 4.283332 -43.016636
v -39.634945 4.435476 -43.016636
v -40.297836 4.435476 -43.016636
v -39.634945 4.283332 -44.480743
v -39.634945 4.435476 -43.016636
v -39.634945 4.283332 -44.480743
v -40.297836 4.283332 -44.480743
v -40.297836 4.435476 -44.480743
v -39.634945 4.435476 -44.480743
v -39.634945 4.283332 -44.480743
v -40.297836 4.283332 -44.480743
v -40.297836 4.283332 -43.016636
v -40.297836 4.435476 -43.016636
f 5403 5404 5405
f 5405 5406 5403
f 5398 5399 5400
f 5400 5401 5402
f 5418 5419 5420
f 5420 5406 5418
f 5401 5411 5405
f 5405 5412 5401
f 5407 5408 5409
f 5409 5410 5407
f 5413 5414 5415
f 5415 5416 5417
v -26.981035 4.283329 -50.973404
v -26.981035 4.283329 -51.837456
v -26.318144 4.283329 -51.837456
v -26.318144 4.283329 -50.973404
v -26.981035 4.283329 -50.973404
v -26.981035 4.435471 -50.973404
v -26.318144 4.435471 -50.973404
v -26.318144 4.435471 -51.837456
v -26.981035 4.435471 -51.837456
v -26.981035 4.283329 -50.973404
v -26.318144 4.283329 -50.973404
v -26.318144 4.435471 -50.973404
v -26.981035 4.435471 -50.973404
v -26.318144 4.283329 -51.837456
v -26.318144 4.435471 -50.973404
v -26.318144 4.283329 -51.837456
v -26.981035 4.283329 -51.837456
v -26.981035 4.435471 -51.837456
v -26.318144 4.435471 -51.837456
v -26.318144 4.283329 -51.837456
v -26.981035 4.283329 -51.837456
v -26.981035 4.283329 -50.973404
v -26.981035 4.435471 -50.973404
f 5426 5427 5428
f 5428 5429 5426
f 5421 5422 5423
f 5423 5424 5425
f 5441 5442 5443
f 5443 5429 5441
f 5424 5434 5428
f 5428 5435 5424
f 5430 5431 5432
f 5432 5433 5430
f 5436 5437 5438
f 5438 5439 5440
v -23.800177 4.284201 -39.545849
v -23.800177 4.284201 -41.797478
v -23.137323 4.284201 -41.797478
v -23.137323 4.284201 -39.545849
v -23.800177 4.284201 -39.545849
v -23.800177 4.435466 -39.545849
v -23.137323 4.435466 -39.545849
v -23.137323 4.435466 -41.797478
v -23.800177 4.435466 -41.797478
v -23.800177 4.284201 -39.545849
v -23.137323 4.284201 -39.545849
v -23.137323 4.435466 -39.545849
v -23.800177 4.435466 -39.545849
v -23.137323 4.284201 -41.797478
v -23.137323 4.435466 -39.545849
v -23.137323 4.284201 -41.797478
v -23.800177 4.284201 -41.797478
v -23.800177 4.435466 -41.797478
v -23.137323 4.435466 -41.797478
v -23.137323 4.284201 -41.797478
v -23.800177 4.284201 -41.797478
v -23.800177 4.284201 -39.545849
v -23.800177 4.435466 -39.545849
f 5449 5450 5451
f 5451 5452 5449
f 5444 5445 5446
f 5446 5447 5448
f 5464 5465 5466
f 5466 5452 5464
f 5447 5457 5451
f 5451 5458 5447
f 5453 5454 5455
f 5455 5456 5453
f 5459 5460 5461
f 5461 5462 5463
v -23.800177 4.284201 -18.079037
v -23.800177 4.284201 -19.281807
v -23.137323 4.284201 -19.281807
v -23.137323 4.284201 -18.079037
v -23.800177 4.284201 -18.079037
v -23.800177 4.435475 -18.079037
v -23.137323 4.435475 -18.079037
v -23.137323 4.435475 -19.281807
v -23.800177 4.435475 -19.281807
v -23.800177 4.284201 -18.079037
v -23.137323 4.284201 -18.079037
v -23.137323 4.435475 -18.079037
v -23.800177 4.435475 -18.079037
v -23.137323 4.284201 -19.281807
v -23.137323 4.435475 -18.079037
v -23.137323 4.284201 -19.281807
v -23.800177 4.284201 -19.281807
v -23.800177 4.435475 -19.281807
v -23.137323 4.435475 -19.281807
v -23.137323 4.284201 -19.281807
v -23.800177 4.284201 -19.281807
v -23.800177 4.284201 -18.079037
v -23.800177 4.435475 -18.079037
f 5472 5473 5474
f 5474 5475 5472
f 5467 5468 5469
f 5469 5470 5471
f 5487 5488 5489
f 5489 5475 5487
f 5470 5480 5474
f 5474 5481 5470
f 5476 5477 5478
f 5478 5479 5476
f 5482 5483 5484
f 5484 5485 5486
v -14.306809 3.982891 -31.733898
v -13.450807 3.982891 -34.056545
v -12.787385 3.982891 -33.812046
v -13.643388 3.982891 -31.489397
v -14.306809 3.982891 -31.733898
v -14.306809 4.284799 -31.733898
v -13.643388 4.284799 -31.489397
v -12.787385 4.284799 -33.812046
v -13.450807 4.284799 -34.056545
v -14.306809 3.982891 -31.733898
v -13.643388 3.982891 -31.489397
v -13.643388 4.284799 -31.489397
v -14.306809 4.284799 -31.733898
v -12.787385 3.982891 -33.812046
v -13.643388 4.284799 -31.489397
v -12.787385 3.982891 -33.812046
v -13.450807 3.982891 -34.056545
v -13.450807 4.284799 -34.056545
v -12.787385 4.284799 -33.812046
v -12.787385 3.982891 -33.812046
v -13.450807 3.982891 -34.056545
v -14.306809 3.982891 -31.733898
v -14.306809 4.284799 -31.733898
f 5495 5496 5497
f 5497 5498 5495
f 5490 5491 5492
f 5492 5493 5494
f 5510 5511 5512
f 5512 5498 5510
f 5493 5503 5497
f 5497 5504 5493
f 5499 5500 5501
f 5501 5502 5499
f 5505 5506 5507
f 5507 5508 5509
v -16.442465 3.982891 -30.495327
v -14.304753 3.982891 -31.743378
v -13.948271 3.982891 -31.132780
v -16.085981 3.982891 -29.884729
v -16.442465 3.982891 -30.495327
v -16.442465 4.284799 -30.495327
v -16.085981 4.284799 -29.884729
v -13.948271 4.284799 -31.132780
v -14.304753 4.284799 -31.743378
v -16.442465 3.982891 -30.495327
v -16.085981 3.982891 -29.884729
v -16.085981 4.284799 -29.884729
v -16.442465 4.284799 -30.495327
v -13.948271 3.982891 -31.132780
v -16.085981 4.284799 -29.884729
v -13.948271 3.982891 -31.132780
v -14.304753 3.982891 -31.743378
v -14.304753 4.284799 -31.743378
v -13.948271 4.284799 -31.132780
v -13.948271 3.982891 -31.132780
v -14.304753 3.982891 -31.743378
v -16.442465 3.982891 -30.495327
v -16.442465 4.284799 -30.495327
f 5518 5519 5520
f 5520 5521 5518
f 5513 5514 5515
f 5515 5516 5517
f 5533 5534 5535
f 5535 5521 5533
f 5516 5526 5520
f 5520 5527 5516
f 5522 5523 5524
f 5524 5525 5522
f 5528 5529 5530
f 5530 5531 5532
v -18.871817 3.982891 -30.930197
v -16.435158 3.982891 -30.494150
v -16.559708 3.982891 -29.798162
v -18.996365 3.982891 -30.234209
v -18.871817 3.982891 -30.930197
v -18.871817 4.284799 -30.930197
v -18.996365 4.284799 -30.234209
v -16.559708 4.284799 -29.798162
v -16.435158 4.284799 -30.494150
v -18.871817 3.982891 -30.930197
v -18.996365 3.982891 -30.234209
v -18.996365 4.284799 -30.234209
v -18.871817 4.284799 -30.930197
v -16.559708 3.982891 -29.798162
v -18.996365 4.284799 -30.234209
v -16.559708 3.982891 -29.798162
v -16.435158 3.982891 -30.494150
v -16.435158 4.284799 -30.494150
v -16.559708 4.284799 -29.798162
v -16.559708 3.982891 -29.798162
v -16.435158 3.982891 -30.494150
v -18.871817 3.982891 -30.930197
v -18.871817 4.284799 -30.930197
f 5541 5542 5543
f 5543 5544 5541
f 5536 5537 5538
f 5538 5539 5540
f 5556 5557 5558
f 5558 5544 5556
f 5539 5549 5543
f 5543 5550 5539
f 5545 5546 5547
f 5547 5548 5545
f 5551 5552 5553
f 5553 5554 5555
v -20.450590 3.982891 -32.816769
v -18.859789 3.982891 -30.920250
v -19.401495 3.982891 -30.465866
v -20.992296 3.982891 -32.362389
v -20.450590 3.982891 -32.816769
v -20.450590 4.284799 -32.816769
v -20.992296 4.284799 -32.362389
v -19.401495 4.284799 -30.465866
v -18.859789 4.284799 -30.920250
v -20.450590 3.982891 -32.816769
v -20.992296 3.982891 -32.362389
v -20.992296 4.284799 -32.362389
v -20.450590 4.284799 -32.816769
v -19.401495 3.982891 -30.465866
v -20.992296 4.284799 -32.362389
v -19.401495 3.982891 -30.465866
v -18.859789 3.982891 -30.920250
v -18.859789 4.284799 -30.920250
v -19.401495 4.284799 -30.465866
v -19.401495 3.982891 -30.465866
v -18.859789 3.982891 -30.920250
v -20.450590 3.982891 -32.816769
v -20.450590 4.284799 -32.816769
f 5564 5565 5566
f 5566 5567 5564
f 5559 5560 5561
f 5561 5562 5563
f 5579 5580 5581
f 5581 5567 5579
f 5562 5572 5566
f 5566 5573 5562
f 5568 5569 5570
f 5570 5571 5568
f 5574 5575 5576
f 5576 5577 5578
v -20.435249 3.982891 -35.291607
v -20.445591 3.982891 -32.816261
v -21.152628 3.982891 -32.819214
v -21.142284 3.982891 -35.294559
v -20.435249 3.982891 -35.291607
v -20.435249 4.284799 -35.291607
v -21.142284 4.284799 -35.294559
v -21.152628 4.284799 -32.819214
v -20.445591 4.284799 -32.816261
v -20.435249 3.982891 -35.291607
v -21.142284 3.982891 -35.294559
v -21.142284 4.284799 -35.294559
v -20.435249 4.284799 -35.291607
v -21.152628 3.982891 -32.819214
v -21.142284 4.284799 -35.294559
v -21.152628 3.982891 -32.819214
v -20.445591 3.982891 -32.816261
v -20.445591 4.284799 -32.816261
v -21.152628 4.284799 -32.819214
v -21.152628 3.982891 -32.819214
v -20.445591 3.982891 -32.816261
v -20.435249 3.982891 -35.291607
v -20.435249 4.284799 -35.291607
f 5587 5588 5589
f 5589 5590 5587
f 5582 5583 5584
f 5584 5585 5586
f 5602 5603 5604
f 5604 5590 5602
f 5585 5595 5589
f 5589 5596 5585
f 5591 5592 5593
f 5593 5594 5591
f 5597 5598 5599
f 5599 5600 5601
v -18.864288 3.982891 -37.181824
v -20.456255 3.982891 -35.286282
v -20.997681 3.982891 -35.740997
v -19.405716 3.982891 -37.636539
v -18.864288 3.982891 -37.181824
v -18.864288 4.284799 -37.181824
v -19.405716 4.284799 -37.636539
v -20.997681 4.284799 -35.740997
v -20.456255 4.284799 -35.286282
v -18.864288 3.982891 -37.181824
v -19.405716 3.982891 -37.636539
v -19.405716 4.284799 -37.636539
v -18.864288 4.284799 -37.181824
v -20.997681 3.982891 -35.740997
v -19.405716 4.284799 -37.636539
v -20.997681 3.982891 -35.740997
v -20.456255 3.982891 -35.286282
v -20.456255 4.284799 -35.286282
v -20.997681 4.284799 -35.740997
v -20.997681 3.982891 -35.740997
v -20.456255 3.982891 -35.286282
v -18.864288 3.982891 -37.181824
v -18.864288 4.284799 -37.181824
f 5610 5611 5612
f 5612 5613 5610
f 5605 5606 5607
f 5607 5608 5609
f 5625 5626 5627
f 5627 5613 5625
f 5608 5618 5612
f 5612 5619 5608
f 5614 5615 5616
f 5616 5617 5614
f 5620 5621 5622
f 5622 5623 5624
v -16.446875 3.982891 -37.617962
v -18.880463 3.982891 -37.165100
v -19.009815 3.982891 -37.860210
v -16.576227 3.982891 -38.313072
v -16.446875 3.982891 -37.617962
v -16.446875 4.284799 -37.617962
v -16.576227 4.284799 -38.313072
v -19.009815 4.284799 -37.860210
v -18.880463 4.284799 -37.165100
v -16.446875 3.982891 -37.617962
v -16.576227 3.982891 -38.313072
v -16.576227 4.284799 -38.313072
v -16.446875 4.284799 -37.617962
v -19.009815 3.982891 -37.860210
v -16.576227 4.284799 -38.313072
v -19.009815 3.982891 -37.860210
v -18.880463 3.982891 -37.165100
v -18.880463 4.284799 -37.165100
v -19.009815 4.284799 -37.860210
v -19.009815 3.982891 -37.860210
v -18.880463 3.982891 -37.165100
v -16.446875 3.982891 -37.617962
v -16.446875 4.284799 -37.617962
f 5633 5634 5635
f 5635 5636 5633
f 5628 5629 5630
f 5630 5631 5632
f 5648 5649 5650
f 5650 5636 5648
f 5631 5641 5635
f 5635 5642 5631
f 5637 5638 5639
f 5639 5640 5637
f 5643 5644 5645
f 5645 5646 5647
v -14.298279 3.982891 -36.364983
v -16.442923 3.982891 -37.601082
v -16.089853 3.982891 -38.213661
v -13.945210 3.982891 -36.977562
v -14.298279 3.982891 -36.364983
v -14.298279 4.284799 -36.364983
v -13.945210 4.284799 -36.977562
v -16.089853 4.284799 -38.213661
v -16.442923 4.284799 -37.601082
v -14.298279 3.982891 -36.364983
v -13.945210 3.982891 -36.977562
v -13.945210 4.284799 -36.977562
v -14.298279 4.284799 -36.364983
v -16.089853 3.982891 -38.213661
v -13.945210 4.284799 -36.977562
v -16.089853 3.982891 -38.213661
v -16.442923 3.982891 -37.601082
v -16.442923 4.284799 -37.601082
v -16.089853 4.284799 -38.213661
v -16.089853 3.982891 -38.213661
v -16.442923 3.982891 -37.601082
v -14.298279 3.982891 -36.364983
v -14.298279 4.284799 -36.364983
f 5656 5657 5658
f 5658 5659 5656
f 5651 5652 5653
f 5653 5654 5655
f 5671 5672 5673
f 5673 5659 5671
f 5654 5664 5658
f 5658 5665 5654
f 5660 5661 5662
f 5662 5663 5660
f 5666 5667 5668
f 5668 5669 5670
v -13.437332 3.982891 -34.042931
v -14.302533 3.982891 -36.362171
v -13.640085 3.982891 -36.609299
v -12.774884 3.982891 -34.290062
v -13.437332 3.982891 -34.042931
v -13.437332 4.284799 -34.042931
v -12.774884 4.284799 -34.290062
v -13.640085 4.284799 -36.609299
v -14.302533 4.284799 -36.362171
v -13.437332 3.982891 -34.042931
v -12.774884 3.982891 -34.290062
v -12.774884 4.284799 -34.290062
v -13.437332 4.284799 -34.042931
v -13.640085 3.982891 -36.609299
v -12.774884 4.284799 -34.290062
v -13.640085 3.982891 -36.609299
v -14.302533 3.982891 -36.362171
v -14.302533 4.284799 -36.362171
v -13.640085 4.284799 -36.609299
v -13.640085 3.982891 -36.609299
v -14.302533 3.982891 -36.362171
v -13.437332 3.982891 -34.042931
v -13.437332 4.284799 -34.042931
f 5679 5680 5681
f 5681 5682 5679
f 5674 5675 5676
f 5676 5677 5678
f 5694 5695 5696
f 5696 5682 5694
f 5677 5687 5681
f 5681 5688 5677
f 5683 5684 5685
f 5685 5686 5683
f 5689 5690 5691
f 5691 5692 5693
