# https://github.com/mikedh/trimesh
mtllib material.mtl

o TurretMesh
usemtl material_0
v 0.66000004 0.71367474 -0.66000061
v -0.65999985 0.71367474 0.82500000
v 0.66000004 0.71367474 0.82500000
v -0.65999985 0.71367474 -0.66000061
v 0.33000015 0.48530903 -1.15499939
v 0.11418304 0.48530903 -1.15499939
v -0.11418274 0.48530903 -1.15499939
v -0.32999969 0.48530903 -1.15499939
v 0.66000004 -0.00000050 0.82500000
v 0.66000004 -0.00000038 -0.66000000
v 0.33000015 -0.00000038 -1.15499939
v 0.00000015 0.25694313 -1.15499939
v -0.32999969 -0.00000038 -1.15499939
v -0.65999969 -0.00000038 -0.66000000
v -0.65999969 -0.00000050 0.82500000
v -0.32999969 -0.00000038 1.15500244
v -0.32999969 0.48530903 1.15500244
v 0.33000015 0.48530903 1.15500244
v 0.33000015 -0.00000038 1.15500244
v 0.11418304 0.48530903 -2.80500053
v -0.11418274 0.48530903 -2.80500053
v 0.00000015 0.25694317 -2.80500053
v 0.33000015 0.48530903 -1.15499939
v 0.33000015 0.48530903 -1.15499939
v 0.33000015 -0.00000038 -1.15499939
v 0.33000015 -0.00000038 -1.15499939
v -0.11418274 0.48530903 -1.15499939
v -0.32999969 0.48530903 -1.15499939
v -0.32999969 -0.00000038 -1.15499939
v -0.32999969 0.48530903 -1.15499939
v -0.32999969 0.48530903 1.15500244
v 0.33000015 0.48530903 1.15500244
v 0.33000015 0.48530903 1.15500244
v -0.32999969 -0.00000038 1.15500244
v 0.33000015 -0.00000038 1.15500244
v -0.32999969 0.48530903 1.15500244
v -0.32999969 -0.00000038 1.15500244
v -0.11418274 0.48530903 -1.15499939
v -0.11418274 0.48530903 -1.15499939
v 0.11418304 0.48530903 -1.15499939
v 0.00000015 0.25694313 -1.15499939
v 0.11418304 0.48530903 -1.15499939
v 0.00000015 0.25694313 -1.15499939
v 0.00000015 0.25694317 -2.80500053
v 0.00000015 0.25694313 -1.15499939
v -0.11418274 0.48530903 -1.15499939
v -0.11418274 0.48530903 -1.15499939
v 0.00000015 0.25694317 -2.80500053
v 0.00000015 0.25694317 -2.80500053
v 0.33000015 -0.00000038 1.15500244
v -0.32999969 -0.00000038 1.15500244
v -0.65999969 -0.00000050 0.82500000
v -0.65999969 -0.00000050 0.82500000
v -0.65999969 -0.00000038 -0.66000000
v -0.32999969 -0.00000038 -1.15499939
v -0.32999969 -0.00000038 -1.15499939
v 0.33000015 -0.00000038 -1.15499939
v 0.66000004 -0.00000038 -0.66000000
v -0.65999969 -0.00000050 0.82500000
v -0.32999969 -0.00000038 -1.15499939
v 0.66000004 -0.00000038 -0.66000000
v 0.33000015 -0.00000038 1.15500244
v -0.65999969 -0.00000050 0.82500000
v 0.66000004 -0.00000038 -0.66000000
v 0.66000004 -0.00000050 0.82500000
v 0.33000015 -0.00000038 1.15500244
v 0.66000004 -0.00000038 -0.66000000
v -0.39000000 0.10000000 -1.17000000
v -0.39000000 0.10000000 -1.03000000
v -0.39000000 0.56000000 -1.17000000
v -0.39000000 0.56000000 -1.03000000
v 0.39000000 0.10000000 -1.17000000
v 0.39000000 0.10000000 -1.03000000
v 0.39000000 0.56000000 -1.17000000
v 0.39000000 0.56000000 -1.03000000
v 0.00000000 0.31000000 -1.26000000
v 0.24500000 0.31000000 -1.26000000
v 0.24500000 0.31000000 -1.10000000
v 0.00000000 0.31000000 -1.10000000
v 0.23300885 0.38570916 -1.26000000
v 0.23300885 0.38570916 -1.10000000
v 0.19820916 0.45400739 -1.26000000
v 0.19820916 0.45400739 -1.10000000
v 0.14400739 0.50820916 -1.26000000
v 0.14400739 0.50820916 -1.10000000
v 0.07570916 0.54300885 -1.26000000
v 0.07570916 0.54300885 -1.10000000
v 0.00000000 0.55500000 -1.26000000
v 0.00000000 0.55500000 -1.10000000
v -0.07570916 0.54300885 -1.26000000
v -0.07570916 0.54300885 -1.10000000
v -0.14400739 0.50820916 -1.26000000
v -0.14400739 0.50820916 -1.10000000
v -0.19820916 0.45400739 -1.26000000
v -0.19820916 0.45400739 -1.10000000
v -0.23300885 0.38570916 -1.26000000
v -0.23300885 0.38570916 -1.10000000
v -0.24500000 0.31000000 -1.26000000
v -0.24500000 0.31000000 -1.10000000
v -0.23300885 0.23429084 -1.26000000
v -0.23300885 0.23429084 -1.10000000
v -0.19820916 0.16599261 -1.26000000
v -0.19820916 0.16599261 -1.10000000
v -0.14400739 0.11179084 -1.26000000
v -0.14400739 0.11179084 -1.10000000
v -0.07570916 0.07699115 -1.26000000
v -0.07570916 0.07699115 -1.10000000
v -0.00000000 0.06500000 -1.26000000
v -0.00000000 0.06500000 -1.10000000
v 0.07570916 0.07699115 -1.26000000
v 0.07570916 0.07699115 -1.10000000
v 0.14400739 0.11179084 -1.26000000
v 0.14400739 0.11179084 -1.10000000
v 0.19820916 0.16599261 -1.26000000
v 0.19820916 0.16599261 -1.10000000
v 0.23300885 0.23429084 -1.26000000
v 0.23300885 0.23429084 -1.10000000
v -0.68250000 0.11000000 -0.25000000
v -0.68250000 0.11000000 0.57000000
v -0.68250000 0.53000000 -0.25000000
v -0.68250000 0.53000000 0.57000000
v -0.64750000 0.11000000 -0.25000000
v -0.64750000 0.11000000 0.57000000
v -0.64750000 0.53000000 -0.25000000
v -0.64750000 0.53000000 0.57000000
v -0.68750000 0.13000000 0.55000000
v -0.68750000 0.13000000 1.01000000
v -0.68750000 0.43000000 0.55000000
v -0.68750000 0.43000000 1.01000000
v -0.65250000 0.13000000 0.55000000
v -0.65250000 0.13000000 1.01000000
v -0.65250000 0.43000000 0.55000000
v -0.65250000 0.43000000 1.01000000
v 0.64750000 0.11000000 -0.25000000
v 0.64750000 0.11000000 0.57000000
v 0.64750000 0.53000000 -0.25000000
v 0.64750000 0.53000000 0.57000000
v 0.68250000 0.11000000 -0.25000000
v 0.68250000 0.11000000 0.57000000
v 0.68250000 0.53000000 -0.25000000
v 0.68250000 0.53000000 0.57000000
v 0.65250000 0.13000000 0.55000000
v 0.65250000 0.13000000 1.01000000
v 0.65250000 0.43000000 0.55000000
v 0.65250000 0.43000000 1.01000000
v 0.68750000 0.13000000 0.55000000
v 0.68750000 0.13000000 1.01000000
v 0.68750000 0.43000000 0.55000000
v 0.68750000 0.43000000 1.01000000
v -0.51000000 0.70750000 0.21000000
v -0.51000000 0.70750000 0.63000000
v -0.51000000 0.74250000 0.21000000
v -0.51000000 0.74250000 0.63000000
v 0.07000000 0.70750000 0.21000000
v 0.07000000 0.70750000 0.63000000
v 0.07000000 0.74250000 0.21000000
v 0.07000000 0.74250000 0.63000000
v -0.35000000 0.76250000 0.62000000
v -0.19000000 0.76250000 0.62000000
v -0.19000000 0.72750000 0.62000000
v -0.35000000 0.72750000 0.62000000
v -0.19783096 0.76250000 0.66944272
v -0.19783096 0.72750000 0.66944272
v -0.22055728 0.76250000 0.71404564
v -0.22055728 0.72750000 0.71404564
v -0.25595436 0.76250000 0.74944272
v -0.25595436 0.72750000 0.74944272
v -0.30055728 0.76250000 0.77216904
v -0.30055728 0.72750000 0.77216904
v -0.35000000 0.76250000 0.78000000
v -0.35000000 0.72750000 0.78000000
v -0.39944272 0.76250000 0.77216904
v -0.39944272 0.72750000 0.77216904
v -0.44404564 0.76250000 0.74944272
v -0.44404564 0.72750000 0.74944272
v -0.47944272 0.76250000 0.71404564
v -0.47944272 0.72750000 0.71404564
v -0.50216904 0.76250000 0.66944272
v -0.50216904 0.72750000 0.66944272
v -0.51000000 0.76250000 0.62000000
v -0.51000000 0.72750000 0.62000000
v -0.50216904 0.76250000 0.57055728
v -0.50216904 0.72750000 0.57055728
v -0.47944272 0.76250000 0.52595436
v -0.47944272 0.72750000 0.52595436
v -0.44404564 0.76250000 0.49055728
v -0.44404564 0.72750000 0.49055728
v -0.39944272 0.76250000 0.46783096
v -0.39944272 0.72750000 0.46783096
v -0.35000000 0.76250000 0.46000000
v -0.35000000 0.72750000 0.46000000
v -0.30055728 0.76250000 0.46783096
v -0.30055728 0.72750000 0.46783096
v -0.25595436 0.76250000 0.49055728
v -0.25595436 0.72750000 0.49055728
v -0.22055728 0.76250000 0.52595436
v -0.22055728 0.72750000 0.52595436
v -0.19783096 0.76250000 0.57055728
v -0.19783096 0.72750000 0.57055728
v 0.12000000 0.71050000 0.26000000
v 0.12000000 0.71050000 0.58000000
v 0.12000000 0.74550000 0.26000000
v 0.12000000 0.74550000 0.58000000
v 0.48000000 0.71050000 0.26000000
v 0.48000000 0.71050000 0.58000000
v 0.48000000 0.74550000 0.26000000
v 0.48000000 0.74550000 0.58000000
v -0.29750000 0.74100000 -0.26000000
v -0.29750000 0.74100000 0.16000000
v -0.29750000 0.76900000 -0.26000000
v -0.29750000 0.76900000 0.16000000
v -0.26250000 0.74100000 -0.26000000
v -0.26250000 0.74100000 0.16000000
v -0.26250000 0.76900000 -0.26000000
v -0.26250000 0.76900000 0.16000000
v -0.19750000 0.74100000 -0.26000000
v -0.19750000 0.74100000 0.16000000
v -0.19750000 0.76900000 -0.26000000
v -0.19750000 0.76900000 0.16000000
v -0.16250000 0.74100000 -0.26000000
v -0.16250000 0.74100000 0.16000000
v -0.16250000 0.76900000 -0.26000000
v -0.16250000 0.76900000 0.16000000
v -0.09750000 0.74100000 -0.26000000
v -0.09750000 0.74100000 0.16000000
v -0.09750000 0.76900000 -0.26000000
v -0.09750000 0.76900000 0.16000000
v -0.06250000 0.74100000 -0.26000000
v -0.06250000 0.74100000 0.16000000
v -0.06250000 0.76900000 -0.26000000
v -0.06250000 0.76900000 0.16000000
v 0.00250000 0.74100000 -0.26000000
v 0.00250000 0.74100000 0.16000000
v 0.00250000 0.76900000 -0.26000000
v 0.00250000 0.76900000 0.16000000
v 0.03750000 0.74100000 -0.26000000
v 0.03750000 0.74100000 0.16000000
v 0.03750000 0.76900000 -0.26000000
v 0.03750000 0.76900000 0.16000000
v 0.10250000 0.74100000 -0.26000000
v 0.10250000 0.74100000 0.16000000
v 0.10250000 0.76900000 -0.26000000
v 0.10250000 0.76900000 0.16000000
v 0.13750000 0.74100000 -0.26000000
v 0.13750000 0.74100000 0.16000000
v 0.13750000 0.76900000 -0.26000000
v 0.13750000 0.76900000 0.16000000
v 0.20250000 0.74100000 -0.26000000
v 0.20250000 0.74100000 0.16000000
v 0.20250000 0.76900000 -0.26000000
v 0.20250000 0.76900000 0.16000000
v 0.23750000 0.74100000 -0.26000000
v 0.23750000 0.74100000 0.16000000
v 0.23750000 0.76900000 -0.26000000
v 0.23750000 0.76900000 0.16000000
v 0.67900000 0.32250000 -0.08000000
v 0.67900000 0.32250000 0.28000000
v 0.67900000 0.35750000 -0.08000000
v 0.67900000 0.35750000 0.28000000
v 0.70100000 0.32250000 -0.08000000
v 0.70100000 0.32250000 0.28000000
v 0.70100000 0.35750000 -0.08000000
v 0.70100000 0.35750000 0.28000000
v 0.67900000 0.32250000 -0.01000000
v 0.67900000 0.32250000 0.35000000
v 0.67900000 0.35750000 -0.01000000
v 0.67900000 0.35750000 0.35000000
v 0.70100000 0.32250000 -0.01000000
v 0.70100000 0.32250000 0.35000000
v 0.70100000 0.35750000 -0.01000000
v 0.70100000 0.35750000 0.35000000
v 0.67900000 0.32250000 0.06000000
v 0.67900000 0.32250000 0.42000000
v 0.67900000 0.35750000 0.06000000
v 0.67900000 0.35750000 0.42000000
v 0.70100000 0.32250000 0.06000000
v 0.70100000 0.32250000 0.42000000
v 0.70100000 0.35750000 0.06000000
v 0.70100000 0.35750000 0.42000000
v 0.67900000 0.32250000 0.13000000
v 0.67900000 0.32250000 0.49000000
v 0.67900000 0.35750000 0.13000000
v 0.67900000 0.35750000 0.49000000
v 0.70100000 0.32250000 0.13000000
v 0.70100000 0.32250000 0.49000000
v 0.70100000 0.35750000 0.13000000
v 0.70100000 0.35750000 0.49000000
v 0.67900000 0.32250000 0.20000000
v 0.67900000 0.32250000 0.56000000
v 0.67900000 0.35750000 0.20000000
v 0.67900000 0.35750000 0.56000000
v 0.70100000 0.32250000 0.20000000
v 0.70100000 0.32250000 0.56000000
v 0.70100000 0.35750000 0.20000000
v 0.70100000 0.35750000 0.56000000
v 0.67900000 0.32250000 0.27000000
v 0.67900000 0.32250000 0.63000000
v 0.67900000 0.35750000 0.27000000
v 0.67900000 0.35750000 0.63000000
v 0.70100000 0.32250000 0.27000000
v 0.70100000 0.32250000 0.63000000
v 0.70100000 0.35750000 0.27000000
v 0.70100000 0.35750000 0.63000000
v -0.53000000 0.32250000 1.15750000
v -0.53000000 0.32250000 1.18250000
v -0.53000000 0.35750000 1.15750000
v -0.53000000 0.35750000 1.18250000
v -0.03000000 0.32250000 1.15750000
v -0.03000000 0.32250000 1.18250000
v -0.03000000 0.35750000 1.15750000
v -0.03000000 0.35750000 1.18250000
v -0.42000000 0.32250000 1.15750000
v -0.42000000 0.32250000 1.18250000
v -0.42000000 0.35750000 1.15750000
v -0.42000000 0.35750000 1.18250000
v 0.08000000 0.32250000 1.15750000
v 0.08000000 0.32250000 1.18250000
v 0.08000000 0.35750000 1.15750000
v 0.08000000 0.35750000 1.18250000
v -0.31000000 0.32250000 1.15750000
v -0.31000000 0.32250000 1.18250000
v -0.31000000 0.35750000 1.15750000
v -0.31000000 0.35750000 1.18250000
v 0.19000000 0.32250000 1.15750000
v 0.19000000 0.32250000 1.18250000
v 0.19000000 0.35750000 1.15750000
v 0.19000000 0.35750000 1.18250000
v -0.20000000 0.32250000 1.15750000
v -0.20000000 0.32250000 1.18250000
v -0.20000000 0.35750000 1.15750000
v -0.20000000 0.35750000 1.18250000
v 0.30000000 0.32250000 1.15750000
v 0.30000000 0.32250000 1.18250000
v 0.30000000 0.35750000 1.15750000
v 0.30000000 0.35750000 1.18250000
v -0.09000000 0.32250000 1.15750000
v -0.09000000 0.32250000 1.18250000
v -0.09000000 0.35750000 1.15750000
v -0.09000000 0.35750000 1.18250000
v 0.41000000 0.32250000 1.15750000
v 0.41000000 0.32250000 1.18250000
v 0.41000000 0.35750000 1.15750000
v 0.41000000 0.35750000 1.18250000
v 0.02000000 0.32250000 1.15750000
v 0.02000000 0.32250000 1.18250000
v 0.02000000 0.35750000 1.15750000
v 0.02000000 0.35750000 1.18250000
v 0.52000000 0.32250000 1.15750000
v 0.52000000 0.32250000 1.18250000
v 0.52000000 0.35750000 1.15750000
v 0.52000000 0.35750000 1.18250000
v 0.49500000 0.34000000 1.18000000
v 0.48474874 0.36474874 1.18000000
v 0.46000000 0.37500000 1.18000000
v 0.43525126 0.36474874 1.18000000
v 0.42500000 0.34000000 1.18000000
v 0.43525126 0.31525126 1.18000000
v 0.46000000 0.30500000 1.18000000
v 0.48474874 0.31525126 1.18000000
v 0.48447715 0.34000000 1.24643865
v 0.47472762 0.36474874 1.24327084
v 0.45119017 0.37500000 1.23562306
v 0.42765273 0.36474874 1.22797528
v 0.41790319 0.34000000 1.22480746
v 0.42765273 0.31525126 1.22797528
v 0.45119017 0.30500000 1.23562306
v 0.47472762 0.31525126 1.24327084
v 0.45393865 0.34000000 1.30637383
v 0.44564521 0.36474874 1.30034829
v 0.42562306 0.37500000 1.28580135
v 0.40560091 0.36474874 1.27125440
v 0.39730746 0.34000000 1.26522886
v 0.40560091 0.31525126 1.27125440
v 0.42562306 0.30500000 1.28580135
v 0.44564521 0.31525126 1.30034829
v 0.40637383 0.34000000 1.35393865
v 0.40034829 0.36474874 1.34564521
v 0.38580135 0.37500000 1.32562306
v 0.37125440 0.36474874 1.30560091
v 0.36522886 0.34000000 1.29730746
v 0.37125440 0.31525126 1.30560091
v 0.38580135 0.30500000 1.32562306
v 0.40034829 0.31525126 1.34564521
v 0.34643865 0.34000000 1.38447715
v 0.34327084 0.36474874 1.37472762
v 0.33562306 0.37500000 1.35119017
v 0.32797528 0.36474874 1.32765273
v 0.32480746 0.34000000 1.31790319
v 0.32797528 0.31525126 1.32765273
v 0.33562306 0.30500000 1.35119017
v 0.34327084 0.31525126 1.37472762
v 0.28000000 0.34000000 1.39500000
v 0.28000000 0.36474874 1.38474874
v 0.28000000 0.37500000 1.36000000
v 0.28000000 0.36474874 1.33525126
v 0.28000000 0.34000000 1.32500000
v 0.28000000 0.31525126 1.33525126
v 0.28000000 0.30500000 1.36000000
v 0.28000000 0.31525126 1.38474874
v 0.21356135 0.34000000 1.38447715
v 0.21672916 0.36474874 1.37472762
v 0.22437694 0.37500000 1.35119017
v 0.23202472 0.36474874 1.32765273
v 0.23519254 0.34000000 1.31790319
v 0.23202472 0.31525126 1.32765273
v 0.22437694 0.30500000 1.35119017
v 0.21672916 0.31525126 1.37472762
v 0.15362617 0.34000000 1.35393865
v 0.15965171 0.36474874 1.34564521
v 0.17419865 0.37500000 1.32562306
v 0.18874560 0.36474874 1.30560091
v 0.19477114 0.34000000 1.29730746
v 0.18874560 0.31525126 1.30560091
v 0.17419865 0.30500000 1.32562306
v 0.15965171 0.31525126 1.34564521
v 0.10606135 0.34000000 1.30637383
v 0.11435479 0.36474874 1.30034829
v 0.13437694 0.37500000 1.28580135
v 0.15439909 0.36474874 1.27125440
v 0.16269254 0.34000000 1.26522886
v 0.15439909 0.31525126 1.27125440
v 0.13437694 0.30500000 1.28580135
v 0.11435479 0.31525126 1.30034829
v 0.07552285 0.34000000 1.24643865
v 0.08527238 0.36474874 1.24327084
v 0.10880983 0.37500000 1.23562306
v 0.13234727 0.36474874 1.22797528
v 0.14209681 0.34000000 1.22480746
v 0.13234727 0.31525126 1.22797528
v 0.10880983 0.30500000 1.23562306
v 0.08527238 0.31525126 1.24327084
v 0.06500000 0.34000000 1.18000000
v 0.07525126 0.36474874 1.18000000
v 0.10000000 0.37500000 1.18000000
v 0.12474874 0.36474874 1.18000000
v 0.13500000 0.34000000 1.18000000
v 0.12474874 0.31525126 1.18000000
v 0.10000000 0.30500000 1.18000000
v 0.07525126 0.31525126 1.18000000
v 0.07552285 0.34000000 1.11356135
v 0.08527238 0.36474874 1.11672916
v 0.10880983 0.37500000 1.12437694
v 0.13234727 0.36474874 1.13202472
v 0.14209681 0.34000000 1.13519254
v 0.13234727 0.31525126 1.13202472
v 0.10880983 0.30500000 1.12437694
v 0.08527238 0.31525126 1.11672916
v 0.10606135 0.34000000 1.05362617
v 0.11435479 0.36474874 1.05965171
v 0.13437694 0.37500000 1.07419865
v 0.15439909 0.36474874 1.08874560
v 0.16269254 0.34000000 1.09477114
v 0.15439909 0.31525126 1.08874560
v 0.13437694 0.30500000 1.07419865
v 0.11435479 0.31525126 1.05965171
v 0.15362617 0.34000000 1.00606135
v 0.15965171 0.36474874 1.01435479
v 0.17419865 0.37500000 1.03437694
v 0.18874560 0.36474874 1.05439909
v 0.19477114 0.34000000 1.06269254
v 0.18874560 0.31525126 1.05439909
v 0.17419865 0.30500000 1.03437694
v 0.15965171 0.31525126 1.01435479
v 0.21356135 0.34000000 0.97552285
v 0.21672916 0.36474874 0.98527238
v 0.22437694 0.37500000 1.00880983
v 0.23202472 0.36474874 1.03234727
v 0.23519254 0.34000000 1.04209681
v 0.23202472 0.31525126 1.03234727
v 0.22437694 0.30500000 1.00880983
v 0.21672916 0.31525126 0.98527238
v 0.28000000 0.34000000 0.96500000
v 0.28000000 0.36474874 0.97525126
v 0.28000000 0.37500000 1.00000000
v 0.28000000 0.36474874 1.02474874
v 0.28000000 0.34000000 1.03500000
v 0.28000000 0.31525126 1.02474874
v 0.28000000 0.30500000 1.00000000
v 0.28000000 0.31525126 0.97525126
v 0.34643865 0.34000000 0.97552285
v 0.34327084 0.36474874 0.98527238
v 0.33562306 0.37500000 1.00880983
v 0.32797528 0.36474874 1.03234727
v 0.32480746 0.34000000 1.04209681
v 0.32797528 0.31525126 1.03234727
v 0.33562306 0.30500000 1.00880983
v 0.34327084 0.31525126 0.98527238
v 0.40637383 0.34000000 1.00606135
v 0.40034829 0.36474874 1.01435479
v 0.38580135 0.37500000 1.03437694
v 0.37125440 0.36474874 1.05439909
v 0.36522886 0.34000000 1.06269254
v 0.37125440 0.31525126 1.05439909
v 0.38580135 0.30500000 1.03437694
v 0.40034829 0.31525126 1.01435479
v 0.45393865 0.34000000 1.05362617
v 0.44564521 0.36474874 1.05965171
v 0.42562306 0.37500000 1.07419865
v 0.40560091 0.36474874 1.08874560
v 0.39730746 0.34000000 1.09477114
v 0.40560091 0.31525126 1.08874560
v 0.42562306 0.30500000 1.07419865
v 0.44564521 0.31525126 1.05965171
v 0.48447715 0.34000000 1.11356135
v 0.47472762 0.36474874 1.11672916
v 0.45119017 0.37500000 1.12437694
v 0.42765273 0.36474874 1.13202472
v 0.41790319 0.34000000 1.13519254
v 0.42765273 0.31525126 1.13202472
v 0.45119017 0.30500000 1.12437694
v 0.47472762 0.31525126 1.11672916
v 0.28000000 0.34000000 1.17250000
v 0.40000000 0.34000000 1.17250000
v 0.40000000 0.34000000 1.20750000
v 0.28000000 0.34000000 1.20750000
v 0.39086554 0.38592201 1.17250000
v 0.39086554 0.38592201 1.20750000
v 0.36485281 0.42485281 1.17250000
v 0.36485281 0.42485281 1.20750000
v 0.32592201 0.45086554 1.17250000
v 0.32592201 0.45086554 1.20750000
v 0.28000000 0.46000000 1.17250000
v 0.28000000 0.46000000 1.20750000
v 0.23407799 0.45086554 1.17250000
v 0.23407799 0.45086554 1.20750000
v 0.19514719 0.42485281 1.17250000
v 0.19514719 0.42485281 1.20750000
v 0.16913446 0.38592201 1.17250000
v 0.16913446 0.38592201 1.20750000
v 0.16000000 0.34000000 1.17250000
v 0.16000000 0.34000000 1.20750000
v 0.16913446 0.29407799 1.17250000
v 0.16913446 0.29407799 1.20750000
v 0.19514719 0.25514719 1.17250000
v 0.19514719 0.25514719 1.20750000
v 0.23407799 0.22913446 1.17250000
v 0.23407799 0.22913446 1.20750000
v 0.28000000 0.22000000 1.17250000
v 0.28000000 0.22000000 1.20750000
v 0.32592201 0.22913446 1.17250000
v 0.32592201 0.22913446 1.20750000
v 0.36485281 0.25514719 1.17250000
v 0.36485281 0.25514719 1.20750000
v 0.39086554 0.29407799 1.17250000
v 0.39086554 0.29407799 1.20750000
v 0.34000000 0.82000000 -0.54000000
v 0.43000000 0.82000000 -0.54000000
v 0.43000000 0.82000000 -0.36000000
v 0.34000000 0.82000000 -0.36000000
v 0.42314916 0.85444151 -0.54000000
v 0.42314916 0.85444151 -0.36000000
v 0.40363961 0.88363961 -0.54000000
v 0.40363961 0.88363961 -0.36000000
v 0.37444151 0.90314916 -0.54000000
v 0.37444151 0.90314916 -0.36000000
v 0.34000000 0.91000000 -0.54000000
v 0.34000000 0.91000000 -0.36000000
v 0.30555849 0.90314916 -0.54000000
v 0.30555849 0.90314916 -0.36000000
v 0.27636039 0.88363961 -0.54000000
v 0.27636039 0.88363961 -0.36000000
v 0.25685084 0.85444151 -0.54000000
v 0.25685084 0.85444151 -0.36000000
v 0.25000000 0.82000000 -0.54000000
v 0.25000000 0.82000000 -0.36000000
v 0.25685084 0.78555849 -0.54000000
v 0.25685084 0.78555849 -0.36000000
v 0.27636039 0.75636039 -0.54000000
v 0.27636039 0.75636039 -0.36000000
v 0.30555849 0.73685084 -0.54000000
v 0.30555849 0.73685084 -0.36000000
v 0.34000000 0.73000000 -0.54000000
v 0.34000000 0.73000000 -0.36000000
v 0.37444151 0.73685084 -0.54000000
v 0.37444151 0.73685084 -0.36000000
v 0.40363961 0.75636039 -0.54000000
v 0.40363961 0.75636039 -0.36000000
v 0.42314916 0.78555849 -0.54000000
v 0.42314916 0.78555849 -0.36000000
v 0.34000000 0.82000000 -0.59500000
v 0.40500000 0.82000000 -0.59500000
v 0.40500000 0.82000000 -0.40500000
v 0.34000000 0.82000000 -0.40500000
v 0.40005217 0.84487442 -0.59500000
v 0.40005217 0.84487442 -0.40500000
v 0.38596194 0.86596194 -0.59500000
v 0.38596194 0.86596194 -0.40500000
v 0.36487442 0.88005217 -0.59500000
v 0.36487442 0.88005217 -0.40500000
v 0.34000000 0.88500000 -0.59500000
v 0.34000000 0.88500000 -0.40500000
v 0.31512558 0.88005217 -0.59500000
v 0.31512558 0.88005217 -0.40500000
v 0.29403806 0.86596194 -0.59500000
v 0.29403806 0.86596194 -0.40500000
v 0.27994783 0.84487442 -0.59500000
v 0.27994783 0.84487442 -0.40500000
v 0.27500000 0.82000000 -0.59500000
v 0.27500000 0.82000000 -0.40500000
v 0.27994783 0.79512558 -0.59500000
v 0.27994783 0.79512558 -0.40500000
v 0.29403806 0.77403806 -0.59500000
v 0.29403806 0.77403806 -0.40500000
v 0.31512558 0.75994783 -0.59500000
v 0.31512558 0.75994783 -0.40500000
v 0.34000000 0.75500000 -0.59500000
v 0.34000000 0.75500000 -0.40500000
v 0.36487442 0.75994783 -0.59500000
v 0.36487442 0.75994783 -0.40500000
v 0.38596194 0.77403806 -0.59500000
v 0.38596194 0.77403806 -0.40500000
v 0.40005217 0.79512558 -0.59500000
v 0.40005217 0.79512558 -0.40500000
v 0.00000000 0.31000000 -1.25000000
v 0.20000000 0.31000000 -1.25000000
v 0.20000000 0.31000000 -1.15000000
v 0.00000000 0.31000000 -1.15000000
v 0.18793852 0.37840403 -1.25000000
v 0.18793852 0.37840403 -1.15000000
v 0.15320889 0.43855752 -1.25000000
v 0.15320889 0.43855752 -1.15000000
v 0.10000000 0.48320508 -1.25000000
v 0.10000000 0.48320508 -1.15000000
v 0.03472964 0.50696155 -1.25000000
v 0.03472964 0.50696155 -1.15000000
v -0.03472964 0.50696155 -1.25000000
v -0.03472964 0.50696155 -1.15000000
v -0.10000000 0.48320508 -1.25000000
v -0.10000000 0.48320508 -1.15000000
v -0.15320889 0.43855752 -1.25000000
v -0.15320889 0.43855752 -1.15000000
v -0.18793852 0.37840403 -1.25000000
v -0.18793852 0.37840403 -1.15000000
v -0.20000000 0.31000000 -1.25000000
v -0.20000000 0.31000000 -1.15000000
v -0.18793852 0.24159597 -1.25000000
v -0.18793852 0.24159597 -1.15000000
v -0.15320889 0.18144248 -1.25000000
v -0.15320889 0.18144248 -1.15000000
v -0.10000000 0.13679492 -1.25000000
v -0.10000000 0.13679492 -1.15000000
v -0.03472964 0.11303845 -1.25000000
v -0.03472964 0.11303845 -1.15000000
v 0.03472964 0.11303845 -1.25000000
v 0.03472964 0.11303845 -1.15000000
v 0.10000000 0.13679492 -1.25000000
v 0.10000000 0.13679492 -1.15000000
v 0.15320889 0.18144248 -1.25000000
v 0.15320889 0.18144248 -1.15000000
v 0.18793852 0.24159597 -1.25000000
v 0.18793852 0.24159597 -1.15000000
v 0.00000000 0.31000000 -1.46000000
v 0.15000000 0.31000000 -1.46000000
v 0.15000000 0.31000000 -1.38000000
v 0.00000000 0.31000000 -1.38000000
v 0.14095389 0.36130302 -1.46000000
v 0.14095389 0.36130302 -1.38000000
v 0.11490667 0.40641814 -1.46000000
v 0.11490667 0.40641814 -1.38000000
v 0.07500000 0.43990381 -1.46000000
v 0.07500000 0.43990381 -1.38000000
v 0.02604723 0.45772116 -1.46000000
v 0.02604723 0.45772116 -1.38000000
v -0.02604723 0.45772116 -1.46000000
v -0.02604723 0.45772116 -1.38000000
v -0.07500000 0.43990381 -1.46000000
v -0.07500000 0.43990381 -1.38000000
v -0.11490667 0.40641814 -1.46000000
v -0.11490667 0.40641814 -1.38000000
v -0.14095389 0.36130302 -1.46000000
v -0.14095389 0.36130302 -1.38000000
v -0.15000000 0.31000000 -1.46000000
v -0.15000000 0.31000000 -1.38000000
v -0.14095389 0.25869698 -1.46000000
v -0.14095389 0.25869698 -1.38000000
v -0.11490667 0.21358186 -1.46000000
v -0.11490667 0.21358186 -1.38000000
v -0.07500000 0.18009619 -1.46000000
v -0.07500000 0.18009619 -1.38000000
v -0.02604723 0.16227884 -1.46000000
v -0.02604723 0.16227884 -1.38000000
v 0.02604723 0.16227884 -1.46000000
v 0.02604723 0.16227884 -1.38000000
v 0.07500000 0.18009619 -1.46000000
v 0.07500000 0.18009619 -1.38000000
v 0.11490667 0.21358186 -1.46000000
v 0.11490667 0.21358186 -1.38000000
v 0.14095389 0.25869698 -1.46000000
v 0.14095389 0.25869698 -1.38000000
v 0.00000000 0.31000000 -2.59000000
v 0.14500000 0.31000000 -2.59000000
v 0.14500000 0.31000000 -2.51000000
v 0.00000000 0.31000000 -2.51000000
v 0.13625543 0.35959292 -2.59000000
v 0.13625543 0.35959292 -2.51000000
v 0.11107644 0.40320420 -2.59000000
v 0.11107644 0.40320420 -2.51000000
v 0.07250000 0.43557368 -2.59000000
v 0.07250000 0.43557368 -2.51000000
v 0.02517899 0.45279712 -2.59000000
v 0.02517899 0.45279712 -2.51000000
v -0.02517899 0.45279712 -2.59000000
v -0.02517899 0.45279712 -2.51000000
v -0.07250000 0.43557368 -2.59000000
v -0.07250000 0.43557368 -2.51000000
v -0.11107644 0.40320420 -2.59000000
v -0.11107644 0.40320420 -2.51000000
v -0.13625543 0.35959292 -2.59000000
v -0.13625543 0.35959292 -2.51000000
v -0.14500000 0.31000000 -2.59000000
v -0.14500000 0.31000000 -2.51000000
v -0.13625543 0.26040708 -2.59000000
v -0.13625543 0.26040708 -2.51000000
v -0.11107644 0.21679580 -2.59000000
v -0.11107644 0.21679580 -2.51000000
v -0.07250000 0.18442632 -2.59000000
v -0.07250000 0.18442632 -2.51000000
v -0.02517899 0.16720288 -2.59000000
v -0.02517899 0.16720288 -2.51000000
v 0.02517899 0.16720288 -2.59000000
v 0.02517899 0.16720288 -2.51000000
v 0.07250000 0.18442632 -2.59000000
v 0.07250000 0.18442632 -2.51000000
v 0.11107644 0.21679580 -2.59000000
v 0.11107644 0.21679580 -2.51000000
v 0.13625543 0.26040708 -2.59000000
v 0.13625543 0.26040708 -2.51000000
v 0.00000000 0.31000000 -2.79500000
v 0.16000000 0.31000000 -2.79500000
v 0.16000000 0.31000000 -2.72500000
v 0.00000000 0.31000000 -2.72500000
v 0.15035082 0.36472322 -2.79500000
v 0.15035082 0.36472322 -2.72500000
v 0.12256711 0.41284602 -2.79500000
v 0.12256711 0.41284602 -2.72500000
v 0.08000000 0.44856406 -2.79500000
v 0.08000000 0.44856406 -2.72500000
v 0.02778371 0.46756924 -2.79500000
v 0.02778371 0.46756924 -2.72500000
v -0.02778371 0.46756924 -2.79500000
v -0.02778371 0.46756924 -2.72500000
v -0.08000000 0.44856406 -2.79500000
v -0.08000000 0.44856406 -2.72500000
v -0.12256711 0.41284602 -2.79500000
v -0.12256711 0.41284602 -2.72500000
v -0.15035082 0.36472322 -2.79500000
v -0.15035082 0.36472322 -2.72500000
v -0.16000000 0.31000000 -2.79500000
v -0.16000000 0.31000000 -2.72500000
v -0.15035082 0.25527678 -2.79500000
v -0.15035082 0.25527678 -2.72500000
v -0.12256711 0.20715398 -2.79500000
v -0.12256711 0.20715398 -2.72500000
v -0.08000000 0.17143594 -2.79500000
v -0.08000000 0.17143594 -2.72500000
v -0.02778371 0.15243076 -2.79500000
v -0.02778371 0.15243076 -2.72500000
v 0.02778371 0.15243076 -2.79500000
v 0.02778371 0.15243076 -2.72500000
v 0.08000000 0.17143594 -2.79500000
v 0.08000000 0.17143594 -2.72500000
v 0.12256711 0.20715398 -2.79500000
v 0.12256711 0.20715398 -2.72500000
v 0.15035082 0.25527678 -2.79500000
v 0.15035082 0.25527678 -2.72500000
v -0.16000000 0.26000000 -2.81000000
v -0.16000000 0.26000000 -2.67000000
v -0.16000000 0.36000000 -2.81000000
v -0.16000000 0.36000000 -2.67000000
v -0.08000000 0.26000000 -2.81000000
v -0.08000000 0.26000000 -2.67000000
v -0.08000000 0.36000000 -2.81000000
v -0.08000000 0.36000000 -2.67000000
v 0.08000000 0.26000000 -2.81000000
v 0.08000000 0.26000000 -2.67000000
v 0.08000000 0.36000000 -2.81000000
v 0.08000000 0.36000000 -2.67000000
v 0.16000000 0.26000000 -2.81000000
v 0.16000000 0.26000000 -2.67000000
v 0.16000000 0.36000000 -2.81000000
v 0.16000000 0.36000000 -2.67000000
v -0.55104035 0.76186367 0.70000000
v -0.52895965 0.76186367 0.70000000
v -0.55104035 0.72613633 0.70000000
v -0.52895965 0.72613633 0.70000000
v -0.54000000 0.73295965 0.71786367
v -0.54000000 0.75504035 0.71786367
v -0.54000000 0.73295965 0.68213633
v -0.54000000 0.75504035 0.68213633
v -0.52213633 0.74400000 0.68895965
v -0.52213633 0.74400000 0.71104035
v -0.55786367 0.74400000 0.68895965
v -0.55786367 0.74400000 0.71104035
v -0.54000000 0.76500000 0.70000000
v -0.54000000 0.72300000 0.70000000
v -0.54648936 0.72701064 0.71050000
v -0.53351064 0.72701064 0.71050000
v -0.54648936 0.76098936 0.71050000
v -0.53351064 0.76098936 0.71050000
v -0.54000000 0.74400000 0.72100000
v -0.54648936 0.72701064 0.68950000
v -0.53351064 0.72701064 0.68950000
v -0.54648936 0.76098936 0.68950000
v -0.53351064 0.76098936 0.68950000
v -0.54000000 0.74400000 0.67900000
v -0.52301064 0.75450000 0.69351064
v -0.52301064 0.73350000 0.69351064
v -0.52950000 0.73751064 0.68301064
v -0.52950000 0.75048936 0.68301064
v -0.52301064 0.75450000 0.70648936
v -0.52301064 0.73350000 0.70648936
v -0.52950000 0.73751064 0.71698936
v -0.52950000 0.75048936 0.71698936
v -0.51900000 0.74400000 0.70000000
v -0.55698936 0.75450000 0.69351064
v -0.55698936 0.73350000 0.69351064
v -0.55050000 0.73751064 0.68301064
v -0.55050000 0.75048936 0.68301064
v -0.55698936 0.75450000 0.70648936
v -0.55698936 0.73350000 0.70648936
v -0.55050000 0.73751064 0.71698936
v -0.55050000 0.75048936 0.71698936
v -0.56100000 0.74400000 0.70000000
v -0.55104035 0.76186367 -0.52000000
v -0.52895965 0.76186367 -0.52000000
v -0.55104035 0.72613633 -0.52000000
v -0.52895965 0.72613633 -0.52000000
v -0.54000000 0.73295965 -0.50213633
v -0.54000000 0.75504035 -0.50213633
v -0.54000000 0.73295965 -0.53786367
v -0.54000000 0.75504035 -0.53786367
v -0.52213633 0.74400000 -0.53104035
v -0.52213633 0.74400000 -0.50895965
v -0.55786367 0.74400000 -0.53104035
v -0.55786367 0.74400000 -0.50895965
v -0.54000000 0.76500000 -0.52000000
v -0.54000000 0.72300000 -0.52000000
v -0.54648936 0.72701064 -0.50950000
v -0.53351064 0.72701064 -0.50950000
v -0.54648936 0.76098936 -0.50950000
v -0.53351064 0.76098936 -0.50950000
v -0.54000000 0.74400000 -0.49900000
v -0.54648936 0.72701064 -0.53050000
v -0.53351064 0.72701064 -0.53050000
v -0.54648936 0.76098936 -0.53050000
v -0.53351064 0.76098936 -0.53050000
v -0.54000000 0.74400000 -0.54100000
v -0.52301064 0.75450000 -0.52648936
v -0.52301064 0.73350000 -0.52648936
v -0.52950000 0.73751064 -0.53698936
v -0.52950000 0.75048936 -0.53698936
v -0.52301064 0.75450000 -0.51351064
v -0.52301064 0.73350000 -0.51351064
v -0.52950000 0.73751064 -0.50301064
v -0.52950000 0.75048936 -0.50301064
v -0.51900000 0.74400000 -0.52000000
v -0.55698936 0.75450000 -0.52648936
v -0.55698936 0.73350000 -0.52648936
v -0.55050000 0.73751064 -0.53698936
v -0.55050000 0.75048936 -0.53698936
v -0.55698936 0.75450000 -0.51351064
v -0.55698936 0.73350000 -0.51351064
v -0.55050000 0.73751064 -0.50301064
v -0.55050000 0.75048936 -0.50301064
v -0.56100000 0.74400000 -0.52000000
v -0.37104035 0.76186367 0.70000000
v -0.34895965 0.76186367 0.70000000
v -0.37104035 0.72613633 0.70000000
v -0.34895965 0.72613633 0.70000000
v -0.36000000 0.73295965 0.71786367
v -0.36000000 0.75504035 0.71786367
v -0.36000000 0.73295965 0.68213633
v -0.36000000 0.75504035 0.68213633
v -0.34213633 0.74400000 0.68895965
v -0.34213633 0.74400000 0.71104035
v -0.37786367 0.74400000 0.68895965
v -0.37786367 0.74400000 0.71104035
v -0.36000000 0.76500000 0.70000000
v -0.36000000 0.72300000 0.70000000
v -0.36648936 0.72701064 0.71050000
v -0.35351064 0.72701064 0.71050000
v -0.36648936 0.76098936 0.71050000
v -0.35351064 0.76098936 0.71050000
v -0.36000000 0.74400000 0.72100000
v -0.36648936 0.72701064 0.68950000
v -0.35351064 0.72701064 0.68950000
v -0.36648936 0.76098936 0.68950000
v -0.35351064 0.76098936 0.68950000
v -0.36000000 0.74400000 0.67900000
v -0.34301064 0.75450000 0.69351064
v -0.34301064 0.73350000 0.69351064
v -0.34950000 0.73751064 0.68301064
v -0.34950000 0.75048936 0.68301064
v -0.34301064 0.75450000 0.70648936
v -0.34301064 0.73350000 0.70648936
v -0.34950000 0.73751064 0.71698936
v -0.34950000 0.75048936 0.71698936
v -0.33900000 0.74400000 0.70000000
v -0.37698936 0.75450000 0.69351064
v -0.37698936 0.73350000 0.69351064
v -0.37050000 0.73751064 0.68301064
v -0.37050000 0.75048936 0.68301064
v -0.37698936 0.75450000 0.70648936
v -0.37698936 0.73350000 0.70648936
v -0.37050000 0.73751064 0.71698936
v -0.37050000 0.75048936 0.71698936
v -0.38100000 0.74400000 0.70000000
v -0.37104035 0.76186367 -0.52000000
v -0.34895965 0.76186367 -0.52000000
v -0.37104035 0.72613633 -0.52000000
v -0.34895965 0.72613633 -0.52000000
v -0.36000000 0.73295965 -0.50213633
v -0.36000000 0.75504035 -0.50213633
v -0.36000000 0.73295965 -0.53786367
v -0.36000000 0.75504035 -0.53786367
v -0.34213633 0.74400000 -0.53104035
v -0.34213633 0.74400000 -0.50895965
v -0.37786367 0.74400000 -0.53104035
v -0.37786367 0.74400000 -0.50895965
v -0.36000000 0.76500000 -0.52000000
v -0.36000000 0.72300000 -0.52000000
v -0.36648936 0.72701064 -0.50950000
v -0.35351064 0.72701064 -0.50950000
v -0.36648936 0.76098936 -0.50950000
v -0.35351064 0.76098936 -0.50950000
v -0.36000000 0.74400000 -0.49900000
v -0.36648936 0.72701064 -0.53050000
v -0.35351064 0.72701064 -0.53050000
v -0.36648936 0.76098936 -0.53050000
v -0.35351064 0.76098936 -0.53050000
v -0.36000000 0.74400000 -0.54100000
v -0.34301064 0.75450000 -0.52648936
v -0.34301064 0.73350000 -0.52648936
v -0.34950000 0.73751064 -0.53698936
v -0.34950000 0.75048936 -0.53698936
v -0.34301064 0.75450000 -0.51351064
v -0.34301064 0.73350000 -0.51351064
v -0.34950000 0.73751064 -0.50301064
v -0.34950000 0.75048936 -0.50301064
v -0.33900000 0.74400000 -0.52000000
v -0.37698936 0.75450000 -0.52648936
v -0.37698936 0.73350000 -0.52648936
v -0.37050000 0.73751064 -0.53698936
v -0.37050000 0.75048936 -0.53698936
v -0.37698936 0.75450000 -0.51351064
v -0.37698936 0.73350000 -0.51351064
v -0.37050000 0.73751064 -0.50301064
v -0.37050000 0.75048936 -0.50301064
v -0.38100000 0.74400000 -0.52000000
v -0.19104035 0.76186367 0.70000000
v -0.16895965 0.76186367 0.70000000
v -0.19104035 0.72613633 0.70000000
v -0.16895965 0.72613633 0.70000000
v -0.18000000 0.73295965 0.71786367
v -0.18000000 0.75504035 0.71786367
v -0.18000000 0.73295965 0.68213633
v -0.18000000 0.75504035 0.68213633
v -0.16213633 0.74400000 0.68895965
v -0.16213633 0.74400000 0.71104035
v -0.19786367 0.74400000 0.68895965
v -0.19786367 0.74400000 0.71104035
v -0.18000000 0.76500000 0.70000000
v -0.18000000 0.72300000 0.70000000
v -0.18648936 0.72701064 0.71050000
v -0.17351064 0.72701064 0.71050000
v -0.18648936 0.76098936 0.71050000
v -0.17351064 0.76098936 0.71050000
v -0.18000000 0.74400000 0.72100000
v -0.18648936 0.72701064 0.68950000
v -0.17351064 0.72701064 0.68950000
v -0.18648936 0.76098936 0.68950000
v -0.17351064 0.76098936 0.68950000
v -0.18000000 0.74400000 0.67900000
v -0.16301064 0.75450000 0.69351064
v -0.16301064 0.73350000 0.69351064
v -0.16950000 0.73751064 0.68301064
v -0.16950000 0.75048936 0.68301064
v -0.16301064 0.75450000 0.70648936
v -0.16301064 0.73350000 0.70648936
v -0.16950000 0.73751064 0.71698936
v -0.16950000 0.75048936 0.71698936
v -0.15900000 0.74400000 0.70000000
v -0.19698936 0.75450000 0.69351064
v -0.19698936 0.73350000 0.69351064
v -0.19050000 0.73751064 0.68301064
v -0.19050000 0.75048936 0.68301064
v -0.19698936 0.75450000 0.70648936
v -0.19698936 0.73350000 0.70648936
v -0.19050000 0.73751064 0.71698936
v -0.19050000 0.75048936 0.71698936
v -0.20100000 0.74400000 0.70000000
v -0.19104035 0.76186367 -0.52000000
v -0.16895965 0.76186367 -0.52000000
v -0.19104035 0.72613633 -0.52000000
v -0.16895965 0.72613633 -0.52000000
v -0.18000000 0.73295965 -0.50213633
v -0.18000000 0.75504035 -0.50213633
v -0.18000000 0.73295965 -0.53786367
v -0.18000000 0.75504035 -0.53786367
v -0.16213633 0.74400000 -0.53104035
v -0.16213633 0.74400000 -0.50895965
v -0.19786367 0.74400000 -0.53104035
v -0.19786367 0.74400000 -0.50895965
v -0.18000000 0.76500000 -0.52000000
v -0.18000000 0.72300000 -0.52000000
v -0.18648936 0.72701064 -0.50950000
v -0.17351064 0.72701064 -0.50950000
v -0.18648936 0.76098936 -0.50950000
v -0.17351064 0.76098936 -0.50950000
v -0.18000000 0.74400000 -0.49900000
v -0.18648936 0.72701064 -0.53050000
v -0.17351064 0.72701064 -0.53050000
v -0.18648936 0.76098936 -0.53050000
v -0.17351064 0.76098936 -0.53050000
v -0.18000000 0.74400000 -0.54100000
v -0.16301064 0.75450000 -0.52648936
v -0.16301064 0.73350000 -0.52648936
v -0.16950000 0.73751064 -0.53698936
v -0.16950000 0.75048936 -0.53698936
v -0.16301064 0.75450000 -0.51351064
v -0.16301064 0.73350000 -0.51351064
v -0.16950000 0.73751064 -0.50301064
v -0.16950000 0.75048936 -0.50301064
v -0.15900000 0.74400000 -0.52000000
v -0.19698936 0.75450000 -0.52648936
v -0.19698936 0.73350000 -0.52648936
v -0.19050000 0.73751064 -0.53698936
v -0.19050000 0.75048936 -0.53698936
v -0.19698936 0.75450000 -0.51351064
v -0.19698936 0.73350000 -0.51351064
v -0.19050000 0.73751064 -0.50301064
v -0.19050000 0.75048936 -0.50301064
v -0.20100000 0.74400000 -0.52000000
v -0.01104035 0.76186367 0.70000000
v 0.01104035 0.76186367 0.70000000
v -0.01104035 0.72613633 0.70000000
v 0.01104035 0.72613633 0.70000000
v 0.00000000 0.73295965 0.71786367
v 0.00000000 0.75504035 0.71786367
v 0.00000000 0.73295965 0.68213633
v 0.00000000 0.75504035 0.68213633
v 0.01786367 0.74400000 0.68895965
v 0.01786367 0.74400000 0.71104035
v -0.01786367 0.74400000 0.68895965
v -0.01786367 0.74400000 0.71104035
v 0.00000000 0.76500000 0.70000000
v 0.00000000 0.72300000 0.70000000
v -0.00648936 0.72701064 0.71050000
v 0.00648936 0.72701064 0.71050000
v -0.00648936 0.76098936 0.71050000
v 0.00648936 0.76098936 0.71050000
v 0.00000000 0.74400000 0.72100000
v -0.00648936 0.72701064 0.68950000
v 0.00648936 0.72701064 0.68950000
v -0.00648936 0.76098936 0.68950000
v 0.00648936 0.76098936 0.68950000
v 0.00000000 0.74400000 0.67900000
v 0.01698936 0.75450000 0.69351064
v 0.01698936 0.73350000 0.69351064
v 0.01050000 0.73751064 0.68301064
v 0.01050000 0.75048936 0.68301064
v 0.01698936 0.75450000 0.70648936
v 0.01698936 0.73350000 0.70648936
v 0.01050000 0.73751064 0.71698936
v 0.01050000 0.75048936 0.71698936
v 0.02100000 0.74400000 0.70000000
v -0.01698936 0.75450000 0.69351064
v -0.01698936 0.73350000 0.69351064
v -0.01050000 0.73751064 0.68301064
v -0.01050000 0.75048936 0.68301064
v -0.01698936 0.75450000 0.70648936
v -0.01698936 0.73350000 0.70648936
v -0.01050000 0.73751064 0.71698936
v -0.01050000 0.75048936 0.71698936
v -0.02100000 0.74400000 0.70000000
v -0.01104035 0.76186367 -0.52000000
v 0.01104035 0.76186367 -0.52000000
v -0.01104035 0.72613633 -0.52000000
v 0.01104035 0.72613633 -0.52000000
v 0.00000000 0.73295965 -0.50213633
v 0.00000000 0.75504035 -0.50213633
v 0.00000000 0.73295965 -0.53786367
v 0.00000000 0.75504035 -0.53786367
v 0.01786367 0.74400000 -0.53104035
v 0.01786367 0.74400000 -0.50895965
v -0.01786367 0.74400000 -0.53104035
v -0.01786367 0.74400000 -0.50895965
v 0.00000000 0.76500000 -0.52000000
v 0.00000000 0.72300000 -0.52000000
v -0.00648936 0.72701064 -0.50950000
v 0.00648936 0.72701064 -0.50950000
v -0.00648936 0.76098936 -0.50950000
v 0.00648936 0.76098936 -0.50950000
v 0.00000000 0.74400000 -0.49900000
v -0.00648936 0.72701064 -0.53050000
v 0.00648936 0.72701064 -0.53050000
v -0.00648936 0.76098936 -0.53050000
v 0.00648936 0.76098936 -0.53050000
v 0.00000000 0.74400000 -0.54100000
v 0.01698936 0.75450000 -0.52648936
v 0.01698936 0.73350000 -0.52648936
v 0.01050000 0.73751064 -0.53698936
v 0.01050000 0.75048936 -0.53698936
v 0.01698936 0.75450000 -0.51351064
v 0.01698936 0.73350000 -0.51351064
v 0.01050000 0.73751064 -0.50301064
v 0.01050000 0.75048936 -0.50301064
v 0.02100000 0.74400000 -0.52000000
v -0.01698936 0.75450000 -0.52648936
v -0.01698936 0.73350000 -0.52648936
v -0.01050000 0.73751064 -0.53698936
v -0.01050000 0.75048936 -0.53698936
v -0.01698936 0.75450000 -0.51351064
v -0.01698936 0.73350000 -0.51351064
v -0.01050000 0.73751064 -0.50301064
v -0.01050000 0.75048936 -0.50301064
v -0.02100000 0.74400000 -0.52000000
v 0.16895965 0.76186367 0.70000000
v 0.19104035 0.76186367 0.70000000
v 0.16895965 0.72613633 0.70000000
v 0.19104035 0.72613633 0.70000000
v 0.18000000 0.73295965 0.71786367
v 0.18000000 0.75504035 0.71786367
v 0.18000000 0.73295965 0.68213633
v 0.18000000 0.75504035 0.68213633
v 0.19786367 0.74400000 0.68895965
v 0.19786367 0.74400000 0.71104035
v 0.16213633 0.74400000 0.68895965
v 0.16213633 0.74400000 0.71104035
v 0.18000000 0.76500000 0.70000000
v 0.18000000 0.72300000 0.70000000
v 0.17351064 0.72701064 0.71050000
v 0.18648936 0.72701064 0.71050000
v 0.17351064 0.76098936 0.71050000
v 0.18648936 0.76098936 0.71050000
v 0.18000000 0.74400000 0.72100000
v 0.17351064 0.72701064 0.68950000
v 0.18648936 0.72701064 0.68950000
v 0.17351064 0.76098936 0.68950000
v 0.18648936 0.76098936 0.68950000
v 0.18000000 0.74400000 0.67900000
v 0.19698936 0.75450000 0.69351064
v 0.19698936 0.73350000 0.69351064
v 0.19050000 0.73751064 0.68301064
v 0.19050000 0.75048936 0.68301064
v 0.19698936 0.75450000 0.70648936
v 0.19698936 0.73350000 0.70648936
v 0.19050000 0.73751064 0.71698936
v 0.19050000 0.75048936 0.71698936
v 0.20100000 0.74400000 0.70000000
v 0.16301064 0.75450000 0.69351064
v 0.16301064 0.73350000 0.69351064
v 0.16950000 0.73751064 0.68301064
v 0.16950000 0.75048936 0.68301064
v 0.16301064 0.75450000 0.70648936
v 0.16301064 0.73350000 0.70648936
v 0.16950000 0.73751064 0.71698936
v 0.16950000 0.75048936 0.71698936
v 0.15900000 0.74400000 0.70000000
v 0.16895965 0.76186367 -0.52000000
v 0.19104035 0.76186367 -0.52000000
v 0.16895965 0.72613633 -0.52000000
v 0.19104035 0.72613633 -0.52000000
v 0.18000000 0.73295965 -0.50213633
v 0.18000000 0.75504035 -0.50213633
v 0.18000000 0.73295965 -0.53786367
v 0.18000000 0.75504035 -0.53786367
v 0.19786367 0.74400000 -0.53104035
v 0.19786367 0.74400000 -0.50895965
v 0.16213633 0.74400000 -0.53104035
v 0.16213633 0.74400000 -0.50895965
v 0.18000000 0.76500000 -0.52000000
v 0.18000000 0.72300000 -0.52000000
v 0.17351064 0.72701064 -0.50950000
v 0.18648936 0.72701064 -0.50950000
v 0.17351064 0.76098936 -0.50950000
v 0.18648936 0.76098936 -0.50950000
v 0.18000000 0.74400000 -0.49900000
v 0.17351064 0.72701064 -0.53050000
v 0.18648936 0.72701064 -0.53050000
v 0.17351064 0.76098936 -0.53050000
v 0.18648936 0.76098936 -0.53050000
v 0.18000000 0.74400000 -0.54100000
v 0.19698936 0.75450000 -0.52648936
v 0.19698936 0.73350000 -0.52648936
v 0.19050000 0.73751064 -0.53698936
v 0.19050000 0.75048936 -0.53698936
v 0.19698936 0.75450000 -0.51351064
v 0.19698936 0.73350000 -0.51351064
v 0.19050000 0.73751064 -0.50301064
v 0.19050000 0.75048936 -0.50301064
v 0.20100000 0.74400000 -0.52000000
v 0.16301064 0.75450000 -0.52648936
v 0.16301064 0.73350000 -0.52648936
v 0.16950000 0.73751064 -0.53698936
v 0.16950000 0.75048936 -0.53698936
v 0.16301064 0.75450000 -0.51351064
v 0.16301064 0.73350000 -0.51351064
v 0.16950000 0.73751064 -0.50301064
v 0.16950000 0.75048936 -0.50301064
v 0.15900000 0.74400000 -0.52000000
v 0.34895965 0.76186367 0.70000000
v 0.37104035 0.76186367 0.70000000
v 0.34895965 0.72613633 0.70000000
v 0.37104035 0.72613633 0.70000000
v 0.36000000 0.73295965 0.71786367
v 0.36000000 0.75504035 0.71786367
v 0.36000000 0.73295965 0.68213633
v 0.36000000 0.75504035 0.68213633
v 0.37786367 0.74400000 0.68895965
v 0.37786367 0.74400000 0.71104035
v 0.34213633 0.74400000 0.68895965
v 0.34213633 0.74400000 0.71104035
v 0.36000000 0.76500000 0.70000000
v 0.36000000 0.72300000 0.70000000
v 0.35351064 0.72701064 0.71050000
v 0.36648936 0.72701064 0.71050000
v 0.35351064 0.76098936 0.71050000
v 0.36648936 0.76098936 0.71050000
v 0.36000000 0.74400000 0.72100000
v 0.35351064 0.72701064 0.68950000
v 0.36648936 0.72701064 0.68950000
v 0.35351064 0.76098936 0.68950000
v 0.36648936 0.76098936 0.68950000
v 0.36000000 0.74400000 0.67900000
v 0.37698936 0.75450000 0.69351064
v 0.37698936 0.73350000 0.69351064
v 0.37050000 0.73751064 0.68301064
v 0.37050000 0.75048936 0.68301064
v 0.37698936 0.75450000 0.70648936
v 0.37698936 0.73350000 0.70648936
v 0.37050000 0.73751064 0.71698936
v 0.37050000 0.75048936 0.71698936
v 0.38100000 0.74400000 0.70000000
v 0.34301064 0.75450000 0.69351064
v 0.34301064 0.73350000 0.69351064
v 0.34950000 0.73751064 0.68301064
v 0.34950000 0.75048936 0.68301064
v 0.34301064 0.75450000 0.70648936
v 0.34301064 0.73350000 0.70648936
v 0.34950000 0.73751064 0.71698936
v 0.34950000 0.75048936 0.71698936
v 0.33900000 0.74400000 0.70000000
v 0.34895965 0.76186367 -0.52000000
v 0.37104035 0.76186367 -0.52000000
v 0.34895965 0.72613633 -0.52000000
v 0.37104035 0.72613633 -0.52000000
v 0.36000000 0.73295965 -0.50213633
v 0.36000000 0.75504035 -0.50213633
v 0.36000000 0.73295965 -0.53786367
v 0.36000000 0.75504035 -0.53786367
v 0.37786367 0.74400000 -0.53104035
v 0.37786367 0.74400000 -0.50895965
v 0.34213633 0.74400000 -0.53104035
v 0.34213633 0.74400000 -0.50895965
v 0.36000000 0.76500000 -0.52000000
v 0.36000000 0.72300000 -0.52000000
v 0.35351064 0.72701064 -0.50950000
v 0.36648936 0.72701064 -0.50950000
v 0.35351064 0.76098936 -0.50950000
v 0.36648936 0.76098936 -0.50950000
v 0.36000000 0.74400000 -0.49900000
v 0.35351064 0.72701064 -0.53050000
v 0.36648936 0.72701064 -0.53050000
v 0.35351064 0.76098936 -0.53050000
v 0.36648936 0.76098936 -0.53050000
v 0.36000000 0.74400000 -0.54100000
v 0.37698936 0.75450000 -0.52648936
v 0.37698936 0.73350000 -0.52648936
v 0.37050000 0.73751064 -0.53698936
v 0.37050000 0.75048936 -0.53698936
v 0.37698936 0.75450000 -0.51351064
v 0.37698936 0.73350000 -0.51351064
v 0.37050000 0.73751064 -0.50301064
v 0.37050000 0.75048936 -0.50301064
v 0.38100000 0.74400000 -0.52000000
v 0.34301064 0.75450000 -0.52648936
v 0.34301064 0.73350000 -0.52648936
v 0.34950000 0.73751064 -0.53698936
v 0.34950000 0.75048936 -0.53698936
v 0.34301064 0.75450000 -0.51351064
v 0.34301064 0.73350000 -0.51351064
v 0.34950000 0.73751064 -0.50301064
v 0.34950000 0.75048936 -0.50301064
v 0.33900000 0.74400000 -0.52000000
v 0.52895965 0.76186367 0.70000000
v 0.55104035 0.76186367 0.70000000
v 0.52895965 0.72613633 0.70000000
v 0.55104035 0.72613633 0.70000000
v 0.54000000 0.73295965 0.71786367
v 0.54000000 0.75504035 0.71786367
v 0.54000000 0.73295965 0.68213633
v 0.54000000 0.75504035 0.68213633
v 0.55786367 0.74400000 0.68895965
v 0.55786367 0.74400000 0.71104035
v 0.52213633 0.74400000 0.68895965
v 0.52213633 0.74400000 0.71104035
v 0.54000000 0.76500000 0.70000000
v 0.54000000 0.72300000 0.70000000
v 0.53351064 0.72701064 0.71050000
v 0.54648936 0.72701064 0.71050000
v 0.53351064 0.76098936 0.71050000
v 0.54648936 0.76098936 0.71050000
v 0.54000000 0.74400000 0.72100000
v 0.53351064 0.72701064 0.68950000
v 0.54648936 0.72701064 0.68950000
v 0.53351064 0.76098936 0.68950000
v 0.54648936 0.76098936 0.68950000
v 0.54000000 0.74400000 0.67900000
v 0.55698936 0.75450000 0.69351064
v 0.55698936 0.73350000 0.69351064
v 0.55050000 0.73751064 0.68301064
v 0.55050000 0.75048936 0.68301064
v 0.55698936 0.75450000 0.70648936
v 0.55698936 0.73350000 0.70648936
v 0.55050000 0.73751064 0.71698936
v 0.55050000 0.75048936 0.71698936
v 0.56100000 0.74400000 0.70000000
v 0.52301064 0.75450000 0.69351064
v 0.52301064 0.73350000 0.69351064
v 0.52950000 0.73751064 0.68301064
v 0.52950000 0.75048936 0.68301064
v 0.52301064 0.75450000 0.70648936
v 0.52301064 0.73350000 0.70648936
v 0.52950000 0.73751064 0.71698936
v 0.52950000 0.75048936 0.71698936
v 0.51900000 0.74400000 0.70000000
v 0.52895965 0.76186367 -0.52000000
v 0.55104035 0.76186367 -0.52000000
v 0.52895965 0.72613633 -0.52000000
v 0.55104035 0.72613633 -0.52000000
v 0.54000000 0.73295965 -0.50213633
v 0.54000000 0.75504035 -0.50213633
v 0.54000000 0.73295965 -0.53786367
v 0.54000000 0.75504035 -0.53786367
v 0.55786367 0.74400000 -0.53104035
v 0.55786367 0.74400000 -0.50895965
v 0.52213633 0.74400000 -0.53104035
v 0.52213633 0.74400000 -0.50895965
v 0.54000000 0.76500000 -0.52000000
v 0.54000000 0.72300000 -0.52000000
v 0.53351064 0.72701064 -0.50950000
v 0.54648936 0.72701064 -0.50950000
v 0.53351064 0.76098936 -0.50950000
v 0.54648936 0.76098936 -0.50950000
v 0.54000000 0.74400000 -0.49900000
v 0.53351064 0.72701064 -0.53050000
v 0.54648936 0.72701064 -0.53050000
v 0.53351064 0.76098936 -0.53050000
v 0.54648936 0.76098936 -0.53050000
v 0.54000000 0.74400000 -0.54100000
v 0.55698936 0.75450000 -0.52648936
v 0.55698936 0.73350000 -0.52648936
v 0.55050000 0.73751064 -0.53698936
v 0.55050000 0.75048936 -0.53698936
v 0.55698936 0.75450000 -0.51351064
v 0.55698936 0.73350000 -0.51351064
v 0.55050000 0.73751064 -0.50301064
v 0.55050000 0.75048936 -0.50301064
v 0.56100000 0.74400000 -0.52000000
v 0.52301064 0.75450000 -0.52648936
v 0.52301064 0.73350000 -0.52648936
v 0.52950000 0.73751064 -0.53698936
v 0.52950000 0.75048936 -0.53698936
v 0.52301064 0.75450000 -0.51351064
v 0.52301064 0.73350000 -0.51351064
v 0.52950000 0.73751064 -0.50301064
v 0.52950000 0.75048936 -0.50301064
v 0.51900000 0.74400000 -0.52000000
v -0.66551462 0.56701302 -0.45000000
v -0.64448538 0.56701302 -0.45000000
v -0.66551462 0.53298698 -0.45000000
v -0.64448538 0.53298698 -0.45000000
v -0.65500000 0.53948538 -0.43298698
v -0.65500000 0.56051462 -0.43298698
v -0.65500000 0.53948538 -0.46701302
v -0.65500000 0.56051462 -0.46701302
v -0.63798698 0.55000000 -0.46051462
v -0.63798698 0.55000000 -0.43948538
v -0.67201302 0.55000000 -0.46051462
v -0.67201302 0.55000000 -0.43948538
v -0.65500000 0.57000000 -0.45000000
v -0.65500000 0.53000000 -0.45000000
v -0.66118034 0.53381966 -0.44000000
v -0.64881966 0.53381966 -0.44000000
v -0.66118034 0.56618034 -0.44000000
v -0.64881966 0.56618034 -0.44000000
v -0.65500000 0.55000000 -0.43000000
v -0.66118034 0.53381966 -0.46000000
v -0.64881966 0.53381966 -0.46000000
v -0.66118034 0.56618034 -0.46000000
v -0.64881966 0.56618034 -0.46000000
v -0.65500000 0.55000000 -0.47000000
v -0.63881966 0.56000000 -0.45618034
v -0.63881966 0.54000000 -0.45618034
v -0.64500000 0.54381966 -0.46618034
v -0.64500000 0.55618034 -0.46618034
v -0.63881966 0.56000000 -0.44381966
v -0.63881966 0.54000000 -0.44381966
v -0.64500000 0.54381966 -0.43381966
v -0.64500000 0.55618034 -0.43381966
v -0.63500000 0.55000000 -0.45000000
v -0.67118034 0.56000000 -0.45618034
v -0.67118034 0.54000000 -0.45618034
v -0.66500000 0.54381966 -0.46618034
v -0.66500000 0.55618034 -0.46618034
v -0.67118034 0.56000000 -0.44381966
v -0.67118034 0.54000000 -0.44381966
v -0.66500000 0.54381966 -0.43381966
v -0.66500000 0.55618034 -0.43381966
v -0.67500000 0.55000000 -0.45000000
v 0.64448538 0.56701302 -0.45000000
v 0.66551462 0.56701302 -0.45000000
v 0.64448538 0.53298698 -0.45000000
v 0.66551462 0.53298698 -0.45000000
v 0.65500000 0.53948538 -0.43298698
v 0.65500000 0.56051462 -0.43298698
v 0.65500000 0.53948538 -0.46701302
v 0.65500000 0.56051462 -0.46701302
v 0.67201302 0.55000000 -0.46051462
v 0.67201302 0.55000000 -0.43948538
v 0.63798698 0.55000000 -0.46051462
v 0.63798698 0.55000000 -0.43948538
v 0.65500000 0.57000000 -0.45000000
v 0.65500000 0.53000000 -0.45000000
v 0.64881966 0.53381966 -0.44000000
v 0.66118034 0.53381966 -0.44000000
v 0.64881966 0.56618034 -0.44000000
v 0.66118034 0.56618034 -0.44000000
v 0.65500000 0.55000000 -0.43000000
v 0.64881966 0.53381966 -0.46000000
v 0.66118034 0.53381966 -0.46000000
v 0.64881966 0.56618034 -0.46000000
v 0.66118034 0.56618034 -0.46000000
v 0.65500000 0.55000000 -0.47000000
v 0.67118034 0.56000000 -0.45618034
v 0.67118034 0.54000000 -0.45618034
v 0.66500000 0.54381966 -0.46618034
v 0.66500000 0.55618034 -0.46618034
v 0.67118034 0.56000000 -0.44381966
v 0.67118034 0.54000000 -0.44381966
v 0.66500000 0.54381966 -0.43381966
v 0.66500000 0.55618034 -0.43381966
v 0.67500000 0.55000000 -0.45000000
v 0.63881966 0.56000000 -0.45618034
v 0.63881966 0.54000000 -0.45618034
v 0.64500000 0.54381966 -0.46618034
v 0.64500000 0.55618034 -0.46618034
v 0.63881966 0.56000000 -0.44381966
v 0.63881966 0.54000000 -0.44381966
v 0.64500000 0.54381966 -0.43381966
v 0.64500000 0.55618034 -0.43381966
v 0.63500000 0.55000000 -0.45000000
v -0.66551462 0.56701302 -0.26857143
v -0.64448538 0.56701302 -0.26857143
v -0.66551462 0.53298698 -0.26857143
v -0.64448538 0.53298698 -0.26857143
v -0.65500000 0.53948538 -0.25155841
v -0.65500000 0.56051462 -0.25155841
v -0.65500000 0.53948538 -0.28558444
v -0.65500000 0.56051462 -0.28558444
v -0.63798698 0.55000000 -0.27908605
v -0.63798698 0.55000000 -0.25805681
v -0.67201302 0.55000000 -0.27908605
v -0.67201302 0.55000000 -0.25805681
v -0.65500000 0.57000000 -0.26857143
v -0.65500000 0.53000000 -0.26857143
v -0.66118034 0.53381966 -0.25857143
v -0.64881966 0.53381966 -0.25857143
v -0.66118034 0.56618034 -0.25857143
v -0.64881966 0.56618034 -0.25857143
v -0.65500000 0.55000000 -0.24857143
v -0.66118034 0.53381966 -0.27857143
v -0.64881966 0.53381966 -0.27857143
v -0.66118034 0.56618034 -0.27857143
v -0.64881966 0.56618034 -0.27857143
v -0.65500000 0.55000000 -0.28857143
v -0.63881966 0.56000000 -0.27475177
v -0.63881966 0.54000000 -0.27475177
v -0.64500000 0.54381966 -0.28475177
v -0.64500000 0.55618034 -0.28475177
v -0.63881966 0.56000000 -0.26239109
v -0.63881966 0.54000000 -0.26239109
v -0.64500000 0.54381966 -0.25239109
v -0.64500000 0.55618034 -0.25239109
v -0.63500000 0.55000000 -0.26857143
v -0.67118034 0.56000000 -0.27475177
v -0.67118034 0.54000000 -0.27475177
v -0.66500000 0.54381966 -0.28475177
v -0.66500000 0.55618034 -0.28475177
v -0.67118034 0.56000000 -0.26239109
v -0.67118034 0.54000000 -0.26239109
v -0.66500000 0.54381966 -0.25239109
v -0.66500000 0.55618034 -0.25239109
v -0.67500000 0.55000000 -0.26857143
v 0.64448538 0.56701302 -0.26857143
v 0.66551462 0.56701302 -0.26857143
v 0.64448538 0.53298698 -0.26857143
v 0.66551462 0.53298698 -0.26857143
v 0.65500000 0.53948538 -0.25155841
v 0.65500000 0.56051462 -0.25155841
v 0.65500000 0.53948538 -0.28558444
v 0.65500000 0.56051462 -0.28558444
v 0.67201302 0.55000000 -0.27908605
v 0.67201302 0.55000000 -0.25805681
v 0.63798698 0.55000000 -0.27908605
v 0.63798698 0.55000000 -0.25805681
v 0.65500000 0.57000000 -0.26857143
v 0.65500000 0.53000000 -0.26857143
v 0.64881966 0.53381966 -0.25857143
v 0.66118034 0.53381966 -0.25857143
v 0.64881966 0.56618034 -0.25857143
v 0.66118034 0.56618034 -0.25857143
v 0.65500000 0.55000000 -0.24857143
v 0.64881966 0.53381966 -0.27857143
v 0.66118034 0.53381966 -0.27857143
v 0.64881966 0.56618034 -0.27857143
v 0.66118034 0.56618034 -0.27857143
v 0.65500000 0.55000000 -0.28857143
v 0.67118034 0.56000000 -0.27475177
v 0.67118034 0.54000000 -0.27475177
v 0.66500000 0.54381966 -0.28475177
v 0.66500000 0.55618034 -0.28475177
v 0.67118034 0.56000000 -0.26239109
v 0.67118034 0.54000000 -0.26239109
v 0.66500000 0.54381966 -0.25239109
v 0.66500000 0.55618034 -0.25239109
v 0.67500000 0.55000000 -0.26857143
v 0.63881966 0.56000000 -0.27475177
v 0.63881966 0.54000000 -0.27475177
v 0.64500000 0.54381966 -0.28475177
v 0.64500000 0.55618034 -0.28475177
v 0.63881966 0.56000000 -0.26239109
v 0.63881966 0.54000000 -0.26239109
v 0.64500000 0.54381966 -0.25239109
v 0.64500000 0.55618034 -0.25239109
v 0.63500000 0.55000000 -0.26857143
v -0.66551462 0.56701302 -0.08714286
v -0.64448538 0.56701302 -0.08714286
v -0.66551462 0.53298698 -0.08714286
v -0.64448538 0.53298698 -0.08714286
v -0.65500000 0.53948538 -0.07012984
v -0.65500000 0.56051462 -0.07012984
v -0.65500000 0.53948538 -0.10415587
v -0.65500000 0.56051462 -0.10415587
v -0.63798698 0.55000000 -0.09765748
v -0.63798698 0.55000000 -0.07662823
v -0.67201302 0.55000000 -0.09765748
v -0.67201302 0.55000000 -0.07662823
v -0.65500000 0.57000000 -0.08714286
v -0.65500000 0.53000000 -0.08714286
v -0.66118034 0.53381966 -0.07714286
v -0.64881966 0.53381966 -0.07714286
v -0.66118034 0.56618034 -0.07714286
v -0.64881966 0.56618034 -0.07714286
v -0.65500000 0.55000000 -0.06714286
v -0.66118034 0.53381966 -0.09714286
v -0.64881966 0.53381966 -0.09714286
v -0.66118034 0.56618034 -0.09714286
v -0.64881966 0.56618034 -0.09714286
v -0.65500000 0.55000000 -0.10714286
v -0.63881966 0.56000000 -0.09332320
v -0.63881966 0.54000000 -0.09332320
v -0.64500000 0.54381966 -0.10332320
v -0.64500000 0.55618034 -0.10332320
v -0.63881966 0.56000000 -0.08096252
v -0.63881966 0.54000000 -0.08096252
v -0.64500000 0.54381966 -0.07096252
v -0.64500000 0.55618034 -0.07096252
v -0.63500000 0.55000000 -0.08714286
v -0.67118034 0.56000000 -0.09332320
v -0.67118034 0.54000000 -0.09332320
v -0.66500000 0.54381966 -0.10332320
v -0.66500000 0.55618034 -0.10332320
v -0.67118034 0.56000000 -0.08096252
v -0.67118034 0.54000000 -0.08096252
v -0.66500000 0.54381966 -0.07096252
v -0.66500000 0.55618034 -0.07096252
v -0.67500000 0.55000000 -0.08714286
v 0.64448538 0.56701302 -0.08714286
v 0.66551462 0.56701302 -0.08714286
v 0.64448538 0.53298698 -0.08714286
v 0.66551462 0.53298698 -0.08714286
v 0.65500000 0.53948538 -0.07012984
v 0.65500000 0.56051462 -0.07012984
v 0.65500000 0.53948538 -0.10415587
v 0.65500000 0.56051462 -0.10415587
v 0.67201302 0.55000000 -0.09765748
v 0.67201302 0.55000000 -0.07662823
v 0.63798698 0.55000000 -0.09765748
v 0.63798698 0.55000000 -0.07662823
v 0.65500000 0.57000000 -0.08714286
v 0.65500000 0.53000000 -0.08714286
v 0.64881966 0.53381966 -0.07714286
v 0.66118034 0.53381966 -0.07714286
v 0.64881966 0.56618034 -0.07714286
v 0.66118034 0.56618034 -0.07714286
v 0.65500000 0.55000000 -0.06714286
v 0.64881966 0.53381966 -0.09714286
v 0.66118034 0.53381966 -0.09714286
v 0.64881966 0.56618034 -0.09714286
v 0.66118034 0.56618034 -0.09714286
v 0.65500000 0.55000000 -0.10714286
v 0.67118034 0.56000000 -0.09332320
v 0.67118034 0.54000000 -0.09332320
v 0.66500000 0.54381966 -0.10332320
v 0.66500000 0.55618034 -0.10332320
v 0.67118034 0.56000000 -0.08096252
v 0.67118034 0.54000000 -0.08096252
v 0.66500000 0.54381966 -0.07096252
v 0.66500000 0.55618034 -0.07096252
v 0.67500000 0.55000000 -0.08714286
v 0.63881966 0.56000000 -0.09332320
v 0.63881966 0.54000000 -0.09332320
v 0.64500000 0.54381966 -0.10332320
v 0.64500000 0.55618034 -0.10332320
v 0.63881966 0.56000000 -0.08096252
v 0.63881966 0.54000000 -0.08096252
v 0.64500000 0.54381966 -0.07096252
v 0.64500000 0.55618034 -0.07096252
v 0.63500000 0.55000000 -0.08714286
v -0.66551462 0.56701302 0.09428571
v -0.64448538 0.56701302 0.09428571
v -0.66551462 0.53298698 0.09428571
v -0.64448538 0.53298698 0.09428571
v -0.65500000 0.53948538 0.11129873
v -0.65500000 0.56051462 0.11129873
v -0.65500000 0.53948538 0.07727270
v -0.65500000 0.56051462 0.07727270
v -0.63798698 0.55000000 0.08377109
v -0.63798698 0.55000000 0.10480034
v -0.67201302 0.55000000 0.08377109
v -0.67201302 0.55000000 0.10480034
v -0.65500000 0.57000000 0.09428571
v -0.65500000 0.53000000 0.09428571
v -0.66118034 0.53381966 0.10428571
v -0.64881966 0.53381966 0.10428571
v -0.66118034 0.56618034 0.10428571
v -0.64881966 0.56618034 0.10428571
v -0.65500000 0.55000000 0.11428571
v -0.66118034 0.53381966 0.08428571
v -0.64881966 0.53381966 0.08428571
v -0.66118034 0.56618034 0.08428571
v -0.64881966 0.56618034 0.08428571
v -0.65500000 0.55000000 0.07428571
v -0.63881966 0.56000000 0.08810537
v -0.63881966 0.54000000 0.08810537
v -0.64500000 0.54381966 0.07810537
v -0.64500000 0.55618034 0.07810537
v -0.63881966 0.56000000 0.10046605
v -0.63881966 0.54000000 0.10046605
v -0.64500000 0.54381966 0.11046605
v -0.64500000 0.55618034 0.11046605
v -0.63500000 0.55000000 0.09428571
v -0.67118034 0.56000000 0.08810537
v -0.67118034 0.54000000 0.08810537
v -0.66500000 0.54381966 0.07810537
v -0.66500000 0.55618034 0.07810537
v -0.67118034 0.56000000 0.10046605
v -0.67118034 0.54000000 0.10046605
v -0.66500000 0.54381966 0.11046605
v -0.66500000 0.55618034 0.11046605
v -0.67500000 0.55000000 0.09428571
v 0.64448538 0.56701302 0.09428571
v 0.66551462 0.56701302 0.09428571
v 0.64448538 0.53298698 0.09428571
v 0.66551462 0.53298698 0.09428571
v 0.65500000 0.53948538 0.11129873
v 0.65500000 0.56051462 0.11129873
v 0.65500000 0.53948538 0.07727270
v 0.65500000 0.56051462 0.07727270
v 0.67201302 0.55000000 0.08377109
v 0.67201302 0.55000000 0.10480034
v 0.63798698 0.55000000 0.08377109
v 0.63798698 0.55000000 0.10480034
v 0.65500000 0.57000000 0.09428571
v 0.65500000 0.53000000 0.09428571
v 0.64881966 0.53381966 0.10428571
v 0.66118034 0.53381966 0.10428571
v 0.64881966 0.56618034 0.10428571
v 0.66118034 0.56618034 0.10428571
v 0.65500000 0.55000000 0.11428571
v 0.64881966 0.53381966 0.08428571
v 0.66118034 0.53381966 0.08428571
v 0.64881966 0.56618034 0.08428571
v 0.66118034 0.56618034 0.08428571
v 0.65500000 0.55000000 0.07428571
v 0.67118034 0.56000000 0.08810537
v 0.67118034 0.54000000 0.08810537
v 0.66500000 0.54381966 0.07810537
v 0.66500000 0.55618034 0.07810537
v 0.67118034 0.56000000 0.10046605
v 0.67118034 0.54000000 0.10046605
v 0.66500000 0.54381966 0.11046605
v 0.66500000 0.55618034 0.11046605
v 0.67500000 0.55000000 0.09428571
v 0.63881966 0.56000000 0.08810537
v 0.63881966 0.54000000 0.08810537
v 0.64500000 0.54381966 0.07810537
v 0.64500000 0.55618034 0.07810537
v 0.63881966 0.56000000 0.10046605
v 0.63881966 0.54000000 0.10046605
v 0.64500000 0.54381966 0.11046605
v 0.64500000 0.55618034 0.11046605
v 0.63500000 0.55000000 0.09428571
v -0.66551462 0.56701302 0.27571429
v -0.64448538 0.56701302 0.27571429
v -0.66551462 0.53298698 0.27571429
v -0.64448538 0.53298698 0.27571429
v -0.65500000 0.53948538 0.29272730
v -0.65500000 0.56051462 0.29272730
v -0.65500000 0.53948538 0.25870127
v -0.65500000 0.56051462 0.25870127
v -0.63798698 0.55000000 0.26519966
v -0.63798698 0.55000000 0.28622891
v -0.67201302 0.55000000 0.26519966
v -0.67201302 0.55000000 0.28622891
v -0.65500000 0.57000000 0.27571429
v -0.65500000 0.53000000 0.27571429
v -0.66118034 0.53381966 0.28571429
v -0.64881966 0.53381966 0.28571429
v -0.66118034 0.56618034 0.28571429
v -0.64881966 0.56618034 0.28571429
v -0.65500000 0.55000000 0.29571429
v -0.66118034 0.53381966 0.26571429
v -0.64881966 0.53381966 0.26571429
v -0.66118034 0.56618034 0.26571429
v -0.64881966 0.56618034 0.26571429
v -0.65500000 0.55000000 0.25571429
v -0.63881966 0.56000000 0.26953395
v -0.63881966 0.54000000 0.26953395
v -0.64500000 0.54381966 0.25953395
v -0.64500000 0.55618034 0.25953395
v -0.63881966 0.56000000 0.28189463
v -0.63881966 0.54000000 0.28189463
v -0.64500000 0.54381966 0.29189463
v -0.64500000 0.55618034 0.29189463
v -0.63500000 0.55000000 0.27571429
v -0.67118034 0.56000000 0.26953395
v -0.67118034 0.54000000 0.26953395
v -0.66500000 0.54381966 0.25953395
v -0.66500000 0.55618034 0.25953395
v -0.67118034 0.56000000 0.28189463
v -0.67118034 0.54000000 0.28189463
v -0.66500000 0.54381966 0.29189463
v -0.66500000 0.55618034 0.29189463
v -0.67500000 0.55000000 0.27571429
v 0.64448538 0.56701302 0.27571429
v 0.66551462 0.56701302 0.27571429
v 0.64448538 0.53298698 0.27571429
v 0.66551462 0.53298698 0.27571429
v 0.65500000 0.53948538 0.29272730
v 0.65500000 0.56051462 0.29272730
v 0.65500000 0.53948538 0.25870127
v 0.65500000 0.56051462 0.25870127
v 0.67201302 0.55000000 0.26519966
v 0.67201302 0.55000000 0.28622891
v 0.63798698 0.55000000 0.26519966
v 0.63798698 0.55000000 0.28622891
v 0.65500000 0.57000000 0.27571429
v 0.65500000 0.53000000 0.27571429
v 0.64881966 0.53381966 0.28571429
v 0.66118034 0.53381966 0.28571429
v 0.64881966 0.56618034 0.28571429
v 0.66118034 0.56618034 0.28571429
v 0.65500000 0.55000000 0.29571429
v 0.64881966 0.53381966 0.26571429
v 0.66118034 0.53381966 0.26571429
v 0.64881966 0.56618034 0.26571429
v 0.66118034 0.56618034 0.26571429
v 0.65500000 0.55000000 0.25571429
v 0.67118034 0.56000000 0.26953395
v 0.67118034 0.54000000 0.26953395
v 0.66500000 0.54381966 0.25953395
v 0.66500000 0.55618034 0.25953395
v 0.67118034 0.56000000 0.28189463
v 0.67118034 0.54000000 0.28189463
v 0.66500000 0.54381966 0.29189463
v 0.66500000 0.55618034 0.29189463
v 0.67500000 0.55000000 0.27571429
v 0.63881966 0.56000000 0.26953395
v 0.63881966 0.54000000 0.26953395
v 0.64500000 0.54381966 0.25953395
v 0.64500000 0.55618034 0.25953395
v 0.63881966 0.56000000 0.28189463
v 0.63881966 0.54000000 0.28189463
v 0.64500000 0.54381966 0.29189463
v 0.64500000 0.55618034 0.29189463
v 0.63500000 0.55000000 0.27571429
v -0.66551462 0.56701302 0.45714286
v -0.64448538 0.56701302 0.45714286
v -0.66551462 0.53298698 0.45714286
v -0.64448538 0.53298698 0.45714286
v -0.65500000 0.53948538 0.47415587
v -0.65500000 0.56051462 0.47415587
v -0.65500000 0.53948538 0.44012984
v -0.65500000 0.56051462 0.44012984
v -0.63798698 0.55000000 0.44662823
v -0.63798698 0.55000000 0.46765748
v -0.67201302 0.55000000 0.44662823
v -0.67201302 0.55000000 0.46765748
v -0.65500000 0.57000000 0.45714286
v -0.65500000 0.53000000 0.45714286
v -0.66118034 0.53381966 0.46714286
v -0.64881966 0.53381966 0.46714286
v -0.66118034 0.56618034 0.46714286
v -0.64881966 0.56618034 0.46714286
v -0.65500000 0.55000000 0.47714286
v -0.66118034 0.53381966 0.44714286
v -0.64881966 0.53381966 0.44714286
v -0.66118034 0.56618034 0.44714286
v -0.64881966 0.56618034 0.44714286
v -0.65500000 0.55000000 0.43714286
v -0.63881966 0.56000000 0.45096252
v -0.63881966 0.54000000 0.45096252
v -0.64500000 0.54381966 0.44096252
v -0.64500000 0.55618034 0.44096252
v -0.63881966 0.56000000 0.46332320
v -0.63881966 0.54000000 0.46332320
v -0.64500000 0.54381966 0.47332320
v -0.64500000 0.55618034 0.47332320
v -0.63500000 0.55000000 0.45714286
v -0.67118034 0.56000000 0.45096252
v -0.67118034 0.54000000 0.45096252
v -0.66500000 0.54381966 0.44096252
v -0.66500000 0.55618034 0.44096252
v -0.67118034 0.56000000 0.46332320
v -0.67118034 0.54000000 0.46332320
v -0.66500000 0.54381966 0.47332320
v -0.66500000 0.55618034 0.47332320
v -0.67500000 0.55000000 0.45714286
v 0.64448538 0.56701302 0.45714286
v 0.66551462 0.56701302 0.45714286
v 0.64448538 0.53298698 0.45714286
v 0.66551462 0.53298698 0.45714286
v 0.65500000 0.53948538 0.47415587
v 0.65500000 0.56051462 0.47415587
v 0.65500000 0.53948538 0.44012984
v 0.65500000 0.56051462 0.44012984
v 0.67201302 0.55000000 0.44662823
v 0.67201302 0.55000000 0.46765748
v 0.63798698 0.55000000 0.44662823
v 0.63798698 0.55000000 0.46765748
v 0.65500000 0.57000000 0.45714286
v 0.65500000 0.53000000 0.45714286
v 0.64881966 0.53381966 0.46714286
v 0.66118034 0.53381966 0.46714286
v 0.64881966 0.56618034 0.46714286
v 0.66118034 0.56618034 0.46714286
v 0.65500000 0.55000000 0.47714286
v 0.64881966 0.53381966 0.44714286
v 0.66118034 0.53381966 0.44714286
v 0.64881966 0.56618034 0.44714286
v 0.66118034 0.56618034 0.44714286
v 0.65500000 0.55000000 0.43714286
v 0.67118034 0.56000000 0.45096252
v 0.67118034 0.54000000 0.45096252
v 0.66500000 0.54381966 0.44096252
v 0.66500000 0.55618034 0.44096252
v 0.67118034 0.56000000 0.46332320
v 0.67118034 0.54000000 0.46332320
v 0.66500000 0.54381966 0.47332320
v 0.66500000 0.55618034 0.47332320
v 0.67500000 0.55000000 0.45714286
v 0.63881966 0.56000000 0.45096252
v 0.63881966 0.54000000 0.45096252
v 0.64500000 0.54381966 0.44096252
v 0.64500000 0.55618034 0.44096252
v 0.63881966 0.56000000 0.46332320
v 0.63881966 0.54000000 0.46332320
v 0.64500000 0.54381966 0.47332320
v 0.64500000 0.55618034 0.47332320
v 0.63500000 0.55000000 0.45714286
v -0.66551462 0.56701302 0.63857143
v -0.64448538 0.56701302 0.63857143
v -0.66551462 0.53298698 0.63857143
v -0.64448538 0.53298698 0.63857143
v -0.65500000 0.53948538 0.65558444
v -0.65500000 0.56051462 0.65558444
v -0.65500000 0.53948538 0.62155841
v -0.65500000 0.56051462 0.62155841
v -0.63798698 0.55000000 0.62805681
v -0.63798698 0.55000000 0.64908605
v -0.67201302 0.55000000 0.62805681
v -0.67201302 0.55000000 0.64908605
v -0.65500000 0.57000000 0.63857143
v -0.65500000 0.53000000 0.63857143
v -0.66118034 0.53381966 0.64857143
v -0.64881966 0.53381966 0.64857143
v -0.66118034 0.56618034 0.64857143
v -0.64881966 0.56618034 0.64857143
v -0.65500000 0.55000000 0.65857143
v -0.66118034 0.53381966 0.62857143
v -0.64881966 0.53381966 0.62857143
v -0.66118034 0.56618034 0.62857143
v -0.64881966 0.56618034 0.62857143
v -0.65500000 0.55000000 0.61857143
v -0.63881966 0.56000000 0.63239109
v -0.63881966 0.54000000 0.63239109
v -0.64500000 0.54381966 0.62239109
v -0.64500000 0.55618034 0.62239109
v -0.63881966 0.56000000 0.64475177
v -0.63881966 0.54000000 0.64475177
v -0.64500000 0.54381966 0.65475177
v -0.64500000 0.55618034 0.65475177
v -0.63500000 0.55000000 0.63857143
v -0.67118034 0.56000000 0.63239109
v -0.67118034 0.54000000 0.63239109
v -0.66500000 0.54381966 0.62239109
v -0.66500000 0.55618034 0.62239109
v -0.67118034 0.56000000 0.64475177
v -0.67118034 0.54000000 0.64475177
v -0.66500000 0.54381966 0.65475177
v -0.66500000 0.55618034 0.65475177
v -0.67500000 0.55000000 0.63857143
v 0.64448538 0.56701302 0.63857143
v 0.66551462 0.56701302 0.63857143
v 0.64448538 0.53298698 0.63857143
v 0.66551462 0.53298698 0.63857143
v 0.65500000 0.53948538 0.65558444
v 0.65500000 0.56051462 0.65558444
v 0.65500000 0.53948538 0.62155841
v 0.65500000 0.56051462 0.62155841
v 0.67201302 0.55000000 0.62805681
v 0.67201302 0.55000000 0.64908605
v 0.63798698 0.55000000 0.62805681
v 0.63798698 0.55000000 0.64908605
v 0.65500000 0.57000000 0.63857143
v 0.65500000 0.53000000 0.63857143
v 0.64881966 0.53381966 0.64857143
v 0.66118034 0.53381966 0.64857143
v 0.64881966 0.56618034 0.64857143
v 0.66118034 0.56618034 0.64857143
v 0.65500000 0.55000000 0.65857143
v 0.64881966 0.53381966 0.62857143
v 0.66118034 0.53381966 0.62857143
v 0.64881966 0.56618034 0.62857143
v 0.66118034 0.56618034 0.62857143
v 0.65500000 0.55000000 0.61857143
v 0.67118034 0.56000000 0.63239109
v 0.67118034 0.54000000 0.63239109
v 0.66500000 0.54381966 0.62239109
v 0.66500000 0.55618034 0.62239109
v 0.67118034 0.56000000 0.64475177
v 0.67118034 0.54000000 0.64475177
v 0.66500000 0.54381966 0.65475177
v 0.66500000 0.55618034 0.65475177
v 0.67500000 0.55000000 0.63857143
v 0.63881966 0.56000000 0.63239109
v 0.63881966 0.54000000 0.63239109
v 0.64500000 0.54381966 0.62239109
v 0.64500000 0.55618034 0.62239109
v 0.63881966 0.56000000 0.64475177
v 0.63881966 0.54000000 0.64475177
v 0.64500000 0.54381966 0.65475177
v 0.64500000 0.55618034 0.65475177
v 0.63500000 0.55000000 0.63857143
v -0.66551462 0.56701302 0.82000000
v -0.64448538 0.56701302 0.82000000
v -0.66551462 0.53298698 0.82000000
v -0.64448538 0.53298698 0.82000000
v -0.65500000 0.53948538 0.83701302
v -0.65500000 0.56051462 0.83701302
v -0.65500000 0.53948538 0.80298698
v -0.65500000 0.56051462 0.80298698
v -0.63798698 0.55000000 0.80948538
v -0.63798698 0.55000000 0.83051462
v -0.67201302 0.55000000 0.80948538
v -0.67201302 0.55000000 0.83051462
v -0.65500000 0.57000000 0.82000000
v -0.65500000 0.53000000 0.82000000
v -0.66118034 0.53381966 0.83000000
v -0.64881966 0.53381966 0.83000000
v -0.66118034 0.56618034 0.83000000
v -0.64881966 0.56618034 0.83000000
v -0.65500000 0.55000000 0.84000000
v -0.66118034 0.53381966 0.81000000
v -0.64881966 0.53381966 0.81000000
v -0.66118034 0.56618034 0.81000000
v -0.64881966 0.56618034 0.81000000
v -0.65500000 0.55000000 0.80000000
v -0.63881966 0.56000000 0.81381966
v -0.63881966 0.54000000 0.81381966
v -0.64500000 0.54381966 0.80381966
v -0.64500000 0.55618034 0.80381966
v -0.63881966 0.56000000 0.82618034
v -0.63881966 0.54000000 0.82618034
v -0.64500000 0.54381966 0.83618034
v -0.64500000 0.55618034 0.83618034
v -0.63500000 0.55000000 0.82000000
v -0.67118034 0.56000000 0.81381966
v -0.67118034 0.54000000 0.81381966
v -0.66500000 0.54381966 0.80381966
v -0.66500000 0.55618034 0.80381966
v -0.67118034 0.56000000 0.82618034
v -0.67118034 0.54000000 0.82618034
v -0.66500000 0.54381966 0.83618034
v -0.66500000 0.55618034 0.83618034
v -0.67500000 0.55000000 0.82000000
v 0.64448538 0.56701302 0.82000000
v 0.66551462 0.56701302 0.82000000
v 0.64448538 0.53298698 0.82000000
v 0.66551462 0.53298698 0.82000000
v 0.65500000 0.53948538 0.83701302
v 0.65500000 0.56051462 0.83701302
v 0.65500000 0.53948538 0.80298698
v 0.65500000 0.56051462 0.80298698
v 0.67201302 0.55000000 0.80948538
v 0.67201302 0.55000000 0.83051462
v 0.63798698 0.55000000 0.80948538
v 0.63798698 0.55000000 0.83051462
v 0.65500000 0.57000000 0.82000000
v 0.65500000 0.53000000 0.82000000
v 0.64881966 0.53381966 0.83000000
v 0.66118034 0.53381966 0.83000000
v 0.64881966 0.56618034 0.83000000
v 0.66118034 0.56618034 0.83000000
v 0.65500000 0.55000000 0.84000000
v 0.64881966 0.53381966 0.81000000
v 0.66118034 0.53381966 0.81000000
v 0.64881966 0.56618034 0.81000000
v 0.66118034 0.56618034 0.81000000
v 0.65500000 0.55000000 0.80000000
v 0.67118034 0.56000000 0.81381966
v 0.67118034 0.54000000 0.81381966
v 0.66500000 0.54381966 0.80381966
v 0.66500000 0.55618034 0.80381966
v 0.67118034 0.56000000 0.82618034
v 0.67118034 0.54000000 0.82618034
v 0.66500000 0.54381966 0.83618034
v 0.66500000 0.55618034 0.83618034
v 0.67500000 0.55000000 0.82000000
v 0.63881966 0.56000000 0.81381966
v 0.63881966 0.54000000 0.81381966
v 0.64500000 0.54381966 0.80381966
v 0.64500000 0.55618034 0.80381966
v 0.63881966 0.56000000 0.82618034
v 0.63881966 0.54000000 0.82618034
v 0.64500000 0.54381966 0.83618034
v 0.64500000 0.55618034 0.83618034
v 0.63500000 0.55000000 0.82000000
v -0.46500000 0.74500000 0.55000000
v -0.46500000 0.74500000 0.53600000
v -0.46500000 0.85500000 0.53600000
v -0.46500000 0.85500000 0.55000000
v -0.47322899 0.74500000 0.53867376
v -0.47322899 0.85500000 0.53867376
v -0.47831479 0.74500000 0.54567376
v -0.47831479 0.85500000 0.54567376
v -0.47831479 0.74500000 0.55432624
v -0.47831479 0.85500000 0.55432624
v -0.47322899 0.74500000 0.56132624
v -0.47322899 0.85500000 0.56132624
v -0.46500000 0.74500000 0.56400000
v -0.46500000 0.85500000 0.56400000
v -0.45677101 0.74500000 0.56132624
v -0.45677101 0.85500000 0.56132624
v -0.45168521 0.74500000 0.55432624
v -0.45168521 0.85500000 0.55432624
v -0.45168521 0.74500000 0.54567376
v -0.45168521 0.85500000 0.54567376
v -0.45677101 0.74500000 0.53867376
v -0.45677101 0.85500000 0.53867376
v -0.21500000 0.74500000 0.55000000
v -0.21500000 0.74500000 0.53600000
v -0.21500000 0.85500000 0.53600000
v -0.21500000 0.85500000 0.55000000
v -0.22322899 0.74500000 0.53867376
v -0.22322899 0.85500000 0.53867376
v -0.22831479 0.74500000 0.54567376
v -0.22831479 0.85500000 0.54567376
v -0.22831479 0.74500000 0.55432624
v -0.22831479 0.85500000 0.55432624
v -0.22322899 0.74500000 0.56132624
v -0.22322899 0.85500000 0.56132624
v -0.21500000 0.74500000 0.56400000
v -0.21500000 0.85500000 0.56400000
v -0.20677101 0.74500000 0.56132624
v -0.20677101 0.85500000 0.56132624
v -0.20168521 0.74500000 0.55432624
v -0.20168521 0.85500000 0.55432624
v -0.20168521 0.74500000 0.54567376
v -0.20168521 0.85500000 0.54567376
v -0.20677101 0.74500000 0.53867376
v -0.20677101 0.85500000 0.53867376
v -0.46500000 0.85500000 0.55000000
v -0.46500000 0.85500000 0.53600000
v -0.21500000 0.85500000 0.53600000
v -0.21500000 0.85500000 0.55000000
v -0.46500000 0.86322899 0.53867376
v -0.21500000 0.86322899 0.53867376
v -0.46500000 0.86831479 0.54567376
v -0.21500000 0.86831479 0.54567376
v -0.46500000 0.86831479 0.55432624
v -0.21500000 0.86831479 0.55432624
v -0.46500000 0.86322899 0.56132624
v -0.21500000 0.86322899 0.56132624
v -0.46500000 0.85500000 0.56400000
v -0.21500000 0.85500000 0.56400000
v -0.46500000 0.84677101 0.56132624
v -0.21500000 0.84677101 0.56132624
v -0.46500000 0.84168521 0.55432624
v -0.21500000 0.84168521 0.55432624
v -0.46500000 0.84168521 0.54567376
v -0.21500000 0.84168521 0.54567376
v -0.46500000 0.84677101 0.53867376
v -0.21500000 0.84677101 0.53867376
v 0.18000000 0.74500000 0.66000000
v 0.18000000 0.74500000 0.64600000
v 0.18000000 0.85500000 0.64600000
v 0.18000000 0.85500000 0.66000000
v 0.17177101 0.74500000 0.64867376
v 0.17177101 0.85500000 0.64867376
v 0.16668521 0.74500000 0.65567376
v 0.16668521 0.85500000 0.65567376
v 0.16668521 0.74500000 0.66432624
v 0.16668521 0.85500000 0.66432624
v 0.17177101 0.74500000 0.67132624
v 0.17177101 0.85500000 0.67132624
v 0.18000000 0.74500000 0.67400000
v 0.18000000 0.85500000 0.67400000
v 0.18822899 0.74500000 0.67132624
v 0.18822899 0.85500000 0.67132624
v 0.19331479 0.74500000 0.66432624
v 0.19331479 0.85500000 0.66432624
v 0.19331479 0.74500000 0.65567376
v 0.19331479 0.85500000 0.65567376
v 0.18822899 0.74500000 0.64867376
v 0.18822899 0.85500000 0.64867376
v 0.46000000 0.74500000 0.66000000
v 0.46000000 0.74500000 0.64600000
v 0.46000000 0.85500000 0.64600000
v 0.46000000 0.85500000 0.66000000
v 0.45177101 0.74500000 0.64867376
v 0.45177101 0.85500000 0.64867376
v 0.44668521 0.74500000 0.65567376
v 0.44668521 0.85500000 0.65567376
v 0.44668521 0.74500000 0.66432624
v 0.44668521 0.85500000 0.66432624
v 0.45177101 0.74500000 0.67132624
v 0.45177101 0.85500000 0.67132624
v 0.46000000 0.74500000 0.67400000
v 0.46000000 0.85500000 0.67400000
v 0.46822899 0.74500000 0.67132624
v 0.46822899 0.85500000 0.67132624
v 0.47331479 0.74500000 0.66432624
v 0.47331479 0.85500000 0.66432624
v 0.47331479 0.74500000 0.65567376
v 0.47331479 0.85500000 0.65567376
v 0.46822899 0.74500000 0.64867376
v 0.46822899 0.85500000 0.64867376
v 0.18000000 0.85500000 0.66000000
v 0.18000000 0.85500000 0.64600000
v 0.46000000 0.85500000 0.64600000
v 0.46000000 0.85500000 0.66000000
v 0.18000000 0.86322899 0.64867376
v 0.46000000 0.86322899 0.64867376
v 0.18000000 0.86831479 0.65567376
v 0.46000000 0.86831479 0.65567376
v 0.18000000 0.86831479 0.66432624
v 0.46000000 0.86831479 0.66432624
v 0.18000000 0.86322899 0.67132624
v 0.46000000 0.86322899 0.67132624
v 0.18000000 0.85500000 0.67400000
v 0.46000000 0.85500000 0.67400000
v 0.18000000 0.84677101 0.67132624
v 0.46000000 0.84677101 0.67132624
v 0.18000000 0.84168521 0.66432624
v 0.46000000 0.84168521 0.66432624
v 0.18000000 0.84168521 0.65567376
v 0.46000000 0.84168521 0.65567376
v 0.18000000 0.84677101 0.64867376
v 0.46000000 0.84677101 0.64867376
v -0.50000000 0.54000000 -0.65000000
v -0.50000000 0.54000000 -0.66200000
v -0.50000000 0.65000000 -0.66200000
v -0.50000000 0.65000000 -0.65000000
v -0.50705342 0.54000000 -0.65970820
v -0.50705342 0.65000000 -0.65970820
v -0.51141268 0.54000000 -0.65370820
v -0.51141268 0.65000000 -0.65370820
v -0.51141268 0.54000000 -0.64629180
v -0.51141268 0.65000000 -0.64629180
v -0.50705342 0.54000000 -0.64029180
v -0.50705342 0.65000000 -0.64029180
v -0.50000000 0.54000000 -0.63800000
v -0.50000000 0.65000000 -0.63800000
v -0.49294658 0.54000000 -0.64029180
v -0.49294658 0.65000000 -0.64029180
v -0.48858732 0.54000000 -0.64629180
v -0.48858732 0.65000000 -0.64629180
v -0.48858732 0.54000000 -0.65370820
v -0.48858732 0.65000000 -0.65370820
v -0.49294658 0.54000000 -0.65970820
v -0.49294658 0.65000000 -0.65970820
v -0.50000000 0.65000000 -0.65000000
v -0.50000000 0.65000000 -0.66200000
v -0.32000000 0.65000000 -0.66200000
v -0.32000000 0.65000000 -0.65000000
v -0.50000000 0.65705342 -0.65970820
v -0.32000000 0.65705342 -0.65970820
v -0.50000000 0.66141268 -0.65370820
v -0.32000000 0.66141268 -0.65370820
v -0.50000000 0.66141268 -0.64629180
v -0.32000000 0.66141268 -0.64629180
v -0.50000000 0.65705342 -0.64029180
v -0.32000000 0.65705342 -0.64029180
v -0.50000000 0.65000000 -0.63800000
v -0.32000000 0.65000000 -0.63800000
v -0.50000000 0.64294658 -0.64029180
v -0.32000000 0.64294658 -0.64029180
v -0.50000000 0.63858732 -0.64629180
v -0.32000000 0.63858732 -0.64629180
v -0.50000000 0.63858732 -0.65370820
v -0.32000000 0.63858732 -0.65370820
v -0.50000000 0.64294658 -0.65970820
v -0.32000000 0.64294658 -0.65970820
v -0.59000000 0.02750000 0.96250000
v -0.59000000 0.02750000 0.99750000
v -0.59000000 0.07250000 0.96250000
v -0.59000000 0.07250000 0.99750000
v 0.59000000 0.02750000 0.96250000
v 0.59000000 0.02750000 0.99750000
v 0.59000000 0.07250000 0.96250000
v 0.59000000 0.07250000 0.99750000
v -0.59000000 0.02750000 -0.59750000
v -0.59000000 0.02750000 -0.56250000
v -0.59000000 0.07250000 -0.59750000
v -0.59000000 0.07250000 -0.56250000
v 0.59000000 0.02750000 -0.59750000
v 0.59000000 0.02750000 -0.56250000
v 0.59000000 0.07250000 -0.59750000
v 0.59000000 0.07250000 -0.56250000
vt 0.25419188 0.81957215
vt 0.59625798 0.51551360
vt 0.59625798 0.81957215
vt 0.25419188 0.51551360
vt 0.12862082 0.74355751
vt 0.12862082 0.69384462
vt 0.12862082 0.64124119
vt 0.12862082 0.59152830
vt 0.59625804 0.98396546
vt 0.25419194 0.98396546
vt 0.11715473 0.98396546
vt 0.07601731 0.66754287
vt 0.01683102 0.59152830
vt 0.25419188 0.35112035
vt 0.59625810 0.35112035
vt 0.70375919 0.35112035
vt 0.70375919 0.46291021
vt 0.68869936 0.74355745
vt 0.70375913 0.98396546
vt 0.39320698 0.17027730
vt 0.39320698 0.22288072
vt 0.39320692 0.11146482
vt 0.11715473 0.87217563
vt 0.11715473 0.87217563
vt 0.01683101 0.74355751
vt 0.01683101 0.74355751
vt 0.12862082 0.64124113
vt 0.11715467 0.46291015
vt 0.11715465 0.35112035
vt 0.11715467 0.46291015
vt 0.68869936 0.59152818
vt 0.70375913 0.87217563
vt 0.70375913 0.87217563
vt 0.80048913 0.59152818
vt 0.80048913 0.74355745
vt 0.68869936 0.59152818
vt 0.80048913 0.59152818
vt 0.01313343 0.22288068
vt 0.01313343 0.22288068
vt 0.01313343 0.17027724
vt 0.01313343 0.11146477
vt 0.01313343 0.17027724
vt 0.01313343 0.11146477
vt 0.39320692 0.28169325
vt 0.01313343 0.28169319
vt 0.01313343 0.22288068
vt 0.01313343 0.22288068
vt 0.39320692 0.28169325
vt 0.44581047 0.19657901
vt 0.98689902 0.09443854
vt 0.98689902 0.24646780
vt 0.91088384 0.32248250
vt 0.91088384 0.32248250
vt 0.56881779 0.32248250
vt 0.45479614 0.24646780
vt 0.45479614 0.24646780
vt 0.45479614 0.09443860
vt 0.56881779 0.01842393
vt 0.91088384 0.32248250
vt 0.45479614 0.24646780
vt 0.56881779 0.01842393
vt 0.98689902 0.09443854
vt 0.91088384 0.32248250
vt 0.56881779 0.01842393
vt 0.91088384 0.01842399
vt 0.98689902 0.09443854
vt 0.56881779 0.01842393
vt 0.14000000 0.14000000
vt 0.14000000 0.14000000
vt 0.86000000 0.14000000
vt 0.86000000 0.14000000
vt 0.14000000 0.86000000
vt 0.14000000 0.86000000
vt 0.86000000 0.86000000
vt 0.86000000 0.86000000
vt 0.50000000 0.50000000
vt 0.50000000 0.86000000
vt 0.50000000 0.86000000
vt 0.50000000 0.50000000
vt 0.61124612 0.84238035
vt 0.61124612 0.84238035
vt 0.71160269 0.79124612
vt 0.71160269 0.79124612
vt 0.79124612 0.71160269
vt 0.79124612 0.71160269
vt 0.84238035 0.61124612
vt 0.84238035 0.61124612
vt 0.86000000 0.50000000
vt 0.86000000 0.50000000
vt 0.84238035 0.38875388
vt 0.84238035 0.38875388
vt 0.79124612 0.28839731
vt 0.79124612 0.28839731
vt 0.71160269 0.20875388
vt 0.71160269 0.20875388
vt 0.61124612 0.15761965
vt 0.61124612 0.15761965
vt 0.50000000 0.14000000
vt 0.50000000 0.14000000
vt 0.38875388 0.15761965
vt 0.38875388 0.15761965
vt 0.28839731 0.20875388
vt 0.28839731 0.20875388
vt 0.20875388 0.28839731
vt 0.20875388 0.28839731
vt 0.15761965 0.38875388
vt 0.15761965 0.38875388
vt 0.14000000 0.50000000
vt 0.14000000 0.50000000
vt 0.15761965 0.61124612
vt 0.15761965 0.61124612
vt 0.20875388 0.71160269
vt 0.20875388 0.71160269
vt 0.28839731 0.79124612
vt 0.28839731 0.79124612
vt 0.38875388 0.84238035
vt 0.38875388 0.84238035
vt 0.14000000 0.14000000
vt 0.14000000 0.86000000
vt 0.86000000 0.14000000
vt 0.86000000 0.86000000
vt 0.14000000 0.14000000
vt 0.14000000 0.86000000
vt 0.86000000 0.14000000
vt 0.86000000 0.86000000
vt 0.14000000 0.14000000
vt 0.14000000 0.86000000
vt 0.86000000 0.14000000
vt 0.86000000 0.86000000
vt 0.14000000 0.14000000
vt 0.14000000 0.86000000
vt 0.86000000 0.14000000
vt 0.86000000 0.86000000
vt 0.14000000 0.14000000
vt 0.14000000 0.86000000
vt 0.86000000 0.14000000
vt 0.86000000 0.86000000
vt 0.14000000 0.14000000
vt 0.14000000 0.86000000
vt 0.86000000 0.14000000
vt 0.86000000 0.86000000
vt 0.14000000 0.14000000
vt 0.14000000 0.86000000
vt 0.86000000 0.14000000
vt 0.86000000 0.86000000
vt 0.14000000 0.14000000
vt 0.14000000 0.86000000
vt 0.86000000 0.14000000
vt 0.86000000 0.86000000
vt 0.14000000 0.14000000
vt 0.86000000 0.14000000
vt 0.14000000 0.14000000
vt 0.86000000 0.14000000
vt 0.14000000 0.86000000
vt 0.86000000 0.86000000
vt 0.14000000 0.86000000
vt 0.86000000 0.86000000
vt 0.50000000 0.50000000
vt 0.86000000 0.50000000
vt 0.86000000 0.50000000
vt 0.50000000 0.50000000
vt 0.84238035 0.61124612
vt 0.84238035 0.61124612
vt 0.79124612 0.71160269
vt 0.79124612 0.71160269
vt 0.71160269 0.79124612
vt 0.71160269 0.79124612
vt 0.61124612 0.84238035
vt 0.61124612 0.84238035
vt 0.50000000 0.86000000
vt 0.50000000 0.86000000
vt 0.38875388 0.84238035
vt 0.38875388 0.84238035
vt 0.28839731 0.79124612
vt 0.28839731 0.79124612
vt 0.20875388 0.71160269
vt 0.20875388 0.71160269
vt 0.15761965 0.61124612
vt 0.15761965 0.61124612
vt 0.14000000 0.50000000
vt 0.14000000 0.50000000
vt 0.15761965 0.38875388
vt 0.15761965 0.38875388
vt 0.20875388 0.28839731
vt 0.20875388 0.28839731
vt 0.28839731 0.20875388
vt 0.28839731 0.20875388
vt 0.38875388 0.15761965
vt 0.38875388 0.15761965
vt 0.50000000 0.14000000
vt 0.50000000 0.14000000
vt 0.61124612 0.15761965
vt 0.61124612 0.15761965
vt 0.71160269 0.20875388
vt 0.71160269 0.20875388
vt 0.79124612 0.28839731
vt 0.79124612 0.28839731
vt 0.84238035 0.38875388
vt 0.84238035 0.38875388
vt 0.14000000 0.14000000
vt 0.86000000 0.14000000
vt 0.14000000 0.14000000
vt 0.86000000 0.14000000
vt 0.14000000 0.86000000
vt 0.86000000 0.86000000
vt 0.14000000 0.86000000
vt 0.86000000 0.86000000
vt 0.14000000 0.14000000
vt 0.14000000 0.86000000
vt 0.14000000 0.14000000
vt 0.14000000 0.86000000
vt 0.86000000 0.14000000
vt 0.86000000 0.86000000
vt 0.86000000 0.14000000
vt 0.86000000 0.86000000
vt 0.14000000 0.14000000
vt 0.14000000 0.86000000
vt 0.14000000 0.14000000
vt 0.14000000 0.86000000
vt 0.86000000 0.14000000
vt 0.86000000 0.86000000
vt 0.86000000 0.14000000
vt 0.86000000 0.86000000
vt 0.14000000 0.14000000
vt 0.14000000 0.86000000
vt 0.14000000 0.14000000
vt 0.14000000 0.86000000
vt 0.86000000 0.14000000
vt 0.86000000 0.86000000
vt 0.86000000 0.14000000
vt 0.86000000 0.86000000
vt 0.14000000 0.14000000
vt 0.14000000 0.86000000
vt 0.14000000 0.14000000
vt 0.14000000 0.86000000
vt 0.86000000 0.14000000
vt 0.86000000 0.86000000
vt 0.86000000 0.14000000
vt 0.86000000 0.86000000
vt 0.14000000 0.14000000
vt 0.14000000 0.86000000
vt 0.14000000 0.14000000
vt 0.14000000 0.86000000
vt 0.86000000 0.14000000
vt 0.86000000 0.86000000
vt 0.86000000 0.14000000
vt 0.86000000 0.86000000
vt 0.14000000 0.14000000
vt 0.14000000 0.86000000
vt 0.14000000 0.14000000
vt 0.14000000 0.86000000
vt 0.86000000 0.14000000
vt 0.86000000 0.86000000
vt 0.86000000 0.14000000
vt 0.86000000 0.86000000
vt 0.14000000 0.14000000
vt 0.14000000 0.86000000
vt 0.86000000 0.14000000
vt 0.86000000 0.86000000
vt 0.14000000 0.14000000
vt 0.14000000 0.86000000
vt 0.86000000 0.14000000
vt 0.86000000 0.86000000
vt 0.14000000 0.14000000
vt 0.14000000 0.86000000
vt 0.86000000 0.14000000
vt 0.86000000 0.86000000
vt 0.14000000 0.14000000
vt 0.14000000 0.86000000
vt 0.86000000 0.14000000
vt 0.86000000 0.86000000
vt 0.14000000 0.14000000
vt 0.14000000 0.86000000
vt 0.86000000 0.14000000
vt 0.86000000 0.86000000
vt 0.14000000 0.14000000
vt 0.14000000 0.86000000
vt 0.86000000 0.14000000
vt 0.86000000 0.86000000
vt 0.14000000 0.14000000
vt 0.14000000 0.86000000
vt 0.86000000 0.14000000
vt 0.86000000 0.86000000
vt 0.14000000 0.14000000
vt 0.14000000 0.86000000
vt 0.86000000 0.14000000
vt 0.86000000 0.86000000
vt 0.14000000 0.14000000
vt 0.14000000 0.86000000
vt 0.86000000 0.14000000
vt 0.86000000 0.86000000
vt 0.14000000 0.14000000
vt 0.14000000 0.86000000
vt 0.86000000 0.14000000
vt 0.86000000 0.86000000
vt 0.14000000 0.14000000
vt 0.14000000 0.86000000
vt 0.86000000 0.14000000
vt 0.86000000 0.86000000
vt 0.14000000 0.14000000
vt 0.14000000 0.86000000
vt 0.86000000 0.14000000
vt 0.86000000 0.86000000
vt 0.14000000 0.14000000
vt 0.14000000 0.14000000
vt 0.86000000 0.14000000
vt 0.86000000 0.14000000
vt 0.14000000 0.86000000
vt 0.14000000 0.86000000
vt 0.86000000 0.86000000
vt 0.86000000 0.86000000
vt 0.14000000 0.14000000
vt 0.14000000 0.14000000
vt 0.86000000 0.14000000
vt 0.86000000 0.14000000
vt 0.14000000 0.86000000
vt 0.14000000 0.86000000
vt 0.86000000 0.86000000
vt 0.86000000 0.86000000
vt 0.14000000 0.14000000
vt 0.14000000 0.14000000
vt 0.86000000 0.14000000
vt 0.86000000 0.14000000
vt 0.14000000 0.86000000
vt 0.14000000 0.86000000
vt 0.86000000 0.86000000
vt 0.86000000 0.86000000
vt 0.14000000 0.14000000
vt 0.14000000 0.14000000
vt 0.86000000 0.14000000
vt 0.86000000 0.14000000
vt 0.14000000 0.86000000
vt 0.14000000 0.86000000
vt 0.86000000 0.86000000
vt 0.86000000 0.86000000
vt 0.14000000 0.14000000
vt 0.14000000 0.14000000
vt 0.86000000 0.14000000
vt 0.86000000 0.14000000
vt 0.14000000 0.86000000
vt 0.14000000 0.86000000
vt 0.86000000 0.86000000
vt 0.86000000 0.86000000
vt 0.14000000 0.14000000
vt 0.14000000 0.14000000
vt 0.86000000 0.14000000
vt 0.86000000 0.14000000
vt 0.14000000 0.86000000
vt 0.14000000 0.86000000
vt 0.86000000 0.86000000
vt 0.86000000 0.86000000
vt 0.86000000 0.50000000
vt 0.84283510 0.50000000
vt 0.80139535 0.50000000
vt 0.75995560 0.50000000
vt 0.74279070 0.50000000
vt 0.75995560 0.50000000
vt 0.80139535 0.50000000
vt 0.84283510 0.50000000
vt 0.84238035 0.61124612
vt 0.82605555 0.60594187
vt 0.78664401 0.59313628
vt 0.74723247 0.58033070
vt 0.73090768 0.57502645
vt 0.74723247 0.58033070
vt 0.78664401 0.59313628
vt 0.82605555 0.60594187
vt 0.79124612 0.71160269
vt 0.77735942 0.70151341
vt 0.74383396 0.67715574
vt 0.71030850 0.65279807
vt 0.69642180 0.64270879
vt 0.71030850 0.65279807
vt 0.74383396 0.67715574
vt 0.77735942 0.70151341
vt 0.71160269 0.79124612
vt 0.70151341 0.77735942
vt 0.67715574 0.74383396
vt 0.65279807 0.71030850
vt 0.64270879 0.69642180
vt 0.65279807 0.71030850
vt 0.67715574 0.74383396
vt 0.70151341 0.77735942
vt 0.61124612 0.84238035
vt 0.60594187 0.82605555
vt 0.59313628 0.78664401
vt 0.58033070 0.74723247
vt 0.57502645 0.73090768
vt 0.58033070 0.74723247
vt 0.59313628 0.78664401
vt 0.60594187 0.82605555
vt 0.50000000 0.86000000
vt 0.50000000 0.84283510
vt 0.50000000 0.80139535
vt 0.50000000 0.75995560
vt 0.50000000 0.74279070
vt 0.50000000 0.75995560
vt 0.50000000 0.80139535
vt 0.50000000 0.84283510
vt 0.38875388 0.84238035
vt 0.39405813 0.82605555
vt 0.40686372 0.78664401
vt 0.41966930 0.74723247
vt 0.42497355 0.73090768
vt 0.41966930 0.74723247
vt 0.40686372 0.78664401
vt 0.39405813 0.82605555
vt 0.28839731 0.79124612
vt 0.29848659 0.77735942
vt 0.32284426 0.74383396
vt 0.34720193 0.71030850
vt 0.35729121 0.69642180
vt 0.34720193 0.71030850
vt 0.32284426 0.74383396
vt 0.29848659 0.77735942
vt 0.20875388 0.71160269
vt 0.22264058 0.70151341
vt 0.25616604 0.67715574
vt 0.28969150 0.65279807
vt 0.30357820 0.64270879
vt 0.28969150 0.65279807
vt 0.25616604 0.67715574
vt 0.22264058 0.70151341
vt 0.15761965 0.61124612
vt 0.17394445 0.60594187
vt 0.21335599 0.59313628
vt 0.25276753 0.58033070
vt 0.26909232 0.57502645
vt 0.25276753 0.58033070
vt 0.21335599 0.59313628
vt 0.17394445 0.60594187
vt 0.14000000 0.50000000
vt 0.15716490 0.50000000
vt 0.19860465 0.50000000
vt 0.24004440 0.50000000
vt 0.25720930 0.50000000
vt 0.24004440 0.50000000
vt 0.19860465 0.50000000
vt 0.15716490 0.50000000
vt 0.15761965 0.38875388
vt 0.17394445 0.39405813
vt 0.21335599 0.40686372
vt 0.25276753 0.41966930
vt 0.26909232 0.42497355
vt 0.25276753 0.41966930
vt 0.21335599 0.40686372
vt 0.17394445 0.39405813
vt 0.20875388 0.28839731
vt 0.22264058 0.29848659
vt 0.25616604 0.32284426
vt 0.28969150 0.34720193
vt 0.30357820 0.35729121
vt 0.28969150 0.34720193
vt 0.25616604 0.32284426
vt 0.22264058 0.29848659
vt 0.28839731 0.20875388
vt 0.29848659 0.22264058
vt 0.32284426 0.25616604
vt 0.34720193 0.28969150
vt 0.35729121 0.30357820
vt 0.34720193 0.28969150
vt 0.32284426 0.25616604
vt 0.29848659 0.22264058
vt 0.38875388 0.15761965
vt 0.39405813 0.17394445
vt 0.40686372 0.21335599
vt 0.41966930 0.25276753
vt 0.42497355 0.26909232
vt 0.41966930 0.25276753
vt 0.40686372 0.21335599
vt 0.39405813 0.17394445
vt 0.50000000 0.14000000
vt 0.50000000 0.15716490
vt 0.50000000 0.19860465
vt 0.50000000 0.24004440
vt 0.50000000 0.25720930
vt 0.50000000 0.24004440
vt 0.50000000 0.19860465
vt 0.50000000 0.15716490
vt 0.61124612 0.15761965
vt 0.60594187 0.17394445
vt 0.59313628 0.21335599
vt 0.58033070 0.25276753
vt 0.57502645 0.26909232
vt 0.58033070 0.25276753
vt 0.59313628 0.21335599
vt 0.60594187 0.17394445
vt 0.71160269 0.20875388
vt 0.70151341 0.22264058
vt 0.67715574 0.25616604
vt 0.65279807 0.28969150
vt 0.64270879 0.30357820
vt 0.65279807 0.28969150
vt 0.67715574 0.25616604
vt 0.70151341 0.22264058
vt 0.79124612 0.28839731
vt 0.77735942 0.29848659
vt 0.74383396 0.32284426
vt 0.71030850 0.34720193
vt 0.69642180 0.35729121
vt 0.71030850 0.34720193
vt 0.74383396 0.32284426
vt 0.77735942 0.29848659
vt 0.84238035 0.38875388
vt 0.82605555 0.39405813
vt 0.78664401 0.40686372
vt 0.74723247 0.41966930
vt 0.73090768 0.42497355
vt 0.74723247 0.41966930
vt 0.78664401 0.40686372
vt 0.82605555 0.39405813
vt 0.50000000 0.50000000
vt 0.86000000 0.50000000
vt 0.86000000 0.50000000
vt 0.50000000 0.50000000
vt 0.83259663 0.63776604
vt 0.83259663 0.63776604
vt 0.75455844 0.75455844
vt 0.75455844 0.75455844
vt 0.63776604 0.83259663
vt 0.63776604 0.83259663
vt 0.50000000 0.86000000
vt 0.50000000 0.86000000
vt 0.36223396 0.83259663
vt 0.36223396 0.83259663
vt 0.24544156 0.75455844
vt 0.24544156 0.75455844
vt 0.16740337 0.63776604
vt 0.16740337 0.63776604
vt 0.14000000 0.50000000
vt 0.14000000 0.50000000
vt 0.16740337 0.36223396
vt 0.16740337 0.36223396
vt 0.24544156 0.24544156
vt 0.24544156 0.24544156
vt 0.36223396 0.16740337
vt 0.36223396 0.16740337
vt 0.50000000 0.14000000
vt 0.50000000 0.14000000
vt 0.63776604 0.16740337
vt 0.63776604 0.16740337
vt 0.75455844 0.24544156
vt 0.75455844 0.24544156
vt 0.83259663 0.36223396
vt 0.83259663 0.36223396
vt 0.50000000 0.14000000
vt 0.86000000 0.14000000
vt 0.86000000 0.86000000
vt 0.50000000 0.86000000
vt 0.83259663 0.14000000
vt 0.83259663 0.86000000
vt 0.75455844 0.14000000
vt 0.75455844 0.86000000
vt 0.63776604 0.14000000
vt 0.63776604 0.86000000
vt 0.50000000 0.14000000
vt 0.50000000 0.86000000
vt 0.36223396 0.14000000
vt 0.36223396 0.86000000
vt 0.24544156 0.14000000
vt 0.24544156 0.86000000
vt 0.16740337 0.14000000
vt 0.16740337 0.86000000
vt 0.14000000 0.14000000
vt 0.14000000 0.86000000
vt 0.16740337 0.14000000
vt 0.16740337 0.86000000
vt 0.24544156 0.14000000
vt 0.24544156 0.86000000
vt 0.36223396 0.14000000
vt 0.36223396 0.86000000
vt 0.50000000 0.14000000
vt 0.50000000 0.86000000
vt 0.63776604 0.14000000
vt 0.63776604 0.86000000
vt 0.75455844 0.14000000
vt 0.75455844 0.86000000
vt 0.83259663 0.14000000
vt 0.83259663 0.86000000
vt 0.50000000 0.14000000
vt 0.50000000 0.14000000
vt 0.50000000 0.86000000
vt 0.50000000 0.86000000
vt 0.63776604 0.14000000
vt 0.63776604 0.86000000
vt 0.75455844 0.14000000
vt 0.75455844 0.86000000
vt 0.83259663 0.14000000
vt 0.83259663 0.86000000
vt 0.86000000 0.14000000
vt 0.86000000 0.86000000
vt 0.83259663 0.14000000
vt 0.83259663 0.86000000
vt 0.75455844 0.14000000
vt 0.75455844 0.86000000
vt 0.63776604 0.14000000
vt 0.63776604 0.86000000
vt 0.50000000 0.14000000
vt 0.50000000 0.86000000
vt 0.36223396 0.14000000
vt 0.36223396 0.86000000
vt 0.24544156 0.14000000
vt 0.24544156 0.86000000
vt 0.16740337 0.14000000
vt 0.16740337 0.86000000
vt 0.14000000 0.14000000
vt 0.14000000 0.86000000
vt 0.16740337 0.14000000
vt 0.16740337 0.86000000
vt 0.24544156 0.14000000
vt 0.24544156 0.86000000
vt 0.36223396 0.14000000
vt 0.36223396 0.86000000
vt 0.50000000 0.50000000
vt 0.50000000 0.86000000
vt 0.50000000 0.86000000
vt 0.50000000 0.50000000
vt 0.62502669 0.83828934
vt 0.62502669 0.83828934
vt 0.73497331 0.77577600
vt 0.73497331 0.77577600
vt 0.81657869 0.68000000
vt 0.81657869 0.68000000
vt 0.86000000 0.56251334
vt 0.86000000 0.56251334
vt 0.86000000 0.43748666
vt 0.86000000 0.43748666
vt 0.81657869 0.32000000
vt 0.81657869 0.32000000
vt 0.73497331 0.22422400
vt 0.73497331 0.22422400
vt 0.62502669 0.16171066
vt 0.62502669 0.16171066
vt 0.50000000 0.14000000
vt 0.50000000 0.14000000
vt 0.37497331 0.16171066
vt 0.37497331 0.16171066
vt 0.26502669 0.22422400
vt 0.26502669 0.22422400
vt 0.18342131 0.32000000
vt 0.18342131 0.32000000
vt 0.14000000 0.43748666
vt 0.14000000 0.43748666
vt 0.14000000 0.56251334
vt 0.14000000 0.56251334
vt 0.18342131 0.68000000
vt 0.18342131 0.68000000
vt 0.26502669 0.77577600
vt 0.26502669 0.77577600
vt 0.37497331 0.83828934
vt 0.37497331 0.83828934
vt 0.50000000 0.50000000
vt 0.50000000 0.86000000
vt 0.50000000 0.86000000
vt 0.50000000 0.50000000
vt 0.62502669 0.83828934
vt 0.62502669 0.83828934
vt 0.73497331 0.77577600
vt 0.73497331 0.77577600
vt 0.81657869 0.68000000
vt 0.81657869 0.68000000
vt 0.86000000 0.56251334
vt 0.86000000 0.56251334
vt 0.86000000 0.43748666
vt 0.86000000 0.43748666
vt 0.81657869 0.32000000
vt 0.81657869 0.32000000
vt 0.73497331 0.22422400
vt 0.73497331 0.22422400
vt 0.62502669 0.16171066
vt 0.62502669 0.16171066
vt 0.50000000 0.14000000
vt 0.50000000 0.14000000
vt 0.37497331 0.16171066
vt 0.37497331 0.16171066
vt 0.26502669 0.22422400
vt 0.26502669 0.22422400
vt 0.18342131 0.32000000
vt 0.18342131 0.32000000
vt 0.14000000 0.43748666
vt 0.14000000 0.43748666
vt 0.14000000 0.56251334
vt 0.14000000 0.56251334
vt 0.18342131 0.68000000
vt 0.18342131 0.68000000
vt 0.26502669 0.77577600
vt 0.26502669 0.77577600
vt 0.37497331 0.83828934
vt 0.37497331 0.83828934
vt 0.50000000 0.50000000
vt 0.50000000 0.86000000
vt 0.50000000 0.86000000
vt 0.50000000 0.50000000
vt 0.62502669 0.83828934
vt 0.62502669 0.83828934
vt 0.73497331 0.77577600
vt 0.73497331 0.77577600
vt 0.81657869 0.68000000
vt 0.81657869 0.68000000
vt 0.86000000 0.56251334
vt 0.86000000 0.56251334
vt 0.86000000 0.43748666
vt 0.86000000 0.43748666
vt 0.81657869 0.32000000
vt 0.81657869 0.32000000
vt 0.73497331 0.22422400
vt 0.73497331 0.22422400
vt 0.62502669 0.16171066
vt 0.62502669 0.16171066
vt 0.50000000 0.14000000
vt 0.50000000 0.14000000
vt 0.37497331 0.16171066
vt 0.37497331 0.16171066
vt 0.26502669 0.22422400
vt 0.26502669 0.22422400
vt 0.18342131 0.32000000
vt 0.18342131 0.32000000
vt 0.14000000 0.43748666
vt 0.14000000 0.43748666
vt 0.14000000 0.56251334
vt 0.14000000 0.56251334
vt 0.18342131 0.68000000
vt 0.18342131 0.68000000
vt 0.26502669 0.77577600
vt 0.26502669 0.77577600
vt 0.37497331 0.83828934
vt 0.37497331 0.83828934
vt 0.50000000 0.50000000
vt 0.50000000 0.86000000
vt 0.50000000 0.86000000
vt 0.50000000 0.50000000
vt 0.62502669 0.83828934
vt 0.62502669 0.83828934
vt 0.73497331 0.77577600
vt 0.73497331 0.77577600
vt 0.81657869 0.68000000
vt 0.81657869 0.68000000
vt 0.86000000 0.56251334
vt 0.86000000 0.56251334
vt 0.86000000 0.43748666
vt 0.86000000 0.43748666
vt 0.81657869 0.32000000
vt 0.81657869 0.32000000
vt 0.73497331 0.22422400
vt 0.73497331 0.22422400
vt 0.62502669 0.16171066
vt 0.62502669 0.16171066
vt 0.50000000 0.14000000
vt 0.50000000 0.14000000
vt 0.37497331 0.16171066
vt 0.37497331 0.16171066
vt 0.26502669 0.22422400
vt 0.26502669 0.22422400
vt 0.18342131 0.32000000
vt 0.18342131 0.32000000
vt 0.14000000 0.43748666
vt 0.14000000 0.43748666
vt 0.14000000 0.56251334
vt 0.14000000 0.56251334
vt 0.18342131 0.68000000
vt 0.18342131 0.68000000
vt 0.26502669 0.77577600
vt 0.26502669 0.77577600
vt 0.37497331 0.83828934
vt 0.37497331 0.83828934
vt 0.14000000 0.14000000
vt 0.14000000 0.86000000
vt 0.86000000 0.14000000
vt 0.86000000 0.86000000
vt 0.14000000 0.14000000
vt 0.14000000 0.86000000
vt 0.86000000 0.14000000
vt 0.86000000 0.86000000
vt 0.14000000 0.14000000
vt 0.14000000 0.86000000
vt 0.86000000 0.14000000
vt 0.86000000 0.86000000
vt 0.14000000 0.14000000
vt 0.14000000 0.86000000
vt 0.86000000 0.14000000
vt 0.86000000 0.86000000
vt 0.80623429 0.50000000
vt 0.80623429 0.50000000
vt 0.19376571 0.50000000
vt 0.19376571 0.50000000
vt 0.31073680 0.80623429
vt 0.68926320 0.80623429
vt 0.31073680 0.19376571
vt 0.68926320 0.19376571
vt 0.50000000 0.31073680
vt 0.50000000 0.68926320
vt 0.50000000 0.31073680
vt 0.50000000 0.68926320
vt 0.86000000 0.50000000
vt 0.14000000 0.50000000
vt 0.20875388 0.68000000
vt 0.20875388 0.68000000
vt 0.79124612 0.68000000
vt 0.79124612 0.68000000
vt 0.50000000 0.86000000
vt 0.20875388 0.32000000
vt 0.20875388 0.32000000
vt 0.79124612 0.32000000
vt 0.79124612 0.32000000
vt 0.50000000 0.14000000
vt 0.68000000 0.38875388
vt 0.32000000 0.38875388
vt 0.38875388 0.20875388
vt 0.61124612 0.20875388
vt 0.68000000 0.61124612
vt 0.32000000 0.61124612
vt 0.38875388 0.79124612
vt 0.61124612 0.79124612
vt 0.50000000 0.50000000
vt 0.68000000 0.38875388
vt 0.32000000 0.38875388
vt 0.38875388 0.20875388
vt 0.61124612 0.20875388
vt 0.68000000 0.61124612
vt 0.32000000 0.61124612
vt 0.38875388 0.79124612
vt 0.61124612 0.79124612
vt 0.50000000 0.50000000
vt 0.80623429 0.50000000
vt 0.80623429 0.50000000
vt 0.19376571 0.50000000
vt 0.19376571 0.50000000
vt 0.31073680 0.80623429
vt 0.68926320 0.80623429
vt 0.31073680 0.19376571
vt 0.68926320 0.19376571
vt 0.50000000 0.31073680
vt 0.50000000 0.68926320
vt 0.50000000 0.31073680
vt 0.50000000 0.68926320
vt 0.86000000 0.50000000
vt 0.14000000 0.50000000
vt 0.20875388 0.68000000
vt 0.20875388 0.68000000
vt 0.79124612 0.68000000
vt 0.79124612 0.68000000
vt 0.50000000 0.86000000
vt 0.20875388 0.32000000
vt 0.20875388 0.32000000
vt 0.79124612 0.32000000
vt 0.79124612 0.32000000
vt 0.50000000 0.14000000
vt 0.68000000 0.38875388
vt 0.32000000 0.38875388
vt 0.38875388 0.20875388
vt 0.61124612 0.20875388
vt 0.68000000 0.61124612
vt 0.32000000 0.61124612
vt 0.38875388 0.79124612
vt 0.61124612 0.79124612
vt 0.50000000 0.50000000
vt 0.68000000 0.38875388
vt 0.32000000 0.38875388
vt 0.38875388 0.20875388
vt 0.61124612 0.20875388
vt 0.68000000 0.61124612
vt 0.32000000 0.61124612
vt 0.38875388 0.79124612
vt 0.61124612 0.79124612
vt 0.50000000 0.50000000
vt 0.80623429 0.50000000
vt 0.80623429 0.50000000
vt 0.19376571 0.50000000
vt 0.19376571 0.50000000
vt 0.31073680 0.80623429
vt 0.68926320 0.80623429
vt 0.31073680 0.19376571
vt 0.68926320 0.19376571
vt 0.50000000 0.31073680
vt 0.50000000 0.68926320
vt 0.50000000 0.31073680
vt 0.50000000 0.68926320
vt 0.86000000 0.50000000
vt 0.14000000 0.50000000
vt 0.20875388 0.68000000
vt 0.20875388 0.68000000
vt 0.79124612 0.68000000
vt 0.79124612 0.68000000
vt 0.50000000 0.86000000
vt 0.20875388 0.32000000
vt 0.20875388 0.32000000
vt 0.79124612 0.32000000
vt 0.79124612 0.32000000
vt 0.50000000 0.14000000
vt 0.68000000 0.38875388
vt 0.32000000 0.38875388
vt 0.38875388 0.20875388
vt 0.61124612 0.20875388
vt 0.68000000 0.61124612
vt 0.32000000 0.61124612
vt 0.38875388 0.79124612
vt 0.61124612 0.79124612
vt 0.50000000 0.50000000
vt 0.68000000 0.38875388
vt 0.32000000 0.38875388
vt 0.38875388 0.20875388
vt 0.61124612 0.20875388
vt 0.68000000 0.61124612
vt 0.32000000 0.61124612
vt 0.38875388 0.79124612
vt 0.61124612 0.79124612
vt 0.50000000 0.50000000
vt 0.80623429 0.50000000
vt 0.80623429 0.50000000
vt 0.19376571 0.50000000
vt 0.19376571 0.50000000
vt 0.31073680 0.80623429
vt 0.68926320 0.80623429
vt 0.31073680 0.19376571
vt 0.68926320 0.19376571
vt 0.50000000 0.31073680
vt 0.50000000 0.68926320
vt 0.50000000 0.31073680
vt 0.50000000 0.68926320
vt 0.86000000 0.50000000
vt 0.14000000 0.50000000
vt 0.20875388 0.68000000
vt 0.20875388 0.68000000
vt 0.79124612 0.68000000
vt 0.79124612 0.68000000
vt 0.50000000 0.86000000
vt 0.20875388 0.32000000
vt 0.20875388 0.32000000
vt 0.79124612 0.32000000
vt 0.79124612 0.32000000
vt 0.50000000 0.14000000
vt 0.68000000 0.38875388
vt 0.32000000 0.38875388
vt 0.38875388 0.20875388
vt 0.61124612 0.20875388
vt 0.68000000 0.61124612
vt 0.32000000 0.61124612
vt 0.38875388 0.79124612
vt 0.61124612 0.79124612
vt 0.50000000 0.50000000
vt 0.68000000 0.38875388
vt 0.32000000 0.38875388
vt 0.38875388 0.20875388
vt 0.61124612 0.20875388
vt 0.68000000 0.61124612
vt 0.32000000 0.61124612
vt 0.38875388 0.79124612
vt 0.61124612 0.79124612
vt 0.50000000 0.50000000
vt 0.80623429 0.50000000
vt 0.80623429 0.50000000
vt 0.19376571 0.50000000
vt 0.19376571 0.50000000
vt 0.31073680 0.80623429
vt 0.68926320 0.80623429
vt 0.31073680 0.19376571
vt 0.68926320 0.19376571
vt 0.50000000 0.31073680
vt 0.50000000 0.68926320
vt 0.50000000 0.31073680
vt 0.50000000 0.68926320
vt 0.86000000 0.50000000
vt 0.14000000 0.50000000
vt 0.20875388 0.68000000
vt 0.20875388 0.68000000
vt 0.79124612 0.68000000
vt 0.79124612 0.68000000
vt 0.50000000 0.86000000
vt 0.20875388 0.32000000
vt 0.20875388 0.32000000
vt 0.79124612 0.32000000
vt 0.79124612 0.32000000
vt 0.50000000 0.14000000
vt 0.68000000 0.38875388
vt 0.32000000 0.38875388
vt 0.38875388 0.20875388
vt 0.61124612 0.20875388
vt 0.68000000 0.61124612
vt 0.32000000 0.61124612
vt 0.38875388 0.79124612
vt 0.61124612 0.79124612
vt 0.50000000 0.50000000
vt 0.68000000 0.38875388
vt 0.32000000 0.38875388
vt 0.38875388 0.20875388
vt 0.61124612 0.20875388
vt 0.68000000 0.61124612
vt 0.32000000 0.61124612
vt 0.38875388 0.79124612
vt 0.61124612 0.79124612
vt 0.50000000 0.50000000
vt 0.80623429 0.50000000
vt 0.80623429 0.50000000
vt 0.19376571 0.50000000
vt 0.19376571 0.50000000
vt 0.31073680 0.80623429
vt 0.68926320 0.80623429
vt 0.31073680 0.19376571
vt 0.68926320 0.19376571
vt 0.50000000 0.31073680
vt 0.50000000 0.68926320
vt 0.50000000 0.31073680
vt 0.50000000 0.68926320
vt 0.86000000 0.50000000
vt 0.14000000 0.50000000
vt 0.20875388 0.68000000
vt 0.20875388 0.68000000
vt 0.79124612 0.68000000
vt 0.79124612 0.68000000
vt 0.50000000 0.86000000
vt 0.20875388 0.32000000
vt 0.20875388 0.32000000
vt 0.79124612 0.32000000
vt 0.79124612 0.32000000
vt 0.50000000 0.14000000
vt 0.68000000 0.38875388
vt 0.32000000 0.38875388
vt 0.38875388 0.20875388
vt 0.61124612 0.20875388
vt 0.68000000 0.61124612
vt 0.32000000 0.61124612
vt 0.38875388 0.79124612
vt 0.61124612 0.79124612
vt 0.50000000 0.50000000
vt 0.68000000 0.38875388
vt 0.32000000 0.38875388
vt 0.38875388 0.20875388
vt 0.61124612 0.20875388
vt 0.68000000 0.61124612
vt 0.32000000 0.61124612
vt 0.38875388 0.79124612
vt 0.61124612 0.79124612
vt 0.50000000 0.50000000
vt 0.80623429 0.50000000
vt 0.80623429 0.50000000
vt 0.19376571 0.50000000
vt 0.19376571 0.50000000
vt 0.31073680 0.80623429
vt 0.68926320 0.80623429
vt 0.31073680 0.19376571
vt 0.68926320 0.19376571
vt 0.50000000 0.31073680
vt 0.50000000 0.68926320
vt 0.50000000 0.31073680
vt 0.50000000 0.68926320
vt 0.86000000 0.50000000
vt 0.14000000 0.50000000
vt 0.20875388 0.68000000
vt 0.20875388 0.68000000
vt 0.79124612 0.68000000
vt 0.79124612 0.68000000
vt 0.50000000 0.86000000
vt 0.20875388 0.32000000
vt 0.20875388 0.32000000
vt 0.79124612 0.32000000
vt 0.79124612 0.32000000
vt 0.50000000 0.14000000
vt 0.68000000 0.38875388
vt 0.32000000 0.38875388
vt 0.38875388 0.20875388
vt 0.61124612 0.20875388
vt 0.68000000 0.61124612
vt 0.32000000 0.61124612
vt 0.38875388 0.79124612
vt 0.61124612 0.79124612
vt 0.50000000 0.50000000
vt 0.68000000 0.38875388
vt 0.32000000 0.38875388
vt 0.38875388 0.20875388
vt 0.61124612 0.20875388
vt 0.68000000 0.61124612
vt 0.32000000 0.61124612
vt 0.38875388 0.79124612
vt 0.61124612 0.79124612
vt 0.50000000 0.50000000
vt 0.80623429 0.50000000
vt 0.80623429 0.50000000
vt 0.19376571 0.50000000
vt 0.19376571 0.50000000
vt 0.31073680 0.80623429
vt 0.68926320 0.80623429
vt 0.31073680 0.19376571
vt 0.68926320 0.19376571
vt 0.50000000 0.31073680
vt 0.50000000 0.68926320
vt 0.50000000 0.31073680
vt 0.50000000 0.68926320
vt 0.86000000 0.50000000
vt 0.14000000 0.50000000
vt 0.20875388 0.68000000
vt 0.20875388 0.68000000
vt 0.79124612 0.68000000
vt 0.79124612 0.68000000
vt 0.50000000 0.86000000
vt 0.20875388 0.32000000
vt 0.20875388 0.32000000
vt 0.79124612 0.32000000
vt 0.79124612 0.32000000
vt 0.50000000 0.14000000
vt 0.68000000 0.38875388
vt 0.32000000 0.38875388
vt 0.38875388 0.20875388
vt 0.61124612 0.20875388
vt 0.68000000 0.61124612
vt 0.32000000 0.61124612
vt 0.38875388 0.79124612
vt 0.61124612 0.79124612
vt 0.50000000 0.50000000
vt 0.68000000 0.38875388
vt 0.32000000 0.38875388
vt 0.38875388 0.20875388
vt 0.61124612 0.20875388
vt 0.68000000 0.61124612
vt 0.32000000 0.61124612
vt 0.38875388 0.79124612
vt 0.61124612 0.79124612
vt 0.50000000 0.50000000
vt 0.80623429 0.50000000
vt 0.80623429 0.50000000
vt 0.19376571 0.50000000
vt 0.19376571 0.50000000
vt 0.31073680 0.80623429
vt 0.68926320 0.80623429
vt 0.31073680 0.19376571
vt 0.68926320 0.19376571
vt 0.50000000 0.31073680
vt 0.50000000 0.68926320
vt 0.50000000 0.31073680
vt 0.50000000 0.68926320
vt 0.86000000 0.50000000
vt 0.14000000 0.50000000
vt 0.20875388 0.68000000
vt 0.20875388 0.68000000
vt 0.79124612 0.68000000
vt 0.79124612 0.68000000
vt 0.50000000 0.86000000
vt 0.20875388 0.32000000
vt 0.20875388 0.32000000
vt 0.79124612 0.32000000
vt 0.79124612 0.32000000
vt 0.50000000 0.14000000
vt 0.68000000 0.38875388
vt 0.32000000 0.38875388
vt 0.38875388 0.20875388
vt 0.61124612 0.20875388
vt 0.68000000 0.61124612
vt 0.32000000 0.61124612
vt 0.38875388 0.79124612
vt 0.61124612 0.79124612
vt 0.50000000 0.50000000
vt 0.68000000 0.38875388
vt 0.32000000 0.38875388
vt 0.38875388 0.20875388
vt 0.61124612 0.20875388
vt 0.68000000 0.61124612
vt 0.32000000 0.61124612
vt 0.38875388 0.79124612
vt 0.61124612 0.79124612
vt 0.50000000 0.50000000
vt 0.80623429 0.50000000
vt 0.80623429 0.50000000
vt 0.19376571 0.50000000
vt 0.19376571 0.50000000
vt 0.31073680 0.80623429
vt 0.68926320 0.80623429
vt 0.31073680 0.19376571
vt 0.68926320 0.19376571
vt 0.50000000 0.31073680
vt 0.50000000 0.68926320
vt 0.50000000 0.31073680
vt 0.50000000 0.68926320
vt 0.86000000 0.50000000
vt 0.14000000 0.50000000
vt 0.20875388 0.68000000
vt 0.20875388 0.68000000
vt 0.79124612 0.68000000
vt 0.79124612 0.68000000
vt 0.50000000 0.86000000
vt 0.20875388 0.32000000
vt 0.20875388 0.32000000
vt 0.79124612 0.32000000
vt 0.79124612 0.32000000
vt 0.50000000 0.14000000
vt 0.68000000 0.38875388
vt 0.32000000 0.38875388
vt 0.38875388 0.20875388
vt 0.61124612 0.20875388
vt 0.68000000 0.61124612
vt 0.32000000 0.61124612
vt 0.38875388 0.79124612
vt 0.61124612 0.79124612
vt 0.50000000 0.50000000
vt 0.68000000 0.38875388
vt 0.32000000 0.38875388
vt 0.38875388 0.20875388
vt 0.61124612 0.20875388
vt 0.68000000 0.61124612
vt 0.32000000 0.61124612
vt 0.38875388 0.79124612
vt 0.61124612 0.79124612
vt 0.50000000 0.50000000
vt 0.80623429 0.50000000
vt 0.80623429 0.50000000
vt 0.19376571 0.50000000
vt 0.19376571 0.50000000
vt 0.31073680 0.80623429
vt 0.68926320 0.80623429
vt 0.31073680 0.19376571
vt 0.68926320 0.19376571
vt 0.50000000 0.31073680
vt 0.50000000 0.68926320
vt 0.50000000 0.31073680
vt 0.50000000 0.68926320
vt 0.86000000 0.50000000
vt 0.14000000 0.50000000
vt 0.20875388 0.68000000
vt 0.20875388 0.68000000
vt 0.79124612 0.68000000
vt 0.79124612 0.68000000
vt 0.50000000 0.86000000
vt 0.20875388 0.32000000
vt 0.20875388 0.32000000
vt 0.79124612 0.32000000
vt 0.79124612 0.32000000
vt 0.50000000 0.14000000
vt 0.68000000 0.38875388
vt 0.32000000 0.38875388
vt 0.38875388 0.20875388
vt 0.61124612 0.20875388
vt 0.68000000 0.61124612
vt 0.32000000 0.61124612
vt 0.38875388 0.79124612
vt 0.61124612 0.79124612
vt 0.50000000 0.50000000
vt 0.68000000 0.38875388
vt 0.32000000 0.38875388
vt 0.38875388 0.20875388
vt 0.61124612 0.20875388
vt 0.68000000 0.61124612
vt 0.32000000 0.61124612
vt 0.38875388 0.79124612
vt 0.61124612 0.79124612
vt 0.50000000 0.50000000
vt 0.80623429 0.50000000
vt 0.80623429 0.50000000
vt 0.19376571 0.50000000
vt 0.19376571 0.50000000
vt 0.31073680 0.80623429
vt 0.68926320 0.80623429
vt 0.31073680 0.19376571
vt 0.68926320 0.19376571
vt 0.50000000 0.31073680
vt 0.50000000 0.68926320
vt 0.50000000 0.31073680
vt 0.50000000 0.68926320
vt 0.86000000 0.50000000
vt 0.14000000 0.50000000
vt 0.20875388 0.68000000
vt 0.20875388 0.68000000
vt 0.79124612 0.68000000
vt 0.79124612 0.68000000
vt 0.50000000 0.86000000
vt 0.20875388 0.32000000
vt 0.20875388 0.32000000
vt 0.79124612 0.32000000
vt 0.79124612 0.32000000
vt 0.50000000 0.14000000
vt 0.68000000 0.38875388
vt 0.32000000 0.38875388
vt 0.38875388 0.20875388
vt 0.61124612 0.20875388
vt 0.68000000 0.61124612
vt 0.32000000 0.61124612
vt 0.38875388 0.79124612
vt 0.61124612 0.79124612
vt 0.50000000 0.50000000
vt 0.68000000 0.38875388
vt 0.32000000 0.38875388
vt 0.38875388 0.20875388
vt 0.61124612 0.20875388
vt 0.68000000 0.61124612
vt 0.32000000 0.61124612
vt 0.38875388 0.79124612
vt 0.61124612 0.79124612
vt 0.50000000 0.50000000
vt 0.80623429 0.50000000
vt 0.80623429 0.50000000
vt 0.19376571 0.50000000
vt 0.19376571 0.50000000
vt 0.31073680 0.80623429
vt 0.68926320 0.80623429
vt 0.31073680 0.19376571
vt 0.68926320 0.19376571
vt 0.50000000 0.31073680
vt 0.50000000 0.68926320
vt 0.50000000 0.31073680
vt 0.50000000 0.68926320
vt 0.86000000 0.50000000
vt 0.14000000 0.50000000
vt 0.20875388 0.68000000
vt 0.20875388 0.68000000
vt 0.79124612 0.68000000
vt 0.79124612 0.68000000
vt 0.50000000 0.86000000
vt 0.20875388 0.32000000
vt 0.20875388 0.32000000
vt 0.79124612 0.32000000
vt 0.79124612 0.32000000
vt 0.50000000 0.14000000
vt 0.68000000 0.38875388
vt 0.32000000 0.38875388
vt 0.38875388 0.20875388
vt 0.61124612 0.20875388
vt 0.68000000 0.61124612
vt 0.32000000 0.61124612
vt 0.38875388 0.79124612
vt 0.61124612 0.79124612
vt 0.50000000 0.50000000
vt 0.68000000 0.38875388
vt 0.32000000 0.38875388
vt 0.38875388 0.20875388
vt 0.61124612 0.20875388
vt 0.68000000 0.61124612
vt 0.32000000 0.61124612
vt 0.38875388 0.79124612
vt 0.61124612 0.79124612
vt 0.50000000 0.50000000
vt 0.80623429 0.50000000
vt 0.80623429 0.50000000
vt 0.19376571 0.50000000
vt 0.19376571 0.50000000
vt 0.31073680 0.80623429
vt 0.68926320 0.80623429
vt 0.31073680 0.19376571
vt 0.68926320 0.19376571
vt 0.50000000 0.31073680
vt 0.50000000 0.68926320
vt 0.50000000 0.31073680
vt 0.50000000 0.68926320
vt 0.86000000 0.50000000
vt 0.14000000 0.50000000
vt 0.20875388 0.68000000
vt 0.20875388 0.68000000
vt 0.79124612 0.68000000
vt 0.79124612 0.68000000
vt 0.50000000 0.86000000
vt 0.20875388 0.32000000
vt 0.20875388 0.32000000
vt 0.79124612 0.32000000
vt 0.79124612 0.32000000
vt 0.50000000 0.14000000
vt 0.68000000 0.38875388
vt 0.32000000 0.38875388
vt 0.38875388 0.20875388
vt 0.61124612 0.20875388
vt 0.68000000 0.61124612
vt 0.32000000 0.61124612
vt 0.38875388 0.79124612
vt 0.61124612 0.79124612
vt 0.50000000 0.50000000
vt 0.68000000 0.38875388
vt 0.32000000 0.38875388
vt 0.38875388 0.20875388
vt 0.61124612 0.20875388
vt 0.68000000 0.61124612
vt 0.32000000 0.61124612
vt 0.38875388 0.79124612
vt 0.61124612 0.79124612
vt 0.50000000 0.50000000
vt 0.80623429 0.50000000
vt 0.80623429 0.50000000
vt 0.19376571 0.50000000
vt 0.19376571 0.50000000
vt 0.31073680 0.80623429
vt 0.68926320 0.80623429
vt 0.31073680 0.19376571
vt 0.68926320 0.19376571
vt 0.50000000 0.31073680
vt 0.50000000 0.68926320
vt 0.50000000 0.31073680
vt 0.50000000 0.68926320
vt 0.86000000 0.50000000
vt 0.14000000 0.50000000
vt 0.20875388 0.68000000
vt 0.20875388 0.68000000
vt 0.79124612 0.68000000
vt 0.79124612 0.68000000
vt 0.50000000 0.86000000
vt 0.20875388 0.32000000
vt 0.20875388 0.32000000
vt 0.79124612 0.32000000
vt 0.79124612 0.32000000
vt 0.50000000 0.14000000
vt 0.68000000 0.38875388
vt 0.32000000 0.38875388
vt 0.38875388 0.20875388
vt 0.61124612 0.20875388
vt 0.68000000 0.61124612
vt 0.32000000 0.61124612
vt 0.38875388 0.79124612
vt 0.61124612 0.79124612
vt 0.50000000 0.50000000
vt 0.68000000 0.38875388
vt 0.32000000 0.38875388
vt 0.38875388 0.20875388
vt 0.61124612 0.20875388
vt 0.68000000 0.61124612
vt 0.32000000 0.61124612
vt 0.38875388 0.79124612
vt 0.61124612 0.79124612
vt 0.50000000 0.50000000
vt 0.80623429 0.50000000
vt 0.80623429 0.50000000
vt 0.19376571 0.50000000
vt 0.19376571 0.50000000
vt 0.31073680 0.80623429
vt 0.68926320 0.80623429
vt 0.31073680 0.19376571
vt 0.68926320 0.19376571
vt 0.50000000 0.31073680
vt 0.50000000 0.68926320
vt 0.50000000 0.31073680
vt 0.50000000 0.68926320
vt 0.86000000 0.50000000
vt 0.14000000 0.50000000
vt 0.20875388 0.68000000
vt 0.20875388 0.68000000
vt 0.79124612 0.68000000
vt 0.79124612 0.68000000
vt 0.50000000 0.86000000
vt 0.20875388 0.32000000
vt 0.20875388 0.32000000
vt 0.79124612 0.32000000
vt 0.79124612 0.32000000
vt 0.50000000 0.14000000
vt 0.68000000 0.38875388
vt 0.32000000 0.38875388
vt 0.38875388 0.20875388
vt 0.61124612 0.20875388
vt 0.68000000 0.61124612
vt 0.32000000 0.61124612
vt 0.38875388 0.79124612
vt 0.61124612 0.79124612
vt 0.50000000 0.50000000
vt 0.68000000 0.38875388
vt 0.32000000 0.38875388
vt 0.38875388 0.20875388
vt 0.61124612 0.20875388
vt 0.68000000 0.61124612
vt 0.32000000 0.61124612
vt 0.38875388 0.79124612
vt 0.61124612 0.79124612
vt 0.50000000 0.50000000
vt 0.80623429 0.50000000
vt 0.80623429 0.50000000
vt 0.19376571 0.50000000
vt 0.19376571 0.50000000
vt 0.31073680 0.80623429
vt 0.68926320 0.80623429
vt 0.31073680 0.19376571
vt 0.68926320 0.19376571
vt 0.50000000 0.31073680
vt 0.50000000 0.68926320
vt 0.50000000 0.31073680
vt 0.50000000 0.68926320
vt 0.86000000 0.50000000
vt 0.14000000 0.50000000
vt 0.20875388 0.68000000
vt 0.20875388 0.68000000
vt 0.79124612 0.68000000
vt 0.79124612 0.68000000
vt 0.50000000 0.86000000
vt 0.20875388 0.32000000
vt 0.20875388 0.32000000
vt 0.79124612 0.32000000
vt 0.79124612 0.32000000
vt 0.50000000 0.14000000
vt 0.68000000 0.38875388
vt 0.32000000 0.38875388
vt 0.38875388 0.20875388
vt 0.61124612 0.20875388
vt 0.68000000 0.61124612
vt 0.32000000 0.61124612
vt 0.38875388 0.79124612
vt 0.61124612 0.79124612
vt 0.50000000 0.50000000
vt 0.68000000 0.38875388
vt 0.32000000 0.38875388
vt 0.38875388 0.20875388
vt 0.61124612 0.20875388
vt 0.68000000 0.61124612
vt 0.32000000 0.61124612
vt 0.38875388 0.79124612
vt 0.61124612 0.79124612
vt 0.50000000 0.50000000
vt 0.80623429 0.50000000
vt 0.80623429 0.50000000
vt 0.19376571 0.50000000
vt 0.19376571 0.50000000
vt 0.31073680 0.80623429
vt 0.68926320 0.80623429
vt 0.31073680 0.19376571
vt 0.68926320 0.19376571
vt 0.50000000 0.31073680
vt 0.50000000 0.68926320
vt 0.50000000 0.31073680
vt 0.50000000 0.68926320
vt 0.86000000 0.50000000
vt 0.14000000 0.50000000
vt 0.20875388 0.68000000
vt 0.20875388 0.68000000
vt 0.79124612 0.68000000
vt 0.79124612 0.68000000
vt 0.50000000 0.86000000
vt 0.20875388 0.32000000
vt 0.20875388 0.32000000
vt 0.79124612 0.32000000
vt 0.79124612 0.32000000
vt 0.50000000 0.14000000
vt 0.68000000 0.38875388
vt 0.32000000 0.38875388
vt 0.38875388 0.20875388
vt 0.61124612 0.20875388
vt 0.68000000 0.61124612
vt 0.32000000 0.61124612
vt 0.38875388 0.79124612
vt 0.61124612 0.79124612
vt 0.50000000 0.50000000
vt 0.68000000 0.38875388
vt 0.32000000 0.38875388
vt 0.38875388 0.20875388
vt 0.61124612 0.20875388
vt 0.68000000 0.61124612
vt 0.32000000 0.61124612
vt 0.38875388 0.79124612
vt 0.61124612 0.79124612
vt 0.50000000 0.50000000
vt 0.80623429 0.50000000
vt 0.80623429 0.50000000
vt 0.19376571 0.50000000
vt 0.19376571 0.50000000
vt 0.31073680 0.80623429
vt 0.68926320 0.80623429
vt 0.31073680 0.19376571
vt 0.68926320 0.19376571
vt 0.50000000 0.31073680
vt 0.50000000 0.68926320
vt 0.50000000 0.31073680
vt 0.50000000 0.68926320
vt 0.86000000 0.50000000
vt 0.14000000 0.50000000
vt 0.20875388 0.68000000
vt 0.20875388 0.68000000
vt 0.79124612 0.68000000
vt 0.79124612 0.68000000
vt 0.50000000 0.86000000
vt 0.20875388 0.32000000
vt 0.20875388 0.32000000
vt 0.79124612 0.32000000
vt 0.79124612 0.32000000
vt 0.50000000 0.14000000
vt 0.68000000 0.38875388
vt 0.32000000 0.38875388
vt 0.38875388 0.20875388
vt 0.61124612 0.20875388
vt 0.68000000 0.61124612
vt 0.32000000 0.61124612
vt 0.38875388 0.79124612
vt 0.61124612 0.79124612
vt 0.50000000 0.50000000
vt 0.68000000 0.38875388
vt 0.32000000 0.38875388
vt 0.38875388 0.20875388
vt 0.61124612 0.20875388
vt 0.68000000 0.61124612
vt 0.32000000 0.61124612
vt 0.38875388 0.79124612
vt 0.61124612 0.79124612
vt 0.50000000 0.50000000
vt 0.80623429 0.50000000
vt 0.80623429 0.50000000
vt 0.19376571 0.50000000
vt 0.19376571 0.50000000
vt 0.31073680 0.80623429
vt 0.68926320 0.80623429
vt 0.31073680 0.19376571
vt 0.68926320 0.19376571
vt 0.50000000 0.31073680
vt 0.50000000 0.68926320
vt 0.50000000 0.31073680
vt 0.50000000 0.68926320
vt 0.86000000 0.50000000
vt 0.14000000 0.50000000
vt 0.20875388 0.68000000
vt 0.20875388 0.68000000
vt 0.79124612 0.68000000
vt 0.79124612 0.68000000
vt 0.50000000 0.86000000
vt 0.20875388 0.32000000
vt 0.20875388 0.32000000
vt 0.79124612 0.32000000
vt 0.79124612 0.32000000
vt 0.50000000 0.14000000
vt 0.68000000 0.38875388
vt 0.32000000 0.38875388
vt 0.38875388 0.20875388
vt 0.61124612 0.20875388
vt 0.68000000 0.61124612
vt 0.32000000 0.61124612
vt 0.38875388 0.79124612
vt 0.61124612 0.79124612
vt 0.50000000 0.50000000
vt 0.68000000 0.38875388
vt 0.32000000 0.38875388
vt 0.38875388 0.20875388
vt 0.61124612 0.20875388
vt 0.68000000 0.61124612
vt 0.32000000 0.61124612
vt 0.38875388 0.79124612
vt 0.61124612 0.79124612
vt 0.50000000 0.50000000
vt 0.80623429 0.50000000
vt 0.80623429 0.50000000
vt 0.19376571 0.50000000
vt 0.19376571 0.50000000
vt 0.31073680 0.80623429
vt 0.68926320 0.80623429
vt 0.31073680 0.19376571
vt 0.68926320 0.19376571
vt 0.50000000 0.31073680
vt 0.50000000 0.68926320
vt 0.50000000 0.31073680
vt 0.50000000 0.68926320
vt 0.86000000 0.50000000
vt 0.14000000 0.50000000
vt 0.20875388 0.68000000
vt 0.20875388 0.68000000
vt 0.79124612 0.68000000
vt 0.79124612 0.68000000
vt 0.50000000 0.86000000
vt 0.20875388 0.32000000
vt 0.20875388 0.32000000
vt 0.79124612 0.32000000
vt 0.79124612 0.32000000
vt 0.50000000 0.14000000
vt 0.68000000 0.38875388
vt 0.32000000 0.38875388
vt 0.38875388 0.20875388
vt 0.61124612 0.20875388
vt 0.68000000 0.61124612
vt 0.32000000 0.61124612
vt 0.38875388 0.79124612
vt 0.61124612 0.79124612
vt 0.50000000 0.50000000
vt 0.68000000 0.38875388
vt 0.32000000 0.38875388
vt 0.38875388 0.20875388
vt 0.61124612 0.20875388
vt 0.68000000 0.61124612
vt 0.32000000 0.61124612
vt 0.38875388 0.79124612
vt 0.61124612 0.79124612
vt 0.50000000 0.50000000
vt 0.80623429 0.50000000
vt 0.80623429 0.50000000
vt 0.19376571 0.50000000
vt 0.19376571 0.50000000
vt 0.31073680 0.80623429
vt 0.68926320 0.80623429
vt 0.31073680 0.19376571
vt 0.68926320 0.19376571
vt 0.50000000 0.31073680
vt 0.50000000 0.68926320
vt 0.50000000 0.31073680
vt 0.50000000 0.68926320
vt 0.86000000 0.50000000
vt 0.14000000 0.50000000
vt 0.20875388 0.68000000
vt 0.20875388 0.68000000
vt 0.79124612 0.68000000
vt 0.79124612 0.68000000
vt 0.50000000 0.86000000
vt 0.20875388 0.32000000
vt 0.20875388 0.32000000
vt 0.79124612 0.32000000
vt 0.79124612 0.32000000
vt 0.50000000 0.14000000
vt 0.68000000 0.38875388
vt 0.32000000 0.38875388
vt 0.38875388 0.20875388
vt 0.61124612 0.20875388
vt 0.68000000 0.61124612
vt 0.32000000 0.61124612
vt 0.38875388 0.79124612
vt 0.61124612 0.79124612
vt 0.50000000 0.50000000
vt 0.68000000 0.38875388
vt 0.32000000 0.38875388
vt 0.38875388 0.20875388
vt 0.61124612 0.20875388
vt 0.68000000 0.61124612
vt 0.32000000 0.61124612
vt 0.38875388 0.79124612
vt 0.61124612 0.79124612
vt 0.50000000 0.50000000
vt 0.80623429 0.50000000
vt 0.80623429 0.50000000
vt 0.19376571 0.50000000
vt 0.19376571 0.50000000
vt 0.31073680 0.80623429
vt 0.68926320 0.80623429
vt 0.31073680 0.19376571
vt 0.68926320 0.19376571
vt 0.50000000 0.31073680
vt 0.50000000 0.68926320
vt 0.50000000 0.31073680
vt 0.50000000 0.68926320
vt 0.86000000 0.50000000
vt 0.14000000 0.50000000
vt 0.20875388 0.68000000
vt 0.20875388 0.68000000
vt 0.79124612 0.68000000
vt 0.79124612 0.68000000
vt 0.50000000 0.86000000
vt 0.20875388 0.32000000
vt 0.20875388 0.32000000
vt 0.79124612 0.32000000
vt 0.79124612 0.32000000
vt 0.50000000 0.14000000
vt 0.68000000 0.38875388
vt 0.32000000 0.38875388
vt 0.38875388 0.20875388
vt 0.61124612 0.20875388
vt 0.68000000 0.61124612
vt 0.32000000 0.61124612
vt 0.38875388 0.79124612
vt 0.61124612 0.79124612
vt 0.50000000 0.50000000
vt 0.68000000 0.38875388
vt 0.32000000 0.38875388
vt 0.38875388 0.20875388
vt 0.61124612 0.20875388
vt 0.68000000 0.61124612
vt 0.32000000 0.61124612
vt 0.38875388 0.79124612
vt 0.61124612 0.79124612
vt 0.50000000 0.50000000
vt 0.80623429 0.50000000
vt 0.80623429 0.50000000
vt 0.19376571 0.50000000
vt 0.19376571 0.50000000
vt 0.31073680 0.80623429
vt 0.68926320 0.80623429
vt 0.31073680 0.19376571
vt 0.68926320 0.19376571
vt 0.50000000 0.31073680
vt 0.50000000 0.68926320
vt 0.50000000 0.31073680
vt 0.50000000 0.68926320
vt 0.86000000 0.50000000
vt 0.14000000 0.50000000
vt 0.20875388 0.68000000
vt 0.20875388 0.68000000
vt 0.79124612 0.68000000
vt 0.79124612 0.68000000
vt 0.50000000 0.86000000
vt 0.20875388 0.32000000
vt 0.20875388 0.32000000
vt 0.79124612 0.32000000
vt 0.79124612 0.32000000
vt 0.50000000 0.14000000
vt 0.68000000 0.38875388
vt 0.32000000 0.38875388
vt 0.38875388 0.20875388
vt 0.61124612 0.20875388
vt 0.68000000 0.61124612
vt 0.32000000 0.61124612
vt 0.38875388 0.79124612
vt 0.61124612 0.79124612
vt 0.50000000 0.50000000
vt 0.68000000 0.38875388
vt 0.32000000 0.38875388
vt 0.38875388 0.20875388
vt 0.61124612 0.20875388
vt 0.68000000 0.61124612
vt 0.32000000 0.61124612
vt 0.38875388 0.79124612
vt 0.61124612 0.79124612
vt 0.50000000 0.50000000
vt 0.80623429 0.50000000
vt 0.80623429 0.50000000
vt 0.19376571 0.50000000
vt 0.19376571 0.50000000
vt 0.31073680 0.80623429
vt 0.68926320 0.80623429
vt 0.31073680 0.19376571
vt 0.68926320 0.19376571
vt 0.50000000 0.31073680
vt 0.50000000 0.68926320
vt 0.50000000 0.31073680
vt 0.50000000 0.68926320
vt 0.86000000 0.50000000
vt 0.14000000 0.50000000
vt 0.20875388 0.68000000
vt 0.20875388 0.68000000
vt 0.79124612 0.68000000
vt 0.79124612 0.68000000
vt 0.50000000 0.86000000
vt 0.20875388 0.32000000
vt 0.20875388 0.32000000
vt 0.79124612 0.32000000
vt 0.79124612 0.32000000
vt 0.50000000 0.14000000
vt 0.68000000 0.38875388
vt 0.32000000 0.38875388
vt 0.38875388 0.20875388
vt 0.61124612 0.20875388
vt 0.68000000 0.61124612
vt 0.32000000 0.61124612
vt 0.38875388 0.79124612
vt 0.61124612 0.79124612
vt 0.50000000 0.50000000
vt 0.68000000 0.38875388
vt 0.32000000 0.38875388
vt 0.38875388 0.20875388
vt 0.61124612 0.20875388
vt 0.68000000 0.61124612
vt 0.32000000 0.61124612
vt 0.38875388 0.79124612
vt 0.61124612 0.79124612
vt 0.50000000 0.50000000
vt 0.80623429 0.50000000
vt 0.80623429 0.50000000
vt 0.19376571 0.50000000
vt 0.19376571 0.50000000
vt 0.31073680 0.80623429
vt 0.68926320 0.80623429
vt 0.31073680 0.19376571
vt 0.68926320 0.19376571
vt 0.50000000 0.31073680
vt 0.50000000 0.68926320
vt 0.50000000 0.31073680
vt 0.50000000 0.68926320
vt 0.86000000 0.50000000
vt 0.14000000 0.50000000
vt 0.20875388 0.68000000
vt 0.20875388 0.68000000
vt 0.79124612 0.68000000
vt 0.79124612 0.68000000
vt 0.50000000 0.86000000
vt 0.20875388 0.32000000
vt 0.20875388 0.32000000
vt 0.79124612 0.32000000
vt 0.79124612 0.32000000
vt 0.50000000 0.14000000
vt 0.68000000 0.38875388
vt 0.32000000 0.38875388
vt 0.38875388 0.20875388
vt 0.61124612 0.20875388
vt 0.68000000 0.61124612
vt 0.32000000 0.61124612
vt 0.38875388 0.79124612
vt 0.61124612 0.79124612
vt 0.50000000 0.50000000
vt 0.68000000 0.38875388
vt 0.32000000 0.38875388
vt 0.38875388 0.20875388
vt 0.61124612 0.20875388
vt 0.68000000 0.61124612
vt 0.32000000 0.61124612
vt 0.38875388 0.79124612
vt 0.61124612 0.79124612
vt 0.50000000 0.50000000
vt 0.80623429 0.50000000
vt 0.80623429 0.50000000
vt 0.19376571 0.50000000
vt 0.19376571 0.50000000
vt 0.31073680 0.80623429
vt 0.68926320 0.80623429
vt 0.31073680 0.19376571
vt 0.68926320 0.19376571
vt 0.50000000 0.31073680
vt 0.50000000 0.68926320
vt 0.50000000 0.31073680
vt 0.50000000 0.68926320
vt 0.86000000 0.50000000
vt 0.14000000 0.50000000
vt 0.20875388 0.68000000
vt 0.20875388 0.68000000
vt 0.79124612 0.68000000
vt 0.79124612 0.68000000
vt 0.50000000 0.86000000
vt 0.20875388 0.32000000
vt 0.20875388 0.32000000
vt 0.79124612 0.32000000
vt 0.79124612 0.32000000
vt 0.50000000 0.14000000
vt 0.68000000 0.38875388
vt 0.32000000 0.38875388
vt 0.38875388 0.20875388
vt 0.61124612 0.20875388
vt 0.68000000 0.61124612
vt 0.32000000 0.61124612
vt 0.38875388 0.79124612
vt 0.61124612 0.79124612
vt 0.50000000 0.50000000
vt 0.68000000 0.38875388
vt 0.32000000 0.38875388
vt 0.38875388 0.20875388
vt 0.61124612 0.20875388
vt 0.68000000 0.61124612
vt 0.32000000 0.61124612
vt 0.38875388 0.79124612
vt 0.61124612 0.79124612
vt 0.50000000 0.50000000
vt 0.80623429 0.50000000
vt 0.80623429 0.50000000
vt 0.19376571 0.50000000
vt 0.19376571 0.50000000
vt 0.31073680 0.80623429
vt 0.68926320 0.80623429
vt 0.31073680 0.19376571
vt 0.68926320 0.19376571
vt 0.50000000 0.31073680
vt 0.50000000 0.68926320
vt 0.50000000 0.31073680
vt 0.50000000 0.68926320
vt 0.86000000 0.50000000
vt 0.14000000 0.50000000
vt 0.20875388 0.68000000
vt 0.20875388 0.68000000
vt 0.79124612 0.68000000
vt 0.79124612 0.68000000
vt 0.50000000 0.86000000
vt 0.20875388 0.32000000
vt 0.20875388 0.32000000
vt 0.79124612 0.32000000
vt 0.79124612 0.32000000
vt 0.50000000 0.14000000
vt 0.68000000 0.38875388
vt 0.32000000 0.38875388
vt 0.38875388 0.20875388
vt 0.61124612 0.20875388
vt 0.68000000 0.61124612
vt 0.32000000 0.61124612
vt 0.38875388 0.79124612
vt 0.61124612 0.79124612
vt 0.50000000 0.50000000
vt 0.68000000 0.38875388
vt 0.32000000 0.38875388
vt 0.38875388 0.20875388
vt 0.61124612 0.20875388
vt 0.68000000 0.61124612
vt 0.32000000 0.61124612
vt 0.38875388 0.79124612
vt 0.61124612 0.79124612
vt 0.50000000 0.50000000
vt 0.80623429 0.50000000
vt 0.80623429 0.50000000
vt 0.19376571 0.50000000
vt 0.19376571 0.50000000
vt 0.31073680 0.80623429
vt 0.68926320 0.80623429
vt 0.31073680 0.19376571
vt 0.68926320 0.19376571
vt 0.50000000 0.31073680
vt 0.50000000 0.68926320
vt 0.50000000 0.31073680
vt 0.50000000 0.68926320
vt 0.86000000 0.50000000
vt 0.14000000 0.50000000
vt 0.20875388 0.68000000
vt 0.20875388 0.68000000
vt 0.79124612 0.68000000
vt 0.79124612 0.68000000
vt 0.50000000 0.86000000
vt 0.20875388 0.32000000
vt 0.20875388 0.32000000
vt 0.79124612 0.32000000
vt 0.79124612 0.32000000
vt 0.50000000 0.14000000
vt 0.68000000 0.38875388
vt 0.32000000 0.38875388
vt 0.38875388 0.20875388
vt 0.61124612 0.20875388
vt 0.68000000 0.61124612
vt 0.32000000 0.61124612
vt 0.38875388 0.79124612
vt 0.61124612 0.79124612
vt 0.50000000 0.50000000
vt 0.68000000 0.38875388
vt 0.32000000 0.38875388
vt 0.38875388 0.20875388
vt 0.61124612 0.20875388
vt 0.68000000 0.61124612
vt 0.32000000 0.61124612
vt 0.38875388 0.79124612
vt 0.61124612 0.79124612
vt 0.50000000 0.50000000
vt 0.80623429 0.50000000
vt 0.80623429 0.50000000
vt 0.19376571 0.50000000
vt 0.19376571 0.50000000
vt 0.31073680 0.80623429
vt 0.68926320 0.80623429
vt 0.31073680 0.19376571
vt 0.68926320 0.19376571
vt 0.50000000 0.31073680
vt 0.50000000 0.68926320
vt 0.50000000 0.31073680
vt 0.50000000 0.68926320
vt 0.86000000 0.50000000
vt 0.14000000 0.50000000
vt 0.20875388 0.68000000
vt 0.20875388 0.68000000
vt 0.79124612 0.68000000
vt 0.79124612 0.68000000
vt 0.50000000 0.86000000
vt 0.20875388 0.32000000
vt 0.20875388 0.32000000
vt 0.79124612 0.32000000
vt 0.79124612 0.32000000
vt 0.50000000 0.14000000
vt 0.68000000 0.38875388
vt 0.32000000 0.38875388
vt 0.38875388 0.20875388
vt 0.61124612 0.20875388
vt 0.68000000 0.61124612
vt 0.32000000 0.61124612
vt 0.38875388 0.79124612
vt 0.61124612 0.79124612
vt 0.50000000 0.50000000
vt 0.68000000 0.38875388
vt 0.32000000 0.38875388
vt 0.38875388 0.20875388
vt 0.61124612 0.20875388
vt 0.68000000 0.61124612
vt 0.32000000 0.61124612
vt 0.38875388 0.79124612
vt 0.61124612 0.79124612
vt 0.50000000 0.50000000
vt 0.50000000 0.14000000
vt 0.14000000 0.14000000
vt 0.14000000 0.86000000
vt 0.50000000 0.86000000
vt 0.20875388 0.14000000
vt 0.20875388 0.86000000
vt 0.38875388 0.14000000
vt 0.38875388 0.86000000
vt 0.61124612 0.14000000
vt 0.61124612 0.86000000
vt 0.79124612 0.14000000
vt 0.79124612 0.86000000
vt 0.86000000 0.14000000
vt 0.86000000 0.86000000
vt 0.79124612 0.14000000
vt 0.79124612 0.86000000
vt 0.61124612 0.14000000
vt 0.61124612 0.86000000
vt 0.38875388 0.14000000
vt 0.38875388 0.86000000
vt 0.20875388 0.14000000
vt 0.20875388 0.86000000
vt 0.50000000 0.14000000
vt 0.14000000 0.14000000
vt 0.14000000 0.86000000
vt 0.50000000 0.86000000
vt 0.20875388 0.14000000
vt 0.20875388 0.86000000
vt 0.38875388 0.14000000
vt 0.38875388 0.86000000
vt 0.61124612 0.14000000
vt 0.61124612 0.86000000
vt 0.79124612 0.14000000
vt 0.79124612 0.86000000
vt 0.86000000 0.14000000
vt 0.86000000 0.86000000
vt 0.79124612 0.14000000
vt 0.79124612 0.86000000
vt 0.61124612 0.14000000
vt 0.61124612 0.86000000
vt 0.38875388 0.14000000
vt 0.38875388 0.86000000
vt 0.20875388 0.14000000
vt 0.20875388 0.86000000
vt 0.50000000 0.14000000
vt 0.14000000 0.14000000
vt 0.14000000 0.86000000
vt 0.50000000 0.86000000
vt 0.20875388 0.14000000
vt 0.20875388 0.86000000
vt 0.38875388 0.14000000
vt 0.38875388 0.86000000
vt 0.61124612 0.14000000
vt 0.61124612 0.86000000
vt 0.79124612 0.14000000
vt 0.79124612 0.86000000
vt 0.86000000 0.14000000
vt 0.86000000 0.86000000
vt 0.79124612 0.14000000
vt 0.79124612 0.86000000
vt 0.61124612 0.14000000
vt 0.61124612 0.86000000
vt 0.38875388 0.14000000
vt 0.38875388 0.86000000
vt 0.20875388 0.14000000
vt 0.20875388 0.86000000
vt 0.50000000 0.14000000
vt 0.14000000 0.14000000
vt 0.14000000 0.86000000
vt 0.50000000 0.86000000
vt 0.20875388 0.14000000
vt 0.20875388 0.86000000
vt 0.38875388 0.14000000
vt 0.38875388 0.86000000
vt 0.61124612 0.14000000
vt 0.61124612 0.86000000
vt 0.79124612 0.14000000
vt 0.79124612 0.86000000
vt 0.86000000 0.14000000
vt 0.86000000 0.86000000
vt 0.79124612 0.14000000
vt 0.79124612 0.86000000
vt 0.61124612 0.14000000
vt 0.61124612 0.86000000
vt 0.38875388 0.14000000
vt 0.38875388 0.86000000
vt 0.20875388 0.14000000
vt 0.20875388 0.86000000
vt 0.50000000 0.14000000
vt 0.14000000 0.14000000
vt 0.14000000 0.86000000
vt 0.50000000 0.86000000
vt 0.20875388 0.14000000
vt 0.20875388 0.86000000
vt 0.38875388 0.14000000
vt 0.38875388 0.86000000
vt 0.61124612 0.14000000
vt 0.61124612 0.86000000
vt 0.79124612 0.14000000
vt 0.79124612 0.86000000
vt 0.86000000 0.14000000
vt 0.86000000 0.86000000
vt 0.79124612 0.14000000
vt 0.79124612 0.86000000
vt 0.61124612 0.14000000
vt 0.61124612 0.86000000
vt 0.38875388 0.14000000
vt 0.38875388 0.86000000
vt 0.20875388 0.14000000
vt 0.20875388 0.86000000
vt 0.50000000 0.14000000
vt 0.14000000 0.14000000
vt 0.14000000 0.86000000
vt 0.50000000 0.86000000
vt 0.20875388 0.14000000
vt 0.20875388 0.86000000
vt 0.38875388 0.14000000
vt 0.38875388 0.86000000
vt 0.61124612 0.14000000
vt 0.61124612 0.86000000
vt 0.79124612 0.14000000
vt 0.79124612 0.86000000
vt 0.86000000 0.14000000
vt 0.86000000 0.86000000
vt 0.79124612 0.14000000
vt 0.79124612 0.86000000
vt 0.61124612 0.14000000
vt 0.61124612 0.86000000
vt 0.38875388 0.14000000
vt 0.38875388 0.86000000
vt 0.20875388 0.14000000
vt 0.20875388 0.86000000
vt 0.50000000 0.14000000
vt 0.14000000 0.14000000
vt 0.14000000 0.86000000
vt 0.50000000 0.86000000
vt 0.20875388 0.14000000
vt 0.20875388 0.86000000
vt 0.38875388 0.14000000
vt 0.38875388 0.86000000
vt 0.61124612 0.14000000
vt 0.61124612 0.86000000
vt 0.79124612 0.14000000
vt 0.79124612 0.86000000
vt 0.86000000 0.14000000
vt 0.86000000 0.86000000
vt 0.79124612 0.14000000
vt 0.79124612 0.86000000
vt 0.61124612 0.14000000
vt 0.61124612 0.86000000
vt 0.38875388 0.14000000
vt 0.38875388 0.86000000
vt 0.20875388 0.14000000
vt 0.20875388 0.86000000
vt 0.50000000 0.14000000
vt 0.14000000 0.14000000
vt 0.14000000 0.86000000
vt 0.50000000 0.86000000
vt 0.20875388 0.14000000
vt 0.20875388 0.86000000
vt 0.38875388 0.14000000
vt 0.38875388 0.86000000
vt 0.61124612 0.14000000
vt 0.61124612 0.86000000
vt 0.79124612 0.14000000
vt 0.79124612 0.86000000
vt 0.86000000 0.14000000
vt 0.86000000 0.86000000
vt 0.79124612 0.14000000
vt 0.79124612 0.86000000
vt 0.61124612 0.14000000
vt 0.61124612 0.86000000
vt 0.38875388 0.14000000
vt 0.38875388 0.86000000
vt 0.20875388 0.14000000
vt 0.20875388 0.86000000
vt 0.14000000 0.14000000
vt 0.14000000 0.14000000
vt 0.86000000 0.14000000
vt 0.86000000 0.14000000
vt 0.14000000 0.86000000
vt 0.14000000 0.86000000
vt 0.86000000 0.86000000
vt 0.86000000 0.86000000
vt 0.14000000 0.14000000
vt 0.14000000 0.14000000
vt 0.86000000 0.14000000
vt 0.86000000 0.14000000
vt 0.14000000 0.86000000
vt 0.14000000 0.86000000
vt 0.86000000 0.86000000
vt 0.86000000 0.86000000
f 1/1 4/4 2/2
f 2/2 3/3 1/1
f 1/1 5/5 6/6
f 1/1 6/6 7/7
f 1/1 7/7 8/8
f 1/1 8/8 4/4
f 9/9 10/10 1/1
f 1/1 3/3 9/9
f 10/10 11/11 23/23
f 24/24 1/1 10/10
f 12/12 6/6 5/5
f 5/5 25/25 12/12
f 13/13 12/12 26/26
f 12/12 13/13 8/8
f 8/8 27/27 12/12
f 28/28 29/29 14/14
f 14/14 4/4 30/30
f 14/14 15/15 2/2
f 2/2 4/4 14/14
f 15/15 16/16 17/17
f 17/17 2/2 15/15
f 18/18 3/3 2/2
f 2/2 31/31 18/18
f 32/32 19/19 9/9
f 9/9 3/3 33/33
f 34/34 35/35 18/18
f 18/18 36/36 37/37
f 20/20 21/21 38/38
f 39/39 40/40 20/20
f 41/41 22/22 20/20
f 20/20 42/42 43/43
f 44/44 45/45 46/46
f 47/47 21/21 48/48
f 49/49 21/21 20/20
f 50/50 51/51 52/52
f 53/53 54/54 55/55
f 56/56 57/57 58/58
f 59/59 60/60 61/61
f 62/62 63/63 64/64
f 65/65 66/66 67/67
f 69/69 71/71 68/68
f 72/72 69/69 68/68
f 68/68 71/71 70/70
f 70/70 72/72 68/68
f 69/69 75/75 71/71
f 73/73 69/69 72/72
f 73/73 75/75 69/69
f 71/71 75/75 70/70
f 74/74 72/72 70/70
f 70/70 75/75 74/74
f 74/74 73/73 72/72
f 75/75 73/73 74/74
f 77/77 76/76 80/80
f 77/77 80/80 78/78
f 78/78 80/80 81/81
f 78/78 81/81 79/79
f 80/80 76/76 82/82
f 80/80 82/82 81/81
f 81/81 82/82 83/83
f 81/81 83/83 79/79
f 82/82 76/76 84/84
f 82/82 84/84 83/83
f 83/83 84/84 85/85
f 83/83 85/85 79/79
f 84/84 76/76 86/86
f 84/84 86/86 85/85
f 85/85 86/86 87/87
f 85/85 87/87 79/79
f 86/86 76/76 88/88
f 86/86 88/88 87/87
f 87/87 88/88 89/89
f 87/87 89/89 79/79
f 88/88 76/76 90/90
f 88/88 90/90 89/89
f 89/89 90/90 91/91
f 89/89 91/91 79/79
f 90/90 76/76 92/92
f 90/90 92/92 91/91
f 91/91 92/92 93/93
f 91/91 93/93 79/79
f 92/92 76/76 94/94
f 92/92 94/94 93/93
f 93/93 94/94 95/95
f 93/93 95/95 79/79
f 94/94 76/76 96/96
f 94/94 96/96 95/95
f 95/95 96/96 97/97
f 95/95 97/97 79/79
f 96/96 76/76 98/98
f 96/96 98/98 97/97
f 97/97 98/98 99/99
f 97/97 99/99 79/79
f 98/98 76/76 100/100
f 98/98 100/100 99/99
f 99/99 100/100 101/101
f 99/99 101/101 79/79
f 100/100 76/76 102/102
f 100/100 102/102 101/101
f 101/101 102/102 103/103
f 101/101 103/103 79/79
f 102/102 76/76 104/104
f 102/102 104/104 103/103
f 103/103 104/104 105/105
f 103/103 105/105 79/79
f 104/104 76/76 106/106
f 104/104 106/106 105/105
f 105/105 106/106 107/107
f 105/105 107/107 79/79
f 106/106 76/76 108/108
f 106/106 108/108 107/107
f 107/107 108/108 109/109
f 107/107 109/109 79/79
f 108/108 76/76 110/110
f 108/108 110/110 109/109
f 109/109 110/110 111/111
f 109/109 111/111 79/79
f 110/110 76/76 112/112
f 110/110 112/112 111/111
f 111/111 112/112 113/113
f 111/111 113/113 79/79
f 112/112 76/76 114/114
f 112/112 114/114 113/113
f 113/113 114/114 115/115
f 113/113 115/115 79/79
f 114/114 76/76 116/116
f 114/114 116/116 115/115
f 115/115 116/116 117/117
f 115/115 117/117 79/79
f 116/116 76/76 77/77
f 116/116 77/77 117/117
f 117/117 77/77 78/78
f 117/117 78/78 79/79
f 119/119 121/121 118/118
f 122/122 119/119 118/118
f 118/118 121/121 120/120
f 120/120 122/122 118/118
f 119/119 125/125 121/121
f 123/123 119/119 122/122
f 123/123 125/125 119/119
f 121/121 125/125 120/120
f 124/124 122/122 120/120
f 120/120 125/125 124/124
f 124/124 123/123 122/122
f 125/125 123/123 124/124
f 127/127 129/129 126/126
f 130/130 127/127 126/126
f 126/126 129/129 128/128
f 128/128 130/130 126/126
f 127/127 133/133 129/129
f 131/131 127/127 130/130
f 131/131 133/133 127/127
f 129/129 133/133 128/128
f 132/132 130/130 128/128
f 128/128 133/133 132/132
f 132/132 131/131 130/130
f 133/133 131/131 132/132
f 135/135 137/137 134/134
f 138/138 135/135 134/134
f 134/134 137/137 136/136
f 136/136 138/138 134/134
f 135/135 141/141 137/137
f 139/139 135/135 138/138
f 139/139 141/141 135/135
f 137/137 141/141 136/136
f 140/140 138/138 136/136
f 136/136 141/141 140/140
f 140/140 139/139 138/138
f 141/141 139/139 140/140
f 143/143 145/145 142/142
f 146/146 143/143 142/142
f 142/142 145/145 144/144
f 144/144 146/146 142/142
f 143/143 149/149 145/145
f 147/147 143/143 146/146
f 147/147 149/149 143/143
f 145/145 149/149 144/144
f 148/148 146/146 144/144
f 144/144 149/149 148/148
f 148/148 147/147 146/146
f 149/149 147/147 148/148
f 151/151 153/153 150/150
f 154/154 151/151 150/150
f 150/150 153/153 152/152
f 152/152 154/154 150/150
f 151/151 157/157 153/153
f 155/155 151/151 154/154
f 155/155 157/157 151/151
f 153/153 157/157 152/152
f 156/156 154/154 152/152
f 152/152 157/157 156/156
f 156/156 155/155 154/154
f 157/157 155/155 156/156
f 159/159 158/158 162/162
f 159/159 162/162 160/160
f 160/160 162/162 163/163
f 160/160 163/163 161/161
f 162/162 158/158 164/164
f 162/162 164/164 163/163
f 163/163 164/164 165/165
f 163/163 165/165 161/161
f 164/164 158/158 166/166
f 164/164 166/166 165/165
f 165/165 166/166 167/167
f 165/165 167/167 161/161
f 166/166 158/158 168/168
f 166/166 168/168 167/167
f 167/167 168/168 169/169
f 167/167 169/169 161/161
f 168/168 158/158 170/170
f 168/168 170/170 169/169
f 169/169 170/170 171/171
f 169/169 171/171 161/161
f 170/170 158/158 172/172
f 170/170 172/172 171/171
f 171/171 172/172 173/173
f 171/171 173/173 161/161
f 172/172 158/158 174/174
f 172/172 174/174 173/173
f 173/173 174/174 175/175
f 173/173 175/175 161/161
f 174/174 158/158 176/176
f 174/174 176/176 175/175
f 175/175 176/176 177/177
f 175/175 177/177 161/161
f 176/176 158/158 178/178
f 176/176 178/178 177/177
f 177/177 178/178 179/179
f 177/177 179/179 161/161
f 178/178 158/158 180/180
f 178/178 180/180 179/179
f 179/179 180/180 181/181
f 179/179 181/181 161/161
f 180/180 158/158 182/182
f 180/180 182/182 181/181
f 181/181 182/182 183/183
f 181/181 183/183 161/161
f 182/182 158/158 184/184
f 182/182 184/184 183/183
f 183/183 184/184 185/185
f 183/183 185/185 161/161
f 184/184 158/158 186/186
f 184/184 186/186 185/185
f 185/185 186/186 187/187
f 185/185 187/187 161/161
f 186/186 158/158 188/188
f 186/186 188/188 187/187
f 187/187 188/188 189/189
f 187/187 189/189 161/161
f 188/188 158/158 190/190
f 188/188 190/190 189/189
f 189/189 190/190 191/191
f 189/189 191/191 161/161
f 190/190 158/158 192/192
f 190/190 192/192 191/191
f 191/191 192/192 193/193
f 191/191 193/193 161/161
f 192/192 158/158 194/194
f 192/192 194/194 193/193
f 193/193 194/194 195/195
f 193/193 195/195 161/161
f 194/194 158/158 196/196
f 194/194 196/196 195/195
f 195/195 196/196 197/197
f 195/195 197/197 161/161
f 196/196 158/158 198/198
f 196/196 198/198 197/197
f 197/197 198/198 199/199
f 197/197 199/199 161/161
f 198/198 158/158 159/159
f 198/198 159/159 199/199
f 199/199 159/159 160/160
f 199/199 160/160 161/161
f 201/201 203/203 200/200
f 204/204 201/201 200/200
f 200/200 203/203 202/202
f 202/202 204/204 200/200
f 201/201 207/207 203/203
f 205/205 201/201 204/204
f 205/205 207/207 201/201
f 203/203 207/207 202/202
f 206/206 204/204 202/202
f 202/202 207/207 206/206
f 206/206 205/205 204/204
f 207/207 205/205 206/206
f 209/209 211/211 208/208
f 212/212 209/209 208/208
f 208/208 211/211 210/210
f 210/210 212/212 208/208
f 209/209 215/215 211/211
f 213/213 209/209 212/212
f 213/213 215/215 209/209
f 211/211 215/215 210/210
f 214/214 212/212 210/210
f 210/210 215/215 214/214
f 214/214 213/213 212/212
f 215/215 213/213 214/214
f 217/217 219/219 216/216
f 220/220 217/217 216/216
f 216/216 219/219 218/218
f 218/218 220/220 216/216
f 217/217 223/223 219/219
f 221/221 217/217 220/220
f 221/221 223/223 217/217
f 219/219 223/223 218/218
f 222/222 220/220 218/218
f 218/218 223/223 222/222
f 222/222 221/221 220/220
f 223/223 221/221 222/222
f 225/225 227/227 224/224
f 228/228 225/225 224/224
f 224/224 227/227 226/226
f 226/226 228/228 224/224
f 225/225 231/231 227/227
f 229/229 225/225 228/228
f 229/229 231/231 225/225
f 227/227 231/231 226/226
f 230/230 228/228 226/226
f 226/226 231/231 230/230
f 230/230 229/229 228/228
f 231/231 229/229 230/230
f 233/233 235/235 232/232
f 236/236 233/233 232/232
f 232/232 235/235 234/234
f 234/234 236/236 232/232
f 233/233 239/239 235/235
f 237/237 233/233 236/236
f 237/237 239/239 233/233
f 235/235 239/239 234/234
f 238/238 236/236 234/234
f 234/234 239/239 238/238
f 238/238 237/237 236/236
f 239/239 237/237 238/238
f 241/241 243/243 240/240
f 244/244 241/241 240/240
f 240/240 243/243 242/242
f 242/242 244/244 240/240
f 241/241 247/247 243/243
f 245/245 241/241 244/244
f 245/245 247/247 241/241
f 243/243 247/247 242/242
f 246/246 244/244 242/242
f 242/242 247/247 246/246
f 246/246 245/245 244/244
f 247/247 245/245 246/246
f 249/249 251/251 248/248
f 252/252 249/249 248/248
f 248/248 251/251 250/250
f 250/250 252/252 248/248
f 249/249 255/255 251/251
f 253/253 249/249 252/252
f 253/253 255/255 249/249
f 251/251 255/255 250/250
f 254/254 252/252 250/250
f 250/250 255/255 254/254
f 254/254 253/253 252/252
f 255/255 253/253 254/254
f 257/257 259/259 256/256
f 260/260 257/257 256/256
f 256/256 259/259 258/258
f 258/258 260/260 256/256
f 257/257 263/263 259/259
f 261/261 257/257 260/260
f 261/261 263/263 257/257
f 259/259 263/263 258/258
f 262/262 260/260 258/258
f 258/258 263/263 262/262
f 262/262 261/261 260/260
f 263/263 261/261 262/262
f 265/265 267/267 264/264
f 268/268 265/265 264/264
f 264/264 267/267 266/266
f 266/266 268/268 264/264
f 265/265 271/271 267/267
f 269/269 265/265 268/268
f 269/269 271/271 265/265
f 267/267 271/271 266/266
f 270/270 268/268 266/266
f 266/266 271/271 270/270
f 270/270 269/269 268/268
f 271/271 269/269 270/270
f 273/273 275/275 272/272
f 276/276 273/273 272/272
f 272/272 275/275 274/274
f 274/274 276/276 272/272
f 273/273 279/279 275/275
f 277/277 273/273 276/276
f 277/277 279/279 273/273
f 275/275 279/279 274/274
f 278/278 276/276 274/274
f 274/274 279/279 278/278
f 278/278 277/277 276/276
f 279/279 277/277 278/278
f 281/281 283/283 280/280
f 284/284 281/281 280/280
f 280/280 283/283 282/282
f 282/282 284/284 280/280
f 281/281 287/287 283/283
f 285/285 281/281 284/284
f 285/285 287/287 281/281
f 283/283 287/287 282/282
f 286/286 284/284 282/282
f 282/282 287/287 286/286
f 286/286 285/285 284/284
f 287/287 285/285 286/286
f 289/289 291/291 288/288
f 292/292 289/289 288/288
f 288/288 291/291 290/290
f 290/290 292/292 288/288
f 289/289 295/295 291/291
f 293/293 289/289 292/292
f 293/293 295/295 289/289
f 291/291 295/295 290/290
f 294/294 292/292 290/290
f 290/290 295/295 294/294
f 294/294 293/293 292/292
f 295/295 293/293 294/294
f 297/297 299/299 296/296
f 300/300 297/297 296/296
f 296/296 299/299 298/298
f 298/298 300/300 296/296
f 297/297 303/303 299/299
f 301/301 297/297 300/300
f 301/301 303/303 297/297
f 299/299 303/303 298/298
f 302/302 300/300 298/298
f 298/298 303/303 302/302
f 302/302 301/301 300/300
f 303/303 301/301 302/302
f 305/305 307/307 304/304
f 308/308 305/305 304/304
f 304/304 307/307 306/306
f 306/306 308/308 304/304
f 305/305 311/311 307/307
f 309/309 305/305 308/308
f 309/309 311/311 305/305
f 307/307 311/311 306/306
f 310/310 308/308 306/306
f 306/306 311/311 310/310
f 310/310 309/309 308/308
f 311/311 309/309 310/310
f 313/313 315/315 312/312
f 316/316 313/313 312/312
f 312/312 315/315 314/314
f 314/314 316/316 312/312
f 313/313 319/319 315/315
f 317/317 313/313 316/316
f 317/317 319/319 313/313
f 315/315 319/319 314/314
f 318/318 316/316 314/314
f 314/314 319/319 318/318
f 318/318 317/317 316/316
f 319/319 317/317 318/318
f 321/321 323/323 320/320
f 324/324 321/321 320/320
f 320/320 323/323 322/322
f 322/322 324/324 320/320
f 321/321 327/327 323/323
f 325/325 321/321 324/324
f 325/325 327/327 321/321
f 323/323 327/327 322/322
f 326/326 324/324 322/322
f 322/322 327/327 326/326
f 326/326 325/325 324/324
f 327/327 325/325 326/326
f 329/329 331/331 328/328
f 332/332 329/329 328/328
f 328/328 331/331 330/330
f 330/330 332/332 328/328
f 329/329 335/335 331/331
f 333/333 329/329 332/332
f 333/333 335/335 329/329
f 331/331 335/335 330/330
f 334/334 332/332 330/330
f 330/330 335/335 334/334
f 334/334 333/333 332/332
f 335/335 333/333 334/334
f 337/337 339/339 336/336
f 340/340 337/337 336/336
f 336/336 339/339 338/338
f 338/338 340/340 336/336
f 337/337 343/343 339/339
f 341/341 337/337 340/340
f 341/341 343/343 337/337
f 339/339 343/343 338/338
f 342/342 340/340 338/338
f 338/338 343/343 342/342
f 342/342 341/341 340/340
f 343/343 341/341 342/342
f 345/345 347/347 344/344
f 348/348 345/345 344/344
f 344/344 347/347 346/346
f 346/346 348/348 344/344
f 345/345 351/351 347/347
f 349/349 345/345 348/348
f 349/349 351/351 345/345
f 347/347 351/351 346/346
f 350/350 348/348 346/346
f 346/346 351/351 350/350
f 350/350 349/349 348/348
f 351/351 349/349 350/350
f 352/352 360/360 361/361
f 352/352 361/361 353/353
f 353/353 361/361 362/362
f 353/353 362/362 354/354
f 354/354 362/362 363/363
f 354/354 363/363 355/355
f 355/355 363/363 364/364
f 355/355 364/364 356/356
f 356/356 364/364 365/365
f 356/356 365/365 357/357
f 357/357 365/365 366/366
f 357/357 366/366 358/358
f 358/358 366/366 367/367
f 358/358 367/367 359/359
f 359/359 367/367 360/360
f 359/359 360/360 352/352
f 360/360 368/368 369/369
f 360/360 369/369 361/361
f 361/361 369/369 370/370
f 361/361 370/370 362/362
f 362/362 370/370 371/371
f 362/362 371/371 363/363
f 363/363 371/371 372/372
f 363/363 372/372 364/364
f 364/364 372/372 373/373
f 364/364 373/373 365/365
f 365/365 373/373 374/374
f 365/365 374/374 366/366
f 366/366 374/374 375/375
f 366/366 375/375 367/367
f 367/367 375/375 368/368
f 367/367 368/368 360/360
f 368/368 376/376 377/377
f 368/368 377/377 369/369
f 369/369 377/377 378/378
f 369/369 378/378 370/370
f 370/370 378/378 379/379
f 370/370 379/379 371/371
f 371/371 379/379 380/380
f 371/371 380/380 372/372
f 372/372 380/380 381/381
f 372/372 381/381 373/373
f 373/373 381/381 382/382
f 373/373 382/382 374/374
f 374/374 382/382 383/383
f 374/374 383/383 375/375
f 375/375 383/383 376/376
f 375/375 376/376 368/368
f 376/376 384/384 385/385
f 376/376 385/385 377/377
f 377/377 385/385 386/386
f 377/377 386/386 378/378
f 378/378 386/386 387/387
f 378/378 387/387 379/379
f 379/379 387/387 388/388
f 379/379 388/388 380/380
f 380/380 388/388 389/389
f 380/380 389/389 381/381
f 381/381 389/389 390/390
f 381/381 390/390 382/382
f 382/382 390/390 391/391
f 382/382 391/391 383/383
f 383/383 391/391 384/384
f 383/383 384/384 376/376
f 384/384 392/392 393/393
f 384/384 393/393 385/385
f 385/385 393/393 394/394
f 385/385 394/394 386/386
f 386/386 394/394 395/395
f 386/386 395/395 387/387
f 387/387 395/395 396/396
f 387/387 396/396 388/388
f 388/388 396/396 397/397
f 388/388 397/397 389/389
f 389/389 397/397 398/398
f 389/389 398/398 390/390
f 390/390 398/398 399/399
f 390/390 399/399 391/391
f 391/391 399/399 392/392
f 391/391 392/392 384/384
f 392/392 400/400 401/401
f 392/392 401/401 393/393
f 393/393 401/401 402/402
f 393/393 402/402 394/394
f 394/394 402/402 403/403
f 394/394 403/403 395/395
f 395/395 403/403 404/404
f 395/395 404/404 396/396
f 396/396 404/404 405/405
f 396/396 405/405 397/397
f 397/397 405/405 406/406
f 397/397 406/406 398/398
f 398/398 406/406 407/407
f 398/398 407/407 399/399
f 399/399 407/407 400/400
f 399/399 400/400 392/392
f 400/400 408/408 409/409
f 400/400 409/409 401/401
f 401/401 409/409 410/410
f 401/401 410/410 402/402
f 402/402 410/410 411/411
f 402/402 411/411 403/403
f 403/403 411/411 412/412
f 403/403 412/412 404/404
f 404/404 412/412 413/413
f 404/404 413/413 405/405
f 405/405 413/413 414/414
f 405/405 414/414 406/406
f 406/406 414/414 415/415
f 406/406 415/415 407/407
f 407/407 415/415 408/408
f 407/407 408/408 400/400
f 408/408 416/416 417/417
f 408/408 417/417 409/409
f 409/409 417/417 418/418
f 409/409 418/418 410/410
f 410/410 418/418 419/419
f 410/410 419/419 411/411
f 411/411 419/419 420/420
f 411/411 420/420 412/412
f 412/412 420/420 421/421
f 412/412 421/421 413/413
f 413/413 421/421 422/422
f 413/413 422/422 414/414
f 414/414 422/422 423/423
f 414/414 423/423 415/415
f 415/415 423/423 416/416
f 415/415 416/416 408/408
f 416/416 424/424 425/425
f 416/416 425/425 417/417
f 417/417 425/425 426/426
f 417/417 426/426 418/418
f 418/418 426/426 427/427
f 418/418 427/427 419/419
f 419/419 427/427 428/428
f 419/419 428/428 420/420
f 420/420 428/428 429/429
f 420/420 429/429 421/421
f 421/421 429/429 430/430
f 421/421 430/430 422/422
f 422/422 430/430 431/431
f 422/422 431/431 423/423
f 423/423 431/431 424/424
f 423/423 424/424 416/416
f 424/424 432/432 433/433
f 424/424 433/433 425/425
f 425/425 433/433 434/434
f 425/425 434/434 426/426
f 426/426 434/434 435/435
f 426/426 435/435 427/427
f 427/427 435/435 436/436
f 427/427 436/436 428/428
f 428/428 436/436 437/437
f 428/428 437/437 429/429
f 429/429 437/437 438/438
f 429/429 438/438 430/430
f 430/430 438/438 439/439
f 430/430 439/439 431/431
f 431/431 439/439 432/432
f 431/431 432/432 424/424
f 432/432 440/440 441/441
f 432/432 441/441 433/433
f 433/433 441/441 442/442
f 433/433 442/442 434/434
f 434/434 442/442 443/443
f 434/434 443/443 435/435
f 435/435 443/443 444/444
f 435/435 444/444 436/436
f 436/436 444/444 445/445
f 436/436 445/445 437/437
f 437/437 445/445 446/446
f 437/437 446/446 438/438
f 438/438 446/446 447/447
f 438/438 447/447 439/439
f 439/439 447/447 440/440
f 439/439 440/440 432/432
f 440/440 448/448 449/449
f 440/440 449/449 441/441
f 441/441 449/449 450/450
f 441/441 450/450 442/442
f 442/442 450/450 451/451
f 442/442 451/451 443/443
f 443/443 451/451 452/452
f 443/443 452/452 444/444
f 444/444 452/452 453/453
f 444/444 453/453 445/445
f 445/445 453/453 454/454
f 445/445 454/454 446/446
f 446/446 454/454 455/455
f 446/446 455/455 447/447
f 447/447 455/455 448/448
f 447/447 448/448 440/440
f 448/448 456/456 457/457
f 448/448 457/457 449/449
f 449/449 457/457 458/458
f 449/449 458/458 450/450
f 450/450 458/458 459/459
f 450/450 459/459 451/451
f 451/451 459/459 460/460
f 451/451 460/460 452/452
f 452/452 460/460 461/461
f 452/452 461/461 453/453
f 453/453 461/461 462/462
f 453/453 462/462 454/454
f 454/454 462/462 463/463
f 454/454 463/463 455/455
f 455/455 463/463 456/456
f 455/455 456/456 448/448
f 456/456 464/464 465/465
f 456/456 465/465 457/457
f 457/457 465/465 466/466
f 457/457 466/466 458/458
f 458/458 466/466 467/467
f 458/458 467/467 459/459
f 459/459 467/467 468/468
f 459/459 468/468 460/460
f 460/460 468/468 469/469
f 460/460 469/469 461/461
f 461/461 469/469 470/470
f 461/461 470/470 462/462
f 462/462 470/470 471/471
f 462/462 471/471 463/463
f 463/463 471/471 464/464
f 463/463 464/464 456/456
f 464/464 472/472 473/473
f 464/464 473/473 465/465
f 465/465 473/473 474/474
f 465/465 474/474 466/466
f 466/466 474/474 475/475
f 466/466 475/475 467/467
f 467/467 475/475 476/476
f 467/467 476/476 468/468
f 468/468 476/476 477/477
f 468/468 477/477 469/469
f 469/469 477/477 478/478
f 469/469 478/478 470/470
f 470/470 478/478 479/479
f 470/470 479/479 471/471
f 471/471 479/479 472/472
f 471/471 472/472 464/464
f 472/472 480/480 481/481
f 472/472 481/481 473/473
f 473/473 481/481 482/482
f 473/473 482/482 474/474
f 474/474 482/482 483/483
f 474/474 483/483 475/475
f 475/475 483/483 484/484
f 475/475 484/484 476/476
f 476/476 484/484 485/485
f 476/476 485/485 477/477
f 477/477 485/485 486/486
f 477/477 486/486 478/478
f 478/478 486/486 487/487
f 478/478 487/487 479/479
f 479/479 487/487 480/480
f 479/479 480/480 472/472
f 480/480 488/488 489/489
f 480/480 489/489 481/481
f 481/481 489/489 490/490
f 481/481 490/490 482/482
f 482/482 490/490 491/491
f 482/482 491/491 483/483
f 483/483 491/491 492/492
f 483/483 492/492 484/484
f 484/484 492/492 493/493
f 484/484 493/493 485/485
f 485/485 493/493 494/494
f 485/485 494/494 486/486
f 486/486 494/494 495/495
f 486/486 495/495 487/487
f 487/487 495/495 488/488
f 487/487 488/488 480/480
f 488/488 496/496 497/497
f 488/488 497/497 489/489
f 489/489 497/497 498/498
f 489/489 498/498 490/490
f 490/490 498/498 499/499
f 490/490 499/499 491/491
f 491/491 499/499 500/500
f 491/491 500/500 492/492
f 492/492 500/500 501/501
f 492/492 501/501 493/493
f 493/493 501/501 502/502
f 493/493 502/502 494/494
f 494/494 502/502 503/503
f 494/494 503/503 495/495
f 495/495 503/503 496/496
f 495/495 496/496 488/488
f 496/496 504/504 505/505
f 496/496 505/505 497/497
f 497/497 505/505 506/506
f 497/497 506/506 498/498
f 498/498 506/506 507/507
f 498/498 507/507 499/499
f 499/499 507/507 508/508
f 499/499 508/508 500/500
f 500/500 508/508 509/509
f 500/500 509/509 501/501
f 501/501 509/509 510/510
f 501/501 510/510 502/502
f 502/502 510/510 511/511
f 502/502 511/511 503/503
f 503/503 511/511 504/504
f 503/503 504/504 496/496
f 504/504 352/352 353/353
f 504/504 353/353 505/505
f 505/505 353/353 354/354
f 505/505 354/354 506/506
f 506/506 354/354 355/355
f 506/506 355/355 507/507
f 507/507 355/355 356/356
f 507/507 356/356 508/508
f 508/508 356/356 357/357
f 508/508 357/357 509/509
f 509/509 357/357 358/358
f 509/509 358/358 510/510
f 510/510 358/358 359/359
f 510/510 359/359 511/511
f 511/511 359/359 352/352
f 511/511 352/352 504/504
f 513/513 512/512 516/516
f 513/513 516/516 514/514
f 514/514 516/516 517/517
f 514/514 517/517 515/515
f 516/516 512/512 518/518
f 516/516 518/518 517/517
f 517/517 518/518 519/519
f 517/517 519/519 515/515
f 518/518 512/512 520/520
f 518/518 520/520 519/519
f 519/519 520/520 521/521
f 519/519 521/521 515/515
f 520/520 512/512 522/522
f 520/520 522/522 521/521
f 521/521 522/522 523/523
f 521/521 523/523 515/515
f 522/522 512/512 524/524
f 522/522 524/524 523/523
f 523/523 524/524 525/525
f 523/523 525/525 515/515
f 524/524 512/512 526/526
f 524/524 526/526 525/525
f 525/525 526/526 527/527
f 525/525 527/527 515/515
f 526/526 512/512 528/528
f 526/526 528/528 527/527
f 527/527 528/528 529/529
f 527/527 529/529 515/515
f 528/528 512/512 530/530
f 528/528 530/530 529/529
f 529/529 530/530 531/531
f 529/529 531/531 515/515
f 530/530 512/512 532/532
f 530/530 532/532 531/531
f 531/531 532/532 533/533
f 531/531 533/533 515/515
f 532/532 512/512 534/534
f 532/532 534/534 533/533
f 533/533 534/534 535/535
f 533/533 535/535 515/515
f 534/534 512/512 536/536
f 534/534 536/536 535/535
f 535/535 536/536 537/537
f 535/535 537/537 515/515
f 536/536 512/512 538/538
f 536/536 538/538 537/537
f 537/537 538/538 539/539
f 537/537 539/539 515/515
f 538/538 512/512 540/540
f 538/538 540/540 539/539
f 539/539 540/540 541/541
f 539/539 541/541 515/515
f 540/540 512/512 542/542
f 540/540 542/542 541/541
f 541/541 542/542 543/543
f 541/541 543/543 515/515
f 542/542 512/512 544/544
f 542/542 544/544 543/543
f 543/543 544/544 545/545
f 543/543 545/545 515/515
f 544/544 512/512 513/513
f 544/544 513/513 545/545
f 545/545 513/513 514/514
f 545/545 514/514 515/515
f 547/547 546/546 550/550
f 547/547 550/550 548/548
f 548/548 550/550 551/551
f 548/548 551/551 549/549
f 550/550 546/546 552/552
f 550/550 552/552 551/551
f 551/551 552/552 553/553
f 551/551 553/553 549/549
f 552/552 546/546 554/554
f 552/552 554/554 553/553
f 553/553 554/554 555/555
f 553/553 555/555 549/549
f 554/554 546/546 556/556
f 554/554 556/556 555/555
f 555/555 556/556 557/557
f 555/555 557/557 549/549
f 556/556 546/546 558/558
f 556/556 558/558 557/557
f 557/557 558/558 559/559
f 557/557 559/559 549/549
f 558/558 546/546 560/560
f 558/558 560/560 559/559
f 559/559 560/560 561/561
f 559/559 561/561 549/549
f 560/560 546/546 562/562
f 560/560 562/562 561/561
f 561/561 562/562 563/563
f 561/561 563/563 549/549
f 562/562 546/546 564/564
f 562/562 564/564 563/563
f 563/563 564/564 565/565
f 563/563 565/565 549/549
f 564/564 546/546 566/566
f 564/564 566/566 565/565
f 565/565 566/566 567/567
f 565/565 567/567 549/549
f 566/566 546/546 568/568
f 566/566 568/568 567/567
f 567/567 568/568 569/569
f 567/567 569/569 549/549
f 568/568 546/546 570/570
f 568/568 570/570 569/569
f 569/569 570/570 571/571
f 569/569 571/571 549/549
f 570/570 546/546 572/572
f 570/570 572/572 571/571
f 571/571 572/572 573/573
f 571/571 573/573 549/549
f 572/572 546/546 574/574
f 572/572 574/574 573/573
f 573/573 574/574 575/575
f 573/573 575/575 549/549
f 574/574 546/546 576/576
f 574/574 576/576 575/575
f 575/575 576/576 577/577
f 575/575 577/577 549/549
f 576/576 546/546 578/578
f 576/576 578/578 577/577
f 577/577 578/578 579/579
f 577/577 579/579 549/549
f 578/578 546/546 547/547
f 578/578 547/547 579/579
f 579/579 547/547 548/548
f 579/579 548/548 549/549
f 581/581 580/580 584/584
f 581/581 584/584 582/582
f 582/582 584/584 585/585
f 582/582 585/585 583/583
f 584/584 580/580 586/586
f 584/584 586/586 585/585
f 585/585 586/586 587/587
f 585/585 587/587 583/583
f 586/586 580/580 588/588
f 586/586 588/588 587/587
f 587/587 588/588 589/589
f 587/587 589/589 583/583
f 588/588 580/580 590/590
f 588/588 590/590 589/589
f 589/589 590/590 591/591
f 589/589 591/591 583/583
f 590/590 580/580 592/592
f 590/590 592/592 591/591
f 591/591 592/592 593/593
f 591/591 593/593 583/583
f 592/592 580/580 594/594
f 592/592 594/594 593/593
f 593/593 594/594 595/595
f 593/593 595/595 583/583
f 594/594 580/580 596/596
f 594/594 596/596 595/595
f 595/595 596/596 597/597
f 595/595 597/597 583/583
f 596/596 580/580 598/598
f 596/596 598/598 597/597
f 597/597 598/598 599/599
f 597/597 599/599 583/583
f 598/598 580/580 600/600
f 598/598 600/600 599/599
f 599/599 600/600 601/601
f 599/599 601/601 583/583
f 600/600 580/580 602/602
f 600/600 602/602 601/601
f 601/601 602/602 603/603
f 601/601 603/603 583/583
f 602/602 580/580 604/604
f 602/602 604/604 603/603
f 603/603 604/604 605/605
f 603/603 605/605 583/583
f 604/604 580/580 606/606
f 604/604 606/606 605/605
f 605/605 606/606 607/607
f 605/605 607/607 583/583
f 606/606 580/580 608/608
f 606/606 608/608 607/607
f 607/607 608/608 609/609
f 607/607 609/609 583/583
f 608/608 580/580 610/610
f 608/608 610/610 609/609
f 609/609 610/610 611/611
f 609/609 611/611 583/583
f 610/610 580/580 612/612
f 610/610 612/612 611/611
f 611/611 612/612 613/613
f 611/611 613/613 583/583
f 612/612 580/580 581/581
f 612/612 581/581 613/613
f 613/613 581/581 582/582
f 613/613 582/582 583/583
f 615/615 614/614 618/618
f 615/615 618/618 616/616
f 616/616 618/618 619/619
f 616/616 619/619 617/617
f 618/618 614/614 620/620
f 618/618 620/620 619/619
f 619/619 620/620 621/621
f 619/619 621/621 617/617
f 620/620 614/614 622/622
f 620/620 622/622 621/621
f 621/621 622/622 623/623
f 621/621 623/623 617/617
f 622/622 614/614 624/624
f 622/622 624/624 623/623
f 623/623 624/624 625/625
f 623/623 625/625 617/617
f 624/624 614/614 626/626
f 624/624 626/626 625/625
f 625/625 626/626 627/627
f 625/625 627/627 617/617
f 626/626 614/614 628/628
f 626/626 628/628 627/627
f 627/627 628/628 629/629
f 627/627 629/629 617/617
f 628/628 614/614 630/630
f 628/628 630/630 629/629
f 629/629 630/630 631/631
f 629/629 631/631 617/617
f 630/630 614/614 632/632
f 630/630 632/632 631/631
f 631/631 632/632 633/633
f 631/631 633/633 617/617
f 632/632 614/614 634/634
f 632/632 634/634 633/633
f 633/633 634/634 635/635
f 633/633 635/635 617/617
f 634/634 614/614 636/636
f 634/634 636/636 635/635
f 635/635 636/636 637/637
f 635/635 637/637 617/617
f 636/636 614/614 638/638
f 636/636 638/638 637/637
f 637/637 638/638 639/639
f 637/637 639/639 617/617
f 638/638 614/614 640/640
f 638/638 640/640 639/639
f 639/639 640/640 641/641
f 639/639 641/641 617/617
f 640/640 614/614 642/642
f 640/640 642/642 641/641
f 641/641 642/642 643/643
f 641/641 643/643 617/617
f 642/642 614/614 644/644
f 642/642 644/644 643/643
f 643/643 644/644 645/645
f 643/643 645/645 617/617
f 644/644 614/614 646/646
f 644/644 646/646 645/645
f 645/645 646/646 647/647
f 645/645 647/647 617/617
f 646/646 614/614 648/648
f 646/646 648/648 647/647
f 647/647 648/648 649/649
f 647/647 649/649 617/617
f 648/648 614/614 650/650
f 648/648 650/650 649/649
f 649/649 650/650 651/651
f 649/649 651/651 617/617
f 650/650 614/614 615/615
f 650/650 615/615 651/651
f 651/651 615/615 616/616
f 651/651 616/616 617/617
f 653/653 652/652 656/656
f 653/653 656/656 654/654
f 654/654 656/656 657/657
f 654/654 657/657 655/655
f 656/656 652/652 658/658
f 656/656 658/658 657/657
f 657/657 658/658 659/659
f 657/657 659/659 655/655
f 658/658 652/652 660/660
f 658/658 660/660 659/659
f 659/659 660/660 661/661
f 659/659 661/661 655/655
f 660/660 652/652 662/662
f 660/660 662/662 661/661
f 661/661 662/662 663/663
f 661/661 663/663 655/655
f 662/662 652/652 664/664
f 662/662 664/664 663/663
f 663/663 664/664 665/665
f 663/663 665/665 655/655
f 664/664 652/652 666/666
f 664/664 666/666 665/665
f 665/665 666/666 667/667
f 665/665 667/667 655/655
f 666/666 652/652 668/668
f 666/666 668/668 667/667
f 667/667 668/668 669/669
f 667/667 669/669 655/655
f 668/668 652/652 670/670
f 668/668 670/670 669/669
f 669/669 670/670 671/671
f 669/669 671/671 655/655
f 670/670 652/652 672/672
f 670/670 672/672 671/671
f 671/671 672/672 673/673
f 671/671 673/673 655/655
f 672/672 652/652 674/674
f 672/672 674/674 673/673
f 673/673 674/674 675/675
f 673/673 675/675 655/655
f 674/674 652/652 676/676
f 674/674 676/676 675/675
f 675/675 676/676 677/677
f 675/675 677/677 655/655
f 676/676 652/652 678/678
f 676/676 678/678 677/677
f 677/677 678/678 679/679
f 677/677 679/679 655/655
f 678/678 652/652 680/680
f 678/678 680/680 679/679
f 679/679 680/680 681/681
f 679/679 681/681 655/655
f 680/680 652/652 682/682
f 680/680 682/682 681/681
f 681/681 682/682 683/683
f 681/681 683/683 655/655
f 682/682 652/652 684/684
f 682/682 684/684 683/683
f 683/683 684/684 685/685
f 683/683 685/685 655/655
f 684/684 652/652 686/686
f 684/684 686/686 685/685
f 685/685 686/686 687/687
f 685/685 687/687 655/655
f 686/686 652/652 688/688
f 686/686 688/688 687/687
f 687/687 688/688 689/689
f 687/687 689/689 655/655
f 688/688 652/652 653/653
f 688/688 653/653 689/689
f 689/689 653/653 654/654
f 689/689 654/654 655/655
f 691/691 690/690 694/694
f 691/691 694/694 692/692
f 692/692 694/694 695/695
f 692/692 695/695 693/693
f 694/694 690/690 696/696
f 694/694 696/696 695/695
f 695/695 696/696 697/697
f 695/695 697/697 693/693
f 696/696 690/690 698/698
f 696/696 698/698 697/697
f 697/697 698/698 699/699
f 697/697 699/699 693/693
f 698/698 690/690 700/700
f 698/698 700/700 699/699
f 699/699 700/700 701/701
f 699/699 701/701 693/693
f 700/700 690/690 702/702
f 700/700 702/702 701/701
f 701/701 702/702 703/703
f 701/701 703/703 693/693
f 702/702 690/690 704/704
f 702/702 704/704 703/703
f 703/703 704/704 705/705
f 703/703 705/705 693/693
f 704/704 690/690 706/706
f 704/704 706/706 705/705
f 705/705 706/706 707/707
f 705/705 707/707 693/693
f 706/706 690/690 708/708
f 706/706 708/708 707/707
f 707/707 708/708 709/709
f 707/707 709/709 693/693
f 708/708 690/690 710/710
f 708/708 710/710 709/709
f 709/709 710/710 711/711
f 709/709 711/711 693/693
f 710/710 690/690 712/712
f 710/710 712/712 711/711
f 711/711 712/712 713/713
f 711/711 713/713 693/693
f 712/712 690/690 714/714
f 712/712 714/714 713/713
f 713/713 714/714 715/715
f 713/713 715/715 693/693
f 714/714 690/690 716/716
f 714/714 716/716 715/715
f 715/715 716/716 717/717
f 715/715 717/717 693/693
f 716/716 690/690 718/718
f 716/716 718/718 717/717
f 717/717 718/718 719/719
f 717/717 719/719 693/693
f 718/718 690/690 720/720
f 718/718 720/720 719/719
f 719/719 720/720 721/721
f 719/719 721/721 693/693
f 720/720 690/690 722/722
f 720/720 722/722 721/721
f 721/721 722/722 723/723
f 721/721 723/723 693/693
f 722/722 690/690 724/724
f 722/722 724/724 723/723
f 723/723 724/724 725/725
f 723/723 725/725 693/693
f 724/724 690/690 726/726
f 724/724 726/726 725/725
f 725/725 726/726 727/727
f 725/725 727/727 693/693
f 726/726 690/690 691/691
f 726/726 691/691 727/727
f 727/727 691/691 692/692
f 727/727 692/692 693/693
f 729/729 728/728 732/732
f 729/729 732/732 730/730
f 730/730 732/732 733/733
f 730/730 733/733 731/731
f 732/732 728/728 734/734
f 732/732 734/734 733/733
f 733/733 734/734 735/735
f 733/733 735/735 731/731
f 734/734 728/728 736/736
f 734/734 736/736 735/735
f 735/735 736/736 737/737
f 735/735 737/737 731/731
f 736/736 728/728 738/738
f 736/736 738/738 737/737
f 737/737 738/738 739/739
f 737/737 739/739 731/731
f 738/738 728/728 740/740
f 738/738 740/740 739/739
f 739/739 740/740 741/741
f 739/739 741/741 731/731
f 740/740 728/728 742/742
f 740/740 742/742 741/741
f 741/741 742/742 743/743
f 741/741 743/743 731/731
f 742/742 728/728 744/744
f 742/742 744/744 743/743
f 743/743 744/744 745/745
f 743/743 745/745 731/731
f 744/744 728/728 746/746
f 744/744 746/746 745/745
f 745/745 746/746 747/747
f 745/745 747/747 731/731
f 746/746 728/728 748/748
f 746/746 748/748 747/747
f 747/747 748/748 749/749
f 747/747 749/749 731/731
f 748/748 728/728 750/750
f 748/748 750/750 749/749
f 749/749 750/750 751/751
f 749/749 751/751 731/731
f 750/750 728/728 752/752
f 750/750 752/752 751/751
f 751/751 752/752 753/753
f 751/751 753/753 731/731
f 752/752 728/728 754/754
f 752/752 754/754 753/753
f 753/753 754/754 755/755
f 753/753 755/755 731/731
f 754/754 728/728 756/756
f 754/754 756/756 755/755
f 755/755 756/756 757/757
f 755/755 757/757 731/731
f 756/756 728/728 758/758
f 756/756 758/758 757/757
f 757/757 758/758 759/759
f 757/757 759/759 731/731
f 758/758 728/728 760/760
f 758/758 760/760 759/759
f 759/759 760/760 761/761
f 759/759 761/761 731/731
f 760/760 728/728 762/762
f 760/760 762/762 761/761
f 761/761 762/762 763/763
f 761/761 763/763 731/731
f 762/762 728/728 764/764
f 762/762 764/764 763/763
f 763/763 764/764 765/765
f 763/763 765/765 731/731
f 764/764 728/728 729/729
f 764/764 729/729 765/765
f 765/765 729/729 730/730
f 765/765 730/730 731/731
f 767/767 769/769 766/766
f 770/770 767/767 766/766
f 766/766 769/769 768/768
f 768/768 770/770 766/766
f 767/767 773/773 769/769
f 771/771 767/767 770/770
f 771/771 773/773 767/767
f 769/769 773/773 768/768
f 772/772 770/770 768/768
f 768/768 773/773 772/772
f 772/772 771/771 770/770
f 773/773 771/771 772/772
f 775/775 777/777 774/774
f 778/778 775/775 774/774
f 774/774 777/777 776/776
f 776/776 778/778 774/774
f 775/775 781/781 777/777
f 779/779 775/775 778/778
f 779/779 781/781 775/775
f 777/777 781/781 776/776
f 780/780 778/778 776/776
f 776/776 781/781 780/780
f 780/780 779/779 778/778
f 781/781 779/779 780/780
f 782/782 819/819 798/798
f 819/819 793/793 822/822
f 798/798 822/822 787/787
f 819/819 822/822 798/798
f 782/782 798/798 794/794
f 798/798 787/787 799/799
f 794/794 799/799 783/783
f 798/798 799/799 794/794
f 782/782 794/794 803/803
f 794/794 783/783 804/804
f 803/803 804/804 789/789
f 794/794 804/804 803/803
f 782/782 803/803 815/815
f 803/803 789/789 818/818
f 815/815 818/818 792/792
f 803/803 818/818 815/815
f 782/782 815/815 819/819
f 815/815 792/792 823/823
f 819/819 823/823 793/793
f 815/815 823/823 819/819
f 783/783 799/799 810/810
f 799/799 787/787 813/813
f 810/810 813/813 791/791
f 799/799 813/813 810/810
f 787/787 822/822 800/800
f 822/822 793/793 821/821
f 800/800 821/821 786/786
f 822/822 821/821 800/800
f 793/793 823/823 820/820
f 823/823 792/792 816/816
f 820/820 816/816 784/784
f 823/823 816/816 820/820
f 792/792 818/818 817/817
f 818/818 789/789 805/805
f 817/817 805/805 788/788
f 818/818 805/805 817/817
f 789/789 804/804 809/809
f 804/804 783/783 806/806
f 809/809 806/806 790/790
f 804/804 806/806 809/809
f 785/785 811/811 797/797
f 811/811 791/791 812/812
f 797/797 812/812 786/786
f 811/811 812/812 797/797
f 785/785 797/797 795/795
f 797/797 786/786 796/796
f 795/795 796/796 784/784
f 797/797 796/796 795/795
f 785/785 795/795 802/802
f 795/795 784/784 801/801
f 802/802 801/801 788/788
f 795/795 801/801 802/802
f 785/785 802/802 807/807
f 802/802 788/788 808/808
f 807/807 808/808 790/790
f 802/802 808/808 807/807
f 785/785 807/807 811/811
f 807/807 790/790 814/814
f 811/811 814/814 791/791
f 807/807 814/814 811/811
f 786/786 812/812 800/800
f 812/812 791/791 813/813
f 800/800 813/813 787/787
f 812/812 813/813 800/800
f 784/784 796/796 820/820
f 796/796 786/786 821/821
f 820/820 821/821 793/793
f 796/796 821/821 820/820
f 788/788 801/801 817/817
f 801/801 784/784 816/816
f 817/817 816/816 792/792
f 801/801 816/816 817/817
f 790/790 808/808 809/809
f 808/808 788/788 805/805
f 809/809 805/805 789/789
f 808/808 805/805 809/809
f 791/791 814/814 810/810
f 814/814 790/790 806/806
f 810/810 806/806 783/783
f 814/814 806/806 810/810
f 824/824 861/861 840/840
f 861/861 835/835 864/864
f 840/840 864/864 829/829
f 861/861 864/864 840/840
f 824/824 840/840 836/836
f 840/840 829/829 841/841
f 836/836 841/841 825/825
f 840/840 841/841 836/836
f 824/824 836/836 845/845
f 836/836 825/825 846/846
f 845/845 846/846 831/831
f 836/836 846/846 845/845
f 824/824 845/845 857/857
f 845/845 831/831 860/860
f 857/857 860/860 834/834
f 845/845 860/860 857/857
f 824/824 857/857 861/861
f 857/857 834/834 865/865
f 861/861 865/865 835/835
f 857/857 865/865 861/861
f 825/825 841/841 852/852
f 841/841 829/829 855/855
f 852/852 855/855 833/833
f 841/841 855/855 852/852
f 829/829 864/864 842/842
f 864/864 835/835 863/863
f 842/842 863/863 828/828
f 864/864 863/863 842/842
f 835/835 865/865 862/862
f 865/865 834/834 858/858
f 862/862 858/858 826/826
f 865/865 858/858 862/862
f 834/834 860/860 859/859
f 860/860 831/831 847/847
f 859/859 847/847 830/830
f 860/860 847/847 859/859
f 831/831 846/846 851/851
f 846/846 825/825 848/848
f 851/851 848/848 832/832
f 846/846 848/848 851/851
f 827/827 853/853 839/839
f 853/853 833/833 854/854
f 839/839 854/854 828/828
f 853/853 854/854 839/839
f 827/827 839/839 837/837
f 839/839 828/828 838/838
f 837/837 838/838 826/826
f 839/839 838/838 837/837
f 827/827 837/837 844/844
f 837/837 826/826 843/843
f 844/844 843/843 830/830
f 837/837 843/843 844/844
f 827/827 844/844 849/849
f 844/844 830/830 850/850
f 849/849 850/850 832/832
f 844/844 850/850 849/849
f 827/827 849/849 853/853
f 849/849 832/832 856/856
f 853/853 856/856 833/833
f 849/849 856/856 853/853
f 828/828 854/854 842/842
f 854/854 833/833 855/855
f 842/842 855/855 829/829
f 854/854 855/855 842/842
f 826/826 838/838 862/862
f 838/838 828/828 863/863
f 862/862 863/863 835/835
f 838/838 863/863 862/862
f 830/830 843/843 859/859
f 843/843 826/826 858/858
f 859/859 858/858 834/834
f 843/843 858/858 859/859
f 832/832 850/850 851/851
f 850/850 830/830 847/847
f 851/851 847/847 831/831
f 850/850 847/847 851/851
f 833/833 856/856 852/852
f 856/856 832/832 848/848
f 852/852 848/848 825/825
f 856/856 848/848 852/852
f 866/866 903/903 882/882
f 903/903 877/877 906/906
f 882/882 906/906 871/871
f 903/903 906/906 882/882
f 866/866 882/882 878/878
f 882/882 871/871 883/883
f 878/878 883/883 867/867
f 882/882 883/883 878/878
f 866/866 878/878 887/887
f 878/878 867/867 888/888
f 887/887 888/888 873/873
f 878/878 888/888 887/887
f 866/866 887/887 899/899
f 887/887 873/873 902/902
f 899/899 902/902 876/876
f 887/887 902/902 899/899
f 866/866 899/899 903/903
f 899/899 876/876 907/907
f 903/903 907/907 877/877
f 899/899 907/907 903/903
f 867/867 883/883 894/894
f 883/883 871/871 897/897
f 894/894 897/897 875/875
f 883/883 897/897 894/894
f 871/871 906/906 884/884
f 906/906 877/877 905/905
f 884/884 905/905 870/870
f 906/906 905/905 884/884
f 877/877 907/907 904/904
f 907/907 876/876 900/900
f 904/904 900/900 868/868
f 907/907 900/900 904/904
f 876/876 902/902 901/901
f 902/902 873/873 889/889
f 901/901 889/889 872/872
f 902/902 889/889 901/901
f 873/873 888/888 893/893
f 888/888 867/867 890/890
f 893/893 890/890 874/874
f 888/888 890/890 893/893
f 869/869 895/895 881/881
f 895/895 875/875 896/896
f 881/881 896/896 870/870
f 895/895 896/896 881/881
f 869/869 881/881 879/879
f 881/881 870/870 880/880
f 879/879 880/880 868/868
f 881/881 880/880 879/879
f 869/869 879/879 886/886
f 879/879 868/868 885/885
f 886/886 885/885 872/872
f 879/879 885/885 886/886
f 869/869 886/886 891/891
f 886/886 872/872 892/892
f 891/891 892/892 874/874
f 886/886 892/892 891/891
f 869/869 891/891 895/895
f 891/891 874/874 898/898
f 895/895 898/898 875/875
f 891/891 898/898 895/895
f 870/870 896/896 884/884
f 896/896 875/875 897/897
f 884/884 897/897 871/871
f 896/896 897/897 884/884
f 868/868 880/880 904/904
f 880/880 870/870 905/905
f 904/904 905/905 877/877
f 880/880 905/905 904/904
f 872/872 885/885 901/901
f 885/885 868/868 900/900
f 901/901 900/900 876/876
f 885/885 900/900 901/901
f 874/874 892/892 893/893
f 892/892 872/872 889/889
f 893/893 889/889 873/873
f 892/892 889/889 893/893
f 875/875 898/898 894/894
f 898/898 874/874 890/890
f 894/894 890/890 867/867
f 898/898 890/890 894/894
f 908/908 945/945 924/924
f 945/945 919/919 948/948
f 924/924 948/948 913/913
f 945/945 948/948 924/924
f 908/908 924/924 920/920
f 924/924 913/913 925/925
f 920/920 925/925 909/909
f 924/924 925/925 920/920
f 908/908 920/920 929/929
f 920/920 909/909 930/930
f 929/929 930/930 915/915
f 920/920 930/930 929/929
f 908/908 929/929 941/941
f 929/929 915/915 944/944
f 941/941 944/944 918/918
f 929/929 944/944 941/941
f 908/908 941/941 945/945
f 941/941 918/918 949/949
f 945/945 949/949 919/919
f 941/941 949/949 945/945
f 909/909 925/925 936/936
f 925/925 913/913 939/939
f 936/936 939/939 917/917
f 925/925 939/939 936/936
f 913/913 948/948 926/926
f 948/948 919/919 947/947
f 926/926 947/947 912/912
f 948/948 947/947 926/926
f 919/919 949/949 946/946
f 949/949 918/918 942/942
f 946/946 942/942 910/910
f 949/949 942/942 946/946
f 918/918 944/944 943/943
f 944/944 915/915 931/931
f 943/943 931/931 914/914
f 944/944 931/931 943/943
f 915/915 930/930 935/935
f 930/930 909/909 932/932
f 935/935 932/932 916/916
f 930/930 932/932 935/935
f 911/911 937/937 923/923
f 937/937 917/917 938/938
f 923/923 938/938 912/912
f 937/937 938/938 923/923
f 911/911 923/923 921/921
f 923/923 912/912 922/922
f 921/921 922/922 910/910
f 923/923 922/922 921/921
f 911/911 921/921 928/928
f 921/921 910/910 927/927
f 928/928 927/927 914/914
f 921/921 927/927 928/928
f 911/911 928/928 933/933
f 928/928 914/914 934/934
f 933/933 934/934 916/916
f 928/928 934/934 933/933
f 911/911 933/933 937/937
f 933/933 916/916 940/940
f 937/937 940/940 917/917
f 933/933 940/940 937/937
f 912/912 938/938 926/926
f 938/938 917/917 939/939
f 926/926 939/939 913/913
f 938/938 939/939 926/926
f 910/910 922/922 946/946
f 922/922 912/912 947/947
f 946/946 947/947 919/919
f 922/922 947/947 946/946
f 914/914 927/927 943/943
f 927/927 910/910 942/942
f 943/943 942/942 918/918
f 927/927 942/942 943/943
f 916/916 934/934 935/935
f 934/934 914/914 931/931
f 935/935 931/931 915/915
f 934/934 931/931 935/935
f 917/917 940/940 936/936
f 940/940 916/916 932/932
f 936/936 932/932 909/909
f 940/940 932/932 936/936
f 950/950 987/987 966/966
f 987/987 961/961 990/990
f 966/966 990/990 955/955
f 987/987 990/990 966/966
f 950/950 966/966 962/962
f 966/966 955/955 967/967
f 962/962 967/967 951/951
f 966/966 967/967 962/962
f 950/950 962/962 971/971
f 962/962 951/951 972/972
f 971/971 972/972 957/957
f 962/962 972/972 971/971
f 950/950 971/971 983/983
f 971/971 957/957 986/986
f 983/983 986/986 960/960
f 971/971 986/986 983/983
f 950/950 983/983 987/987
f 983/983 960/960 991/991
f 987/987 991/991 961/961
f 983/983 991/991 987/987
f 951/951 967/967 978/978
f 967/967 955/955 981/981
f 978/978 981/981 959/959
f 967/967 981/981 978/978
f 955/955 990/990 968/968
f 990/990 961/961 989/989
f 968/968 989/989 954/954
f 990/990 989/989 968/968
f 961/961 991/991 988/988
f 991/991 960/960 984/984
f 988/988 984/984 952/952
f 991/991 984/984 988/988
f 960/960 986/986 985/985
f 986/986 957/957 973/973
f 985/985 973/973 956/956
f 986/986 973/973 985/985
f 957/957 972/972 977/977
f 972/972 951/951 974/974
f 977/977 974/974 958/958
f 972/972 974/974 977/977
f 953/953 979/979 965/965
f 979/979 959/959 980/980
f 965/965 980/980 954/954
f 979/979 980/980 965/965
f 953/953 965/965 963/963
f 965/965 954/954 964/964
f 963/963 964/964 952/952
f 965/965 964/964 963/963
f 953/953 963/963 970/970
f 963/963 952/952 969/969
f 970/970 969/969 956/956
f 963/963 969/969 970/970
f 953/953 970/970 975/975
f 970/970 956/956 976/976
f 975/975 976/976 958/958
f 970/970 976/976 975/975
f 953/953 975/975 979/979
f 975/975 958/958 982/982
f 979/979 982/982 959/959
f 975/975 982/982 979/979
f 954/954 980/980 968/968
f 980/980 959/959 981/981
f 968/968 981/981 955/955
f 980/980 981/981 968/968
f 952/952 964/964 988/988
f 964/964 954/954 989/989
f 988/988 989/989 961/961
f 964/964 989/989 988/988
f 956/956 969/969 985/985
f 969/969 952/952 984/984
f 985/985 984/984 960/960
f 969/969 984/984 985/985
f 958/958 976/976 977/977
f 976/976 956/956 973/973
f 977/977 973/973 957/957
f 976/976 973/973 977/977
f 959/959 982/982 978/978
f 982/982 958/958 974/974
f 978/978 974/974 951/951
f 982/982 974/974 978/978
f 992/992 1029/1029 1008/1008
f 1029/1029 1003/1003 1032/1032
f 1008/1008 1032/1032 997/997
f 1029/1029 1032/1032 1008/1008
f 992/992 1008/1008 1004/1004
f 1008/1008 997/997 1009/1009
f 1004/1004 1009/1009 993/993
f 1008/1008 1009/1009 1004/1004
f 992/992 1004/1004 1013/1013
f 1004/1004 993/993 1014/1014
f 1013/1013 1014/1014 999/999
f 1004/1004 1014/1014 1013/1013
f 992/992 1013/1013 1025/1025
f 1013/1013 999/999 1028/1028
f 1025/1025 1028/1028 1002/1002
f 1013/1013 1028/1028 1025/1025
f 992/992 1025/1025 1029/1029
f 1025/1025 1002/1002 1033/1033
f 1029/1029 1033/1033 1003/1003
f 1025/1025 1033/1033 1029/1029
f 993/993 1009/1009 1020/1020
f 1009/1009 997/997 1023/1023
f 1020/1020 1023/1023 1001/1001
f 1009/1009 1023/1023 1020/1020
f 997/997 1032/1032 1010/1010
f 1032/1032 1003/1003 1031/1031
f 1010/1010 1031/1031 996/996
f 1032/1032 1031/1031 1010/1010
f 1003/1003 1033/1033 1030/1030
f 1033/1033 1002/1002 1026/1026
f 1030/1030 1026/1026 994/994
f 1033/1033 1026/1026 1030/1030
f 1002/1002 1028/1028 1027/1027
f 1028/1028 999/999 1015/1015
f 1027/1027 1015/1015 998/998
f 1028/1028 1015/1015 1027/1027
f 999/999 1014/1014 1019/1019
f 1014/1014 993/993 1016/1016
f 1019/1019 1016/1016 1000/1000
f 1014/1014 1016/1016 1019/1019
f 995/995 1021/1021 1007/1007
f 1021/1021 1001/1001 1022/1022
f 1007/1007 1022/1022 996/996
f 1021/1021 1022/1022 1007/1007
f 995/995 1007/1007 1005/1005
f 1007/1007 996/996 1006/1006
f 1005/1005 1006/1006 994/994
f 1007/1007 1006/1006 1005/1005
f 995/995 1005/1005 1012/1012
f 1005/1005 994/994 1011/1011
f 1012/1012 1011/1011 998/998
f 1005/1005 1011/1011 1012/1012
f 995/995 1012/1012 1017/1017
f 1012/1012 998/998 1018/1018
f 1017/1017 1018/1018 1000/1000
f 1012/1012 1018/1018 1017/1017
f 995/995 1017/1017 1021/1021
f 1017/1017 1000/1000 1024/1024
f 1021/1021 1024/1024 1001/1001
f 1017/1017 1024/1024 1021/1021
f 996/996 1022/1022 1010/1010
f 1022/1022 1001/1001 1023/1023
f 1010/1010 1023/1023 997/997
f 1022/1022 1023/1023 1010/1010
f 994/994 1006/1006 1030/1030
f 1006/1006 996/996 1031/1031
f 1030/1030 1031/1031 1003/1003
f 1006/1006 1031/1031 1030/1030
f 998/998 1011/1011 1027/1027
f 1011/1011 994/994 1026/1026
f 1027/1027 1026/1026 1002/1002
f 1011/1011 1026/1026 1027/1027
f 1000/1000 1018/1018 1019/1019
f 1018/1018 998/998 1015/1015
f 1019/1019 1015/1015 999/999
f 1018/1018 1015/1015 1019/1019
f 1001/1001 1024/1024 1020/1020
f 1024/1024 1000/1000 1016/1016
f 1020/1020 1016/1016 993/993
f 1024/1024 1016/1016 1020/1020
f 1034/1034 1071/1071 1050/1050
f 1071/1071 1045/1045 1074/1074
f 1050/1050 1074/1074 1039/1039
f 1071/1071 1074/1074 1050/1050
f 1034/1034 1050/1050 1046/1046
f 1050/1050 1039/1039 1051/1051
f 1046/1046 1051/1051 1035/1035
f 1050/1050 1051/1051 1046/1046
f 1034/1034 1046/1046 1055/1055
f 1046/1046 1035/1035 1056/1056
f 1055/1055 1056/1056 1041/1041
f 1046/1046 1056/1056 1055/1055
f 1034/1034 1055/1055 1067/1067
f 1055/1055 1041/1041 1070/1070
f 1067/1067 1070/1070 1044/1044
f 1055/1055 1070/1070 1067/1067
f 1034/1034 1067/1067 1071/1071
f 1067/1067 1044/1044 1075/1075
f 1071/1071 1075/1075 1045/1045
f 1067/1067 1075/1075 1071/1071
f 1035/1035 1051/1051 1062/1062
f 1051/1051 1039/1039 1065/1065
f 1062/1062 1065/1065 1043/1043
f 1051/1051 1065/1065 1062/1062
f 1039/1039 1074/1074 1052/1052
f 1074/1074 1045/1045 1073/1073
f 1052/1052 1073/1073 1038/1038
f 1074/1074 1073/1073 1052/1052
f 1045/1045 1075/1075 1072/1072
f 1075/1075 1044/1044 1068/1068
f 1072/1072 1068/1068 1036/1036
f 1075/1075 1068/1068 1072/1072
f 1044/1044 1070/1070 1069/1069
f 1070/1070 1041/1041 1057/1057
f 1069/1069 1057/1057 1040/1040
f 1070/1070 1057/1057 1069/1069
f 1041/1041 1056/1056 1061/1061
f 1056/1056 1035/1035 1058/1058
f 1061/1061 1058/1058 1042/1042
f 1056/1056 1058/1058 1061/1061
f 1037/1037 1063/1063 1049/1049
f 1063/1063 1043/1043 1064/1064
f 1049/1049 1064/1064 1038/1038
f 1063/1063 1064/1064 1049/1049
f 1037/1037 1049/1049 1047/1047
f 1049/1049 1038/1038 1048/1048
f 1047/1047 1048/1048 1036/1036
f 1049/1049 1048/1048 1047/1047
f 1037/1037 1047/1047 1054/1054
f 1047/1047 1036/1036 1053/1053
f 1054/1054 1053/1053 1040/1040
f 1047/1047 1053/1053 1054/1054
f 1037/1037 1054/1054 1059/1059
f 1054/1054 1040/1040 1060/1060
f 1059/1059 1060/1060 1042/1042
f 1054/1054 1060/1060 1059/1059
f 1037/1037 1059/1059 1063/1063
f 1059/1059 1042/1042 1066/1066
f 1063/1063 1066/1066 1043/1043
f 1059/1059 1066/1066 1063/1063
f 1038/1038 1064/1064 1052/1052
f 1064/1064 1043/1043 1065/1065
f 1052/1052 1065/1065 1039/1039
f 1064/1064 1065/1065 1052/1052
f 1036/1036 1048/1048 1072/1072
f 1048/1048 1038/1038 1073/1073
f 1072/1072 1073/1073 1045/1045
f 1048/1048 1073/1073 1072/1072
f 1040/1040 1053/1053 1069/1069
f 1053/1053 1036/1036 1068/1068
f 1069/1069 1068/1068 1044/1044
f 1053/1053 1068/1068 1069/1069
f 1042/1042 1060/1060 1061/1061
f 1060/1060 1040/1040 1057/1057
f 1061/1061 1057/1057 1041/1041
f 1060/1060 1057/1057 1061/1061
f 1043/1043 1066/1066 1062/1062
f 1066/1066 1042/1042 1058/1058
f 1062/1062 1058/1058 1035/1035
f 1066/1066 1058/1058 1062/1062
f 1076/1076 1113/1113 1092/1092
f 1113/1113 1087/1087 1116/1116
f 1092/1092 1116/1116 1081/1081
f 1113/1113 1116/1116 1092/1092
f 1076/1076 1092/1092 1088/1088
f 1092/1092 1081/1081 1093/1093
f 1088/1088 1093/1093 1077/1077
f 1092/1092 1093/1093 1088/1088
f 1076/1076 1088/1088 1097/1097
f 1088/1088 1077/1077 1098/1098
f 1097/1097 1098/1098 1083/1083
f 1088/1088 1098/1098 1097/1097
f 1076/1076 1097/1097 1109/1109
f 1097/1097 1083/1083 1112/1112
f 1109/1109 1112/1112 1086/1086
f 1097/1097 1112/1112 1109/1109
f 1076/1076 1109/1109 1113/1113
f 1109/1109 1086/1086 1117/1117
f 1113/1113 1117/1117 1087/1087
f 1109/1109 1117/1117 1113/1113
f 1077/1077 1093/1093 1104/1104
f 1093/1093 1081/1081 1107/1107
f 1104/1104 1107/1107 1085/1085
f 1093/1093 1107/1107 1104/1104
f 1081/1081 1116/1116 1094/1094
f 1116/1116 1087/1087 1115/1115
f 1094/1094 1115/1115 1080/1080
f 1116/1116 1115/1115 1094/1094
f 1087/1087 1117/1117 1114/1114
f 1117/1117 1086/1086 1110/1110
f 1114/1114 1110/1110 1078/1078
f 1117/1117 1110/1110 1114/1114
f 1086/1086 1112/1112 1111/1111
f 1112/1112 1083/1083 1099/1099
f 1111/1111 1099/1099 1082/1082
f 1112/1112 1099/1099 1111/1111
f 1083/1083 1098/1098 1103/1103
f 1098/1098 1077/1077 1100/1100
f 1103/1103 1100/1100 1084/1084
f 1098/1098 1100/1100 1103/1103
f 1079/1079 1105/1105 1091/1091
f 1105/1105 1085/1085 1106/1106
f 1091/1091 1106/1106 1080/1080
f 1105/1105 1106/1106 1091/1091
f 1079/1079 1091/1091 1089/1089
f 1091/1091 1080/1080 1090/1090
f 1089/1089 1090/1090 1078/1078
f 1091/1091 1090/1090 1089/1089
f 1079/1079 1089/1089 1096/1096
f 1089/1089 1078/1078 1095/1095
f 1096/1096 1095/1095 1082/1082
f 1089/1089 1095/1095 1096/1096
f 1079/1079 1096/1096 1101/1101
f 1096/1096 1082/1082 1102/1102
f 1101/1101 1102/1102 1084/1084
f 1096/1096 1102/1102 1101/1101
f 1079/1079 1101/1101 1105/1105
f 1101/1101 1084/1084 1108/1108
f 1105/1105 1108/1108 1085/1085
f 1101/1101 1108/1108 1105/1105
f 1080/1080 1106/1106 1094/1094
f 1106/1106 1085/1085 1107/1107
f 1094/1094 1107/1107 1081/1081
f 1106/1106 1107/1107 1094/1094
f 1078/1078 1090/1090 1114/1114
f 1090/1090 1080/1080 1115/1115
f 1114/1114 1115/1115 1087/1087
f 1090/1090 1115/1115 1114/1114
f 1082/1082 1095/1095 1111/1111
f 1095/1095 1078/1078 1110/1110
f 1111/1111 1110/1110 1086/1086
f 1095/1095 1110/1110 1111/1111
f 1084/1084 1102/1102 1103/1103
f 1102/1102 1082/1082 1099/1099
f 1103/1103 1099/1099 1083/1083
f 1102/1102 1099/1099 1103/1103
f 1085/1085 1108/1108 1104/1104
f 1108/1108 1084/1084 1100/1100
f 1104/1104 1100/1100 1077/1077
f 1108/1108 1100/1100 1104/1104
f 1118/1118 1155/1155 1134/1134
f 1155/1155 1129/1129 1158/1158
f 1134/1134 1158/1158 1123/1123
f 1155/1155 1158/1158 1134/1134
f 1118/1118 1134/1134 1130/1130
f 1134/1134 1123/1123 1135/1135
f 1130/1130 1135/1135 1119/1119
f 1134/1134 1135/1135 1130/1130
f 1118/1118 1130/1130 1139/1139
f 1130/1130 1119/1119 1140/1140
f 1139/1139 1140/1140 1125/1125
f 1130/1130 1140/1140 1139/1139
f 1118/1118 1139/1139 1151/1151
f 1139/1139 1125/1125 1154/1154
f 1151/1151 1154/1154 1128/1128
f 1139/1139 1154/1154 1151/1151
f 1118/1118 1151/1151 1155/1155
f 1151/1151 1128/1128 1159/1159
f 1155/1155 1159/1159 1129/1129
f 1151/1151 1159/1159 1155/1155
f 1119/1119 1135/1135 1146/1146
f 1135/1135 1123/1123 1149/1149
f 1146/1146 1149/1149 1127/1127
f 1135/1135 1149/1149 1146/1146
f 1123/1123 1158/1158 1136/1136
f 1158/1158 1129/1129 1157/1157
f 1136/1136 1157/1157 1122/1122
f 1158/1158 1157/1157 1136/1136
f 1129/1129 1159/1159 1156/1156
f 1159/1159 1128/1128 1152/1152
f 1156/1156 1152/1152 1120/1120
f 1159/1159 1152/1152 1156/1156
f 1128/1128 1154/1154 1153/1153
f 1154/1154 1125/1125 1141/1141
f 1153/1153 1141/1141 1124/1124
f 1154/1154 1141/1141 1153/1153
f 1125/1125 1140/1140 1145/1145
f 1140/1140 1119/1119 1142/1142
f 1145/1145 1142/1142 1126/1126
f 1140/1140 1142/1142 1145/1145
f 1121/1121 1147/1147 1133/1133
f 1147/1147 1127/1127 1148/1148
f 1133/1133 1148/1148 1122/1122
f 1147/1147 1148/1148 1133/1133
f 1121/1121 1133/1133 1131/1131
f 1133/1133 1122/1122 1132/1132
f 1131/1131 1132/1132 1120/1120
f 1133/1133 1132/1132 1131/1131
f 1121/1121 1131/1131 1138/1138
f 1131/1131 1120/1120 1137/1137
f 1138/1138 1137/1137 1124/1124
f 1131/1131 1137/1137 1138/1138
f 1121/1121 1138/1138 1143/1143
f 1138/1138 1124/1124 1144/1144
f 1143/1143 1144/1144 1126/1126
f 1138/1138 1144/1144 1143/1143
f 1121/1121 1143/1143 1147/1147
f 1143/1143 1126/1126 1150/1150
f 1147/1147 1150/1150 1127/1127
f 1143/1143 1150/1150 1147/1147
f 1122/1122 1148/1148 1136/1136
f 1148/1148 1127/1127 1149/1149
f 1136/1136 1149/1149 1123/1123
f 1148/1148 1149/1149 1136/1136
f 1120/1120 1132/1132 1156/1156
f 1132/1132 1122/1122 1157/1157
f 1156/1156 1157/1157 1129/1129
f 1132/1132 1157/1157 1156/1156
f 1124/1124 1137/1137 1153/1153
f 1137/1137 1120/1120 1152/1152
f 1153/1153 1152/1152 1128/1128
f 1137/1137 1152/1152 1153/1153
f 1126/1126 1144/1144 1145/1145
f 1144/1144 1124/1124 1141/1141
f 1145/1145 1141/1141 1125/1125
f 1144/1144 1141/1141 1145/1145
f 1127/1127 1150/1150 1146/1146
f 1150/1150 1126/1126 1142/1142
f 1146/1146 1142/1142 1119/1119
f 1150/1150 1142/1142 1146/1146
f 1160/1160 1197/1197 1176/1176
f 1197/1197 1171/1171 1200/1200
f 1176/1176 1200/1200 1165/1165
f 1197/1197 1200/1200 1176/1176
f 1160/1160 1176/1176 1172/1172
f 1176/1176 1165/1165 1177/1177
f 1172/1172 1177/1177 1161/1161
f 1176/1176 1177/1177 1172/1172
f 1160/1160 1172/1172 1181/1181
f 1172/1172 1161/1161 1182/1182
f 1181/1181 1182/1182 1167/1167
f 1172/1172 1182/1182 1181/1181
f 1160/1160 1181/1181 1193/1193
f 1181/1181 1167/1167 1196/1196
f 1193/1193 1196/1196 1170/1170
f 1181/1181 1196/1196 1193/1193
f 1160/1160 1193/1193 1197/1197
f 1193/1193 1170/1170 1201/1201
f 1197/1197 1201/1201 1171/1171
f 1193/1193 1201/1201 1197/1197
f 1161/1161 1177/1177 1188/1188
f 1177/1177 1165/1165 1191/1191
f 1188/1188 1191/1191 1169/1169
f 1177/1177 1191/1191 1188/1188
f 1165/1165 1200/1200 1178/1178
f 1200/1200 1171/1171 1199/1199
f 1178/1178 1199/1199 1164/1164
f 1200/1200 1199/1199 1178/1178
f 1171/1171 1201/1201 1198/1198
f 1201/1201 1170/1170 1194/1194
f 1198/1198 1194/1194 1162/1162
f 1201/1201 1194/1194 1198/1198
f 1170/1170 1196/1196 1195/1195
f 1196/1196 1167/1167 1183/1183
f 1195/1195 1183/1183 1166/1166
f 1196/1196 1183/1183 1195/1195
f 1167/1167 1182/1182 1187/1187
f 1182/1182 1161/1161 1184/1184
f 1187/1187 1184/1184 1168/1168
f 1182/1182 1184/1184 1187/1187
f 1163/1163 1189/1189 1175/1175
f 1189/1189 1169/1169 1190/1190
f 1175/1175 1190/1190 1164/1164
f 1189/1189 1190/1190 1175/1175
f 1163/1163 1175/1175 1173/1173
f 1175/1175 1164/1164 1174/1174
f 1173/1173 1174/1174 1162/1162
f 1175/1175 1174/1174 1173/1173
f 1163/1163 1173/1173 1180/1180
f 1173/1173 1162/1162 1179/1179
f 1180/1180 1179/1179 1166/1166
f 1173/1173 1179/1179 1180/1180
f 1163/1163 1180/1180 1185/1185
f 1180/1180 1166/1166 1186/1186
f 1185/1185 1186/1186 1168/1168
f 1180/1180 1186/1186 1185/1185
f 1163/1163 1185/1185 1189/1189
f 1185/1185 1168/1168 1192/1192
f 1189/1189 1192/1192 1169/1169
f 1185/1185 1192/1192 1189/1189
f 1164/1164 1190/1190 1178/1178
f 1190/1190 1169/1169 1191/1191
f 1178/1178 1191/1191 1165/1165
f 1190/1190 1191/1191 1178/1178
f 1162/1162 1174/1174 1198/1198
f 1174/1174 1164/1164 1199/1199
f 1198/1198 1199/1199 1171/1171
f 1174/1174 1199/1199 1198/1198
f 1166/1166 1179/1179 1195/1195
f 1179/1179 1162/1162 1194/1194
f 1195/1195 1194/1194 1170/1170
f 1179/1179 1194/1194 1195/1195
f 1168/1168 1186/1186 1187/1187
f 1186/1186 1166/1166 1183/1183
f 1187/1187 1183/1183 1167/1167
f 1186/1186 1183/1183 1187/1187
f 1169/1169 1192/1192 1188/1188
f 1192/1192 1168/1168 1184/1184
f 1188/1188 1184/1184 1161/1161
f 1192/1192 1184/1184 1188/1188
f 1202/1202 1239/1239 1218/1218
f 1239/1239 1213/1213 1242/1242
f 1218/1218 1242/1242 1207/1207
f 1239/1239 1242/1242 1218/1218
f 1202/1202 1218/1218 1214/1214
f 1218/1218 1207/1207 1219/1219
f 1214/1214 1219/1219 1203/1203
f 1218/1218 1219/1219 1214/1214
f 1202/1202 1214/1214 1223/1223
f 1214/1214 1203/1203 1224/1224
f 1223/1223 1224/1224 1209/1209
f 1214/1214 1224/1224 1223/1223
f 1202/1202 1223/1223 1235/1235
f 1223/1223 1209/1209 1238/1238
f 1235/1235 1238/1238 1212/1212
f 1223/1223 1238/1238 1235/1235
f 1202/1202 1235/1235 1239/1239
f 1235/1235 1212/1212 1243/1243
f 1239/1239 1243/1243 1213/1213
f 1235/1235 1243/1243 1239/1239
f 1203/1203 1219/1219 1230/1230
f 1219/1219 1207/1207 1233/1233
f 1230/1230 1233/1233 1211/1211
f 1219/1219 1233/1233 1230/1230
f 1207/1207 1242/1242 1220/1220
f 1242/1242 1213/1213 1241/1241
f 1220/1220 1241/1241 1206/1206
f 1242/1242 1241/1241 1220/1220
f 1213/1213 1243/1243 1240/1240
f 1243/1243 1212/1212 1236/1236
f 1240/1240 1236/1236 1204/1204
f 1243/1243 1236/1236 1240/1240
f 1212/1212 1238/1238 1237/1237
f 1238/1238 1209/1209 1225/1225
f 1237/1237 1225/1225 1208/1208
f 1238/1238 1225/1225 1237/1237
f 1209/1209 1224/1224 1229/1229
f 1224/1224 1203/1203 1226/1226
f 1229/1229 1226/1226 1210/1210
f 1224/1224 1226/1226 1229/1229
f 1205/1205 1231/1231 1217/1217
f 1231/1231 1211/1211 1232/1232
f 1217/1217 1232/1232 1206/1206
f 1231/1231 1232/1232 1217/1217
f 1205/1205 1217/1217 1215/1215
f 1217/1217 1206/1206 1216/1216
f 1215/1215 1216/1216 1204/1204
f 1217/1217 1216/1216 1215/1215
f 1205/1205 1215/1215 1222/1222
f 1215/1215 1204/1204 1221/1221
f 1222/1222 1221/1221 1208/1208
f 1215/1215 1221/1221 1222/1222
f 1205/1205 1222/1222 1227/1227
f 1222/1222 1208/1208 1228/1228
f 1227/1227 1228/1228 1210/1210
f 1222/1222 1228/1228 1227/1227
f 1205/1205 1227/1227 1231/1231
f 1227/1227 1210/1210 1234/1234
f 1231/1231 1234/1234 1211/1211
f 1227/1227 1234/1234 1231/1231
f 1206/1206 1232/1232 1220/1220
f 1232/1232 1211/1211 1233/1233
f 1220/1220 1233/1233 1207/1207
f 1232/1232 1233/1233 1220/1220
f 1204/1204 1216/1216 1240/1240
f 1216/1216 1206/1206 1241/1241
f 1240/1240 1241/1241 1213/1213
f 1216/1216 1241/1241 1240/1240
f 1208/1208 1221/1221 1237/1237
f 1221/1221 1204/1204 1236/1236
f 1237/1237 1236/1236 1212/1212
f 1221/1221 1236/1236 1237/1237
f 1210/1210 1228/1228 1229/1229
f 1228/1228 1208/1208 1225/1225
f 1229/1229 1225/1225 1209/1209
f 1228/1228 1225/1225 1229/1229
f 1211/1211 1234/1234 1230/1230
f 1234/1234 1210/1210 1226/1226
f 1230/1230 1226/1226 1203/1203
f 1234/1234 1226/1226 1230/1230
f 1244/1244 1281/1281 1260/1260
f 1281/1281 1255/1255 1284/1284
f 1260/1260 1284/1284 1249/1249
f 1281/1281 1284/1284 1260/1260
f 1244/1244 1260/1260 1256/1256
f 1260/1260 1249/1249 1261/1261
f 1256/1256 1261/1261 1245/1245
f 1260/1260 1261/1261 1256/1256
f 1244/1244 1256/1256 1265/1265
f 1256/1256 1245/1245 1266/1266
f 1265/1265 1266/1266 1251/1251
f 1256/1256 1266/1266 1265/1265
f 1244/1244 1265/1265 1277/1277
f 1265/1265 1251/1251 1280/1280
f 1277/1277 1280/1280 1254/1254
f 1265/1265 1280/1280 1277/1277
f 1244/1244 1277/1277 1281/1281
f 1277/1277 1254/1254 1285/1285
f 1281/1281 1285/1285 1255/1255
f 1277/1277 1285/1285 1281/1281
f 1245/1245 1261/1261 1272/1272
f 1261/1261 1249/1249 1275/1275
f 1272/1272 1275/1275 1253/1253
f 1261/1261 1275/1275 1272/1272
f 1249/1249 1284/1284 1262/1262
f 1284/1284 1255/1255 1283/1283
f 1262/1262 1283/1283 1248/1248
f 1284/1284 1283/1283 1262/1262
f 1255/1255 1285/1285 1282/1282
f 1285/1285 1254/1254 1278/1278
f 1282/1282 1278/1278 1246/1246
f 1285/1285 1278/1278 1282/1282
f 1254/1254 1280/1280 1279/1279
f 1280/1280 1251/1251 1267/1267
f 1279/1279 1267/1267 1250/1250
f 1280/1280 1267/1267 1279/1279
f 1251/1251 1266/1266 1271/1271
f 1266/1266 1245/1245 1268/1268
f 1271/1271 1268/1268 1252/1252
f 1266/1266 1268/1268 1271/1271
f 1247/1247 1273/1273 1259/1259
f 1273/1273 1253/1253 1274/1274
f 1259/1259 1274/1274 1248/1248
f 1273/1273 1274/1274 1259/1259
f 1247/1247 1259/1259 1257/1257
f 1259/1259 1248/1248 1258/1258
f 1257/1257 1258/1258 1246/1246
f 1259/1259 1258/1258 1257/1257
f 1247/1247 1257/1257 1264/1264
f 1257/1257 1246/1246 1263/1263
f 1264/1264 1263/1263 1250/1250
f 1257/1257 1263/1263 1264/1264
f 1247/1247 1264/1264 1269/1269
f 1264/1264 1250/1250 1270/1270
f 1269/1269 1270/1270 1252/1252
f 1264/1264 1270/1270 1269/1269
f 1247/1247 1269/1269 1273/1273
f 1269/1269 1252/1252 1276/1276
f 1273/1273 1276/1276 1253/1253
f 1269/1269 1276/1276 1273/1273
f 1248/1248 1274/1274 1262/1262
f 1274/1274 1253/1253 1275/1275
f 1262/1262 1275/1275 1249/1249
f 1274/1274 1275/1275 1262/1262
f 1246/1246 1258/1258 1282/1282
f 1258/1258 1248/1248 1283/1283
f 1282/1282 1283/1283 1255/1255
f 1258/1258 1283/1283 1282/1282
f 1250/1250 1263/1263 1279/1279
f 1263/1263 1246/1246 1278/1278
f 1279/1279 1278/1278 1254/1254
f 1263/1263 1278/1278 1279/1279
f 1252/1252 1270/1270 1271/1271
f 1270/1270 1250/1250 1267/1267
f 1271/1271 1267/1267 1251/1251
f 1270/1270 1267/1267 1271/1271
f 1253/1253 1276/1276 1272/1272
f 1276/1276 1252/1252 1268/1268
f 1272/1272 1268/1268 1245/1245
f 1276/1276 1268/1268 1272/1272
f 1286/1286 1323/1323 1302/1302
f 1323/1323 1297/1297 1326/1326
f 1302/1302 1326/1326 1291/1291
f 1323/1323 1326/1326 1302/1302
f 1286/1286 1302/1302 1298/1298
f 1302/1302 1291/1291 1303/1303
f 1298/1298 1303/1303 1287/1287
f 1302/1302 1303/1303 1298/1298
f 1286/1286 1298/1298 1307/1307
f 1298/1298 1287/1287 1308/1308
f 1307/1307 1308/1308 1293/1293
f 1298/1298 1308/1308 1307/1307
f 1286/1286 1307/1307 1319/1319
f 1307/1307 1293/1293 1322/1322
f 1319/1319 1322/1322 1296/1296
f 1307/1307 1322/1322 1319/1319
f 1286/1286 1319/1319 1323/1323
f 1319/1319 1296/1296 1327/1327
f 1323/1323 1327/1327 1297/1297
f 1319/1319 1327/1327 1323/1323
f 1287/1287 1303/1303 1314/1314
f 1303/1303 1291/1291 1317/1317
f 1314/1314 1317/1317 1295/1295
f 1303/1303 1317/1317 1314/1314
f 1291/1291 1326/1326 1304/1304
f 1326/1326 1297/1297 1325/1325
f 1304/1304 1325/1325 1290/1290
f 1326/1326 1325/1325 1304/1304
f 1297/1297 1327/1327 1324/1324
f 1327/1327 1296/1296 1320/1320
f 1324/1324 1320/1320 1288/1288
f 1327/1327 1320/1320 1324/1324
f 1296/1296 1322/1322 1321/1321
f 1322/1322 1293/1293 1309/1309
f 1321/1321 1309/1309 1292/1292
f 1322/1322 1309/1309 1321/1321
f 1293/1293 1308/1308 1313/1313
f 1308/1308 1287/1287 1310/1310
f 1313/1313 1310/1310 1294/1294
f 1308/1308 1310/1310 1313/1313
f 1289/1289 1315/1315 1301/1301
f 1315/1315 1295/1295 1316/1316
f 1301/1301 1316/1316 1290/1290
f 1315/1315 1316/1316 1301/1301
f 1289/1289 1301/1301 1299/1299
f 1301/1301 1290/1290 1300/1300
f 1299/1299 1300/1300 1288/1288
f 1301/1301 1300/1300 1299/1299
f 1289/1289 1299/1299 1306/1306
f 1299/1299 1288/1288 1305/1305
f 1306/1306 1305/1305 1292/1292
f 1299/1299 1305/1305 1306/1306
f 1289/1289 1306/1306 1311/1311
f 1306/1306 1292/1292 1312/1312
f 1311/1311 1312/1312 1294/1294
f 1306/1306 1312/1312 1311/1311
f 1289/1289 1311/1311 1315/1315
f 1311/1311 1294/1294 1318/1318
f 1315/1315 1318/1318 1295/1295
f 1311/1311 1318/1318 1315/1315
f 1290/1290 1316/1316 1304/1304
f 1316/1316 1295/1295 1317/1317
f 1304/1304 1317/1317 1291/1291
f 1316/1316 1317/1317 1304/1304
f 1288/1288 1300/1300 1324/1324
f 1300/1300 1290/1290 1325/1325
f 1324/1324 1325/1325 1297/1297
f 1300/1300 1325/1325 1324/1324
f 1292/1292 1305/1305 1321/1321
f 1305/1305 1288/1288 1320/1320
f 1321/1321 1320/1320 1296/1296
f 1305/1305 1320/1320 1321/1321
f 1294/1294 1312/1312 1313/1313
f 1312/1312 1292/1292 1309/1309
f 1313/1313 1309/1309 1293/1293
f 1312/1312 1309/1309 1313/1313
f 1295/1295 1318/1318 1314/1314
f 1318/1318 1294/1294 1310/1310
f 1314/1314 1310/1310 1287/1287
f 1318/1318 1310/1310 1314/1314
f 1328/1328 1365/1365 1344/1344
f 1365/1365 1339/1339 1368/1368
f 1344/1344 1368/1368 1333/1333
f 1365/1365 1368/1368 1344/1344
f 1328/1328 1344/1344 1340/1340
f 1344/1344 1333/1333 1345/1345
f 1340/1340 1345/1345 1329/1329
f 1344/1344 1345/1345 1340/1340
f 1328/1328 1340/1340 1349/1349
f 1340/1340 1329/1329 1350/1350
f 1349/1349 1350/1350 1335/1335
f 1340/1340 1350/1350 1349/1349
f 1328/1328 1349/1349 1361/1361
f 1349/1349 1335/1335 1364/1364
f 1361/1361 1364/1364 1338/1338
f 1349/1349 1364/1364 1361/1361
f 1328/1328 1361/1361 1365/1365
f 1361/1361 1338/1338 1369/1369
f 1365/1365 1369/1369 1339/1339
f 1361/1361 1369/1369 1365/1365
f 1329/1329 1345/1345 1356/1356
f 1345/1345 1333/1333 1359/1359
f 1356/1356 1359/1359 1337/1337
f 1345/1345 1359/1359 1356/1356
f 1333/1333 1368/1368 1346/1346
f 1368/1368 1339/1339 1367/1367
f 1346/1346 1367/1367 1332/1332
f 1368/1368 1367/1367 1346/1346
f 1339/1339 1369/1369 1366/1366
f 1369/1369 1338/1338 1362/1362
f 1366/1366 1362/1362 1330/1330
f 1369/1369 1362/1362 1366/1366
f 1338/1338 1364/1364 1363/1363
f 1364/1364 1335/1335 1351/1351
f 1363/1363 1351/1351 1334/1334
f 1364/1364 1351/1351 1363/1363
f 1335/1335 1350/1350 1355/1355
f 1350/1350 1329/1329 1352/1352
f 1355/1355 1352/1352 1336/1336
f 1350/1350 1352/1352 1355/1355
f 1331/1331 1357/1357 1343/1343
f 1357/1357 1337/1337 1358/1358
f 1343/1343 1358/1358 1332/1332
f 1357/1357 1358/1358 1343/1343
f 1331/1331 1343/1343 1341/1341
f 1343/1343 1332/1332 1342/1342
f 1341/1341 1342/1342 1330/1330
f 1343/1343 1342/1342 1341/1341
f 1331/1331 1341/1341 1348/1348
f 1341/1341 1330/1330 1347/1347
f 1348/1348 1347/1347 1334/1334
f 1341/1341 1347/1347 1348/1348
f 1331/1331 1348/1348 1353/1353
f 1348/1348 1334/1334 1354/1354
f 1353/1353 1354/1354 1336/1336
f 1348/1348 1354/1354 1353/1353
f 1331/1331 1353/1353 1357/1357
f 1353/1353 1336/1336 1360/1360
f 1357/1357 1360/1360 1337/1337
f 1353/1353 1360/1360 1357/1357
f 1332/1332 1358/1358 1346/1346
f 1358/1358 1337/1337 1359/1359
f 1346/1346 1359/1359 1333/1333
f 1358/1358 1359/1359 1346/1346
f 1330/1330 1342/1342 1366/1366
f 1342/1342 1332/1332 1367/1367
f 1366/1366 1367/1367 1339/1339
f 1342/1342 1367/1367 1366/1366
f 1334/1334 1347/1347 1363/1363
f 1347/1347 1330/1330 1362/1362
f 1363/1363 1362/1362 1338/1338
f 1347/1347 1362/1362 1363/1363
f 1336/1336 1354/1354 1355/1355
f 1354/1354 1334/1334 1351/1351
f 1355/1355 1351/1351 1335/1335
f 1354/1354 1351/1351 1355/1355
f 1337/1337 1360/1360 1356/1356
f 1360/1360 1336/1336 1352/1352
f 1356/1356 1352/1352 1329/1329
f 1360/1360 1352/1352 1356/1356
f 1370/1370 1407/1407 1386/1386
f 1407/1407 1381/1381 1410/1410
f 1386/1386 1410/1410 1375/1375
f 1407/1407 1410/1410 1386/1386
f 1370/1370 1386/1386 1382/1382
f 1386/1386 1375/1375 1387/1387
f 1382/1382 1387/1387 1371/1371
f 1386/1386 1387/1387 1382/1382
f 1370/1370 1382/1382 1391/1391
f 1382/1382 1371/1371 1392/1392
f 1391/1391 1392/1392 1377/1377
f 1382/1382 1392/1392 1391/1391
f 1370/1370 1391/1391 1403/1403
f 1391/1391 1377/1377 1406/1406
f 1403/1403 1406/1406 1380/1380
f 1391/1391 1406/1406 1403/1403
f 1370/1370 1403/1403 1407/1407
f 1403/1403 1380/1380 1411/1411
f 1407/1407 1411/1411 1381/1381
f 1403/1403 1411/1411 1407/1407
f 1371/1371 1387/1387 1398/1398
f 1387/1387 1375/1375 1401/1401
f 1398/1398 1401/1401 1379/1379
f 1387/1387 1401/1401 1398/1398
f 1375/1375 1410/1410 1388/1388
f 1410/1410 1381/1381 1409/1409
f 1388/1388 1409/1409 1374/1374
f 1410/1410 1409/1409 1388/1388
f 1381/1381 1411/1411 1408/1408
f 1411/1411 1380/1380 1404/1404
f 1408/1408 1404/1404 1372/1372
f 1411/1411 1404/1404 1408/1408
f 1380/1380 1406/1406 1405/1405
f 1406/1406 1377/1377 1393/1393
f 1405/1405 1393/1393 1376/1376
f 1406/1406 1393/1393 1405/1405
f 1377/1377 1392/1392 1397/1397
f 1392/1392 1371/1371 1394/1394
f 1397/1397 1394/1394 1378/1378
f 1392/1392 1394/1394 1397/1397
f 1373/1373 1399/1399 1385/1385
f 1399/1399 1379/1379 1400/1400
f 1385/1385 1400/1400 1374/1374
f 1399/1399 1400/1400 1385/1385
f 1373/1373 1385/1385 1383/1383
f 1385/1385 1374/1374 1384/1384
f 1383/1383 1384/1384 1372/1372
f 1385/1385 1384/1384 1383/1383
f 1373/1373 1383/1383 1390/1390
f 1383/1383 1372/1372 1389/1389
f 1390/1390 1389/1389 1376/1376
f 1383/1383 1389/1389 1390/1390
f 1373/1373 1390/1390 1395/1395
f 1390/1390 1376/1376 1396/1396
f 1395/1395 1396/1396 1378/1378
f 1390/1390 1396/1396 1395/1395
f 1373/1373 1395/1395 1399/1399
f 1395/1395 1378/1378 1402/1402
f 1399/1399 1402/1402 1379/1379
f 1395/1395 1402/1402 1399/1399
f 1374/1374 1400/1400 1388/1388
f 1400/1400 1379/1379 1401/1401
f 1388/1388 1401/1401 1375/1375
f 1400/1400 1401/1401 1388/1388
f 1372/1372 1384/1384 1408/1408
f 1384/1384 1374/1374 1409/1409
f 1408/1408 1409/1409 1381/1381
f 1384/1384 1409/1409 1408/1408
f 1376/1376 1389/1389 1405/1405
f 1389/1389 1372/1372 1404/1404
f 1405/1405 1404/1404 1380/1380
f 1389/1389 1404/1404 1405/1405
f 1378/1378 1396/1396 1397/1397
f 1396/1396 1376/1376 1393/1393
f 1397/1397 1393/1393 1377/1377
f 1396/1396 1393/1393 1397/1397
f 1379/1379 1402/1402 1398/1398
f 1402/1402 1378/1378 1394/1394
f 1398/1398 1394/1394 1371/1371
f 1402/1402 1394/1394 1398/1398
f 1412/1412 1449/1449 1428/1428
f 1449/1449 1423/1423 1452/1452
f 1428/1428 1452/1452 1417/1417
f 1449/1449 1452/1452 1428/1428
f 1412/1412 1428/1428 1424/1424
f 1428/1428 1417/1417 1429/1429
f 1424/1424 1429/1429 1413/1413
f 1428/1428 1429/1429 1424/1424
f 1412/1412 1424/1424 1433/1433
f 1424/1424 1413/1413 1434/1434
f 1433/1433 1434/1434 1419/1419
f 1424/1424 1434/1434 1433/1433
f 1412/1412 1433/1433 1445/1445
f 1433/1433 1419/1419 1448/1448
f 1445/1445 1448/1448 1422/1422
f 1433/1433 1448/1448 1445/1445
f 1412/1412 1445/1445 1449/1449
f 1445/1445 1422/1422 1453/1453
f 1449/1449 1453/1453 1423/1423
f 1445/1445 1453/1453 1449/1449
f 1413/1413 1429/1429 1440/1440
f 1429/1429 1417/1417 1443/1443
f 1440/1440 1443/1443 1421/1421
f 1429/1429 1443/1443 1440/1440
f 1417/1417 1452/1452 1430/1430
f 1452/1452 1423/1423 1451/1451
f 1430/1430 1451/1451 1416/1416
f 1452/1452 1451/1451 1430/1430
f 1423/1423 1453/1453 1450/1450
f 1453/1453 1422/1422 1446/1446
f 1450/1450 1446/1446 1414/1414
f 1453/1453 1446/1446 1450/1450
f 1422/1422 1448/1448 1447/1447
f 1448/1448 1419/1419 1435/1435
f 1447/1447 1435/1435 1418/1418
f 1448/1448 1435/1435 1447/1447
f 1419/1419 1434/1434 1439/1439
f 1434/1434 1413/1413 1436/1436
f 1439/1439 1436/1436 1420/1420
f 1434/1434 1436/1436 1439/1439
f 1415/1415 1441/1441 1427/1427
f 1441/1441 1421/1421 1442/1442
f 1427/1427 1442/1442 1416/1416
f 1441/1441 1442/1442 1427/1427
f 1415/1415 1427/1427 1425/1425
f 1427/1427 1416/1416 1426/1426
f 1425/1425 1426/1426 1414/1414
f 1427/1427 1426/1426 1425/1425
f 1415/1415 1425/1425 1432/1432
f 1425/1425 1414/1414 1431/1431
f 1432/1432 1431/1431 1418/1418
f 1425/1425 1431/1431 1432/1432
f 1415/1415 1432/1432 1437/1437
f 1432/1432 1418/1418 1438/1438
f 1437/1437 1438/1438 1420/1420
f 1432/1432 1438/1438 1437/1437
f 1415/1415 1437/1437 1441/1441
f 1437/1437 1420/1420 1444/1444
f 1441/1441 1444/1444 1421/1421
f 1437/1437 1444/1444 1441/1441
f 1416/1416 1442/1442 1430/1430
f 1442/1442 1421/1421 1443/1443
f 1430/1430 1443/1443 1417/1417
f 1442/1442 1443/1443 1430/1430
f 1414/1414 1426/1426 1450/1450
f 1426/1426 1416/1416 1451/1451
f 1450/1450 1451/1451 1423/1423
f 1426/1426 1451/1451 1450/1450
f 1418/1418 1431/1431 1447/1447
f 1431/1431 1414/1414 1446/1446
f 1447/1447 1446/1446 1422/1422
f 1431/1431 1446/1446 1447/1447
f 1420/1420 1438/1438 1439/1439
f 1438/1438 1418/1418 1435/1435
f 1439/1439 1435/1435 1419/1419
f 1438/1438 1435/1435 1439/1439
f 1421/1421 1444/1444 1440/1440
f 1444/1444 1420/1420 1436/1436
f 1440/1440 1436/1436 1413/1413
f 1444/1444 1436/1436 1440/1440
f 1454/1454 1491/1491 1470/1470
f 1491/1491 1465/1465 1494/1494
f 1470/1470 1494/1494 1459/1459
f 1491/1491 1494/1494 1470/1470
f 1454/1454 1470/1470 1466/1466
f 1470/1470 1459/1459 1471/1471
f 1466/1466 1471/1471 1455/1455
f 1470/1470 1471/1471 1466/1466
f 1454/1454 1466/1466 1475/1475
f 1466/1466 1455/1455 1476/1476
f 1475/1475 1476/1476 1461/1461
f 1466/1466 1476/1476 1475/1475
f 1454/1454 1475/1475 1487/1487
f 1475/1475 1461/1461 1490/1490
f 1487/1487 1490/1490 1464/1464
f 1475/1475 1490/1490 1487/1487
f 1454/1454 1487/1487 1491/1491
f 1487/1487 1464/1464 1495/1495
f 1491/1491 1495/1495 1465/1465
f 1487/1487 1495/1495 1491/1491
f 1455/1455 1471/1471 1482/1482
f 1471/1471 1459/1459 1485/1485
f 1482/1482 1485/1485 1463/1463
f 1471/1471 1485/1485 1482/1482
f 1459/1459 1494/1494 1472/1472
f 1494/1494 1465/1465 1493/1493
f 1472/1472 1493/1493 1458/1458
f 1494/1494 1493/1493 1472/1472
f 1465/1465 1495/1495 1492/1492
f 1495/1495 1464/1464 1488/1488
f 1492/1492 1488/1488 1456/1456
f 1495/1495 1488/1488 1492/1492
f 1464/1464 1490/1490 1489/1489
f 1490/1490 1461/1461 1477/1477
f 1489/1489 1477/1477 1460/1460
f 1490/1490 1477/1477 1489/1489
f 1461/1461 1476/1476 1481/1481
f 1476/1476 1455/1455 1478/1478
f 1481/1481 1478/1478 1462/1462
f 1476/1476 1478/1478 1481/1481
f 1457/1457 1483/1483 1469/1469
f 1483/1483 1463/1463 1484/1484
f 1469/1469 1484/1484 1458/1458
f 1483/1483 1484/1484 1469/1469
f 1457/1457 1469/1469 1467/1467
f 1469/1469 1458/1458 1468/1468
f 1467/1467 1468/1468 1456/1456
f 1469/1469 1468/1468 1467/1467
f 1457/1457 1467/1467 1474/1474
f 1467/1467 1456/1456 1473/1473
f 1474/1474 1473/1473 1460/1460
f 1467/1467 1473/1473 1474/1474
f 1457/1457 1474/1474 1479/1479
f 1474/1474 1460/1460 1480/1480
f 1479/1479 1480/1480 1462/1462
f 1474/1474 1480/1480 1479/1479
f 1457/1457 1479/1479 1483/1483
f 1479/1479 1462/1462 1486/1486
f 1483/1483 1486/1486 1463/1463
f 1479/1479 1486/1486 1483/1483
f 1458/1458 1484/1484 1472/1472
f 1484/1484 1463/1463 1485/1485
f 1472/1472 1485/1485 1459/1459
f 1484/1484 1485/1485 1472/1472
f 1456/1456 1468/1468 1492/1492
f 1468/1468 1458/1458 1493/1493
f 1492/1492 1493/1493 1465/1465
f 1468/1468 1493/1493 1492/1492
f 1460/1460 1473/1473 1489/1489
f 1473/1473 1456/1456 1488/1488
f 1489/1489 1488/1488 1464/1464
f 1473/1473 1488/1488 1489/1489
f 1462/1462 1480/1480 1481/1481
f 1480/1480 1460/1460 1477/1477
f 1481/1481 1477/1477 1461/1461
f 1480/1480 1477/1477 1481/1481
f 1463/1463 1486/1486 1482/1482
f 1486/1486 1462/1462 1478/1478
f 1482/1482 1478/1478 1455/1455
f 1486/1486 1478/1478 1482/1482
f 1496/1496 1533/1533 1512/1512
f 1533/1533 1507/1507 1536/1536
f 1512/1512 1536/1536 1501/1501
f 1533/1533 1536/1536 1512/1512
f 1496/1496 1512/1512 1508/1508
f 1512/1512 1501/1501 1513/1513
f 1508/1508 1513/1513 1497/1497
f 1512/1512 1513/1513 1508/1508
f 1496/1496 1508/1508 1517/1517
f 1508/1508 1497/1497 1518/1518
f 1517/1517 1518/1518 1503/1503
f 1508/1508 1518/1518 1517/1517
f 1496/1496 1517/1517 1529/1529
f 1517/1517 1503/1503 1532/1532
f 1529/1529 1532/1532 1506/1506
f 1517/1517 1532/1532 1529/1529
f 1496/1496 1529/1529 1533/1533
f 1529/1529 1506/1506 1537/1537
f 1533/1533 1537/1537 1507/1507
f 1529/1529 1537/1537 1533/1533
f 1497/1497 1513/1513 1524/1524
f 1513/1513 1501/1501 1527/1527
f 1524/1524 1527/1527 1505/1505
f 1513/1513 1527/1527 1524/1524
f 1501/1501 1536/1536 1514/1514
f 1536/1536 1507/1507 1535/1535
f 1514/1514 1535/1535 1500/1500
f 1536/1536 1535/1535 1514/1514
f 1507/1507 1537/1537 1534/1534
f 1537/1537 1506/1506 1530/1530
f 1534/1534 1530/1530 1498/1498
f 1537/1537 1530/1530 1534/1534
f 1506/1506 1532/1532 1531/1531
f 1532/1532 1503/1503 1519/1519
f 1531/1531 1519/1519 1502/1502
f 1532/1532 1519/1519 1531/1531
f 1503/1503 1518/1518 1523/1523
f 1518/1518 1497/1497 1520/1520
f 1523/1523 1520/1520 1504/1504
f 1518/1518 1520/1520 1523/1523
f 1499/1499 1525/1525 1511/1511
f 1525/1525 1505/1505 1526/1526
f 1511/1511 1526/1526 1500/1500
f 1525/1525 1526/1526 1511/1511
f 1499/1499 1511/1511 1509/1509
f 1511/1511 1500/1500 1510/1510
f 1509/1509 1510/1510 1498/1498
f 1511/1511 1510/1510 1509/1509
f 1499/1499 1509/1509 1516/1516
f 1509/1509 1498/1498 1515/1515
f 1516/1516 1515/1515 1502/1502
f 1509/1509 1515/1515 1516/1516
f 1499/1499 1516/1516 1521/1521
f 1516/1516 1502/1502 1522/1522
f 1521/1521 1522/1522 1504/1504
f 1516/1516 1522/1522 1521/1521
f 1499/1499 1521/1521 1525/1525
f 1521/1521 1504/1504 1528/1528
f 1525/1525 1528/1528 1505/1505
f 1521/1521 1528/1528 1525/1525
f 1500/1500 1526/1526 1514/1514
f 1526/1526 1505/1505 1527/1527
f 1514/1514 1527/1527 1501/1501
f 1526/1526 1527/1527 1514/1514
f 1498/1498 1510/1510 1534/1534
f 1510/1510 1500/1500 1535/1535
f 1534/1534 1535/1535 1507/1507
f 1510/1510 1535/1535 1534/1534
f 1502/1502 1515/1515 1531/1531
f 1515/1515 1498/1498 1530/1530
f 1531/1531 1530/1530 1506/1506
f 1515/1515 1530/1530 1531/1531
f 1504/1504 1522/1522 1523/1523
f 1522/1522 1502/1502 1519/1519
f 1523/1523 1519/1519 1503/1503
f 1522/1522 1519/1519 1523/1523
f 1505/1505 1528/1528 1524/1524
f 1528/1528 1504/1504 1520/1520
f 1524/1524 1520/1520 1497/1497
f 1528/1528 1520/1520 1524/1524
f 1538/1538 1575/1575 1554/1554
f 1575/1575 1549/1549 1578/1578
f 1554/1554 1578/1578 1543/1543
f 1575/1575 1578/1578 1554/1554
f 1538/1538 1554/1554 1550/1550
f 1554/1554 1543/1543 1555/1555
f 1550/1550 1555/1555 1539/1539
f 1554/1554 1555/1555 1550/1550
f 1538/1538 1550/1550 1559/1559
f 1550/1550 1539/1539 1560/1560
f 1559/1559 1560/1560 1545/1545
f 1550/1550 1560/1560 1559/1559
f 1538/1538 1559/1559 1571/1571
f 1559/1559 1545/1545 1574/1574
f 1571/1571 1574/1574 1548/1548
f 1559/1559 1574/1574 1571/1571
f 1538/1538 1571/1571 1575/1575
f 1571/1571 1548/1548 1579/1579
f 1575/1575 1579/1579 1549/1549
f 1571/1571 1579/1579 1575/1575
f 1539/1539 1555/1555 1566/1566
f 1555/1555 1543/1543 1569/1569
f 1566/1566 1569/1569 1547/1547
f 1555/1555 1569/1569 1566/1566
f 1543/1543 1578/1578 1556/1556
f 1578/1578 1549/1549 1577/1577
f 1556/1556 1577/1577 1542/1542
f 1578/1578 1577/1577 1556/1556
f 1549/1549 1579/1579 1576/1576
f 1579/1579 1548/1548 1572/1572
f 1576/1576 1572/1572 1540/1540
f 1579/1579 1572/1572 1576/1576
f 1548/1548 1574/1574 1573/1573
f 1574/1574 1545/1545 1561/1561
f 1573/1573 1561/1561 1544/1544
f 1574/1574 1561/1561 1573/1573
f 1545/1545 1560/1560 1565/1565
f 1560/1560 1539/1539 1562/1562
f 1565/1565 1562/1562 1546/1546
f 1560/1560 1562/1562 1565/1565
f 1541/1541 1567/1567 1553/1553
f 1567/1567 1547/1547 1568/1568
f 1553/1553 1568/1568 1542/1542
f 1567/1567 1568/1568 1553/1553
f 1541/1541 1553/1553 1551/1551
f 1553/1553 1542/1542 1552/1552
f 1551/1551 1552/1552 1540/1540
f 1553/1553 1552/1552 1551/1551
f 1541/1541 1551/1551 1558/1558
f 1551/1551 1540/1540 1557/1557
f 1558/1558 1557/1557 1544/1544
f 1551/1551 1557/1557 1558/1558
f 1541/1541 1558/1558 1563/1563
f 1558/1558 1544/1544 1564/1564
f 1563/1563 1564/1564 1546/1546
f 1558/1558 1564/1564 1563/1563
f 1541/1541 1563/1563 1567/1567
f 1563/1563 1546/1546 1570/1570
f 1567/1567 1570/1570 1547/1547
f 1563/1563 1570/1570 1567/1567
f 1542/1542 1568/1568 1556/1556
f 1568/1568 1547/1547 1569/1569
f 1556/1556 1569/1569 1543/1543
f 1568/1568 1569/1569 1556/1556
f 1540/1540 1552/1552 1576/1576
f 1552/1552 1542/1542 1577/1577
f 1576/1576 1577/1577 1549/1549
f 1552/1552 1577/1577 1576/1576
f 1544/1544 1557/1557 1573/1573
f 1557/1557 1540/1540 1572/1572
f 1573/1573 1572/1572 1548/1548
f 1557/1557 1572/1572 1573/1573
f 1546/1546 1564/1564 1565/1565
f 1564/1564 1544/1544 1561/1561
f 1565/1565 1561/1561 1545/1545
f 1564/1564 1561/1561 1565/1565
f 1547/1547 1570/1570 1566/1566
f 1570/1570 1546/1546 1562/1562
f 1566/1566 1562/1562 1539/1539
f 1570/1570 1562/1562 1566/1566
f 1580/1580 1617/1617 1596/1596
f 1617/1617 1591/1591 1620/1620
f 1596/1596 1620/1620 1585/1585
f 1617/1617 1620/1620 1596/1596
f 1580/1580 1596/1596 1592/1592
f 1596/1596 1585/1585 1597/1597
f 1592/1592 1597/1597 1581/1581
f 1596/1596 1597/1597 1592/1592
f 1580/1580 1592/1592 1601/1601
f 1592/1592 1581/1581 1602/1602
f 1601/1601 1602/1602 1587/1587
f 1592/1592 1602/1602 1601/1601
f 1580/1580 1601/1601 1613/1613
f 1601/1601 1587/1587 1616/1616
f 1613/1613 1616/1616 1590/1590
f 1601/1601 1616/1616 1613/1613
f 1580/1580 1613/1613 1617/1617
f 1613/1613 1590/1590 1621/1621
f 1617/1617 1621/1621 1591/1591
f 1613/1613 1621/1621 1617/1617
f 1581/1581 1597/1597 1608/1608
f 1597/1597 1585/1585 1611/1611
f 1608/1608 1611/1611 1589/1589
f 1597/1597 1611/1611 1608/1608
f 1585/1585 1620/1620 1598/1598
f 1620/1620 1591/1591 1619/1619
f 1598/1598 1619/1619 1584/1584
f 1620/1620 1619/1619 1598/1598
f 1591/1591 1621/1621 1618/1618
f 1621/1621 1590/1590 1614/1614
f 1618/1618 1614/1614 1582/1582
f 1621/1621 1614/1614 1618/1618
f 1590/1590 1616/1616 1615/1615
f 1616/1616 1587/1587 1603/1603
f 1615/1615 1603/1603 1586/1586
f 1616/1616 1603/1603 1615/1615
f 1587/1587 1602/1602 1607/1607
f 1602/1602 1581/1581 1604/1604
f 1607/1607 1604/1604 1588/1588
f 1602/1602 1604/1604 1607/1607
f 1583/1583 1609/1609 1595/1595
f 1609/1609 1589/1589 1610/1610
f 1595/1595 1610/1610 1584/1584
f 1609/1609 1610/1610 1595/1595
f 1583/1583 1595/1595 1593/1593
f 1595/1595 1584/1584 1594/1594
f 1593/1593 1594/1594 1582/1582
f 1595/1595 1594/1594 1593/1593
f 1583/1583 1593/1593 1600/1600
f 1593/1593 1582/1582 1599/1599
f 1600/1600 1599/1599 1586/1586
f 1593/1593 1599/1599 1600/1600
f 1583/1583 1600/1600 1605/1605
f 1600/1600 1586/1586 1606/1606
f 1605/1605 1606/1606 1588/1588
f 1600/1600 1606/1606 1605/1605
f 1583/1583 1605/1605 1609/1609
f 1605/1605 1588/1588 1612/1612
f 1609/1609 1612/1612 1589/1589
f 1605/1605 1612/1612 1609/1609
f 1584/1584 1610/1610 1598/1598
f 1610/1610 1589/1589 1611/1611
f 1598/1598 1611/1611 1585/1585
f 1610/1610 1611/1611 1598/1598
f 1582/1582 1594/1594 1618/1618
f 1594/1594 1584/1584 1619/1619
f 1618/1618 1619/1619 1591/1591
f 1594/1594 1619/1619 1618/1618
f 1586/1586 1599/1599 1615/1615
f 1599/1599 1582/1582 1614/1614
f 1615/1615 1614/1614 1590/1590
f 1599/1599 1614/1614 1615/1615
f 1588/1588 1606/1606 1607/1607
f 1606/1606 1586/1586 1603/1603
f 1607/1607 1603/1603 1587/1587
f 1606/1606 1603/1603 1607/1607
f 1589/1589 1612/1612 1608/1608
f 1612/1612 1588/1588 1604/1604
f 1608/1608 1604/1604 1581/1581
f 1612/1612 1604/1604 1608/1608
f 1622/1622 1659/1659 1638/1638
f 1659/1659 1633/1633 1662/1662
f 1638/1638 1662/1662 1627/1627
f 1659/1659 1662/1662 1638/1638
f 1622/1622 1638/1638 1634/1634
f 1638/1638 1627/1627 1639/1639
f 1634/1634 1639/1639 1623/1623
f 1638/1638 1639/1639 1634/1634
f 1622/1622 1634/1634 1643/1643
f 1634/1634 1623/1623 1644/1644
f 1643/1643 1644/1644 1629/1629
f 1634/1634 1644/1644 1643/1643
f 1622/1622 1643/1643 1655/1655
f 1643/1643 1629/1629 1658/1658
f 1655/1655 1658/1658 1632/1632
f 1643/1643 1658/1658 1655/1655
f 1622/1622 1655/1655 1659/1659
f 1655/1655 1632/1632 1663/1663
f 1659/1659 1663/1663 1633/1633
f 1655/1655 1663/1663 1659/1659
f 1623/1623 1639/1639 1650/1650
f 1639/1639 1627/1627 1653/1653
f 1650/1650 1653/1653 1631/1631
f 1639/1639 1653/1653 1650/1650
f 1627/1627 1662/1662 1640/1640
f 1662/1662 1633/1633 1661/1661
f 1640/1640 1661/1661 1626/1626
f 1662/1662 1661/1661 1640/1640
f 1633/1633 1663/1663 1660/1660
f 1663/1663 1632/1632 1656/1656
f 1660/1660 1656/1656 1624/1624
f 1663/1663 1656/1656 1660/1660
f 1632/1632 1658/1658 1657/1657
f 1658/1658 1629/1629 1645/1645
f 1657/1657 1645/1645 1628/1628
f 1658/1658 1645/1645 1657/1657
f 1629/1629 1644/1644 1649/1649
f 1644/1644 1623/1623 1646/1646
f 1649/1649 1646/1646 1630/1630
f 1644/1644 1646/1646 1649/1649
f 1625/1625 1651/1651 1637/1637
f 1651/1651 1631/1631 1652/1652
f 1637/1637 1652/1652 1626/1626
f 1651/1651 1652/1652 1637/1637
f 1625/1625 1637/1637 1635/1635
f 1637/1637 1626/1626 1636/1636
f 1635/1635 1636/1636 1624/1624
f 1637/1637 1636/1636 1635/1635
f 1625/1625 1635/1635 1642/1642
f 1635/1635 1624/1624 1641/1641
f 1642/1642 1641/1641 1628/1628
f 1635/1635 1641/1641 1642/1642
f 1625/1625 1642/1642 1647/1647
f 1642/1642 1628/1628 1648/1648
f 1647/1647 1648/1648 1630/1630
f 1642/1642 1648/1648 1647/1647
f 1625/1625 1647/1647 1651/1651
f 1647/1647 1630/1630 1654/1654
f 1651/1651 1654/1654 1631/1631
f 1647/1647 1654/1654 1651/1651
f 1626/1626 1652/1652 1640/1640
f 1652/1652 1631/1631 1653/1653
f 1640/1640 1653/1653 1627/1627
f 1652/1652 1653/1653 1640/1640
f 1624/1624 1636/1636 1660/1660
f 1636/1636 1626/1626 1661/1661
f 1660/1660 1661/1661 1633/1633
f 1636/1636 1661/1661 1660/1660
f 1628/1628 1641/1641 1657/1657
f 1641/1641 1624/1624 1656/1656
f 1657/1657 1656/1656 1632/1632
f 1641/1641 1656/1656 1657/1657
f 1630/1630 1648/1648 1649/1649
f 1648/1648 1628/1628 1645/1645
f 1649/1649 1645/1645 1629/1629
f 1648/1648 1645/1645 1649/1649
f 1631/1631 1654/1654 1650/1650
f 1654/1654 1630/1630 1646/1646
f 1650/1650 1646/1646 1623/1623
f 1654/1654 1646/1646 1650/1650
f 1664/1664 1701/1701 1680/1680
f 1701/1701 1675/1675 1704/1704
f 1680/1680 1704/1704 1669/1669
f 1701/1701 1704/1704 1680/1680
f 1664/1664 1680/1680 1676/1676
f 1680/1680 1669/1669 1681/1681
f 1676/1676 1681/1681 1665/1665
f 1680/1680 1681/1681 1676/1676
f 1664/1664 1676/1676 1685/1685
f 1676/1676 1665/1665 1686/1686
f 1685/1685 1686/1686 1671/1671
f 1676/1676 1686/1686 1685/1685
f 1664/1664 1685/1685 1697/1697
f 1685/1685 1671/1671 1700/1700
f 1697/1697 1700/1700 1674/1674
f 1685/1685 1700/1700 1697/1697
f 1664/1664 1697/1697 1701/1701
f 1697/1697 1674/1674 1705/1705
f 1701/1701 1705/1705 1675/1675
f 1697/1697 1705/1705 1701/1701
f 1665/1665 1681/1681 1692/1692
f 1681/1681 1669/1669 1695/1695
f 1692/1692 1695/1695 1673/1673
f 1681/1681 1695/1695 1692/1692
f 1669/1669 1704/1704 1682/1682
f 1704/1704 1675/1675 1703/1703
f 1682/1682 1703/1703 1668/1668
f 1704/1704 1703/1703 1682/1682
f 1675/1675 1705/1705 1702/1702
f 1705/1705 1674/1674 1698/1698
f 1702/1702 1698/1698 1666/1666
f 1705/1705 1698/1698 1702/1702
f 1674/1674 1700/1700 1699/1699
f 1700/1700 1671/1671 1687/1687
f 1699/1699 1687/1687 1670/1670
f 1700/1700 1687/1687 1699/1699
f 1671/1671 1686/1686 1691/1691
f 1686/1686 1665/1665 1688/1688
f 1691/1691 1688/1688 1672/1672
f 1686/1686 1688/1688 1691/1691
f 1667/1667 1693/1693 1679/1679
f 1693/1693 1673/1673 1694/1694
f 1679/1679 1694/1694 1668/1668
f 1693/1693 1694/1694 1679/1679
f 1667/1667 1679/1679 1677/1677
f 1679/1679 1668/1668 1678/1678
f 1677/1677 1678/1678 1666/1666
f 1679/1679 1678/1678 1677/1677
f 1667/1667 1677/1677 1684/1684
f 1677/1677 1666/1666 1683/1683
f 1684/1684 1683/1683 1670/1670
f 1677/1677 1683/1683 1684/1684
f 1667/1667 1684/1684 1689/1689
f 1684/1684 1670/1670 1690/1690
f 1689/1689 1690/1690 1672/1672
f 1684/1684 1690/1690 1689/1689
f 1667/1667 1689/1689 1693/1693
f 1689/1689 1672/1672 1696/1696
f 1693/1693 1696/1696 1673/1673
f 1689/1689 1696/1696 1693/1693
f 1668/1668 1694/1694 1682/1682
f 1694/1694 1673/1673 1695/1695
f 1682/1682 1695/1695 1669/1669
f 1694/1694 1695/1695 1682/1682
f 1666/1666 1678/1678 1702/1702
f 1678/1678 1668/1668 1703/1703
f 1702/1702 1703/1703 1675/1675
f 1678/1678 1703/1703 1702/1702
f 1670/1670 1683/1683 1699/1699
f 1683/1683 1666/1666 1698/1698
f 1699/1699 1698/1698 1674/1674
f 1683/1683 1698/1698 1699/1699
f 1672/1672 1690/1690 1691/1691
f 1690/1690 1670/1670 1687/1687
f 1691/1691 1687/1687 1671/1671
f 1690/1690 1687/1687 1691/1691
f 1673/1673 1696/1696 1692/1692
f 1696/1696 1672/1672 1688/1688
f 1692/1692 1688/1688 1665/1665
f 1696/1696 1688/1688 1692/1692
f 1706/1706 1743/1743 1722/1722
f 1743/1743 1717/1717 1746/1746
f 1722/1722 1746/1746 1711/1711
f 1743/1743 1746/1746 1722/1722
f 1706/1706 1722/1722 1718/1718
f 1722/1722 1711/1711 1723/1723
f 1718/1718 1723/1723 1707/1707
f 1722/1722 1723/1723 1718/1718
f 1706/1706 1718/1718 1727/1727
f 1718/1718 1707/1707 1728/1728
f 1727/1727 1728/1728 1713/1713
f 1718/1718 1728/1728 1727/1727
f 1706/1706 1727/1727 1739/1739
f 1727/1727 1713/1713 1742/1742
f 1739/1739 1742/1742 1716/1716
f 1727/1727 1742/1742 1739/1739
f 1706/1706 1739/1739 1743/1743
f 1739/1739 1716/1716 1747/1747
f 1743/1743 1747/1747 1717/1717
f 1739/1739 1747/1747 1743/1743
f 1707/1707 1723/1723 1734/1734
f 1723/1723 1711/1711 1737/1737
f 1734/1734 1737/1737 1715/1715
f 1723/1723 1737/1737 1734/1734
f 1711/1711 1746/1746 1724/1724
f 1746/1746 1717/1717 1745/1745
f 1724/1724 1745/1745 1710/1710
f 1746/1746 1745/1745 1724/1724
f 1717/1717 1747/1747 1744/1744
f 1747/1747 1716/1716 1740/1740
f 1744/1744 1740/1740 1708/1708
f 1747/1747 1740/1740 1744/1744
f 1716/1716 1742/1742 1741/1741
f 1742/1742 1713/1713 1729/1729
f 1741/1741 1729/1729 1712/1712
f 1742/1742 1729/1729 1741/1741
f 1713/1713 1728/1728 1733/1733
f 1728/1728 1707/1707 1730/1730
f 1733/1733 1730/1730 1714/1714
f 1728/1728 1730/1730 1733/1733
f 1709/1709 1735/1735 1721/1721
f 1735/1735 1715/1715 1736/1736
f 1721/1721 1736/1736 1710/1710
f 1735/1735 1736/1736 1721/1721
f 1709/1709 1721/1721 1719/1719
f 1721/1721 1710/1710 1720/1720
f 1719/1719 1720/1720 1708/1708
f 1721/1721 1720/1720 1719/1719
f 1709/1709 1719/1719 1726/1726
f 1719/1719 1708/1708 1725/1725
f 1726/1726 1725/1725 1712/1712
f 1719/1719 1725/1725 1726/1726
f 1709/1709 1726/1726 1731/1731
f 1726/1726 1712/1712 1732/1732
f 1731/1731 1732/1732 1714/1714
f 1726/1726 1732/1732 1731/1731
f 1709/1709 1731/1731 1735/1735
f 1731/1731 1714/1714 1738/1738
f 1735/1735 1738/1738 1715/1715
f 1731/1731 1738/1738 1735/1735
f 1710/1710 1736/1736 1724/1724
f 1736/1736 1715/1715 1737/1737
f 1724/1724 1737/1737 1711/1711
f 1736/1736 1737/1737 1724/1724
f 1708/1708 1720/1720 1744/1744
f 1720/1720 1710/1710 1745/1745
f 1744/1744 1745/1745 1717/1717
f 1720/1720 1745/1745 1744/1744
f 1712/1712 1725/1725 1741/1741
f 1725/1725 1708/1708 1740/1740
f 1741/1741 1740/1740 1716/1716
f 1725/1725 1740/1740 1741/1741
f 1714/1714 1732/1732 1733/1733
f 1732/1732 1712/1712 1729/1729
f 1733/1733 1729/1729 1713/1713
f 1732/1732 1729/1729 1733/1733
f 1715/1715 1738/1738 1734/1734
f 1738/1738 1714/1714 1730/1730
f 1734/1734 1730/1730 1707/1707
f 1738/1738 1730/1730 1734/1734
f 1748/1748 1785/1785 1764/1764
f 1785/1785 1759/1759 1788/1788
f 1764/1764 1788/1788 1753/1753
f 1785/1785 1788/1788 1764/1764
f 1748/1748 1764/1764 1760/1760
f 1764/1764 1753/1753 1765/1765
f 1760/1760 1765/1765 1749/1749
f 1764/1764 1765/1765 1760/1760
f 1748/1748 1760/1760 1769/1769
f 1760/1760 1749/1749 1770/1770
f 1769/1769 1770/1770 1755/1755
f 1760/1760 1770/1770 1769/1769
f 1748/1748 1769/1769 1781/1781
f 1769/1769 1755/1755 1784/1784
f 1781/1781 1784/1784 1758/1758
f 1769/1769 1784/1784 1781/1781
f 1748/1748 1781/1781 1785/1785
f 1781/1781 1758/1758 1789/1789
f 1785/1785 1789/1789 1759/1759
f 1781/1781 1789/1789 1785/1785
f 1749/1749 1765/1765 1776/1776
f 1765/1765 1753/1753 1779/1779
f 1776/1776 1779/1779 1757/1757
f 1765/1765 1779/1779 1776/1776
f 1753/1753 1788/1788 1766/1766
f 1788/1788 1759/1759 1787/1787
f 1766/1766 1787/1787 1752/1752
f 1788/1788 1787/1787 1766/1766
f 1759/1759 1789/1789 1786/1786
f 1789/1789 1758/1758 1782/1782
f 1786/1786 1782/1782 1750/1750
f 1789/1789 1782/1782 1786/1786
f 1758/1758 1784/1784 1783/1783
f 1784/1784 1755/1755 1771/1771
f 1783/1783 1771/1771 1754/1754
f 1784/1784 1771/1771 1783/1783
f 1755/1755 1770/1770 1775/1775
f 1770/1770 1749/1749 1772/1772
f 1775/1775 1772/1772 1756/1756
f 1770/1770 1772/1772 1775/1775
f 1751/1751 1777/1777 1763/1763
f 1777/1777 1757/1757 1778/1778
f 1763/1763 1778/1778 1752/1752
f 1777/1777 1778/1778 1763/1763
f 1751/1751 1763/1763 1761/1761
f 1763/1763 1752/1752 1762/1762
f 1761/1761 1762/1762 1750/1750
f 1763/1763 1762/1762 1761/1761
f 1751/1751 1761/1761 1768/1768
f 1761/1761 1750/1750 1767/1767
f 1768/1768 1767/1767 1754/1754
f 1761/1761 1767/1767 1768/1768
f 1751/1751 1768/1768 1773/1773
f 1768/1768 1754/1754 1774/1774
f 1773/1773 1774/1774 1756/1756
f 1768/1768 1774/1774 1773/1773
f 1751/1751 1773/1773 1777/1777
f 1773/1773 1756/1756 1780/1780
f 1777/1777 1780/1780 1757/1757
f 1773/1773 1780/1780 1777/1777
f 1752/1752 1778/1778 1766/1766
f 1778/1778 1757/1757 1779/1779
f 1766/1766 1779/1779 1753/1753
f 1778/1778 1779/1779 1766/1766
f 1750/1750 1762/1762 1786/1786
f 1762/1762 1752/1752 1787/1787
f 1786/1786 1787/1787 1759/1759
f 1762/1762 1787/1787 1786/1786
f 1754/1754 1767/1767 1783/1783
f 1767/1767 1750/1750 1782/1782
f 1783/1783 1782/1782 1758/1758
f 1767/1767 1782/1782 1783/1783
f 1756/1756 1774/1774 1775/1775
f 1774/1774 1754/1754 1771/1771
f 1775/1775 1771/1771 1755/1755
f 1774/1774 1771/1771 1775/1775
f 1757/1757 1780/1780 1776/1776
f 1780/1780 1756/1756 1772/1772
f 1776/1776 1772/1772 1749/1749
f 1780/1780 1772/1772 1776/1776
f 1790/1790 1827/1827 1806/1806
f 1827/1827 1801/1801 1830/1830
f 1806/1806 1830/1830 1795/1795
f 1827/1827 1830/1830 1806/1806
f 1790/1790 1806/1806 1802/1802
f 1806/1806 1795/1795 1807/1807
f 1802/1802 1807/1807 1791/1791
f 1806/1806 1807/1807 1802/1802
f 1790/1790 1802/1802 1811/1811
f 1802/1802 1791/1791 1812/1812
f 1811/1811 1812/1812 1797/1797
f 1802/1802 1812/1812 1811/1811
f 1790/1790 1811/1811 1823/1823
f 1811/1811 1797/1797 1826/1826
f 1823/1823 1826/1826 1800/1800
f 1811/1811 1826/1826 1823/1823
f 1790/1790 1823/1823 1827/1827
f 1823/1823 1800/1800 1831/1831
f 1827/1827 1831/1831 1801/1801
f 1823/1823 1831/1831 1827/1827
f 1791/1791 1807/1807 1818/1818
f 1807/1807 1795/1795 1821/1821
f 1818/1818 1821/1821 1799/1799
f 1807/1807 1821/1821 1818/1818
f 1795/1795 1830/1830 1808/1808
f 1830/1830 1801/1801 1829/1829
f 1808/1808 1829/1829 1794/1794
f 1830/1830 1829/1829 1808/1808
f 1801/1801 1831/1831 1828/1828
f 1831/1831 1800/1800 1824/1824
f 1828/1828 1824/1824 1792/1792
f 1831/1831 1824/1824 1828/1828
f 1800/1800 1826/1826 1825/1825
f 1826/1826 1797/1797 1813/1813
f 1825/1825 1813/1813 1796/1796
f 1826/1826 1813/1813 1825/1825
f 1797/1797 1812/1812 1817/1817
f 1812/1812 1791/1791 1814/1814
f 1817/1817 1814/1814 1798/1798
f 1812/1812 1814/1814 1817/1817
f 1793/1793 1819/1819 1805/1805
f 1819/1819 1799/1799 1820/1820
f 1805/1805 1820/1820 1794/1794
f 1819/1819 1820/1820 1805/1805
f 1793/1793 1805/1805 1803/1803
f 1805/1805 1794/1794 1804/1804
f 1803/1803 1804/1804 1792/1792
f 1805/1805 1804/1804 1803/1803
f 1793/1793 1803/1803 1810/1810
f 1803/1803 1792/1792 1809/1809
f 1810/1810 1809/1809 1796/1796
f 1803/1803 1809/1809 1810/1810
f 1793/1793 1810/1810 1815/1815
f 1810/1810 1796/1796 1816/1816
f 1815/1815 1816/1816 1798/1798
f 1810/1810 1816/1816 1815/1815
f 1793/1793 1815/1815 1819/1819
f 1815/1815 1798/1798 1822/1822
f 1819/1819 1822/1822 1799/1799
f 1815/1815 1822/1822 1819/1819
f 1794/1794 1820/1820 1808/1808
f 1820/1820 1799/1799 1821/1821
f 1808/1808 1821/1821 1795/1795
f 1820/1820 1821/1821 1808/1808
f 1792/1792 1804/1804 1828/1828
f 1804/1804 1794/1794 1829/1829
f 1828/1828 1829/1829 1801/1801
f 1804/1804 1829/1829 1828/1828
f 1796/1796 1809/1809 1825/1825
f 1809/1809 1792/1792 1824/1824
f 1825/1825 1824/1824 1800/1800
f 1809/1809 1824/1824 1825/1825
f 1798/1798 1816/1816 1817/1817
f 1816/1816 1796/1796 1813/1813
f 1817/1817 1813/1813 1797/1797
f 1816/1816 1813/1813 1817/1817
f 1799/1799 1822/1822 1818/1818
f 1822/1822 1798/1798 1814/1814
f 1818/1818 1814/1814 1791/1791
f 1822/1822 1814/1814 1818/1818
f 1832/1832 1869/1869 1848/1848
f 1869/1869 1843/1843 1872/1872
f 1848/1848 1872/1872 1837/1837
f 1869/1869 1872/1872 1848/1848
f 1832/1832 1848/1848 1844/1844
f 1848/1848 1837/1837 1849/1849
f 1844/1844 1849/1849 1833/1833
f 1848/1848 1849/1849 1844/1844
f 1832/1832 1844/1844 1853/1853
f 1844/1844 1833/1833 1854/1854
f 1853/1853 1854/1854 1839/1839
f 1844/1844 1854/1854 1853/1853
f 1832/1832 1853/1853 1865/1865
f 1853/1853 1839/1839 1868/1868
f 1865/1865 1868/1868 1842/1842
f 1853/1853 1868/1868 1865/1865
f 1832/1832 1865/1865 1869/1869
f 1865/1865 1842/1842 1873/1873
f 1869/1869 1873/1873 1843/1843
f 1865/1865 1873/1873 1869/1869
f 1833/1833 1849/1849 1860/1860
f 1849/1849 1837/1837 1863/1863
f 1860/1860 1863/1863 1841/1841
f 1849/1849 1863/1863 1860/1860
f 1837/1837 1872/1872 1850/1850
f 1872/1872 1843/1843 1871/1871
f 1850/1850 1871/1871 1836/1836
f 1872/1872 1871/1871 1850/1850
f 1843/1843 1873/1873 1870/1870
f 1873/1873 1842/1842 1866/1866
f 1870/1870 1866/1866 1834/1834
f 1873/1873 1866/1866 1870/1870
f 1842/1842 1868/1868 1867/1867
f 1868/1868 1839/1839 1855/1855
f 1867/1867 1855/1855 1838/1838
f 1868/1868 1855/1855 1867/1867
f 1839/1839 1854/1854 1859/1859
f 1854/1854 1833/1833 1856/1856
f 1859/1859 1856/1856 1840/1840
f 1854/1854 1856/1856 1859/1859
f 1835/1835 1861/1861 1847/1847
f 1861/1861 1841/1841 1862/1862
f 1847/1847 1862/1862 1836/1836
f 1861/1861 1862/1862 1847/1847
f 1835/1835 1847/1847 1845/1845
f 1847/1847 1836/1836 1846/1846
f 1845/1845 1846/1846 1834/1834
f 1847/1847 1846/1846 1845/1845
f 1835/1835 1845/1845 1852/1852
f 1845/1845 1834/1834 1851/1851
f 1852/1852 1851/1851 1838/1838
f 1845/1845 1851/1851 1852/1852
f 1835/1835 1852/1852 1857/1857
f 1852/1852 1838/1838 1858/1858
f 1857/1857 1858/1858 1840/1840
f 1852/1852 1858/1858 1857/1857
f 1835/1835 1857/1857 1861/1861
f 1857/1857 1840/1840 1864/1864
f 1861/1861 1864/1864 1841/1841
f 1857/1857 1864/1864 1861/1861
f 1836/1836 1862/1862 1850/1850
f 1862/1862 1841/1841 1863/1863
f 1850/1850 1863/1863 1837/1837
f 1862/1862 1863/1863 1850/1850
f 1834/1834 1846/1846 1870/1870
f 1846/1846 1836/1836 1871/1871
f 1870/1870 1871/1871 1843/1843
f 1846/1846 1871/1871 1870/1870
f 1838/1838 1851/1851 1867/1867
f 1851/1851 1834/1834 1866/1866
f 1867/1867 1866/1866 1842/1842
f 1851/1851 1866/1866 1867/1867
f 1840/1840 1858/1858 1859/1859
f 1858/1858 1838/1838 1855/1855
f 1859/1859 1855/1855 1839/1839
f 1858/1858 1855/1855 1859/1859
f 1841/1841 1864/1864 1860/1860
f 1864/1864 1840/1840 1856/1856
f 1860/1860 1856/1856 1833/1833
f 1864/1864 1856/1856 1860/1860
f 1874/1874 1911/1911 1890/1890
f 1911/1911 1885/1885 1914/1914
f 1890/1890 1914/1914 1879/1879
f 1911/1911 1914/1914 1890/1890
f 1874/1874 1890/1890 1886/1886
f 1890/1890 1879/1879 1891/1891
f 1886/1886 1891/1891 1875/1875
f 1890/1890 1891/1891 1886/1886
f 1874/1874 1886/1886 1895/1895
f 1886/1886 1875/1875 1896/1896
f 1895/1895 1896/1896 1881/1881
f 1886/1886 1896/1896 1895/1895
f 1874/1874 1895/1895 1907/1907
f 1895/1895 1881/1881 1910/1910
f 1907/1907 1910/1910 1884/1884
f 1895/1895 1910/1910 1907/1907
f 1874/1874 1907/1907 1911/1911
f 1907/1907 1884/1884 1915/1915
f 1911/1911 1915/1915 1885/1885
f 1907/1907 1915/1915 1911/1911
f 1875/1875 1891/1891 1902/1902
f 1891/1891 1879/1879 1905/1905
f 1902/1902 1905/1905 1883/1883
f 1891/1891 1905/1905 1902/1902
f 1879/1879 1914/1914 1892/1892
f 1914/1914 1885/1885 1913/1913
f 1892/1892 1913/1913 1878/1878
f 1914/1914 1913/1913 1892/1892
f 1885/1885 1915/1915 1912/1912
f 1915/1915 1884/1884 1908/1908
f 1912/1912 1908/1908 1876/1876
f 1915/1915 1908/1908 1912/1912
f 1884/1884 1910/1910 1909/1909
f 1910/1910 1881/1881 1897/1897
f 1909/1909 1897/1897 1880/1880
f 1910/1910 1897/1897 1909/1909
f 1881/1881 1896/1896 1901/1901
f 1896/1896 1875/1875 1898/1898
f 1901/1901 1898/1898 1882/1882
f 1896/1896 1898/1898 1901/1901
f 1877/1877 1903/1903 1889/1889
f 1903/1903 1883/1883 1904/1904
f 1889/1889 1904/1904 1878/1878
f 1903/1903 1904/1904 1889/1889
f 1877/1877 1889/1889 1887/1887
f 1889/1889 1878/1878 1888/1888
f 1887/1887 1888/1888 1876/1876
f 1889/1889 1888/1888 1887/1887
f 1877/1877 1887/1887 1894/1894
f 1887/1887 1876/1876 1893/1893
f 1894/1894 1893/1893 1880/1880
f 1887/1887 1893/1893 1894/1894
f 1877/1877 1894/1894 1899/1899
f 1894/1894 1880/1880 1900/1900
f 1899/1899 1900/1900 1882/1882
f 1894/1894 1900/1900 1899/1899
f 1877/1877 1899/1899 1903/1903
f 1899/1899 1882/1882 1906/1906
f 1903/1903 1906/1906 1883/1883
f 1899/1899 1906/1906 1903/1903
f 1878/1878 1904/1904 1892/1892
f 1904/1904 1883/1883 1905/1905
f 1892/1892 1905/1905 1879/1879
f 1904/1904 1905/1905 1892/1892
f 1876/1876 1888/1888 1912/1912
f 1888/1888 1878/1878 1913/1913
f 1912/1912 1913/1913 1885/1885
f 1888/1888 1913/1913 1912/1912
f 1880/1880 1893/1893 1909/1909
f 1893/1893 1876/1876 1908/1908
f 1909/1909 1908/1908 1884/1884
f 1893/1893 1908/1908 1909/1909
f 1882/1882 1900/1900 1901/1901
f 1900/1900 1880/1880 1897/1897
f 1901/1901 1897/1897 1881/1881
f 1900/1900 1897/1897 1901/1901
f 1883/1883 1906/1906 1902/1902
f 1906/1906 1882/1882 1898/1898
f 1902/1902 1898/1898 1875/1875
f 1906/1906 1898/1898 1902/1902
f 1916/1916 1953/1953 1932/1932
f 1953/1953 1927/1927 1956/1956
f 1932/1932 1956/1956 1921/1921
f 1953/1953 1956/1956 1932/1932
f 1916/1916 1932/1932 1928/1928
f 1932/1932 1921/1921 1933/1933
f 1928/1928 1933/1933 1917/1917
f 1932/1932 1933/1933 1928/1928
f 1916/1916 1928/1928 1937/1937
f 1928/1928 1917/1917 1938/1938
f 1937/1937 1938/1938 1923/1923
f 1928/1928 1938/1938 1937/1937
f 1916/1916 1937/1937 1949/1949
f 1937/1937 1923/1923 1952/1952
f 1949/1949 1952/1952 1926/1926
f 1937/1937 1952/1952 1949/1949
f 1916/1916 1949/1949 1953/1953
f 1949/1949 1926/1926 1957/1957
f 1953/1953 1957/1957 1927/1927
f 1949/1949 1957/1957 1953/1953
f 1917/1917 1933/1933 1944/1944
f 1933/1933 1921/1921 1947/1947
f 1944/1944 1947/1947 1925/1925
f 1933/1933 1947/1947 1944/1944
f 1921/1921 1956/1956 1934/1934
f 1956/1956 1927/1927 1955/1955
f 1934/1934 1955/1955 1920/1920
f 1956/1956 1955/1955 1934/1934
f 1927/1927 1957/1957 1954/1954
f 1957/1957 1926/1926 1950/1950
f 1954/1954 1950/1950 1918/1918
f 1957/1957 1950/1950 1954/1954
f 1926/1926 1952/1952 1951/1951
f 1952/1952 1923/1923 1939/1939
f 1951/1951 1939/1939 1922/1922
f 1952/1952 1939/1939 1951/1951
f 1923/1923 1938/1938 1943/1943
f 1938/1938 1917/1917 1940/1940
f 1943/1943 1940/1940 1924/1924
f 1938/1938 1940/1940 1943/1943
f 1919/1919 1945/1945 1931/1931
f 1945/1945 1925/1925 1946/1946
f 1931/1931 1946/1946 1920/1920
f 1945/1945 1946/1946 1931/1931
f 1919/1919 1931/1931 1929/1929
f 1931/1931 1920/1920 1930/1930
f 1929/1929 1930/1930 1918/1918
f 1931/1931 1930/1930 1929/1929
f 1919/1919 1929/1929 1936/1936
f 1929/1929 1918/1918 1935/1935
f 1936/1936 1935/1935 1922/1922
f 1929/1929 1935/1935 1936/1936
f 1919/1919 1936/1936 1941/1941
f 1936/1936 1922/1922 1942/1942
f 1941/1941 1942/1942 1924/1924
f 1936/1936 1942/1942 1941/1941
f 1919/1919 1941/1941 1945/1945
f 1941/1941 1924/1924 1948/1948
f 1945/1945 1948/1948 1925/1925
f 1941/1941 1948/1948 1945/1945
f 1920/1920 1946/1946 1934/1934
f 1946/1946 1925/1925 1947/1947
f 1934/1934 1947/1947 1921/1921
f 1946/1946 1947/1947 1934/1934
f 1918/1918 1930/1930 1954/1954
f 1930/1930 1920/1920 1955/1955
f 1954/1954 1955/1955 1927/1927
f 1930/1930 1955/1955 1954/1954
f 1922/1922 1935/1935 1951/1951
f 1935/1935 1918/1918 1950/1950
f 1951/1951 1950/1950 1926/1926
f 1935/1935 1950/1950 1951/1951
f 1924/1924 1942/1942 1943/1943
f 1942/1942 1922/1922 1939/1939
f 1943/1943 1939/1939 1923/1923
f 1942/1942 1939/1939 1943/1943
f 1925/1925 1948/1948 1944/1944
f 1948/1948 1924/1924 1940/1940
f 1944/1944 1940/1940 1917/1917
f 1948/1948 1940/1940 1944/1944
f 1958/1958 1995/1995 1974/1974
f 1995/1995 1969/1969 1998/1998
f 1974/1974 1998/1998 1963/1963
f 1995/1995 1998/1998 1974/1974
f 1958/1958 1974/1974 1970/1970
f 1974/1974 1963/1963 1975/1975
f 1970/1970 1975/1975 1959/1959
f 1974/1974 1975/1975 1970/1970
f 1958/1958 1970/1970 1979/1979
f 1970/1970 1959/1959 1980/1980
f 1979/1979 1980/1980 1965/1965
f 1970/1970 1980/1980 1979/1979
f 1958/1958 1979/1979 1991/1991
f 1979/1979 1965/1965 1994/1994
f 1991/1991 1994/1994 1968/1968
f 1979/1979 1994/1994 1991/1991
f 1958/1958 1991/1991 1995/1995
f 1991/1991 1968/1968 1999/1999
f 1995/1995 1999/1999 1969/1969
f 1991/1991 1999/1999 1995/1995
f 1959/1959 1975/1975 1986/1986
f 1975/1975 1963/1963 1989/1989
f 1986/1986 1989/1989 1967/1967
f 1975/1975 1989/1989 1986/1986
f 1963/1963 1998/1998 1976/1976
f 1998/1998 1969/1969 1997/1997
f 1976/1976 1997/1997 1962/1962
f 1998/1998 1997/1997 1976/1976
f 1969/1969 1999/1999 1996/1996
f 1999/1999 1968/1968 1992/1992
f 1996/1996 1992/1992 1960/1960
f 1999/1999 1992/1992 1996/1996
f 1968/1968 1994/1994 1993/1993
f 1994/1994 1965/1965 1981/1981
f 1993/1993 1981/1981 1964/1964
f 1994/1994 1981/1981 1993/1993
f 1965/1965 1980/1980 1985/1985
f 1980/1980 1959/1959 1982/1982
f 1985/1985 1982/1982 1966/1966
f 1980/1980 1982/1982 1985/1985
f 1961/1961 1987/1987 1973/1973
f 1987/1987 1967/1967 1988/1988
f 1973/1973 1988/1988 1962/1962
f 1987/1987 1988/1988 1973/1973
f 1961/1961 1973/1973 1971/1971
f 1973/1973 1962/1962 1972/1972
f 1971/1971 1972/1972 1960/1960
f 1973/1973 1972/1972 1971/1971
f 1961/1961 1971/1971 1978/1978
f 1971/1971 1960/1960 1977/1977
f 1978/1978 1977/1977 1964/1964
f 1971/1971 1977/1977 1978/1978
f 1961/1961 1978/1978 1983/1983
f 1978/1978 1964/1964 1984/1984
f 1983/1983 1984/1984 1966/1966
f 1978/1978 1984/1984 1983/1983
f 1961/1961 1983/1983 1987/1987
f 1983/1983 1966/1966 1990/1990
f 1987/1987 1990/1990 1967/1967
f 1983/1983 1990/1990 1987/1987
f 1962/1962 1988/1988 1976/1976
f 1988/1988 1967/1967 1989/1989
f 1976/1976 1989/1989 1963/1963
f 1988/1988 1989/1989 1976/1976
f 1960/1960 1972/1972 1996/1996
f 1972/1972 1962/1962 1997/1997
f 1996/1996 1997/1997 1969/1969
f 1972/1972 1997/1997 1996/1996
f 1964/1964 1977/1977 1993/1993
f 1977/1977 1960/1960 1992/1992
f 1993/1993 1992/1992 1968/1968
f 1977/1977 1992/1992 1993/1993
f 1966/1966 1984/1984 1985/1985
f 1984/1984 1964/1964 1981/1981
f 1985/1985 1981/1981 1965/1965
f 1984/1984 1981/1981 1985/1985
f 1967/1967 1990/1990 1986/1986
f 1990/1990 1966/1966 1982/1982
f 1986/1986 1982/1982 1959/1959
f 1990/1990 1982/1982 1986/1986
f 2000/2000 2037/2037 2016/2016
f 2037/2037 2011/2011 2040/2040
f 2016/2016 2040/2040 2005/2005
f 2037/2037 2040/2040 2016/2016
f 2000/2000 2016/2016 2012/2012
f 2016/2016 2005/2005 2017/2017
f 2012/2012 2017/2017 2001/2001
f 2016/2016 2017/2017 2012/2012
f 2000/2000 2012/2012 2021/2021
f 2012/2012 2001/2001 2022/2022
f 2021/2021 2022/2022 2007/2007
f 2012/2012 2022/2022 2021/2021
f 2000/2000 2021/2021 2033/2033
f 2021/2021 2007/2007 2036/2036
f 2033/2033 2036/2036 2010/2010
f 2021/2021 2036/2036 2033/2033
f 2000/2000 2033/2033 2037/2037
f 2033/2033 2010/2010 2041/2041
f 2037/2037 2041/2041 2011/2011
f 2033/2033 2041/2041 2037/2037
f 2001/2001 2017/2017 2028/2028
f 2017/2017 2005/2005 2031/2031
f 2028/2028 2031/2031 2009/2009
f 2017/2017 2031/2031 2028/2028
f 2005/2005 2040/2040 2018/2018
f 2040/2040 2011/2011 2039/2039
f 2018/2018 2039/2039 2004/2004
f 2040/2040 2039/2039 2018/2018
f 2011/2011 2041/2041 2038/2038
f 2041/2041 2010/2010 2034/2034
f 2038/2038 2034/2034 2002/2002
f 2041/2041 2034/2034 2038/2038
f 2010/2010 2036/2036 2035/2035
f 2036/2036 2007/2007 2023/2023
f 2035/2035 2023/2023 2006/2006
f 2036/2036 2023/2023 2035/2035
f 2007/2007 2022/2022 2027/2027
f 2022/2022 2001/2001 2024/2024
f 2027/2027 2024/2024 2008/2008
f 2022/2022 2024/2024 2027/2027
f 2003/2003 2029/2029 2015/2015
f 2029/2029 2009/2009 2030/2030
f 2015/2015 2030/2030 2004/2004
f 2029/2029 2030/2030 2015/2015
f 2003/2003 2015/2015 2013/2013
f 2015/2015 2004/2004 2014/2014
f 2013/2013 2014/2014 2002/2002
f 2015/2015 2014/2014 2013/2013
f 2003/2003 2013/2013 2020/2020
f 2013/2013 2002/2002 2019/2019
f 2020/2020 2019/2019 2006/2006
f 2013/2013 2019/2019 2020/2020
f 2003/2003 2020/2020 2025/2025
f 2020/2020 2006/2006 2026/2026
f 2025/2025 2026/2026 2008/2008
f 2020/2020 2026/2026 2025/2025
f 2003/2003 2025/2025 2029/2029
f 2025/2025 2008/2008 2032/2032
f 2029/2029 2032/2032 2009/2009
f 2025/2025 2032/2032 2029/2029
f 2004/2004 2030/2030 2018/2018
f 2030/2030 2009/2009 2031/2031
f 2018/2018 2031/2031 2005/2005
f 2030/2030 2031/2031 2018/2018
f 2002/2002 2014/2014 2038/2038
f 2014/2014 2004/2004 2039/2039
f 2038/2038 2039/2039 2011/2011
f 2014/2014 2039/2039 2038/2038
f 2006/2006 2019/2019 2035/2035
f 2019/2019 2002/2002 2034/2034
f 2035/2035 2034/2034 2010/2010
f 2019/2019 2034/2034 2035/2035
f 2008/2008 2026/2026 2027/2027
f 2026/2026 2006/2006 2023/2023
f 2027/2027 2023/2023 2007/2007
f 2026/2026 2023/2023 2027/2027
f 2009/2009 2032/2032 2028/2028
f 2032/2032 2008/2008 2024/2024
f 2028/2028 2024/2024 2001/2001
f 2032/2032 2024/2024 2028/2028
f 2043/2043 2042/2042 2046/2046
f 2043/2043 2046/2046 2044/2044
f 2044/2044 2046/2046 2047/2047
f 2044/2044 2047/2047 2045/2045
f 2046/2046 2042/2042 2048/2048
f 2046/2046 2048/2048 2047/2047
f 2047/2047 2048/2048 2049/2049
f 2047/2047 2049/2049 2045/2045
f 2048/2048 2042/2042 2050/2050
f 2048/2048 2050/2050 2049/2049
f 2049/2049 2050/2050 2051/2051
f 2049/2049 2051/2051 2045/2045
f 2050/2050 2042/2042 2052/2052
f 2050/2050 2052/2052 2051/2051
f 2051/2051 2052/2052 2053/2053
f 2051/2051 2053/2053 2045/2045
f 2052/2052 2042/2042 2054/2054
f 2052/2052 2054/2054 2053/2053
f 2053/2053 2054/2054 2055/2055
f 2053/2053 2055/2055 2045/2045
f 2054/2054 2042/2042 2056/2056
f 2054/2054 2056/2056 2055/2055
f 2055/2055 2056/2056 2057/2057
f 2055/2055 2057/2057 2045/2045
f 2056/2056 2042/2042 2058/2058
f 2056/2056 2058/2058 2057/2057
f 2057/2057 2058/2058 2059/2059
f 2057/2057 2059/2059 2045/2045
f 2058/2058 2042/2042 2060/2060
f 2058/2058 2060/2060 2059/2059
f 2059/2059 2060/2060 2061/2061
f 2059/2059 2061/2061 2045/2045
f 2060/2060 2042/2042 2062/2062
f 2060/2060 2062/2062 2061/2061
f 2061/2061 2062/2062 2063/2063
f 2061/2061 2063/2063 2045/2045
f 2062/2062 2042/2042 2043/2043
f 2062/2062 2043/2043 2063/2063
f 2063/2063 2043/2043 2044/2044
f 2063/2063 2044/2044 2045/2045
f 2065/2065 2064/2064 2068/2068
f 2065/2065 2068/2068 2066/2066
f 2066/2066 2068/2068 2069/2069
f 2066/2066 2069/2069 2067/2067
f 2068/2068 2064/2064 2070/2070
f 2068/2068 2070/2070 2069/2069
f 2069/2069 2070/2070 2071/2071
f 2069/2069 2071/2071 2067/2067
f 2070/2070 2064/2064 2072/2072
f 2070/2070 2072/2072 2071/2071
f 2071/2071 2072/2072 2073/2073
f 2071/2071 2073/2073 2067/2067
f 2072/2072 2064/2064 2074/2074
f 2072/2072 2074/2074 2073/2073
f 2073/2073 2074/2074 2075/2075
f 2073/2073 2075/2075 2067/2067
f 2074/2074 2064/2064 2076/2076
f 2074/2074 2076/2076 2075/2075
f 2075/2075 2076/2076 2077/2077
f 2075/2075 2077/2077 2067/2067
f 2076/2076 2064/2064 2078/2078
f 2076/2076 2078/2078 2077/2077
f 2077/2077 2078/2078 2079/2079
f 2077/2077 2079/2079 2067/2067
f 2078/2078 2064/2064 2080/2080
f 2078/2078 2080/2080 2079/2079
f 2079/2079 2080/2080 2081/2081
f 2079/2079 2081/2081 2067/2067
f 2080/2080 2064/2064 2082/2082
f 2080/2080 2082/2082 2081/2081
f 2081/2081 2082/2082 2083/2083
f 2081/2081 2083/2083 2067/2067
f 2082/2082 2064/2064 2084/2084
f 2082/2082 2084/2084 2083/2083
f 2083/2083 2084/2084 2085/2085
f 2083/2083 2085/2085 2067/2067
f 2084/2084 2064/2064 2065/2065
f 2084/2084 2065/2065 2085/2085
f 2085/2085 2065/2065 2066/2066
f 2085/2085 2066/2066 2067/2067
f 2087/2087 2086/2086 2090/2090
f 2087/2087 2090/2090 2088/2088
f 2088/2088 2090/2090 2091/2091
f 2088/2088 2091/2091 2089/2089
f 2090/2090 2086/2086 2092/2092
f 2090/2090 2092/2092 2091/2091
f 2091/2091 2092/2092 2093/2093
f 2091/2091 2093/2093 2089/2089
f 2092/2092 2086/2086 2094/2094
f 2092/2092 2094/2094 2093/2093
f 2093/2093 2094/2094 2095/2095
f 2093/2093 2095/2095 2089/2089
f 2094/2094 2086/2086 2096/2096
f 2094/2094 2096/2096 2095/2095
f 2095/2095 2096/2096 2097/2097
f 2095/2095 2097/2097 2089/2089
f 2096/2096 2086/2086 2098/2098
f 2096/2096 2098/2098 2097/2097
f 2097/2097 2098/2098 2099/2099
f 2097/2097 2099/2099 2089/2089
f 2098/2098 2086/2086 2100/2100
f 2098/2098 2100/2100 2099/2099
f 2099/2099 2100/2100 2101/2101
f 2099/2099 2101/2101 2089/2089
f 2100/2100 2086/2086 2102/2102
f 2100/2100 2102/2102 2101/2101
f 2101/2101 2102/2102 2103/2103
f 2101/2101 2103/2103 2089/2089
f 2102/2102 2086/2086 2104/2104
f 2102/2102 2104/2104 2103/2103
f 2103/2103 2104/2104 2105/2105
f 2103/2103 2105/2105 2089/2089
f 2104/2104 2086/2086 2106/2106
f 2104/2104 2106/2106 2105/2105
f 2105/2105 2106/2106 2107/2107
f 2105/2105 2107/2107 2089/2089
f 2106/2106 2086/2086 2087/2087
f 2106/2106 2087/2087 2107/2107
f 2107/2107 2087/2087 2088/2088
f 2107/2107 2088/2088 2089/2089
f 2109/2109 2108/2108 2112/2112
f 2109/2109 2112/2112 2110/2110
f 2110/2110 2112/2112 2113/2113
f 2110/2110 2113/2113 2111/2111
f 2112/2112 2108/2108 2114/2114
f 2112/2112 2114/2114 2113/2113
f 2113/2113 2114/2114 2115/2115
f 2113/2113 2115/2115 2111/2111
f 2114/2114 2108/2108 2116/2116
f 2114/2114 2116/2116 2115/2115
f 2115/2115 2116/2116 2117/2117
f 2115/2115 2117/2117 2111/2111
f 2116/2116 2108/2108 2118/2118
f 2116/2116 2118/2118 2117/2117
f 2117/2117 2118/2118 2119/2119
f 2117/2117 2119/2119 2111/2111
f 2118/2118 2108/2108 2120/2120
f 2118/2118 2120/2120 2119/2119
f 2119/2119 2120/2120 2121/2121
f 2119/2119 2121/2121 2111/2111
f 2120/2120 2108/2108 2122/2122
f 2120/2120 2122/2122 2121/2121
f 2121/2121 2122/2122 2123/2123
f 2121/2121 2123/2123 2111/2111
f 2122/2122 2108/2108 2124/2124
f 2122/2122 2124/2124 2123/2123
f 2123/2123 2124/2124 2125/2125
f 2123/2123 2125/2125 2111/2111
f 2124/2124 2108/2108 2126/2126
f 2124/2124 2126/2126 2125/2125
f 2125/2125 2126/2126 2127/2127
f 2125/2125 2127/2127 2111/2111
f 2126/2126 2108/2108 2128/2128
f 2126/2126 2128/2128 2127/2127
f 2127/2127 2128/2128 2129/2129
f 2127/2127 2129/2129 2111/2111
f 2128/2128 2108/2108 2109/2109
f 2128/2128 2109/2109 2129/2129
f 2129/2129 2109/2109 2110/2110
f 2129/2129 2110/2110 2111/2111
f 2131/2131 2130/2130 2134/2134
f 2131/2131 2134/2134 2132/2132
f 2132/2132 2134/2134 2135/2135
f 2132/2132 2135/2135 2133/2133
f 2134/2134 2130/2130 2136/2136
f 2134/2134 2136/2136 2135/2135
f 2135/2135 2136/2136 2137/2137
f 2135/2135 2137/2137 2133/2133
f 2136/2136 2130/2130 2138/2138
f 2136/2136 2138/2138 2137/2137
f 2137/2137 2138/2138 2139/2139
f 2137/2137 2139/2139 2133/2133
f 2138/2138 2130/2130 2140/2140
f 2138/2138 2140/2140 2139/2139
f 2139/2139 2140/2140 2141/2141
f 2139/2139 2141/2141 2133/2133
f 2140/2140 2130/2130 2142/2142
f 2140/2140 2142/2142 2141/2141
f 2141/2141 2142/2142 2143/2143
f 2141/2141 2143/2143 2133/2133
f 2142/2142 2130/2130 2144/2144
f 2142/2142 2144/2144 2143/2143
f 2143/2143 2144/2144 2145/2145
f 2143/2143 2145/2145 2133/2133
f 2144/2144 2130/2130 2146/2146
f 2144/2144 2146/2146 2145/2145
f 2145/2145 2146/2146 2147/2147
f 2145/2145 2147/2147 2133/2133
f 2146/2146 2130/2130 2148/2148
f 2146/2146 2148/2148 2147/2147
f 2147/2147 2148/2148 2149/2149
f 2147/2147 2149/2149 2133/2133
f 2148/2148 2130/2130 2150/2150
f 2148/2148 2150/2150 2149/2149
f 2149/2149 2150/2150 2151/2151
f 2149/2149 2151/2151 2133/2133
f 2150/2150 2130/2130 2131/2131
f 2150/2150 2131/2131 2151/2151
f 2151/2151 2131/2131 2132/2132
f 2151/2151 2132/2132 2133/2133
f 2153/2153 2152/2152 2156/2156
f 2153/2153 2156/2156 2154/2154
f 2154/2154 2156/2156 2157/2157
f 2154/2154 2157/2157 2155/2155
f 2156/2156 2152/2152 2158/2158
f 2156/2156 2158/2158 2157/2157
f 2157/2157 2158/2158 2159/2159
f 2157/2157 2159/2159 2155/2155
f 2158/2158 2152/2152 2160/2160
f 2158/2158 2160/2160 2159/2159
f 2159/2159 2160/2160 2161/2161
f 2159/2159 2161/2161 2155/2155
f 2160/2160 2152/2152 2162/2162
f 2160/2160 2162/2162 2161/2161
f 2161/2161 2162/2162 2163/2163
f 2161/2161 2163/2163 2155/2155
f 2162/2162 2152/2152 2164/2164
f 2162/2162 2164/2164 2163/2163
f 2163/2163 2164/2164 2165/2165
f 2163/2163 2165/2165 2155/2155
f 2164/2164 2152/2152 2166/2166
f 2164/2164 2166/2166 2165/2165
f 2165/2165 2166/2166 2167/2167
f 2165/2165 2167/2167 2155/2155
f 2166/2166 2152/2152 2168/2168
f 2166/2166 2168/2168 2167/2167
f 2167/2167 2168/2168 2169/2169
f 2167/2167 2169/2169 2155/2155
f 2168/2168 2152/2152 2170/2170
f 2168/2168 2170/2170 2169/2169
f 2169/2169 2170/2170 2171/2171
f 2169/2169 2171/2171 2155/2155
f 2170/2170 2152/2152 2172/2172
f 2170/2170 2172/2172 2171/2171
f 2171/2171 2172/2172 2173/2173
f 2171/2171 2173/2173 2155/2155
f 2172/2172 2152/2152 2153/2153
f 2172/2172 2153/2153 2173/2173
f 2173/2173 2153/2153 2154/2154
f 2173/2173 2154/2154 2155/2155
f 2175/2175 2174/2174 2178/2178
f 2175/2175 2178/2178 2176/2176
f 2176/2176 2178/2178 2179/2179
f 2176/2176 2179/2179 2177/2177
f 2178/2178 2174/2174 2180/2180
f 2178/2178 2180/2180 2179/2179
f 2179/2179 2180/2180 2181/2181
f 2179/2179 2181/2181 2177/2177
f 2180/2180 2174/2174 2182/2182
f 2180/2180 2182/2182 2181/2181
f 2181/2181 2182/2182 2183/2183
f 2181/2181 2183/2183 2177/2177
f 2182/2182 2174/2174 2184/2184
f 2182/2182 2184/2184 2183/2183
f 2183/2183 2184/2184 2185/2185
f 2183/2183 2185/2185 2177/2177
f 2184/2184 2174/2174 2186/2186
f 2184/2184 2186/2186 2185/2185
f 2185/2185 2186/2186 2187/2187
f 2185/2185 2187/2187 2177/2177
f 2186/2186 2174/2174 2188/2188
f 2186/2186 2188/2188 2187/2187
f 2187/2187 2188/2188 2189/2189
f 2187/2187 2189/2189 2177/2177
f 2188/2188 2174/2174 2190/2190
f 2188/2188 2190/2190 2189/2189
f 2189/2189 2190/2190 2191/2191
f 2189/2189 2191/2191 2177/2177
f 2190/2190 2174/2174 2192/2192
f 2190/2190 2192/2192 2191/2191
f 2191/2191 2192/2192 2193/2193
f 2191/2191 2193/2193 2177/2177
f 2192/2192 2174/2174 2194/2194
f 2192/2192 2194/2194 2193/2193
f 2193/2193 2194/2194 2195/2195
f 2193/2193 2195/2195 2177/2177
f 2194/2194 2174/2174 2175/2175
f 2194/2194 2175/2175 2195/2195
f 2195/2195 2175/2175 2176/2176
f 2195/2195 2176/2176 2177/2177
f 2197/2197 2196/2196 2200/2200
f 2197/2197 2200/2200 2198/2198
f 2198/2198 2200/2200 2201/2201
f 2198/2198 2201/2201 2199/2199
f 2200/2200 2196/2196 2202/2202
f 2200/2200 2202/2202 2201/2201
f 2201/2201 2202/2202 2203/2203
f 2201/2201 2203/2203 2199/2199
f 2202/2202 2196/2196 2204/2204
f 2202/2202 2204/2204 2203/2203
f 2203/2203 2204/2204 2205/2205
f 2203/2203 2205/2205 2199/2199
f 2204/2204 2196/2196 2206/2206
f 2204/2204 2206/2206 2205/2205
f 2205/2205 2206/2206 2207/2207
f 2205/2205 2207/2207 2199/2199
f 2206/2206 2196/2196 2208/2208
f 2206/2206 2208/2208 2207/2207
f 2207/2207 2208/2208 2209/2209
f 2207/2207 2209/2209 2199/2199
f 2208/2208 2196/2196 2210/2210
f 2208/2208 2210/2210 2209/2209
f 2209/2209 2210/2210 2211/2211
f 2209/2209 2211/2211 2199/2199
f 2210/2210 2196/2196 2212/2212
f 2210/2210 2212/2212 2211/2211
f 2211/2211 2212/2212 2213/2213
f 2211/2211 2213/2213 2199/2199
f 2212/2212 2196/2196 2214/2214
f 2212/2212 2214/2214 2213/2213
f 2213/2213 2214/2214 2215/2215
f 2213/2213 2215/2215 2199/2199
f 2214/2214 2196/2196 2216/2216
f 2214/2214 2216/2216 2215/2215
f 2215/2215 2216/2216 2217/2217
f 2215/2215 2217/2217 2199/2199
f 2216/2216 2196/2196 2197/2197
f 2216/2216 2197/2197 2217/2217
f 2217/2217 2197/2197 2198/2198
f 2217/2217 2198/2198 2199/2199
f 2219/2219 2221/2221 2218/2218
f 2222/2222 2219/2219 2218/2218
f 2218/2218 2221/2221 2220/2220
f 2220/2220 2222/2222 2218/2218
f 2219/2219 2225/2225 2221/2221
f 2223/2223 2219/2219 2222/2222
f 2223/2223 2225/2225 2219/2219
f 2221/2221 2225/2225 2220/2220
f 2224/2224 2222/2222 2220/2220
f 2220/2220 2225/2225 2224/2224
f 2224/2224 2223/2223 2222/2222
f 2225/2225 2223/2223 2224/2224
f 2227/2227 2229/2229 2226/2226
f 2230/2230 2227/2227 2226/2226
f 2226/2226 2229/2229 2228/2228
f 2228/2228 2230/2230 2226/2226
f 2227/2227 2233/2233 2229/2229
f 2231/2231 2227/2227 2230/2230
f 2231/2231 2233/2233 2227/2227
f 2229/2229 2233/2233 2228/2228
f 2232/2232 2230/2230 2228/2228
f 2228/2228 2233/2233 2232/2232
f 2232/2232 2231/2231 2230/2230
f 2233/2233 2231/2231 2232/2232

