# https://github.com/mikedh/trimesh
mtllib material.mtl

o Hull
usemtl material_0
v 0.82500000 1.48500000 0.99000000
v 0.82500000 1.48500000 -0.49500000
v -0.82500000 1.48500000 -0.49500000
v -0.82500000 1.48500000 0.99000000
v -0.82500000 1.48500000 1.98000000
v 0.82500000 1.48500000 1.98000000
v 0.82500000 1.15500000 -0.49500000
v -0.82500000 1.15500000 -0.49500000
v 0.82500000 0.66000000 -1.48500000
v 0.82500000 1.15500000 1.98000000
v 0.82500000 1.15500000 0.99000000
v 1.32000000 1.15500000 0.99000000
v 0.82500000 1.15500000 -1.98000000
v 1.32000000 1.15500000 -1.98000000
v 1.32000000 1.15500000 2.31000000
v 0.82500000 1.15500000 2.31000000
v -0.82500000 1.15500000 1.98000000
v -0.82500000 0.66000008 1.98000000
v 0.82500000 0.66000000 1.98000000
v 0.82500000 0.66000000 2.31000000
v 1.32000000 0.66000000 2.31000000
v 1.32000000 0.82500000 -2.31000000
v 0.82500000 0.82500000 -2.31000000
v 1.32000000 0.49500000 -2.31000000
v 0.82500000 0.49500000 -2.31000000
v 1.32000000 0.00000041 -1.48500000
v 0.82500000 0.00000041 -1.48500000
v 1.32000000 0.00000039 1.98000000
v 0.82500000 0.00000039 1.98000000
v -1.32000000 1.15500000 -0.49500000
v -0.82500000 0.65999992 -1.48500000
v -0.82500000 1.15500000 0.99000000
v -1.32000000 1.15500015 0.99000000
v -0.82500000 1.15499985 -1.98000000
v -1.32000000 1.15499985 -1.98000000
v -1.32000000 1.15500023 2.31000000
v -0.82500000 1.15500023 2.31000000
v -0.82500000 0.66000023 2.31000000
v -1.32000000 0.66000023 2.31000000
v -1.32000000 0.82499969 -2.31000000
v -0.82500000 0.82499969 -2.31000000
v -1.32000000 0.49499977 -2.31000000
v -0.82500000 0.49499977 -2.31000000
v -1.32000000 0.00000031 -1.48500000
v -0.82500000 0.00000031 -1.48500000
v -1.32000000 0.00000055 1.98000000
v -0.82500000 0.00000055 1.98000000
v 1.32000000 1.15500000 -0.49500000
v 0.82500000 1.15500000 0.99000000
v 0.82500000 1.48500000 0.99000000
v 1.32000000 1.15500000 0.99000000
v 1.32000000 1.15500000 -0.49500000
v 1.32000000 1.15500000 0.99000000
v 0.82500000 1.15500000 -0.49500000
v 1.32000000 1.15500000 -0.49500000
v 1.32000000 1.15500000 -0.49500000
v 0.82500000 1.15500000 1.98000000
v 0.82500000 1.15500000 1.98000000
v 0.82500000 1.15500000 1.98000000
v 0.82500000 1.15500000 0.99000000
v 0.82500000 1.15500000 1.98000000
v 0.82500000 1.15500000 1.98000000
v 0.82500000 0.66000000 1.98000000
v 0.82500000 1.15500000 1.98000000
v 0.82500000 0.66000000 1.98000000
v 0.82500000 0.49500000 -2.31000000
v 0.82500000 0.49500000 -2.31000000
v 1.32000000 0.49500000 -2.31000000
v 1.32000000 0.66000000 2.31000000
v 0.82500000 0.66000000 2.31000000
v 0.82500000 0.66000000 2.31000000
v 1.32000000 0.66000000 2.31000000
v 1.32000000 0.00000039 1.98000000
v 1.32000000 0.00000041 -1.48500000
v 1.32000000 0.49500000 -2.31000000
v 1.32000000 0.82500000 -2.31000000
v 1.32000000 0.00000041 -1.48500000
v 1.32000000 0.82500000 -2.31000000
v 1.32000000 0.00000041 -1.48500000
v 1.32000000 1.15500000 -0.49500000
v 1.32000000 0.00000041 -1.48500000
v 1.32000000 1.15500000 -0.49500000
v 1.32000000 0.00000039 1.98000000
v 1.32000000 0.00000041 -1.48500000
v 1.32000000 0.00000039 1.98000000
v 0.82500000 0.82500000 -2.31000000
v 0.82500000 0.49500000 -2.31000000
v 0.82500000 0.66000000 -1.48500000
v 0.82500000 0.82500000 -2.31000000
v 0.82500000 0.66000000 -1.48500000
v 0.82500000 1.15500000 -0.49500000
v 0.82500000 1.15500000 -1.98000000
v 0.82500000 0.82500000 -2.31000000
v 0.82500000 1.15500000 -0.49500000
v 0.82500000 0.66000000 2.31000000
v 0.82500000 0.66000000 2.31000000
v 0.82500000 0.66000000 1.98000000
v 0.82500000 0.66000000 1.98000000
v 0.82500000 0.66000000 -1.48500000
v 0.82500000 0.66000000 -1.48500000
v 0.82500000 0.49500000 -2.31000000
v -0.82500000 1.15500000 1.98000000
v -0.82500000 1.15500000 1.98000000
v -0.82500000 1.15500000 0.99000000
v -0.82500000 1.48500000 0.99000000
v -1.32000000 1.15500015 0.99000000
v -1.32000000 1.15500000 -0.49500000
v -1.32000000 1.15500015 0.99000000
v -1.32000000 1.15500000 -0.49500000
v -1.32000000 1.15500000 -0.49500000
v -0.82500000 1.15500000 -0.49500000
v -0.82500000 1.15500000 1.98000000
v -0.82500000 1.15500000 0.99000000
v -0.82500000 1.15500000 1.98000000
v -0.82500000 1.15500000 1.98000000
v -0.82500000 0.66000008 1.98000000
v -0.82500000 1.15500000 1.98000000
v -0.82500000 0.66000008 1.98000000
v -1.32000000 0.49499977 -2.31000000
v -0.82500000 0.49499977 -2.31000000
v -0.82500000 0.49499977 -2.31000000
v -0.82500000 0.66000023 2.31000000
v -0.82500000 0.66000023 2.31000000
v -1.32000000 0.66000023 2.31000000
v -1.32000000 0.82499969 -2.31000000
v -1.32000000 0.49499977 -2.31000000
v -1.32000000 0.49499977 -2.31000000
v -1.32000000 0.00000031 -1.48500000
v -1.32000000 1.15500000 -0.49500000
v -1.32000000 0.00000031 -1.48500000
v -1.32000000 1.15500000 -0.49500000
v -1.32000000 0.00000031 -1.48500000
v -1.32000000 0.00000055 1.98000000
v -1.32000000 0.00000055 1.98000000
v -1.32000000 0.66000023 2.31000000
v -1.32000000 0.00000055 1.98000000
v -1.32000000 1.15500000 -0.49500000
v -1.32000000 0.00000055 1.98000000
v -0.82500000 0.65999992 -1.48500000
v -0.82500000 0.49499977 -2.31000000
v -0.82500000 0.82499969 -2.31000000
v -0.82500000 1.15500000 -0.49500000
v -0.82500000 0.65999992 -1.48500000
v -0.82500000 0.82499969 -2.31000000
v -0.82500000 1.15499985 -1.98000000
v -0.82500000 1.15500000 -0.49500000
v -0.82500000 0.82499969 -2.31000000
v -0.82500000 0.49499977 -2.31000000
v -0.82500000 0.65999992 -1.48500000
v -0.82500000 0.65999992 -1.48500000
v -0.82500000 0.66000008 1.98000000
v -0.82500000 0.66000008 1.98000000
v -0.82500000 0.66000023 2.31000000
v -0.82500000 0.66000023 2.31000000
v 0.82500000 0.66000000 1.98000000
v -0.82500000 0.66000008 1.98000000
v -0.82500000 0.65999992 -1.48500000
v -0.82500000 0.65999992 -1.48500000
v 0.82500000 0.66000000 -1.48500000
v 0.82500000 0.66000000 1.98000000
v 0.51500000 1.51500000 0.82500000
v 0.50449593 1.54732819 0.82500000
v 0.47699593 1.56730811 0.82500000
v 0.44300407 1.56730811 0.82500000
v 0.41550407 1.54732819 0.82500000
v 0.40500000 1.51500000 0.82500000
v 0.41550407 1.48267181 0.82500000
v 0.44300407 1.46269189 0.82500000
v 0.47699593 1.46269189 0.82500000
v 0.50449593 1.48267181 0.82500000
v 0.50717599 1.51500000 0.91442881
v 0.49683151 1.54732819 0.91260480
v 0.46974929 1.56730811 0.90782947
v 0.43627384 1.56730811 0.90192685
v 0.40919162 1.54732819 0.89715152
v 0.39884714 1.51500000 0.89532751
v 0.40919162 1.48267181 0.89715152
v 0.43627384 1.46269189 0.90192685
v 0.46974929 1.46269189 0.90782947
v 0.49683151 1.48267181 0.91260480
v 0.48394170 1.51500000 1.00114037
v 0.47407111 1.54732819 0.99754777
v 0.44822956 1.56730811 0.98814222
v 0.41628765 1.56730811 0.97651631
v 0.39044610 1.54732819 0.96711076
v 0.38057551 1.51500000 0.96351816
v 0.39044610 1.48267181 0.96711076
v 0.41628765 1.46269189 0.97651631
v 0.44822956 1.46269189 0.98814222
v 0.47407111 1.48267181 0.99754777
v 0.44600308 1.51500000 1.08250000
v 0.43690630 1.54732819 1.07724797
v 0.41309060 1.56730811 1.06349797
v 0.38365277 1.56730811 1.04650203
v 0.35983708 1.54732819 1.03275203
v 0.35074029 1.51500000 1.02750000
v 0.35983708 1.48267181 1.03275203
v 0.38365277 1.46269189 1.04650203
v 0.41309060 1.46269189 1.06349797
v 0.43690630 1.48267181 1.07724797
v 0.39451289 1.51500000 1.15603562
v 0.38646631 1.54732819 1.14928374
v 0.36540009 1.56730811 1.13160708
v 0.33936080 1.56730811 1.10975752
v 0.31829458 1.54732819 1.09208086
v 0.31024800 1.51500000 1.08532898
v 0.31829458 1.48267181 1.09208086
v 0.33936080 1.46269189 1.10975752
v 0.36540009 1.46269189 1.13160708
v 0.38646631 1.48267181 1.14928374
v 0.33103562 1.51500000 1.21951289
v 0.32428374 1.54732819 1.21146631
v 0.30660708 1.56730811 1.19040009
v 0.28475752 1.56730811 1.16436080
v 0.26708086 1.54732819 1.14329458
v 0.26032898 1.51500000 1.13524800
v 0.26708086 1.48267181 1.14329458
v 0.28475752 1.46269189 1.16436080
v 0.30660708 1.46269189 1.19040009
v 0.32428374 1.48267181 1.21146631
v 0.25750000 1.51500000 1.27100308
v 0.25224797 1.54732819 1.26190630
v 0.23849797 1.56730811 1.23809060
v 0.22150203 1.56730811 1.20865277
v 0.20775203 1.54732819 1.18483708
v 0.20250000 1.51500000 1.17574029
v 0.20775203 1.48267181 1.18483708
v 0.22150203 1.46269189 1.20865277
v 0.23849797 1.46269189 1.23809060
v 0.25224797 1.48267181 1.26190630
v 0.17614037 1.51500000 1.30894170
v 0.17254777 1.54732819 1.29907111
v 0.16314222 1.56730811 1.27322956
v 0.15151631 1.56730811 1.24128765
v 0.14211076 1.54732819 1.21544610
v 0.13851816 1.51500000 1.20557551
v 0.14211076 1.48267181 1.21544610
v 0.15151631 1.46269189 1.24128765
v 0.16314222 1.46269189 1.27322956
v 0.17254777 1.48267181 1.29907111
v 0.08942881 1.51500000 1.33217599
v 0.08760480 1.54732819 1.32183151
v 0.08282947 1.56730811 1.29474929
v 0.07692685 1.56730811 1.26127384
v 0.07215152 1.54732819 1.23419162
v 0.07032751 1.51500000 1.22384714
v 0.07215152 1.48267181 1.23419162
v 0.07692685 1.46269189 1.26127384
v 0.08282947 1.46269189 1.29474929
v 0.08760480 1.48267181 1.32183151
v 0.00000000 1.51500000 1.34000000
v 0.00000000 1.54732819 1.32949593
v 0.00000000 1.56730811 1.30199593
v 0.00000000 1.56730811 1.26800407
v 0.00000000 1.54732819 1.24050407
v 0.00000000 1.51500000 1.23000000
v 0.00000000 1.48267181 1.24050407
v 0.00000000 1.46269189 1.26800407
v 0.00000000 1.46269189 1.30199593
v 0.00000000 1.48267181 1.32949593
v -0.08942881 1.51500000 1.33217599
v -0.08760480 1.54732819 1.32183151
v -0.08282947 1.56730811 1.29474929
v -0.07692685 1.56730811 1.26127384
v -0.07215152 1.54732819 1.23419162
v -0.07032751 1.51500000 1.22384714
v -0.07215152 1.48267181 1.23419162
v -0.07692685 1.46269189 1.26127384
v -0.08282947 1.46269189 1.29474929
v -0.08760480 1.48267181 1.32183151
v -0.17614037 1.51500000 1.30894170
v -0.17254777 1.54732819 1.29907111
v -0.16314222 1.56730811 1.27322956
v -0.15151631 1.56730811 1.24128765
v -0.14211076 1.54732819 1.21544610
v -0.13851816 1.51500000 1.20557551
v -0.14211076 1.48267181 1.21544610
v -0.15151631 1.46269189 1.24128765
v -0.16314222 1.46269189 1.27322956
v -0.17254777 1.48267181 1.29907111
v -0.25750000 1.51500000 1.27100308
v -0.25224797 1.54732819 1.26190630
v -0.23849797 1.56730811 1.23809060
v -0.22150203 1.56730811 1.20865277
v -0.20775203 1.54732819 1.18483708
v -0.20250000 1.51500000 1.17574029
v -0.20775203 1.48267181 1.18483708
v -0.22150203 1.46269189 1.20865277
v -0.23849797 1.46269189 1.23809060
v -0.25224797 1.48267181 1.26190630
v -0.33103562 1.51500000 1.21951289
v -0.32428374 1.54732819 1.21146631
v -0.30660708 1.56730811 1.19040009
v -0.28475752 1.56730811 1.16436080
v -0.26708086 1.54732819 1.14329458
v -0.26032898 1.51500000 1.13524800
v -0.26708086 1.48267181 1.14329458
v -0.28475752 1.46269189 1.16436080
v -0.30660708 1.46269189 1.19040009
v -0.32428374 1.48267181 1.21146631
v -0.39451289 1.51500000 1.15603562
v -0.38646631 1.54732819 1.14928374
v -0.36540009 1.56730811 1.13160708
v -0.33936080 1.56730811 1.10975752
v -0.31829458 1.54732819 1.09208086
v -0.31024800 1.51500000 1.08532898
v -0.31829458 1.48267181 1.09208086
v -0.33936080 1.46269189 1.10975752
v -0.36540009 1.46269189 1.13160708
v -0.38646631 1.48267181 1.14928374
v -0.44600308 1.51500000 1.08250000
v -0.43690630 1.54732819 1.07724797
v -0.41309060 1.56730811 1.06349797
v -0.38365277 1.56730811 1.04650203
v -0.35983708 1.54732819 1.03275203
v -0.35074029 1.51500000 1.02750000
v -0.35983708 1.48267181 1.03275203
v -0.38365277 1.46269189 1.04650203
v -0.41309060 1.46269189 1.06349797
v -0.43690630 1.48267181 1.07724797
v -0.48394170 1.51500000 1.00114037
v -0.47407111 1.54732819 0.99754777
v -0.44822956 1.56730811 0.98814222
v -0.41628765 1.56730811 0.97651631
v -0.39044610 1.54732819 0.96711076
v -0.38057551 1.51500000 0.96351816
v -0.39044610 1.48267181 0.96711076
v -0.41628765 1.46269189 0.97651631
v -0.44822956 1.46269189 0.98814222
v -0.47407111 1.48267181 0.99754777
v -0.50717599 1.51500000 0.91442881
v -0.49683151 1.54732819 0.91260480
v -0.46974929 1.56730811 0.90782947
v -0.43627384 1.56730811 0.90192685
v -0.40919162 1.54732819 0.89715152
v -0.39884714 1.51500000 0.89532751
v -0.40919162 1.48267181 0.89715152
v -0.43627384 1.46269189 0.90192685
v -0.46974929 1.46269189 0.90782947
v -0.49683151 1.48267181 0.91260480
v -0.51500000 1.51500000 0.82500000
v -0.50449593 1.54732819 0.82500000
v -0.47699593 1.56730811 0.82500000
v -0.44300407 1.56730811 0.82500000
v -0.41550407 1.54732819 0.82500000
v -0.40500000 1.51500000 0.82500000
v -0.41550407 1.48267181 0.82500000
v -0.44300407 1.46269189 0.82500000
v -0.47699593 1.46269189 0.82500000
v -0.50449593 1.48267181 0.82500000
v -0.50717599 1.51500000 0.73557119
v -0.49683151 1.54732819 0.73739520
v -0.46974929 1.56730811 0.74217053
v -0.43627384 1.56730811 0.74807315
v -0.40919162 1.54732819 0.75284848
v -0.39884714 1.51500000 0.75467249
v -0.40919162 1.48267181 0.75284848
v -0.43627384 1.46269189 0.74807315
v -0.46974929 1.46269189 0.74217053
v -0.49683151 1.48267181 0.73739520
v -0.48394170 1.51500000 0.64885963
v -0.47407111 1.54732819 0.65245223
v -0.44822956 1.56730811 0.66185778
v -0.41628765 1.56730811 0.67348369
v -0.39044610 1.54732819 0.68288924
v -0.38057551 1.51500000 0.68648184
v -0.39044610 1.48267181 0.68288924
v -0.41628765 1.46269189 0.67348369
v -0.44822956 1.46269189 0.66185778
v -0.47407111 1.48267181 0.65245223
v -0.44600308 1.51500000 0.56750000
v -0.43690630 1.54732819 0.57275203
v -0.41309060 1.56730811 0.58650203
v -0.38365277 1.56730811 0.60349797
v -0.35983708 1.54732819 0.61724797
v -0.35074029 1.51500000 0.62250000
v -0.35983708 1.48267181 0.61724797
v -0.38365277 1.46269189 0.60349797
v -0.41309060 1.46269189 0.58650203
v -0.43690630 1.48267181 0.57275203
v -0.39451289 1.51500000 0.49396438
v -0.38646631 1.54732819 0.50071626
v -0.36540009 1.56730811 0.51839292
v -0.33936080 1.56730811 0.54024248
v -0.31829458 1.54732819 0.55791914
v -0.31024800 1.51500000 0.56467102
v -0.31829458 1.48267181 0.55791914
v -0.33936080 1.46269189 0.54024248
v -0.36540009 1.46269189 0.51839292
v -0.38646631 1.48267181 0.50071626
v -0.33103562 1.51500000 0.43048711
v -0.32428374 1.54732819 0.43853369
v -0.30660708 1.56730811 0.45959991
v -0.28475752 1.56730811 0.48563920
v -0.26708086 1.54732819 0.50670542
v -0.26032898 1.51500000 0.51475200
v -0.26708086 1.48267181 0.50670542
v -0.28475752 1.46269189 0.48563920
v -0.30660708 1.46269189 0.45959991
v -0.32428374 1.48267181 0.43853369
v -0.25750000 1.51500000 0.37899692
v -0.25224797 1.54732819 0.38809370
v -0.23849797 1.56730811 0.41190940
v -0.22150203 1.56730811 0.44134723
v -0.20775203 1.54732819 0.46516292
v -0.20250000 1.51500000 0.47425971
v -0.20775203 1.48267181 0.46516292
v -0.22150203 1.46269189 0.44134723
v -0.23849797 1.46269189 0.41190940
v -0.25224797 1.48267181 0.38809370
v -0.17614037 1.51500000 0.34105830
v -0.17254777 1.54732819 0.35092889
v -0.16314222 1.56730811 0.37677044
v -0.15151631 1.56730811 0.40871235
v -0.14211076 1.54732819 0.43455390
v -0.13851816 1.51500000 0.44442449
v -0.14211076 1.48267181 0.43455390
v -0.15151631 1.46269189 0.40871235
v -0.16314222 1.46269189 0.37677044
v -0.17254777 1.48267181 0.35092889
v -0.08942881 1.51500000 0.31782401
v -0.08760480 1.54732819 0.32816849
v -0.08282947 1.56730811 0.35525071
v -0.07692685 1.56730811 0.38872616
v -0.07215152 1.54732819 0.41580838
v -0.07032751 1.51500000 0.42615286
v -0.07215152 1.48267181 0.41580838
v -0.07692685 1.46269189 0.38872616
v -0.08282947 1.46269189 0.35525071
v -0.08760480 1.48267181 0.32816849
v -0.00000000 1.51500000 0.31000000
v -0.00000000 1.54732819 0.32050407
v -0.00000000 1.56730811 0.34800407
v -0.00000000 1.56730811 0.38199593
v -0.00000000 1.54732819 0.40949593
v -0.00000000 1.51500000 0.42000000
v -0.00000000 1.48267181 0.40949593
v -0.00000000 1.46269189 0.38199593
v -0.00000000 1.46269189 0.34800407
v -0.00000000 1.48267181 0.32050407
v 0.08942881 1.51500000 0.31782401
v 0.08760480 1.54732819 0.32816849
v 0.08282947 1.56730811 0.35525071
v 0.07692685 1.56730811 0.38872616
v 0.07215152 1.54732819 0.41580838
v 0.07032751 1.51500000 0.42615286
v 0.07215152 1.48267181 0.41580838
v 0.07692685 1.46269189 0.38872616
v 0.08282947 1.46269189 0.35525071
v 0.08760480 1.48267181 0.32816849
v 0.17614037 1.51500000 0.34105830
v 0.17254777 1.54732819 0.35092889
v 0.16314222 1.56730811 0.37677044
v 0.15151631 1.56730811 0.40871235
v 0.14211076 1.54732819 0.43455390
v 0.13851816 1.51500000 0.44442449
v 0.14211076 1.48267181 0.43455390
v 0.15151631 1.46269189 0.40871235
v 0.16314222 1.46269189 0.37677044
v 0.17254777 1.48267181 0.35092889
v 0.25750000 1.51500000 0.37899692
v 0.25224797 1.54732819 0.38809370
v 0.23849797 1.56730811 0.41190940
v 0.22150203 1.56730811 0.44134723
v 0.20775203 1.54732819 0.46516292
v 0.20250000 1.51500000 0.47425971
v 0.20775203 1.48267181 0.46516292
v 0.22150203 1.46269189 0.44134723
v 0.23849797 1.46269189 0.41190940
v 0.25224797 1.48267181 0.38809370
v 0.33103562 1.51500000 0.43048711
v 0.32428374 1.54732819 0.43853369
v 0.30660708 1.56730811 0.45959991
v 0.28475752 1.56730811 0.48563920
v 0.26708086 1.54732819 0.50670542
v 0.26032898 1.51500000 0.51475200
v 0.26708086 1.48267181 0.50670542
v 0.28475752 1.46269189 0.48563920
v 0.30660708 1.46269189 0.45959991
v 0.32428374 1.48267181 0.43853369
v 0.39451289 1.51500000 0.49396438
v 0.38646631 1.54732819 0.50071626
v 0.36540009 1.56730811 0.51839292
v 0.33936080 1.56730811 0.54024248
v 0.31829458 1.54732819 0.55791914
v 0.31024800 1.51500000 0.56467102
v 0.31829458 1.48267181 0.55791914
v 0.33936080 1.46269189 0.54024248
v 0.36540009 1.46269189 0.51839292
v 0.38646631 1.48267181 0.50071626
v 0.44600308 1.51500000 0.56750000
v 0.43690630 1.54732819 0.57275203
v 0.41309060 1.56730811 0.58650203
v 0.38365277 1.56730811 0.60349797
v 0.35983708 1.54732819 0.61724797
v 0.35074029 1.51500000 0.62250000
v 0.35983708 1.48267181 0.61724797
v 0.38365277 1.46269189 0.60349797
v 0.41309060 1.46269189 0.58650203
v 0.43690630 1.48267181 0.57275203
v 0.48394170 1.51500000 0.64885963
v 0.47407111 1.54732819 0.65245223
v 0.44822956 1.56730811 0.66185778
v 0.41628765 1.56730811 0.67348369
v 0.39044610 1.54732819 0.68288924
v 0.38057551 1.51500000 0.68648184
v 0.39044610 1.48267181 0.68288924
v 0.41628765 1.46269189 0.67348369
v 0.44822956 1.46269189 0.66185778
v 0.47407111 1.48267181 0.65245223
v 0.50717599 1.51500000 0.73557119
v 0.49683151 1.54732819 0.73739520
v 0.46974929 1.56730811 0.74217053
v 0.43627384 1.56730811 0.74807315
v 0.40919162 1.54732819 0.75284848
v 0.39884714 1.51500000 0.75467249
v 0.40919162 1.48267181 0.75284848
v 0.43627384 1.46269189 0.74807315
v 0.46974929 1.46269189 0.74217053
v 0.49683151 1.48267181 0.73739520
v 0.00000000 1.50750000 0.82500000
v 0.53000000 1.50750000 0.82500000
v 0.53000000 1.47250000 0.82500000
v 0.00000000 1.47250000 0.82500000
v 0.51981620 1.50750000 0.92839787
v 0.51981620 1.47250000 0.92839787
v 0.48965615 1.50750000 1.02782222
v 0.48965615 1.47250000 1.02782222
v 0.44067889 1.50750000 1.11945222
v 0.44067889 1.47250000 1.11945222
v 0.37476659 1.50750000 1.19976659
v 0.37476659 1.47250000 1.19976659
v 0.29445222 1.50750000 1.26567889
v 0.29445222 1.47250000 1.26567889
v 0.20282222 1.50750000 1.31465615
v 0.20282222 1.47250000 1.31465615
v 0.10339787 1.50750000 1.34481620
v 0.10339787 1.47250000 1.34481620
v 0.00000000 1.50750000 1.35500000
v 0.00000000 1.47250000 1.35500000
v -0.10339787 1.50750000 1.34481620
v -0.10339787 1.47250000 1.34481620
v -0.20282222 1.50750000 1.31465615
v -0.20282222 1.47250000 1.31465615
v -0.29445222 1.50750000 1.26567889
v -0.29445222 1.47250000 1.26567889
v -0.37476659 1.50750000 1.19976659
v -0.37476659 1.47250000 1.19976659
v -0.44067889 1.50750000 1.11945222
v -0.44067889 1.47250000 1.11945222
v -0.48965615 1.50750000 1.02782222
v -0.48965615 1.47250000 1.02782222
v -0.51981620 1.50750000 0.92839787
v -0.51981620 1.47250000 0.92839787
v -0.53000000 1.50750000 0.82500000
v -0.53000000 1.47250000 0.82500000
v -0.51981620 1.50750000 0.72160213
v -0.51981620 1.47250000 0.72160213
v -0.48965615 1.50750000 0.62217778
v -0.48965615 1.47250000 0.62217778
v -0.44067889 1.50750000 0.53054778
v -0.44067889 1.47250000 0.53054778
v -0.37476659 1.50750000 0.45023341
v -0.37476659 1.47250000 0.45023341
v -0.29445222 1.50750000 0.38432111
v -0.29445222 1.47250000 0.38432111
v -0.20282222 1.50750000 0.33534385
v -0.20282222 1.47250000 0.33534385
v -0.10339787 1.50750000 0.30518380
v -0.10339787 1.47250000 0.30518380
v -0.00000000 1.50750000 0.29500000
v -0.00000000 1.47250000 0.29500000
v 0.10339787 1.50750000 0.30518380
v 0.10339787 1.47250000 0.30518380
v 0.20282222 1.50750000 0.33534385
v 0.20282222 1.47250000 0.33534385
v 0.29445222 1.50750000 0.38432111
v 0.29445222 1.47250000 0.38432111
v 0.37476659 1.50750000 0.45023341
v 0.37476659 1.47250000 0.45023341
v 0.44067889 1.50750000 0.53054778
v 0.44067889 1.47250000 0.53054778
v 0.48965615 1.50750000 0.62217778
v 0.48965615 1.47250000 0.62217778
v 0.51981620 1.50750000 0.72160213
v 0.51981620 1.47250000 0.72160213
v -0.67000000 1.48250000 -0.19000000
v -0.67000000 1.48250000 0.49000000
v -0.67000000 1.52750000 -0.19000000
v -0.67000000 1.52750000 0.49000000
v 0.67000000 1.48250000 -0.19000000
v 0.67000000 1.48250000 0.49000000
v 0.67000000 1.52750000 -0.19000000
v 0.67000000 1.52750000 0.49000000
v -0.60000000 1.48400000 -0.72000000
v -0.60000000 1.48400000 -0.32000000
v -0.60000000 1.53600000 -0.72000000
v -0.60000000 1.53600000 -0.32000000
v -0.08000000 1.48400000 -0.72000000
v -0.08000000 1.48400000 -0.32000000
v -0.08000000 1.53600000 -0.72000000
v -0.08000000 1.53600000 -0.32000000
v -0.62500000 0.83398693 -2.26549169
v -0.62500000 1.10628043 -1.75338209
v -0.62500000 0.87371957 -2.28661791
v -0.62500000 1.14601307 -1.77450831
v 0.62500000 0.83398693 -2.26549169
v 0.62500000 1.10628043 -1.75338209
v 0.62500000 0.87371957 -2.28661791
v 0.62500000 1.14601307 -1.77450831
v -0.36000000 1.09344396 -1.63552077
v -0.36000000 1.15189666 -1.21960818
v -0.36000000 1.12810334 -1.64039182
v -0.36000000 1.18655604 -1.22447923
v 0.36000000 1.09344396 -1.63552077
v 0.36000000 1.15189666 -1.21960818
v 0.36000000 1.12810334 -1.64039182
v 0.36000000 1.18655604 -1.22447923
v -1.31250000 1.14250000 -1.73000000
v -1.31250000 1.14250000 1.97000000
v -1.31250000 1.19750000 -1.73000000
v -1.31250000 1.19750000 1.97000000
v -1.25750000 1.14250000 -1.73000000
v -1.25750000 1.14250000 1.97000000
v -1.25750000 1.19750000 -1.73000000
v -1.25750000 1.19750000 1.97000000
v -1.31750000 1.18500000 -1.87000000
v -1.31750000 1.18500000 -1.09000000
v -1.31750000 1.25500000 -1.87000000
v -1.31750000 1.25500000 -1.09000000
v -1.25250000 1.18500000 -1.87000000
v -1.25250000 1.18500000 -1.09000000
v -1.25250000 1.25500000 -1.87000000
v -1.25250000 1.25500000 -1.09000000
v 1.25750000 1.14250000 -1.73000000
v 1.25750000 1.14250000 1.97000000
v 1.25750000 1.19750000 -1.73000000
v 1.25750000 1.19750000 1.97000000
v 1.31250000 1.14250000 -1.73000000
v 1.31250000 1.14250000 1.97000000
v 1.31250000 1.19750000 -1.73000000
v 1.31250000 1.19750000 1.97000000
v 1.25250000 1.18500000 -1.87000000
v 1.25250000 1.18500000 -1.09000000
v 1.25250000 1.25500000 -1.87000000
v 1.25250000 1.25500000 -1.09000000
v 1.31750000 1.18500000 -1.87000000
v 1.31750000 1.18500000 -1.09000000
v 1.31750000 1.25500000 -1.87000000
v 1.31750000 1.25500000 -1.09000000
v -0.66250000 1.53250000 0.19000000
v -0.66250000 1.53250000 0.67000000
v -0.66250000 1.55750000 0.19000000
v -0.66250000 1.55750000 0.67000000
v -0.61750000 1.53250000 0.19000000
v -0.61750000 1.53250000 0.67000000
v -0.61750000 1.55750000 0.19000000
v -0.61750000 1.55750000 0.67000000
v -0.57250000 1.53250000 0.19000000
v -0.57250000 1.53250000 0.67000000
v -0.57250000 1.55750000 0.19000000
v -0.57250000 1.55750000 0.67000000
v -0.52750000 1.53250000 0.19000000
v -0.52750000 1.53250000 0.67000000
v -0.52750000 1.55750000 0.19000000
v -0.52750000 1.55750000 0.67000000
v -0.48250000 1.53250000 0.19000000
v -0.48250000 1.53250000 0.67000000
v -0.48250000 1.55750000 0.19000000
v -0.48250000 1.55750000 0.67000000
v -0.43750000 1.53250000 0.19000000
v -0.43750000 1.53250000 0.67000000
v -0.43750000 1.55750000 0.19000000
v -0.43750000 1.55750000 0.67000000
v -0.39250000 1.53250000 0.19000000
v -0.39250000 1.53250000 0.67000000
v -0.39250000 1.55750000 0.19000000
v -0.39250000 1.55750000 0.67000000
v -0.34750000 1.53250000 0.19000000
v -0.34750000 1.53250000 0.67000000
v -0.34750000 1.55750000 0.19000000
v -0.34750000 1.55750000 0.67000000
v -0.30250000 1.53250000 0.19000000
v -0.30250000 1.53250000 0.67000000
v -0.30250000 1.55750000 0.19000000
v -0.30250000 1.55750000 0.67000000
v -0.25750000 1.53250000 0.19000000
v -0.25750000 1.53250000 0.67000000
v -0.25750000 1.55750000 0.19000000
v -0.25750000 1.55750000 0.67000000
v -0.21250000 1.53250000 0.19000000
v -0.21250000 1.53250000 0.67000000
v -0.21250000 1.55750000 0.19000000
v -0.21250000 1.55750000 0.67000000
v -0.16750000 1.53250000 0.19000000
v -0.16750000 1.53250000 0.67000000
v -0.16750000 1.55750000 0.19000000
v -0.16750000 1.55750000 0.67000000
v -0.12250000 1.53250000 0.19000000
v -0.12250000 1.53250000 0.67000000
v -0.12250000 1.55750000 0.19000000
v -0.12250000 1.55750000 0.67000000
v -0.07750000 1.53250000 0.19000000
v -0.07750000 1.53250000 0.67000000
v -0.07750000 1.55750000 0.19000000
v -0.07750000 1.55750000 0.67000000
v 0.42000000 1.53300000 1.33250000
v 0.42000000 1.53300000 1.36750000
v 0.42000000 1.55700000 1.33250000
v 0.42000000 1.55700000 1.36750000
v 0.82000000 1.53300000 1.33250000
v 0.82000000 1.53300000 1.36750000
v 0.82000000 1.55700000 1.33250000
v 0.82000000 1.55700000 1.36750000
v 0.42000000 1.53300000 1.40750000
v 0.42000000 1.53300000 1.44250000
v 0.42000000 1.55700000 1.40750000
v 0.42000000 1.55700000 1.44250000
v 0.82000000 1.53300000 1.40750000
v 0.82000000 1.53300000 1.44250000
v 0.82000000 1.55700000 1.40750000
v 0.82000000 1.55700000 1.44250000
v 0.42000000 1.53300000 1.48250000
v 0.42000000 1.53300000 1.51750000
v 0.42000000 1.55700000 1.48250000
v 0.42000000 1.55700000 1.51750000
v 0.82000000 1.53300000 1.48250000
v 0.82000000 1.53300000 1.51750000
v 0.82000000 1.55700000 1.48250000
v 0.82000000 1.55700000 1.51750000
v 0.42000000 1.53300000 1.55750000
v 0.42000000 1.53300000 1.59250000
v 0.42000000 1.55700000 1.55750000
v 0.42000000 1.55700000 1.59250000
v 0.82000000 1.53300000 1.55750000
v 0.82000000 1.53300000 1.59250000
v 0.82000000 1.55700000 1.55750000
v 0.82000000 1.55700000 1.59250000
v 0.42000000 1.53300000 1.63250000
v 0.42000000 1.53300000 1.66750000
v 0.42000000 1.55700000 1.63250000
v 0.42000000 1.55700000 1.66750000
v 0.82000000 1.53300000 1.63250000
v 0.82000000 1.53300000 1.66750000
v 0.82000000 1.55700000 1.63250000
v 0.82000000 1.55700000 1.66750000
v 0.42000000 1.53300000 1.70750000
v 0.42000000 1.53300000 1.74250000
v 0.42000000 1.55700000 1.70750000
v 0.42000000 1.55700000 1.74250000
v 0.82000000 1.53300000 1.70750000
v 0.82000000 1.53300000 1.74250000
v 0.82000000 1.55700000 1.70750000
v 0.82000000 1.55700000 1.74250000
v -0.92750000 1.47900000 0.51500000
v -0.92750000 1.47900000 0.74500000
v -0.92750000 1.50100000 0.51500000
v -0.92750000 1.50100000 0.74500000
v -0.89250000 1.47900000 0.51500000
v -0.89250000 1.47900000 0.74500000
v -0.89250000 1.50100000 0.51500000
v -0.89250000 1.50100000 0.74500000
v -0.97250000 1.47900000 0.51500000
v -0.97250000 1.47900000 0.74500000
v -0.97250000 1.50100000 0.51500000
v -0.97250000 1.50100000 0.74500000
v -0.93750000 1.47900000 0.51500000
v -0.93750000 1.47900000 0.74500000
v -0.93750000 1.50100000 0.51500000
v -0.93750000 1.50100000 0.74500000
v -1.01750000 1.47900000 0.51500000
v -1.01750000 1.47900000 0.74500000
v -1.01750000 1.50100000 0.51500000
v -1.01750000 1.50100000 0.74500000
v -0.98250000 1.47900000 0.51500000
v -0.98250000 1.47900000 0.74500000
v -0.98250000 1.50100000 0.51500000
v -0.98250000 1.50100000 0.74500000
v -1.06250000 1.47900000 0.51500000
v -1.06250000 1.47900000 0.74500000
v -1.06250000 1.50100000 0.51500000
v -1.06250000 1.50100000 0.74500000
v -1.02750000 1.47900000 0.51500000
v -1.02750000 1.47900000 0.74500000
v -1.02750000 1.50100000 0.51500000
v -1.02750000 1.50100000 0.74500000
v 0.89250000 1.47900000 0.51500000
v 0.89250000 1.47900000 0.74500000
v 0.89250000 1.50100000 0.51500000
v 0.89250000 1.50100000 0.74500000
v 0.92750000 1.47900000 0.51500000
v 0.92750000 1.47900000 0.74500000
v 0.92750000 1.50100000 0.51500000
v 0.92750000 1.50100000 0.74500000
v 0.93750000 1.47900000 0.51500000
v 0.93750000 1.47900000 0.74500000
v 0.93750000 1.50100000 0.51500000
v 0.93750000 1.50100000 0.74500000
v 0.97250000 1.47900000 0.51500000
v 0.97250000 1.47900000 0.74500000
v 0.97250000 1.50100000 0.51500000
v 0.97250000 1.50100000 0.74500000
v 0.98250000 1.47900000 0.51500000
v 0.98250000 1.47900000 0.74500000
v 0.98250000 1.50100000 0.51500000
v 0.98250000 1.50100000 0.74500000
v 1.01750000 1.47900000 0.51500000
v 1.01750000 1.47900000 0.74500000
v 1.01750000 1.50100000 0.51500000
v 1.01750000 1.50100000 0.74500000
v 1.02750000 1.47900000 0.51500000
v 1.02750000 1.47900000 0.74500000
v 1.02750000 1.50100000 0.51500000
v 1.02750000 1.50100000 0.74500000
v 1.06250000 1.47900000 0.51500000
v 1.06250000 1.47900000 0.74500000
v 1.06250000 1.50100000 0.51500000
v 1.06250000 1.50100000 0.74500000
v -0.64000000 0.99000000 -2.26250000
v -0.54500000 0.99000000 -2.26250000
v -0.54500000 0.99000000 -2.17750000
v -0.64000000 0.99000000 -2.17750000
v -0.55440796 1.03121896 -2.26250000
v -0.55440796 1.03121896 -2.17750000
v -0.58076847 1.06427399 -2.26250000
v -0.58076847 1.06427399 -2.17750000
v -0.61886051 1.08261815 -2.26250000
v -0.61886051 1.08261815 -2.17750000
v -0.66113949 1.08261815 -2.26250000
v -0.66113949 1.08261815 -2.17750000
v -0.69923153 1.06427399 -2.26250000
v -0.69923153 1.06427399 -2.17750000
v -0.72559204 1.03121896 -2.26250000
v -0.72559204 1.03121896 -2.17750000
v -0.73500000 0.99000000 -2.26250000
v -0.73500000 0.99000000 -2.17750000
v -0.72559204 0.94878104 -2.26250000
v -0.72559204 0.94878104 -2.17750000
v -0.69923153 0.91572601 -2.26250000
v -0.69923153 0.91572601 -2.17750000
v -0.66113949 0.89738185 -2.26250000
v -0.66113949 0.89738185 -2.17750000
v -0.61886051 0.89738185 -2.26250000
v -0.61886051 0.89738185 -2.17750000
v -0.58076847 0.91572601 -2.26250000
v -0.58076847 0.91572601 -2.17750000
v -0.55440796 0.94878104 -2.26250000
v -0.55440796 0.94878104 -2.17750000
v -0.64000000 0.99000000 -2.31650000
v -0.57800000 0.99000000 -2.31650000
v -0.57800000 0.99000000 -2.22350000
v -0.64000000 0.99000000 -2.22350000
v -0.58413993 1.01690079 -2.31650000
v -0.58413993 1.01690079 -2.22350000
v -0.60134363 1.03847355 -2.31650000
v -0.60134363 1.03847355 -2.22350000
v -0.62620370 1.05044553 -2.31650000
v -0.62620370 1.05044553 -2.22350000
v -0.65379630 1.05044553 -2.31650000
v -0.65379630 1.05044553 -2.22350000
v -0.67865637 1.03847355 -2.31650000
v -0.67865637 1.03847355 -2.22350000
v -0.69586007 1.01690079 -2.31650000
v -0.69586007 1.01690079 -2.22350000
v -0.70200000 0.99000000 -2.31650000
v -0.70200000 0.99000000 -2.22350000
v -0.69586007 0.96309921 -2.31650000
v -0.69586007 0.96309921 -2.22350000
v -0.67865637 0.94152645 -2.31650000
v -0.67865637 0.94152645 -2.22350000
v -0.65379630 0.92955447 -2.31650000
v -0.65379630 0.92955447 -2.22350000
v -0.62620370 0.92955447 -2.31650000
v -0.62620370 0.92955447 -2.22350000
v -0.60134363 0.94152645 -2.31650000
v -0.60134363 0.94152645 -2.22350000
v -0.58413993 0.96309921 -2.31650000
v -0.58413993 0.96309921 -2.22350000
v 0.64000000 0.99000000 -2.26250000
v 0.73500000 0.99000000 -2.26250000
v 0.73500000 0.99000000 -2.17750000
v 0.64000000 0.99000000 -2.17750000
v 0.72559204 1.03121896 -2.26250000
v 0.72559204 1.03121896 -2.17750000
v 0.69923153 1.06427399 -2.26250000
v 0.69923153 1.06427399 -2.17750000
v 0.66113949 1.08261815 -2.26250000
v 0.66113949 1.08261815 -2.17750000
v 0.61886051 1.08261815 -2.26250000
v 0.61886051 1.08261815 -2.17750000
v 0.58076847 1.06427399 -2.26250000
v 0.58076847 1.06427399 -2.17750000
v 0.55440796 1.03121896 -2.26250000
v 0.55440796 1.03121896 -2.17750000
v 0.54500000 0.99000000 -2.26250000
v 0.54500000 0.99000000 -2.17750000
v 0.55440796 0.94878104 -2.26250000
v 0.55440796 0.94878104 -2.17750000
v 0.58076847 0.91572601 -2.26250000
v 0.58076847 0.91572601 -2.17750000
v 0.61886051 0.89738185 -2.26250000
v 0.61886051 0.89738185 -2.17750000
v 0.66113949 0.89738185 -2.26250000
v 0.66113949 0.89738185 -2.17750000
v 0.69923153 0.91572601 -2.26250000
v 0.69923153 0.91572601 -2.17750000
v 0.72559204 0.94878104 -2.26250000
v 0.72559204 0.94878104 -2.17750000
v 0.64000000 0.99000000 -2.31650000
v 0.70200000 0.99000000 -2.31650000
v 0.70200000 0.99000000 -2.22350000
v 0.64000000 0.99000000 -2.22350000
v 0.69586007 1.01690079 -2.31650000
v 0.69586007 1.01690079 -2.22350000
v 0.67865637 1.03847355 -2.31650000
v 0.67865637 1.03847355 -2.22350000
v 0.65379630 1.05044553 -2.31650000
v 0.65379630 1.05044553 -2.22350000
v 0.62620370 1.05044553 -2.31650000
v 0.62620370 1.05044553 -2.22350000
v 0.60134363 1.03847355 -2.31650000
v 0.60134363 1.03847355 -2.22350000
v 0.58413993 1.01690079 -2.31650000
v 0.58413993 1.01690079 -2.22350000
v 0.57800000 0.99000000 -2.31650000
v 0.57800000 0.99000000 -2.22350000
v 0.58413993 0.96309921 -2.31650000
v 0.58413993 0.96309921 -2.22350000
v 0.60134363 0.94152645 -2.31650000
v 0.60134363 0.94152645 -2.22350000
v 0.62620370 0.92955447 -2.31650000
v 0.62620370 0.92955447 -2.22350000
v 0.65379630 0.92955447 -2.31650000
v 0.65379630 0.92955447 -2.22350000
v 0.67865637 0.94152645 -2.31650000
v 0.67865637 0.94152645 -2.22350000
v 0.69586007 0.96309921 -2.31650000
v 0.69586007 0.96309921 -2.22350000
v -0.71366901 1.54711692 -1.33000000
v -0.68633099 1.54711692 -1.33000000
v -0.71366901 1.50288308 -1.33000000
v -0.68633099 1.50288308 -1.33000000
v -0.70000000 1.51133099 -1.30788308
v -0.70000000 1.53866901 -1.30788308
v -0.70000000 1.51133099 -1.35211692
v -0.70000000 1.53866901 -1.35211692
v -0.67788308 1.52500000 -1.34366901
v -0.67788308 1.52500000 -1.31633099
v -0.72211692 1.52500000 -1.34366901
v -0.72211692 1.52500000 -1.31633099
v -0.70000000 1.55100000 -1.33000000
v -0.70000000 1.49900000 -1.33000000
v -0.70803444 1.50396556 -1.31700000
v -0.69196556 1.50396556 -1.31700000
v -0.70803444 1.54603444 -1.31700000
v -0.69196556 1.54603444 -1.31700000
v -0.70000000 1.52500000 -1.30400000
v -0.70803444 1.50396556 -1.34300000
v -0.69196556 1.50396556 -1.34300000
v -0.70803444 1.54603444 -1.34300000
v -0.69196556 1.54603444 -1.34300000
v -0.70000000 1.52500000 -1.35600000
v -0.67896556 1.53800000 -1.33803444
v -0.67896556 1.51200000 -1.33803444
v -0.68700000 1.51696556 -1.35103444
v -0.68700000 1.53303444 -1.35103444
v -0.67896556 1.53800000 -1.32196556
v -0.67896556 1.51200000 -1.32196556
v -0.68700000 1.51696556 -1.30896556
v -0.68700000 1.53303444 -1.30896556
v -0.67400000 1.52500000 -1.33000000
v -0.72103444 1.53800000 -1.33803444
v -0.72103444 1.51200000 -1.33803444
v -0.71300000 1.51696556 -1.35103444
v -0.71300000 1.53303444 -1.35103444
v -0.72103444 1.53800000 -1.32196556
v -0.72103444 1.51200000 -1.32196556
v -0.71300000 1.51696556 -1.30896556
v -0.71300000 1.53303444 -1.30896556
v -0.72600000 1.52500000 -1.33000000
v -0.51366901 1.54711692 -1.33000000
v -0.48633099 1.54711692 -1.33000000
v -0.51366901 1.50288308 -1.33000000
v -0.48633099 1.50288308 -1.33000000
v -0.50000000 1.51133099 -1.30788308
v -0.50000000 1.53866901 -1.30788308
v -0.50000000 1.51133099 -1.35211692
v -0.50000000 1.53866901 -1.35211692
v -0.47788308 1.52500000 -1.34366901
v -0.47788308 1.52500000 -1.31633099
v -0.52211692 1.52500000 -1.34366901
v -0.52211692 1.52500000 -1.31633099
v -0.50000000 1.55100000 -1.33000000
v -0.50000000 1.49900000 -1.33000000
v -0.50803444 1.50396556 -1.31700000
v -0.49196556 1.50396556 -1.31700000
v -0.50803444 1.54603444 -1.31700000
v -0.49196556 1.54603444 -1.31700000
v -0.50000000 1.52500000 -1.30400000
v -0.50803444 1.50396556 -1.34300000
v -0.49196556 1.50396556 -1.34300000
v -0.50803444 1.54603444 -1.34300000
v -0.49196556 1.54603444 -1.34300000
v -0.50000000 1.52500000 -1.35600000
v -0.47896556 1.53800000 -1.33803444
v -0.47896556 1.51200000 -1.33803444
v -0.48700000 1.51696556 -1.35103444
v -0.48700000 1.53303444 -1.35103444
v -0.47896556 1.53800000 -1.32196556
v -0.47896556 1.51200000 -1.32196556
v -0.48700000 1.51696556 -1.30896556
v -0.48700000 1.53303444 -1.30896556
v -0.47400000 1.52500000 -1.33000000
v -0.52103444 1.53800000 -1.33803444
v -0.52103444 1.51200000 -1.33803444
v -0.51300000 1.51696556 -1.35103444
v -0.51300000 1.53303444 -1.35103444
v -0.52103444 1.53800000 -1.32196556
v -0.52103444 1.51200000 -1.32196556
v -0.51300000 1.51696556 -1.30896556
v -0.51300000 1.53303444 -1.30896556
v -0.52600000 1.52500000 -1.33000000
v -0.31366901 1.54711692 -1.33000000
v -0.28633099 1.54711692 -1.33000000
v -0.31366901 1.50288308 -1.33000000
v -0.28633099 1.50288308 -1.33000000
v -0.30000000 1.51133099 -1.30788308
v -0.30000000 1.53866901 -1.30788308
v -0.30000000 1.51133099 -1.35211692
v -0.30000000 1.53866901 -1.35211692
v -0.27788308 1.52500000 -1.34366901
v -0.27788308 1.52500000 -1.31633099
v -0.32211692 1.52500000 -1.34366901
v -0.32211692 1.52500000 -1.31633099
v -0.30000000 1.55100000 -1.33000000
v -0.30000000 1.49900000 -1.33000000
v -0.30803444 1.50396556 -1.31700000
v -0.29196556 1.50396556 -1.31700000
v -0.30803444 1.54603444 -1.31700000
v -0.29196556 1.54603444 -1.31700000
v -0.30000000 1.52500000 -1.30400000
v -0.30803444 1.50396556 -1.34300000
v -0.29196556 1.50396556 -1.34300000
v -0.30803444 1.54603444 -1.34300000
v -0.29196556 1.54603444 -1.34300000
v -0.30000000 1.52500000 -1.35600000
v -0.27896556 1.53800000 -1.33803444
v -0.27896556 1.51200000 -1.33803444
v -0.28700000 1.51696556 -1.35103444
v -0.28700000 1.53303444 -1.35103444
v -0.27896556 1.53800000 -1.32196556
v -0.27896556 1.51200000 -1.32196556
v -0.28700000 1.51696556 -1.30896556
v -0.28700000 1.53303444 -1.30896556
v -0.27400000 1.52500000 -1.33000000
v -0.32103444 1.53800000 -1.33803444
v -0.32103444 1.51200000 -1.33803444
v -0.31300000 1.51696556 -1.35103444
v -0.31300000 1.53303444 -1.35103444
v -0.32103444 1.53800000 -1.32196556
v -0.32103444 1.51200000 -1.32196556
v -0.31300000 1.51696556 -1.30896556
v -0.31300000 1.53303444 -1.30896556
v -0.32600000 1.52500000 -1.33000000
v -0.11366901 1.54711692 -1.33000000
v -0.08633099 1.54711692 -1.33000000
v -0.11366901 1.50288308 -1.33000000
v -0.08633099 1.50288308 -1.33000000
v -0.10000000 1.51133099 -1.30788308
v -0.10000000 1.53866901 -1.30788308
v -0.10000000 1.51133099 -1.35211692
v -0.10000000 1.53866901 -1.35211692
v -0.07788308 1.52500000 -1.34366901
v -0.07788308 1.52500000 -1.31633099
v -0.12211692 1.52500000 -1.34366901
v -0.12211692 1.52500000 -1.31633099
v -0.10000000 1.55100000 -1.33000000
v -0.10000000 1.49900000 -1.33000000
v -0.10803444 1.50396556 -1.31700000
v -0.09196556 1.50396556 -1.31700000
v -0.10803444 1.54603444 -1.31700000
v -0.09196556 1.54603444 -1.31700000
v -0.10000000 1.52500000 -1.30400000
v -0.10803444 1.50396556 -1.34300000
v -0.09196556 1.50396556 -1.34300000
v -0.10803444 1.54603444 -1.34300000
v -0.09196556 1.54603444 -1.34300000
v -0.10000000 1.52500000 -1.35600000
v -0.07896556 1.53800000 -1.33803444
v -0.07896556 1.51200000 -1.33803444
v -0.08700000 1.51696556 -1.35103444
v -0.08700000 1.53303444 -1.35103444
v -0.07896556 1.53800000 -1.32196556
v -0.07896556 1.51200000 -1.32196556
v -0.08700000 1.51696556 -1.30896556
v -0.08700000 1.53303444 -1.30896556
v -0.07400000 1.52500000 -1.33000000
v -0.12103444 1.53800000 -1.33803444
v -0.12103444 1.51200000 -1.33803444
v -0.11300000 1.51696556 -1.35103444
v -0.11300000 1.53303444 -1.35103444
v -0.12103444 1.53800000 -1.32196556
v -0.12103444 1.51200000 -1.32196556
v -0.11300000 1.51696556 -1.30896556
v -0.11300000 1.53303444 -1.30896556
v -0.12600000 1.52500000 -1.33000000
v 0.08633099 1.54711692 -1.33000000
v 0.11366901 1.54711692 -1.33000000
v 0.08633099 1.50288308 -1.33000000
v 0.11366901 1.50288308 -1.33000000
v 0.10000000 1.51133099 -1.30788308
v 0.10000000 1.53866901 -1.30788308
v 0.10000000 1.51133099 -1.35211692
v 0.10000000 1.53866901 -1.35211692
v 0.12211692 1.52500000 -1.34366901
v 0.12211692 1.52500000 -1.31633099
v 0.07788308 1.52500000 -1.34366901
v 0.07788308 1.52500000 -1.31633099
v 0.10000000 1.55100000 -1.33000000
v 0.10000000 1.49900000 -1.33000000
v 0.09196556 1.50396556 -1.31700000
v 0.10803444 1.50396556 -1.31700000
v 0.09196556 1.54603444 -1.31700000
v 0.10803444 1.54603444 -1.31700000
v 0.10000000 1.52500000 -1.30400000
v 0.09196556 1.50396556 -1.34300000
v 0.10803444 1.50396556 -1.34300000
v 0.09196556 1.54603444 -1.34300000
v 0.10803444 1.54603444 -1.34300000
v 0.10000000 1.52500000 -1.35600000
v 0.12103444 1.53800000 -1.33803444
v 0.12103444 1.51200000 -1.33803444
v 0.11300000 1.51696556 -1.35103444
v 0.11300000 1.53303444 -1.35103444
v 0.12103444 1.53800000 -1.32196556
v 0.12103444 1.51200000 -1.32196556
v 0.11300000 1.51696556 -1.30896556
v 0.11300000 1.53303444 -1.30896556
v 0.12600000 1.52500000 -1.33000000
v 0.07896556 1.53800000 -1.33803444
v 0.07896556 1.51200000 -1.33803444
v 0.08700000 1.51696556 -1.35103444
v 0.08700000 1.53303444 -1.35103444
v 0.07896556 1.53800000 -1.32196556
v 0.07896556 1.51200000 -1.32196556
v 0.08700000 1.51696556 -1.30896556
v 0.08700000 1.53303444 -1.30896556
v 0.07400000 1.52500000 -1.33000000
v 0.28633099 1.54711692 -1.33000000
v 0.31366901 1.54711692 -1.33000000
v 0.28633099 1.50288308 -1.33000000
v 0.31366901 1.50288308 -1.33000000
v 0.30000000 1.51133099 -1.30788308
v 0.30000000 1.53866901 -1.30788308
v 0.30000000 1.51133099 -1.35211692
v 0.30000000 1.53866901 -1.35211692
v 0.32211692 1.52500000 -1.34366901
v 0.32211692 1.52500000 -1.31633099
v 0.27788308 1.52500000 -1.34366901
v 0.27788308 1.52500000 -1.31633099
v 0.30000000 1.55100000 -1.33000000
v 0.30000000 1.49900000 -1.33000000
v 0.29196556 1.50396556 -1.31700000
v 0.30803444 1.50396556 -1.31700000
v 0.29196556 1.54603444 -1.31700000
v 0.30803444 1.54603444 -1.31700000
v 0.30000000 1.52500000 -1.30400000
v 0.29196556 1.50396556 -1.34300000
v 0.30803444 1.50396556 -1.34300000
v 0.29196556 1.54603444 -1.34300000
v 0.30803444 1.54603444 -1.34300000
v 0.30000000 1.52500000 -1.35600000
v 0.32103444 1.53800000 -1.33803444
v 0.32103444 1.51200000 -1.33803444
v 0.31300000 1.51696556 -1.35103444
v 0.31300000 1.53303444 -1.35103444
v 0.32103444 1.53800000 -1.32196556
v 0.32103444 1.51200000 -1.32196556
v 0.31300000 1.51696556 -1.30896556
v 0.31300000 1.53303444 -1.30896556
v 0.32600000 1.52500000 -1.33000000
v 0.27896556 1.53800000 -1.33803444
v 0.27896556 1.51200000 -1.33803444
v 0.28700000 1.51696556 -1.35103444
v 0.28700000 1.53303444 -1.35103444
v 0.27896556 1.53800000 -1.32196556
v 0.27896556 1.51200000 -1.32196556
v 0.28700000 1.51696556 -1.30896556
v 0.28700000 1.53303444 -1.30896556
v 0.27400000 1.52500000 -1.33000000
v 0.48633099 1.54711692 -1.33000000
v 0.51366901 1.54711692 -1.33000000
v 0.48633099 1.50288308 -1.33000000
v 0.51366901 1.50288308 -1.33000000
v 0.50000000 1.51133099 -1.30788308
v 0.50000000 1.53866901 -1.30788308
v 0.50000000 1.51133099 -1.35211692
v 0.50000000 1.53866901 -1.35211692
v 0.52211692 1.52500000 -1.34366901
v 0.52211692 1.52500000 -1.31633099
v 0.47788308 1.52500000 -1.34366901
v 0.47788308 1.52500000 -1.31633099
v 0.50000000 1.55100000 -1.33000000
v 0.50000000 1.49900000 -1.33000000
v 0.49196556 1.50396556 -1.31700000
v 0.50803444 1.50396556 -1.31700000
v 0.49196556 1.54603444 -1.31700000
v 0.50803444 1.54603444 -1.31700000
v 0.50000000 1.52500000 -1.30400000
v 0.49196556 1.50396556 -1.34300000
v 0.50803444 1.50396556 -1.34300000
v 0.49196556 1.54603444 -1.34300000
v 0.50803444 1.54603444 -1.34300000
v 0.50000000 1.52500000 -1.35600000
v 0.52103444 1.53800000 -1.33803444
v 0.52103444 1.51200000 -1.33803444
v 0.51300000 1.51696556 -1.35103444
v 0.51300000 1.53303444 -1.35103444
v 0.52103444 1.53800000 -1.32196556
v 0.52103444 1.51200000 -1.32196556
v 0.51300000 1.51696556 -1.30896556
v 0.51300000 1.53303444 -1.30896556
v 0.52600000 1.52500000 -1.33000000
v 0.47896556 1.53800000 -1.33803444
v 0.47896556 1.51200000 -1.33803444
v 0.48700000 1.51696556 -1.35103444
v 0.48700000 1.53303444 -1.35103444
v 0.47896556 1.53800000 -1.32196556
v 0.47896556 1.51200000 -1.32196556
v 0.48700000 1.51696556 -1.30896556
v 0.48700000 1.53303444 -1.30896556
v 0.47400000 1.52500000 -1.33000000
v 0.68633099 1.54711692 -1.33000000
v 0.71366901 1.54711692 -1.33000000
v 0.68633099 1.50288308 -1.33000000
v 0.71366901 1.50288308 -1.33000000
v 0.70000000 1.51133099 -1.30788308
v 0.70000000 1.53866901 -1.30788308
v 0.70000000 1.51133099 -1.35211692
v 0.70000000 1.53866901 -1.35211692
v 0.72211692 1.52500000 -1.34366901
v 0.72211692 1.52500000 -1.31633099
v 0.67788308 1.52500000 -1.34366901
v 0.67788308 1.52500000 -1.31633099
v 0.70000000 1.55100000 -1.33000000
v 0.70000000 1.49900000 -1.33000000
v 0.69196556 1.50396556 -1.31700000
v 0.70803444 1.50396556 -1.31700000
v 0.69196556 1.54603444 -1.31700000
v 0.70803444 1.54603444 -1.31700000
v 0.70000000 1.52500000 -1.30400000
v 0.69196556 1.50396556 -1.34300000
v 0.70803444 1.50396556 -1.34300000
v 0.69196556 1.54603444 -1.34300000
v 0.70803444 1.54603444 -1.34300000
v 0.70000000 1.52500000 -1.35600000
v 0.72103444 1.53800000 -1.33803444
v 0.72103444 1.51200000 -1.33803444
v 0.71300000 1.51696556 -1.35103444
v 0.71300000 1.53303444 -1.35103444
v 0.72103444 1.53800000 -1.32196556
v 0.72103444 1.51200000 -1.32196556
v 0.71300000 1.51696556 -1.30896556
v 0.71300000 1.53303444 -1.30896556
v 0.72600000 1.52500000 -1.33000000
v 0.67896556 1.53800000 -1.33803444
v 0.67896556 1.51200000 -1.33803444
v 0.68700000 1.51696556 -1.35103444
v 0.68700000 1.53303444 -1.35103444
v 0.67896556 1.53800000 -1.32196556
v 0.67896556 1.51200000 -1.32196556
v 0.68700000 1.51696556 -1.30896556
v 0.68700000 1.53303444 -1.30896556
v 0.67400000 1.52500000 -1.33000000
v -0.79209182 1.53456497 -1.15000000
v -0.76790818 1.53456497 -1.15000000
v -0.79209182 1.49543503 -1.15000000
v -0.76790818 1.49543503 -1.15000000
v -0.78000000 1.50290818 -1.13043503
v -0.78000000 1.52709182 -1.13043503
v -0.78000000 1.50290818 -1.16956497
v -0.78000000 1.52709182 -1.16956497
v -0.76043503 1.51500000 -1.16209182
v -0.76043503 1.51500000 -1.13790818
v -0.79956497 1.51500000 -1.16209182
v -0.79956497 1.51500000 -1.13790818
v -0.78000000 1.53800000 -1.15000000
v -0.78000000 1.49200000 -1.15000000
v -0.78710739 1.49639261 -1.13850000
v -0.77289261 1.49639261 -1.13850000
v -0.78710739 1.53360739 -1.13850000
v -0.77289261 1.53360739 -1.13850000
v -0.78000000 1.51500000 -1.12700000
v -0.78710739 1.49639261 -1.16150000
v -0.77289261 1.49639261 -1.16150000
v -0.78710739 1.53360739 -1.16150000
v -0.77289261 1.53360739 -1.16150000
v -0.78000000 1.51500000 -1.17300000
v -0.76139261 1.52650000 -1.15710739
v -0.76139261 1.50350000 -1.15710739
v -0.76850000 1.50789261 -1.16860739
v -0.76850000 1.52210739 -1.16860739
v -0.76139261 1.52650000 -1.14289261
v -0.76139261 1.50350000 -1.14289261
v -0.76850000 1.50789261 -1.13139261
v -0.76850000 1.52210739 -1.13139261
v -0.75700000 1.51500000 -1.15000000
v -0.79860739 1.52650000 -1.15710739
v -0.79860739 1.50350000 -1.15710739
v -0.79150000 1.50789261 -1.16860739
v -0.79150000 1.52210739 -1.16860739
v -0.79860739 1.52650000 -1.14289261
v -0.79860739 1.50350000 -1.14289261
v -0.79150000 1.50789261 -1.13139261
v -0.79150000 1.52210739 -1.13139261
v -0.80300000 1.51500000 -1.15000000
v 0.76790818 1.53456497 -1.15000000
v 0.79209182 1.53456497 -1.15000000
v 0.76790818 1.49543503 -1.15000000
v 0.79209182 1.49543503 -1.15000000
v 0.78000000 1.50290818 -1.13043503
v 0.78000000 1.52709182 -1.13043503
v 0.78000000 1.50290818 -1.16956497
v 0.78000000 1.52709182 -1.16956497
v 0.79956497 1.51500000 -1.16209182
v 0.79956497 1.51500000 -1.13790818
v 0.76043503 1.51500000 -1.16209182
v 0.76043503 1.51500000 -1.13790818
v 0.78000000 1.53800000 -1.15000000
v 0.78000000 1.49200000 -1.15000000
v 0.77289261 1.49639261 -1.13850000
v 0.78710739 1.49639261 -1.13850000
v 0.77289261 1.53360739 -1.13850000
v 0.78710739 1.53360739 -1.13850000
v 0.78000000 1.51500000 -1.12700000
v 0.77289261 1.49639261 -1.16150000
v 0.78710739 1.49639261 -1.16150000
v 0.77289261 1.53360739 -1.16150000
v 0.78710739 1.53360739 -1.16150000
v 0.78000000 1.51500000 -1.17300000
v 0.79860739 1.52650000 -1.15710739
v 0.79860739 1.50350000 -1.15710739
v 0.79150000 1.50789261 -1.16860739
v 0.79150000 1.52210739 -1.16860739
v 0.79860739 1.52650000 -1.14289261
v 0.79860739 1.50350000 -1.14289261
v 0.79150000 1.50789261 -1.13139261
v 0.79150000 1.52210739 -1.13139261
v 0.80300000 1.51500000 -1.15000000
v 0.76139261 1.52650000 -1.15710739
v 0.76139261 1.50350000 -1.15710739
v 0.76850000 1.50789261 -1.16860739
v 0.76850000 1.52210739 -1.16860739
v 0.76139261 1.52650000 -1.14289261
v 0.76139261 1.50350000 -1.14289261
v 0.76850000 1.50789261 -1.13139261
v 0.76850000 1.52210739 -1.13139261
v 0.75700000 1.51500000 -1.15000000
v -0.79209182 1.53456497 -0.88909091
v -0.76790818 1.53456497 -0.88909091
v -0.79209182 1.49543503 -0.88909091
v -0.76790818 1.49543503 -0.88909091
v -0.78000000 1.50290818 -0.86952594
v -0.78000000 1.52709182 -0.86952594
v -0.78000000 1.50290818 -0.90865588
v -0.78000000 1.52709182 -0.90865588
v -0.76043503 1.51500000 -0.90118272
v -0.76043503 1.51500000 -0.87699909
v -0.79956497 1.51500000 -0.90118272
v -0.79956497 1.51500000 -0.87699909
v -0.78000000 1.53800000 -0.88909091
v -0.78000000 1.49200000 -0.88909091
v -0.78710739 1.49639261 -0.87759091
v -0.77289261 1.49639261 -0.87759091
v -0.78710739 1.53360739 -0.87759091
v -0.77289261 1.53360739 -0.87759091
v -0.78000000 1.51500000 -0.86609091
v -0.78710739 1.49639261 -0.90059091
v -0.77289261 1.49639261 -0.90059091
v -0.78710739 1.53360739 -0.90059091
v -0.77289261 1.53360739 -0.90059091
v -0.78000000 1.51500000 -0.91209091
v -0.76139261 1.52650000 -0.89619830
v -0.76139261 1.50350000 -0.89619830
v -0.76850000 1.50789261 -0.90769830
v -0.76850000 1.52210739 -0.90769830
v -0.76139261 1.52650000 -0.88198352
v -0.76139261 1.50350000 -0.88198352
v -0.76850000 1.50789261 -0.87048352
v -0.76850000 1.52210739 -0.87048352
v -0.75700000 1.51500000 -0.88909091
v -0.79860739 1.52650000 -0.89619830
v -0.79860739 1.50350000 -0.89619830
v -0.79150000 1.50789261 -0.90769830
v -0.79150000 1.52210739 -0.90769830
v -0.79860739 1.52650000 -0.88198352
v -0.79860739 1.50350000 -0.88198352
v -0.79150000 1.50789261 -0.87048352
v -0.79150000 1.52210739 -0.87048352
v -0.80300000 1.51500000 -0.88909091
v 0.76790818 1.53456497 -0.88909091
v 0.79209182 1.53456497 -0.88909091
v 0.76790818 1.49543503 -0.88909091
v 0.79209182 1.49543503 -0.88909091
v 0.78000000 1.50290818 -0.86952594
v 0.78000000 1.52709182 -0.86952594
v 0.78000000 1.50290818 -0.90865588
v 0.78000000 1.52709182 -0.90865588
v 0.79956497 1.51500000 -0.90118272
v 0.79956497 1.51500000 -0.87699909
v 0.76043503 1.51500000 -0.90118272
v 0.76043503 1.51500000 -0.87699909
v 0.78000000 1.53800000 -0.88909091
v 0.78000000 1.49200000 -0.88909091
v 0.77289261 1.49639261 -0.87759091
v 0.78710739 1.49639261 -0.87759091
v 0.77289261 1.53360739 -0.87759091
v 0.78710739 1.53360739 -0.87759091
v 0.78000000 1.51500000 -0.86609091
v 0.77289261 1.49639261 -0.90059091
v 0.78710739 1.49639261 -0.90059091
v 0.77289261 1.53360739 -0.90059091
v 0.78710739 1.53360739 -0.90059091
v 0.78000000 1.51500000 -0.91209091
v 0.79860739 1.52650000 -0.89619830
v 0.79860739 1.50350000 -0.89619830
v 0.79150000 1.50789261 -0.90769830
v 0.79150000 1.52210739 -0.90769830
v 0.79860739 1.52650000 -0.88198352
v 0.79860739 1.50350000 -0.88198352
v 0.79150000 1.50789261 -0.87048352
v 0.79150000 1.52210739 -0.87048352
v 0.80300000 1.51500000 -0.88909091
v 0.76139261 1.52650000 -0.89619830
v 0.76139261 1.50350000 -0.89619830
v 0.76850000 1.50789261 -0.90769830
v 0.76850000 1.52210739 -0.90769830
v 0.76139261 1.52650000 -0.88198352
v 0.76139261 1.50350000 -0.88198352
v 0.76850000 1.50789261 -0.87048352
v 0.76850000 1.52210739 -0.87048352
v 0.75700000 1.51500000 -0.88909091
v -0.79209182 1.53456497 -0.62818182
v -0.76790818 1.53456497 -0.62818182
v -0.79209182 1.49543503 -0.62818182
v -0.76790818 1.49543503 -0.62818182
v -0.78000000 1.50290818 -0.60861685
v -0.78000000 1.52709182 -0.60861685
v -0.78000000 1.50290818 -0.64774679
v -0.78000000 1.52709182 -0.64774679
v -0.76043503 1.51500000 -0.64027363
v -0.76043503 1.51500000 -0.61609000
v -0.79956497 1.51500000 -0.64027363
v -0.79956497 1.51500000 -0.61609000
v -0.78000000 1.53800000 -0.62818182
v -0.78000000 1.49200000 -0.62818182
v -0.78710739 1.49639261 -0.61668182
v -0.77289261 1.49639261 -0.61668182
v -0.78710739 1.53360739 -0.61668182
v -0.77289261 1.53360739 -0.61668182
v -0.78000000 1.51500000 -0.60518182
v -0.78710739 1.49639261 -0.63968182
v -0.77289261 1.49639261 -0.63968182
v -0.78710739 1.53360739 -0.63968182
v -0.77289261 1.53360739 -0.63968182
v -0.78000000 1.51500000 -0.65118182
v -0.76139261 1.52650000 -0.63528921
v -0.76139261 1.50350000 -0.63528921
v -0.76850000 1.50789261 -0.64678921
v -0.76850000 1.52210739 -0.64678921
v -0.76139261 1.52650000 -0.62107443
v -0.76139261 1.50350000 -0.62107443
v -0.76850000 1.50789261 -0.60957443
v -0.76850000 1.52210739 -0.60957443
v -0.75700000 1.51500000 -0.62818182
v -0.79860739 1.52650000 -0.63528921
v -0.79860739 1.50350000 -0.63528921
v -0.79150000 1.50789261 -0.64678921
v -0.79150000 1.52210739 -0.64678921
v -0.79860739 1.52650000 -0.62107443
v -0.79860739 1.50350000 -0.62107443
v -0.79150000 1.50789261 -0.60957443
v -0.79150000 1.52210739 -0.60957443
v -0.80300000 1.51500000 -0.62818182
v 0.76790818 1.53456497 -0.62818182
v 0.79209182 1.53456497 -0.62818182
v 0.76790818 1.49543503 -0.62818182
v 0.79209182 1.49543503 -0.62818182
v 0.78000000 1.50290818 -0.60861685
v 0.78000000 1.52709182 -0.60861685
v 0.78000000 1.50290818 -0.64774679
v 0.78000000 1.52709182 -0.64774679
v 0.79956497 1.51500000 -0.64027363
v 0.79956497 1.51500000 -0.61609000
v 0.76043503 1.51500000 -0.64027363
v 0.76043503 1.51500000 -0.61609000
v 0.78000000 1.53800000 -0.62818182
v 0.78000000 1.49200000 -0.62818182
v 0.77289261 1.49639261 -0.61668182
v 0.78710739 1.49639261 -0.61668182
v 0.77289261 1.53360739 -0.61668182
v 0.78710739 1.53360739 -0.61668182
v 0.78000000 1.51500000 -0.60518182
v 0.77289261 1.49639261 -0.63968182
v 0.78710739 1.49639261 -0.63968182
v 0.77289261 1.53360739 -0.63968182
v 0.78710739 1.53360739 -0.63968182
v 0.78000000 1.51500000 -0.65118182
v 0.79860739 1.52650000 -0.63528921
v 0.79860739 1.50350000 -0.63528921
v 0.79150000 1.50789261 -0.64678921
v 0.79150000 1.52210739 -0.64678921
v 0.79860739 1.52650000 -0.62107443
v 0.79860739 1.50350000 -0.62107443
v 0.79150000 1.50789261 -0.60957443
v 0.79150000 1.52210739 -0.60957443
v 0.80300000 1.51500000 -0.62818182
v 0.76139261 1.52650000 -0.63528921
v 0.76139261 1.50350000 -0.63528921
v 0.76850000 1.50789261 -0.64678921
v 0.76850000 1.52210739 -0.64678921
v 0.76139261 1.52650000 -0.62107443
v 0.76139261 1.50350000 -0.62107443
v 0.76850000 1.50789261 -0.60957443
v 0.76850000 1.52210739 -0.60957443
v 0.75700000 1.51500000 -0.62818182
v -0.79209182 1.53456497 -0.36727273
v -0.76790818 1.53456497 -0.36727273
v -0.79209182 1.49543503 -0.36727273
v -0.76790818 1.49543503 -0.36727273
v -0.78000000 1.50290818 -0.34770776
v -0.78000000 1.52709182 -0.34770776
v -0.78000000 1.50290818 -0.38683770
v -0.78000000 1.52709182 -0.38683770
v -0.76043503 1.51500000 -0.37936454
v -0.76043503 1.51500000 -0.35518091
v -0.79956497 1.51500000 -0.37936454
v -0.79956497 1.51500000 -0.35518091
v -0.78000000 1.53800000 -0.36727273
v -0.78000000 1.49200000 -0.36727273
v -0.78710739 1.49639261 -0.35577273
v -0.77289261 1.49639261 -0.35577273
v -0.78710739 1.53360739 -0.35577273
v -0.77289261 1.53360739 -0.35577273
v -0.78000000 1.51500000 -0.34427273
v -0.78710739 1.49639261 -0.37877273
v -0.77289261 1.49639261 -0.37877273
v -0.78710739 1.53360739 -0.37877273
v -0.77289261 1.53360739 -0.37877273
v -0.78000000 1.51500000 -0.39027273
v -0.76139261 1.52650000 -0.37438012
v -0.76139261 1.50350000 -0.37438012
v -0.76850000 1.50789261 -0.38588012
v -0.76850000 1.52210739 -0.38588012
v -0.76139261 1.52650000 -0.36016534
v -0.76139261 1.50350000 -0.36016534
v -0.76850000 1.50789261 -0.34866534
v -0.76850000 1.52210739 -0.34866534
v -0.75700000 1.51500000 -0.36727273
v -0.79860739 1.52650000 -0.37438012
v -0.79860739 1.50350000 -0.37438012
v -0.79150000 1.50789261 -0.38588012
v -0.79150000 1.52210739 -0.38588012
v -0.79860739 1.52650000 -0.36016534
v -0.79860739 1.50350000 -0.36016534
v -0.79150000 1.50789261 -0.34866534
v -0.79150000 1.52210739 -0.34866534
v -0.80300000 1.51500000 -0.36727273
v 0.76790818 1.53456497 -0.36727273
v 0.79209182 1.53456497 -0.36727273
v 0.76790818 1.49543503 -0.36727273
v 0.79209182 1.49543503 -0.36727273
v 0.78000000 1.50290818 -0.34770776
v 0.78000000 1.52709182 -0.34770776
v 0.78000000 1.50290818 -0.38683770
v 0.78000000 1.52709182 -0.38683770
v 0.79956497 1.51500000 -0.37936454
v 0.79956497 1.51500000 -0.35518091
v 0.76043503 1.51500000 -0.37936454
v 0.76043503 1.51500000 -0.35518091
v 0.78000000 1.53800000 -0.36727273
v 0.78000000 1.49200000 -0.36727273
v 0.77289261 1.49639261 -0.35577273
v 0.78710739 1.49639261 -0.35577273
v 0.77289261 1.53360739 -0.35577273
v 0.78710739 1.53360739 -0.35577273
v 0.78000000 1.51500000 -0.34427273
v 0.77289261 1.49639261 -0.37877273
v 0.78710739 1.49639261 -0.37877273
v 0.77289261 1.53360739 -0.37877273
v 0.78710739 1.53360739 -0.37877273
v 0.78000000 1.51500000 -0.39027273
v 0.79860739 1.52650000 -0.37438012
v 0.79860739 1.50350000 -0.37438012
v 0.79150000 1.50789261 -0.38588012
v 0.79150000 1.52210739 -0.38588012
v 0.79860739 1.52650000 -0.36016534
v 0.79860739 1.50350000 -0.36016534
v 0.79150000 1.50789261 -0.34866534
v 0.79150000 1.52210739 -0.34866534
v 0.80300000 1.51500000 -0.36727273
v 0.76139261 1.52650000 -0.37438012
v 0.76139261 1.50350000 -0.37438012
v 0.76850000 1.50789261 -0.38588012
v 0.76850000 1.52210739 -0.38588012
v 0.76139261 1.52650000 -0.36016534
v 0.76139261 1.50350000 -0.36016534
v 0.76850000 1.50789261 -0.34866534
v 0.76850000 1.52210739 -0.34866534
v 0.75700000 1.51500000 -0.36727273
v -0.79209182 1.53456497 -0.10636364
v -0.76790818 1.53456497 -0.10636364
v -0.79209182 1.49543503 -0.10636364
v -0.76790818 1.49543503 -0.10636364
v -0.78000000 1.50290818 -0.08679867
v -0.78000000 1.52709182 -0.08679867
v -0.78000000 1.50290818 -0.12592860
v -0.78000000 1.52709182 -0.12592860
v -0.76043503 1.51500000 -0.11845545
v -0.76043503 1.51500000 -0.09427182
v -0.79956497 1.51500000 -0.11845545
v -0.79956497 1.51500000 -0.09427182
v -0.78000000 1.53800000 -0.10636364
v -0.78000000 1.49200000 -0.10636364
v -0.78710739 1.49639261 -0.09486364
v -0.77289261 1.49639261 -0.09486364
v -0.78710739 1.53360739 -0.09486364
v -0.77289261 1.53360739 -0.09486364
v -0.78000000 1.51500000 -0.08336364
v -0.78710739 1.49639261 -0.11786364
v -0.77289261 1.49639261 -0.11786364
v -0.78710739 1.53360739 -0.11786364
v -0.77289261 1.53360739 -0.11786364
v -0.78000000 1.51500000 -0.12936364
v -0.76139261 1.52650000 -0.11347103
v -0.76139261 1.50350000 -0.11347103
v -0.76850000 1.50789261 -0.12497103
v -0.76850000 1.52210739 -0.12497103
v -0.76139261 1.52650000 -0.09925625
v -0.76139261 1.50350000 -0.09925625
v -0.76850000 1.50789261 -0.08775625
v -0.76850000 1.52210739 -0.08775625
v -0.75700000 1.51500000 -0.10636364
v -0.79860739 1.52650000 -0.11347103
v -0.79860739 1.50350000 -0.11347103
v -0.79150000 1.50789261 -0.12497103
v -0.79150000 1.52210739 -0.12497103
v -0.79860739 1.52650000 -0.09925625
v -0.79860739 1.50350000 -0.09925625
v -0.79150000 1.50789261 -0.08775625
v -0.79150000 1.52210739 -0.08775625
v -0.80300000 1.51500000 -0.10636364
v 0.76790818 1.53456497 -0.10636364
v 0.79209182 1.53456497 -0.10636364
v 0.76790818 1.49543503 -0.10636364
v 0.79209182 1.49543503 -0.10636364
v 0.78000000 1.50290818 -0.08679867
v 0.78000000 1.52709182 -0.08679867
v 0.78000000 1.50290818 -0.12592860
v 0.78000000 1.52709182 -0.12592860
v 0.79956497 1.51500000 -0.11845545
v 0.79956497 1.51500000 -0.09427182
v 0.76043503 1.51500000 -0.11845545
v 0.76043503 1.51500000 -0.09427182
v 0.78000000 1.53800000 -0.10636364
v 0.78000000 1.49200000 -0.10636364
v 0.77289261 1.49639261 -0.09486364
v 0.78710739 1.49639261 -0.09486364
v 0.77289261 1.53360739 -0.09486364
v 0.78710739 1.53360739 -0.09486364
v 0.78000000 1.51500000 -0.08336364
v 0.77289261 1.49639261 -0.11786364
v 0.78710739 1.49639261 -0.11786364
v 0.77289261 1.53360739 -0.11786364
v 0.78710739 1.53360739 -0.11786364
v 0.78000000 1.51500000 -0.12936364
v 0.79860739 1.52650000 -0.11347103
v 0.79860739 1.50350000 -0.11347103
v 0.79150000 1.50789261 -0.12497103
v 0.79150000 1.52210739 -0.12497103
v 0.79860739 1.52650000 -0.09925625
v 0.79860739 1.50350000 -0.09925625
v 0.79150000 1.50789261 -0.08775625
v 0.79150000 1.52210739 -0.08775625
v 0.80300000 1.51500000 -0.10636364
v 0.76139261 1.52650000 -0.11347103
v 0.76139261 1.50350000 -0.11347103
v 0.76850000 1.50789261 -0.12497103
v 0.76850000 1.52210739 -0.12497103
v 0.76139261 1.52650000 -0.09925625
v 0.76139261 1.50350000 -0.09925625
v 0.76850000 1.50789261 -0.08775625
v 0.76850000 1.52210739 -0.08775625
v 0.75700000 1.51500000 -0.10636364
v -0.79209182 1.53456497 0.15454545
v -0.76790818 1.53456497 0.15454545
v -0.79209182 1.49543503 0.15454545
v -0.76790818 1.49543503 0.15454545
v -0.78000000 1.50290818 0.17411042
v -0.78000000 1.52709182 0.17411042
v -0.78000000 1.50290818 0.13498049
v -0.78000000 1.52709182 0.13498049
v -0.76043503 1.51500000 0.14245364
v -0.76043503 1.51500000 0.16663727
v -0.79956497 1.51500000 0.14245364
v -0.79956497 1.51500000 0.16663727
v -0.78000000 1.53800000 0.15454545
v -0.78000000 1.49200000 0.15454545
v -0.78710739 1.49639261 0.16604545
v -0.77289261 1.49639261 0.16604545
v -0.78710739 1.53360739 0.16604545
v -0.77289261 1.53360739 0.16604545
v -0.78000000 1.51500000 0.17754545
v -0.78710739 1.49639261 0.14304545
v -0.77289261 1.49639261 0.14304545
v -0.78710739 1.53360739 0.14304545
v -0.77289261 1.53360739 0.14304545
v -0.78000000 1.51500000 0.13154545
v -0.76139261 1.52650000 0.14743806
v -0.76139261 1.50350000 0.14743806
v -0.76850000 1.50789261 0.13593806
v -0.76850000 1.52210739 0.13593806
v -0.76139261 1.52650000 0.16165285
v -0.76139261 1.50350000 0.16165285
v -0.76850000 1.50789261 0.17315285
v -0.76850000 1.52210739 0.17315285
v -0.75700000 1.51500000 0.15454545
v -0.79860739 1.52650000 0.14743806
v -0.79860739 1.50350000 0.14743806
v -0.79150000 1.50789261 0.13593806
v -0.79150000 1.52210739 0.13593806
v -0.79860739 1.52650000 0.16165285
v -0.79860739 1.50350000 0.16165285
v -0.79150000 1.50789261 0.17315285
v -0.79150000 1.52210739 0.17315285
v -0.80300000 1.51500000 0.15454545
v 0.76790818 1.53456497 0.15454545
v 0.79209182 1.53456497 0.15454545
v 0.76790818 1.49543503 0.15454545
v 0.79209182 1.49543503 0.15454545
v 0.78000000 1.50290818 0.17411042
v 0.78000000 1.52709182 0.17411042
v 0.78000000 1.50290818 0.13498049
v 0.78000000 1.52709182 0.13498049
v 0.79956497 1.51500000 0.14245364
v 0.79956497 1.51500000 0.16663727
v 0.76043503 1.51500000 0.14245364
v 0.76043503 1.51500000 0.16663727
v 0.78000000 1.53800000 0.15454545
v 0.78000000 1.49200000 0.15454545
v 0.77289261 1.49639261 0.16604545
v 0.78710739 1.49639261 0.16604545
v 0.77289261 1.53360739 0.16604545
v 0.78710739 1.53360739 0.16604545
v 0.78000000 1.51500000 0.17754545
v 0.77289261 1.49639261 0.14304545
v 0.78710739 1.49639261 0.14304545
v 0.77289261 1.53360739 0.14304545
v 0.78710739 1.53360739 0.14304545
v 0.78000000 1.51500000 0.13154545
v 0.79860739 1.52650000 0.14743806
v 0.79860739 1.50350000 0.14743806
v 0.79150000 1.50789261 0.13593806
v 0.79150000 1.52210739 0.13593806
v 0.79860739 1.52650000 0.16165285
v 0.79860739 1.50350000 0.16165285
v 0.79150000 1.50789261 0.17315285
v 0.79150000 1.52210739 0.17315285
v 0.80300000 1.51500000 0.15454545
v 0.76139261 1.52650000 0.14743806
v 0.76139261 1.50350000 0.14743806
v 0.76850000 1.50789261 0.13593806
v 0.76850000 1.52210739 0.13593806
v 0.76139261 1.52650000 0.16165285
v 0.76139261 1.50350000 0.16165285
v 0.76850000 1.50789261 0.17315285
v 0.76850000 1.52210739 0.17315285
v 0.75700000 1.51500000 0.15454545
v -0.79209182 1.53456497 0.41545455
v -0.76790818 1.53456497 0.41545455
v -0.79209182 1.49543503 0.41545455
v -0.76790818 1.49543503 0.41545455
v -0.78000000 1.50290818 0.43501951
v -0.78000000 1.52709182 0.43501951
v -0.78000000 1.50290818 0.39588958
v -0.78000000 1.52709182 0.39588958
v -0.76043503 1.51500000 0.40336273
v -0.76043503 1.51500000 0.42754636
v -0.79956497 1.51500000 0.40336273
v -0.79956497 1.51500000 0.42754636
v -0.78000000 1.53800000 0.41545455
v -0.78000000 1.49200000 0.41545455
v -0.78710739 1.49639261 0.42695455
v -0.77289261 1.49639261 0.42695455
v -0.78710739 1.53360739 0.42695455
v -0.77289261 1.53360739 0.42695455
v -0.78000000 1.51500000 0.43845455
v -0.78710739 1.49639261 0.40395455
v -0.77289261 1.49639261 0.40395455
v -0.78710739 1.53360739 0.40395455
v -0.77289261 1.53360739 0.40395455
v -0.78000000 1.51500000 0.39245455
v -0.76139261 1.52650000 0.40834715
v -0.76139261 1.50350000 0.40834715
v -0.76850000 1.50789261 0.39684715
v -0.76850000 1.52210739 0.39684715
v -0.76139261 1.52650000 0.42256194
v -0.76139261 1.50350000 0.42256194
v -0.76850000 1.50789261 0.43406194
v -0.76850000 1.52210739 0.43406194
v -0.75700000 1.51500000 0.41545455
v -0.79860739 1.52650000 0.40834715
v -0.79860739 1.50350000 0.40834715
v -0.79150000 1.50789261 0.39684715
v -0.79150000 1.52210739 0.39684715
v -0.79860739 1.52650000 0.42256194
v -0.79860739 1.50350000 0.42256194
v -0.79150000 1.50789261 0.43406194
v -0.79150000 1.52210739 0.43406194
v -0.80300000 1.51500000 0.41545455
v 0.76790818 1.53456497 0.41545455
v 0.79209182 1.53456497 0.41545455
v 0.76790818 1.49543503 0.41545455
v 0.79209182 1.49543503 0.41545455
v 0.78000000 1.50290818 0.43501951
v 0.78000000 1.52709182 0.43501951
v 0.78000000 1.50290818 0.39588958
v 0.78000000 1.52709182 0.39588958
v 0.79956497 1.51500000 0.40336273
v 0.79956497 1.51500000 0.42754636
v 0.76043503 1.51500000 0.40336273
v 0.76043503 1.51500000 0.42754636
v 0.78000000 1.53800000 0.41545455
v 0.78000000 1.49200000 0.41545455
v 0.77289261 1.49639261 0.42695455
v 0.78710739 1.49639261 0.42695455
v 0.77289261 1.53360739 0.42695455
v 0.78710739 1.53360739 0.42695455
v 0.78000000 1.51500000 0.43845455
v 0.77289261 1.49639261 0.40395455
v 0.78710739 1.49639261 0.40395455
v 0.77289261 1.53360739 0.40395455
v 0.78710739 1.53360739 0.40395455
v 0.78000000 1.51500000 0.39245455
v 0.79860739 1.52650000 0.40834715
v 0.79860739 1.50350000 0.40834715
v 0.79150000 1.50789261 0.39684715
v 0.79150000 1.52210739 0.39684715
v 0.79860739 1.52650000 0.42256194
v 0.79860739 1.50350000 0.42256194
v 0.79150000 1.50789261 0.43406194
v 0.79150000 1.52210739 0.43406194
v 0.80300000 1.51500000 0.41545455
v 0.76139261 1.52650000 0.40834715
v 0.76139261 1.50350000 0.40834715
v 0.76850000 1.50789261 0.39684715
v 0.76850000 1.52210739 0.39684715
v 0.76139261 1.52650000 0.42256194
v 0.76139261 1.50350000 0.42256194
v 0.76850000 1.50789261 0.43406194
v 0.76850000 1.52210739 0.43406194
v 0.75700000 1.51500000 0.41545455
v -0.79209182 1.53456497 0.67636364
v -0.76790818 1.53456497 0.67636364
v -0.79209182 1.49543503 0.67636364
v -0.76790818 1.49543503 0.67636364
v -0.78000000 1.50290818 0.69592860
v -0.78000000 1.52709182 0.69592860
v -0.78000000 1.50290818 0.65679867
v -0.78000000 1.52709182 0.65679867
v -0.76043503 1.51500000 0.66427182
v -0.76043503 1.51500000 0.68845545
v -0.79956497 1.51500000 0.66427182
v -0.79956497 1.51500000 0.68845545
v -0.78000000 1.53800000 0.67636364
v -0.78000000 1.49200000 0.67636364
v -0.78710739 1.49639261 0.68786364
v -0.77289261 1.49639261 0.68786364
v -0.78710739 1.53360739 0.68786364
v -0.77289261 1.53360739 0.68786364
v -0.78000000 1.51500000 0.69936364
v -0.78710739 1.49639261 0.66486364
v -0.77289261 1.49639261 0.66486364
v -0.78710739 1.53360739 0.66486364
v -0.77289261 1.53360739 0.66486364
v -0.78000000 1.51500000 0.65336364
v -0.76139261 1.52650000 0.66925625
v -0.76139261 1.50350000 0.66925625
v -0.76850000 1.50789261 0.65775625
v -0.76850000 1.52210739 0.65775625
v -0.76139261 1.52650000 0.68347103
v -0.76139261 1.50350000 0.68347103
v -0.76850000 1.50789261 0.69497103
v -0.76850000 1.52210739 0.69497103
v -0.75700000 1.51500000 0.67636364
v -0.79860739 1.52650000 0.66925625
v -0.79860739 1.50350000 0.66925625
v -0.79150000 1.50789261 0.65775625
v -0.79150000 1.52210739 0.65775625
v -0.79860739 1.52650000 0.68347103
v -0.79860739 1.50350000 0.68347103
v -0.79150000 1.50789261 0.69497103
v -0.79150000 1.52210739 0.69497103
v -0.80300000 1.51500000 0.67636364
v 0.76790818 1.53456497 0.67636364
v 0.79209182 1.53456497 0.67636364
v 0.76790818 1.49543503 0.67636364
v 0.79209182 1.49543503 0.67636364
v 0.78000000 1.50290818 0.69592860
v 0.78000000 1.52709182 0.69592860
v 0.78000000 1.50290818 0.65679867
v 0.78000000 1.52709182 0.65679867
v 0.79956497 1.51500000 0.66427182
v 0.79956497 1.51500000 0.68845545
v 0.76043503 1.51500000 0.66427182
v 0.76043503 1.51500000 0.68845545
v 0.78000000 1.53800000 0.67636364
v 0.78000000 1.49200000 0.67636364
v 0.77289261 1.49639261 0.68786364
v 0.78710739 1.49639261 0.68786364
v 0.77289261 1.53360739 0.68786364
v 0.78710739 1.53360739 0.68786364
v 0.78000000 1.51500000 0.69936364
v 0.77289261 1.49639261 0.66486364
v 0.78710739 1.49639261 0.66486364
v 0.77289261 1.53360739 0.66486364
v 0.78710739 1.53360739 0.66486364
v 0.78000000 1.51500000 0.65336364
v 0.79860739 1.52650000 0.66925625
v 0.79860739 1.50350000 0.66925625
v 0.79150000 1.50789261 0.65775625
v 0.79150000 1.52210739 0.65775625
v 0.79860739 1.52650000 0.68347103
v 0.79860739 1.50350000 0.68347103
v 0.79150000 1.50789261 0.69497103
v 0.79150000 1.52210739 0.69497103
v 0.80300000 1.51500000 0.67636364
v 0.76139261 1.52650000 0.66925625
v 0.76139261 1.50350000 0.66925625
v 0.76850000 1.50789261 0.65775625
v 0.76850000 1.52210739 0.65775625
v 0.76139261 1.52650000 0.68347103
v 0.76139261 1.50350000 0.68347103
v 0.76850000 1.50789261 0.69497103
v 0.76850000 1.52210739 0.69497103
v 0.75700000 1.51500000 0.67636364
v -0.79209182 1.53456497 0.93727273
v -0.76790818 1.53456497 0.93727273
v -0.79209182 1.49543503 0.93727273
v -0.76790818 1.49543503 0.93727273
v -0.78000000 1.50290818 0.95683770
v -0.78000000 1.52709182 0.95683770
v -0.78000000 1.50290818 0.91770776
v -0.78000000 1.52709182 0.91770776
v -0.76043503 1.51500000 0.92518091
v -0.76043503 1.51500000 0.94936454
v -0.79956497 1.51500000 0.92518091
v -0.79956497 1.51500000 0.94936454
v -0.78000000 1.53800000 0.93727273
v -0.78000000 1.49200000 0.93727273
v -0.78710739 1.49639261 0.94877273
v -0.77289261 1.49639261 0.94877273
v -0.78710739 1.53360739 0.94877273
v -0.77289261 1.53360739 0.94877273
v -0.78000000 1.51500000 0.96027273
v -0.78710739 1.49639261 0.92577273
v -0.77289261 1.49639261 0.92577273
v -0.78710739 1.53360739 0.92577273
v -0.77289261 1.53360739 0.92577273
v -0.78000000 1.51500000 0.91427273
v -0.76139261 1.52650000 0.93016534
v -0.76139261 1.50350000 0.93016534
v -0.76850000 1.50789261 0.91866534
v -0.76850000 1.52210739 0.91866534
v -0.76139261 1.52650000 0.94438012
v -0.76139261 1.50350000 0.94438012
v -0.76850000 1.50789261 0.95588012
v -0.76850000 1.52210739 0.95588012
v -0.75700000 1.51500000 0.93727273
v -0.79860739 1.52650000 0.93016534
v -0.79860739 1.50350000 0.93016534
v -0.79150000 1.50789261 0.91866534
v -0.79150000 1.52210739 0.91866534
v -0.79860739 1.52650000 0.94438012
v -0.79860739 1.50350000 0.94438012
v -0.79150000 1.50789261 0.95588012
v -0.79150000 1.52210739 0.95588012
v -0.80300000 1.51500000 0.93727273
v 0.76790818 1.53456497 0.93727273
v 0.79209182 1.53456497 0.93727273
v 0.76790818 1.49543503 0.93727273
v 0.79209182 1.49543503 0.93727273
v 0.78000000 1.50290818 0.95683770
v 0.78000000 1.52709182 0.95683770
v 0.78000000 1.50290818 0.91770776
v 0.78000000 1.52709182 0.91770776
v 0.79956497 1.51500000 0.92518091
v 0.79956497 1.51500000 0.94936454
v 0.76043503 1.51500000 0.92518091
v 0.76043503 1.51500000 0.94936454
v 0.78000000 1.53800000 0.93727273
v 0.78000000 1.49200000 0.93727273
v 0.77289261 1.49639261 0.94877273
v 0.78710739 1.49639261 0.94877273
v 0.77289261 1.53360739 0.94877273
v 0.78710739 1.53360739 0.94877273
v 0.78000000 1.51500000 0.96027273
v 0.77289261 1.49639261 0.92577273
v 0.78710739 1.49639261 0.92577273
v 0.77289261 1.53360739 0.92577273
v 0.78710739 1.53360739 0.92577273
v 0.78000000 1.51500000 0.91427273
v 0.79860739 1.52650000 0.93016534
v 0.79860739 1.50350000 0.93016534
v 0.79150000 1.50789261 0.91866534
v 0.79150000 1.52210739 0.91866534
v 0.79860739 1.52650000 0.94438012
v 0.79860739 1.50350000 0.94438012
v 0.79150000 1.50789261 0.95588012
v 0.79150000 1.52210739 0.95588012
v 0.80300000 1.51500000 0.93727273
v 0.76139261 1.52650000 0.93016534
v 0.76139261 1.50350000 0.93016534
v 0.76850000 1.50789261 0.91866534
v 0.76850000 1.52210739 0.91866534
v 0.76139261 1.52650000 0.94438012
v 0.76139261 1.50350000 0.94438012
v 0.76850000 1.50789261 0.95588012
v 0.76850000 1.52210739 0.95588012
v 0.75700000 1.51500000 0.93727273
v -0.79209182 1.53456497 1.19818182
v -0.76790818 1.53456497 1.19818182
v -0.79209182 1.49543503 1.19818182
v -0.76790818 1.49543503 1.19818182
v -0.78000000 1.50290818 1.21774679
v -0.78000000 1.52709182 1.21774679
v -0.78000000 1.50290818 1.17861685
v -0.78000000 1.52709182 1.17861685
v -0.76043503 1.51500000 1.18609000
v -0.76043503 1.51500000 1.21027363
v -0.79956497 1.51500000 1.18609000
v -0.79956497 1.51500000 1.21027363
v -0.78000000 1.53800000 1.19818182
v -0.78000000 1.49200000 1.19818182
v -0.78710739 1.49639261 1.20968182
v -0.77289261 1.49639261 1.20968182
v -0.78710739 1.53360739 1.20968182
v -0.77289261 1.53360739 1.20968182
v -0.78000000 1.51500000 1.22118182
v -0.78710739 1.49639261 1.18668182
v -0.77289261 1.49639261 1.18668182
v -0.78710739 1.53360739 1.18668182
v -0.77289261 1.53360739 1.18668182
v -0.78000000 1.51500000 1.17518182
v -0.76139261 1.52650000 1.19107443
v -0.76139261 1.50350000 1.19107443
v -0.76850000 1.50789261 1.17957443
v -0.76850000 1.52210739 1.17957443
v -0.76139261 1.52650000 1.20528921
v -0.76139261 1.50350000 1.20528921
v -0.76850000 1.50789261 1.21678921
v -0.76850000 1.52210739 1.21678921
v -0.75700000 1.51500000 1.19818182
v -0.79860739 1.52650000 1.19107443
v -0.79860739 1.50350000 1.19107443
v -0.79150000 1.50789261 1.17957443
v -0.79150000 1.52210739 1.17957443
v -0.79860739 1.52650000 1.20528921
v -0.79860739 1.50350000 1.20528921
v -0.79150000 1.50789261 1.21678921
v -0.79150000 1.52210739 1.21678921
v -0.80300000 1.51500000 1.19818182
v 0.76790818 1.53456497 1.19818182
v 0.79209182 1.53456497 1.19818182
v 0.76790818 1.49543503 1.19818182
v 0.79209182 1.49543503 1.19818182
v 0.78000000 1.50290818 1.21774679
v 0.78000000 1.52709182 1.21774679
v 0.78000000 1.50290818 1.17861685
v 0.78000000 1.52709182 1.17861685
v 0.79956497 1.51500000 1.18609000
v 0.79956497 1.51500000 1.21027363
v 0.76043503 1.51500000 1.18609000
v 0.76043503 1.51500000 1.21027363
v 0.78000000 1.53800000 1.19818182
v 0.78000000 1.49200000 1.19818182
v 0.77289261 1.49639261 1.20968182
v 0.78710739 1.49639261 1.20968182
v 0.77289261 1.53360739 1.20968182
v 0.78710739 1.53360739 1.20968182
v 0.78000000 1.51500000 1.22118182
v 0.77289261 1.49639261 1.18668182
v 0.78710739 1.49639261 1.18668182
v 0.77289261 1.53360739 1.18668182
v 0.78710739 1.53360739 1.18668182
v 0.78000000 1.51500000 1.17518182
v 0.79860739 1.52650000 1.19107443
v 0.79860739 1.50350000 1.19107443
v 0.79150000 1.50789261 1.17957443
v 0.79150000 1.52210739 1.17957443
v 0.79860739 1.52650000 1.20528921
v 0.79860739 1.50350000 1.20528921
v 0.79150000 1.50789261 1.21678921
v 0.79150000 1.52210739 1.21678921
v 0.80300000 1.51500000 1.19818182
v 0.76139261 1.52650000 1.19107443
v 0.76139261 1.50350000 1.19107443
v 0.76850000 1.50789261 1.17957443
v 0.76850000 1.52210739 1.17957443
v 0.76139261 1.52650000 1.20528921
v 0.76139261 1.50350000 1.20528921
v 0.76850000 1.50789261 1.21678921
v 0.76850000 1.52210739 1.21678921
v 0.75700000 1.51500000 1.19818182
v -0.79209182 1.53456497 1.45909091
v -0.76790818 1.53456497 1.45909091
v -0.79209182 1.49543503 1.45909091
v -0.76790818 1.49543503 1.45909091
v -0.78000000 1.50290818 1.47865588
v -0.78000000 1.52709182 1.47865588
v -0.78000000 1.50290818 1.43952594
v -0.78000000 1.52709182 1.43952594
v -0.76043503 1.51500000 1.44699909
v -0.76043503 1.51500000 1.47118272
v -0.79956497 1.51500000 1.44699909
v -0.79956497 1.51500000 1.47118272
v -0.78000000 1.53800000 1.45909091
v -0.78000000 1.49200000 1.45909091
v -0.78710739 1.49639261 1.47059091
v -0.77289261 1.49639261 1.47059091
v -0.78710739 1.53360739 1.47059091
v -0.77289261 1.53360739 1.47059091
v -0.78000000 1.51500000 1.48209091
v -0.78710739 1.49639261 1.44759091
v -0.77289261 1.49639261 1.44759091
v -0.78710739 1.53360739 1.44759091
v -0.77289261 1.53360739 1.44759091
v -0.78000000 1.51500000 1.43609091
v -0.76139261 1.52650000 1.45198352
v -0.76139261 1.50350000 1.45198352
v -0.76850000 1.50789261 1.44048352
v -0.76850000 1.52210739 1.44048352
v -0.76139261 1.52650000 1.46619830
v -0.76139261 1.50350000 1.46619830
v -0.76850000 1.50789261 1.47769830
v -0.76850000 1.52210739 1.47769830
v -0.75700000 1.51500000 1.45909091
v -0.79860739 1.52650000 1.45198352
v -0.79860739 1.50350000 1.45198352
v -0.79150000 1.50789261 1.44048352
v -0.79150000 1.52210739 1.44048352
v -0.79860739 1.52650000 1.46619830
v -0.79860739 1.50350000 1.46619830
v -0.79150000 1.50789261 1.47769830
v -0.79150000 1.52210739 1.47769830
v -0.80300000 1.51500000 1.45909091
v 0.76790818 1.53456497 1.45909091
v 0.79209182 1.53456497 1.45909091
v 0.76790818 1.49543503 1.45909091
v 0.79209182 1.49543503 1.45909091
v 0.78000000 1.50290818 1.47865588
v 0.78000000 1.52709182 1.47865588
v 0.78000000 1.50290818 1.43952594
v 0.78000000 1.52709182 1.43952594
v 0.79956497 1.51500000 1.44699909
v 0.79956497 1.51500000 1.47118272
v 0.76043503 1.51500000 1.44699909
v 0.76043503 1.51500000 1.47118272
v 0.78000000 1.53800000 1.45909091
v 0.78000000 1.49200000 1.45909091
v 0.77289261 1.49639261 1.47059091
v 0.78710739 1.49639261 1.47059091
v 0.77289261 1.53360739 1.47059091
v 0.78710739 1.53360739 1.47059091
v 0.78000000 1.51500000 1.48209091
v 0.77289261 1.49639261 1.44759091
v 0.78710739 1.49639261 1.44759091
v 0.77289261 1.53360739 1.44759091
v 0.78710739 1.53360739 1.44759091
v 0.78000000 1.51500000 1.43609091
v 0.79860739 1.52650000 1.45198352
v 0.79860739 1.50350000 1.45198352
v 0.79150000 1.50789261 1.44048352
v 0.79150000 1.52210739 1.44048352
v 0.79860739 1.52650000 1.46619830
v 0.79860739 1.50350000 1.46619830
v 0.79150000 1.50789261 1.47769830
v 0.79150000 1.52210739 1.47769830
v 0.80300000 1.51500000 1.45909091
v 0.76139261 1.52650000 1.45198352
v 0.76139261 1.50350000 1.45198352
v 0.76850000 1.50789261 1.44048352
v 0.76850000 1.52210739 1.44048352
v 0.76139261 1.52650000 1.46619830
v 0.76139261 1.50350000 1.46619830
v 0.76850000 1.50789261 1.47769830
v 0.76850000 1.52210739 1.47769830
v 0.75700000 1.51500000 1.45909091
v -0.79209182 1.53456497 1.72000000
v -0.76790818 1.53456497 1.72000000
v -0.79209182 1.49543503 1.72000000
v -0.76790818 1.49543503 1.72000000
v -0.78000000 1.50290818 1.73956497
v -0.78000000 1.52709182 1.73956497
v -0.78000000 1.50290818 1.70043503
v -0.78000000 1.52709182 1.70043503
v -0.76043503 1.51500000 1.70790818
v -0.76043503 1.51500000 1.73209182
v -0.79956497 1.51500000 1.70790818
v -0.79956497 1.51500000 1.73209182
v -0.78000000 1.53800000 1.72000000
v -0.78000000 1.49200000 1.72000000
v -0.78710739 1.49639261 1.73150000
v -0.77289261 1.49639261 1.73150000
v -0.78710739 1.53360739 1.73150000
v -0.77289261 1.53360739 1.73150000
v -0.78000000 1.51500000 1.74300000
v -0.78710739 1.49639261 1.70850000
v -0.77289261 1.49639261 1.70850000
v -0.78710739 1.53360739 1.70850000
v -0.77289261 1.53360739 1.70850000
v -0.78000000 1.51500000 1.69700000
v -0.76139261 1.52650000 1.71289261
v -0.76139261 1.50350000 1.71289261
v -0.76850000 1.50789261 1.70139261
v -0.76850000 1.52210739 1.70139261
v -0.76139261 1.52650000 1.72710739
v -0.76139261 1.50350000 1.72710739
v -0.76850000 1.50789261 1.73860739
v -0.76850000 1.52210739 1.73860739
v -0.75700000 1.51500000 1.72000000
v -0.79860739 1.52650000 1.71289261
v -0.79860739 1.50350000 1.71289261
v -0.79150000 1.50789261 1.70139261
v -0.79150000 1.52210739 1.70139261
v -0.79860739 1.52650000 1.72710739
v -0.79860739 1.50350000 1.72710739
v -0.79150000 1.50789261 1.73860739
v -0.79150000 1.52210739 1.73860739
v -0.80300000 1.51500000 1.72000000
v 0.76790818 1.53456497 1.72000000
v 0.79209182 1.53456497 1.72000000
v 0.76790818 1.49543503 1.72000000
v 0.79209182 1.49543503 1.72000000
v 0.78000000 1.50290818 1.73956497
v 0.78000000 1.52709182 1.73956497
v 0.78000000 1.50290818 1.70043503
v 0.78000000 1.52709182 1.70043503
v 0.79956497 1.51500000 1.70790818
v 0.79956497 1.51500000 1.73209182
v 0.76043503 1.51500000 1.70790818
v 0.76043503 1.51500000 1.73209182
v 0.78000000 1.53800000 1.72000000
v 0.78000000 1.49200000 1.72000000
v 0.77289261 1.49639261 1.73150000
v 0.78710739 1.49639261 1.73150000
v 0.77289261 1.53360739 1.73150000
v 0.78710739 1.53360739 1.73150000
v 0.78000000 1.51500000 1.74300000
v 0.77289261 1.49639261 1.70850000
v 0.78710739 1.49639261 1.70850000
v 0.77289261 1.53360739 1.70850000
v 0.78710739 1.53360739 1.70850000
v 0.78000000 1.51500000 1.69700000
v 0.79860739 1.52650000 1.71289261
v 0.79860739 1.50350000 1.71289261
v 0.79150000 1.50789261 1.70139261
v 0.79150000 1.52210739 1.70139261
v 0.79860739 1.52650000 1.72710739
v 0.79860739 1.50350000 1.72710739
v 0.79150000 1.50789261 1.73860739
v 0.79150000 1.52210739 1.73860739
v 0.80300000 1.51500000 1.72000000
v 0.76139261 1.52650000 1.71289261
v 0.76139261 1.50350000 1.71289261
v 0.76850000 1.50789261 1.70139261
v 0.76850000 1.52210739 1.70139261
v 0.76139261 1.52650000 1.72710739
v 0.76139261 1.50350000 1.72710739
v 0.76850000 1.50789261 1.73860739
v 0.76850000 1.52210739 1.73860739
v 0.75700000 1.51500000 1.72000000
v -0.47000000 1.54750000 1.03000000
v -0.31000000 1.54750000 1.03000000
v -0.31000000 1.51250000 1.03000000
v -0.47000000 1.51250000 1.03000000
v -0.31783096 1.54750000 1.07944272
v -0.31783096 1.51250000 1.07944272
v -0.34055728 1.54750000 1.12404564
v -0.34055728 1.51250000 1.12404564
v -0.37595436 1.54750000 1.15944272
v -0.37595436 1.51250000 1.15944272
v -0.42055728 1.54750000 1.18216904
v -0.42055728 1.51250000 1.18216904
v -0.47000000 1.54750000 1.19000000
v -0.47000000 1.51250000 1.19000000
v -0.51944272 1.54750000 1.18216904
v -0.51944272 1.51250000 1.18216904
v -0.56404564 1.54750000 1.15944272
v -0.56404564 1.51250000 1.15944272
v -0.59944272 1.54750000 1.12404564
v -0.59944272 1.51250000 1.12404564
v -0.62216904 1.54750000 1.07944272
v -0.62216904 1.51250000 1.07944272
v -0.63000000 1.54750000 1.03000000
v -0.63000000 1.51250000 1.03000000
v -0.62216904 1.54750000 0.98055728
v -0.62216904 1.51250000 0.98055728
v -0.59944272 1.54750000 0.93595436
v -0.59944272 1.51250000 0.93595436
v -0.56404564 1.54750000 0.90055728
v -0.56404564 1.51250000 0.90055728
v -0.51944272 1.54750000 0.87783096
v -0.51944272 1.51250000 0.87783096
v -0.47000000 1.54750000 0.87000000
v -0.47000000 1.51250000 0.87000000
v -0.42055728 1.54750000 0.87783096
v -0.42055728 1.51250000 0.87783096
v -0.37595436 1.54750000 0.90055728
v -0.37595436 1.51250000 0.90055728
v -0.34055728 1.54750000 0.93595436
v -0.34055728 1.51250000 0.93595436
v -0.31783096 1.54750000 0.98055728
v -0.31783096 1.51250000 0.98055728
v 0.50000000 1.55250000 -0.88000000
v 0.58500000 1.55250000 -0.88000000
v 0.58500000 1.50750000 -0.88000000
v 0.50000000 1.50750000 -0.88000000
v 0.57852976 1.55250000 -0.84747191
v 0.57852976 1.50750000 -0.84747191
v 0.56010408 1.55250000 -0.81989592
v 0.56010408 1.50750000 -0.81989592
v 0.53252809 1.55250000 -0.80147024
v 0.53252809 1.50750000 -0.80147024
v 0.50000000 1.55250000 -0.79500000
v 0.50000000 1.50750000 -0.79500000
v 0.46747191 1.55250000 -0.80147024
v 0.46747191 1.50750000 -0.80147024
v 0.43989592 1.55250000 -0.81989592
v 0.43989592 1.50750000 -0.81989592
v 0.42147024 1.55250000 -0.84747191
v 0.42147024 1.50750000 -0.84747191
v 0.41500000 1.55250000 -0.88000000
v 0.41500000 1.50750000 -0.88000000
v 0.42147024 1.55250000 -0.91252809
v 0.42147024 1.50750000 -0.91252809
v 0.43989592 1.55250000 -0.94010408
v 0.43989592 1.50750000 -0.94010408
v 0.46747191 1.55250000 -0.95852976
v 0.46747191 1.50750000 -0.95852976
v 0.50000000 1.55250000 -0.96500000
v 0.50000000 1.50750000 -0.96500000
v 0.53252809 1.55250000 -0.95852976
v 0.53252809 1.50750000 -0.95852976
v 0.56010408 1.55250000 -0.94010408
v 0.56010408 1.50750000 -0.94010408
v 0.57852976 1.55250000 -0.91252809
v 0.57852976 1.50750000 -0.91252809
v -0.66000000 1.53000000 -0.88000000
v -0.66000000 1.53000000 -0.89400000
v -0.66000000 1.62000000 -0.89400000
v -0.66000000 1.62000000 -0.88000000
v -0.66822899 1.53000000 -0.89132624
v -0.66822899 1.62000000 -0.89132624
v -0.67331479 1.53000000 -0.88432624
v -0.67331479 1.62000000 -0.88432624
v -0.67331479 1.53000000 -0.87567376
v -0.67331479 1.62000000 -0.87567376
v -0.66822899 1.53000000 -0.86867376
v -0.66822899 1.62000000 -0.86867376
v -0.66000000 1.53000000 -0.86600000
v -0.66000000 1.62000000 -0.86600000
v -0.65177101 1.53000000 -0.86867376
v -0.65177101 1.62000000 -0.86867376
v -0.64668521 1.53000000 -0.87567376
v -0.64668521 1.62000000 -0.87567376
v -0.64668521 1.53000000 -0.88432624
v -0.64668521 1.62000000 -0.88432624
v -0.65177101 1.53000000 -0.89132624
v -0.65177101 1.62000000 -0.89132624
v -0.38000000 1.53000000 -0.88000000
v -0.38000000 1.53000000 -0.89400000
v -0.38000000 1.62000000 -0.89400000
v -0.38000000 1.62000000 -0.88000000
v -0.38822899 1.53000000 -0.89132624
v -0.38822899 1.62000000 -0.89132624
v -0.39331479 1.53000000 -0.88432624
v -0.39331479 1.62000000 -0.88432624
v -0.39331479 1.53000000 -0.87567376
v -0.39331479 1.62000000 -0.87567376
v -0.38822899 1.53000000 -0.86867376
v -0.38822899 1.62000000 -0.86867376
v -0.38000000 1.53000000 -0.86600000
v -0.38000000 1.62000000 -0.86600000
v -0.37177101 1.53000000 -0.86867376
v -0.37177101 1.62000000 -0.86867376
v -0.36668521 1.53000000 -0.87567376
v -0.36668521 1.62000000 -0.87567376
v -0.36668521 1.53000000 -0.88432624
v -0.36668521 1.62000000 -0.88432624
v -0.37177101 1.53000000 -0.89132624
v -0.37177101 1.62000000 -0.89132624
v -0.66000000 1.62000000 -0.88000000
v -0.66000000 1.62000000 -0.89400000
v -0.38000000 1.62000000 -0.89400000
v -0.38000000 1.62000000 -0.88000000
v -0.66000000 1.62822899 -0.89132624
v -0.38000000 1.62822899 -0.89132624
v -0.66000000 1.63331479 -0.88432624
v -0.38000000 1.63331479 -0.88432624
v -0.66000000 1.63331479 -0.87567376
v -0.38000000 1.63331479 -0.87567376
v -0.66000000 1.62822899 -0.86867376
v -0.38000000 1.62822899 -0.86867376
v -0.66000000 1.62000000 -0.86600000
v -0.38000000 1.62000000 -0.86600000
v -0.66000000 1.61177101 -0.86867376
v -0.38000000 1.61177101 -0.86867376
v -0.66000000 1.60668521 -0.87567376
v -0.38000000 1.60668521 -0.87567376
v -0.66000000 1.60668521 -0.88432624
v -0.38000000 1.60668521 -0.88432624
v -0.66000000 1.61177101 -0.89132624
v -0.38000000 1.61177101 -0.89132624
v 0.40000000 1.53000000 1.20000000
v 0.40000000 1.53000000 1.18600000
v 0.40000000 1.63000000 1.18600000
v 0.40000000 1.63000000 1.20000000
v 0.39177101 1.53000000 1.18867376
v 0.39177101 1.63000000 1.18867376
v 0.38668521 1.53000000 1.19567376
v 0.38668521 1.63000000 1.19567376
v 0.38668521 1.53000000 1.20432624
v 0.38668521 1.63000000 1.20432624
v 0.39177101 1.53000000 1.21132624
v 0.39177101 1.63000000 1.21132624
v 0.40000000 1.53000000 1.21400000
v 0.40000000 1.63000000 1.21400000
v 0.40822899 1.53000000 1.21132624
v 0.40822899 1.63000000 1.21132624
v 0.41331479 1.53000000 1.20432624
v 0.41331479 1.63000000 1.20432624
v 0.41331479 1.53000000 1.19567376
v 0.41331479 1.63000000 1.19567376
v 0.40822899 1.53000000 1.18867376
v 0.40822899 1.63000000 1.18867376
v 0.70000000 1.53000000 1.20000000
v 0.70000000 1.53000000 1.18600000
v 0.70000000 1.63000000 1.18600000
v 0.70000000 1.63000000 1.20000000
v 0.69177101 1.53000000 1.18867376
v 0.69177101 1.63000000 1.18867376
v 0.68668521 1.53000000 1.19567376
v 0.68668521 1.63000000 1.19567376
v 0.68668521 1.53000000 1.20432624
v 0.68668521 1.63000000 1.20432624
v 0.69177101 1.53000000 1.21132624
v 0.69177101 1.63000000 1.21132624
v 0.70000000 1.53000000 1.21400000
v 0.70000000 1.63000000 1.21400000
v 0.70822899 1.53000000 1.21132624
v 0.70822899 1.63000000 1.21132624
v 0.71331479 1.53000000 1.20432624
v 0.71331479 1.63000000 1.20432624
v 0.71331479 1.53000000 1.19567376
v 0.71331479 1.63000000 1.19567376
v 0.70822899 1.53000000 1.18867376
v 0.70822899 1.63000000 1.18867376
v 0.40000000 1.63000000 1.20000000
v 0.40000000 1.63000000 1.18600000
v 0.70000000 1.63000000 1.18600000
v 0.70000000 1.63000000 1.20000000
v 0.40000000 1.63822899 1.18867376
v 0.70000000 1.63822899 1.18867376
v 0.40000000 1.64331479 1.19567376
v 0.70000000 1.64331479 1.19567376
v 0.40000000 1.64331479 1.20432624
v 0.70000000 1.64331479 1.20432624
v 0.40000000 1.63822899 1.21132624
v 0.70000000 1.63822899 1.21132624
v 0.40000000 1.63000000 1.21400000
v 0.70000000 1.63000000 1.21400000
v 0.40000000 1.62177101 1.21132624
v 0.70000000 1.62177101 1.21132624
v 0.40000000 1.61668521 1.20432624
v 0.70000000 1.61668521 1.20432624
v 0.40000000 1.61668521 1.19567376
v 0.70000000 1.61668521 1.19567376
v 0.40000000 1.62177101 1.18867376
v 0.70000000 1.62177101 1.18867376
v -0.84000000 1.31000000 0.20000000
v -0.82200000 1.31000000 0.20000000
v -0.82200000 1.31000000 0.82000000
v -0.84000000 1.31000000 0.82000000
v -0.82543769 1.32058013 0.20000000
v -0.82543769 1.32058013 0.82000000
v -0.83443769 1.32711902 0.20000000
v -0.83443769 1.32711902 0.82000000
v -0.84556231 1.32711902 0.20000000
v -0.84556231 1.32711902 0.82000000
v -0.85456231 1.32058013 0.20000000
v -0.85456231 1.32058013 0.82000000
v -0.85800000 1.31000000 0.20000000
v -0.85800000 1.31000000 0.82000000
v -0.85456231 1.29941987 0.20000000
v -0.85456231 1.29941987 0.82000000
v -0.84556231 1.29288098 0.20000000
v -0.84556231 1.29288098 0.82000000
v -0.83443769 1.29288098 0.20000000
v -0.83443769 1.29288098 0.82000000
v -0.82543769 1.29941987 0.20000000
v -0.82543769 1.29941987 0.82000000
v -0.84000000 1.31000000 0.82000000
v -0.82253743 1.31423529 0.81894118
v -0.82253743 1.36423529 1.01894118
v -0.84000000 1.36000000 1.02000000
v -0.82843855 1.32338420 0.81665395
v -0.82843855 1.37338420 1.01665395
v -0.83875574 1.32742079 0.81564480
v -0.83875574 1.37742079 1.01564480
v -0.84954820 1.32480324 0.81629919
v -0.84954820 1.37480324 1.01629919
v -0.85669357 1.31653135 0.81836716
v -0.85669357 1.36653135 1.01836716
v -0.85746257 1.30576471 0.82105882
v -0.85746257 1.35576471 1.02105882
v -0.85156145 1.29661580 0.82334605
v -0.85156145 1.34661580 1.02334605
v -0.84124426 1.29257921 0.82435520
v -0.84124426 1.34257921 1.02435520
v -0.83045180 1.29519676 0.82370081
v -0.83045180 1.34519676 1.02370081
v -0.82330643 1.30346865 0.82163284
v -0.82330643 1.35346865 1.02163284
v 0.84000000 1.31000000 0.20000000
v 0.85800000 1.31000000 0.20000000
v 0.85800000 1.31000000 0.82000000
v 0.84000000 1.31000000 0.82000000
v 0.85456231 1.32058013 0.20000000
v 0.85456231 1.32058013 0.82000000
v 0.84556231 1.32711902 0.20000000
v 0.84556231 1.32711902 0.82000000
v 0.83443769 1.32711902 0.20000000
v 0.83443769 1.32711902 0.82000000
v 0.82543769 1.32058013 0.20000000
v 0.82543769 1.32058013 0.82000000
v 0.82200000 1.31000000 0.20000000
v 0.82200000 1.31000000 0.82000000
v 0.82543769 1.29941987 0.20000000
v 0.82543769 1.29941987 0.82000000
v 0.83443769 1.29288098 0.20000000
v 0.83443769 1.29288098 0.82000000
v 0.84556231 1.29288098 0.20000000
v 0.84556231 1.29288098 0.82000000
v 0.85456231 1.29941987 0.20000000
v 0.85456231 1.29941987 0.82000000
v 0.84000000 1.31000000 0.82000000
v 0.85746257 1.31423529 0.81894118
v 0.85746257 1.36423529 1.01894118
v 0.84000000 1.36000000 1.02000000
v 0.85156145 1.32338420 0.81665395
v 0.85156145 1.37338420 1.01665395
v 0.84124426 1.32742079 0.81564480
v 0.84124426 1.37742079 1.01564480
v 0.83045180 1.32480324 0.81629919
v 0.83045180 1.37480324 1.01629919
v 0.82330643 1.31653135 0.81836716
v 0.82330643 1.36653135 1.01836716
v 0.82253743 1.30576471 0.82105882
v 0.82253743 1.35576471 1.02105882
v 0.82843855 1.29661580 0.82334605
v 0.82843855 1.34661580 1.02334605
v 0.83875574 1.29257921 0.82435520
v 0.83875574 1.34257921 1.02435520
v 0.84954820 1.29519676 0.82370081
v 0.84954820 1.34519676 1.02370081
v 0.85669357 1.30346865 0.82163284
v 0.85669357 1.35346865 1.02163284
v -0.45000000 0.58000000 2.30000000
v -0.45000000 0.58000000 2.19000000
v 0.45000000 0.58000000 2.19000000
v 0.45000000 0.58000000 2.30000000
v -0.45000000 0.61762222 2.19663381
v 0.45000000 0.61762222 2.19663381
v -0.45000000 0.65070664 2.21573511
v 0.45000000 0.65070664 2.21573511
v -0.45000000 0.67526279 2.24500000
v 0.45000000 0.67526279 2.24500000
v -0.45000000 0.68832885 2.28089870
v 0.45000000 0.68832885 2.28089870
v -0.45000000 0.68832885 2.31910130
v 0.45000000 0.68832885 2.31910130
v -0.45000000 0.67526279 2.35500000
v 0.45000000 0.67526279 2.35500000
v -0.45000000 0.65070664 2.38426489
v 0.45000000 0.65070664 2.38426489
v -0.45000000 0.61762222 2.40336619
v 0.45000000 0.61762222 2.40336619
v -0.45000000 0.58000000 2.41000000
v 0.45000000 0.58000000 2.41000000
v -0.45000000 0.54237778 2.40336619
v 0.45000000 0.54237778 2.40336619
v -0.45000000 0.50929336 2.38426489
v 0.45000000 0.50929336 2.38426489
v -0.45000000 0.48473721 2.35500000
v 0.45000000 0.48473721 2.35500000
v -0.45000000 0.47167115 2.31910130
v 0.45000000 0.47167115 2.31910130
v -0.45000000 0.47167115 2.28089870
v 0.45000000 0.47167115 2.28089870
v -0.45000000 0.48473721 2.24500000
v 0.45000000 0.48473721 2.24500000
v -0.45000000 0.50929336 2.21573511
v 0.45000000 0.50929336 2.21573511
v -0.45000000 0.54237778 2.19663381
v 0.45000000 0.54237778 2.19663381
v -0.53000000 0.58000000 2.30000000
v -0.53000000 0.58000000 2.16500000
v -0.45000000 0.58000000 2.16500000
v -0.45000000 0.58000000 2.30000000
v -0.53000000 0.62617272 2.17314150
v -0.45000000 0.62617272 2.17314150
v -0.53000000 0.66677633 2.19658400
v -0.45000000 0.66677633 2.19658400
v -0.53000000 0.69691343 2.23250000
v -0.45000000 0.69691343 2.23250000
v -0.53000000 0.71294905 2.27655750
v -0.45000000 0.71294905 2.27655750
v -0.53000000 0.71294905 2.32344250
v -0.45000000 0.71294905 2.32344250
v -0.53000000 0.69691343 2.36750000
v -0.45000000 0.69691343 2.36750000
v -0.53000000 0.66677633 2.40341600
v -0.45000000 0.66677633 2.40341600
v -0.53000000 0.62617272 2.42685850
v -0.45000000 0.62617272 2.42685850
v -0.53000000 0.58000000 2.43500000
v -0.45000000 0.58000000 2.43500000
v -0.53000000 0.53382728 2.42685850
v -0.45000000 0.53382728 2.42685850
v -0.53000000 0.49322367 2.40341600
v -0.45000000 0.49322367 2.40341600
v -0.53000000 0.46308657 2.36750000
v -0.45000000 0.46308657 2.36750000
v -0.53000000 0.44705095 2.32344250
v -0.45000000 0.44705095 2.32344250
v -0.53000000 0.44705095 2.27655750
v -0.45000000 0.44705095 2.27655750
v -0.53000000 0.46308657 2.23250000
v -0.45000000 0.46308657 2.23250000
v -0.53000000 0.49322367 2.19658400
v -0.45000000 0.49322367 2.19658400
v -0.53000000 0.53382728 2.17314150
v -0.45000000 0.53382728 2.17314150
v 0.45000000 0.58000000 2.30000000
v 0.45000000 0.58000000 2.16500000
v 0.53000000 0.58000000 2.16500000
v 0.53000000 0.58000000 2.30000000
v 0.45000000 0.62617272 2.17314150
v 0.53000000 0.62617272 2.17314150
v 0.45000000 0.66677633 2.19658400
v 0.53000000 0.66677633 2.19658400
v 0.45000000 0.69691343 2.23250000
v 0.53000000 0.69691343 2.23250000
v 0.45000000 0.71294905 2.27655750
v 0.53000000 0.71294905 2.27655750
v 0.45000000 0.71294905 2.32344250
v 0.53000000 0.71294905 2.32344250
v 0.45000000 0.69691343 2.36750000
v 0.53000000 0.69691343 2.36750000
v 0.45000000 0.66677633 2.40341600
v 0.53000000 0.66677633 2.40341600
v 0.45000000 0.62617272 2.42685850
v 0.53000000 0.62617272 2.42685850
v 0.45000000 0.58000000 2.43500000
v 0.53000000 0.58000000 2.43500000
v 0.45000000 0.53382728 2.42685850
v 0.53000000 0.53382728 2.42685850
v 0.45000000 0.49322367 2.40341600
v 0.53000000 0.49322367 2.40341600
v 0.45000000 0.46308657 2.36750000
v 0.53000000 0.46308657 2.36750000
v 0.45000000 0.44705095 2.32344250
v 0.53000000 0.44705095 2.32344250
v 0.45000000 0.44705095 2.27655750
v 0.53000000 0.44705095 2.27655750
v 0.45000000 0.46308657 2.23250000
v 0.53000000 0.46308657 2.23250000
v 0.45000000 0.49322367 2.19658400
v 0.53000000 0.49322367 2.19658400
v 0.45000000 0.53382728 2.17314150
v 0.53000000 0.53382728 2.17314150
v -0.32500000 1.15750000 1.76250000
v -0.32500000 1.15750000 1.79750000
v -0.32500000 1.18250000 1.76250000
v -0.32500000 1.18250000 1.79750000
v 0.32500000 1.15750000 1.76250000
v 0.32500000 1.15750000 1.79750000
v 0.32500000 1.18250000 1.76250000
v 0.32500000 1.18250000 1.79750000
v -0.32500000 1.15750000 1.82750000
v -0.32500000 1.15750000 1.86250000
v -0.32500000 1.18250000 1.82750000
v -0.32500000 1.18250000 1.86250000
v 0.32500000 1.15750000 1.82750000
v 0.32500000 1.15750000 1.86250000
v 0.32500000 1.18250000 1.82750000
v 0.32500000 1.18250000 1.86250000
v -0.32500000 1.15750000 1.89250000
v -0.32500000 1.15750000 1.92750000
v -0.32500000 1.18250000 1.89250000
v -0.32500000 1.18250000 1.92750000
v 0.32500000 1.15750000 1.89250000
v 0.32500000 1.15750000 1.92750000
v 0.32500000 1.18250000 1.89250000
v 0.32500000 1.18250000 1.92750000
v -0.32500000 1.15750000 1.95750000
v -0.32500000 1.15750000 1.99250000
v -0.32500000 1.18250000 1.95750000
v -0.32500000 1.18250000 1.99250000
v 0.32500000 1.15750000 1.95750000
v 0.32500000 1.15750000 1.99250000
v 0.32500000 1.18250000 1.95750000
v 0.32500000 1.18250000 1.99250000
v -0.32500000 1.15750000 2.02250000
v -0.32500000 1.15750000 2.05750000
v -0.32500000 1.18250000 2.02250000
v -0.32500000 1.18250000 2.05750000
v 0.32500000 1.15750000 2.02250000
v 0.32500000 1.15750000 2.05750000
v 0.32500000 1.18250000 2.02250000
v 0.32500000 1.18250000 2.05750000
v -0.32500000 1.15750000 2.08750000
v -0.32500000 1.15750000 2.12250000
v -0.32500000 1.18250000 2.08750000
v -0.32500000 1.18250000 2.12250000
v 0.32500000 1.15750000 2.08750000
v 0.32500000 1.15750000 2.12250000
v 0.32500000 1.18250000 2.08750000
v 0.32500000 1.18250000 2.12250000
v -0.32500000 1.15750000 2.15250000
v -0.32500000 1.15750000 2.18750000
v -0.32500000 1.18250000 2.15250000
v -0.32500000 1.18250000 2.18750000
v 0.32500000 1.15750000 2.15250000
v 0.32500000 1.15750000 2.18750000
v 0.32500000 1.18250000 2.15250000
v 0.32500000 1.18250000 2.18750000
v -0.85250000 1.03000000 -0.31000000
v -0.85250000 1.03000000 0.41000000
v -0.85250000 1.41000000 -0.31000000
v -0.85250000 1.41000000 0.41000000
v -0.81750000 1.03000000 -0.31000000
v -0.81750000 1.03000000 0.41000000
v -0.81750000 1.41000000 -0.31000000
v -0.81750000 1.41000000 0.41000000
v -0.85250000 0.96000000 0.86000000
v -0.85250000 0.96000000 1.38000000
v -0.85250000 1.24000000 0.86000000
v -0.85250000 1.24000000 1.38000000
v -0.81750000 0.96000000 0.86000000
v -0.81750000 0.96000000 1.38000000
v -0.81750000 1.24000000 0.86000000
v -0.81750000 1.24000000 1.38000000
v 0.81750000 1.03000000 -0.31000000
v 0.81750000 1.03000000 0.41000000
v 0.81750000 1.41000000 -0.31000000
v 0.81750000 1.41000000 0.41000000
v 0.85250000 1.03000000 -0.31000000
v 0.85250000 1.03000000 0.41000000
v 0.85250000 1.41000000 -0.31000000
v 0.85250000 1.41000000 0.41000000
v 0.81750000 0.96000000 0.86000000
v 0.81750000 0.96000000 1.38000000
v 0.81750000 1.24000000 0.86000000
v 0.81750000 1.24000000 1.38000000
v 0.85250000 0.96000000 0.86000000
v 0.85250000 0.96000000 1.38000000
v 0.85250000 1.24000000 0.86000000
v 0.85250000 1.24000000 1.38000000
vt 0.90523618 0.23160195
vt 0.90523624 0.40425986
vt 0.71339417 0.40425986
vt 0.71339411 0.23160201
vt 0.71339411 0.11649674
vt 0.90523618 0.11649674
vt 0.90523612 0.44262826
vt 0.71339417 0.44262826
vt 0.90523612 0.57131976
vt 0.94360453 0.11649674
vt 0.94360453 0.23160201
vt 0.22599250 0.64663911
vt 0.57130814 0.70419168
vt 0.57130814 0.64663923
vt 0.07251877 0.64663911
vt 0.07251871 0.70419168
vt 0.71339411 0.07812834
vt 0.71339411 0.02057576
vt 0.90523618 0.02057576
vt 0.01496613 0.70419168
vt 0.01496613 0.64663911
vt 0.62556922 0.64663923
vt 0.62556922 0.70419168
vt 0.66393769 0.64663911
vt 0.66393769 0.70419180
vt 0.50829750 0.48217708
vt 0.50829750 0.42462450
vt 0.10542928 0.48217708
vt 0.10542916 0.42462450
vt 0.65584147 0.44262826
vt 0.71339417 0.57131988
vt 0.67502564 0.23160201
vt 0.22608900 0.85008901
vt 0.57140464 0.79253638
vt 0.57140452 0.85008895
vt 0.07261526 0.85008901
vt 0.07261526 0.79253632
vt 0.01506268 0.79253632
vt 0.01506268 0.85008901
vt 0.62566566 0.85008895
vt 0.62566572 0.79253638
vt 0.66403389 0.85008901
vt 0.66403413 0.79253644
vt 0.50829738 0.02175598
vt 0.50829750 0.07930879
vt 0.10542910 0.02175622
vt 0.10542922 0.07930879
vt 0.96278876 0.44262826
vt 0.22599244 0.70419168
vt 0.26436085 0.70419168
vt 0.97440583 0.23160201
vt 0.97440588 0.40425986
vt 0.97440583 0.23160201
vt 0.39865029 0.70419168
vt 0.39865029 0.64663911
vt 0.39865029 0.64663911
vt 0.11088717 0.70419168
vt 0.11088717 0.70419168
vt 0.11088717 0.70419168
vt 0.22599244 0.70419168
vt 0.90523618 0.07812834
vt 0.90523618 0.07812834
vt 0.01496613 0.74256015
vt 0.07251871 0.74256015
vt 0.01496613 0.74256015
vt 0.62015957 0.42462450
vt 0.62015957 0.42462450
vt 0.62015957 0.48217708
vt 0.01963483 0.48217708
vt 0.01963483 0.42462450
vt 0.01963483 0.42462450
vt 0.07251877 0.58908629
vt 0.11088723 0.51234961
vt 0.51375556 0.51234961
vt 0.60967660 0.56990218
vt 0.60967660 0.60827065
vt 0.51375556 0.51234961
vt 0.60967660 0.60827065
vt 0.51375556 0.51234961
vt 0.39865029 0.64663911
vt 0.51375556 0.51234961
vt 0.39865029 0.64663911
vt 0.11088723 0.51234961
vt 0.51375556 0.51234961
vt 0.11088723 0.51234961
vt 0.92788696 0.64007020
vt 0.92788696 0.67843866
vt 0.83196592 0.65925431
vt 0.92788696 0.64007020
vt 0.83196592 0.65925431
vt 0.71686077 0.60170197
vt 0.88951850 0.60170197
vt 0.92788696 0.64007020
vt 0.71686077 0.60170197
vt 0.06706081 0.34788781
vt 0.06706081 0.34788781
vt 0.10542916 0.34788781
vt 0.10542916 0.34788781
vt 0.50829750 0.34788758
vt 0.50829750 0.34788758
vt 0.60421854 0.36707193
vt 0.67502564 0.11649674
vt 0.67502564 0.11649674
vt 0.22608888 0.79253632
vt 0.26445735 0.79253644
vt 0.64422458 0.23160207
vt 0.64422452 0.40425986
vt 0.64422458 0.23160207
vt 0.39874673 0.85008895
vt 0.39874673 0.85008895
vt 0.39874685 0.79253626
vt 0.11098372 0.79253632
vt 0.22608888 0.79253632
vt 0.11098372 0.79253632
vt 0.11098372 0.79253632
vt 0.01506245 0.75416797
vt 0.07261526 0.75416797
vt 0.01506245 0.75416797
vt 0.62015957 0.02175622
vt 0.62015957 0.07930879
vt 0.62015957 0.07930879
vt 0.01963477 0.07930903
vt 0.01963477 0.07930903
vt 0.01963477 0.02175622
vt 0.60977298 0.88845742
vt 0.60977304 0.92682564
vt 0.60977304 0.92682564
vt 0.51385194 0.98437834
vt 0.39874673 0.85008895
vt 0.51385194 0.98437834
vt 0.39874673 0.85008895
vt 0.51385194 0.98437834
vt 0.11098372 0.98437846
vt 0.11098372 0.98437846
vt 0.07261526 0.90764159
vt 0.11098372 0.98437846
vt 0.39874673 0.85008895
vt 0.11098372 0.98437846
vt 0.83196592 0.71442491
vt 0.92788696 0.69524068
vt 0.92788696 0.73360914
vt 0.71686077 0.77197748
vt 0.83196592 0.71442491
vt 0.92788696 0.73360914
vt 0.88951850 0.77197748
vt 0.71686077 0.77197748
vt 0.92788696 0.73360914
vt 0.60421854 0.13686137
vt 0.50829750 0.15604548
vt 0.50829750 0.15604548
vt 0.10542910 0.15604572
vt 0.10542910 0.15604572
vt 0.06706075 0.15604572
vt 0.06706075 0.15604572
vt 0.10542916 0.34788781
vt 0.10542910 0.15604572
vt 0.50829750 0.15604548
vt 0.50829750 0.15604548
vt 0.50829750 0.34788758
vt 0.10542916 0.34788781
vt 0.50000000 0.86000000
vt 0.50000000 0.85265735
vt 0.50000000 0.83343405
vt 0.50000000 0.80967274
vt 0.50000000 0.79044944
vt 0.50000000 0.78310680
vt 0.50000000 0.79044944
vt 0.50000000 0.80967274
vt 0.50000000 0.83343405
vt 0.50000000 0.85265735
vt 0.56251334 0.85453079
vt 0.56123831 0.84729969
vt 0.55790022 0.82836844
vt 0.55377411 0.80496812
vt 0.55043602 0.78603686
vt 0.54916098 0.77880577
vt 0.55043602 0.78603686
vt 0.55377411 0.80496812
vt 0.55790022 0.82836844
vt 0.56123831 0.84729969
vt 0.62312725 0.83828934
vt 0.62061592 0.83138951
vt 0.61404116 0.81332552
vt 0.60591432 0.79099719
vt 0.59933956 0.77293320
vt 0.59682823 0.76603337
vt 0.59933956 0.77293320
vt 0.60591432 0.79099719
vt 0.61404116 0.81332552
vt 0.62061592 0.83138951
vt 0.68000000 0.81176915
vt 0.67632868 0.80541023
vt 0.66671703 0.78876236
vt 0.65483637 0.76818446
vt 0.64522472 0.75153660
vt 0.64155340 0.74517768
vt 0.64522472 0.75153660
vt 0.65483637 0.76818446
vt 0.66671703 0.78876236
vt 0.67632868 0.80541023
vt 0.73140354 0.77577600
vt 0.72668378 0.77015121
vt 0.71432728 0.75542530
vt 0.69905380 0.73722309
vt 0.68669730 0.72249718
vt 0.68197754 0.71687239
vt 0.68669730 0.72249718
vt 0.69905380 0.73722309
vt 0.71432728 0.75542530
vt 0.72668378 0.77015121
vt 0.77577600 0.73140354
vt 0.77015121 0.72668378
vt 0.75542530 0.71432728
vt 0.73722309 0.69905380
vt 0.72249718 0.68669730
vt 0.71687239 0.68197754
vt 0.72249718 0.68669730
vt 0.73722309 0.69905380
vt 0.75542530 0.71432728
vt 0.77015121 0.72668378
vt 0.81176915 0.68000000
vt 0.80541023 0.67632868
vt 0.78876236 0.66671703
vt 0.76818446 0.65483637
vt 0.75153660 0.64522472
vt 0.74517768 0.64155340
vt 0.75153660 0.64522472
vt 0.76818446 0.65483637
vt 0.78876236 0.66671703
vt 0.80541023 0.67632868
vt 0.83828934 0.62312725
vt 0.83138951 0.62061592
vt 0.81332552 0.61404116
vt 0.79099719 0.60591432
vt 0.77293320 0.59933956
vt 0.76603337 0.59682823
vt 0.77293320 0.59933956
vt 0.79099719 0.60591432
vt 0.81332552 0.61404116
vt 0.83138951 0.62061592
vt 0.85453079 0.56251334
vt 0.84729969 0.56123831
vt 0.82836844 0.55790022
vt 0.80496812 0.55377411
vt 0.78603686 0.55043602
vt 0.77880577 0.54916098
vt 0.78603686 0.55043602
vt 0.80496812 0.55377411
vt 0.82836844 0.55790022
vt 0.84729969 0.56123831
vt 0.86000000 0.50000000
vt 0.85265735 0.50000000
vt 0.83343405 0.50000000
vt 0.80967274 0.50000000
vt 0.79044944 0.50000000
vt 0.78310680 0.50000000
vt 0.79044944 0.50000000
vt 0.80967274 0.50000000
vt 0.83343405 0.50000000
vt 0.85265735 0.50000000
vt 0.85453079 0.43748666
vt 0.84729969 0.43876169
vt 0.82836844 0.44209978
vt 0.80496812 0.44622589
vt 0.78603686 0.44956398
vt 0.77880577 0.45083902
vt 0.78603686 0.44956398
vt 0.80496812 0.44622589
vt 0.82836844 0.44209978
vt 0.84729969 0.43876169
vt 0.83828934 0.37687275
vt 0.83138951 0.37938408
vt 0.81332552 0.38595884
vt 0.79099719 0.39408568
vt 0.77293320 0.40066044
vt 0.76603337 0.40317177
vt 0.77293320 0.40066044
vt 0.79099719 0.39408568
vt 0.81332552 0.38595884
vt 0.83138951 0.37938408
vt 0.81176915 0.32000000
vt 0.80541023 0.32367132
vt 0.78876236 0.33328297
vt 0.76818446 0.34516363
vt 0.75153660 0.35477528
vt 0.74517768 0.35844660
vt 0.75153660 0.35477528
vt 0.76818446 0.34516363
vt 0.78876236 0.33328297
vt 0.80541023 0.32367132
vt 0.77577600 0.26859646
vt 0.77015121 0.27331622
vt 0.75542530 0.28567272
vt 0.73722309 0.30094620
vt 0.72249718 0.31330270
vt 0.71687239 0.31802246
vt 0.72249718 0.31330270
vt 0.73722309 0.30094620
vt 0.75542530 0.28567272
vt 0.77015121 0.27331622
vt 0.73140354 0.22422400
vt 0.72668378 0.22984879
vt 0.71432728 0.24457470
vt 0.69905380 0.26277691
vt 0.68669730 0.27750282
vt 0.68197754 0.28312761
vt 0.68669730 0.27750282
vt 0.69905380 0.26277691
vt 0.71432728 0.24457470
vt 0.72668378 0.22984879
vt 0.68000000 0.18823085
vt 0.67632868 0.19458977
vt 0.66671703 0.21123764
vt 0.65483637 0.23181554
vt 0.64522472 0.24846340
vt 0.64155340 0.25482232
vt 0.64522472 0.24846340
vt 0.65483637 0.23181554
vt 0.66671703 0.21123764
vt 0.67632868 0.19458977
vt 0.62312725 0.16171066
vt 0.62061592 0.16861049
vt 0.61404116 0.18667448
vt 0.60591432 0.20900281
vt 0.59933956 0.22706680
vt 0.59682823 0.23396663
vt 0.59933956 0.22706680
vt 0.60591432 0.20900281
vt 0.61404116 0.18667448
vt 0.62061592 0.16861049
vt 0.56251334 0.14546921
vt 0.56123831 0.15270031
vt 0.55790022 0.17163156
vt 0.55377411 0.19503188
vt 0.55043602 0.21396314
vt 0.54916098 0.22119423
vt 0.55043602 0.21396314
vt 0.55377411 0.19503188
vt 0.55790022 0.17163156
vt 0.56123831 0.15270031
vt 0.50000000 0.14000000
vt 0.50000000 0.14734265
vt 0.50000000 0.16656595
vt 0.50000000 0.19032726
vt 0.50000000 0.20955056
vt 0.50000000 0.21689320
vt 0.50000000 0.20955056
vt 0.50000000 0.19032726
vt 0.50000000 0.16656595
vt 0.50000000 0.14734265
vt 0.43748666 0.14546921
vt 0.43876169 0.15270031
vt 0.44209978 0.17163156
vt 0.44622589 0.19503188
vt 0.44956398 0.21396314
vt 0.45083902 0.22119423
vt 0.44956398 0.21396314
vt 0.44622589 0.19503188
vt 0.44209978 0.17163156
vt 0.43876169 0.15270031
vt 0.37687275 0.16171066
vt 0.37938408 0.16861049
vt 0.38595884 0.18667448
vt 0.39408568 0.20900281
vt 0.40066044 0.22706680
vt 0.40317177 0.23396663
vt 0.40066044 0.22706680
vt 0.39408568 0.20900281
vt 0.38595884 0.18667448
vt 0.37938408 0.16861049
vt 0.32000000 0.18823085
vt 0.32367132 0.19458977
vt 0.33328297 0.21123764
vt 0.34516363 0.23181554
vt 0.35477528 0.24846340
vt 0.35844660 0.25482232
vt 0.35477528 0.24846340
vt 0.34516363 0.23181554
vt 0.33328297 0.21123764
vt 0.32367132 0.19458977
vt 0.26859646 0.22422400
vt 0.27331622 0.22984879
vt 0.28567272 0.24457470
vt 0.30094620 0.26277691
vt 0.31330270 0.27750282
vt 0.31802246 0.28312761
vt 0.31330270 0.27750282
vt 0.30094620 0.26277691
vt 0.28567272 0.24457470
vt 0.27331622 0.22984879
vt 0.22422400 0.26859646
vt 0.22984879 0.27331622
vt 0.24457470 0.28567272
vt 0.26277691 0.30094620
vt 0.27750282 0.31330270
vt 0.28312761 0.31802246
vt 0.27750282 0.31330270
vt 0.26277691 0.30094620
vt 0.24457470 0.28567272
vt 0.22984879 0.27331622
vt 0.18823085 0.32000000
vt 0.19458977 0.32367132
vt 0.21123764 0.33328297
vt 0.23181554 0.34516363
vt 0.24846340 0.35477528
vt 0.25482232 0.35844660
vt 0.24846340 0.35477528
vt 0.23181554 0.34516363
vt 0.21123764 0.33328297
vt 0.19458977 0.32367132
vt 0.16171066 0.37687275
vt 0.16861049 0.37938408
vt 0.18667448 0.38595884
vt 0.20900281 0.39408568
vt 0.22706680 0.40066044
vt 0.23396663 0.40317177
vt 0.22706680 0.40066044
vt 0.20900281 0.39408568
vt 0.18667448 0.38595884
vt 0.16861049 0.37938408
vt 0.14546921 0.43748666
vt 0.15270031 0.43876169
vt 0.17163156 0.44209978
vt 0.19503188 0.44622589
vt 0.21396314 0.44956398
vt 0.22119423 0.45083902
vt 0.21396314 0.44956398
vt 0.19503188 0.44622589
vt 0.17163156 0.44209978
vt 0.15270031 0.43876169
vt 0.14000000 0.50000000
vt 0.14734265 0.50000000
vt 0.16656595 0.50000000
vt 0.19032726 0.50000000
vt 0.20955056 0.50000000
vt 0.21689320 0.50000000
vt 0.20955056 0.50000000
vt 0.19032726 0.50000000
vt 0.16656595 0.50000000
vt 0.14734265 0.50000000
vt 0.14546921 0.56251334
vt 0.15270031 0.56123831
vt 0.17163156 0.55790022
vt 0.19503188 0.55377411
vt 0.21396314 0.55043602
vt 0.22119423 0.54916098
vt 0.21396314 0.55043602
vt 0.19503188 0.55377411
vt 0.17163156 0.55790022
vt 0.15270031 0.56123831
vt 0.16171066 0.62312725
vt 0.16861049 0.62061592
vt 0.18667448 0.61404116
vt 0.20900281 0.60591432
vt 0.22706680 0.59933956
vt 0.23396663 0.59682823
vt 0.22706680 0.59933956
vt 0.20900281 0.60591432
vt 0.18667448 0.61404116
vt 0.16861049 0.62061592
vt 0.18823085 0.68000000
vt 0.19458977 0.67632868
vt 0.21123764 0.66671703
vt 0.23181554 0.65483637
vt 0.24846340 0.64522472
vt 0.25482232 0.64155340
vt 0.24846340 0.64522472
vt 0.23181554 0.65483637
vt 0.21123764 0.66671703
vt 0.19458977 0.67632868
vt 0.22422400 0.73140354
vt 0.22984879 0.72668378
vt 0.24457470 0.71432728
vt 0.26277691 0.69905380
vt 0.27750282 0.68669730
vt 0.28312761 0.68197754
vt 0.27750282 0.68669730
vt 0.26277691 0.69905380
vt 0.24457470 0.71432728
vt 0.22984879 0.72668378
vt 0.26859646 0.77577600
vt 0.27331622 0.77015121
vt 0.28567272 0.75542530
vt 0.30094620 0.73722309
vt 0.31330270 0.72249718
vt 0.31802246 0.71687239
vt 0.31330270 0.72249718
vt 0.30094620 0.73722309
vt 0.28567272 0.75542530
vt 0.27331622 0.77015121
vt 0.32000000 0.81176915
vt 0.32367132 0.80541023
vt 0.33328297 0.78876236
vt 0.34516363 0.76818446
vt 0.35477528 0.75153660
vt 0.35844660 0.74517768
vt 0.35477528 0.75153660
vt 0.34516363 0.76818446
vt 0.33328297 0.78876236
vt 0.32367132 0.80541023
vt 0.37687275 0.83828934
vt 0.37938408 0.83138951
vt 0.38595884 0.81332552
vt 0.39408568 0.79099719
vt 0.40066044 0.77293320
vt 0.40317177 0.76603337
vt 0.40066044 0.77293320
vt 0.39408568 0.79099719
vt 0.38595884 0.81332552
vt 0.37938408 0.83138951
vt 0.43748666 0.85453079
vt 0.43876169 0.84729969
vt 0.44209978 0.82836844
vt 0.44622589 0.80496812
vt 0.44956398 0.78603686
vt 0.45083902 0.77880577
vt 0.44956398 0.78603686
vt 0.44622589 0.80496812
vt 0.44209978 0.82836844
vt 0.43876169 0.84729969
vt 0.50000000 0.50000000
vt 0.86000000 0.50000000
vt 0.86000000 0.50000000
vt 0.50000000 0.50000000
vt 0.85308270 0.57023252
vt 0.85308270 0.57023252
vt 0.83259663 0.63776604
vt 0.83259663 0.63776604
vt 0.79932906 0.70000528
vt 0.79932906 0.70000528
vt 0.75455844 0.75455844
vt 0.75455844 0.75455844
vt 0.70000528 0.79932906
vt 0.70000528 0.79932906
vt 0.63776604 0.83259663
vt 0.63776604 0.83259663
vt 0.57023252 0.85308270
vt 0.57023252 0.85308270
vt 0.50000000 0.86000000
vt 0.50000000 0.86000000
vt 0.42976748 0.85308270
vt 0.42976748 0.85308270
vt 0.36223396 0.83259663
vt 0.36223396 0.83259663
vt 0.29999472 0.79932906
vt 0.29999472 0.79932906
vt 0.24544156 0.75455844
vt 0.24544156 0.75455844
vt 0.20067094 0.70000528
vt 0.20067094 0.70000528
vt 0.16740337 0.63776604
vt 0.16740337 0.63776604
vt 0.14691730 0.57023252
vt 0.14691730 0.57023252
vt 0.14000000 0.50000000
vt 0.14000000 0.50000000
vt 0.14691730 0.42976748
vt 0.14691730 0.42976748
vt 0.16740337 0.36223396
vt 0.16740337 0.36223396
vt 0.20067094 0.29999472
vt 0.20067094 0.29999472
vt 0.24544156 0.24544156
vt 0.24544156 0.24544156
vt 0.29999472 0.20067094
vt 0.29999472 0.20067094
vt 0.36223396 0.16740337
vt 0.36223396 0.16740337
vt 0.42976748 0.14691730
vt 0.42976748 0.14691730
vt 0.50000000 0.14000000
vt 0.50000000 0.14000000
vt 0.57023252 0.14691730
vt 0.57023252 0.14691730
vt 0.63776604 0.16740337
vt 0.63776604 0.16740337
vt 0.70000528 0.20067094
vt 0.70000528 0.20067094
vt 0.75455844 0.24544156
vt 0.75455844 0.24544156
vt 0.79932906 0.29999472
vt 0.79932906 0.29999472
vt 0.83259663 0.36223396
vt 0.83259663 0.36223396
vt 0.85308270 0.42976748
vt 0.85308270 0.42976748
vt 0.14000000 0.14000000
vt 0.86000000 0.14000000
vt 0.14000000 0.14000000
vt 0.86000000 0.14000000
vt 0.14000000 0.86000000
vt 0.86000000 0.86000000
vt 0.14000000 0.86000000
vt 0.86000000 0.86000000
vt 0.14000000 0.14000000
vt 0.86000000 0.14000000
vt 0.14000000 0.14000000
vt 0.86000000 0.14000000
vt 0.14000000 0.86000000
vt 0.86000000 0.86000000
vt 0.14000000 0.86000000
vt 0.86000000 0.86000000
vt 0.16852561 0.14000000
vt 0.86000000 0.14000000
vt 0.14000000 0.14000000
vt 0.83147439 0.14000000
vt 0.16852561 0.86000000
vt 0.86000000 0.86000000
vt 0.14000000 0.86000000
vt 0.83147439 0.86000000
vt 0.14833483 0.14000000
vt 0.86000000 0.14000000
vt 0.14000000 0.14000000
vt 0.85166517 0.14000000
vt 0.14833483 0.86000000
vt 0.86000000 0.86000000
vt 0.14000000 0.86000000
vt 0.85166517 0.86000000
vt 0.14000000 0.14000000
vt 0.14000000 0.86000000
vt 0.86000000 0.14000000
vt 0.86000000 0.86000000
vt 0.14000000 0.14000000
vt 0.14000000 0.86000000
vt 0.86000000 0.14000000
vt 0.86000000 0.86000000
vt 0.14000000 0.14000000
vt 0.14000000 0.86000000
vt 0.86000000 0.14000000
vt 0.86000000 0.86000000
vt 0.14000000 0.14000000
vt 0.14000000 0.86000000
vt 0.86000000 0.14000000
vt 0.86000000 0.86000000
vt 0.14000000 0.14000000
vt 0.14000000 0.86000000
vt 0.86000000 0.14000000
vt 0.86000000 0.86000000
vt 0.14000000 0.14000000
vt 0.14000000 0.86000000
vt 0.86000000 0.14000000
vt 0.86000000 0.86000000
vt 0.14000000 0.14000000
vt 0.14000000 0.86000000
vt 0.86000000 0.14000000
vt 0.86000000 0.86000000
vt 0.14000000 0.14000000
vt 0.14000000 0.86000000
vt 0.86000000 0.14000000
vt 0.86000000 0.86000000
vt 0.14000000 0.14000000
vt 0.14000000 0.86000000
vt 0.14000000 0.14000000
vt 0.14000000 0.86000000
vt 0.86000000 0.14000000
vt 0.86000000 0.86000000
vt 0.86000000 0.14000000
vt 0.86000000 0.86000000
vt 0.14000000 0.14000000
vt 0.14000000 0.86000000
vt 0.14000000 0.14000000
vt 0.14000000 0.86000000
vt 0.86000000 0.14000000
vt 0.86000000 0.86000000
vt 0.86000000 0.14000000
vt 0.86000000 0.86000000
vt 0.14000000 0.14000000
vt 0.14000000 0.86000000
vt 0.14000000 0.14000000
vt 0.14000000 0.86000000
vt 0.86000000 0.14000000
vt 0.86000000 0.86000000
vt 0.86000000 0.14000000
vt 0.86000000 0.86000000
vt 0.14000000 0.14000000
vt 0.14000000 0.86000000
vt 0.14000000 0.14000000
vt 0.14000000 0.86000000
vt 0.86000000 0.14000000
vt 0.86000000 0.86000000
vt 0.86000000 0.14000000
vt 0.86000000 0.86000000
vt 0.14000000 0.14000000
vt 0.14000000 0.86000000
vt 0.14000000 0.14000000
vt 0.14000000 0.86000000
vt 0.86000000 0.14000000
vt 0.86000000 0.86000000
vt 0.86000000 0.14000000
vt 0.86000000 0.86000000
vt 0.14000000 0.14000000
vt 0.14000000 0.86000000
vt 0.14000000 0.14000000
vt 0.14000000 0.86000000
vt 0.86000000 0.14000000
vt 0.86000000 0.86000000
vt 0.86000000 0.14000000
vt 0.86000000 0.86000000
vt 0.14000000 0.14000000
vt 0.14000000 0.86000000
vt 0.14000000 0.14000000
vt 0.14000000 0.86000000
vt 0.86000000 0.14000000
vt 0.86000000 0.86000000
vt 0.86000000 0.14000000
vt 0.86000000 0.86000000
vt 0.14000000 0.14000000
vt 0.86000000 0.14000000
vt 0.14000000 0.14000000
vt 0.86000000 0.14000000
vt 0.14000000 0.86000000
vt 0.86000000 0.86000000
vt 0.14000000 0.86000000
vt 0.86000000 0.86000000
vt 0.14000000 0.14000000
vt 0.86000000 0.14000000
vt 0.14000000 0.14000000
vt 0.86000000 0.14000000
vt 0.14000000 0.86000000
vt 0.86000000 0.86000000
vt 0.14000000 0.86000000
vt 0.86000000 0.86000000
vt 0.14000000 0.14000000
vt 0.86000000 0.14000000
vt 0.14000000 0.14000000
vt 0.86000000 0.14000000
vt 0.14000000 0.86000000
vt 0.86000000 0.86000000
vt 0.14000000 0.86000000
vt 0.86000000 0.86000000
vt 0.14000000 0.14000000
vt 0.86000000 0.14000000
vt 0.14000000 0.14000000
vt 0.86000000 0.14000000
vt 0.14000000 0.86000000
vt 0.86000000 0.86000000
vt 0.14000000 0.86000000
vt 0.86000000 0.86000000
vt 0.14000000 0.14000000
vt 0.86000000 0.14000000
vt 0.14000000 0.14000000
vt 0.86000000 0.14000000
vt 0.14000000 0.86000000
vt 0.86000000 0.86000000
vt 0.14000000 0.86000000
vt 0.86000000 0.86000000
vt 0.14000000 0.14000000
vt 0.86000000 0.14000000
vt 0.14000000 0.14000000
vt 0.86000000 0.14000000
vt 0.14000000 0.86000000
vt 0.86000000 0.86000000
vt 0.14000000 0.86000000
vt 0.86000000 0.86000000
vt 0.14000000 0.14000000
vt 0.14000000 0.86000000
vt 0.14000000 0.14000000
vt 0.14000000 0.86000000
vt 0.86000000 0.14000000
vt 0.86000000 0.86000000
vt 0.86000000 0.14000000
vt 0.86000000 0.86000000
vt 0.14000000 0.14000000
vt 0.14000000 0.86000000
vt 0.14000000 0.14000000
vt 0.14000000 0.86000000
vt 0.86000000 0.14000000
vt 0.86000000 0.86000000
vt 0.86000000 0.14000000
vt 0.86000000 0.86000000
vt 0.14000000 0.14000000
vt 0.14000000 0.86000000
vt 0.14000000 0.14000000
vt 0.14000000 0.86000000
vt 0.86000000 0.14000000
vt 0.86000000 0.86000000
vt 0.86000000 0.14000000
vt 0.86000000 0.86000000
vt 0.14000000 0.14000000
vt 0.14000000 0.86000000
vt 0.14000000 0.14000000
vt 0.14000000 0.86000000
vt 0.86000000 0.14000000
vt 0.86000000 0.86000000
vt 0.86000000 0.14000000
vt 0.86000000 0.86000000
vt 0.14000000 0.14000000
vt 0.14000000 0.86000000
vt 0.14000000 0.14000000
vt 0.14000000 0.86000000
vt 0.86000000 0.14000000
vt 0.86000000 0.86000000
vt 0.86000000 0.14000000
vt 0.86000000 0.86000000
vt 0.14000000 0.14000000
vt 0.14000000 0.86000000
vt 0.14000000 0.14000000
vt 0.14000000 0.86000000
vt 0.86000000 0.14000000
vt 0.86000000 0.86000000
vt 0.86000000 0.14000000
vt 0.86000000 0.86000000
vt 0.14000000 0.14000000
vt 0.14000000 0.86000000
vt 0.14000000 0.14000000
vt 0.14000000 0.86000000
vt 0.86000000 0.14000000
vt 0.86000000 0.86000000
vt 0.86000000 0.14000000
vt 0.86000000 0.86000000
vt 0.14000000 0.14000000
vt 0.14000000 0.86000000
vt 0.14000000 0.14000000
vt 0.14000000 0.86000000
vt 0.86000000 0.14000000
vt 0.86000000 0.86000000
vt 0.86000000 0.14000000
vt 0.86000000 0.86000000
vt 0.50000000 0.50000000
vt 0.50000000 0.86000000
vt 0.50000000 0.86000000
vt 0.50000000 0.50000000
vt 0.66021507 0.82434879
vt 0.66021507 0.82434879
vt 0.78869758 0.72445633
vt 0.78869758 0.72445633
vt 0.86000000 0.58010754
vt 0.86000000 0.58010754
vt 0.86000000 0.41989246
vt 0.86000000 0.41989246
vt 0.78869758 0.27554367
vt 0.78869758 0.27554367
vt 0.66021507 0.17565121
vt 0.66021507 0.17565121
vt 0.50000000 0.14000000
vt 0.50000000 0.14000000
vt 0.33978493 0.17565121
vt 0.33978493 0.17565121
vt 0.21130242 0.27554367
vt 0.21130242 0.27554367
vt 0.14000000 0.41989246
vt 0.14000000 0.41989246
vt 0.14000000 0.58010754
vt 0.14000000 0.58010754
vt 0.21130242 0.72445633
vt 0.21130242 0.72445633
vt 0.33978493 0.82434879
vt 0.33978493 0.82434879
vt 0.50000000 0.50000000
vt 0.50000000 0.86000000
vt 0.50000000 0.86000000
vt 0.50000000 0.50000000
vt 0.66021507 0.82434879
vt 0.66021507 0.82434879
vt 0.78869758 0.72445633
vt 0.78869758 0.72445633
vt 0.86000000 0.58010754
vt 0.86000000 0.58010754
vt 0.86000000 0.41989246
vt 0.86000000 0.41989246
vt 0.78869758 0.27554367
vt 0.78869758 0.27554367
vt 0.66021507 0.17565121
vt 0.66021507 0.17565121
vt 0.50000000 0.14000000
vt 0.50000000 0.14000000
vt 0.33978493 0.17565121
vt 0.33978493 0.17565121
vt 0.21130242 0.27554367
vt 0.21130242 0.27554367
vt 0.14000000 0.41989246
vt 0.14000000 0.41989246
vt 0.14000000 0.58010754
vt 0.14000000 0.58010754
vt 0.21130242 0.72445633
vt 0.21130242 0.72445633
vt 0.33978493 0.82434879
vt 0.33978493 0.82434879
vt 0.50000000 0.50000000
vt 0.50000000 0.86000000
vt 0.50000000 0.86000000
vt 0.50000000 0.50000000
vt 0.66021507 0.82434879
vt 0.66021507 0.82434879
vt 0.78869758 0.72445633
vt 0.78869758 0.72445633
vt 0.86000000 0.58010754
vt 0.86000000 0.58010754
vt 0.86000000 0.41989246
vt 0.86000000 0.41989246
vt 0.78869758 0.27554367
vt 0.78869758 0.27554367
vt 0.66021507 0.17565121
vt 0.66021507 0.17565121
vt 0.50000000 0.14000000
vt 0.50000000 0.14000000
vt 0.33978493 0.17565121
vt 0.33978493 0.17565121
vt 0.21130242 0.27554367
vt 0.21130242 0.27554367
vt 0.14000000 0.41989246
vt 0.14000000 0.41989246
vt 0.14000000 0.58010754
vt 0.14000000 0.58010754
vt 0.21130242 0.72445633
vt 0.21130242 0.72445633
vt 0.33978493 0.82434879
vt 0.33978493 0.82434879
vt 0.50000000 0.50000000
vt 0.50000000 0.86000000
vt 0.50000000 0.86000000
vt 0.50000000 0.50000000
vt 0.66021507 0.82434879
vt 0.66021507 0.82434879
vt 0.78869758 0.72445633
vt 0.78869758 0.72445633
vt 0.86000000 0.58010754
vt 0.86000000 0.58010754
vt 0.86000000 0.41989246
vt 0.86000000 0.41989246
vt 0.78869758 0.27554367
vt 0.78869758 0.27554367
vt 0.66021507 0.17565121
vt 0.66021507 0.17565121
vt 0.50000000 0.14000000
vt 0.50000000 0.14000000
vt 0.33978493 0.17565121
vt 0.33978493 0.17565121
vt 0.21130242 0.27554367
vt 0.21130242 0.27554367
vt 0.14000000 0.41989246
vt 0.14000000 0.41989246
vt 0.14000000 0.58010754
vt 0.14000000 0.58010754
vt 0.21130242 0.72445633
vt 0.21130242 0.72445633
vt 0.33978493 0.82434879
vt 0.33978493 0.82434879
vt 0.80623429 0.50000000
vt 0.80623429 0.50000000
vt 0.19376571 0.50000000
vt 0.19376571 0.50000000
vt 0.31073680 0.80623429
vt 0.68926320 0.80623429
vt 0.31073680 0.19376571
vt 0.68926320 0.19376571
vt 0.50000000 0.31073680
vt 0.50000000 0.68926320
vt 0.50000000 0.31073680
vt 0.50000000 0.68926320
vt 0.86000000 0.50000000
vt 0.14000000 0.50000000
vt 0.20875388 0.68000000
vt 0.20875388 0.68000000
vt 0.79124612 0.68000000
vt 0.79124612 0.68000000
vt 0.50000000 0.86000000
vt 0.20875388 0.32000000
vt 0.20875388 0.32000000
vt 0.79124612 0.32000000
vt 0.79124612 0.32000000
vt 0.50000000 0.14000000
vt 0.68000000 0.38875388
vt 0.32000000 0.38875388
vt 0.38875388 0.20875388
vt 0.61124612 0.20875388
vt 0.68000000 0.61124612
vt 0.32000000 0.61124612
vt 0.38875388 0.79124612
vt 0.61124612 0.79124612
vt 0.50000000 0.50000000
vt 0.68000000 0.38875388
vt 0.32000000 0.38875388
vt 0.38875388 0.20875388
vt 0.61124612 0.20875388
vt 0.68000000 0.61124612
vt 0.32000000 0.61124612
vt 0.38875388 0.79124612
vt 0.61124612 0.79124612
vt 0.50000000 0.50000000
vt 0.80623429 0.50000000
vt 0.80623429 0.50000000
vt 0.19376571 0.50000000
vt 0.19376571 0.50000000
vt 0.31073680 0.80623429
vt 0.68926320 0.80623429
vt 0.31073680 0.19376571
vt 0.68926320 0.19376571
vt 0.50000000 0.31073680
vt 0.50000000 0.68926320
vt 0.50000000 0.31073680
vt 0.50000000 0.68926320
vt 0.86000000 0.50000000
vt 0.14000000 0.50000000
vt 0.20875388 0.68000000
vt 0.20875388 0.68000000
vt 0.79124612 0.68000000
vt 0.79124612 0.68000000
vt 0.50000000 0.86000000
vt 0.20875388 0.32000000
vt 0.20875388 0.32000000
vt 0.79124612 0.32000000
vt 0.79124612 0.32000000
vt 0.50000000 0.14000000
vt 0.68000000 0.38875388
vt 0.32000000 0.38875388
vt 0.38875388 0.20875388
vt 0.61124612 0.20875388
vt 0.68000000 0.61124612
vt 0.32000000 0.61124612
vt 0.38875388 0.79124612
vt 0.61124612 0.79124612
vt 0.50000000 0.50000000
vt 0.68000000 0.38875388
vt 0.32000000 0.38875388
vt 0.38875388 0.20875388
vt 0.61124612 0.20875388
vt 0.68000000 0.61124612
vt 0.32000000 0.61124612
vt 0.38875388 0.79124612
vt 0.61124612 0.79124612
vt 0.50000000 0.50000000
vt 0.80623429 0.50000000
vt 0.80623429 0.50000000
vt 0.19376571 0.50000000
vt 0.19376571 0.50000000
vt 0.31073680 0.80623429
vt 0.68926320 0.80623429
vt 0.31073680 0.19376571
vt 0.68926320 0.19376571
vt 0.50000000 0.31073680
vt 0.50000000 0.68926320
vt 0.50000000 0.31073680
vt 0.50000000 0.68926320
vt 0.86000000 0.50000000
vt 0.14000000 0.50000000
vt 0.20875388 0.68000000
vt 0.20875388 0.68000000
vt 0.79124612 0.68000000
vt 0.79124612 0.68000000
vt 0.50000000 0.86000000
vt 0.20875388 0.32000000
vt 0.20875388 0.32000000
vt 0.79124612 0.32000000
vt 0.79124612 0.32000000
vt 0.50000000 0.14000000
vt 0.68000000 0.38875388
vt 0.32000000 0.38875388
vt 0.38875388 0.20875388
vt 0.61124612 0.20875388
vt 0.68000000 0.61124612
vt 0.32000000 0.61124612
vt 0.38875388 0.79124612
vt 0.61124612 0.79124612
vt 0.50000000 0.50000000
vt 0.68000000 0.38875388
vt 0.32000000 0.38875388
vt 0.38875388 0.20875388
vt 0.61124612 0.20875388
vt 0.68000000 0.61124612
vt 0.32000000 0.61124612
vt 0.38875388 0.79124612
vt 0.61124612 0.79124612
vt 0.50000000 0.50000000
vt 0.80623429 0.50000000
vt 0.80623429 0.50000000
vt 0.19376571 0.50000000
vt 0.19376571 0.50000000
vt 0.31073680 0.80623429
vt 0.68926320 0.80623429
vt 0.31073680 0.19376571
vt 0.68926320 0.19376571
vt 0.50000000 0.31073680
vt 0.50000000 0.68926320
vt 0.50000000 0.31073680
vt 0.50000000 0.68926320
vt 0.86000000 0.50000000
vt 0.14000000 0.50000000
vt 0.20875388 0.68000000
vt 0.20875388 0.68000000
vt 0.79124612 0.68000000
vt 0.79124612 0.68000000
vt 0.50000000 0.86000000
vt 0.20875388 0.32000000
vt 0.20875388 0.32000000
vt 0.79124612 0.32000000
vt 0.79124612 0.32000000
vt 0.50000000 0.14000000
vt 0.68000000 0.38875388
vt 0.32000000 0.38875388
vt 0.38875388 0.20875388
vt 0.61124612 0.20875388
vt 0.68000000 0.61124612
vt 0.32000000 0.61124612
vt 0.38875388 0.79124612
vt 0.61124612 0.79124612
vt 0.50000000 0.50000000
vt 0.68000000 0.38875388
vt 0.32000000 0.38875388
vt 0.38875388 0.20875388
vt 0.61124612 0.20875388
vt 0.68000000 0.61124612
vt 0.32000000 0.61124612
vt 0.38875388 0.79124612
vt 0.61124612 0.79124612
vt 0.50000000 0.50000000
vt 0.80623429 0.50000000
vt 0.80623429 0.50000000
vt 0.19376571 0.50000000
vt 0.19376571 0.50000000
vt 0.31073680 0.80623429
vt 0.68926320 0.80623429
vt 0.31073680 0.19376571
vt 0.68926320 0.19376571
vt 0.50000000 0.31073680
vt 0.50000000 0.68926320
vt 0.50000000 0.31073680
vt 0.50000000 0.68926320
vt 0.86000000 0.50000000
vt 0.14000000 0.50000000
vt 0.20875388 0.68000000
vt 0.20875388 0.68000000
vt 0.79124612 0.68000000
vt 0.79124612 0.68000000
vt 0.50000000 0.86000000
vt 0.20875388 0.32000000
vt 0.20875388 0.32000000
vt 0.79124612 0.32000000
vt 0.79124612 0.32000000
vt 0.50000000 0.14000000
vt 0.68000000 0.38875388
vt 0.32000000 0.38875388
vt 0.38875388 0.20875388
vt 0.61124612 0.20875388
vt 0.68000000 0.61124612
vt 0.32000000 0.61124612
vt 0.38875388 0.79124612
vt 0.61124612 0.79124612
vt 0.50000000 0.50000000
vt 0.68000000 0.38875388
vt 0.32000000 0.38875388
vt 0.38875388 0.20875388
vt 0.61124612 0.20875388
vt 0.68000000 0.61124612
vt 0.32000000 0.61124612
vt 0.38875388 0.79124612
vt 0.61124612 0.79124612
vt 0.50000000 0.50000000
vt 0.80623429 0.50000000
vt 0.80623429 0.50000000
vt 0.19376571 0.50000000
vt 0.19376571 0.50000000
vt 0.31073680 0.80623429
vt 0.68926320 0.80623429
vt 0.31073680 0.19376571
vt 0.68926320 0.19376571
vt 0.50000000 0.31073680
vt 0.50000000 0.68926320
vt 0.50000000 0.31073680
vt 0.50000000 0.68926320
vt 0.86000000 0.50000000
vt 0.14000000 0.50000000
vt 0.20875388 0.68000000
vt 0.20875388 0.68000000
vt 0.79124612 0.68000000
vt 0.79124612 0.68000000
vt 0.50000000 0.86000000
vt 0.20875388 0.32000000
vt 0.20875388 0.32000000
vt 0.79124612 0.32000000
vt 0.79124612 0.32000000
vt 0.50000000 0.14000000
vt 0.68000000 0.38875388
vt 0.32000000 0.38875388
vt 0.38875388 0.20875388
vt 0.61124612 0.20875388
vt 0.68000000 0.61124612
vt 0.32000000 0.61124612
vt 0.38875388 0.79124612
vt 0.61124612 0.79124612
vt 0.50000000 0.50000000
vt 0.68000000 0.38875388
vt 0.32000000 0.38875388
vt 0.38875388 0.20875388
vt 0.61124612 0.20875388
vt 0.68000000 0.61124612
vt 0.32000000 0.61124612
vt 0.38875388 0.79124612
vt 0.61124612 0.79124612
vt 0.50000000 0.50000000
vt 0.80623429 0.50000000
vt 0.80623429 0.50000000
vt 0.19376571 0.50000000
vt 0.19376571 0.50000000
vt 0.31073680 0.80623429
vt 0.68926320 0.80623429
vt 0.31073680 0.19376571
vt 0.68926320 0.19376571
vt 0.50000000 0.31073680
vt 0.50000000 0.68926320
vt 0.50000000 0.31073680
vt 0.50000000 0.68926320
vt 0.86000000 0.50000000
vt 0.14000000 0.50000000
vt 0.20875388 0.68000000
vt 0.20875388 0.68000000
vt 0.79124612 0.68000000
vt 0.79124612 0.68000000
vt 0.50000000 0.86000000
vt 0.20875388 0.32000000
vt 0.20875388 0.32000000
vt 0.79124612 0.32000000
vt 0.79124612 0.32000000
vt 0.50000000 0.14000000
vt 0.68000000 0.38875388
vt 0.32000000 0.38875388
vt 0.38875388 0.20875388
vt 0.61124612 0.20875388
vt 0.68000000 0.61124612
vt 0.32000000 0.61124612
vt 0.38875388 0.79124612
vt 0.61124612 0.79124612
vt 0.50000000 0.50000000
vt 0.68000000 0.38875388
vt 0.32000000 0.38875388
vt 0.38875388 0.20875388
vt 0.61124612 0.20875388
vt 0.68000000 0.61124612
vt 0.32000000 0.61124612
vt 0.38875388 0.79124612
vt 0.61124612 0.79124612
vt 0.50000000 0.50000000
vt 0.80623429 0.50000000
vt 0.80623429 0.50000000
vt 0.19376571 0.50000000
vt 0.19376571 0.50000000
vt 0.31073680 0.80623429
vt 0.68926320 0.80623429
vt 0.31073680 0.19376571
vt 0.68926320 0.19376571
vt 0.50000000 0.31073680
vt 0.50000000 0.68926320
vt 0.50000000 0.31073680
vt 0.50000000 0.68926320
vt 0.86000000 0.50000000
vt 0.14000000 0.50000000
vt 0.20875388 0.68000000
vt 0.20875388 0.68000000
vt 0.79124612 0.68000000
vt 0.79124612 0.68000000
vt 0.50000000 0.86000000
vt 0.20875388 0.32000000
vt 0.20875388 0.32000000
vt 0.79124612 0.32000000
vt 0.79124612 0.32000000
vt 0.50000000 0.14000000
vt 0.68000000 0.38875388
vt 0.32000000 0.38875388
vt 0.38875388 0.20875388
vt 0.61124612 0.20875388
vt 0.68000000 0.61124612
vt 0.32000000 0.61124612
vt 0.38875388 0.79124612
vt 0.61124612 0.79124612
vt 0.50000000 0.50000000
vt 0.68000000 0.38875388
vt 0.32000000 0.38875388
vt 0.38875388 0.20875388
vt 0.61124612 0.20875388
vt 0.68000000 0.61124612
vt 0.32000000 0.61124612
vt 0.38875388 0.79124612
vt 0.61124612 0.79124612
vt 0.50000000 0.50000000
vt 0.31073680 0.50000000
vt 0.68926320 0.50000000
vt 0.31073680 0.50000000
vt 0.68926320 0.50000000
vt 0.50000000 0.80623429
vt 0.50000000 0.80623429
vt 0.50000000 0.19376571
vt 0.50000000 0.19376571
vt 0.80623429 0.31073680
vt 0.80623429 0.68926320
vt 0.19376571 0.31073680
vt 0.19376571 0.68926320
vt 0.50000000 0.50000000
vt 0.50000000 0.50000000
vt 0.38875388 0.68000000
vt 0.61124612 0.68000000
vt 0.38875388 0.68000000
vt 0.61124612 0.68000000
vt 0.50000000 0.86000000
vt 0.38875388 0.32000000
vt 0.61124612 0.32000000
vt 0.38875388 0.32000000
vt 0.61124612 0.32000000
vt 0.50000000 0.14000000
vt 0.79124612 0.38875388
vt 0.79124612 0.38875388
vt 0.68000000 0.20875388
vt 0.68000000 0.20875388
vt 0.79124612 0.61124612
vt 0.79124612 0.61124612
vt 0.68000000 0.79124612
vt 0.68000000 0.79124612
vt 0.86000000 0.50000000
vt 0.20875388 0.38875388
vt 0.20875388 0.38875388
vt 0.32000000 0.20875388
vt 0.32000000 0.20875388
vt 0.20875388 0.61124612
vt 0.20875388 0.61124612
vt 0.32000000 0.79124612
vt 0.32000000 0.79124612
vt 0.14000000 0.50000000
vt 0.31073680 0.50000000
vt 0.68926320 0.50000000
vt 0.31073680 0.50000000
vt 0.68926320 0.50000000
vt 0.50000000 0.80623429
vt 0.50000000 0.80623429
vt 0.50000000 0.19376571
vt 0.50000000 0.19376571
vt 0.80623429 0.31073680
vt 0.80623429 0.68926320
vt 0.19376571 0.31073680
vt 0.19376571 0.68926320
vt 0.50000000 0.50000000
vt 0.50000000 0.50000000
vt 0.38875388 0.68000000
vt 0.61124612 0.68000000
vt 0.38875388 0.68000000
vt 0.61124612 0.68000000
vt 0.50000000 0.86000000
vt 0.38875388 0.32000000
vt 0.61124612 0.32000000
vt 0.38875388 0.32000000
vt 0.61124612 0.32000000
vt 0.50000000 0.14000000
vt 0.79124612 0.38875388
vt 0.79124612 0.38875388
vt 0.68000000 0.20875388
vt 0.68000000 0.20875388
vt 0.79124612 0.61124612
vt 0.79124612 0.61124612
vt 0.68000000 0.79124612
vt 0.68000000 0.79124612
vt 0.86000000 0.50000000
vt 0.20875388 0.38875388
vt 0.20875388 0.38875388
vt 0.32000000 0.20875388
vt 0.32000000 0.20875388
vt 0.20875388 0.61124612
vt 0.20875388 0.61124612
vt 0.32000000 0.79124612
vt 0.32000000 0.79124612
vt 0.14000000 0.50000000
vt 0.31073680 0.50000000
vt 0.68926320 0.50000000
vt 0.31073680 0.50000000
vt 0.68926320 0.50000000
vt 0.50000000 0.80623429
vt 0.50000000 0.80623429
vt 0.50000000 0.19376571
vt 0.50000000 0.19376571
vt 0.80623429 0.31073680
vt 0.80623429 0.68926320
vt 0.19376571 0.31073680
vt 0.19376571 0.68926320
vt 0.50000000 0.50000000
vt 0.50000000 0.50000000
vt 0.38875388 0.68000000
vt 0.61124612 0.68000000
vt 0.38875388 0.68000000
vt 0.61124612 0.68000000
vt 0.50000000 0.86000000
vt 0.38875388 0.32000000
vt 0.61124612 0.32000000
vt 0.38875388 0.32000000
vt 0.61124612 0.32000000
vt 0.50000000 0.14000000
vt 0.79124612 0.38875388
vt 0.79124612 0.38875388
vt 0.68000000 0.20875388
vt 0.68000000 0.20875388
vt 0.79124612 0.61124612
vt 0.79124612 0.61124612
vt 0.68000000 0.79124612
vt 0.68000000 0.79124612
vt 0.86000000 0.50000000
vt 0.20875388 0.38875388
vt 0.20875388 0.38875388
vt 0.32000000 0.20875388
vt 0.32000000 0.20875388
vt 0.20875388 0.61124612
vt 0.20875388 0.61124612
vt 0.32000000 0.79124612
vt 0.32000000 0.79124612
vt 0.14000000 0.50000000
vt 0.31073680 0.50000000
vt 0.68926320 0.50000000
vt 0.31073680 0.50000000
vt 0.68926320 0.50000000
vt 0.50000000 0.80623429
vt 0.50000000 0.80623429
vt 0.50000000 0.19376571
vt 0.50000000 0.19376571
vt 0.80623429 0.31073680
vt 0.80623429 0.68926320
vt 0.19376571 0.31073680
vt 0.19376571 0.68926320
vt 0.50000000 0.50000000
vt 0.50000000 0.50000000
vt 0.38875388 0.68000000
vt 0.61124612 0.68000000
vt 0.38875388 0.68000000
vt 0.61124612 0.68000000
vt 0.50000000 0.86000000
vt 0.38875388 0.32000000
vt 0.61124612 0.32000000
vt 0.38875388 0.32000000
vt 0.61124612 0.32000000
vt 0.50000000 0.14000000
vt 0.79124612 0.38875388
vt 0.79124612 0.38875388
vt 0.68000000 0.20875388
vt 0.68000000 0.20875388
vt 0.79124612 0.61124612
vt 0.79124612 0.61124612
vt 0.68000000 0.79124612
vt 0.68000000 0.79124612
vt 0.86000000 0.50000000
vt 0.20875388 0.38875388
vt 0.20875388 0.38875388
vt 0.32000000 0.20875388
vt 0.32000000 0.20875388
vt 0.20875388 0.61124612
vt 0.20875388 0.61124612
vt 0.32000000 0.79124612
vt 0.32000000 0.79124612
vt 0.14000000 0.50000000
vt 0.31073680 0.50000000
vt 0.68926320 0.50000000
vt 0.31073680 0.50000000
vt 0.68926320 0.50000000
vt 0.50000000 0.80623429
vt 0.50000000 0.80623429
vt 0.50000000 0.19376571
vt 0.50000000 0.19376571
vt 0.80623429 0.31073680
vt 0.80623429 0.68926320
vt 0.19376571 0.31073680
vt 0.19376571 0.68926320
vt 0.50000000 0.50000000
vt 0.50000000 0.50000000
vt 0.38875388 0.68000000
vt 0.61124612 0.68000000
vt 0.38875388 0.68000000
vt 0.61124612 0.68000000
vt 0.50000000 0.86000000
vt 0.38875388 0.32000000
vt 0.61124612 0.32000000
vt 0.38875388 0.32000000
vt 0.61124612 0.32000000
vt 0.50000000 0.14000000
vt 0.79124612 0.38875388
vt 0.79124612 0.38875388
vt 0.68000000 0.20875388
vt 0.68000000 0.20875388
vt 0.79124612 0.61124612
vt 0.79124612 0.61124612
vt 0.68000000 0.79124612
vt 0.68000000 0.79124612
vt 0.86000000 0.50000000
vt 0.20875388 0.38875388
vt 0.20875388 0.38875388
vt 0.32000000 0.20875388
vt 0.32000000 0.20875388
vt 0.20875388 0.61124612
vt 0.20875388 0.61124612
vt 0.32000000 0.79124612
vt 0.32000000 0.79124612
vt 0.14000000 0.50000000
vt 0.31073680 0.50000000
vt 0.68926320 0.50000000
vt 0.31073680 0.50000000
vt 0.68926320 0.50000000
vt 0.50000000 0.80623429
vt 0.50000000 0.80623429
vt 0.50000000 0.19376571
vt 0.50000000 0.19376571
vt 0.80623429 0.31073680
vt 0.80623429 0.68926320
vt 0.19376571 0.31073680
vt 0.19376571 0.68926320
vt 0.50000000 0.50000000
vt 0.50000000 0.50000000
vt 0.38875388 0.68000000
vt 0.61124612 0.68000000
vt 0.38875388 0.68000000
vt 0.61124612 0.68000000
vt 0.50000000 0.86000000
vt 0.38875388 0.32000000
vt 0.61124612 0.32000000
vt 0.38875388 0.32000000
vt 0.61124612 0.32000000
vt 0.50000000 0.14000000
vt 0.79124612 0.38875388
vt 0.79124612 0.38875388
vt 0.68000000 0.20875388
vt 0.68000000 0.20875388
vt 0.79124612 0.61124612
vt 0.79124612 0.61124612
vt 0.68000000 0.79124612
vt 0.68000000 0.79124612
vt 0.86000000 0.50000000
vt 0.20875388 0.38875388
vt 0.20875388 0.38875388
vt 0.32000000 0.20875388
vt 0.32000000 0.20875388
vt 0.20875388 0.61124612
vt 0.20875388 0.61124612
vt 0.32000000 0.79124612
vt 0.32000000 0.79124612
vt 0.14000000 0.50000000
vt 0.31073680 0.50000000
vt 0.68926320 0.50000000
vt 0.31073680 0.50000000
vt 0.68926320 0.50000000
vt 0.50000000 0.80623429
vt 0.50000000 0.80623429
vt 0.50000000 0.19376571
vt 0.50000000 0.19376571
vt 0.80623429 0.31073680
vt 0.80623429 0.68926320
vt 0.19376571 0.31073680
vt 0.19376571 0.68926320
vt 0.50000000 0.50000000
vt 0.50000000 0.50000000
vt 0.38875388 0.68000000
vt 0.61124612 0.68000000
vt 0.38875388 0.68000000
vt 0.61124612 0.68000000
vt 0.50000000 0.86000000
vt 0.38875388 0.32000000
vt 0.61124612 0.32000000
vt 0.38875388 0.32000000
vt 0.61124612 0.32000000
vt 0.50000000 0.14000000
vt 0.79124612 0.38875388
vt 0.79124612 0.38875388
vt 0.68000000 0.20875388
vt 0.68000000 0.20875388
vt 0.79124612 0.61124612
vt 0.79124612 0.61124612
vt 0.68000000 0.79124612
vt 0.68000000 0.79124612
vt 0.86000000 0.50000000
vt 0.20875388 0.38875388
vt 0.20875388 0.38875388
vt 0.32000000 0.20875388
vt 0.32000000 0.20875388
vt 0.20875388 0.61124612
vt 0.20875388 0.61124612
vt 0.32000000 0.79124612
vt 0.32000000 0.79124612
vt 0.14000000 0.50000000
vt 0.31073680 0.50000000
vt 0.68926320 0.50000000
vt 0.31073680 0.50000000
vt 0.68926320 0.50000000
vt 0.50000000 0.80623429
vt 0.50000000 0.80623429
vt 0.50000000 0.19376571
vt 0.50000000 0.19376571
vt 0.80623429 0.31073680
vt 0.80623429 0.68926320
vt 0.19376571 0.31073680
vt 0.19376571 0.68926320
vt 0.50000000 0.50000000
vt 0.50000000 0.50000000
vt 0.38875388 0.68000000
vt 0.61124612 0.68000000
vt 0.38875388 0.68000000
vt 0.61124612 0.68000000
vt 0.50000000 0.86000000
vt 0.38875388 0.32000000
vt 0.61124612 0.32000000
vt 0.38875388 0.32000000
vt 0.61124612 0.32000000
vt 0.50000000 0.14000000
vt 0.79124612 0.38875388
vt 0.79124612 0.38875388
vt 0.68000000 0.20875388
vt 0.68000000 0.20875388
vt 0.79124612 0.61124612
vt 0.79124612 0.61124612
vt 0.68000000 0.79124612
vt 0.68000000 0.79124612
vt 0.86000000 0.50000000
vt 0.20875388 0.38875388
vt 0.20875388 0.38875388
vt 0.32000000 0.20875388
vt 0.32000000 0.20875388
vt 0.20875388 0.61124612
vt 0.20875388 0.61124612
vt 0.32000000 0.79124612
vt 0.32000000 0.79124612
vt 0.14000000 0.50000000
vt 0.31073680 0.50000000
vt 0.68926320 0.50000000
vt 0.31073680 0.50000000
vt 0.68926320 0.50000000
vt 0.50000000 0.80623429
vt 0.50000000 0.80623429
vt 0.50000000 0.19376571
vt 0.50000000 0.19376571
vt 0.80623429 0.31073680
vt 0.80623429 0.68926320
vt 0.19376571 0.31073680
vt 0.19376571 0.68926320
vt 0.50000000 0.50000000
vt 0.50000000 0.50000000
vt 0.38875388 0.68000000
vt 0.61124612 0.68000000
vt 0.38875388 0.68000000
vt 0.61124612 0.68000000
vt 0.50000000 0.86000000
vt 0.38875388 0.32000000
vt 0.61124612 0.32000000
vt 0.38875388 0.32000000
vt 0.61124612 0.32000000
vt 0.50000000 0.14000000
vt 0.79124612 0.38875388
vt 0.79124612 0.38875388
vt 0.68000000 0.20875388
vt 0.68000000 0.20875388
vt 0.79124612 0.61124612
vt 0.79124612 0.61124612
vt 0.68000000 0.79124612
vt 0.68000000 0.79124612
vt 0.86000000 0.50000000
vt 0.20875388 0.38875388
vt 0.20875388 0.38875388
vt 0.32000000 0.20875388
vt 0.32000000 0.20875388
vt 0.20875388 0.61124612
vt 0.20875388 0.61124612
vt 0.32000000 0.79124612
vt 0.32000000 0.79124612
vt 0.14000000 0.50000000
vt 0.31073680 0.50000000
vt 0.68926320 0.50000000
vt 0.31073680 0.50000000
vt 0.68926320 0.50000000
vt 0.50000000 0.80623429
vt 0.50000000 0.80623429
vt 0.50000000 0.19376571
vt 0.50000000 0.19376571
vt 0.80623429 0.31073680
vt 0.80623429 0.68926320
vt 0.19376571 0.31073680
vt 0.19376571 0.68926320
vt 0.50000000 0.50000000
vt 0.50000000 0.50000000
vt 0.38875388 0.68000000
vt 0.61124612 0.68000000
vt 0.38875388 0.68000000
vt 0.61124612 0.68000000
vt 0.50000000 0.86000000
vt 0.38875388 0.32000000
vt 0.61124612 0.32000000
vt 0.38875388 0.32000000
vt 0.61124612 0.32000000
vt 0.50000000 0.14000000
vt 0.79124612 0.38875388
vt 0.79124612 0.38875388
vt 0.68000000 0.20875388
vt 0.68000000 0.20875388
vt 0.79124612 0.61124612
vt 0.79124612 0.61124612
vt 0.68000000 0.79124612
vt 0.68000000 0.79124612
vt 0.86000000 0.50000000
vt 0.20875388 0.38875388
vt 0.20875388 0.38875388
vt 0.32000000 0.20875388
vt 0.32000000 0.20875388
vt 0.20875388 0.61124612
vt 0.20875388 0.61124612
vt 0.32000000 0.79124612
vt 0.32000000 0.79124612
vt 0.14000000 0.50000000
vt 0.31073680 0.50000000
vt 0.68926320 0.50000000
vt 0.31073680 0.50000000
vt 0.68926320 0.50000000
vt 0.50000000 0.80623429
vt 0.50000000 0.80623429
vt 0.50000000 0.19376571
vt 0.50000000 0.19376571
vt 0.80623429 0.31073680
vt 0.80623429 0.68926320
vt 0.19376571 0.31073680
vt 0.19376571 0.68926320
vt 0.50000000 0.50000000
vt 0.50000000 0.50000000
vt 0.38875388 0.68000000
vt 0.61124612 0.68000000
vt 0.38875388 0.68000000
vt 0.61124612 0.68000000
vt 0.50000000 0.86000000
vt 0.38875388 0.32000000
vt 0.61124612 0.32000000
vt 0.38875388 0.32000000
vt 0.61124612 0.32000000
vt 0.50000000 0.14000000
vt 0.79124612 0.38875388
vt 0.79124612 0.38875388
vt 0.68000000 0.20875388
vt 0.68000000 0.20875388
vt 0.79124612 0.61124612
vt 0.79124612 0.61124612
vt 0.68000000 0.79124612
vt 0.68000000 0.79124612
vt 0.86000000 0.50000000
vt 0.20875388 0.38875388
vt 0.20875388 0.38875388
vt 0.32000000 0.20875388
vt 0.32000000 0.20875388
vt 0.20875388 0.61124612
vt 0.20875388 0.61124612
vt 0.32000000 0.79124612
vt 0.32000000 0.79124612
vt 0.14000000 0.50000000
vt 0.31073680 0.50000000
vt 0.68926320 0.50000000
vt 0.31073680 0.50000000
vt 0.68926320 0.50000000
vt 0.50000000 0.80623429
vt 0.50000000 0.80623429
vt 0.50000000 0.19376571
vt 0.50000000 0.19376571
vt 0.80623429 0.31073680
vt 0.80623429 0.68926320
vt 0.19376571 0.31073680
vt 0.19376571 0.68926320
vt 0.50000000 0.50000000
vt 0.50000000 0.50000000
vt 0.38875388 0.68000000
vt 0.61124612 0.68000000
vt 0.38875388 0.68000000
vt 0.61124612 0.68000000
vt 0.50000000 0.86000000
vt 0.38875388 0.32000000
vt 0.61124612 0.32000000
vt 0.38875388 0.32000000
vt 0.61124612 0.32000000
vt 0.50000000 0.14000000
vt 0.79124612 0.38875388
vt 0.79124612 0.38875388
vt 0.68000000 0.20875388
vt 0.68000000 0.20875388
vt 0.79124612 0.61124612
vt 0.79124612 0.61124612
vt 0.68000000 0.79124612
vt 0.68000000 0.79124612
vt 0.86000000 0.50000000
vt 0.20875388 0.38875388
vt 0.20875388 0.38875388
vt 0.32000000 0.20875388
vt 0.32000000 0.20875388
vt 0.20875388 0.61124612
vt 0.20875388 0.61124612
vt 0.32000000 0.79124612
vt 0.32000000 0.79124612
vt 0.14000000 0.50000000
vt 0.31073680 0.50000000
vt 0.68926320 0.50000000
vt 0.31073680 0.50000000
vt 0.68926320 0.50000000
vt 0.50000000 0.80623429
vt 0.50000000 0.80623429
vt 0.50000000 0.19376571
vt 0.50000000 0.19376571
vt 0.80623429 0.31073680
vt 0.80623429 0.68926320
vt 0.19376571 0.31073680
vt 0.19376571 0.68926320
vt 0.50000000 0.50000000
vt 0.50000000 0.50000000
vt 0.38875388 0.68000000
vt 0.61124612 0.68000000
vt 0.38875388 0.68000000
vt 0.61124612 0.68000000
vt 0.50000000 0.86000000
vt 0.38875388 0.32000000
vt 0.61124612 0.32000000
vt 0.38875388 0.32000000
vt 0.61124612 0.32000000
vt 0.50000000 0.14000000
vt 0.79124612 0.38875388
vt 0.79124612 0.38875388
vt 0.68000000 0.20875388
vt 0.68000000 0.20875388
vt 0.79124612 0.61124612
vt 0.79124612 0.61124612
vt 0.68000000 0.79124612
vt 0.68000000 0.79124612
vt 0.86000000 0.50000000
vt 0.20875388 0.38875388
vt 0.20875388 0.38875388
vt 0.32000000 0.20875388
vt 0.32000000 0.20875388
vt 0.20875388 0.61124612
vt 0.20875388 0.61124612
vt 0.32000000 0.79124612
vt 0.32000000 0.79124612
vt 0.14000000 0.50000000
vt 0.31073680 0.50000000
vt 0.68926320 0.50000000
vt 0.31073680 0.50000000
vt 0.68926320 0.50000000
vt 0.50000000 0.80623429
vt 0.50000000 0.80623429
vt 0.50000000 0.19376571
vt 0.50000000 0.19376571
vt 0.80623429 0.31073680
vt 0.80623429 0.68926320
vt 0.19376571 0.31073680
vt 0.19376571 0.68926320
vt 0.50000000 0.50000000
vt 0.50000000 0.50000000
vt 0.38875388 0.68000000
vt 0.61124612 0.68000000
vt 0.38875388 0.68000000
vt 0.61124612 0.68000000
vt 0.50000000 0.86000000
vt 0.38875388 0.32000000
vt 0.61124612 0.32000000
vt 0.38875388 0.32000000
vt 0.61124612 0.32000000
vt 0.50000000 0.14000000
vt 0.79124612 0.38875388
vt 0.79124612 0.38875388
vt 0.68000000 0.20875388
vt 0.68000000 0.20875388
vt 0.79124612 0.61124612
vt 0.79124612 0.61124612
vt 0.68000000 0.79124612
vt 0.68000000 0.79124612
vt 0.86000000 0.50000000
vt 0.20875388 0.38875388
vt 0.20875388 0.38875388
vt 0.32000000 0.20875388
vt 0.32000000 0.20875388
vt 0.20875388 0.61124612
vt 0.20875388 0.61124612
vt 0.32000000 0.79124612
vt 0.32000000 0.79124612
vt 0.14000000 0.50000000
vt 0.31073680 0.50000000
vt 0.68926320 0.50000000
vt 0.31073680 0.50000000
vt 0.68926320 0.50000000
vt 0.50000000 0.80623429
vt 0.50000000 0.80623429
vt 0.50000000 0.19376571
vt 0.50000000 0.19376571
vt 0.80623429 0.31073680
vt 0.80623429 0.68926320
vt 0.19376571 0.31073680
vt 0.19376571 0.68926320
vt 0.50000000 0.50000000
vt 0.50000000 0.50000000
vt 0.38875388 0.68000000
vt 0.61124612 0.68000000
vt 0.38875388 0.68000000
vt 0.61124612 0.68000000
vt 0.50000000 0.86000000
vt 0.38875388 0.32000000
vt 0.61124612 0.32000000
vt 0.38875388 0.32000000
vt 0.61124612 0.32000000
vt 0.50000000 0.14000000
vt 0.79124612 0.38875388
vt 0.79124612 0.38875388
vt 0.68000000 0.20875388
vt 0.68000000 0.20875388
vt 0.79124612 0.61124612
vt 0.79124612 0.61124612
vt 0.68000000 0.79124612
vt 0.68000000 0.79124612
vt 0.86000000 0.50000000
vt 0.20875388 0.38875388
vt 0.20875388 0.38875388
vt 0.32000000 0.20875388
vt 0.32000000 0.20875388
vt 0.20875388 0.61124612
vt 0.20875388 0.61124612
vt 0.32000000 0.79124612
vt 0.32000000 0.79124612
vt 0.14000000 0.50000000
vt 0.31073680 0.50000000
vt 0.68926320 0.50000000
vt 0.31073680 0.50000000
vt 0.68926320 0.50000000
vt 0.50000000 0.80623429
vt 0.50000000 0.80623429
vt 0.50000000 0.19376571
vt 0.50000000 0.19376571
vt 0.80623429 0.31073680
vt 0.80623429 0.68926320
vt 0.19376571 0.31073680
vt 0.19376571 0.68926320
vt 0.50000000 0.50000000
vt 0.50000000 0.50000000
vt 0.38875388 0.68000000
vt 0.61124612 0.68000000
vt 0.38875388 0.68000000
vt 0.61124612 0.68000000
vt 0.50000000 0.86000000
vt 0.38875388 0.32000000
vt 0.61124612 0.32000000
vt 0.38875388 0.32000000
vt 0.61124612 0.32000000
vt 0.50000000 0.14000000
vt 0.79124612 0.38875388
vt 0.79124612 0.38875388
vt 0.68000000 0.20875388
vt 0.68000000 0.20875388
vt 0.79124612 0.61124612
vt 0.79124612 0.61124612
vt 0.68000000 0.79124612
vt 0.68000000 0.79124612
vt 0.86000000 0.50000000
vt 0.20875388 0.38875388
vt 0.20875388 0.38875388
vt 0.32000000 0.20875388
vt 0.32000000 0.20875388
vt 0.20875388 0.61124612
vt 0.20875388 0.61124612
vt 0.32000000 0.79124612
vt 0.32000000 0.79124612
vt 0.14000000 0.50000000
vt 0.31073680 0.50000000
vt 0.68926320 0.50000000
vt 0.31073680 0.50000000
vt 0.68926320 0.50000000
vt 0.50000000 0.80623429
vt 0.50000000 0.80623429
vt 0.50000000 0.19376571
vt 0.50000000 0.19376571
vt 0.80623429 0.31073680
vt 0.80623429 0.68926320
vt 0.19376571 0.31073680
vt 0.19376571 0.68926320
vt 0.50000000 0.50000000
vt 0.50000000 0.50000000
vt 0.38875388 0.68000000
vt 0.61124612 0.68000000
vt 0.38875388 0.68000000
vt 0.61124612 0.68000000
vt 0.50000000 0.86000000
vt 0.38875388 0.32000000
vt 0.61124612 0.32000000
vt 0.38875388 0.32000000
vt 0.61124612 0.32000000
vt 0.50000000 0.14000000
vt 0.79124612 0.38875388
vt 0.79124612 0.38875388
vt 0.68000000 0.20875388
vt 0.68000000 0.20875388
vt 0.79124612 0.61124612
vt 0.79124612 0.61124612
vt 0.68000000 0.79124612
vt 0.68000000 0.79124612
vt 0.86000000 0.50000000
vt 0.20875388 0.38875388
vt 0.20875388 0.38875388
vt 0.32000000 0.20875388
vt 0.32000000 0.20875388
vt 0.20875388 0.61124612
vt 0.20875388 0.61124612
vt 0.32000000 0.79124612
vt 0.32000000 0.79124612
vt 0.14000000 0.50000000
vt 0.31073680 0.50000000
vt 0.68926320 0.50000000
vt 0.31073680 0.50000000
vt 0.68926320 0.50000000
vt 0.50000000 0.80623429
vt 0.50000000 0.80623429
vt 0.50000000 0.19376571
vt 0.50000000 0.19376571
vt 0.80623429 0.31073680
vt 0.80623429 0.68926320
vt 0.19376571 0.31073680
vt 0.19376571 0.68926320
vt 0.50000000 0.50000000
vt 0.50000000 0.50000000
vt 0.38875388 0.68000000
vt 0.61124612 0.68000000
vt 0.38875388 0.68000000
vt 0.61124612 0.68000000
vt 0.50000000 0.86000000
vt 0.38875388 0.32000000
vt 0.61124612 0.32000000
vt 0.38875388 0.32000000
vt 0.61124612 0.32000000
vt 0.50000000 0.14000000
vt 0.79124612 0.38875388
vt 0.79124612 0.38875388
vt 0.68000000 0.20875388
vt 0.68000000 0.20875388
vt 0.79124612 0.61124612
vt 0.79124612 0.61124612
vt 0.68000000 0.79124612
vt 0.68000000 0.79124612
vt 0.86000000 0.50000000
vt 0.20875388 0.38875388
vt 0.20875388 0.38875388
vt 0.32000000 0.20875388
vt 0.32000000 0.20875388
vt 0.20875388 0.61124612
vt 0.20875388 0.61124612
vt 0.32000000 0.79124612
vt 0.32000000 0.79124612
vt 0.14000000 0.50000000
vt 0.31073680 0.50000000
vt 0.68926320 0.50000000
vt 0.31073680 0.50000000
vt 0.68926320 0.50000000
vt 0.50000000 0.80623429
vt 0.50000000 0.80623429
vt 0.50000000 0.19376571
vt 0.50000000 0.19376571
vt 0.80623429 0.31073680
vt 0.80623429 0.68926320
vt 0.19376571 0.31073680
vt 0.19376571 0.68926320
vt 0.50000000 0.50000000
vt 0.50000000 0.50000000
vt 0.38875388 0.68000000
vt 0.61124612 0.68000000
vt 0.38875388 0.68000000
vt 0.61124612 0.68000000
vt 0.50000000 0.86000000
vt 0.38875388 0.32000000
vt 0.61124612 0.32000000
vt 0.38875388 0.32000000
vt 0.61124612 0.32000000
vt 0.50000000 0.14000000
vt 0.79124612 0.38875388
vt 0.79124612 0.38875388
vt 0.68000000 0.20875388
vt 0.68000000 0.20875388
vt 0.79124612 0.61124612
vt 0.79124612 0.61124612
vt 0.68000000 0.79124612
vt 0.68000000 0.79124612
vt 0.86000000 0.50000000
vt 0.20875388 0.38875388
vt 0.20875388 0.38875388
vt 0.32000000 0.20875388
vt 0.32000000 0.20875388
vt 0.20875388 0.61124612
vt 0.20875388 0.61124612
vt 0.32000000 0.79124612
vt 0.32000000 0.79124612
vt 0.14000000 0.50000000
vt 0.31073680 0.50000000
vt 0.68926320 0.50000000
vt 0.31073680 0.50000000
vt 0.68926320 0.50000000
vt 0.50000000 0.80623429
vt 0.50000000 0.80623429
vt 0.50000000 0.19376571
vt 0.50000000 0.19376571
vt 0.80623429 0.31073680
vt 0.80623429 0.68926320
vt 0.19376571 0.31073680
vt 0.19376571 0.68926320
vt 0.50000000 0.50000000
vt 0.50000000 0.50000000
vt 0.38875388 0.68000000
vt 0.61124612 0.68000000
vt 0.38875388 0.68000000
vt 0.61124612 0.68000000
vt 0.50000000 0.86000000
vt 0.38875388 0.32000000
vt 0.61124612 0.32000000
vt 0.38875388 0.32000000
vt 0.61124612 0.32000000
vt 0.50000000 0.14000000
vt 0.79124612 0.38875388
vt 0.79124612 0.38875388
vt 0.68000000 0.20875388
vt 0.68000000 0.20875388
vt 0.79124612 0.61124612
vt 0.79124612 0.61124612
vt 0.68000000 0.79124612
vt 0.68000000 0.79124612
vt 0.86000000 0.50000000
vt 0.20875388 0.38875388
vt 0.20875388 0.38875388
vt 0.32000000 0.20875388
vt 0.32000000 0.20875388
vt 0.20875388 0.61124612
vt 0.20875388 0.61124612
vt 0.32000000 0.79124612
vt 0.32000000 0.79124612
vt 0.14000000 0.50000000
vt 0.31073680 0.50000000
vt 0.68926320 0.50000000
vt 0.31073680 0.50000000
vt 0.68926320 0.50000000
vt 0.50000000 0.80623429
vt 0.50000000 0.80623429
vt 0.50000000 0.19376571
vt 0.50000000 0.19376571
vt 0.80623429 0.31073680
vt 0.80623429 0.68926320
vt 0.19376571 0.31073680
vt 0.19376571 0.68926320
vt 0.50000000 0.50000000
vt 0.50000000 0.50000000
vt 0.38875388 0.68000000
vt 0.61124612 0.68000000
vt 0.38875388 0.68000000
vt 0.61124612 0.68000000
vt 0.50000000 0.86000000
vt 0.38875388 0.32000000
vt 0.61124612 0.32000000
vt 0.38875388 0.32000000
vt 0.61124612 0.32000000
vt 0.50000000 0.14000000
vt 0.79124612 0.38875388
vt 0.79124612 0.38875388
vt 0.68000000 0.20875388
vt 0.68000000 0.20875388
vt 0.79124612 0.61124612
vt 0.79124612 0.61124612
vt 0.68000000 0.79124612
vt 0.68000000 0.79124612
vt 0.86000000 0.50000000
vt 0.20875388 0.38875388
vt 0.20875388 0.38875388
vt 0.32000000 0.20875388
vt 0.32000000 0.20875388
vt 0.20875388 0.61124612
vt 0.20875388 0.61124612
vt 0.32000000 0.79124612
vt 0.32000000 0.79124612
vt 0.14000000 0.50000000
vt 0.31073680 0.50000000
vt 0.68926320 0.50000000
vt 0.31073680 0.50000000
vt 0.68926320 0.50000000
vt 0.50000000 0.80623429
vt 0.50000000 0.80623429
vt 0.50000000 0.19376571
vt 0.50000000 0.19376571
vt 0.80623429 0.31073680
vt 0.80623429 0.68926320
vt 0.19376571 0.31073680
vt 0.19376571 0.68926320
vt 0.50000000 0.50000000
vt 0.50000000 0.50000000
vt 0.38875388 0.68000000
vt 0.61124612 0.68000000
vt 0.38875388 0.68000000
vt 0.61124612 0.68000000
vt 0.50000000 0.86000000
vt 0.38875388 0.32000000
vt 0.61124612 0.32000000
vt 0.38875388 0.32000000
vt 0.61124612 0.32000000
vt 0.50000000 0.14000000
vt 0.79124612 0.38875388
vt 0.79124612 0.38875388
vt 0.68000000 0.20875388
vt 0.68000000 0.20875388
vt 0.79124612 0.61124612
vt 0.79124612 0.61124612
vt 0.68000000 0.79124612
vt 0.68000000 0.79124612
vt 0.86000000 0.50000000
vt 0.20875388 0.38875388
vt 0.20875388 0.38875388
vt 0.32000000 0.20875388
vt 0.32000000 0.20875388
vt 0.20875388 0.61124612
vt 0.20875388 0.61124612
vt 0.32000000 0.79124612
vt 0.32000000 0.79124612
vt 0.14000000 0.50000000
vt 0.50000000 0.31073680
vt 0.50000000 0.68926320
vt 0.50000000 0.31073680
vt 0.50000000 0.68926320
vt 0.80623429 0.50000000
vt 0.80623429 0.50000000
vt 0.19376571 0.50000000
vt 0.19376571 0.50000000
vt 0.31073680 0.80623429
vt 0.68926320 0.80623429
vt 0.31073680 0.19376571
vt 0.68926320 0.19376571
vt 0.50000000 0.50000000
vt 0.50000000 0.50000000
vt 0.68000000 0.38875388
vt 0.68000000 0.61124612
vt 0.68000000 0.38875388
vt 0.68000000 0.61124612
vt 0.86000000 0.50000000
vt 0.32000000 0.38875388
vt 0.32000000 0.61124612
vt 0.32000000 0.38875388
vt 0.32000000 0.61124612
vt 0.14000000 0.50000000
vt 0.38875388 0.79124612
vt 0.38875388 0.79124612
vt 0.20875388 0.68000000
vt 0.20875388 0.68000000
vt 0.61124612 0.79124612
vt 0.61124612 0.79124612
vt 0.79124612 0.68000000
vt 0.79124612 0.68000000
vt 0.50000000 0.86000000
vt 0.38875388 0.20875388
vt 0.38875388 0.20875388
vt 0.20875388 0.32000000
vt 0.20875388 0.32000000
vt 0.61124612 0.20875388
vt 0.61124612 0.20875388
vt 0.79124612 0.32000000
vt 0.79124612 0.32000000
vt 0.50000000 0.14000000
vt 0.50000000 0.31073680
vt 0.50000000 0.68926320
vt 0.50000000 0.31073680
vt 0.50000000 0.68926320
vt 0.80623429 0.50000000
vt 0.80623429 0.50000000
vt 0.19376571 0.50000000
vt 0.19376571 0.50000000
vt 0.31073680 0.80623429
vt 0.68926320 0.80623429
vt 0.31073680 0.19376571
vt 0.68926320 0.19376571
vt 0.50000000 0.50000000
vt 0.50000000 0.50000000
vt 0.68000000 0.38875388
vt 0.68000000 0.61124612
vt 0.68000000 0.38875388
vt 0.68000000 0.61124612
vt 0.86000000 0.50000000
vt 0.32000000 0.38875388
vt 0.32000000 0.61124612
vt 0.32000000 0.38875388
vt 0.32000000 0.61124612
vt 0.14000000 0.50000000
vt 0.38875388 0.79124612
vt 0.38875388 0.79124612
vt 0.20875388 0.68000000
vt 0.20875388 0.68000000
vt 0.61124612 0.79124612
vt 0.61124612 0.79124612
vt 0.79124612 0.68000000
vt 0.79124612 0.68000000
vt 0.50000000 0.86000000
vt 0.38875388 0.20875388
vt 0.38875388 0.20875388
vt 0.20875388 0.32000000
vt 0.20875388 0.32000000
vt 0.61124612 0.20875388
vt 0.61124612 0.20875388
vt 0.79124612 0.32000000
vt 0.79124612 0.32000000
vt 0.50000000 0.14000000
vt 0.50000000 0.50000000
vt 0.50000000 0.86000000
vt 0.50000000 0.86000000
vt 0.50000000 0.50000000
vt 0.61124612 0.84238035
vt 0.61124612 0.84238035
vt 0.71160269 0.79124612
vt 0.71160269 0.79124612
vt 0.79124612 0.71160269
vt 0.79124612 0.71160269
vt 0.84238035 0.61124612
vt 0.84238035 0.61124612
vt 0.86000000 0.50000000
vt 0.86000000 0.50000000
vt 0.84238035 0.38875388
vt 0.84238035 0.38875388
vt 0.79124612 0.28839731
vt 0.79124612 0.28839731
vt 0.71160269 0.20875388
vt 0.71160269 0.20875388
vt 0.61124612 0.15761965
vt 0.61124612 0.15761965
vt 0.50000000 0.14000000
vt 0.50000000 0.14000000
vt 0.38875388 0.15761965
vt 0.38875388 0.15761965
vt 0.28839731 0.20875388
vt 0.28839731 0.20875388
vt 0.20875388 0.28839731
vt 0.20875388 0.28839731
vt 0.15761965 0.38875388
vt 0.15761965 0.38875388
vt 0.14000000 0.50000000
vt 0.14000000 0.50000000
vt 0.15761965 0.61124612
vt 0.15761965 0.61124612
vt 0.20875388 0.71160269
vt 0.20875388 0.71160269
vt 0.28839731 0.79124612
vt 0.28839731 0.79124612
vt 0.38875388 0.84238035
vt 0.38875388 0.84238035
vt 0.50000000 0.50000000
vt 0.50000000 0.86000000
vt 0.50000000 0.86000000
vt 0.50000000 0.50000000
vt 0.63776604 0.83259663
vt 0.63776604 0.83259663
vt 0.75455844 0.75455844
vt 0.75455844 0.75455844
vt 0.83259663 0.63776604
vt 0.83259663 0.63776604
vt 0.86000000 0.50000000
vt 0.86000000 0.50000000
vt 0.83259663 0.36223396
vt 0.83259663 0.36223396
vt 0.75455844 0.24544156
vt 0.75455844 0.24544156
vt 0.63776604 0.16740337
vt 0.63776604 0.16740337
vt 0.50000000 0.14000000
vt 0.50000000 0.14000000
vt 0.36223396 0.16740337
vt 0.36223396 0.16740337
vt 0.24544156 0.24544156
vt 0.24544156 0.24544156
vt 0.16740337 0.36223396
vt 0.16740337 0.36223396
vt 0.14000000 0.50000000
vt 0.14000000 0.50000000
vt 0.16740337 0.63776604
vt 0.16740337 0.63776604
vt 0.24544156 0.75455844
vt 0.24544156 0.75455844
vt 0.36223396 0.83259663
vt 0.36223396 0.83259663
vt 0.50000000 0.14000000
vt 0.14000000 0.14000000
vt 0.14000000 0.86000000
vt 0.50000000 0.86000000
vt 0.20875388 0.14000000
vt 0.20875388 0.86000000
vt 0.38875388 0.14000000
vt 0.38875388 0.86000000
vt 0.61124612 0.14000000
vt 0.61124612 0.86000000
vt 0.79124612 0.14000000
vt 0.79124612 0.86000000
vt 0.86000000 0.14000000
vt 0.86000000 0.86000000
vt 0.79124612 0.14000000
vt 0.79124612 0.86000000
vt 0.61124612 0.14000000
vt 0.61124612 0.86000000
vt 0.38875388 0.14000000
vt 0.38875388 0.86000000
vt 0.20875388 0.14000000
vt 0.20875388 0.86000000
vt 0.50000000 0.14000000
vt 0.14000000 0.14000000
vt 0.14000000 0.86000000
vt 0.50000000 0.86000000
vt 0.20875388 0.14000000
vt 0.20875388 0.86000000
vt 0.38875388 0.14000000
vt 0.38875388 0.86000000
vt 0.61124612 0.14000000
vt 0.61124612 0.86000000
vt 0.79124612 0.14000000
vt 0.79124612 0.86000000
vt 0.86000000 0.14000000
vt 0.86000000 0.86000000
vt 0.79124612 0.14000000
vt 0.79124612 0.86000000
vt 0.61124612 0.14000000
vt 0.61124612 0.86000000
vt 0.38875388 0.14000000
vt 0.38875388 0.86000000
vt 0.20875388 0.14000000
vt 0.20875388 0.86000000
vt 0.50000000 0.14000000
vt 0.14000000 0.14000000
vt 0.14000000 0.86000000
vt 0.50000000 0.86000000
vt 0.20875388 0.14000000
vt 0.20875388 0.86000000
vt 0.38875388 0.14000000
vt 0.38875388 0.86000000
vt 0.61124612 0.14000000
vt 0.61124612 0.86000000
vt 0.79124612 0.14000000
vt 0.79124612 0.86000000
vt 0.86000000 0.14000000
vt 0.86000000 0.86000000
vt 0.79124612 0.14000000
vt 0.79124612 0.86000000
vt 0.61124612 0.14000000
vt 0.61124612 0.86000000
vt 0.38875388 0.14000000
vt 0.38875388 0.86000000
vt 0.20875388 0.14000000
vt 0.20875388 0.86000000
vt 0.50000000 0.14000000
vt 0.14000000 0.14000000
vt 0.14000000 0.86000000
vt 0.50000000 0.86000000
vt 0.20875388 0.14000000
vt 0.20875388 0.86000000
vt 0.38875388 0.14000000
vt 0.38875388 0.86000000
vt 0.61124612 0.14000000
vt 0.61124612 0.86000000
vt 0.79124612 0.14000000
vt 0.79124612 0.86000000
vt 0.86000000 0.14000000
vt 0.86000000 0.86000000
vt 0.79124612 0.14000000
vt 0.79124612 0.86000000
vt 0.61124612 0.14000000
vt 0.61124612 0.86000000
vt 0.38875388 0.14000000
vt 0.38875388 0.86000000
vt 0.20875388 0.14000000
vt 0.20875388 0.86000000
vt 0.50000000 0.14000000
vt 0.14000000 0.14000000
vt 0.14000000 0.86000000
vt 0.50000000 0.86000000
vt 0.20875388 0.14000000
vt 0.20875388 0.86000000
vt 0.38875388 0.14000000
vt 0.38875388 0.86000000
vt 0.61124612 0.14000000
vt 0.61124612 0.86000000
vt 0.79124612 0.14000000
vt 0.79124612 0.86000000
vt 0.86000000 0.14000000
vt 0.86000000 0.86000000
vt 0.79124612 0.14000000
vt 0.79124612 0.86000000
vt 0.61124612 0.14000000
vt 0.61124612 0.86000000
vt 0.38875388 0.14000000
vt 0.38875388 0.86000000
vt 0.20875388 0.14000000
vt 0.20875388 0.86000000
vt 0.50000000 0.14000000
vt 0.14000000 0.14000000
vt 0.14000000 0.86000000
vt 0.50000000 0.86000000
vt 0.20875388 0.14000000
vt 0.20875388 0.86000000
vt 0.38875388 0.14000000
vt 0.38875388 0.86000000
vt 0.61124612 0.14000000
vt 0.61124612 0.86000000
vt 0.79124612 0.14000000
vt 0.79124612 0.86000000
vt 0.86000000 0.14000000
vt 0.86000000 0.86000000
vt 0.79124612 0.14000000
vt 0.79124612 0.86000000
vt 0.61124612 0.14000000
vt 0.61124612 0.86000000
vt 0.38875388 0.14000000
vt 0.38875388 0.86000000
vt 0.20875388 0.14000000
vt 0.20875388 0.86000000
vt 0.50000000 0.14000000
vt 0.86000000 0.14000000
vt 0.86000000 0.86000000
vt 0.50000000 0.86000000
vt 0.79124612 0.14000000
vt 0.79124612 0.86000000
vt 0.61124612 0.14000000
vt 0.61124612 0.86000000
vt 0.38875388 0.14000000
vt 0.38875388 0.86000000
vt 0.20875388 0.14000000
vt 0.20875388 0.86000000
vt 0.14000000 0.14000000
vt 0.14000000 0.86000000
vt 0.20875388 0.14000000
vt 0.20875388 0.86000000
vt 0.38875388 0.14000000
vt 0.38875388 0.86000000
vt 0.61124612 0.14000000
vt 0.61124612 0.86000000
vt 0.79124612 0.14000000
vt 0.79124612 0.86000000
vt 0.28783990 0.15502437
vt 0.32378232 0.15137169
vt 0.74810252 0.84132294
vt 0.71216010 0.84497563
vt 0.40142362 0.14348132
vt 0.82574382 0.83343257
vt 0.43567980 0.14000000
vt 0.86000000 0.82995125
vt 0.41346616 0.14225748
vt 0.83778636 0.83220874
vt 0.34326756 0.14939148
vt 0.76758777 0.83934274
vt 0.25189748 0.15867706
vt 0.67621768 0.84862831
vt 0.17425618 0.16656743
vt 0.59857638 0.85651868
vt 0.14000000 0.17004875
vt 0.56432020 0.86000000
vt 0.16221364 0.16779126
vt 0.58653384 0.85774252
vt 0.23241223 0.16065726
vt 0.65673244 0.85060852
vt 0.50000000 0.14000000
vt 0.86000000 0.14000000
vt 0.86000000 0.86000000
vt 0.50000000 0.86000000
vt 0.79124612 0.14000000
vt 0.79124612 0.86000000
vt 0.61124612 0.14000000
vt 0.61124612 0.86000000
vt 0.38875388 0.14000000
vt 0.38875388 0.86000000
vt 0.20875388 0.14000000
vt 0.20875388 0.86000000
vt 0.14000000 0.14000000
vt 0.14000000 0.86000000
vt 0.20875388 0.14000000
vt 0.20875388 0.86000000
vt 0.38875388 0.14000000
vt 0.38875388 0.86000000
vt 0.61124612 0.14000000
vt 0.61124612 0.86000000
vt 0.79124612 0.14000000
vt 0.79124612 0.86000000
vt 0.28783990 0.15502437
vt 0.32378232 0.15137169
vt 0.74810252 0.84132294
vt 0.71216010 0.84497563
vt 0.40142362 0.14348132
vt 0.82574382 0.83343257
vt 0.43567980 0.14000000
vt 0.86000000 0.82995125
vt 0.41346616 0.14225748
vt 0.83778636 0.83220874
vt 0.34326756 0.14939148
vt 0.76758777 0.83934274
vt 0.25189748 0.15867706
vt 0.67621768 0.84862831
vt 0.17425618 0.16656743
vt 0.59857638 0.85651868
vt 0.14000000 0.17004875
vt 0.56432020 0.86000000
vt 0.16221364 0.16779126
vt 0.58653384 0.85774252
vt 0.23241223 0.16065726
vt 0.65673244 0.85060852
vt 0.50000000 0.14000000
vt 0.14000000 0.14000000
vt 0.14000000 0.86000000
vt 0.50000000 0.86000000
vt 0.16171066 0.14000000
vt 0.16171066 0.86000000
vt 0.22422400 0.14000000
vt 0.22422400 0.86000000
vt 0.32000000 0.14000000
vt 0.32000000 0.86000000
vt 0.43748666 0.14000000
vt 0.43748666 0.86000000
vt 0.56251334 0.14000000
vt 0.56251334 0.86000000
vt 0.68000000 0.14000000
vt 0.68000000 0.86000000
vt 0.77577600 0.14000000
vt 0.77577600 0.86000000
vt 0.83828934 0.14000000
vt 0.83828934 0.86000000
vt 0.86000000 0.14000000
vt 0.86000000 0.86000000
vt 0.83828934 0.14000000
vt 0.83828934 0.86000000
vt 0.77577600 0.14000000
vt 0.77577600 0.86000000
vt 0.68000000 0.14000000
vt 0.68000000 0.86000000
vt 0.56251334 0.14000000
vt 0.56251334 0.86000000
vt 0.43748666 0.14000000
vt 0.43748666 0.86000000
vt 0.32000000 0.14000000
vt 0.32000000 0.86000000
vt 0.22422400 0.14000000
vt 0.22422400 0.86000000
vt 0.16171066 0.14000000
vt 0.16171066 0.86000000
vt 0.50000000 0.50000000
vt 0.50000000 0.14000000
vt 0.50000000 0.14000000
vt 0.50000000 0.50000000
vt 0.62502669 0.16171066
vt 0.62502669 0.16171066
vt 0.73497331 0.22422400
vt 0.73497331 0.22422400
vt 0.81657869 0.32000000
vt 0.81657869 0.32000000
vt 0.86000000 0.43748666
vt 0.86000000 0.43748666
vt 0.86000000 0.56251334
vt 0.86000000 0.56251334
vt 0.81657869 0.68000000
vt 0.81657869 0.68000000
vt 0.73497331 0.77577600
vt 0.73497331 0.77577600
vt 0.62502669 0.83828934
vt 0.62502669 0.83828934
vt 0.50000000 0.86000000
vt 0.50000000 0.86000000
vt 0.37497331 0.83828934
vt 0.37497331 0.83828934
vt 0.26502669 0.77577600
vt 0.26502669 0.77577600
vt 0.18342131 0.68000000
vt 0.18342131 0.68000000
vt 0.14000000 0.56251334
vt 0.14000000 0.56251334
vt 0.14000000 0.43748666
vt 0.14000000 0.43748666
vt 0.18342131 0.32000000
vt 0.18342131 0.32000000
vt 0.26502669 0.22422400
vt 0.26502669 0.22422400
vt 0.37497331 0.16171066
vt 0.37497331 0.16171066
vt 0.50000000 0.50000000
vt 0.50000000 0.14000000
vt 0.50000000 0.14000000
vt 0.50000000 0.50000000
vt 0.62502669 0.16171066
vt 0.62502669 0.16171066
vt 0.73497331 0.22422400
vt 0.73497331 0.22422400
vt 0.81657869 0.32000000
vt 0.81657869 0.32000000
vt 0.86000000 0.43748666
vt 0.86000000 0.43748666
vt 0.86000000 0.56251334
vt 0.86000000 0.56251334
vt 0.81657869 0.68000000
vt 0.81657869 0.68000000
vt 0.73497331 0.77577600
vt 0.73497331 0.77577600
vt 0.62502669 0.83828934
vt 0.62502669 0.83828934
vt 0.50000000 0.86000000
vt 0.50000000 0.86000000
vt 0.37497331 0.83828934
vt 0.37497331 0.83828934
vt 0.26502669 0.77577600
vt 0.26502669 0.77577600
vt 0.18342131 0.68000000
vt 0.18342131 0.68000000
vt 0.14000000 0.56251334
vt 0.14000000 0.56251334
vt 0.14000000 0.43748666
vt 0.14000000 0.43748666
vt 0.18342131 0.32000000
vt 0.18342131 0.32000000
vt 0.26502669 0.22422400
vt 0.26502669 0.22422400
vt 0.37497331 0.16171066
vt 0.37497331 0.16171066
vt 0.14000000 0.14000000
vt 0.86000000 0.14000000
vt 0.14000000 0.14000000
vt 0.86000000 0.14000000
vt 0.14000000 0.86000000
vt 0.86000000 0.86000000
vt 0.14000000 0.86000000
vt 0.86000000 0.86000000
vt 0.14000000 0.14000000
vt 0.86000000 0.14000000
vt 0.14000000 0.14000000
vt 0.86000000 0.14000000
vt 0.14000000 0.86000000
vt 0.86000000 0.86000000
vt 0.14000000 0.86000000
vt 0.86000000 0.86000000
vt 0.14000000 0.14000000
vt 0.86000000 0.14000000
vt 0.14000000 0.14000000
vt 0.86000000 0.14000000
vt 0.14000000 0.86000000
vt 0.86000000 0.86000000
vt 0.14000000 0.86000000
vt 0.86000000 0.86000000
vt 0.14000000 0.14000000
vt 0.86000000 0.14000000
vt 0.14000000 0.14000000
vt 0.86000000 0.14000000
vt 0.14000000 0.86000000
vt 0.86000000 0.86000000
vt 0.14000000 0.86000000
vt 0.86000000 0.86000000
vt 0.14000000 0.14000000
vt 0.86000000 0.14000000
vt 0.14000000 0.14000000
vt 0.86000000 0.14000000
vt 0.14000000 0.86000000
vt 0.86000000 0.86000000
vt 0.14000000 0.86000000
vt 0.86000000 0.86000000
vt 0.14000000 0.14000000
vt 0.86000000 0.14000000
vt 0.14000000 0.14000000
vt 0.86000000 0.14000000
vt 0.14000000 0.86000000
vt 0.86000000 0.86000000
vt 0.14000000 0.86000000
vt 0.86000000 0.86000000
vt 0.14000000 0.14000000
vt 0.86000000 0.14000000
vt 0.14000000 0.14000000
vt 0.86000000 0.14000000
vt 0.14000000 0.86000000
vt 0.86000000 0.86000000
vt 0.14000000 0.86000000
vt 0.86000000 0.86000000
vt 0.14000000 0.14000000
vt 0.14000000 0.86000000
vt 0.86000000 0.14000000
vt 0.86000000 0.86000000
vt 0.14000000 0.14000000
vt 0.14000000 0.86000000
vt 0.86000000 0.14000000
vt 0.86000000 0.86000000
vt 0.14000000 0.14000000
vt 0.14000000 0.86000000
vt 0.86000000 0.14000000
vt 0.86000000 0.86000000
vt 0.14000000 0.14000000
vt 0.14000000 0.86000000
vt 0.86000000 0.14000000
vt 0.86000000 0.86000000
vt 0.14000000 0.14000000
vt 0.14000000 0.86000000
vt 0.86000000 0.14000000
vt 0.86000000 0.86000000
vt 0.14000000 0.14000000
vt 0.14000000 0.86000000
vt 0.86000000 0.14000000
vt 0.86000000 0.86000000
vt 0.14000000 0.14000000
vt 0.14000000 0.86000000
vt 0.86000000 0.14000000
vt 0.86000000 0.86000000
vt 0.14000000 0.14000000
vt 0.14000000 0.86000000
vt 0.86000000 0.14000000
vt 0.86000000 0.86000000
f 2/2 3/3 4/4
f 1/1 2/2 4/4
f 1/1 4/4 5/5
f 1/1 5/5 6/6
f 2/2 48/48 7/7
f 2/2 7/7 8/8
f 2/2 8/8 30/30
f 2/2 30/30 3/3
f 9/9 31/31 8/8
f 8/8 7/7 9/9
f 10/10 11/11 1/1
f 1/1 6/6 10/10
f 49/49 12/12 50/50
f 51/51 52/52 2/2
f 2/2 1/1 53/53
f 13/13 54/54 55/55
f 56/56 14/14 13/13
f 57/57 16/16 15/15
f 58/58 15/15 12/12
f 59/59 12/12 60/60
f 17/17 18/18 19/19
f 5/5 17/17 19/19
f 5/5 19/19 61/61
f 5/5 62/62 6/6
f 63/63 20/20 16/16
f 16/16 64/64 65/65
f 20/20 21/21 15/15
f 15/15 16/16 20/20
f 22/22 23/23 13/13
f 13/13 14/14 22/22
f 24/24 25/25 23/23
f 23/23 22/22 24/24
f 26/26 27/27 66/66
f 67/67 68/68 26/26
f 28/28 69/69 70/70
f 71/71 29/29 28/28
f 15/15 72/72 73/73
f 74/74 75/75 76/76
f 77/77 78/78 14/14
f 79/79 14/14 80/80
f 81/81 82/82 12/12
f 83/83 84/84 12/12
f 15/15 85/85 12/12
f 86/86 87/87 88/88
f 89/89 90/90 91/91
f 92/92 93/93 94/94
f 27/27 29/29 95/95
f 27/27 96/96 97/97
f 27/27 98/98 99/99
f 27/27 100/100 101/101
f 102/102 5/5 4/4
f 4/4 32/32 103/103
f 104/104 105/105 33/33
f 106/106 4/4 3/3
f 3/3 107/107 108/108
f 34/34 35/35 109/109
f 110/110 111/111 34/34
f 112/112 113/113 33/33
f 114/114 33/33 36/36
f 115/115 36/36 37/37
f 116/116 117/117 37/37
f 37/37 38/38 118/118
f 38/38 37/37 36/36
f 36/36 39/39 38/38
f 40/40 35/35 34/34
f 34/34 41/41 40/40
f 42/42 40/40 41/41
f 41/41 43/43 42/42
f 44/44 119/119 120/120
f 121/121 45/45 44/44
f 46/46 47/47 122/122
f 123/123 124/124 46/46
f 35/35 125/125 126/126
f 35/35 127/127 128/128
f 129/129 35/35 130/130
f 131/131 132/132 133/133
f 134/134 135/135 36/36
f 136/136 36/36 33/33
f 137/137 138/138 33/33
f 139/139 140/140 141/141
f 142/142 143/143 144/144
f 145/145 146/146 147/147
f 45/45 148/148 149/149
f 45/45 150/150 151/151
f 45/45 152/152 153/153
f 45/45 154/154 47/47
f 47/47 46/46 44/44
f 44/44 45/45 47/47
f 155/155 156/156 157/157
f 158/158 159/159 160/160
f 28/28 29/29 27/27
f 27/27 26/26 28/28
f 161/161 171/171 172/172
f 161/161 172/172 162/162
f 162/162 172/172 173/173
f 162/162 173/173 163/163
f 163/163 173/173 174/174
f 163/163 174/174 164/164
f 164/164 174/174 175/175
f 164/164 175/175 165/165
f 165/165 175/175 176/176
f 165/165 176/176 166/166
f 166/166 176/176 177/177
f 166/166 177/177 167/167
f 167/167 177/177 178/178
f 167/167 178/178 168/168
f 168/168 178/178 179/179
f 168/168 179/179 169/169
f 169/169 179/179 180/180
f 169/169 180/180 170/170
f 170/170 180/180 171/171
f 170/170 171/171 161/161
f 171/171 181/181 182/182
f 171/171 182/182 172/172
f 172/172 182/182 183/183
f 172/172 183/183 173/173
f 173/173 183/183 184/184
f 173/173 184/184 174/174
f 174/174 184/184 185/185
f 174/174 185/185 175/175
f 175/175 185/185 186/186
f 175/175 186/186 176/176
f 176/176 186/186 187/187
f 176/176 187/187 177/177
f 177/177 187/187 188/188
f 177/177 188/188 178/178
f 178/178 188/188 189/189
f 178/178 189/189 179/179
f 179/179 189/189 190/190
f 179/179 190/190 180/180
f 180/180 190/190 181/181
f 180/180 181/181 171/171
f 181/181 191/191 192/192
f 181/181 192/192 182/182
f 182/182 192/192 193/193
f 182/182 193/193 183/183
f 183/183 193/193 194/194
f 183/183 194/194 184/184
f 184/184 194/194 195/195
f 184/184 195/195 185/185
f 185/185 195/195 196/196
f 185/185 196/196 186/186
f 186/186 196/196 197/197
f 186/186 197/197 187/187
f 187/187 197/197 198/198
f 187/187 198/198 188/188
f 188/188 198/198 199/199
f 188/188 199/199 189/189
f 189/189 199/199 200/200
f 189/189 200/200 190/190
f 190/190 200/200 191/191
f 190/190 191/191 181/181
f 191/191 201/201 202/202
f 191/191 202/202 192/192
f 192/192 202/202 203/203
f 192/192 203/203 193/193
f 193/193 203/203 204/204
f 193/193 204/204 194/194
f 194/194 204/204 205/205
f 194/194 205/205 195/195
f 195/195 205/205 206/206
f 195/195 206/206 196/196
f 196/196 206/206 207/207
f 196/196 207/207 197/197
f 197/197 207/207 208/208
f 197/197 208/208 198/198
f 198/198 208/208 209/209
f 198/198 209/209 199/199
f 199/199 209/209 210/210
f 199/199 210/210 200/200
f 200/200 210/210 201/201
f 200/200 201/201 191/191
f 201/201 211/211 212/212
f 201/201 212/212 202/202
f 202/202 212/212 213/213
f 202/202 213/213 203/203
f 203/203 213/213 214/214
f 203/203 214/214 204/204
f 204/204 214/214 215/215
f 204/204 215/215 205/205
f 205/205 215/215 216/216
f 205/205 216/216 206/206
f 206/206 216/216 217/217
f 206/206 217/217 207/207
f 207/207 217/217 218/218
f 207/207 218/218 208/208
f 208/208 218/218 219/219
f 208/208 219/219 209/209
f 209/209 219/219 220/220
f 209/209 220/220 210/210
f 210/210 220/220 211/211
f 210/210 211/211 201/201
f 211/211 221/221 222/222
f 211/211 222/222 212/212
f 212/212 222/222 223/223
f 212/212 223/223 213/213
f 213/213 223/223 224/224
f 213/213 224/224 214/214
f 214/214 224/224 225/225
f 214/214 225/225 215/215
f 215/215 225/225 226/226
f 215/215 226/226 216/216
f 216/216 226/226 227/227
f 216/216 227/227 217/217
f 217/217 227/227 228/228
f 217/217 228/228 218/218
f 218/218 228/228 229/229
f 218/218 229/229 219/219
f 219/219 229/229 230/230
f 219/219 230/230 220/220
f 220/220 230/230 221/221
f 220/220 221/221 211/211
f 221/221 231/231 232/232
f 221/221 232/232 222/222
f 222/222 232/232 233/233
f 222/222 233/233 223/223
f 223/223 233/233 234/234
f 223/223 234/234 224/224
f 224/224 234/234 235/235
f 224/224 235/235 225/225
f 225/225 235/235 236/236
f 225/225 236/236 226/226
f 226/226 236/236 237/237
f 226/226 237/237 227/227
f 227/227 237/237 238/238
f 227/227 238/238 228/228
f 228/228 238/238 239/239
f 228/228 239/239 229/229
f 229/229 239/239 240/240
f 229/229 240/240 230/230
f 230/230 240/240 231/231
f 230/230 231/231 221/221
f 231/231 241/241 242/242
f 231/231 242/242 232/232
f 232/232 242/242 243/243
f 232/232 243/243 233/233
f 233/233 243/243 244/244
f 233/233 244/244 234/234
f 234/234 244/244 245/245
f 234/234 245/245 235/235
f 235/235 245/245 246/246
f 235/235 246/246 236/236
f 236/236 246/246 247/247
f 236/236 247/247 237/237
f 237/237 247/247 248/248
f 237/237 248/248 238/238
f 238/238 248/248 249/249
f 238/238 249/249 239/239
f 239/239 249/249 250/250
f 239/239 250/250 240/240
f 240/240 250/250 241/241
f 240/240 241/241 231/231
f 241/241 251/251 252/252
f 241/241 252/252 242/242
f 242/242 252/252 253/253
f 242/242 253/253 243/243
f 243/243 253/253 254/254
f 243/243 254/254 244/244
f 244/244 254/254 255/255
f 244/244 255/255 245/245
f 245/245 255/255 256/256
f 245/245 256/256 246/246
f 246/246 256/256 257/257
f 246/246 257/257 247/247
f 247/247 257/257 258/258
f 247/247 258/258 248/248
f 248/248 258/258 259/259
f 248/248 259/259 249/249
f 249/249 259/259 260/260
f 249/249 260/260 250/250
f 250/250 260/260 251/251
f 250/250 251/251 241/241
f 251/251 261/261 262/262
f 251/251 262/262 252/252
f 252/252 262/262 263/263
f 252/252 263/263 253/253
f 253/253 263/263 264/264
f 253/253 264/264 254/254
f 254/254 264/264 265/265
f 254/254 265/265 255/255
f 255/255 265/265 266/266
f 255/255 266/266 256/256
f 256/256 266/266 267/267
f 256/256 267/267 257/257
f 257/257 267/267 268/268
f 257/257 268/268 258/258
f 258/258 268/268 269/269
f 258/258 269/269 259/259
f 259/259 269/269 270/270
f 259/259 270/270 260/260
f 260/260 270/270 261/261
f 260/260 261/261 251/251
f 261/261 271/271 272/272
f 261/261 272/272 262/262
f 262/262 272/272 273/273
f 262/262 273/273 263/263
f 263/263 273/273 274/274
f 263/263 274/274 264/264
f 264/264 274/274 275/275
f 264/264 275/275 265/265
f 265/265 275/275 276/276
f 265/265 276/276 266/266
f 266/266 276/276 277/277
f 266/266 277/277 267/267
f 267/267 277/277 278/278
f 267/267 278/278 268/268
f 268/268 278/278 279/279
f 268/268 279/279 269/269
f 269/269 279/279 280/280
f 269/269 280/280 270/270
f 270/270 280/280 271/271
f 270/270 271/271 261/261
f 271/271 281/281 282/282
f 271/271 282/282 272/272
f 272/272 282/282 283/283
f 272/272 283/283 273/273
f 273/273 283/283 284/284
f 273/273 284/284 274/274
f 274/274 284/284 285/285
f 274/274 285/285 275/275
f 275/275 285/285 286/286
f 275/275 286/286 276/276
f 276/276 286/286 287/287
f 276/276 287/287 277/277
f 277/277 287/287 288/288
f 277/277 288/288 278/278
f 278/278 288/288 289/289
f 278/278 289/289 279/279
f 279/279 289/289 290/290
f 279/279 290/290 280/280
f 280/280 290/290 281/281
f 280/280 281/281 271/271
f 281/281 291/291 292/292
f 281/281 292/292 282/282
f 282/282 292/292 293/293
f 282/282 293/293 283/283
f 283/283 293/293 294/294
f 283/283 294/294 284/284
f 284/284 294/294 295/295
f 284/284 295/295 285/285
f 285/285 295/295 296/296
f 285/285 296/296 286/286
f 286/286 296/296 297/297
f 286/286 297/297 287/287
f 287/287 297/297 298/298
f 287/287 298/298 288/288
f 288/288 298/298 299/299
f 288/288 299/299 289/289
f 289/289 299/299 300/300
f 289/289 300/300 290/290
f 290/290 300/300 291/291
f 290/290 291/291 281/281
f 291/291 301/301 302/302
f 291/291 302/302 292/292
f 292/292 302/302 303/303
f 292/292 303/303 293/293
f 293/293 303/303 304/304
f 293/293 304/304 294/294
f 294/294 304/304 305/305
f 294/294 305/305 295/295
f 295/295 305/305 306/306
f 295/295 306/306 296/296
f 296/296 306/306 307/307
f 296/296 307/307 297/297
f 297/297 307/307 308/308
f 297/297 308/308 298/298
f 298/298 308/308 309/309
f 298/298 309/309 299/299
f 299/299 309/309 310/310
f 299/299 310/310 300/300
f 300/300 310/310 301/301
f 300/300 301/301 291/291
f 301/301 311/311 312/312
f 301/301 312/312 302/302
f 302/302 312/312 313/313
f 302/302 313/313 303/303
f 303/303 313/313 314/314
f 303/303 314/314 304/304
f 304/304 314/314 315/315
f 304/304 315/315 305/305
f 305/305 315/315 316/316
f 305/305 316/316 306/306
f 306/306 316/316 317/317
f 306/306 317/317 307/307
f 307/307 317/317 318/318
f 307/307 318/318 308/308
f 308/308 318/318 319/319
f 308/308 319/319 309/309
f 309/309 319/319 320/320
f 309/309 320/320 310/310
f 310/310 320/320 311/311
f 310/310 311/311 301/301
f 311/311 321/321 322/322
f 311/311 322/322 312/312
f 312/312 322/322 323/323
f 312/312 323/323 313/313
f 313/313 323/323 324/324
f 313/313 324/324 314/314
f 314/314 324/324 325/325
f 314/314 325/325 315/315
f 315/315 325/325 326/326
f 315/315 326/326 316/316
f 316/316 326/326 327/327
f 316/316 327/327 317/317
f 317/317 327/327 328/328
f 317/317 328/328 318/318
f 318/318 328/328 329/329
f 318/318 329/329 319/319
f 319/319 329/329 330/330
f 319/319 330/330 320/320
f 320/320 330/330 321/321
f 320/320 321/321 311/311
f 321/321 331/331 332/332
f 321/321 332/332 322/322
f 322/322 332/332 333/333
f 322/322 333/333 323/323
f 323/323 333/333 334/334
f 323/323 334/334 324/324
f 324/324 334/334 335/335
f 324/324 335/335 325/325
f 325/325 335/335 336/336
f 325/325 336/336 326/326
f 326/326 336/336 337/337
f 326/326 337/337 327/327
f 327/327 337/337 338/338
f 327/327 338/338 328/328
f 328/328 338/338 339/339
f 328/328 339/339 329/329
f 329/329 339/339 340/340
f 329/329 340/340 330/330
f 330/330 340/340 331/331
f 330/330 331/331 321/321
f 331/331 341/341 342/342
f 331/331 342/342 332/332
f 332/332 342/342 343/343
f 332/332 343/343 333/333
f 333/333 343/343 344/344
f 333/333 344/344 334/334
f 334/334 344/344 345/345
f 334/334 345/345 335/335
f 335/335 345/345 346/346
f 335/335 346/346 336/336
f 336/336 346/346 347/347
f 336/336 347/347 337/337
f 337/337 347/347 348/348
f 337/337 348/348 338/338
f 338/338 348/348 349/349
f 338/338 349/349 339/339
f 339/339 349/349 350/350
f 339/339 350/350 340/340
f 340/340 350/350 341/341
f 340/340 341/341 331/331
f 341/341 351/351 352/352
f 341/341 352/352 342/342
f 342/342 352/352 353/353
f 342/342 353/353 343/343
f 343/343 353/353 354/354
f 343/343 354/354 344/344
f 344/344 354/354 355/355
f 344/344 355/355 345/345
f 345/345 355/355 356/356
f 345/345 356/356 346/346
f 346/346 356/356 357/357
f 346/346 357/357 347/347
f 347/347 357/357 358/358
f 347/347 358/358 348/348
f 348/348 358/358 359/359
f 348/348 359/359 349/349
f 349/349 359/359 360/360
f 349/349 360/360 350/350
f 350/350 360/360 351/351
f 350/350 351/351 341/341
f 351/351 361/361 362/362
f 351/351 362/362 352/352
f 352/352 362/362 363/363
f 352/352 363/363 353/353
f 353/353 363/363 364/364
f 353/353 364/364 354/354
f 354/354 364/364 365/365
f 354/354 365/365 355/355
f 355/355 365/365 366/366
f 355/355 366/366 356/356
f 356/356 366/366 367/367
f 356/356 367/367 357/357
f 357/357 367/367 368/368
f 357/357 368/368 358/358
f 358/358 368/368 369/369
f 358/358 369/369 359/359
f 359/359 369/369 370/370
f 359/359 370/370 360/360
f 360/360 370/370 361/361
f 360/360 361/361 351/351
f 361/361 371/371 372/372
f 361/361 372/372 362/362
f 362/362 372/372 373/373
f 362/362 373/373 363/363
f 363/363 373/373 374/374
f 363/363 374/374 364/364
f 364/364 374/374 375/375
f 364/364 375/375 365/365
f 365/365 375/375 376/376
f 365/365 376/376 366/366
f 366/366 376/376 377/377
f 366/366 377/377 367/367
f 367/367 377/377 378/378
f 367/367 378/378 368/368
f 368/368 378/378 379/379
f 368/368 379/379 369/369
f 369/369 379/379 380/380
f 369/369 380/380 370/370
f 370/370 380/380 371/371
f 370/370 371/371 361/361
f 371/371 381/381 382/382
f 371/371 382/382 372/372
f 372/372 382/382 383/383
f 372/372 383/383 373/373
f 373/373 383/383 384/384
f 373/373 384/384 374/374
f 374/374 384/384 385/385
f 374/374 385/385 375/375
f 375/375 385/385 386/386
f 375/375 386/386 376/376
f 376/376 386/386 387/387
f 376/376 387/387 377/377
f 377/377 387/387 388/388
f 377/377 388/388 378/378
f 378/378 388/388 389/389
f 378/378 389/389 379/379
f 379/379 389/389 390/390
f 379/379 390/390 380/380
f 380/380 390/390 381/381
f 380/380 381/381 371/371
f 381/381 391/391 392/392
f 381/381 392/392 382/382
f 382/382 392/392 393/393
f 382/382 393/393 383/383
f 383/383 393/393 394/394
f 383/383 394/394 384/384
f 384/384 394/394 395/395
f 384/384 395/395 385/385
f 385/385 395/395 396/396
f 385/385 396/396 386/386
f 386/386 396/396 397/397
f 386/386 397/397 387/387
f 387/387 397/397 398/398
f 387/387 398/398 388/388
f 388/388 398/398 399/399
f 388/388 399/399 389/389
f 389/389 399/399 400/400
f 389/389 400/400 390/390
f 390/390 400/400 391/391
f 390/390 391/391 381/381
f 391/391 401/401 402/402
f 391/391 402/402 392/392
f 392/392 402/402 403/403
f 392/392 403/403 393/393
f 393/393 403/403 404/404
f 393/393 404/404 394/394
f 394/394 404/404 405/405
f 394/394 405/405 395/395
f 395/395 405/405 406/406
f 395/395 406/406 396/396
f 396/396 406/406 407/407
f 396/396 407/407 397/397
f 397/397 407/407 408/408
f 397/397 408/408 398/398
f 398/398 408/408 409/409
f 398/398 409/409 399/399
f 399/399 409/409 410/410
f 399/399 410/410 400/400
f 400/400 410/410 401/401
f 400/400 401/401 391/391
f 401/401 411/411 412/412
f 401/401 412/412 402/402
f 402/402 412/412 413/413
f 402/402 413/413 403/403
f 403/403 413/413 414/414
f 403/403 414/414 404/404
f 404/404 414/414 415/415
f 404/404 415/415 405/405
f 405/405 415/415 416/416
f 405/405 416/416 406/406
f 406/406 416/416 417/417
f 406/406 417/417 407/407
f 407/407 417/417 418/418
f 407/407 418/418 408/408
f 408/408 418/418 419/419
f 408/408 419/419 409/409
f 409/409 419/419 420/420
f 409/409 420/420 410/410
f 410/410 420/420 411/411
f 410/410 411/411 401/401
f 411/411 421/421 422/422
f 411/411 422/422 412/412
f 412/412 422/422 423/423
f 412/412 423/423 413/413
f 413/413 423/423 424/424
f 413/413 424/424 414/414
f 414/414 424/424 425/425
f 414/414 425/425 415/415
f 415/415 425/425 426/426
f 415/415 426/426 416/416
f 416/416 426/426 427/427
f 416/416 427/427 417/417
f 417/417 427/427 428/428
f 417/417 428/428 418/418
f 418/418 428/428 429/429
f 418/418 429/429 419/419
f 419/419 429/429 430/430
f 419/419 430/430 420/420
f 420/420 430/430 421/421
f 420/420 421/421 411/411
f 421/421 431/431 432/432
f 421/421 432/432 422/422
f 422/422 432/432 433/433
f 422/422 433/433 423/423
f 423/423 433/433 434/434
f 423/423 434/434 424/424
f 424/424 434/434 435/435
f 424/424 435/435 425/425
f 425/425 435/435 436/436
f 425/425 436/436 426/426
f 426/426 436/436 437/437
f 426/426 437/437 427/427
f 427/427 437/437 438/438
f 427/427 438/438 428/428
f 428/428 438/438 439/439
f 428/428 439/439 429/429
f 429/429 439/439 440/440
f 429/429 440/440 430/430
f 430/430 440/440 431/431
f 430/430 431/431 421/421
f 431/431 441/441 442/442
f 431/431 442/442 432/432
f 432/432 442/442 443/443
f 432/432 443/443 433/433
f 433/433 443/443 444/444
f 433/433 444/444 434/434
f 434/434 444/444 445/445
f 434/434 445/445 435/435
f 435/435 445/445 446/446
f 435/435 446/446 436/436
f 436/436 446/446 447/447
f 436/436 447/447 437/437
f 437/437 447/447 448/448
f 437/437 448/448 438/438
f 438/438 448/448 449/449
f 438/438 449/449 439/439
f 439/439 449/449 450/450
f 439/439 450/450 440/440
f 440/440 450/450 441/441
f 440/440 441/441 431/431
f 441/441 451/451 452/452
f 441/441 452/452 442/442
f 442/442 452/452 453/453
f 442/442 453/453 443/443
f 443/443 453/453 454/454
f 443/443 454/454 444/444
f 444/444 454/454 455/455
f 444/444 455/455 445/445
f 445/445 455/455 456/456
f 445/445 456/456 446/446
f 446/446 456/456 457/457
f 446/446 457/457 447/447
f 447/447 457/457 458/458
f 447/447 458/458 448/448
f 448/448 458/458 459/459
f 448/448 459/459 449/449
f 449/449 459/459 460/460
f 449/449 460/460 450/450
f 450/450 460/460 451/451
f 450/450 451/451 441/441
f 451/451 461/461 462/462
f 451/451 462/462 452/452
f 452/452 462/462 463/463
f 452/452 463/463 453/453
f 453/453 463/463 464/464
f 453/453 464/464 454/454
f 454/454 464/464 465/465
f 454/454 465/465 455/455
f 455/455 465/465 466/466
f 455/455 466/466 456/456
f 456/456 466/466 467/467
f 456/456 467/467 457/457
f 457/457 467/467 468/468
f 457/457 468/468 458/458
f 458/458 468/468 469/469
f 458/458 469/469 459/459
f 459/459 469/469 470/470
f 459/459 470/470 460/460
f 460/460 470/470 461/461
f 460/460 461/461 451/451
f 461/461 471/471 472/472
f 461/461 472/472 462/462
f 462/462 472/472 473/473
f 462/462 473/473 463/463
f 463/463 473/473 474/474
f 463/463 474/474 464/464
f 464/464 474/474 475/475
f 464/464 475/475 465/465
f 465/465 475/475 476/476
f 465/465 476/476 466/466
f 466/466 476/476 477/477
f 466/466 477/477 467/467
f 467/467 477/477 478/478
f 467/467 478/478 468/468
f 468/468 478/478 479/479
f 468/468 479/479 469/469
f 469/469 479/479 480/480
f 469/469 480/480 470/470
f 470/470 480/480 471/471
f 470/470 471/471 461/461
f 471/471 481/481 482/482
f 471/471 482/482 472/472
f 472/472 482/482 483/483
f 472/472 483/483 473/473
f 473/473 483/483 484/484
f 473/473 484/484 474/474
f 474/474 484/484 485/485
f 474/474 485/485 475/475
f 475/475 485/485 486/486
f 475/475 486/486 476/476
f 476/476 486/486 487/487
f 476/476 487/487 477/477
f 477/477 487/487 488/488
f 477/477 488/488 478/478
f 478/478 488/488 489/489
f 478/478 489/489 479/479
f 479/479 489/489 490/490
f 479/479 490/490 480/480
f 480/480 490/490 481/481
f 480/480 481/481 471/471
f 481/481 491/491 492/492
f 481/481 492/492 482/482
f 482/482 492/492 493/493
f 482/482 493/493 483/483
f 483/483 493/493 494/494
f 483/483 494/494 484/484
f 484/484 494/494 495/495
f 484/484 495/495 485/485
f 485/485 495/495 496/496
f 485/485 496/496 486/486
f 486/486 496/496 497/497
f 486/486 497/497 487/487
f 487/487 497/497 498/498
f 487/487 498/498 488/488
f 488/488 498/498 499/499
f 488/488 499/499 489/489
f 489/489 499/499 500/500
f 489/489 500/500 490/490
f 490/490 500/500 491/491
f 490/490 491/491 481/481
f 491/491 501/501 502/502
f 491/491 502/502 492/492
f 492/492 502/502 503/503
f 492/492 503/503 493/493
f 493/493 503/503 504/504
f 493/493 504/504 494/494
f 494/494 504/504 505/505
f 494/494 505/505 495/495
f 495/495 505/505 506/506
f 495/495 506/506 496/496
f 496/496 506/506 507/507
f 496/496 507/507 497/497
f 497/497 507/507 508/508
f 497/497 508/508 498/498
f 498/498 508/508 509/509
f 498/498 509/509 499/499
f 499/499 509/509 510/510
f 499/499 510/510 500/500
f 500/500 510/510 501/501
f 500/500 501/501 491/491
f 501/501 511/511 512/512
f 501/501 512/512 502/502
f 502/502 512/512 513/513
f 502/502 513/513 503/503
f 503/503 513/513 514/514
f 503/503 514/514 504/504
f 504/504 514/514 515/515
f 504/504 515/515 505/505
f 505/505 515/515 516/516
f 505/505 516/516 506/506
f 506/506 516/516 517/517
f 506/506 517/517 507/507
f 507/507 517/517 518/518
f 507/507 518/518 508/508
f 508/508 518/518 519/519
f 508/508 519/519 509/509
f 509/509 519/519 520/520
f 509/509 520/520 510/510
f 510/510 520/520 511/511
f 510/510 511/511 501/501
f 511/511 161/161 162/162
f 511/511 162/162 512/512
f 512/512 162/162 163/163
f 512/512 163/163 513/513
f 513/513 163/163 164/164
f 513/513 164/164 514/514
f 514/514 164/164 165/165
f 514/514 165/165 515/515
f 515/515 165/165 166/166
f 515/515 166/166 516/516
f 516/516 166/166 167/167
f 516/516 167/167 517/517
f 517/517 167/167 168/168
f 517/517 168/168 518/518
f 518/518 168/168 169/169
f 518/518 169/169 519/519
f 519/519 169/169 170/170
f 519/519 170/170 520/520
f 520/520 170/170 161/161
f 520/520 161/161 511/511
f 522/522 521/521 525/525
f 522/522 525/525 523/523
f 523/523 525/525 526/526
f 523/523 526/526 524/524
f 525/525 521/521 527/527
f 525/525 527/527 526/526
f 526/526 527/527 528/528
f 526/526 528/528 524/524
f 527/527 521/521 529/529
f 527/527 529/529 528/528
f 528/528 529/529 530/530
f 528/528 530/530 524/524
f 529/529 521/521 531/531
f 529/529 531/531 530/530
f 530/530 531/531 532/532
f 530/530 532/532 524/524
f 531/531 521/521 533/533
f 531/531 533/533 532/532
f 532/532 533/533 534/534
f 532/532 534/534 524/524
f 533/533 521/521 535/535
f 533/533 535/535 534/534
f 534/534 535/535 536/536
f 534/534 536/536 524/524
f 535/535 521/521 537/537
f 535/535 537/537 536/536
f 536/536 537/537 538/538
f 536/536 538/538 524/524
f 537/537 521/521 539/539
f 537/537 539/539 538/538
f 538/538 539/539 540/540
f 538/538 540/540 524/524
f 539/539 521/521 541/541
f 539/539 541/541 540/540
f 540/540 541/541 542/542
f 540/540 542/542 524/524
f 541/541 521/521 543/543
f 541/541 543/543 542/542
f 542/542 543/543 544/544
f 542/542 544/544 524/524
f 543/543 521/521 545/545
f 543/543 545/545 544/544
f 544/544 545/545 546/546
f 544/544 546/546 524/524
f 545/545 521/521 547/547
f 545/545 547/547 546/546
f 546/546 547/547 548/548
f 546/546 548/548 524/524
f 547/547 521/521 549/549
f 547/547 549/549 548/548
f 548/548 549/549 550/550
f 548/548 550/550 524/524
f 549/549 521/521 551/551
f 549/549 551/551 550/550
f 550/550 551/551 552/552
f 550/550 552/552 524/524
f 551/551 521/521 553/553
f 551/551 553/553 552/552
f 552/552 553/553 554/554
f 552/552 554/554 524/524
f 553/553 521/521 555/555
f 553/553 555/555 554/554
f 554/554 555/555 556/556
f 554/554 556/556 524/524
f 555/555 521/521 557/557
f 555/555 557/557 556/556
f 556/556 557/557 558/558
f 556/556 558/558 524/524
f 557/557 521/521 559/559
f 557/557 559/559 558/558
f 558/558 559/559 560/560
f 558/558 560/560 524/524
f 559/559 521/521 561/561
f 559/559 561/561 560/560
f 560/560 561/561 562/562
f 560/560 562/562 524/524
f 561/561 521/521 563/563
f 561/561 563/563 562/562
f 562/562 563/563 564/564
f 562/562 564/564 524/524
f 563/563 521/521 565/565
f 563/563 565/565 564/564
f 564/564 565/565 566/566
f 564/564 566/566 524/524
f 565/565 521/521 567/567
f 565/565 567/567 566/566
f 566/566 567/567 568/568
f 566/566 568/568 524/524
f 567/567 521/521 569/569
f 567/567 569/569 568/568
f 568/568 569/569 570/570
f 568/568 570/570 524/524
f 569/569 521/521 571/571
f 569/569 571/571 570/570
f 570/570 571/571 572/572
f 570/570 572/572 524/524
f 571/571 521/521 573/573
f 571/571 573/573 572/572
f 572/572 573/573 574/574
f 572/572 574/574 524/524
f 573/573 521/521 575/575
f 573/573 575/575 574/574
f 574/574 575/575 576/576
f 574/574 576/576 524/524
f 575/575 521/521 577/577
f 575/575 577/577 576/576
f 576/576 577/577 578/578
f 576/576 578/578 524/524
f 577/577 521/521 579/579
f 577/577 579/579 578/578
f 578/578 579/579 580/580
f 578/578 580/580 524/524
f 579/579 521/521 581/581
f 579/579 581/581 580/580
f 580/580 581/581 582/582
f 580/580 582/582 524/524
f 581/581 521/521 583/583
f 581/581 583/583 582/582
f 582/582 583/583 584/584
f 582/582 584/584 524/524
f 583/583 521/521 585/585
f 583/583 585/585 584/584
f 584/584 585/585 586/586
f 584/584 586/586 524/524
f 585/585 521/521 522/522
f 585/585 522/522 586/586
f 586/586 522/522 523/523
f 586/586 523/523 524/524
f 588/588 590/590 587/587
f 591/591 588/588 587/587
f 587/587 590/590 589/589
f 589/589 591/591 587/587
f 588/588 594/594 590/590
f 592/592 588/588 591/591
f 592/592 594/594 588/588
f 590/590 594/594 589/589
f 593/593 591/591 589/589
f 589/589 594/594 593/593
f 593/593 592/592 591/591
f 594/594 592/592 593/593
f 596/596 598/598 595/595
f 599/599 596/596 595/595
f 595/595 598/598 597/597
f 597/597 599/599 595/595
f 596/596 602/602 598/598
f 600/600 596/596 599/599
f 600/600 602/602 596/596
f 598/598 602/602 597/597
f 601/601 599/599 597/597
f 597/597 602/602 601/601
f 601/601 600/600 599/599
f 602/602 600/600 601/601
f 604/604 606/606 603/603
f 607/607 604/604 603/603
f 603/603 606/606 605/605
f 605/605 607/607 603/603
f 604/604 610/610 606/606
f 608/608 604/604 607/607
f 608/608 610/610 604/604
f 606/606 610/610 605/605
f 609/609 607/607 605/605
f 605/605 610/610 609/609
f 609/609 608/608 607/607
f 610/610 608/608 609/609
f 612/612 614/614 611/611
f 615/615 612/612 611/611
f 611/611 614/614 613/613
f 613/613 615/615 611/611
f 612/612 618/618 614/614
f 616/616 612/612 615/615
f 616/616 618/618 612/612
f 614/614 618/618 613/613
f 617/617 615/615 613/613
f 613/613 618/618 617/617
f 617/617 616/616 615/615
f 618/618 616/616 617/617
f 620/620 622/622 619/619
f 623/623 620/620 619/619
f 619/619 622/622 621/621
f 621/621 623/623 619/619
f 620/620 626/626 622/622
f 624/624 620/620 623/623
f 624/624 626/626 620/620
f 622/622 626/626 621/621
f 625/625 623/623 621/621
f 621/621 626/626 625/625
f 625/625 624/624 623/623
f 626/626 624/624 625/625
f 628/628 630/630 627/627
f 631/631 628/628 627/627
f 627/627 630/630 629/629
f 629/629 631/631 627/627
f 628/628 634/634 630/630
f 632/632 628/628 631/631
f 632/632 634/634 628/628
f 630/630 634/634 629/629
f 633/633 631/631 629/629
f 629/629 634/634 633/633
f 633/633 632/632 631/631
f 634/634 632/632 633/633
f 636/636 638/638 635/635
f 639/639 636/636 635/635
f 635/635 638/638 637/637
f 637/637 639/639 635/635
f 636/636 642/642 638/638
f 640/640 636/636 639/639
f 640/640 642/642 636/636
f 638/638 642/642 637/637
f 641/641 639/639 637/637
f 637/637 642/642 641/641
f 641/641 640/640 639/639
f 642/642 640/640 641/641
f 644/644 646/646 643/643
f 647/647 644/644 643/643
f 643/643 646/646 645/645
f 645/645 647/647 643/643
f 644/644 650/650 646/646
f 648/648 644/644 647/647
f 648/648 650/650 644/644
f 646/646 650/650 645/645
f 649/649 647/647 645/645
f 645/645 650/650 649/649
f 649/649 648/648 647/647
f 650/650 648/648 649/649
f 652/652 654/654 651/651
f 655/655 652/652 651/651
f 651/651 654/654 653/653
f 653/653 655/655 651/651
f 652/652 658/658 654/654
f 656/656 652/652 655/655
f 656/656 658/658 652/652
f 654/654 658/658 653/653
f 657/657 655/655 653/653
f 653/653 658/658 657/657
f 657/657 656/656 655/655
f 658/658 656/656 657/657
f 660/660 662/662 659/659
f 663/663 660/660 659/659
f 659/659 662/662 661/661
f 661/661 663/663 659/659
f 660/660 666/666 662/662
f 664/664 660/660 663/663
f 664/664 666/666 660/660
f 662/662 666/666 661/661
f 665/665 663/663 661/661
f 661/661 666/666 665/665
f 665/665 664/664 663/663
f 666/666 664/664 665/665
f 668/668 670/670 667/667
f 671/671 668/668 667/667
f 667/667 670/670 669/669
f 669/669 671/671 667/667
f 668/668 674/674 670/670
f 672/672 668/668 671/671
f 672/672 674/674 668/668
f 670/670 674/674 669/669
f 673/673 671/671 669/669
f 669/669 674/674 673/673
f 673/673 672/672 671/671
f 674/674 672/672 673/673
f 676/676 678/678 675/675
f 679/679 676/676 675/675
f 675/675 678/678 677/677
f 677/677 679/679 675/675
f 676/676 682/682 678/678
f 680/680 676/676 679/679
f 680/680 682/682 676/676
f 678/678 682/682 677/677
f 681/681 679/679 677/677
f 677/677 682/682 681/681
f 681/681 680/680 679/679
f 682/682 680/680 681/681
f 684/684 686/686 683/683
f 687/687 684/684 683/683
f 683/683 686/686 685/685
f 685/685 687/687 683/683
f 684/684 690/690 686/686
f 688/688 684/684 687/687
f 688/688 690/690 684/684
f 686/686 690/690 685/685
f 689/689 687/687 685/685
f 685/685 690/690 689/689
f 689/689 688/688 687/687
f 690/690 688/688 689/689
f 692/692 694/694 691/691
f 695/695 692/692 691/691
f 691/691 694/694 693/693
f 693/693 695/695 691/691
f 692/692 698/698 694/694
f 696/696 692/692 695/695
f 696/696 698/698 692/692
f 694/694 698/698 693/693
f 697/697 695/695 693/693
f 693/693 698/698 697/697
f 697/697 696/696 695/695
f 698/698 696/696 697/697
f 700/700 702/702 699/699
f 703/703 700/700 699/699
f 699/699 702/702 701/701
f 701/701 703/703 699/699
f 700/700 706/706 702/702
f 704/704 700/700 703/703
f 704/704 706/706 700/700
f 702/702 706/706 701/701
f 705/705 703/703 701/701
f 701/701 706/706 705/705
f 705/705 704/704 703/703
f 706/706 704/704 705/705
f 708/708 710/710 707/707
f 711/711 708/708 707/707
f 707/707 710/710 709/709
f 709/709 711/711 707/707
f 708/708 714/714 710/710
f 712/712 708/708 711/711
f 712/712 714/714 708/708
f 710/710 714/714 709/709
f 713/713 711/711 709/709
f 709/709 714/714 713/713
f 713/713 712/712 711/711
f 714/714 712/712 713/713
f 716/716 718/718 715/715
f 719/719 716/716 715/715
f 715/715 718/718 717/717
f 717/717 719/719 715/715
f 716/716 722/722 718/718
f 720/720 716/716 719/719
f 720/720 722/722 716/716
f 718/718 722/722 717/717
f 721/721 719/719 717/717
f 717/717 722/722 721/721
f 721/721 720/720 719/719
f 722/722 720/720 721/721
f 724/724 726/726 723/723
f 727/727 724/724 723/723
f 723/723 726/726 725/725
f 725/725 727/727 723/723
f 724/724 730/730 726/726
f 728/728 724/724 727/727
f 728/728 730/730 724/724
f 726/726 730/730 725/725
f 729/729 727/727 725/725
f 725/725 730/730 729/729
f 729/729 728/728 727/727
f 730/730 728/728 729/729
f 732/732 734/734 731/731
f 735/735 732/732 731/731
f 731/731 734/734 733/733
f 733/733 735/735 731/731
f 732/732 738/738 734/734
f 736/736 732/732 735/735
f 736/736 738/738 732/732
f 734/734 738/738 733/733
f 737/737 735/735 733/733
f 733/733 738/738 737/737
f 737/737 736/736 735/735
f 738/738 736/736 737/737
f 740/740 742/742 739/739
f 743/743 740/740 739/739
f 739/739 742/742 741/741
f 741/741 743/743 739/739
f 740/740 746/746 742/742
f 744/744 740/740 743/743
f 744/744 746/746 740/740
f 742/742 746/746 741/741
f 745/745 743/743 741/741
f 741/741 746/746 745/745
f 745/745 744/744 743/743
f 746/746 744/744 745/745
f 748/748 750/750 747/747
f 751/751 748/748 747/747
f 747/747 750/750 749/749
f 749/749 751/751 747/747
f 748/748 754/754 750/750
f 752/752 748/748 751/751
f 752/752 754/754 748/748
f 750/750 754/754 749/749
f 753/753 751/751 749/749
f 749/749 754/754 753/753
f 753/753 752/752 751/751
f 754/754 752/752 753/753
f 756/756 758/758 755/755
f 759/759 756/756 755/755
f 755/755 758/758 757/757
f 757/757 759/759 755/755
f 756/756 762/762 758/758
f 760/760 756/756 759/759
f 760/760 762/762 756/756
f 758/758 762/762 757/757
f 761/761 759/759 757/757
f 757/757 762/762 761/761
f 761/761 760/760 759/759
f 762/762 760/760 761/761
f 764/764 766/766 763/763
f 767/767 764/764 763/763
f 763/763 766/766 765/765
f 765/765 767/767 763/763
f 764/764 770/770 766/766
f 768/768 764/764 767/767
f 768/768 770/770 764/764
f 766/766 770/770 765/765
f 769/769 767/767 765/765
f 765/765 770/770 769/769
f 769/769 768/768 767/767
f 770/770 768/768 769/769
f 772/772 774/774 771/771
f 775/775 772/772 771/771
f 771/771 774/774 773/773
f 773/773 775/775 771/771
f 772/772 778/778 774/774
f 776/776 772/772 775/775
f 776/776 778/778 772/772
f 774/774 778/778 773/773
f 777/777 775/775 773/773
f 773/773 778/778 777/777
f 777/777 776/776 775/775
f 778/778 776/776 777/777
f 780/780 782/782 779/779
f 783/783 780/780 779/779
f 779/779 782/782 781/781
f 781/781 783/783 779/779
f 780/780 786/786 782/782
f 784/784 780/780 783/783
f 784/784 786/786 780/780
f 782/782 786/786 781/781
f 785/785 783/783 781/781
f 781/781 786/786 785/785
f 785/785 784/784 783/783
f 786/786 784/784 785/785
f 788/788 790/790 787/787
f 791/791 788/788 787/787
f 787/787 790/790 789/789
f 789/789 791/791 787/787
f 788/788 794/794 790/790
f 792/792 788/788 791/791
f 792/792 794/794 788/788
f 790/790 794/794 789/789
f 793/793 791/791 789/789
f 789/789 794/794 793/793
f 793/793 792/792 791/791
f 794/794 792/792 793/793
f 796/796 798/798 795/795
f 799/799 796/796 795/795
f 795/795 798/798 797/797
f 797/797 799/799 795/795
f 796/796 802/802 798/798
f 800/800 796/796 799/799
f 800/800 802/802 796/796
f 798/798 802/802 797/797
f 801/801 799/799 797/797
f 797/797 802/802 801/801
f 801/801 800/800 799/799
f 802/802 800/800 801/801
f 804/804 806/806 803/803
f 807/807 804/804 803/803
f 803/803 806/806 805/805
f 805/805 807/807 803/803
f 804/804 810/810 806/806
f 808/808 804/804 807/807
f 808/808 810/810 804/804
f 806/806 810/810 805/805
f 809/809 807/807 805/805
f 805/805 810/810 809/809
f 809/809 808/808 807/807
f 810/810 808/808 809/809
f 812/812 814/814 811/811
f 815/815 812/812 811/811
f 811/811 814/814 813/813
f 813/813 815/815 811/811
f 812/812 818/818 814/814
f 816/816 812/812 815/815
f 816/816 818/818 812/812
f 814/814 818/818 813/813
f 817/817 815/815 813/813
f 813/813 818/818 817/817
f 817/817 816/816 815/815
f 818/818 816/816 817/817
f 820/820 819/819 823/823
f 820/820 823/823 821/821
f 821/821 823/823 824/824
f 821/821 824/824 822/822
f 823/823 819/819 825/825
f 823/823 825/825 824/824
f 824/824 825/825 826/826
f 824/824 826/826 822/822
f 825/825 819/819 827/827
f 825/825 827/827 826/826
f 826/826 827/827 828/828
f 826/826 828/828 822/822
f 827/827 819/819 829/829
f 827/827 829/829 828/828
f 828/828 829/829 830/830
f 828/828 830/830 822/822
f 829/829 819/819 831/831
f 829/829 831/831 830/830
f 830/830 831/831 832/832
f 830/830 832/832 822/822
f 831/831 819/819 833/833
f 831/831 833/833 832/832
f 832/832 833/833 834/834
f 832/832 834/834 822/822
f 833/833 819/819 835/835
f 833/833 835/835 834/834
f 834/834 835/835 836/836
f 834/834 836/836 822/822
f 835/835 819/819 837/837
f 835/835 837/837 836/836
f 836/836 837/837 838/838
f 836/836 838/838 822/822
f 837/837 819/819 839/839
f 837/837 839/839 838/838
f 838/838 839/839 840/840
f 838/838 840/840 822/822
f 839/839 819/819 841/841
f 839/839 841/841 840/840
f 840/840 841/841 842/842
f 840/840 842/842 822/822
f 841/841 819/819 843/843
f 841/841 843/843 842/842
f 842/842 843/843 844/844
f 842/842 844/844 822/822
f 843/843 819/819 845/845
f 843/843 845/845 844/844
f 844/844 845/845 846/846
f 844/844 846/846 822/822
f 845/845 819/819 847/847
f 845/845 847/847 846/846
f 846/846 847/847 848/848
f 846/846 848/848 822/822
f 847/847 819/819 820/820
f 847/847 820/820 848/848
f 848/848 820/820 821/821
f 848/848 821/821 822/822
f 850/850 849/849 853/853
f 850/850 853/853 851/851
f 851/851 853/853 854/854
f 851/851 854/854 852/852
f 853/853 849/849 855/855
f 853/853 855/855 854/854
f 854/854 855/855 856/856
f 854/854 856/856 852/852
f 855/855 849/849 857/857
f 855/855 857/857 856/856
f 856/856 857/857 858/858
f 856/856 858/858 852/852
f 857/857 849/849 859/859
f 857/857 859/859 858/858
f 858/858 859/859 860/860
f 858/858 860/860 852/852
f 859/859 849/849 861/861
f 859/859 861/861 860/860
f 860/860 861/861 862/862
f 860/860 862/862 852/852
f 861/861 849/849 863/863
f 861/861 863/863 862/862
f 862/862 863/863 864/864
f 862/862 864/864 852/852
f 863/863 849/849 865/865
f 863/863 865/865 864/864
f 864/864 865/865 866/866
f 864/864 866/866 852/852
f 865/865 849/849 867/867
f 865/865 867/867 866/866
f 866/866 867/867 868/868
f 866/866 868/868 852/852
f 867/867 849/849 869/869
f 867/867 869/869 868/868
f 868/868 869/869 870/870
f 868/868 870/870 852/852
f 869/869 849/849 871/871
f 869/869 871/871 870/870
f 870/870 871/871 872/872
f 870/870 872/872 852/852
f 871/871 849/849 873/873
f 871/871 873/873 872/872
f 872/872 873/873 874/874
f 872/872 874/874 852/852
f 873/873 849/849 875/875
f 873/873 875/875 874/874
f 874/874 875/875 876/876
f 874/874 876/876 852/852
f 875/875 849/849 877/877
f 875/875 877/877 876/876
f 876/876 877/877 878/878
f 876/876 878/878 852/852
f 877/877 849/849 850/850
f 877/877 850/850 878/878
f 878/878 850/850 851/851
f 878/878 851/851 852/852
f 880/880 879/879 883/883
f 880/880 883/883 881/881
f 881/881 883/883 884/884
f 881/881 884/884 882/882
f 883/883 879/879 885/885
f 883/883 885/885 884/884
f 884/884 885/885 886/886
f 884/884 886/886 882/882
f 885/885 879/879 887/887
f 885/885 887/887 886/886
f 886/886 887/887 888/888
f 886/886 888/888 882/882
f 887/887 879/879 889/889
f 887/887 889/889 888/888
f 888/888 889/889 890/890
f 888/888 890/890 882/882
f 889/889 879/879 891/891
f 889/889 891/891 890/890
f 890/890 891/891 892/892
f 890/890 892/892 882/882
f 891/891 879/879 893/893
f 891/891 893/893 892/892
f 892/892 893/893 894/894
f 892/892 894/894 882/882
f 893/893 879/879 895/895
f 893/893 895/895 894/894
f 894/894 895/895 896/896
f 894/894 896/896 882/882
f 895/895 879/879 897/897
f 895/895 897/897 896/896
f 896/896 897/897 898/898
f 896/896 898/898 882/882
f 897/897 879/879 899/899
f 897/897 899/899 898/898
f 898/898 899/899 900/900
f 898/898 900/900 882/882
f 899/899 879/879 901/901
f 899/899 901/901 900/900
f 900/900 901/901 902/902
f 900/900 902/902 882/882
f 901/901 879/879 903/903
f 901/901 903/903 902/902
f 902/902 903/903 904/904
f 902/902 904/904 882/882
f 903/903 879/879 905/905
f 903/903 905/905 904/904
f 904/904 905/905 906/906
f 904/904 906/906 882/882
f 905/905 879/879 907/907
f 905/905 907/907 906/906
f 906/906 907/907 908/908
f 906/906 908/908 882/882
f 907/907 879/879 880/880
f 907/907 880/880 908/908
f 908/908 880/880 881/881
f 908/908 881/881 882/882
f 910/910 909/909 913/913
f 910/910 913/913 911/911
f 911/911 913/913 914/914
f 911/911 914/914 912/912
f 913/913 909/909 915/915
f 913/913 915/915 914/914
f 914/914 915/915 916/916
f 914/914 916/916 912/912
f 915/915 909/909 917/917
f 915/915 917/917 916/916
f 916/916 917/917 918/918
f 916/916 918/918 912/912
f 917/917 909/909 919/919
f 917/917 919/919 918/918
f 918/918 919/919 920/920
f 918/918 920/920 912/912
f 919/919 909/909 921/921
f 919/919 921/921 920/920
f 920/920 921/921 922/922
f 920/920 922/922 912/912
f 921/921 909/909 923/923
f 921/921 923/923 922/922
f 922/922 923/923 924/924
f 922/922 924/924 912/912
f 923/923 909/909 925/925
f 923/923 925/925 924/924
f 924/924 925/925 926/926
f 924/924 926/926 912/912
f 925/925 909/909 927/927
f 925/925 927/927 926/926
f 926/926 927/927 928/928
f 926/926 928/928 912/912
f 927/927 909/909 929/929
f 927/927 929/929 928/928
f 928/928 929/929 930/930
f 928/928 930/930 912/912
f 929/929 909/909 931/931
f 929/929 931/931 930/930
f 930/930 931/931 932/932
f 930/930 932/932 912/912
f 931/931 909/909 933/933
f 931/931 933/933 932/932
f 932/932 933/933 934/934
f 932/932 934/934 912/912
f 933/933 909/909 935/935
f 933/933 935/935 934/934
f 934/934 935/935 936/936
f 934/934 936/936 912/912
f 935/935 909/909 937/937
f 935/935 937/937 936/936
f 936/936 937/937 938/938
f 936/936 938/938 912/912
f 937/937 909/909 910/910
f 937/937 910/910 938/938
f 938/938 910/910 911/911
f 938/938 911/911 912/912
f 939/939 976/976 955/955
f 976/976 950/950 979/979
f 955/955 979/979 944/944
f 976/976 979/979 955/955
f 939/939 955/955 951/951
f 955/955 944/944 956/956
f 951/951 956/956 940/940
f 955/955 956/956 951/951
f 939/939 951/951 960/960
f 951/951 940/940 961/961
f 960/960 961/961 946/946
f 951/951 961/961 960/960
f 939/939 960/960 972/972
f 960/960 946/946 975/975
f 972/972 975/975 949/949
f 960/960 975/975 972/972
f 939/939 972/972 976/976
f 972/972 949/949 980/980
f 976/976 980/980 950/950
f 972/972 980/980 976/976
f 940/940 956/956 967/967
f 956/956 944/944 970/970
f 967/967 970/970 948/948
f 956/956 970/970 967/967
f 944/944 979/979 957/957
f 979/979 950/950 978/978
f 957/957 978/978 943/943
f 979/979 978/978 957/957
f 950/950 980/980 977/977
f 980/980 949/949 973/973
f 977/977 973/973 941/941
f 980/980 973/973 977/977
f 949/949 975/975 974/974
f 975/975 946/946 962/962
f 974/974 962/962 945/945
f 975/975 962/962 974/974
f 946/946 961/961 966/966
f 961/961 940/940 963/963
f 966/966 963/963 947/947
f 961/961 963/963 966/966
f 942/942 968/968 954/954
f 968/968 948/948 969/969
f 954/954 969/969 943/943
f 968/968 969/969 954/954
f 942/942 954/954 952/952
f 954/954 943/943 953/953
f 952/952 953/953 941/941
f 954/954 953/953 952/952
f 942/942 952/952 959/959
f 952/952 941/941 958/958
f 959/959 958/958 945/945
f 952/952 958/958 959/959
f 942/942 959/959 964/964
f 959/959 945/945 965/965
f 964/964 965/965 947/947
f 959/959 965/965 964/964
f 942/942 964/964 968/968
f 964/964 947/947 971/971
f 968/968 971/971 948/948
f 964/964 971/971 968/968
f 943/943 969/969 957/957
f 969/969 948/948 970/970
f 957/957 970/970 944/944
f 969/969 970/970 957/957
f 941/941 953/953 977/977
f 953/953 943/943 978/978
f 977/977 978/978 950/950
f 953/953 978/978 977/977
f 945/945 958/958 974/974
f 958/958 941/941 973/973
f 974/974 973/973 949/949
f 958/958 973/973 974/974
f 947/947 965/965 966/966
f 965/965 945/945 962/962
f 966/966 962/962 946/946
f 965/965 962/962 966/966
f 948/948 971/971 967/967
f 971/971 947/947 963/963
f 967/967 963/963 940/940
f 971/971 963/963 967/967
f 981/981 1018/1018 997/997
f 1018/1018 992/992 1021/1021
f 997/997 1021/1021 986/986
f 1018/1018 1021/1021 997/997
f 981/981 997/997 993/993
f 997/997 986/986 998/998
f 993/993 998/998 982/982
f 997/997 998/998 993/993
f 981/981 993/993 1002/1002
f 993/993 982/982 1003/1003
f 1002/1002 1003/1003 988/988
f 993/993 1003/1003 1002/1002
f 981/981 1002/1002 1014/1014
f 1002/1002 988/988 1017/1017
f 1014/1014 1017/1017 991/991
f 1002/1002 1017/1017 1014/1014
f 981/981 1014/1014 1018/1018
f 1014/1014 991/991 1022/1022
f 1018/1018 1022/1022 992/992
f 1014/1014 1022/1022 1018/1018
f 982/982 998/998 1009/1009
f 998/998 986/986 1012/1012
f 1009/1009 1012/1012 990/990
f 998/998 1012/1012 1009/1009
f 986/986 1021/1021 999/999
f 1021/1021 992/992 1020/1020
f 999/999 1020/1020 985/985
f 1021/1021 1020/1020 999/999
f 992/992 1022/1022 1019/1019
f 1022/1022 991/991 1015/1015
f 1019/1019 1015/1015 983/983
f 1022/1022 1015/1015 1019/1019
f 991/991 1017/1017 1016/1016
f 1017/1017 988/988 1004/1004
f 1016/1016 1004/1004 987/987
f 1017/1017 1004/1004 1016/1016
f 988/988 1003/1003 1008/1008
f 1003/1003 982/982 1005/1005
f 1008/1008 1005/1005 989/989
f 1003/1003 1005/1005 1008/1008
f 984/984 1010/1010 996/996
f 1010/1010 990/990 1011/1011
f 996/996 1011/1011 985/985
f 1010/1010 1011/1011 996/996
f 984/984 996/996 994/994
f 996/996 985/985 995/995
f 994/994 995/995 983/983
f 996/996 995/995 994/994
f 984/984 994/994 1001/1001
f 994/994 983/983 1000/1000
f 1001/1001 1000/1000 987/987
f 994/994 1000/1000 1001/1001
f 984/984 1001/1001 1006/1006
f 1001/1001 987/987 1007/1007
f 1006/1006 1007/1007 989/989
f 1001/1001 1007/1007 1006/1006
f 984/984 1006/1006 1010/1010
f 1006/1006 989/989 1013/1013
f 1010/1010 1013/1013 990/990
f 1006/1006 1013/1013 1010/1010
f 985/985 1011/1011 999/999
f 1011/1011 990/990 1012/1012
f 999/999 1012/1012 986/986
f 1011/1011 1012/1012 999/999
f 983/983 995/995 1019/1019
f 995/995 985/985 1020/1020
f 1019/1019 1020/1020 992/992
f 995/995 1020/1020 1019/1019
f 987/987 1000/1000 1016/1016
f 1000/1000 983/983 1015/1015
f 1016/1016 1015/1015 991/991
f 1000/1000 1015/1015 1016/1016
f 989/989 1007/1007 1008/1008
f 1007/1007 987/987 1004/1004
f 1008/1008 1004/1004 988/988
f 1007/1007 1004/1004 1008/1008
f 990/990 1013/1013 1009/1009
f 1013/1013 989/989 1005/1005
f 1009/1009 1005/1005 982/982
f 1013/1013 1005/1005 1009/1009
f 1023/1023 1060/1060 1039/1039
f 1060/1060 1034/1034 1063/1063
f 1039/1039 1063/1063 1028/1028
f 1060/1060 1063/1063 1039/1039
f 1023/1023 1039/1039 1035/1035
f 1039/1039 1028/1028 1040/1040
f 1035/1035 1040/1040 1024/1024
f 1039/1039 1040/1040 1035/1035
f 1023/1023 1035/1035 1044/1044
f 1035/1035 1024/1024 1045/1045
f 1044/1044 1045/1045 1030/1030
f 1035/1035 1045/1045 1044/1044
f 1023/1023 1044/1044 1056/1056
f 1044/1044 1030/1030 1059/1059
f 1056/1056 1059/1059 1033/1033
f 1044/1044 1059/1059 1056/1056
f 1023/1023 1056/1056 1060/1060
f 1056/1056 1033/1033 1064/1064
f 1060/1060 1064/1064 1034/1034
f 1056/1056 1064/1064 1060/1060
f 1024/1024 1040/1040 1051/1051
f 1040/1040 1028/1028 1054/1054
f 1051/1051 1054/1054 1032/1032
f 1040/1040 1054/1054 1051/1051
f 1028/1028 1063/1063 1041/1041
f 1063/1063 1034/1034 1062/1062
f 1041/1041 1062/1062 1027/1027
f 1063/1063 1062/1062 1041/1041
f 1034/1034 1064/1064 1061/1061
f 1064/1064 1033/1033 1057/1057
f 1061/1061 1057/1057 1025/1025
f 1064/1064 1057/1057 1061/1061
f 1033/1033 1059/1059 1058/1058
f 1059/1059 1030/1030 1046/1046
f 1058/1058 1046/1046 1029/1029
f 1059/1059 1046/1046 1058/1058
f 1030/1030 1045/1045 1050/1050
f 1045/1045 1024/1024 1047/1047
f 1050/1050 1047/1047 1031/1031
f 1045/1045 1047/1047 1050/1050
f 1026/1026 1052/1052 1038/1038
f 1052/1052 1032/1032 1053/1053
f 1038/1038 1053/1053 1027/1027
f 1052/1052 1053/1053 1038/1038
f 1026/1026 1038/1038 1036/1036
f 1038/1038 1027/1027 1037/1037
f 1036/1036 1037/1037 1025/1025
f 1038/1038 1037/1037 1036/1036
f 1026/1026 1036/1036 1043/1043
f 1036/1036 1025/1025 1042/1042
f 1043/1043 1042/1042 1029/1029
f 1036/1036 1042/1042 1043/1043
f 1026/1026 1043/1043 1048/1048
f 1043/1043 1029/1029 1049/1049
f 1048/1048 1049/1049 1031/1031
f 1043/1043 1049/1049 1048/1048
f 1026/1026 1048/1048 1052/1052
f 1048/1048 1031/1031 1055/1055
f 1052/1052 1055/1055 1032/1032
f 1048/1048 1055/1055 1052/1052
f 1027/1027 1053/1053 1041/1041
f 1053/1053 1032/1032 1054/1054
f 1041/1041 1054/1054 1028/1028
f 1053/1053 1054/1054 1041/1041
f 1025/1025 1037/1037 1061/1061
f 1037/1037 1027/1027 1062/1062
f 1061/1061 1062/1062 1034/1034
f 1037/1037 1062/1062 1061/1061
f 1029/1029 1042/1042 1058/1058
f 1042/1042 1025/1025 1057/1057
f 1058/1058 1057/1057 1033/1033
f 1042/1042 1057/1057 1058/1058
f 1031/1031 1049/1049 1050/1050
f 1049/1049 1029/1029 1046/1046
f 1050/1050 1046/1046 1030/1030
f 1049/1049 1046/1046 1050/1050
f 1032/1032 1055/1055 1051/1051
f 1055/1055 1031/1031 1047/1047
f 1051/1051 1047/1047 1024/1024
f 1055/1055 1047/1047 1051/1051
f 1065/1065 1102/1102 1081/1081
f 1102/1102 1076/1076 1105/1105
f 1081/1081 1105/1105 1070/1070
f 1102/1102 1105/1105 1081/1081
f 1065/1065 1081/1081 1077/1077
f 1081/1081 1070/1070 1082/1082
f 1077/1077 1082/1082 1066/1066
f 1081/1081 1082/1082 1077/1077
f 1065/1065 1077/1077 1086/1086
f 1077/1077 1066/1066 1087/1087
f 1086/1086 1087/1087 1072/1072
f 1077/1077 1087/1087 1086/1086
f 1065/1065 1086/1086 1098/1098
f 1086/1086 1072/1072 1101/1101
f 1098/1098 1101/1101 1075/1075
f 1086/1086 1101/1101 1098/1098
f 1065/1065 1098/1098 1102/1102
f 1098/1098 1075/1075 1106/1106
f 1102/1102 1106/1106 1076/1076
f 1098/1098 1106/1106 1102/1102
f 1066/1066 1082/1082 1093/1093
f 1082/1082 1070/1070 1096/1096
f 1093/1093 1096/1096 1074/1074
f 1082/1082 1096/1096 1093/1093
f 1070/1070 1105/1105 1083/1083
f 1105/1105 1076/1076 1104/1104
f 1083/1083 1104/1104 1069/1069
f 1105/1105 1104/1104 1083/1083
f 1076/1076 1106/1106 1103/1103
f 1106/1106 1075/1075 1099/1099
f 1103/1103 1099/1099 1067/1067
f 1106/1106 1099/1099 1103/1103
f 1075/1075 1101/1101 1100/1100
f 1101/1101 1072/1072 1088/1088
f 1100/1100 1088/1088 1071/1071
f 1101/1101 1088/1088 1100/1100
f 1072/1072 1087/1087 1092/1092
f 1087/1087 1066/1066 1089/1089
f 1092/1092 1089/1089 1073/1073
f 1087/1087 1089/1089 1092/1092
f 1068/1068 1094/1094 1080/1080
f 1094/1094 1074/1074 1095/1095
f 1080/1080 1095/1095 1069/1069
f 1094/1094 1095/1095 1080/1080
f 1068/1068 1080/1080 1078/1078
f 1080/1080 1069/1069 1079/1079
f 1078/1078 1079/1079 1067/1067
f 1080/1080 1079/1079 1078/1078
f 1068/1068 1078/1078 1085/1085
f 1078/1078 1067/1067 1084/1084
f 1085/1085 1084/1084 1071/1071
f 1078/1078 1084/1084 1085/1085
f 1068/1068 1085/1085 1090/1090
f 1085/1085 1071/1071 1091/1091
f 1090/1090 1091/1091 1073/1073
f 1085/1085 1091/1091 1090/1090
f 1068/1068 1090/1090 1094/1094
f 1090/1090 1073/1073 1097/1097
f 1094/1094 1097/1097 1074/1074
f 1090/1090 1097/1097 1094/1094
f 1069/1069 1095/1095 1083/1083
f 1095/1095 1074/1074 1096/1096
f 1083/1083 1096/1096 1070/1070
f 1095/1095 1096/1096 1083/1083
f 1067/1067 1079/1079 1103/1103
f 1079/1079 1069/1069 1104/1104
f 1103/1103 1104/1104 1076/1076
f 1079/1079 1104/1104 1103/1103
f 1071/1071 1084/1084 1100/1100
f 1084/1084 1067/1067 1099/1099
f 1100/1100 1099/1099 1075/1075
f 1084/1084 1099/1099 1100/1100
f 1073/1073 1091/1091 1092/1092
f 1091/1091 1071/1071 1088/1088
f 1092/1092 1088/1088 1072/1072
f 1091/1091 1088/1088 1092/1092
f 1074/1074 1097/1097 1093/1093
f 1097/1097 1073/1073 1089/1089
f 1093/1093 1089/1089 1066/1066
f 1097/1097 1089/1089 1093/1093
f 1107/1107 1144/1144 1123/1123
f 1144/1144 1118/1118 1147/1147
f 1123/1123 1147/1147 1112/1112
f 1144/1144 1147/1147 1123/1123
f 1107/1107 1123/1123 1119/1119
f 1123/1123 1112/1112 1124/1124
f 1119/1119 1124/1124 1108/1108
f 1123/1123 1124/1124 1119/1119
f 1107/1107 1119/1119 1128/1128
f 1119/1119 1108/1108 1129/1129
f 1128/1128 1129/1129 1114/1114
f 1119/1119 1129/1129 1128/1128
f 1107/1107 1128/1128 1140/1140
f 1128/1128 1114/1114 1143/1143
f 1140/1140 1143/1143 1117/1117
f 1128/1128 1143/1143 1140/1140
f 1107/1107 1140/1140 1144/1144
f 1140/1140 1117/1117 1148/1148
f 1144/1144 1148/1148 1118/1118
f 1140/1140 1148/1148 1144/1144
f 1108/1108 1124/1124 1135/1135
f 1124/1124 1112/1112 1138/1138
f 1135/1135 1138/1138 1116/1116
f 1124/1124 1138/1138 1135/1135
f 1112/1112 1147/1147 1125/1125
f 1147/1147 1118/1118 1146/1146
f 1125/1125 1146/1146 1111/1111
f 1147/1147 1146/1146 1125/1125
f 1118/1118 1148/1148 1145/1145
f 1148/1148 1117/1117 1141/1141
f 1145/1145 1141/1141 1109/1109
f 1148/1148 1141/1141 1145/1145
f 1117/1117 1143/1143 1142/1142
f 1143/1143 1114/1114 1130/1130
f 1142/1142 1130/1130 1113/1113
f 1143/1143 1130/1130 1142/1142
f 1114/1114 1129/1129 1134/1134
f 1129/1129 1108/1108 1131/1131
f 1134/1134 1131/1131 1115/1115
f 1129/1129 1131/1131 1134/1134
f 1110/1110 1136/1136 1122/1122
f 1136/1136 1116/1116 1137/1137
f 1122/1122 1137/1137 1111/1111
f 1136/1136 1137/1137 1122/1122
f 1110/1110 1122/1122 1120/1120
f 1122/1122 1111/1111 1121/1121
f 1120/1120 1121/1121 1109/1109
f 1122/1122 1121/1121 1120/1120
f 1110/1110 1120/1120 1127/1127
f 1120/1120 1109/1109 1126/1126
f 1127/1127 1126/1126 1113/1113
f 1120/1120 1126/1126 1127/1127
f 1110/1110 1127/1127 1132/1132
f 1127/1127 1113/1113 1133/1133
f 1132/1132 1133/1133 1115/1115
f 1127/1127 1133/1133 1132/1132
f 1110/1110 1132/1132 1136/1136
f 1132/1132 1115/1115 1139/1139
f 1136/1136 1139/1139 1116/1116
f 1132/1132 1139/1139 1136/1136
f 1111/1111 1137/1137 1125/1125
f 1137/1137 1116/1116 1138/1138
f 1125/1125 1138/1138 1112/1112
f 1137/1137 1138/1138 1125/1125
f 1109/1109 1121/1121 1145/1145
f 1121/1121 1111/1111 1146/1146
f 1145/1145 1146/1146 1118/1118
f 1121/1121 1146/1146 1145/1145
f 1113/1113 1126/1126 1142/1142
f 1126/1126 1109/1109 1141/1141
f 1142/1142 1141/1141 1117/1117
f 1126/1126 1141/1141 1142/1142
f 1115/1115 1133/1133 1134/1134
f 1133/1133 1113/1113 1130/1130
f 1134/1134 1130/1130 1114/1114
f 1133/1133 1130/1130 1134/1134
f 1116/1116 1139/1139 1135/1135
f 1139/1139 1115/1115 1131/1131
f 1135/1135 1131/1131 1108/1108
f 1139/1139 1131/1131 1135/1135
f 1149/1149 1186/1186 1165/1165
f 1186/1186 1160/1160 1189/1189
f 1165/1165 1189/1189 1154/1154
f 1186/1186 1189/1189 1165/1165
f 1149/1149 1165/1165 1161/1161
f 1165/1165 1154/1154 1166/1166
f 1161/1161 1166/1166 1150/1150
f 1165/1165 1166/1166 1161/1161
f 1149/1149 1161/1161 1170/1170
f 1161/1161 1150/1150 1171/1171
f 1170/1170 1171/1171 1156/1156
f 1161/1161 1171/1171 1170/1170
f 1149/1149 1170/1170 1182/1182
f 1170/1170 1156/1156 1185/1185
f 1182/1182 1185/1185 1159/1159
f 1170/1170 1185/1185 1182/1182
f 1149/1149 1182/1182 1186/1186
f 1182/1182 1159/1159 1190/1190
f 1186/1186 1190/1190 1160/1160
f 1182/1182 1190/1190 1186/1186
f 1150/1150 1166/1166 1177/1177
f 1166/1166 1154/1154 1180/1180
f 1177/1177 1180/1180 1158/1158
f 1166/1166 1180/1180 1177/1177
f 1154/1154 1189/1189 1167/1167
f 1189/1189 1160/1160 1188/1188
f 1167/1167 1188/1188 1153/1153
f 1189/1189 1188/1188 1167/1167
f 1160/1160 1190/1190 1187/1187
f 1190/1190 1159/1159 1183/1183
f 1187/1187 1183/1183 1151/1151
f 1190/1190 1183/1183 1187/1187
f 1159/1159 1185/1185 1184/1184
f 1185/1185 1156/1156 1172/1172
f 1184/1184 1172/1172 1155/1155
f 1185/1185 1172/1172 1184/1184
f 1156/1156 1171/1171 1176/1176
f 1171/1171 1150/1150 1173/1173
f 1176/1176 1173/1173 1157/1157
f 1171/1171 1173/1173 1176/1176
f 1152/1152 1178/1178 1164/1164
f 1178/1178 1158/1158 1179/1179
f 1164/1164 1179/1179 1153/1153
f 1178/1178 1179/1179 1164/1164
f 1152/1152 1164/1164 1162/1162
f 1164/1164 1153/1153 1163/1163
f 1162/1162 1163/1163 1151/1151
f 1164/1164 1163/1163 1162/1162
f 1152/1152 1162/1162 1169/1169
f 1162/1162 1151/1151 1168/1168
f 1169/1169 1168/1168 1155/1155
f 1162/1162 1168/1168 1169/1169
f 1152/1152 1169/1169 1174/1174
f 1169/1169 1155/1155 1175/1175
f 1174/1174 1175/1175 1157/1157
f 1169/1169 1175/1175 1174/1174
f 1152/1152 1174/1174 1178/1178
f 1174/1174 1157/1157 1181/1181
f 1178/1178 1181/1181 1158/1158
f 1174/1174 1181/1181 1178/1178
f 1153/1153 1179/1179 1167/1167
f 1179/1179 1158/1158 1180/1180
f 1167/1167 1180/1180 1154/1154
f 1179/1179 1180/1180 1167/1167
f 1151/1151 1163/1163 1187/1187
f 1163/1163 1153/1153 1188/1188
f 1187/1187 1188/1188 1160/1160
f 1163/1163 1188/1188 1187/1187
f 1155/1155 1168/1168 1184/1184
f 1168/1168 1151/1151 1183/1183
f 1184/1184 1183/1183 1159/1159
f 1168/1168 1183/1183 1184/1184
f 1157/1157 1175/1175 1176/1176
f 1175/1175 1155/1155 1172/1172
f 1176/1176 1172/1172 1156/1156
f 1175/1175 1172/1172 1176/1176
f 1158/1158 1181/1181 1177/1177
f 1181/1181 1157/1157 1173/1173
f 1177/1177 1173/1173 1150/1150
f 1181/1181 1173/1173 1177/1177
f 1191/1191 1228/1228 1207/1207
f 1228/1228 1202/1202 1231/1231
f 1207/1207 1231/1231 1196/1196
f 1228/1228 1231/1231 1207/1207
f 1191/1191 1207/1207 1203/1203
f 1207/1207 1196/1196 1208/1208
f 1203/1203 1208/1208 1192/1192
f 1207/1207 1208/1208 1203/1203
f 1191/1191 1203/1203 1212/1212
f 1203/1203 1192/1192 1213/1213
f 1212/1212 1213/1213 1198/1198
f 1203/1203 1213/1213 1212/1212
f 1191/1191 1212/1212 1224/1224
f 1212/1212 1198/1198 1227/1227
f 1224/1224 1227/1227 1201/1201
f 1212/1212 1227/1227 1224/1224
f 1191/1191 1224/1224 1228/1228
f 1224/1224 1201/1201 1232/1232
f 1228/1228 1232/1232 1202/1202
f 1224/1224 1232/1232 1228/1228
f 1192/1192 1208/1208 1219/1219
f 1208/1208 1196/1196 1222/1222
f 1219/1219 1222/1222 1200/1200
f 1208/1208 1222/1222 1219/1219
f 1196/1196 1231/1231 1209/1209
f 1231/1231 1202/1202 1230/1230
f 1209/1209 1230/1230 1195/1195
f 1231/1231 1230/1230 1209/1209
f 1202/1202 1232/1232 1229/1229
f 1232/1232 1201/1201 1225/1225
f 1229/1229 1225/1225 1193/1193
f 1232/1232 1225/1225 1229/1229
f 1201/1201 1227/1227 1226/1226
f 1227/1227 1198/1198 1214/1214
f 1226/1226 1214/1214 1197/1197
f 1227/1227 1214/1214 1226/1226
f 1198/1198 1213/1213 1218/1218
f 1213/1213 1192/1192 1215/1215
f 1218/1218 1215/1215 1199/1199
f 1213/1213 1215/1215 1218/1218
f 1194/1194 1220/1220 1206/1206
f 1220/1220 1200/1200 1221/1221
f 1206/1206 1221/1221 1195/1195
f 1220/1220 1221/1221 1206/1206
f 1194/1194 1206/1206 1204/1204
f 1206/1206 1195/1195 1205/1205
f 1204/1204 1205/1205 1193/1193
f 1206/1206 1205/1205 1204/1204
f 1194/1194 1204/1204 1211/1211
f 1204/1204 1193/1193 1210/1210
f 1211/1211 1210/1210 1197/1197
f 1204/1204 1210/1210 1211/1211
f 1194/1194 1211/1211 1216/1216
f 1211/1211 1197/1197 1217/1217
f 1216/1216 1217/1217 1199/1199
f 1211/1211 1217/1217 1216/1216
f 1194/1194 1216/1216 1220/1220
f 1216/1216 1199/1199 1223/1223
f 1220/1220 1223/1223 1200/1200
f 1216/1216 1223/1223 1220/1220
f 1195/1195 1221/1221 1209/1209
f 1221/1221 1200/1200 1222/1222
f 1209/1209 1222/1222 1196/1196
f 1221/1221 1222/1222 1209/1209
f 1193/1193 1205/1205 1229/1229
f 1205/1205 1195/1195 1230/1230
f 1229/1229 1230/1230 1202/1202
f 1205/1205 1230/1230 1229/1229
f 1197/1197 1210/1210 1226/1226
f 1210/1210 1193/1193 1225/1225
f 1226/1226 1225/1225 1201/1201
f 1210/1210 1225/1225 1226/1226
f 1199/1199 1217/1217 1218/1218
f 1217/1217 1197/1197 1214/1214
f 1218/1218 1214/1214 1198/1198
f 1217/1217 1214/1214 1218/1218
f 1200/1200 1223/1223 1219/1219
f 1223/1223 1199/1199 1215/1215
f 1219/1219 1215/1215 1192/1192
f 1223/1223 1215/1215 1219/1219
f 1233/1233 1270/1270 1249/1249
f 1270/1270 1244/1244 1273/1273
f 1249/1249 1273/1273 1238/1238
f 1270/1270 1273/1273 1249/1249
f 1233/1233 1249/1249 1245/1245
f 1249/1249 1238/1238 1250/1250
f 1245/1245 1250/1250 1234/1234
f 1249/1249 1250/1250 1245/1245
f 1233/1233 1245/1245 1254/1254
f 1245/1245 1234/1234 1255/1255
f 1254/1254 1255/1255 1240/1240
f 1245/1245 1255/1255 1254/1254
f 1233/1233 1254/1254 1266/1266
f 1254/1254 1240/1240 1269/1269
f 1266/1266 1269/1269 1243/1243
f 1254/1254 1269/1269 1266/1266
f 1233/1233 1266/1266 1270/1270
f 1266/1266 1243/1243 1274/1274
f 1270/1270 1274/1274 1244/1244
f 1266/1266 1274/1274 1270/1270
f 1234/1234 1250/1250 1261/1261
f 1250/1250 1238/1238 1264/1264
f 1261/1261 1264/1264 1242/1242
f 1250/1250 1264/1264 1261/1261
f 1238/1238 1273/1273 1251/1251
f 1273/1273 1244/1244 1272/1272
f 1251/1251 1272/1272 1237/1237
f 1273/1273 1272/1272 1251/1251
f 1244/1244 1274/1274 1271/1271
f 1274/1274 1243/1243 1267/1267
f 1271/1271 1267/1267 1235/1235
f 1274/1274 1267/1267 1271/1271
f 1243/1243 1269/1269 1268/1268
f 1269/1269 1240/1240 1256/1256
f 1268/1268 1256/1256 1239/1239
f 1269/1269 1256/1256 1268/1268
f 1240/1240 1255/1255 1260/1260
f 1255/1255 1234/1234 1257/1257
f 1260/1260 1257/1257 1241/1241
f 1255/1255 1257/1257 1260/1260
f 1236/1236 1262/1262 1248/1248
f 1262/1262 1242/1242 1263/1263
f 1248/1248 1263/1263 1237/1237
f 1262/1262 1263/1263 1248/1248
f 1236/1236 1248/1248 1246/1246
f 1248/1248 1237/1237 1247/1247
f 1246/1246 1247/1247 1235/1235
f 1248/1248 1247/1247 1246/1246
f 1236/1236 1246/1246 1253/1253
f 1246/1246 1235/1235 1252/1252
f 1253/1253 1252/1252 1239/1239
f 1246/1246 1252/1252 1253/1253
f 1236/1236 1253/1253 1258/1258
f 1253/1253 1239/1239 1259/1259
f 1258/1258 1259/1259 1241/1241
f 1253/1253 1259/1259 1258/1258
f 1236/1236 1258/1258 1262/1262
f 1258/1258 1241/1241 1265/1265
f 1262/1262 1265/1265 1242/1242
f 1258/1258 1265/1265 1262/1262
f 1237/1237 1263/1263 1251/1251
f 1263/1263 1242/1242 1264/1264
f 1251/1251 1264/1264 1238/1238
f 1263/1263 1264/1264 1251/1251
f 1235/1235 1247/1247 1271/1271
f 1247/1247 1237/1237 1272/1272
f 1271/1271 1272/1272 1244/1244
f 1247/1247 1272/1272 1271/1271
f 1239/1239 1252/1252 1268/1268
f 1252/1252 1235/1235 1267/1267
f 1268/1268 1267/1267 1243/1243
f 1252/1252 1267/1267 1268/1268
f 1241/1241 1259/1259 1260/1260
f 1259/1259 1239/1239 1256/1256
f 1260/1260 1256/1256 1240/1240
f 1259/1259 1256/1256 1260/1260
f 1242/1242 1265/1265 1261/1261
f 1265/1265 1241/1241 1257/1257
f 1261/1261 1257/1257 1234/1234
f 1265/1265 1257/1257 1261/1261
f 1275/1275 1312/1312 1291/1291
f 1312/1312 1286/1286 1315/1315
f 1291/1291 1315/1315 1280/1280
f 1312/1312 1315/1315 1291/1291
f 1275/1275 1291/1291 1287/1287
f 1291/1291 1280/1280 1292/1292
f 1287/1287 1292/1292 1276/1276
f 1291/1291 1292/1292 1287/1287
f 1275/1275 1287/1287 1296/1296
f 1287/1287 1276/1276 1297/1297
f 1296/1296 1297/1297 1282/1282
f 1287/1287 1297/1297 1296/1296
f 1275/1275 1296/1296 1308/1308
f 1296/1296 1282/1282 1311/1311
f 1308/1308 1311/1311 1285/1285
f 1296/1296 1311/1311 1308/1308
f 1275/1275 1308/1308 1312/1312
f 1308/1308 1285/1285 1316/1316
f 1312/1312 1316/1316 1286/1286
f 1308/1308 1316/1316 1312/1312
f 1276/1276 1292/1292 1303/1303
f 1292/1292 1280/1280 1306/1306
f 1303/1303 1306/1306 1284/1284
f 1292/1292 1306/1306 1303/1303
f 1280/1280 1315/1315 1293/1293
f 1315/1315 1286/1286 1314/1314
f 1293/1293 1314/1314 1279/1279
f 1315/1315 1314/1314 1293/1293
f 1286/1286 1316/1316 1313/1313
f 1316/1316 1285/1285 1309/1309
f 1313/1313 1309/1309 1277/1277
f 1316/1316 1309/1309 1313/1313
f 1285/1285 1311/1311 1310/1310
f 1311/1311 1282/1282 1298/1298
f 1310/1310 1298/1298 1281/1281
f 1311/1311 1298/1298 1310/1310
f 1282/1282 1297/1297 1302/1302
f 1297/1297 1276/1276 1299/1299
f 1302/1302 1299/1299 1283/1283
f 1297/1297 1299/1299 1302/1302
f 1278/1278 1304/1304 1290/1290
f 1304/1304 1284/1284 1305/1305
f 1290/1290 1305/1305 1279/1279
f 1304/1304 1305/1305 1290/1290
f 1278/1278 1290/1290 1288/1288
f 1290/1290 1279/1279 1289/1289
f 1288/1288 1289/1289 1277/1277
f 1290/1290 1289/1289 1288/1288
f 1278/1278 1288/1288 1295/1295
f 1288/1288 1277/1277 1294/1294
f 1295/1295 1294/1294 1281/1281
f 1288/1288 1294/1294 1295/1295
f 1278/1278 1295/1295 1300/1300
f 1295/1295 1281/1281 1301/1301
f 1300/1300 1301/1301 1283/1283
f 1295/1295 1301/1301 1300/1300
f 1278/1278 1300/1300 1304/1304
f 1300/1300 1283/1283 1307/1307
f 1304/1304 1307/1307 1284/1284
f 1300/1300 1307/1307 1304/1304
f 1279/1279 1305/1305 1293/1293
f 1305/1305 1284/1284 1306/1306
f 1293/1293 1306/1306 1280/1280
f 1305/1305 1306/1306 1293/1293
f 1277/1277 1289/1289 1313/1313
f 1289/1289 1279/1279 1314/1314
f 1313/1313 1314/1314 1286/1286
f 1289/1289 1314/1314 1313/1313
f 1281/1281 1294/1294 1310/1310
f 1294/1294 1277/1277 1309/1309
f 1310/1310 1309/1309 1285/1285
f 1294/1294 1309/1309 1310/1310
f 1283/1283 1301/1301 1302/1302
f 1301/1301 1281/1281 1298/1298
f 1302/1302 1298/1298 1282/1282
f 1301/1301 1298/1298 1302/1302
f 1284/1284 1307/1307 1303/1303
f 1307/1307 1283/1283 1299/1299
f 1303/1303 1299/1299 1276/1276
f 1307/1307 1299/1299 1303/1303
f 1317/1317 1354/1354 1333/1333
f 1354/1354 1328/1328 1357/1357
f 1333/1333 1357/1357 1322/1322
f 1354/1354 1357/1357 1333/1333
f 1317/1317 1333/1333 1329/1329
f 1333/1333 1322/1322 1334/1334
f 1329/1329 1334/1334 1318/1318
f 1333/1333 1334/1334 1329/1329
f 1317/1317 1329/1329 1338/1338
f 1329/1329 1318/1318 1339/1339
f 1338/1338 1339/1339 1324/1324
f 1329/1329 1339/1339 1338/1338
f 1317/1317 1338/1338 1350/1350
f 1338/1338 1324/1324 1353/1353
f 1350/1350 1353/1353 1327/1327
f 1338/1338 1353/1353 1350/1350
f 1317/1317 1350/1350 1354/1354
f 1350/1350 1327/1327 1358/1358
f 1354/1354 1358/1358 1328/1328
f 1350/1350 1358/1358 1354/1354
f 1318/1318 1334/1334 1345/1345
f 1334/1334 1322/1322 1348/1348
f 1345/1345 1348/1348 1326/1326
f 1334/1334 1348/1348 1345/1345
f 1322/1322 1357/1357 1335/1335
f 1357/1357 1328/1328 1356/1356
f 1335/1335 1356/1356 1321/1321
f 1357/1357 1356/1356 1335/1335
f 1328/1328 1358/1358 1355/1355
f 1358/1358 1327/1327 1351/1351
f 1355/1355 1351/1351 1319/1319
f 1358/1358 1351/1351 1355/1355
f 1327/1327 1353/1353 1352/1352
f 1353/1353 1324/1324 1340/1340
f 1352/1352 1340/1340 1323/1323
f 1353/1353 1340/1340 1352/1352
f 1324/1324 1339/1339 1344/1344
f 1339/1339 1318/1318 1341/1341
f 1344/1344 1341/1341 1325/1325
f 1339/1339 1341/1341 1344/1344
f 1320/1320 1346/1346 1332/1332
f 1346/1346 1326/1326 1347/1347
f 1332/1332 1347/1347 1321/1321
f 1346/1346 1347/1347 1332/1332
f 1320/1320 1332/1332 1330/1330
f 1332/1332 1321/1321 1331/1331
f 1330/1330 1331/1331 1319/1319
f 1332/1332 1331/1331 1330/1330
f 1320/1320 1330/1330 1337/1337
f 1330/1330 1319/1319 1336/1336
f 1337/1337 1336/1336 1323/1323
f 1330/1330 1336/1336 1337/1337
f 1320/1320 1337/1337 1342/1342
f 1337/1337 1323/1323 1343/1343
f 1342/1342 1343/1343 1325/1325
f 1337/1337 1343/1343 1342/1342
f 1320/1320 1342/1342 1346/1346
f 1342/1342 1325/1325 1349/1349
f 1346/1346 1349/1349 1326/1326
f 1342/1342 1349/1349 1346/1346
f 1321/1321 1347/1347 1335/1335
f 1347/1347 1326/1326 1348/1348
f 1335/1335 1348/1348 1322/1322
f 1347/1347 1348/1348 1335/1335
f 1319/1319 1331/1331 1355/1355
f 1331/1331 1321/1321 1356/1356
f 1355/1355 1356/1356 1328/1328
f 1331/1331 1356/1356 1355/1355
f 1323/1323 1336/1336 1352/1352
f 1336/1336 1319/1319 1351/1351
f 1352/1352 1351/1351 1327/1327
f 1336/1336 1351/1351 1352/1352
f 1325/1325 1343/1343 1344/1344
f 1343/1343 1323/1323 1340/1340
f 1344/1344 1340/1340 1324/1324
f 1343/1343 1340/1340 1344/1344
f 1326/1326 1349/1349 1345/1345
f 1349/1349 1325/1325 1341/1341
f 1345/1345 1341/1341 1318/1318
f 1349/1349 1341/1341 1345/1345
f 1359/1359 1396/1396 1375/1375
f 1396/1396 1370/1370 1399/1399
f 1375/1375 1399/1399 1364/1364
f 1396/1396 1399/1399 1375/1375
f 1359/1359 1375/1375 1371/1371
f 1375/1375 1364/1364 1376/1376
f 1371/1371 1376/1376 1360/1360
f 1375/1375 1376/1376 1371/1371
f 1359/1359 1371/1371 1380/1380
f 1371/1371 1360/1360 1381/1381
f 1380/1380 1381/1381 1366/1366
f 1371/1371 1381/1381 1380/1380
f 1359/1359 1380/1380 1392/1392
f 1380/1380 1366/1366 1395/1395
f 1392/1392 1395/1395 1369/1369
f 1380/1380 1395/1395 1392/1392
f 1359/1359 1392/1392 1396/1396
f 1392/1392 1369/1369 1400/1400
f 1396/1396 1400/1400 1370/1370
f 1392/1392 1400/1400 1396/1396
f 1360/1360 1376/1376 1387/1387
f 1376/1376 1364/1364 1390/1390
f 1387/1387 1390/1390 1368/1368
f 1376/1376 1390/1390 1387/1387
f 1364/1364 1399/1399 1377/1377
f 1399/1399 1370/1370 1398/1398
f 1377/1377 1398/1398 1363/1363
f 1399/1399 1398/1398 1377/1377
f 1370/1370 1400/1400 1397/1397
f 1400/1400 1369/1369 1393/1393
f 1397/1397 1393/1393 1361/1361
f 1400/1400 1393/1393 1397/1397
f 1369/1369 1395/1395 1394/1394
f 1395/1395 1366/1366 1382/1382
f 1394/1394 1382/1382 1365/1365
f 1395/1395 1382/1382 1394/1394
f 1366/1366 1381/1381 1386/1386
f 1381/1381 1360/1360 1383/1383
f 1386/1386 1383/1383 1367/1367
f 1381/1381 1383/1383 1386/1386
f 1362/1362 1388/1388 1374/1374
f 1388/1388 1368/1368 1389/1389
f 1374/1374 1389/1389 1363/1363
f 1388/1388 1389/1389 1374/1374
f 1362/1362 1374/1374 1372/1372
f 1374/1374 1363/1363 1373/1373
f 1372/1372 1373/1373 1361/1361
f 1374/1374 1373/1373 1372/1372
f 1362/1362 1372/1372 1379/1379
f 1372/1372 1361/1361 1378/1378
f 1379/1379 1378/1378 1365/1365
f 1372/1372 1378/1378 1379/1379
f 1362/1362 1379/1379 1384/1384
f 1379/1379 1365/1365 1385/1385
f 1384/1384 1385/1385 1367/1367
f 1379/1379 1385/1385 1384/1384
f 1362/1362 1384/1384 1388/1388
f 1384/1384 1367/1367 1391/1391
f 1388/1388 1391/1391 1368/1368
f 1384/1384 1391/1391 1388/1388
f 1363/1363 1389/1389 1377/1377
f 1389/1389 1368/1368 1390/1390
f 1377/1377 1390/1390 1364/1364
f 1389/1389 1390/1390 1377/1377
f 1361/1361 1373/1373 1397/1397
f 1373/1373 1363/1363 1398/1398
f 1397/1397 1398/1398 1370/1370
f 1373/1373 1398/1398 1397/1397
f 1365/1365 1378/1378 1394/1394
f 1378/1378 1361/1361 1393/1393
f 1394/1394 1393/1393 1369/1369
f 1378/1378 1393/1393 1394/1394
f 1367/1367 1385/1385 1386/1386
f 1385/1385 1365/1365 1382/1382
f 1386/1386 1382/1382 1366/1366
f 1385/1385 1382/1382 1386/1386
f 1368/1368 1391/1391 1387/1387
f 1391/1391 1367/1367 1383/1383
f 1387/1387 1383/1383 1360/1360
f 1391/1391 1383/1383 1387/1387
f 1401/1401 1438/1438 1417/1417
f 1438/1438 1412/1412 1441/1441
f 1417/1417 1441/1441 1406/1406
f 1438/1438 1441/1441 1417/1417
f 1401/1401 1417/1417 1413/1413
f 1417/1417 1406/1406 1418/1418
f 1413/1413 1418/1418 1402/1402
f 1417/1417 1418/1418 1413/1413
f 1401/1401 1413/1413 1422/1422
f 1413/1413 1402/1402 1423/1423
f 1422/1422 1423/1423 1408/1408
f 1413/1413 1423/1423 1422/1422
f 1401/1401 1422/1422 1434/1434
f 1422/1422 1408/1408 1437/1437
f 1434/1434 1437/1437 1411/1411
f 1422/1422 1437/1437 1434/1434
f 1401/1401 1434/1434 1438/1438
f 1434/1434 1411/1411 1442/1442
f 1438/1438 1442/1442 1412/1412
f 1434/1434 1442/1442 1438/1438
f 1402/1402 1418/1418 1429/1429
f 1418/1418 1406/1406 1432/1432
f 1429/1429 1432/1432 1410/1410
f 1418/1418 1432/1432 1429/1429
f 1406/1406 1441/1441 1419/1419
f 1441/1441 1412/1412 1440/1440
f 1419/1419 1440/1440 1405/1405
f 1441/1441 1440/1440 1419/1419
f 1412/1412 1442/1442 1439/1439
f 1442/1442 1411/1411 1435/1435
f 1439/1439 1435/1435 1403/1403
f 1442/1442 1435/1435 1439/1439
f 1411/1411 1437/1437 1436/1436
f 1437/1437 1408/1408 1424/1424
f 1436/1436 1424/1424 1407/1407
f 1437/1437 1424/1424 1436/1436
f 1408/1408 1423/1423 1428/1428
f 1423/1423 1402/1402 1425/1425
f 1428/1428 1425/1425 1409/1409
f 1423/1423 1425/1425 1428/1428
f 1404/1404 1430/1430 1416/1416
f 1430/1430 1410/1410 1431/1431
f 1416/1416 1431/1431 1405/1405
f 1430/1430 1431/1431 1416/1416
f 1404/1404 1416/1416 1414/1414
f 1416/1416 1405/1405 1415/1415
f 1414/1414 1415/1415 1403/1403
f 1416/1416 1415/1415 1414/1414
f 1404/1404 1414/1414 1421/1421
f 1414/1414 1403/1403 1420/1420
f 1421/1421 1420/1420 1407/1407
f 1414/1414 1420/1420 1421/1421
f 1404/1404 1421/1421 1426/1426
f 1421/1421 1407/1407 1427/1427
f 1426/1426 1427/1427 1409/1409
f 1421/1421 1427/1427 1426/1426
f 1404/1404 1426/1426 1430/1430
f 1426/1426 1409/1409 1433/1433
f 1430/1430 1433/1433 1410/1410
f 1426/1426 1433/1433 1430/1430
f 1405/1405 1431/1431 1419/1419
f 1431/1431 1410/1410 1432/1432
f 1419/1419 1432/1432 1406/1406
f 1431/1431 1432/1432 1419/1419
f 1403/1403 1415/1415 1439/1439
f 1415/1415 1405/1405 1440/1440
f 1439/1439 1440/1440 1412/1412
f 1415/1415 1440/1440 1439/1439
f 1407/1407 1420/1420 1436/1436
f 1420/1420 1403/1403 1435/1435
f 1436/1436 1435/1435 1411/1411
f 1420/1420 1435/1435 1436/1436
f 1409/1409 1427/1427 1428/1428
f 1427/1427 1407/1407 1424/1424
f 1428/1428 1424/1424 1408/1408
f 1427/1427 1424/1424 1428/1428
f 1410/1410 1433/1433 1429/1429
f 1433/1433 1409/1409 1425/1425
f 1429/1429 1425/1425 1402/1402
f 1433/1433 1425/1425 1429/1429
f 1443/1443 1480/1480 1459/1459
f 1480/1480 1454/1454 1483/1483
f 1459/1459 1483/1483 1448/1448
f 1480/1480 1483/1483 1459/1459
f 1443/1443 1459/1459 1455/1455
f 1459/1459 1448/1448 1460/1460
f 1455/1455 1460/1460 1444/1444
f 1459/1459 1460/1460 1455/1455
f 1443/1443 1455/1455 1464/1464
f 1455/1455 1444/1444 1465/1465
f 1464/1464 1465/1465 1450/1450
f 1455/1455 1465/1465 1464/1464
f 1443/1443 1464/1464 1476/1476
f 1464/1464 1450/1450 1479/1479
f 1476/1476 1479/1479 1453/1453
f 1464/1464 1479/1479 1476/1476
f 1443/1443 1476/1476 1480/1480
f 1476/1476 1453/1453 1484/1484
f 1480/1480 1484/1484 1454/1454
f 1476/1476 1484/1484 1480/1480
f 1444/1444 1460/1460 1471/1471
f 1460/1460 1448/1448 1474/1474
f 1471/1471 1474/1474 1452/1452
f 1460/1460 1474/1474 1471/1471
f 1448/1448 1483/1483 1461/1461
f 1483/1483 1454/1454 1482/1482
f 1461/1461 1482/1482 1447/1447
f 1483/1483 1482/1482 1461/1461
f 1454/1454 1484/1484 1481/1481
f 1484/1484 1453/1453 1477/1477
f 1481/1481 1477/1477 1445/1445
f 1484/1484 1477/1477 1481/1481
f 1453/1453 1479/1479 1478/1478
f 1479/1479 1450/1450 1466/1466
f 1478/1478 1466/1466 1449/1449
f 1479/1479 1466/1466 1478/1478
f 1450/1450 1465/1465 1470/1470
f 1465/1465 1444/1444 1467/1467
f 1470/1470 1467/1467 1451/1451
f 1465/1465 1467/1467 1470/1470
f 1446/1446 1472/1472 1458/1458
f 1472/1472 1452/1452 1473/1473
f 1458/1458 1473/1473 1447/1447
f 1472/1472 1473/1473 1458/1458
f 1446/1446 1458/1458 1456/1456
f 1458/1458 1447/1447 1457/1457
f 1456/1456 1457/1457 1445/1445
f 1458/1458 1457/1457 1456/1456
f 1446/1446 1456/1456 1463/1463
f 1456/1456 1445/1445 1462/1462
f 1463/1463 1462/1462 1449/1449
f 1456/1456 1462/1462 1463/1463
f 1446/1446 1463/1463 1468/1468
f 1463/1463 1449/1449 1469/1469
f 1468/1468 1469/1469 1451/1451
f 1463/1463 1469/1469 1468/1468
f 1446/1446 1468/1468 1472/1472
f 1468/1468 1451/1451 1475/1475
f 1472/1472 1475/1475 1452/1452
f 1468/1468 1475/1475 1472/1472
f 1447/1447 1473/1473 1461/1461
f 1473/1473 1452/1452 1474/1474
f 1461/1461 1474/1474 1448/1448
f 1473/1473 1474/1474 1461/1461
f 1445/1445 1457/1457 1481/1481
f 1457/1457 1447/1447 1482/1482
f 1481/1481 1482/1482 1454/1454
f 1457/1457 1482/1482 1481/1481
f 1449/1449 1462/1462 1478/1478
f 1462/1462 1445/1445 1477/1477
f 1478/1478 1477/1477 1453/1453
f 1462/1462 1477/1477 1478/1478
f 1451/1451 1469/1469 1470/1470
f 1469/1469 1449/1449 1466/1466
f 1470/1470 1466/1466 1450/1450
f 1469/1469 1466/1466 1470/1470
f 1452/1452 1475/1475 1471/1471
f 1475/1475 1451/1451 1467/1467
f 1471/1471 1467/1467 1444/1444
f 1475/1475 1467/1467 1471/1471
f 1485/1485 1522/1522 1501/1501
f 1522/1522 1496/1496 1525/1525
f 1501/1501 1525/1525 1490/1490
f 1522/1522 1525/1525 1501/1501
f 1485/1485 1501/1501 1497/1497
f 1501/1501 1490/1490 1502/1502
f 1497/1497 1502/1502 1486/1486
f 1501/1501 1502/1502 1497/1497
f 1485/1485 1497/1497 1506/1506
f 1497/1497 1486/1486 1507/1507
f 1506/1506 1507/1507 1492/1492
f 1497/1497 1507/1507 1506/1506
f 1485/1485 1506/1506 1518/1518
f 1506/1506 1492/1492 1521/1521
f 1518/1518 1521/1521 1495/1495
f 1506/1506 1521/1521 1518/1518
f 1485/1485 1518/1518 1522/1522
f 1518/1518 1495/1495 1526/1526
f 1522/1522 1526/1526 1496/1496
f 1518/1518 1526/1526 1522/1522
f 1486/1486 1502/1502 1513/1513
f 1502/1502 1490/1490 1516/1516
f 1513/1513 1516/1516 1494/1494
f 1502/1502 1516/1516 1513/1513
f 1490/1490 1525/1525 1503/1503
f 1525/1525 1496/1496 1524/1524
f 1503/1503 1524/1524 1489/1489
f 1525/1525 1524/1524 1503/1503
f 1496/1496 1526/1526 1523/1523
f 1526/1526 1495/1495 1519/1519
f 1523/1523 1519/1519 1487/1487
f 1526/1526 1519/1519 1523/1523
f 1495/1495 1521/1521 1520/1520
f 1521/1521 1492/1492 1508/1508
f 1520/1520 1508/1508 1491/1491
f 1521/1521 1508/1508 1520/1520
f 1492/1492 1507/1507 1512/1512
f 1507/1507 1486/1486 1509/1509
f 1512/1512 1509/1509 1493/1493
f 1507/1507 1509/1509 1512/1512
f 1488/1488 1514/1514 1500/1500
f 1514/1514 1494/1494 1515/1515
f 1500/1500 1515/1515 1489/1489
f 1514/1514 1515/1515 1500/1500
f 1488/1488 1500/1500 1498/1498
f 1500/1500 1489/1489 1499/1499
f 1498/1498 1499/1499 1487/1487
f 1500/1500 1499/1499 1498/1498
f 1488/1488 1498/1498 1505/1505
f 1498/1498 1487/1487 1504/1504
f 1505/1505 1504/1504 1491/1491
f 1498/1498 1504/1504 1505/1505
f 1488/1488 1505/1505 1510/1510
f 1505/1505 1491/1491 1511/1511
f 1510/1510 1511/1511 1493/1493
f 1505/1505 1511/1511 1510/1510
f 1488/1488 1510/1510 1514/1514
f 1510/1510 1493/1493 1517/1517
f 1514/1514 1517/1517 1494/1494
f 1510/1510 1517/1517 1514/1514
f 1489/1489 1515/1515 1503/1503
f 1515/1515 1494/1494 1516/1516
f 1503/1503 1516/1516 1490/1490
f 1515/1515 1516/1516 1503/1503
f 1487/1487 1499/1499 1523/1523
f 1499/1499 1489/1489 1524/1524
f 1523/1523 1524/1524 1496/1496
f 1499/1499 1524/1524 1523/1523
f 1491/1491 1504/1504 1520/1520
f 1504/1504 1487/1487 1519/1519
f 1520/1520 1519/1519 1495/1495
f 1504/1504 1519/1519 1520/1520
f 1493/1493 1511/1511 1512/1512
f 1511/1511 1491/1491 1508/1508
f 1512/1512 1508/1508 1492/1492
f 1511/1511 1508/1508 1512/1512
f 1494/1494 1517/1517 1513/1513
f 1517/1517 1493/1493 1509/1509
f 1513/1513 1509/1509 1486/1486
f 1517/1517 1509/1509 1513/1513
f 1527/1527 1564/1564 1543/1543
f 1564/1564 1538/1538 1567/1567
f 1543/1543 1567/1567 1532/1532
f 1564/1564 1567/1567 1543/1543
f 1527/1527 1543/1543 1539/1539
f 1543/1543 1532/1532 1544/1544
f 1539/1539 1544/1544 1528/1528
f 1543/1543 1544/1544 1539/1539
f 1527/1527 1539/1539 1548/1548
f 1539/1539 1528/1528 1549/1549
f 1548/1548 1549/1549 1534/1534
f 1539/1539 1549/1549 1548/1548
f 1527/1527 1548/1548 1560/1560
f 1548/1548 1534/1534 1563/1563
f 1560/1560 1563/1563 1537/1537
f 1548/1548 1563/1563 1560/1560
f 1527/1527 1560/1560 1564/1564
f 1560/1560 1537/1537 1568/1568
f 1564/1564 1568/1568 1538/1538
f 1560/1560 1568/1568 1564/1564
f 1528/1528 1544/1544 1555/1555
f 1544/1544 1532/1532 1558/1558
f 1555/1555 1558/1558 1536/1536
f 1544/1544 1558/1558 1555/1555
f 1532/1532 1567/1567 1545/1545
f 1567/1567 1538/1538 1566/1566
f 1545/1545 1566/1566 1531/1531
f 1567/1567 1566/1566 1545/1545
f 1538/1538 1568/1568 1565/1565
f 1568/1568 1537/1537 1561/1561
f 1565/1565 1561/1561 1529/1529
f 1568/1568 1561/1561 1565/1565
f 1537/1537 1563/1563 1562/1562
f 1563/1563 1534/1534 1550/1550
f 1562/1562 1550/1550 1533/1533
f 1563/1563 1550/1550 1562/1562
f 1534/1534 1549/1549 1554/1554
f 1549/1549 1528/1528 1551/1551
f 1554/1554 1551/1551 1535/1535
f 1549/1549 1551/1551 1554/1554
f 1530/1530 1556/1556 1542/1542
f 1556/1556 1536/1536 1557/1557
f 1542/1542 1557/1557 1531/1531
f 1556/1556 1557/1557 1542/1542
f 1530/1530 1542/1542 1540/1540
f 1542/1542 1531/1531 1541/1541
f 1540/1540 1541/1541 1529/1529
f 1542/1542 1541/1541 1540/1540
f 1530/1530 1540/1540 1547/1547
f 1540/1540 1529/1529 1546/1546
f 1547/1547 1546/1546 1533/1533
f 1540/1540 1546/1546 1547/1547
f 1530/1530 1547/1547 1552/1552
f 1547/1547 1533/1533 1553/1553
f 1552/1552 1553/1553 1535/1535
f 1547/1547 1553/1553 1552/1552
f 1530/1530 1552/1552 1556/1556
f 1552/1552 1535/1535 1559/1559
f 1556/1556 1559/1559 1536/1536
f 1552/1552 1559/1559 1556/1556
f 1531/1531 1557/1557 1545/1545
f 1557/1557 1536/1536 1558/1558
f 1545/1545 1558/1558 1532/1532
f 1557/1557 1558/1558 1545/1545
f 1529/1529 1541/1541 1565/1565
f 1541/1541 1531/1531 1566/1566
f 1565/1565 1566/1566 1538/1538
f 1541/1541 1566/1566 1565/1565
f 1533/1533 1546/1546 1562/1562
f 1546/1546 1529/1529 1561/1561
f 1562/1562 1561/1561 1537/1537
f 1546/1546 1561/1561 1562/1562
f 1535/1535 1553/1553 1554/1554
f 1553/1553 1533/1533 1550/1550
f 1554/1554 1550/1550 1534/1534
f 1553/1553 1550/1550 1554/1554
f 1536/1536 1559/1559 1555/1555
f 1559/1559 1535/1535 1551/1551
f 1555/1555 1551/1551 1528/1528
f 1559/1559 1551/1551 1555/1555
f 1569/1569 1606/1606 1585/1585
f 1606/1606 1580/1580 1609/1609
f 1585/1585 1609/1609 1574/1574
f 1606/1606 1609/1609 1585/1585
f 1569/1569 1585/1585 1581/1581
f 1585/1585 1574/1574 1586/1586
f 1581/1581 1586/1586 1570/1570
f 1585/1585 1586/1586 1581/1581
f 1569/1569 1581/1581 1590/1590
f 1581/1581 1570/1570 1591/1591
f 1590/1590 1591/1591 1576/1576
f 1581/1581 1591/1591 1590/1590
f 1569/1569 1590/1590 1602/1602
f 1590/1590 1576/1576 1605/1605
f 1602/1602 1605/1605 1579/1579
f 1590/1590 1605/1605 1602/1602
f 1569/1569 1602/1602 1606/1606
f 1602/1602 1579/1579 1610/1610
f 1606/1606 1610/1610 1580/1580
f 1602/1602 1610/1610 1606/1606
f 1570/1570 1586/1586 1597/1597
f 1586/1586 1574/1574 1600/1600
f 1597/1597 1600/1600 1578/1578
f 1586/1586 1600/1600 1597/1597
f 1574/1574 1609/1609 1587/1587
f 1609/1609 1580/1580 1608/1608
f 1587/1587 1608/1608 1573/1573
f 1609/1609 1608/1608 1587/1587
f 1580/1580 1610/1610 1607/1607
f 1610/1610 1579/1579 1603/1603
f 1607/1607 1603/1603 1571/1571
f 1610/1610 1603/1603 1607/1607
f 1579/1579 1605/1605 1604/1604
f 1605/1605 1576/1576 1592/1592
f 1604/1604 1592/1592 1575/1575
f 1605/1605 1592/1592 1604/1604
f 1576/1576 1591/1591 1596/1596
f 1591/1591 1570/1570 1593/1593
f 1596/1596 1593/1593 1577/1577
f 1591/1591 1593/1593 1596/1596
f 1572/1572 1598/1598 1584/1584
f 1598/1598 1578/1578 1599/1599
f 1584/1584 1599/1599 1573/1573
f 1598/1598 1599/1599 1584/1584
f 1572/1572 1584/1584 1582/1582
f 1584/1584 1573/1573 1583/1583
f 1582/1582 1583/1583 1571/1571
f 1584/1584 1583/1583 1582/1582
f 1572/1572 1582/1582 1589/1589
f 1582/1582 1571/1571 1588/1588
f 1589/1589 1588/1588 1575/1575
f 1582/1582 1588/1588 1589/1589
f 1572/1572 1589/1589 1594/1594
f 1589/1589 1575/1575 1595/1595
f 1594/1594 1595/1595 1577/1577
f 1589/1589 1595/1595 1594/1594
f 1572/1572 1594/1594 1598/1598
f 1594/1594 1577/1577 1601/1601
f 1598/1598 1601/1601 1578/1578
f 1594/1594 1601/1601 1598/1598
f 1573/1573 1599/1599 1587/1587
f 1599/1599 1578/1578 1600/1600
f 1587/1587 1600/1600 1574/1574
f 1599/1599 1600/1600 1587/1587
f 1571/1571 1583/1583 1607/1607
f 1583/1583 1573/1573 1608/1608
f 1607/1607 1608/1608 1580/1580
f 1583/1583 1608/1608 1607/1607
f 1575/1575 1588/1588 1604/1604
f 1588/1588 1571/1571 1603/1603
f 1604/1604 1603/1603 1579/1579
f 1588/1588 1603/1603 1604/1604
f 1577/1577 1595/1595 1596/1596
f 1595/1595 1575/1575 1592/1592
f 1596/1596 1592/1592 1576/1576
f 1595/1595 1592/1592 1596/1596
f 1578/1578 1601/1601 1597/1597
f 1601/1601 1577/1577 1593/1593
f 1597/1597 1593/1593 1570/1570
f 1601/1601 1593/1593 1597/1597
f 1611/1611 1648/1648 1627/1627
f 1648/1648 1622/1622 1651/1651
f 1627/1627 1651/1651 1616/1616
f 1648/1648 1651/1651 1627/1627
f 1611/1611 1627/1627 1623/1623
f 1627/1627 1616/1616 1628/1628
f 1623/1623 1628/1628 1612/1612
f 1627/1627 1628/1628 1623/1623
f 1611/1611 1623/1623 1632/1632
f 1623/1623 1612/1612 1633/1633
f 1632/1632 1633/1633 1618/1618
f 1623/1623 1633/1633 1632/1632
f 1611/1611 1632/1632 1644/1644
f 1632/1632 1618/1618 1647/1647
f 1644/1644 1647/1647 1621/1621
f 1632/1632 1647/1647 1644/1644
f 1611/1611 1644/1644 1648/1648
f 1644/1644 1621/1621 1652/1652
f 1648/1648 1652/1652 1622/1622
f 1644/1644 1652/1652 1648/1648
f 1612/1612 1628/1628 1639/1639
f 1628/1628 1616/1616 1642/1642
f 1639/1639 1642/1642 1620/1620
f 1628/1628 1642/1642 1639/1639
f 1616/1616 1651/1651 1629/1629
f 1651/1651 1622/1622 1650/1650
f 1629/1629 1650/1650 1615/1615
f 1651/1651 1650/1650 1629/1629
f 1622/1622 1652/1652 1649/1649
f 1652/1652 1621/1621 1645/1645
f 1649/1649 1645/1645 1613/1613
f 1652/1652 1645/1645 1649/1649
f 1621/1621 1647/1647 1646/1646
f 1647/1647 1618/1618 1634/1634
f 1646/1646 1634/1634 1617/1617
f 1647/1647 1634/1634 1646/1646
f 1618/1618 1633/1633 1638/1638
f 1633/1633 1612/1612 1635/1635
f 1638/1638 1635/1635 1619/1619
f 1633/1633 1635/1635 1638/1638
f 1614/1614 1640/1640 1626/1626
f 1640/1640 1620/1620 1641/1641
f 1626/1626 1641/1641 1615/1615
f 1640/1640 1641/1641 1626/1626
f 1614/1614 1626/1626 1624/1624
f 1626/1626 1615/1615 1625/1625
f 1624/1624 1625/1625 1613/1613
f 1626/1626 1625/1625 1624/1624
f 1614/1614 1624/1624 1631/1631
f 1624/1624 1613/1613 1630/1630
f 1631/1631 1630/1630 1617/1617
f 1624/1624 1630/1630 1631/1631
f 1614/1614 1631/1631 1636/1636
f 1631/1631 1617/1617 1637/1637
f 1636/1636 1637/1637 1619/1619
f 1631/1631 1637/1637 1636/1636
f 1614/1614 1636/1636 1640/1640
f 1636/1636 1619/1619 1643/1643
f 1640/1640 1643/1643 1620/1620
f 1636/1636 1643/1643 1640/1640
f 1615/1615 1641/1641 1629/1629
f 1641/1641 1620/1620 1642/1642
f 1629/1629 1642/1642 1616/1616
f 1641/1641 1642/1642 1629/1629
f 1613/1613 1625/1625 1649/1649
f 1625/1625 1615/1615 1650/1650
f 1649/1649 1650/1650 1622/1622
f 1625/1625 1650/1650 1649/1649
f 1617/1617 1630/1630 1646/1646
f 1630/1630 1613/1613 1645/1645
f 1646/1646 1645/1645 1621/1621
f 1630/1630 1645/1645 1646/1646
f 1619/1619 1637/1637 1638/1638
f 1637/1637 1617/1617 1634/1634
f 1638/1638 1634/1634 1618/1618
f 1637/1637 1634/1634 1638/1638
f 1620/1620 1643/1643 1639/1639
f 1643/1643 1619/1619 1635/1635
f 1639/1639 1635/1635 1612/1612
f 1643/1643 1635/1635 1639/1639
f 1653/1653 1690/1690 1669/1669
f 1690/1690 1664/1664 1693/1693
f 1669/1669 1693/1693 1658/1658
f 1690/1690 1693/1693 1669/1669
f 1653/1653 1669/1669 1665/1665
f 1669/1669 1658/1658 1670/1670
f 1665/1665 1670/1670 1654/1654
f 1669/1669 1670/1670 1665/1665
f 1653/1653 1665/1665 1674/1674
f 1665/1665 1654/1654 1675/1675
f 1674/1674 1675/1675 1660/1660
f 1665/1665 1675/1675 1674/1674
f 1653/1653 1674/1674 1686/1686
f 1674/1674 1660/1660 1689/1689
f 1686/1686 1689/1689 1663/1663
f 1674/1674 1689/1689 1686/1686
f 1653/1653 1686/1686 1690/1690
f 1686/1686 1663/1663 1694/1694
f 1690/1690 1694/1694 1664/1664
f 1686/1686 1694/1694 1690/1690
f 1654/1654 1670/1670 1681/1681
f 1670/1670 1658/1658 1684/1684
f 1681/1681 1684/1684 1662/1662
f 1670/1670 1684/1684 1681/1681
f 1658/1658 1693/1693 1671/1671
f 1693/1693 1664/1664 1692/1692
f 1671/1671 1692/1692 1657/1657
f 1693/1693 1692/1692 1671/1671
f 1664/1664 1694/1694 1691/1691
f 1694/1694 1663/1663 1687/1687
f 1691/1691 1687/1687 1655/1655
f 1694/1694 1687/1687 1691/1691
f 1663/1663 1689/1689 1688/1688
f 1689/1689 1660/1660 1676/1676
f 1688/1688 1676/1676 1659/1659
f 1689/1689 1676/1676 1688/1688
f 1660/1660 1675/1675 1680/1680
f 1675/1675 1654/1654 1677/1677
f 1680/1680 1677/1677 1661/1661
f 1675/1675 1677/1677 1680/1680
f 1656/1656 1682/1682 1668/1668
f 1682/1682 1662/1662 1683/1683
f 1668/1668 1683/1683 1657/1657
f 1682/1682 1683/1683 1668/1668
f 1656/1656 1668/1668 1666/1666
f 1668/1668 1657/1657 1667/1667
f 1666/1666 1667/1667 1655/1655
f 1668/1668 1667/1667 1666/1666
f 1656/1656 1666/1666 1673/1673
f 1666/1666 1655/1655 1672/1672
f 1673/1673 1672/1672 1659/1659
f 1666/1666 1672/1672 1673/1673
f 1656/1656 1673/1673 1678/1678
f 1673/1673 1659/1659 1679/1679
f 1678/1678 1679/1679 1661/1661
f 1673/1673 1679/1679 1678/1678
f 1656/1656 1678/1678 1682/1682
f 1678/1678 1661/1661 1685/1685
f 1682/1682 1685/1685 1662/1662
f 1678/1678 1685/1685 1682/1682
f 1657/1657 1683/1683 1671/1671
f 1683/1683 1662/1662 1684/1684
f 1671/1671 1684/1684 1658/1658
f 1683/1683 1684/1684 1671/1671
f 1655/1655 1667/1667 1691/1691
f 1667/1667 1657/1657 1692/1692
f 1691/1691 1692/1692 1664/1664
f 1667/1667 1692/1692 1691/1691
f 1659/1659 1672/1672 1688/1688
f 1672/1672 1655/1655 1687/1687
f 1688/1688 1687/1687 1663/1663
f 1672/1672 1687/1687 1688/1688
f 1661/1661 1679/1679 1680/1680
f 1679/1679 1659/1659 1676/1676
f 1680/1680 1676/1676 1660/1660
f 1679/1679 1676/1676 1680/1680
f 1662/1662 1685/1685 1681/1681
f 1685/1685 1661/1661 1677/1677
f 1681/1681 1677/1677 1654/1654
f 1685/1685 1677/1677 1681/1681
f 1695/1695 1732/1732 1711/1711
f 1732/1732 1706/1706 1735/1735
f 1711/1711 1735/1735 1700/1700
f 1732/1732 1735/1735 1711/1711
f 1695/1695 1711/1711 1707/1707
f 1711/1711 1700/1700 1712/1712
f 1707/1707 1712/1712 1696/1696
f 1711/1711 1712/1712 1707/1707
f 1695/1695 1707/1707 1716/1716
f 1707/1707 1696/1696 1717/1717
f 1716/1716 1717/1717 1702/1702
f 1707/1707 1717/1717 1716/1716
f 1695/1695 1716/1716 1728/1728
f 1716/1716 1702/1702 1731/1731
f 1728/1728 1731/1731 1705/1705
f 1716/1716 1731/1731 1728/1728
f 1695/1695 1728/1728 1732/1732
f 1728/1728 1705/1705 1736/1736
f 1732/1732 1736/1736 1706/1706
f 1728/1728 1736/1736 1732/1732
f 1696/1696 1712/1712 1723/1723
f 1712/1712 1700/1700 1726/1726
f 1723/1723 1726/1726 1704/1704
f 1712/1712 1726/1726 1723/1723
f 1700/1700 1735/1735 1713/1713
f 1735/1735 1706/1706 1734/1734
f 1713/1713 1734/1734 1699/1699
f 1735/1735 1734/1734 1713/1713
f 1706/1706 1736/1736 1733/1733
f 1736/1736 1705/1705 1729/1729
f 1733/1733 1729/1729 1697/1697
f 1736/1736 1729/1729 1733/1733
f 1705/1705 1731/1731 1730/1730
f 1731/1731 1702/1702 1718/1718
f 1730/1730 1718/1718 1701/1701
f 1731/1731 1718/1718 1730/1730
f 1702/1702 1717/1717 1722/1722
f 1717/1717 1696/1696 1719/1719
f 1722/1722 1719/1719 1703/1703
f 1717/1717 1719/1719 1722/1722
f 1698/1698 1724/1724 1710/1710
f 1724/1724 1704/1704 1725/1725
f 1710/1710 1725/1725 1699/1699
f 1724/1724 1725/1725 1710/1710
f 1698/1698 1710/1710 1708/1708
f 1710/1710 1699/1699 1709/1709
f 1708/1708 1709/1709 1697/1697
f 1710/1710 1709/1709 1708/1708
f 1698/1698 1708/1708 1715/1715
f 1708/1708 1697/1697 1714/1714
f 1715/1715 1714/1714 1701/1701
f 1708/1708 1714/1714 1715/1715
f 1698/1698 1715/1715 1720/1720
f 1715/1715 1701/1701 1721/1721
f 1720/1720 1721/1721 1703/1703
f 1715/1715 1721/1721 1720/1720
f 1698/1698 1720/1720 1724/1724
f 1720/1720 1703/1703 1727/1727
f 1724/1724 1727/1727 1704/1704
f 1720/1720 1727/1727 1724/1724
f 1699/1699 1725/1725 1713/1713
f 1725/1725 1704/1704 1726/1726
f 1713/1713 1726/1726 1700/1700
f 1725/1725 1726/1726 1713/1713
f 1697/1697 1709/1709 1733/1733
f 1709/1709 1699/1699 1734/1734
f 1733/1733 1734/1734 1706/1706
f 1709/1709 1734/1734 1733/1733
f 1701/1701 1714/1714 1730/1730
f 1714/1714 1697/1697 1729/1729
f 1730/1730 1729/1729 1705/1705
f 1714/1714 1729/1729 1730/1730
f 1703/1703 1721/1721 1722/1722
f 1721/1721 1701/1701 1718/1718
f 1722/1722 1718/1718 1702/1702
f 1721/1721 1718/1718 1722/1722
f 1704/1704 1727/1727 1723/1723
f 1727/1727 1703/1703 1719/1719
f 1723/1723 1719/1719 1696/1696
f 1727/1727 1719/1719 1723/1723
f 1737/1737 1774/1774 1753/1753
f 1774/1774 1748/1748 1777/1777
f 1753/1753 1777/1777 1742/1742
f 1774/1774 1777/1777 1753/1753
f 1737/1737 1753/1753 1749/1749
f 1753/1753 1742/1742 1754/1754
f 1749/1749 1754/1754 1738/1738
f 1753/1753 1754/1754 1749/1749
f 1737/1737 1749/1749 1758/1758
f 1749/1749 1738/1738 1759/1759
f 1758/1758 1759/1759 1744/1744
f 1749/1749 1759/1759 1758/1758
f 1737/1737 1758/1758 1770/1770
f 1758/1758 1744/1744 1773/1773
f 1770/1770 1773/1773 1747/1747
f 1758/1758 1773/1773 1770/1770
f 1737/1737 1770/1770 1774/1774
f 1770/1770 1747/1747 1778/1778
f 1774/1774 1778/1778 1748/1748
f 1770/1770 1778/1778 1774/1774
f 1738/1738 1754/1754 1765/1765
f 1754/1754 1742/1742 1768/1768
f 1765/1765 1768/1768 1746/1746
f 1754/1754 1768/1768 1765/1765
f 1742/1742 1777/1777 1755/1755
f 1777/1777 1748/1748 1776/1776
f 1755/1755 1776/1776 1741/1741
f 1777/1777 1776/1776 1755/1755
f 1748/1748 1778/1778 1775/1775
f 1778/1778 1747/1747 1771/1771
f 1775/1775 1771/1771 1739/1739
f 1778/1778 1771/1771 1775/1775
f 1747/1747 1773/1773 1772/1772
f 1773/1773 1744/1744 1760/1760
f 1772/1772 1760/1760 1743/1743
f 1773/1773 1760/1760 1772/1772
f 1744/1744 1759/1759 1764/1764
f 1759/1759 1738/1738 1761/1761
f 1764/1764 1761/1761 1745/1745
f 1759/1759 1761/1761 1764/1764
f 1740/1740 1766/1766 1752/1752
f 1766/1766 1746/1746 1767/1767
f 1752/1752 1767/1767 1741/1741
f 1766/1766 1767/1767 1752/1752
f 1740/1740 1752/1752 1750/1750
f 1752/1752 1741/1741 1751/1751
f 1750/1750 1751/1751 1739/1739
f 1752/1752 1751/1751 1750/1750
f 1740/1740 1750/1750 1757/1757
f 1750/1750 1739/1739 1756/1756
f 1757/1757 1756/1756 1743/1743
f 1750/1750 1756/1756 1757/1757
f 1740/1740 1757/1757 1762/1762
f 1757/1757 1743/1743 1763/1763
f 1762/1762 1763/1763 1745/1745
f 1757/1757 1763/1763 1762/1762
f 1740/1740 1762/1762 1766/1766
f 1762/1762 1745/1745 1769/1769
f 1766/1766 1769/1769 1746/1746
f 1762/1762 1769/1769 1766/1766
f 1741/1741 1767/1767 1755/1755
f 1767/1767 1746/1746 1768/1768
f 1755/1755 1768/1768 1742/1742
f 1767/1767 1768/1768 1755/1755
f 1739/1739 1751/1751 1775/1775
f 1751/1751 1741/1741 1776/1776
f 1775/1775 1776/1776 1748/1748
f 1751/1751 1776/1776 1775/1775
f 1743/1743 1756/1756 1772/1772
f 1756/1756 1739/1739 1771/1771
f 1772/1772 1771/1771 1747/1747
f 1756/1756 1771/1771 1772/1772
f 1745/1745 1763/1763 1764/1764
f 1763/1763 1743/1743 1760/1760
f 1764/1764 1760/1760 1744/1744
f 1763/1763 1760/1760 1764/1764
f 1746/1746 1769/1769 1765/1765
f 1769/1769 1745/1745 1761/1761
f 1765/1765 1761/1761 1738/1738
f 1769/1769 1761/1761 1765/1765
f 1779/1779 1816/1816 1795/1795
f 1816/1816 1790/1790 1819/1819
f 1795/1795 1819/1819 1784/1784
f 1816/1816 1819/1819 1795/1795
f 1779/1779 1795/1795 1791/1791
f 1795/1795 1784/1784 1796/1796
f 1791/1791 1796/1796 1780/1780
f 1795/1795 1796/1796 1791/1791
f 1779/1779 1791/1791 1800/1800
f 1791/1791 1780/1780 1801/1801
f 1800/1800 1801/1801 1786/1786
f 1791/1791 1801/1801 1800/1800
f 1779/1779 1800/1800 1812/1812
f 1800/1800 1786/1786 1815/1815
f 1812/1812 1815/1815 1789/1789
f 1800/1800 1815/1815 1812/1812
f 1779/1779 1812/1812 1816/1816
f 1812/1812 1789/1789 1820/1820
f 1816/1816 1820/1820 1790/1790
f 1812/1812 1820/1820 1816/1816
f 1780/1780 1796/1796 1807/1807
f 1796/1796 1784/1784 1810/1810
f 1807/1807 1810/1810 1788/1788
f 1796/1796 1810/1810 1807/1807
f 1784/1784 1819/1819 1797/1797
f 1819/1819 1790/1790 1818/1818
f 1797/1797 1818/1818 1783/1783
f 1819/1819 1818/1818 1797/1797
f 1790/1790 1820/1820 1817/1817
f 1820/1820 1789/1789 1813/1813
f 1817/1817 1813/1813 1781/1781
f 1820/1820 1813/1813 1817/1817
f 1789/1789 1815/1815 1814/1814
f 1815/1815 1786/1786 1802/1802
f 1814/1814 1802/1802 1785/1785
f 1815/1815 1802/1802 1814/1814
f 1786/1786 1801/1801 1806/1806
f 1801/1801 1780/1780 1803/1803
f 1806/1806 1803/1803 1787/1787
f 1801/1801 1803/1803 1806/1806
f 1782/1782 1808/1808 1794/1794
f 1808/1808 1788/1788 1809/1809
f 1794/1794 1809/1809 1783/1783
f 1808/1808 1809/1809 1794/1794
f 1782/1782 1794/1794 1792/1792
f 1794/1794 1783/1783 1793/1793
f 1792/1792 1793/1793 1781/1781
f 1794/1794 1793/1793 1792/1792
f 1782/1782 1792/1792 1799/1799
f 1792/1792 1781/1781 1798/1798
f 1799/1799 1798/1798 1785/1785
f 1792/1792 1798/1798 1799/1799
f 1782/1782 1799/1799 1804/1804
f 1799/1799 1785/1785 1805/1805
f 1804/1804 1805/1805 1787/1787
f 1799/1799 1805/1805 1804/1804
f 1782/1782 1804/1804 1808/1808
f 1804/1804 1787/1787 1811/1811
f 1808/1808 1811/1811 1788/1788
f 1804/1804 1811/1811 1808/1808
f 1783/1783 1809/1809 1797/1797
f 1809/1809 1788/1788 1810/1810
f 1797/1797 1810/1810 1784/1784
f 1809/1809 1810/1810 1797/1797
f 1781/1781 1793/1793 1817/1817
f 1793/1793 1783/1783 1818/1818
f 1817/1817 1818/1818 1790/1790
f 1793/1793 1818/1818 1817/1817
f 1785/1785 1798/1798 1814/1814
f 1798/1798 1781/1781 1813/1813
f 1814/1814 1813/1813 1789/1789
f 1798/1798 1813/1813 1814/1814
f 1787/1787 1805/1805 1806/1806
f 1805/1805 1785/1785 1802/1802
f 1806/1806 1802/1802 1786/1786
f 1805/1805 1802/1802 1806/1806
f 1788/1788 1811/1811 1807/1807
f 1811/1811 1787/1787 1803/1803
f 1807/1807 1803/1803 1780/1780
f 1811/1811 1803/1803 1807/1807
f 1821/1821 1858/1858 1837/1837
f 1858/1858 1832/1832 1861/1861
f 1837/1837 1861/1861 1826/1826
f 1858/1858 1861/1861 1837/1837
f 1821/1821 1837/1837 1833/1833
f 1837/1837 1826/1826 1838/1838
f 1833/1833 1838/1838 1822/1822
f 1837/1837 1838/1838 1833/1833
f 1821/1821 1833/1833 1842/1842
f 1833/1833 1822/1822 1843/1843
f 1842/1842 1843/1843 1828/1828
f 1833/1833 1843/1843 1842/1842
f 1821/1821 1842/1842 1854/1854
f 1842/1842 1828/1828 1857/1857
f 1854/1854 1857/1857 1831/1831
f 1842/1842 1857/1857 1854/1854
f 1821/1821 1854/1854 1858/1858
f 1854/1854 1831/1831 1862/1862
f 1858/1858 1862/1862 1832/1832
f 1854/1854 1862/1862 1858/1858
f 1822/1822 1838/1838 1849/1849
f 1838/1838 1826/1826 1852/1852
f 1849/1849 1852/1852 1830/1830
f 1838/1838 1852/1852 1849/1849
f 1826/1826 1861/1861 1839/1839
f 1861/1861 1832/1832 1860/1860
f 1839/1839 1860/1860 1825/1825
f 1861/1861 1860/1860 1839/1839
f 1832/1832 1862/1862 1859/1859
f 1862/1862 1831/1831 1855/1855
f 1859/1859 1855/1855 1823/1823
f 1862/1862 1855/1855 1859/1859
f 1831/1831 1857/1857 1856/1856
f 1857/1857 1828/1828 1844/1844
f 1856/1856 1844/1844 1827/1827
f 1857/1857 1844/1844 1856/1856
f 1828/1828 1843/1843 1848/1848
f 1843/1843 1822/1822 1845/1845
f 1848/1848 1845/1845 1829/1829
f 1843/1843 1845/1845 1848/1848
f 1824/1824 1850/1850 1836/1836
f 1850/1850 1830/1830 1851/1851
f 1836/1836 1851/1851 1825/1825
f 1850/1850 1851/1851 1836/1836
f 1824/1824 1836/1836 1834/1834
f 1836/1836 1825/1825 1835/1835
f 1834/1834 1835/1835 1823/1823
f 1836/1836 1835/1835 1834/1834
f 1824/1824 1834/1834 1841/1841
f 1834/1834 1823/1823 1840/1840
f 1841/1841 1840/1840 1827/1827
f 1834/1834 1840/1840 1841/1841
f 1824/1824 1841/1841 1846/1846
f 1841/1841 1827/1827 1847/1847
f 1846/1846 1847/1847 1829/1829
f 1841/1841 1847/1847 1846/1846
f 1824/1824 1846/1846 1850/1850
f 1846/1846 1829/1829 1853/1853
f 1850/1850 1853/1853 1830/1830
f 1846/1846 1853/1853 1850/1850
f 1825/1825 1851/1851 1839/1839
f 1851/1851 1830/1830 1852/1852
f 1839/1839 1852/1852 1826/1826
f 1851/1851 1852/1852 1839/1839
f 1823/1823 1835/1835 1859/1859
f 1835/1835 1825/1825 1860/1860
f 1859/1859 1860/1860 1832/1832
f 1835/1835 1860/1860 1859/1859
f 1827/1827 1840/1840 1856/1856
f 1840/1840 1823/1823 1855/1855
f 1856/1856 1855/1855 1831/1831
f 1840/1840 1855/1855 1856/1856
f 1829/1829 1847/1847 1848/1848
f 1847/1847 1827/1827 1844/1844
f 1848/1848 1844/1844 1828/1828
f 1847/1847 1844/1844 1848/1848
f 1830/1830 1853/1853 1849/1849
f 1853/1853 1829/1829 1845/1845
f 1849/1849 1845/1845 1822/1822
f 1853/1853 1845/1845 1849/1849
f 1863/1863 1900/1900 1879/1879
f 1900/1900 1874/1874 1903/1903
f 1879/1879 1903/1903 1868/1868
f 1900/1900 1903/1903 1879/1879
f 1863/1863 1879/1879 1875/1875
f 1879/1879 1868/1868 1880/1880
f 1875/1875 1880/1880 1864/1864
f 1879/1879 1880/1880 1875/1875
f 1863/1863 1875/1875 1884/1884
f 1875/1875 1864/1864 1885/1885
f 1884/1884 1885/1885 1870/1870
f 1875/1875 1885/1885 1884/1884
f 1863/1863 1884/1884 1896/1896
f 1884/1884 1870/1870 1899/1899
f 1896/1896 1899/1899 1873/1873
f 1884/1884 1899/1899 1896/1896
f 1863/1863 1896/1896 1900/1900
f 1896/1896 1873/1873 1904/1904
f 1900/1900 1904/1904 1874/1874
f 1896/1896 1904/1904 1900/1900
f 1864/1864 1880/1880 1891/1891
f 1880/1880 1868/1868 1894/1894
f 1891/1891 1894/1894 1872/1872
f 1880/1880 1894/1894 1891/1891
f 1868/1868 1903/1903 1881/1881
f 1903/1903 1874/1874 1902/1902
f 1881/1881 1902/1902 1867/1867
f 1903/1903 1902/1902 1881/1881
f 1874/1874 1904/1904 1901/1901
f 1904/1904 1873/1873 1897/1897
f 1901/1901 1897/1897 1865/1865
f 1904/1904 1897/1897 1901/1901
f 1873/1873 1899/1899 1898/1898
f 1899/1899 1870/1870 1886/1886
f 1898/1898 1886/1886 1869/1869
f 1899/1899 1886/1886 1898/1898
f 1870/1870 1885/1885 1890/1890
f 1885/1885 1864/1864 1887/1887
f 1890/1890 1887/1887 1871/1871
f 1885/1885 1887/1887 1890/1890
f 1866/1866 1892/1892 1878/1878
f 1892/1892 1872/1872 1893/1893
f 1878/1878 1893/1893 1867/1867
f 1892/1892 1893/1893 1878/1878
f 1866/1866 1878/1878 1876/1876
f 1878/1878 1867/1867 1877/1877
f 1876/1876 1877/1877 1865/1865
f 1878/1878 1877/1877 1876/1876
f 1866/1866 1876/1876 1883/1883
f 1876/1876 1865/1865 1882/1882
f 1883/1883 1882/1882 1869/1869
f 1876/1876 1882/1882 1883/1883
f 1866/1866 1883/1883 1888/1888
f 1883/1883 1869/1869 1889/1889
f 1888/1888 1889/1889 1871/1871
f 1883/1883 1889/1889 1888/1888
f 1866/1866 1888/1888 1892/1892
f 1888/1888 1871/1871 1895/1895
f 1892/1892 1895/1895 1872/1872
f 1888/1888 1895/1895 1892/1892
f 1867/1867 1893/1893 1881/1881
f 1893/1893 1872/1872 1894/1894
f 1881/1881 1894/1894 1868/1868
f 1893/1893 1894/1894 1881/1881
f 1865/1865 1877/1877 1901/1901
f 1877/1877 1867/1867 1902/1902
f 1901/1901 1902/1902 1874/1874
f 1877/1877 1902/1902 1901/1901
f 1869/1869 1882/1882 1898/1898
f 1882/1882 1865/1865 1897/1897
f 1898/1898 1897/1897 1873/1873
f 1882/1882 1897/1897 1898/1898
f 1871/1871 1889/1889 1890/1890
f 1889/1889 1869/1869 1886/1886
f 1890/1890 1886/1886 1870/1870
f 1889/1889 1886/1886 1890/1890
f 1872/1872 1895/1895 1891/1891
f 1895/1895 1871/1871 1887/1887
f 1891/1891 1887/1887 1864/1864
f 1895/1895 1887/1887 1891/1891
f 1905/1905 1942/1942 1921/1921
f 1942/1942 1916/1916 1945/1945
f 1921/1921 1945/1945 1910/1910
f 1942/1942 1945/1945 1921/1921
f 1905/1905 1921/1921 1917/1917
f 1921/1921 1910/1910 1922/1922
f 1917/1917 1922/1922 1906/1906
f 1921/1921 1922/1922 1917/1917
f 1905/1905 1917/1917 1926/1926
f 1917/1917 1906/1906 1927/1927
f 1926/1926 1927/1927 1912/1912
f 1917/1917 1927/1927 1926/1926
f 1905/1905 1926/1926 1938/1938
f 1926/1926 1912/1912 1941/1941
f 1938/1938 1941/1941 1915/1915
f 1926/1926 1941/1941 1938/1938
f 1905/1905 1938/1938 1942/1942
f 1938/1938 1915/1915 1946/1946
f 1942/1942 1946/1946 1916/1916
f 1938/1938 1946/1946 1942/1942
f 1906/1906 1922/1922 1933/1933
f 1922/1922 1910/1910 1936/1936
f 1933/1933 1936/1936 1914/1914
f 1922/1922 1936/1936 1933/1933
f 1910/1910 1945/1945 1923/1923
f 1945/1945 1916/1916 1944/1944
f 1923/1923 1944/1944 1909/1909
f 1945/1945 1944/1944 1923/1923
f 1916/1916 1946/1946 1943/1943
f 1946/1946 1915/1915 1939/1939
f 1943/1943 1939/1939 1907/1907
f 1946/1946 1939/1939 1943/1943
f 1915/1915 1941/1941 1940/1940
f 1941/1941 1912/1912 1928/1928
f 1940/1940 1928/1928 1911/1911
f 1941/1941 1928/1928 1940/1940
f 1912/1912 1927/1927 1932/1932
f 1927/1927 1906/1906 1929/1929
f 1932/1932 1929/1929 1913/1913
f 1927/1927 1929/1929 1932/1932
f 1908/1908 1934/1934 1920/1920
f 1934/1934 1914/1914 1935/1935
f 1920/1920 1935/1935 1909/1909
f 1934/1934 1935/1935 1920/1920
f 1908/1908 1920/1920 1918/1918
f 1920/1920 1909/1909 1919/1919
f 1918/1918 1919/1919 1907/1907
f 1920/1920 1919/1919 1918/1918
f 1908/1908 1918/1918 1925/1925
f 1918/1918 1907/1907 1924/1924
f 1925/1925 1924/1924 1911/1911
f 1918/1918 1924/1924 1925/1925
f 1908/1908 1925/1925 1930/1930
f 1925/1925 1911/1911 1931/1931
f 1930/1930 1931/1931 1913/1913
f 1925/1925 1931/1931 1930/1930
f 1908/1908 1930/1930 1934/1934
f 1930/1930 1913/1913 1937/1937
f 1934/1934 1937/1937 1914/1914
f 1930/1930 1937/1937 1934/1934
f 1909/1909 1935/1935 1923/1923
f 1935/1935 1914/1914 1936/1936
f 1923/1923 1936/1936 1910/1910
f 1935/1935 1936/1936 1923/1923
f 1907/1907 1919/1919 1943/1943
f 1919/1919 1909/1909 1944/1944
f 1943/1943 1944/1944 1916/1916
f 1919/1919 1944/1944 1943/1943
f 1911/1911 1924/1924 1940/1940
f 1924/1924 1907/1907 1939/1939
f 1940/1940 1939/1939 1915/1915
f 1924/1924 1939/1939 1940/1940
f 1913/1913 1931/1931 1932/1932
f 1931/1931 1911/1911 1928/1928
f 1932/1932 1928/1928 1912/1912
f 1931/1931 1928/1928 1932/1932
f 1914/1914 1937/1937 1933/1933
f 1937/1937 1913/1913 1929/1929
f 1933/1933 1929/1929 1906/1906
f 1937/1937 1929/1929 1933/1933
f 1947/1947 1984/1984 1963/1963
f 1984/1984 1958/1958 1987/1987
f 1963/1963 1987/1987 1952/1952
f 1984/1984 1987/1987 1963/1963
f 1947/1947 1963/1963 1959/1959
f 1963/1963 1952/1952 1964/1964
f 1959/1959 1964/1964 1948/1948
f 1963/1963 1964/1964 1959/1959
f 1947/1947 1959/1959 1968/1968
f 1959/1959 1948/1948 1969/1969
f 1968/1968 1969/1969 1954/1954
f 1959/1959 1969/1969 1968/1968
f 1947/1947 1968/1968 1980/1980
f 1968/1968 1954/1954 1983/1983
f 1980/1980 1983/1983 1957/1957
f 1968/1968 1983/1983 1980/1980
f 1947/1947 1980/1980 1984/1984
f 1980/1980 1957/1957 1988/1988
f 1984/1984 1988/1988 1958/1958
f 1980/1980 1988/1988 1984/1984
f 1948/1948 1964/1964 1975/1975
f 1964/1964 1952/1952 1978/1978
f 1975/1975 1978/1978 1956/1956
f 1964/1964 1978/1978 1975/1975
f 1952/1952 1987/1987 1965/1965
f 1987/1987 1958/1958 1986/1986
f 1965/1965 1986/1986 1951/1951
f 1987/1987 1986/1986 1965/1965
f 1958/1958 1988/1988 1985/1985
f 1988/1988 1957/1957 1981/1981
f 1985/1985 1981/1981 1949/1949
f 1988/1988 1981/1981 1985/1985
f 1957/1957 1983/1983 1982/1982
f 1983/1983 1954/1954 1970/1970
f 1982/1982 1970/1970 1953/1953
f 1983/1983 1970/1970 1982/1982
f 1954/1954 1969/1969 1974/1974
f 1969/1969 1948/1948 1971/1971
f 1974/1974 1971/1971 1955/1955
f 1969/1969 1971/1971 1974/1974
f 1950/1950 1976/1976 1962/1962
f 1976/1976 1956/1956 1977/1977
f 1962/1962 1977/1977 1951/1951
f 1976/1976 1977/1977 1962/1962
f 1950/1950 1962/1962 1960/1960
f 1962/1962 1951/1951 1961/1961
f 1960/1960 1961/1961 1949/1949
f 1962/1962 1961/1961 1960/1960
f 1950/1950 1960/1960 1967/1967
f 1960/1960 1949/1949 1966/1966
f 1967/1967 1966/1966 1953/1953
f 1960/1960 1966/1966 1967/1967
f 1950/1950 1967/1967 1972/1972
f 1967/1967 1953/1953 1973/1973
f 1972/1972 1973/1973 1955/1955
f 1967/1967 1973/1973 1972/1972
f 1950/1950 1972/1972 1976/1976
f 1972/1972 1955/1955 1979/1979
f 1976/1976 1979/1979 1956/1956
f 1972/1972 1979/1979 1976/1976
f 1951/1951 1977/1977 1965/1965
f 1977/1977 1956/1956 1978/1978
f 1965/1965 1978/1978 1952/1952
f 1977/1977 1978/1978 1965/1965
f 1949/1949 1961/1961 1985/1985
f 1961/1961 1951/1951 1986/1986
f 1985/1985 1986/1986 1958/1958
f 1961/1961 1986/1986 1985/1985
f 1953/1953 1966/1966 1982/1982
f 1966/1966 1949/1949 1981/1981
f 1982/1982 1981/1981 1957/1957
f 1966/1966 1981/1981 1982/1982
f 1955/1955 1973/1973 1974/1974
f 1973/1973 1953/1953 1970/1970
f 1974/1974 1970/1970 1954/1954
f 1973/1973 1970/1970 1974/1974
f 1956/1956 1979/1979 1975/1975
f 1979/1979 1955/1955 1971/1971
f 1975/1975 1971/1971 1948/1948
f 1979/1979 1971/1971 1975/1975
f 1989/1989 2026/2026 2005/2005
f 2026/2026 2000/2000 2029/2029
f 2005/2005 2029/2029 1994/1994
f 2026/2026 2029/2029 2005/2005
f 1989/1989 2005/2005 2001/2001
f 2005/2005 1994/1994 2006/2006
f 2001/2001 2006/2006 1990/1990
f 2005/2005 2006/2006 2001/2001
f 1989/1989 2001/2001 2010/2010
f 2001/2001 1990/1990 2011/2011
f 2010/2010 2011/2011 1996/1996
f 2001/2001 2011/2011 2010/2010
f 1989/1989 2010/2010 2022/2022
f 2010/2010 1996/1996 2025/2025
f 2022/2022 2025/2025 1999/1999
f 2010/2010 2025/2025 2022/2022
f 1989/1989 2022/2022 2026/2026
f 2022/2022 1999/1999 2030/2030
f 2026/2026 2030/2030 2000/2000
f 2022/2022 2030/2030 2026/2026
f 1990/1990 2006/2006 2017/2017
f 2006/2006 1994/1994 2020/2020
f 2017/2017 2020/2020 1998/1998
f 2006/2006 2020/2020 2017/2017
f 1994/1994 2029/2029 2007/2007
f 2029/2029 2000/2000 2028/2028
f 2007/2007 2028/2028 1993/1993
f 2029/2029 2028/2028 2007/2007
f 2000/2000 2030/2030 2027/2027
f 2030/2030 1999/1999 2023/2023
f 2027/2027 2023/2023 1991/1991
f 2030/2030 2023/2023 2027/2027
f 1999/1999 2025/2025 2024/2024
f 2025/2025 1996/1996 2012/2012
f 2024/2024 2012/2012 1995/1995
f 2025/2025 2012/2012 2024/2024
f 1996/1996 2011/2011 2016/2016
f 2011/2011 1990/1990 2013/2013
f 2016/2016 2013/2013 1997/1997
f 2011/2011 2013/2013 2016/2016
f 1992/1992 2018/2018 2004/2004
f 2018/2018 1998/1998 2019/2019
f 2004/2004 2019/2019 1993/1993
f 2018/2018 2019/2019 2004/2004
f 1992/1992 2004/2004 2002/2002
f 2004/2004 1993/1993 2003/2003
f 2002/2002 2003/2003 1991/1991
f 2004/2004 2003/2003 2002/2002
f 1992/1992 2002/2002 2009/2009
f 2002/2002 1991/1991 2008/2008
f 2009/2009 2008/2008 1995/1995
f 2002/2002 2008/2008 2009/2009
f 1992/1992 2009/2009 2014/2014
f 2009/2009 1995/1995 2015/2015
f 2014/2014 2015/2015 1997/1997
f 2009/2009 2015/2015 2014/2014
f 1992/1992 2014/2014 2018/2018
f 2014/2014 1997/1997 2021/2021
f 2018/2018 2021/2021 1998/1998
f 2014/2014 2021/2021 2018/2018
f 1993/1993 2019/2019 2007/2007
f 2019/2019 1998/1998 2020/2020
f 2007/2007 2020/2020 1994/1994
f 2019/2019 2020/2020 2007/2007
f 1991/1991 2003/2003 2027/2027
f 2003/2003 1993/1993 2028/2028
f 2027/2027 2028/2028 2000/2000
f 2003/2003 2028/2028 2027/2027
f 1995/1995 2008/2008 2024/2024
f 2008/2008 1991/1991 2023/2023
f 2024/2024 2023/2023 1999/1999
f 2008/2008 2023/2023 2024/2024
f 1997/1997 2015/2015 2016/2016
f 2015/2015 1995/1995 2012/2012
f 2016/2016 2012/2012 1996/1996
f 2015/2015 2012/2012 2016/2016
f 1998/1998 2021/2021 2017/2017
f 2021/2021 1997/1997 2013/2013
f 2017/2017 2013/2013 1990/1990
f 2021/2021 2013/2013 2017/2017
f 2031/2031 2068/2068 2047/2047
f 2068/2068 2042/2042 2071/2071
f 2047/2047 2071/2071 2036/2036
f 2068/2068 2071/2071 2047/2047
f 2031/2031 2047/2047 2043/2043
f 2047/2047 2036/2036 2048/2048
f 2043/2043 2048/2048 2032/2032
f 2047/2047 2048/2048 2043/2043
f 2031/2031 2043/2043 2052/2052
f 2043/2043 2032/2032 2053/2053
f 2052/2052 2053/2053 2038/2038
f 2043/2043 2053/2053 2052/2052
f 2031/2031 2052/2052 2064/2064
f 2052/2052 2038/2038 2067/2067
f 2064/2064 2067/2067 2041/2041
f 2052/2052 2067/2067 2064/2064
f 2031/2031 2064/2064 2068/2068
f 2064/2064 2041/2041 2072/2072
f 2068/2068 2072/2072 2042/2042
f 2064/2064 2072/2072 2068/2068
f 2032/2032 2048/2048 2059/2059
f 2048/2048 2036/2036 2062/2062
f 2059/2059 2062/2062 2040/2040
f 2048/2048 2062/2062 2059/2059
f 2036/2036 2071/2071 2049/2049
f 2071/2071 2042/2042 2070/2070
f 2049/2049 2070/2070 2035/2035
f 2071/2071 2070/2070 2049/2049
f 2042/2042 2072/2072 2069/2069
f 2072/2072 2041/2041 2065/2065
f 2069/2069 2065/2065 2033/2033
f 2072/2072 2065/2065 2069/2069
f 2041/2041 2067/2067 2066/2066
f 2067/2067 2038/2038 2054/2054
f 2066/2066 2054/2054 2037/2037
f 2067/2067 2054/2054 2066/2066
f 2038/2038 2053/2053 2058/2058
f 2053/2053 2032/2032 2055/2055
f 2058/2058 2055/2055 2039/2039
f 2053/2053 2055/2055 2058/2058
f 2034/2034 2060/2060 2046/2046
f 2060/2060 2040/2040 2061/2061
f 2046/2046 2061/2061 2035/2035
f 2060/2060 2061/2061 2046/2046
f 2034/2034 2046/2046 2044/2044
f 2046/2046 2035/2035 2045/2045
f 2044/2044 2045/2045 2033/2033
f 2046/2046 2045/2045 2044/2044
f 2034/2034 2044/2044 2051/2051
f 2044/2044 2033/2033 2050/2050
f 2051/2051 2050/2050 2037/2037
f 2044/2044 2050/2050 2051/2051
f 2034/2034 2051/2051 2056/2056
f 2051/2051 2037/2037 2057/2057
f 2056/2056 2057/2057 2039/2039
f 2051/2051 2057/2057 2056/2056
f 2034/2034 2056/2056 2060/2060
f 2056/2056 2039/2039 2063/2063
f 2060/2060 2063/2063 2040/2040
f 2056/2056 2063/2063 2060/2060
f 2035/2035 2061/2061 2049/2049
f 2061/2061 2040/2040 2062/2062
f 2049/2049 2062/2062 2036/2036
f 2061/2061 2062/2062 2049/2049
f 2033/2033 2045/2045 2069/2069
f 2045/2045 2035/2035 2070/2070
f 2069/2069 2070/2070 2042/2042
f 2045/2045 2070/2070 2069/2069
f 2037/2037 2050/2050 2066/2066
f 2050/2050 2033/2033 2065/2065
f 2066/2066 2065/2065 2041/2041
f 2050/2050 2065/2065 2066/2066
f 2039/2039 2057/2057 2058/2058
f 2057/2057 2037/2037 2054/2054
f 2058/2058 2054/2054 2038/2038
f 2057/2057 2054/2054 2058/2058
f 2040/2040 2063/2063 2059/2059
f 2063/2063 2039/2039 2055/2055
f 2059/2059 2055/2055 2032/2032
f 2063/2063 2055/2055 2059/2059
f 2073/2073 2110/2110 2089/2089
f 2110/2110 2084/2084 2113/2113
f 2089/2089 2113/2113 2078/2078
f 2110/2110 2113/2113 2089/2089
f 2073/2073 2089/2089 2085/2085
f 2089/2089 2078/2078 2090/2090
f 2085/2085 2090/2090 2074/2074
f 2089/2089 2090/2090 2085/2085
f 2073/2073 2085/2085 2094/2094
f 2085/2085 2074/2074 2095/2095
f 2094/2094 2095/2095 2080/2080
f 2085/2085 2095/2095 2094/2094
f 2073/2073 2094/2094 2106/2106
f 2094/2094 2080/2080 2109/2109
f 2106/2106 2109/2109 2083/2083
f 2094/2094 2109/2109 2106/2106
f 2073/2073 2106/2106 2110/2110
f 2106/2106 2083/2083 2114/2114
f 2110/2110 2114/2114 2084/2084
f 2106/2106 2114/2114 2110/2110
f 2074/2074 2090/2090 2101/2101
f 2090/2090 2078/2078 2104/2104
f 2101/2101 2104/2104 2082/2082
f 2090/2090 2104/2104 2101/2101
f 2078/2078 2113/2113 2091/2091
f 2113/2113 2084/2084 2112/2112
f 2091/2091 2112/2112 2077/2077
f 2113/2113 2112/2112 2091/2091
f 2084/2084 2114/2114 2111/2111
f 2114/2114 2083/2083 2107/2107
f 2111/2111 2107/2107 2075/2075
f 2114/2114 2107/2107 2111/2111
f 2083/2083 2109/2109 2108/2108
f 2109/2109 2080/2080 2096/2096
f 2108/2108 2096/2096 2079/2079
f 2109/2109 2096/2096 2108/2108
f 2080/2080 2095/2095 2100/2100
f 2095/2095 2074/2074 2097/2097
f 2100/2100 2097/2097 2081/2081
f 2095/2095 2097/2097 2100/2100
f 2076/2076 2102/2102 2088/2088
f 2102/2102 2082/2082 2103/2103
f 2088/2088 2103/2103 2077/2077
f 2102/2102 2103/2103 2088/2088
f 2076/2076 2088/2088 2086/2086
f 2088/2088 2077/2077 2087/2087
f 2086/2086 2087/2087 2075/2075
f 2088/2088 2087/2087 2086/2086
f 2076/2076 2086/2086 2093/2093
f 2086/2086 2075/2075 2092/2092
f 2093/2093 2092/2092 2079/2079
f 2086/2086 2092/2092 2093/2093
f 2076/2076 2093/2093 2098/2098
f 2093/2093 2079/2079 2099/2099
f 2098/2098 2099/2099 2081/2081
f 2093/2093 2099/2099 2098/2098
f 2076/2076 2098/2098 2102/2102
f 2098/2098 2081/2081 2105/2105
f 2102/2102 2105/2105 2082/2082
f 2098/2098 2105/2105 2102/2102
f 2077/2077 2103/2103 2091/2091
f 2103/2103 2082/2082 2104/2104
f 2091/2091 2104/2104 2078/2078
f 2103/2103 2104/2104 2091/2091
f 2075/2075 2087/2087 2111/2111
f 2087/2087 2077/2077 2112/2112
f 2111/2111 2112/2112 2084/2084
f 2087/2087 2112/2112 2111/2111
f 2079/2079 2092/2092 2108/2108
f 2092/2092 2075/2075 2107/2107
f 2108/2108 2107/2107 2083/2083
f 2092/2092 2107/2107 2108/2108
f 2081/2081 2099/2099 2100/2100
f 2099/2099 2079/2079 2096/2096
f 2100/2100 2096/2096 2080/2080
f 2099/2099 2096/2096 2100/2100
f 2082/2082 2105/2105 2101/2101
f 2105/2105 2081/2081 2097/2097
f 2101/2101 2097/2097 2074/2074
f 2105/2105 2097/2097 2101/2101
f 2115/2115 2152/2152 2131/2131
f 2152/2152 2126/2126 2155/2155
f 2131/2131 2155/2155 2120/2120
f 2152/2152 2155/2155 2131/2131
f 2115/2115 2131/2131 2127/2127
f 2131/2131 2120/2120 2132/2132
f 2127/2127 2132/2132 2116/2116
f 2131/2131 2132/2132 2127/2127
f 2115/2115 2127/2127 2136/2136
f 2127/2127 2116/2116 2137/2137
f 2136/2136 2137/2137 2122/2122
f 2127/2127 2137/2137 2136/2136
f 2115/2115 2136/2136 2148/2148
f 2136/2136 2122/2122 2151/2151
f 2148/2148 2151/2151 2125/2125
f 2136/2136 2151/2151 2148/2148
f 2115/2115 2148/2148 2152/2152
f 2148/2148 2125/2125 2156/2156
f 2152/2152 2156/2156 2126/2126
f 2148/2148 2156/2156 2152/2152
f 2116/2116 2132/2132 2143/2143
f 2132/2132 2120/2120 2146/2146
f 2143/2143 2146/2146 2124/2124
f 2132/2132 2146/2146 2143/2143
f 2120/2120 2155/2155 2133/2133
f 2155/2155 2126/2126 2154/2154
f 2133/2133 2154/2154 2119/2119
f 2155/2155 2154/2154 2133/2133
f 2126/2126 2156/2156 2153/2153
f 2156/2156 2125/2125 2149/2149
f 2153/2153 2149/2149 2117/2117
f 2156/2156 2149/2149 2153/2153
f 2125/2125 2151/2151 2150/2150
f 2151/2151 2122/2122 2138/2138
f 2150/2150 2138/2138 2121/2121
f 2151/2151 2138/2138 2150/2150
f 2122/2122 2137/2137 2142/2142
f 2137/2137 2116/2116 2139/2139
f 2142/2142 2139/2139 2123/2123
f 2137/2137 2139/2139 2142/2142
f 2118/2118 2144/2144 2130/2130
f 2144/2144 2124/2124 2145/2145
f 2130/2130 2145/2145 2119/2119
f 2144/2144 2145/2145 2130/2130
f 2118/2118 2130/2130 2128/2128
f 2130/2130 2119/2119 2129/2129
f 2128/2128 2129/2129 2117/2117
f 2130/2130 2129/2129 2128/2128
f 2118/2118 2128/2128 2135/2135
f 2128/2128 2117/2117 2134/2134
f 2135/2135 2134/2134 2121/2121
f 2128/2128 2134/2134 2135/2135
f 2118/2118 2135/2135 2140/2140
f 2135/2135 2121/2121 2141/2141
f 2140/2140 2141/2141 2123/2123
f 2135/2135 2141/2141 2140/2140
f 2118/2118 2140/2140 2144/2144
f 2140/2140 2123/2123 2147/2147
f 2144/2144 2147/2147 2124/2124
f 2140/2140 2147/2147 2144/2144
f 2119/2119 2145/2145 2133/2133
f 2145/2145 2124/2124 2146/2146
f 2133/2133 2146/2146 2120/2120
f 2145/2145 2146/2146 2133/2133
f 2117/2117 2129/2129 2153/2153
f 2129/2129 2119/2119 2154/2154
f 2153/2153 2154/2154 2126/2126
f 2129/2129 2154/2154 2153/2153
f 2121/2121 2134/2134 2150/2150
f 2134/2134 2117/2117 2149/2149
f 2150/2150 2149/2149 2125/2125
f 2134/2134 2149/2149 2150/2150
f 2123/2123 2141/2141 2142/2142
f 2141/2141 2121/2121 2138/2138
f 2142/2142 2138/2138 2122/2122
f 2141/2141 2138/2138 2142/2142
f 2124/2124 2147/2147 2143/2143
f 2147/2147 2123/2123 2139/2139
f 2143/2143 2139/2139 2116/2116
f 2147/2147 2139/2139 2143/2143
f 2157/2157 2194/2194 2173/2173
f 2194/2194 2168/2168 2197/2197
f 2173/2173 2197/2197 2162/2162
f 2194/2194 2197/2197 2173/2173
f 2157/2157 2173/2173 2169/2169
f 2173/2173 2162/2162 2174/2174
f 2169/2169 2174/2174 2158/2158
f 2173/2173 2174/2174 2169/2169
f 2157/2157 2169/2169 2178/2178
f 2169/2169 2158/2158 2179/2179
f 2178/2178 2179/2179 2164/2164
f 2169/2169 2179/2179 2178/2178
f 2157/2157 2178/2178 2190/2190
f 2178/2178 2164/2164 2193/2193
f 2190/2190 2193/2193 2167/2167
f 2178/2178 2193/2193 2190/2190
f 2157/2157 2190/2190 2194/2194
f 2190/2190 2167/2167 2198/2198
f 2194/2194 2198/2198 2168/2168
f 2190/2190 2198/2198 2194/2194
f 2158/2158 2174/2174 2185/2185
f 2174/2174 2162/2162 2188/2188
f 2185/2185 2188/2188 2166/2166
f 2174/2174 2188/2188 2185/2185
f 2162/2162 2197/2197 2175/2175
f 2197/2197 2168/2168 2196/2196
f 2175/2175 2196/2196 2161/2161
f 2197/2197 2196/2196 2175/2175
f 2168/2168 2198/2198 2195/2195
f 2198/2198 2167/2167 2191/2191
f 2195/2195 2191/2191 2159/2159
f 2198/2198 2191/2191 2195/2195
f 2167/2167 2193/2193 2192/2192
f 2193/2193 2164/2164 2180/2180
f 2192/2192 2180/2180 2163/2163
f 2193/2193 2180/2180 2192/2192
f 2164/2164 2179/2179 2184/2184
f 2179/2179 2158/2158 2181/2181
f 2184/2184 2181/2181 2165/2165
f 2179/2179 2181/2181 2184/2184
f 2160/2160 2186/2186 2172/2172
f 2186/2186 2166/2166 2187/2187
f 2172/2172 2187/2187 2161/2161
f 2186/2186 2187/2187 2172/2172
f 2160/2160 2172/2172 2170/2170
f 2172/2172 2161/2161 2171/2171
f 2170/2170 2171/2171 2159/2159
f 2172/2172 2171/2171 2170/2170
f 2160/2160 2170/2170 2177/2177
f 2170/2170 2159/2159 2176/2176
f 2177/2177 2176/2176 2163/2163
f 2170/2170 2176/2176 2177/2177
f 2160/2160 2177/2177 2182/2182
f 2177/2177 2163/2163 2183/2183
f 2182/2182 2183/2183 2165/2165
f 2177/2177 2183/2183 2182/2182
f 2160/2160 2182/2182 2186/2186
f 2182/2182 2165/2165 2189/2189
f 2186/2186 2189/2189 2166/2166
f 2182/2182 2189/2189 2186/2186
f 2161/2161 2187/2187 2175/2175
f 2187/2187 2166/2166 2188/2188
f 2175/2175 2188/2188 2162/2162
f 2187/2187 2188/2188 2175/2175
f 2159/2159 2171/2171 2195/2195
f 2171/2171 2161/2161 2196/2196
f 2195/2195 2196/2196 2168/2168
f 2171/2171 2196/2196 2195/2195
f 2163/2163 2176/2176 2192/2192
f 2176/2176 2159/2159 2191/2191
f 2192/2192 2191/2191 2167/2167
f 2176/2176 2191/2191 2192/2192
f 2165/2165 2183/2183 2184/2184
f 2183/2183 2163/2163 2180/2180
f 2184/2184 2180/2180 2164/2164
f 2183/2183 2180/2180 2184/2184
f 2166/2166 2189/2189 2185/2185
f 2189/2189 2165/2165 2181/2181
f 2185/2185 2181/2181 2158/2158
f 2189/2189 2181/2181 2185/2185
f 2199/2199 2236/2236 2215/2215
f 2236/2236 2210/2210 2239/2239
f 2215/2215 2239/2239 2204/2204
f 2236/2236 2239/2239 2215/2215
f 2199/2199 2215/2215 2211/2211
f 2215/2215 2204/2204 2216/2216
f 2211/2211 2216/2216 2200/2200
f 2215/2215 2216/2216 2211/2211
f 2199/2199 2211/2211 2220/2220
f 2211/2211 2200/2200 2221/2221
f 2220/2220 2221/2221 2206/2206
f 2211/2211 2221/2221 2220/2220
f 2199/2199 2220/2220 2232/2232
f 2220/2220 2206/2206 2235/2235
f 2232/2232 2235/2235 2209/2209
f 2220/2220 2235/2235 2232/2232
f 2199/2199 2232/2232 2236/2236
f 2232/2232 2209/2209 2240/2240
f 2236/2236 2240/2240 2210/2210
f 2232/2232 2240/2240 2236/2236
f 2200/2200 2216/2216 2227/2227
f 2216/2216 2204/2204 2230/2230
f 2227/2227 2230/2230 2208/2208
f 2216/2216 2230/2230 2227/2227
f 2204/2204 2239/2239 2217/2217
f 2239/2239 2210/2210 2238/2238
f 2217/2217 2238/2238 2203/2203
f 2239/2239 2238/2238 2217/2217
f 2210/2210 2240/2240 2237/2237
f 2240/2240 2209/2209 2233/2233
f 2237/2237 2233/2233 2201/2201
f 2240/2240 2233/2233 2237/2237
f 2209/2209 2235/2235 2234/2234
f 2235/2235 2206/2206 2222/2222
f 2234/2234 2222/2222 2205/2205
f 2235/2235 2222/2222 2234/2234
f 2206/2206 2221/2221 2226/2226
f 2221/2221 2200/2200 2223/2223
f 2226/2226 2223/2223 2207/2207
f 2221/2221 2223/2223 2226/2226
f 2202/2202 2228/2228 2214/2214
f 2228/2228 2208/2208 2229/2229
f 2214/2214 2229/2229 2203/2203
f 2228/2228 2229/2229 2214/2214
f 2202/2202 2214/2214 2212/2212
f 2214/2214 2203/2203 2213/2213
f 2212/2212 2213/2213 2201/2201
f 2214/2214 2213/2213 2212/2212
f 2202/2202 2212/2212 2219/2219
f 2212/2212 2201/2201 2218/2218
f 2219/2219 2218/2218 2205/2205
f 2212/2212 2218/2218 2219/2219
f 2202/2202 2219/2219 2224/2224
f 2219/2219 2205/2205 2225/2225
f 2224/2224 2225/2225 2207/2207
f 2219/2219 2225/2225 2224/2224
f 2202/2202 2224/2224 2228/2228
f 2224/2224 2207/2207 2231/2231
f 2228/2228 2231/2231 2208/2208
f 2224/2224 2231/2231 2228/2228
f 2203/2203 2229/2229 2217/2217
f 2229/2229 2208/2208 2230/2230
f 2217/2217 2230/2230 2204/2204
f 2229/2229 2230/2230 2217/2217
f 2201/2201 2213/2213 2237/2237
f 2213/2213 2203/2203 2238/2238
f 2237/2237 2238/2238 2210/2210
f 2213/2213 2238/2238 2237/2237
f 2205/2205 2218/2218 2234/2234
f 2218/2218 2201/2201 2233/2233
f 2234/2234 2233/2233 2209/2209
f 2218/2218 2233/2233 2234/2234
f 2207/2207 2225/2225 2226/2226
f 2225/2225 2205/2205 2222/2222
f 2226/2226 2222/2222 2206/2206
f 2225/2225 2222/2222 2226/2226
f 2208/2208 2231/2231 2227/2227
f 2231/2231 2207/2207 2223/2223
f 2227/2227 2223/2223 2200/2200
f 2231/2231 2223/2223 2227/2227
f 2241/2241 2278/2278 2257/2257
f 2278/2278 2252/2252 2281/2281
f 2257/2257 2281/2281 2246/2246
f 2278/2278 2281/2281 2257/2257
f 2241/2241 2257/2257 2253/2253
f 2257/2257 2246/2246 2258/2258
f 2253/2253 2258/2258 2242/2242
f 2257/2257 2258/2258 2253/2253
f 2241/2241 2253/2253 2262/2262
f 2253/2253 2242/2242 2263/2263
f 2262/2262 2263/2263 2248/2248
f 2253/2253 2263/2263 2262/2262
f 2241/2241 2262/2262 2274/2274
f 2262/2262 2248/2248 2277/2277
f 2274/2274 2277/2277 2251/2251
f 2262/2262 2277/2277 2274/2274
f 2241/2241 2274/2274 2278/2278
f 2274/2274 2251/2251 2282/2282
f 2278/2278 2282/2282 2252/2252
f 2274/2274 2282/2282 2278/2278
f 2242/2242 2258/2258 2269/2269
f 2258/2258 2246/2246 2272/2272
f 2269/2269 2272/2272 2250/2250
f 2258/2258 2272/2272 2269/2269
f 2246/2246 2281/2281 2259/2259
f 2281/2281 2252/2252 2280/2280
f 2259/2259 2280/2280 2245/2245
f 2281/2281 2280/2280 2259/2259
f 2252/2252 2282/2282 2279/2279
f 2282/2282 2251/2251 2275/2275
f 2279/2279 2275/2275 2243/2243
f 2282/2282 2275/2275 2279/2279
f 2251/2251 2277/2277 2276/2276
f 2277/2277 2248/2248 2264/2264
f 2276/2276 2264/2264 2247/2247
f 2277/2277 2264/2264 2276/2276
f 2248/2248 2263/2263 2268/2268
f 2263/2263 2242/2242 2265/2265
f 2268/2268 2265/2265 2249/2249
f 2263/2263 2265/2265 2268/2268
f 2244/2244 2270/2270 2256/2256
f 2270/2270 2250/2250 2271/2271
f 2256/2256 2271/2271 2245/2245
f 2270/2270 2271/2271 2256/2256
f 2244/2244 2256/2256 2254/2254
f 2256/2256 2245/2245 2255/2255
f 2254/2254 2255/2255 2243/2243
f 2256/2256 2255/2255 2254/2254
f 2244/2244 2254/2254 2261/2261
f 2254/2254 2243/2243 2260/2260
f 2261/2261 2260/2260 2247/2247
f 2254/2254 2260/2260 2261/2261
f 2244/2244 2261/2261 2266/2266
f 2261/2261 2247/2247 2267/2267
f 2266/2266 2267/2267 2249/2249
f 2261/2261 2267/2267 2266/2266
f 2244/2244 2266/2266 2270/2270
f 2266/2266 2249/2249 2273/2273
f 2270/2270 2273/2273 2250/2250
f 2266/2266 2273/2273 2270/2270
f 2245/2245 2271/2271 2259/2259
f 2271/2271 2250/2250 2272/2272
f 2259/2259 2272/2272 2246/2246
f 2271/2271 2272/2272 2259/2259
f 2243/2243 2255/2255 2279/2279
f 2255/2255 2245/2245 2280/2280
f 2279/2279 2280/2280 2252/2252
f 2255/2255 2280/2280 2279/2279
f 2247/2247 2260/2260 2276/2276
f 2260/2260 2243/2243 2275/2275
f 2276/2276 2275/2275 2251/2251
f 2260/2260 2275/2275 2276/2276
f 2249/2249 2267/2267 2268/2268
f 2267/2267 2247/2247 2264/2264
f 2268/2268 2264/2264 2248/2248
f 2267/2267 2264/2264 2268/2268
f 2250/2250 2273/2273 2269/2269
f 2273/2273 2249/2249 2265/2265
f 2269/2269 2265/2265 2242/2242
f 2273/2273 2265/2265 2269/2269
f 2284/2284 2283/2283 2287/2287
f 2284/2284 2287/2287 2285/2285
f 2285/2285 2287/2287 2288/2288
f 2285/2285 2288/2288 2286/2286
f 2287/2287 2283/2283 2289/2289
f 2287/2287 2289/2289 2288/2288
f 2288/2288 2289/2289 2290/2290
f 2288/2288 2290/2290 2286/2286
f 2289/2289 2283/2283 2291/2291
f 2289/2289 2291/2291 2290/2290
f 2290/2290 2291/2291 2292/2292
f 2290/2290 2292/2292 2286/2286
f 2291/2291 2283/2283 2293/2293
f 2291/2291 2293/2293 2292/2292
f 2292/2292 2293/2293 2294/2294
f 2292/2292 2294/2294 2286/2286
f 2293/2293 2283/2283 2295/2295
f 2293/2293 2295/2295 2294/2294
f 2294/2294 2295/2295 2296/2296
f 2294/2294 2296/2296 2286/2286
f 2295/2295 2283/2283 2297/2297
f 2295/2295 2297/2297 2296/2296
f 2296/2296 2297/2297 2298/2298
f 2296/2296 2298/2298 2286/2286
f 2297/2297 2283/2283 2299/2299
f 2297/2297 2299/2299 2298/2298
f 2298/2298 2299/2299 2300/2300
f 2298/2298 2300/2300 2286/2286
f 2299/2299 2283/2283 2301/2301
f 2299/2299 2301/2301 2300/2300
f 2300/2300 2301/2301 2302/2302
f 2300/2300 2302/2302 2286/2286
f 2301/2301 2283/2283 2303/2303
f 2301/2301 2303/2303 2302/2302
f 2302/2302 2303/2303 2304/2304
f 2302/2302 2304/2304 2286/2286
f 2303/2303 2283/2283 2305/2305
f 2303/2303 2305/2305 2304/2304
f 2304/2304 2305/2305 2306/2306
f 2304/2304 2306/2306 2286/2286
f 2305/2305 2283/2283 2307/2307
f 2305/2305 2307/2307 2306/2306
f 2306/2306 2307/2307 2308/2308
f 2306/2306 2308/2308 2286/2286
f 2307/2307 2283/2283 2309/2309
f 2307/2307 2309/2309 2308/2308
f 2308/2308 2309/2309 2310/2310
f 2308/2308 2310/2310 2286/2286
f 2309/2309 2283/2283 2311/2311
f 2309/2309 2311/2311 2310/2310
f 2310/2310 2311/2311 2312/2312
f 2310/2310 2312/2312 2286/2286
f 2311/2311 2283/2283 2313/2313
f 2311/2311 2313/2313 2312/2312
f 2312/2312 2313/2313 2314/2314
f 2312/2312 2314/2314 2286/2286
f 2313/2313 2283/2283 2315/2315
f 2313/2313 2315/2315 2314/2314
f 2314/2314 2315/2315 2316/2316
f 2314/2314 2316/2316 2286/2286
f 2315/2315 2283/2283 2317/2317
f 2315/2315 2317/2317 2316/2316
f 2316/2316 2317/2317 2318/2318
f 2316/2316 2318/2318 2286/2286
f 2317/2317 2283/2283 2319/2319
f 2317/2317 2319/2319 2318/2318
f 2318/2318 2319/2319 2320/2320
f 2318/2318 2320/2320 2286/2286
f 2319/2319 2283/2283 2321/2321
f 2319/2319 2321/2321 2320/2320
f 2320/2320 2321/2321 2322/2322
f 2320/2320 2322/2322 2286/2286
f 2321/2321 2283/2283 2323/2323
f 2321/2321 2323/2323 2322/2322
f 2322/2322 2323/2323 2324/2324
f 2322/2322 2324/2324 2286/2286
f 2323/2323 2283/2283 2284/2284
f 2323/2323 2284/2284 2324/2324
f 2324/2324 2284/2284 2285/2285
f 2324/2324 2285/2285 2286/2286
f 2326/2326 2325/2325 2329/2329
f 2326/2326 2329/2329 2327/2327
f 2327/2327 2329/2329 2330/2330
f 2327/2327 2330/2330 2328/2328
f 2329/2329 2325/2325 2331/2331
f 2329/2329 2331/2331 2330/2330
f 2330/2330 2331/2331 2332/2332
f 2330/2330 2332/2332 2328/2328
f 2331/2331 2325/2325 2333/2333
f 2331/2331 2333/2333 2332/2332
f 2332/2332 2333/2333 2334/2334
f 2332/2332 2334/2334 2328/2328
f 2333/2333 2325/2325 2335/2335
f 2333/2333 2335/2335 2334/2334
f 2334/2334 2335/2335 2336/2336
f 2334/2334 2336/2336 2328/2328
f 2335/2335 2325/2325 2337/2337
f 2335/2335 2337/2337 2336/2336
f 2336/2336 2337/2337 2338/2338
f 2336/2336 2338/2338 2328/2328
f 2337/2337 2325/2325 2339/2339
f 2337/2337 2339/2339 2338/2338
f 2338/2338 2339/2339 2340/2340
f 2338/2338 2340/2340 2328/2328
f 2339/2339 2325/2325 2341/2341
f 2339/2339 2341/2341 2340/2340
f 2340/2340 2341/2341 2342/2342
f 2340/2340 2342/2342 2328/2328
f 2341/2341 2325/2325 2343/2343
f 2341/2341 2343/2343 2342/2342
f 2342/2342 2343/2343 2344/2344
f 2342/2342 2344/2344 2328/2328
f 2343/2343 2325/2325 2345/2345
f 2343/2343 2345/2345 2344/2344
f 2344/2344 2345/2345 2346/2346
f 2344/2344 2346/2346 2328/2328
f 2345/2345 2325/2325 2347/2347
f 2345/2345 2347/2347 2346/2346
f 2346/2346 2347/2347 2348/2348
f 2346/2346 2348/2348 2328/2328
f 2347/2347 2325/2325 2349/2349
f 2347/2347 2349/2349 2348/2348
f 2348/2348 2349/2349 2350/2350
f 2348/2348 2350/2350 2328/2328
f 2349/2349 2325/2325 2351/2351
f 2349/2349 2351/2351 2350/2350
f 2350/2350 2351/2351 2352/2352
f 2350/2350 2352/2352 2328/2328
f 2351/2351 2325/2325 2353/2353
f 2351/2351 2353/2353 2352/2352
f 2352/2352 2353/2353 2354/2354
f 2352/2352 2354/2354 2328/2328
f 2353/2353 2325/2325 2355/2355
f 2353/2353 2355/2355 2354/2354
f 2354/2354 2355/2355 2356/2356
f 2354/2354 2356/2356 2328/2328
f 2355/2355 2325/2325 2357/2357
f 2355/2355 2357/2357 2356/2356
f 2356/2356 2357/2357 2358/2358
f 2356/2356 2358/2358 2328/2328
f 2357/2357 2325/2325 2326/2326
f 2357/2357 2326/2326 2358/2358
f 2358/2358 2326/2326 2327/2327
f 2358/2358 2327/2327 2328/2328
f 2360/2360 2359/2359 2363/2363
f 2360/2360 2363/2363 2361/2361
f 2361/2361 2363/2363 2364/2364
f 2361/2361 2364/2364 2362/2362
f 2363/2363 2359/2359 2365/2365
f 2363/2363 2365/2365 2364/2364
f 2364/2364 2365/2365 2366/2366
f 2364/2364 2366/2366 2362/2362
f 2365/2365 2359/2359 2367/2367
f 2365/2365 2367/2367 2366/2366
f 2366/2366 2367/2367 2368/2368
f 2366/2366 2368/2368 2362/2362
f 2367/2367 2359/2359 2369/2369
f 2367/2367 2369/2369 2368/2368
f 2368/2368 2369/2369 2370/2370
f 2368/2368 2370/2370 2362/2362
f 2369/2369 2359/2359 2371/2371
f 2369/2369 2371/2371 2370/2370
f 2370/2370 2371/2371 2372/2372
f 2370/2370 2372/2372 2362/2362
f 2371/2371 2359/2359 2373/2373
f 2371/2371 2373/2373 2372/2372
f 2372/2372 2373/2373 2374/2374
f 2372/2372 2374/2374 2362/2362
f 2373/2373 2359/2359 2375/2375
f 2373/2373 2375/2375 2374/2374
f 2374/2374 2375/2375 2376/2376
f 2374/2374 2376/2376 2362/2362
f 2375/2375 2359/2359 2377/2377
f 2375/2375 2377/2377 2376/2376
f 2376/2376 2377/2377 2378/2378
f 2376/2376 2378/2378 2362/2362
f 2377/2377 2359/2359 2379/2379
f 2377/2377 2379/2379 2378/2378
f 2378/2378 2379/2379 2380/2380
f 2378/2378 2380/2380 2362/2362
f 2379/2379 2359/2359 2360/2360
f 2379/2379 2360/2360 2380/2380
f 2380/2380 2360/2360 2361/2361
f 2380/2380 2361/2361 2362/2362
f 2382/2382 2381/2381 2385/2385
f 2382/2382 2385/2385 2383/2383
f 2383/2383 2385/2385 2386/2386
f 2383/2383 2386/2386 2384/2384
f 2385/2385 2381/2381 2387/2387
f 2385/2385 2387/2387 2386/2386
f 2386/2386 2387/2387 2388/2388
f 2386/2386 2388/2388 2384/2384
f 2387/2387 2381/2381 2389/2389
f 2387/2387 2389/2389 2388/2388
f 2388/2388 2389/2389 2390/2390
f 2388/2388 2390/2390 2384/2384
f 2389/2389 2381/2381 2391/2391
f 2389/2389 2391/2391 2390/2390
f 2390/2390 2391/2391 2392/2392
f 2390/2390 2392/2392 2384/2384
f 2391/2391 2381/2381 2393/2393
f 2391/2391 2393/2393 2392/2392
f 2392/2392 2393/2393 2394/2394
f 2392/2392 2394/2394 2384/2384
f 2393/2393 2381/2381 2395/2395
f 2393/2393 2395/2395 2394/2394
f 2394/2394 2395/2395 2396/2396
f 2394/2394 2396/2396 2384/2384
f 2395/2395 2381/2381 2397/2397
f 2395/2395 2397/2397 2396/2396
f 2396/2396 2397/2397 2398/2398
f 2396/2396 2398/2398 2384/2384
f 2397/2397 2381/2381 2399/2399
f 2397/2397 2399/2399 2398/2398
f 2398/2398 2399/2399 2400/2400
f 2398/2398 2400/2400 2384/2384
f 2399/2399 2381/2381 2401/2401
f 2399/2399 2401/2401 2400/2400
f 2400/2400 2401/2401 2402/2402
f 2400/2400 2402/2402 2384/2384
f 2401/2401 2381/2381 2382/2382
f 2401/2401 2382/2382 2402/2402
f 2402/2402 2382/2382 2383/2383
f 2402/2402 2383/2383 2384/2384
f 2404/2404 2403/2403 2407/2407
f 2404/2404 2407/2407 2405/2405
f 2405/2405 2407/2407 2408/2408
f 2405/2405 2408/2408 2406/2406
f 2407/2407 2403/2403 2409/2409
f 2407/2407 2409/2409 2408/2408
f 2408/2408 2409/2409 2410/2410
f 2408/2408 2410/2410 2406/2406
f 2409/2409 2403/2403 2411/2411
f 2409/2409 2411/2411 2410/2410
f 2410/2410 2411/2411 2412/2412
f 2410/2410 2412/2412 2406/2406
f 2411/2411 2403/2403 2413/2413
f 2411/2411 2413/2413 2412/2412
f 2412/2412 2413/2413 2414/2414
f 2412/2412 2414/2414 2406/2406
f 2413/2413 2403/2403 2415/2415
f 2413/2413 2415/2415 2414/2414
f 2414/2414 2415/2415 2416/2416
f 2414/2414 2416/2416 2406/2406
f 2415/2415 2403/2403 2417/2417
f 2415/2415 2417/2417 2416/2416
f 2416/2416 2417/2417 2418/2418
f 2416/2416 2418/2418 2406/2406
f 2417/2417 2403/2403 2419/2419
f 2417/2417 2419/2419 2418/2418
f 2418/2418 2419/2419 2420/2420
f 2418/2418 2420/2420 2406/2406
f 2419/2419 2403/2403 2421/2421
f 2419/2419 2421/2421 2420/2420
f 2420/2420 2421/2421 2422/2422
f 2420/2420 2422/2422 2406/2406
f 2421/2421 2403/2403 2423/2423
f 2421/2421 2423/2423 2422/2422
f 2422/2422 2423/2423 2424/2424
f 2422/2422 2424/2424 2406/2406
f 2423/2423 2403/2403 2404/2404
f 2423/2423 2404/2404 2424/2424
f 2424/2424 2404/2404 2405/2405
f 2424/2424 2405/2405 2406/2406
f 2426/2426 2425/2425 2429/2429
f 2426/2426 2429/2429 2427/2427
f 2427/2427 2429/2429 2430/2430
f 2427/2427 2430/2430 2428/2428
f 2429/2429 2425/2425 2431/2431
f 2429/2429 2431/2431 2430/2430
f 2430/2430 2431/2431 2432/2432
f 2430/2430 2432/2432 2428/2428
f 2431/2431 2425/2425 2433/2433
f 2431/2431 2433/2433 2432/2432
f 2432/2432 2433/2433 2434/2434
f 2432/2432 2434/2434 2428/2428
f 2433/2433 2425/2425 2435/2435
f 2433/2433 2435/2435 2434/2434
f 2434/2434 2435/2435 2436/2436
f 2434/2434 2436/2436 2428/2428
f 2435/2435 2425/2425 2437/2437
f 2435/2435 2437/2437 2436/2436
f 2436/2436 2437/2437 2438/2438
f 2436/2436 2438/2438 2428/2428
f 2437/2437 2425/2425 2439/2439
f 2437/2437 2439/2439 2438/2438
f 2438/2438 2439/2439 2440/2440
f 2438/2438 2440/2440 2428/2428
f 2439/2439 2425/2425 2441/2441
f 2439/2439 2441/2441 2440/2440
f 2440/2440 2441/2441 2442/2442
f 2440/2440 2442/2442 2428/2428
f 2441/2441 2425/2425 2443/2443
f 2441/2441 2443/2443 2442/2442
f 2442/2442 2443/2443 2444/2444
f 2442/2442 2444/2444 2428/2428
f 2443/2443 2425/2425 2445/2445
f 2443/2443 2445/2445 2444/2444
f 2444/2444 2445/2445 2446/2446
f 2444/2444 2446/2446 2428/2428
f 2445/2445 2425/2425 2426/2426
f 2445/2445 2426/2426 2446/2446
f 2446/2446 2426/2426 2427/2427
f 2446/2446 2427/2427 2428/2428
f 2448/2448 2447/2447 2451/2451
f 2448/2448 2451/2451 2449/2449
f 2449/2449 2451/2451 2452/2452
f 2449/2449 2452/2452 2450/2450
f 2451/2451 2447/2447 2453/2453
f 2451/2451 2453/2453 2452/2452
f 2452/2452 2453/2453 2454/2454
f 2452/2452 2454/2454 2450/2450
f 2453/2453 2447/2447 2455/2455
f 2453/2453 2455/2455 2454/2454
f 2454/2454 2455/2455 2456/2456
f 2454/2454 2456/2456 2450/2450
f 2455/2455 2447/2447 2457/2457
f 2455/2455 2457/2457 2456/2456
f 2456/2456 2457/2457 2458/2458
f 2456/2456 2458/2458 2450/2450
f 2457/2457 2447/2447 2459/2459
f 2457/2457 2459/2459 2458/2458
f 2458/2458 2459/2459 2460/2460
f 2458/2458 2460/2460 2450/2450
f 2459/2459 2447/2447 2461/2461
f 2459/2459 2461/2461 2460/2460
f 2460/2460 2461/2461 2462/2462
f 2460/2460 2462/2462 2450/2450
f 2461/2461 2447/2447 2463/2463
f 2461/2461 2463/2463 2462/2462
f 2462/2462 2463/2463 2464/2464
f 2462/2462 2464/2464 2450/2450
f 2463/2463 2447/2447 2465/2465
f 2463/2463 2465/2465 2464/2464
f 2464/2464 2465/2465 2466/2466
f 2464/2464 2466/2466 2450/2450
f 2465/2465 2447/2447 2467/2467
f 2465/2465 2467/2467 2466/2466
f 2466/2466 2467/2467 2468/2468
f 2466/2466 2468/2468 2450/2450
f 2467/2467 2447/2447 2448/2448
f 2467/2467 2448/2448 2468/2468
f 2468/2468 2448/2448 2449/2449
f 2468/2468 2449/2449 2450/2450
f 2470/2470 2469/2469 2473/2473
f 2470/2470 2473/2473 2471/2471
f 2471/2471 2473/2473 2474/2474
f 2471/2471 2474/2474 2472/2472
f 2473/2473 2469/2469 2475/2475
f 2473/2473 2475/2475 2474/2474
f 2474/2474 2475/2475 2476/2476
f 2474/2474 2476/2476 2472/2472
f 2475/2475 2469/2469 2477/2477
f 2475/2475 2477/2477 2476/2476
f 2476/2476 2477/2477 2478/2478
f 2476/2476 2478/2478 2472/2472
f 2477/2477 2469/2469 2479/2479
f 2477/2477 2479/2479 2478/2478
f 2478/2478 2479/2479 2480/2480
f 2478/2478 2480/2480 2472/2472
f 2479/2479 2469/2469 2481/2481
f 2479/2479 2481/2481 2480/2480
f 2480/2480 2481/2481 2482/2482
f 2480/2480 2482/2482 2472/2472
f 2481/2481 2469/2469 2483/2483
f 2481/2481 2483/2483 2482/2482
f 2482/2482 2483/2483 2484/2484
f 2482/2482 2484/2484 2472/2472
f 2483/2483 2469/2469 2485/2485
f 2483/2483 2485/2485 2484/2484
f 2484/2484 2485/2485 2486/2486
f 2484/2484 2486/2486 2472/2472
f 2485/2485 2469/2469 2487/2487
f 2485/2485 2487/2487 2486/2486
f 2486/2486 2487/2487 2488/2488
f 2486/2486 2488/2488 2472/2472
f 2487/2487 2469/2469 2489/2489
f 2487/2487 2489/2489 2488/2488
f 2488/2488 2489/2489 2490/2490
f 2488/2488 2490/2490 2472/2472
f 2489/2489 2469/2469 2470/2470
f 2489/2489 2470/2470 2490/2490
f 2490/2490 2470/2470 2471/2471
f 2490/2490 2471/2471 2472/2472
f 2492/2492 2491/2491 2495/2495
f 2492/2492 2495/2495 2493/2493
f 2493/2493 2495/2495 2496/2496
f 2493/2493 2496/2496 2494/2494
f 2495/2495 2491/2491 2497/2497
f 2495/2495 2497/2497 2496/2496
f 2496/2496 2497/2497 2498/2498
f 2496/2496 2498/2498 2494/2494
f 2497/2497 2491/2491 2499/2499
f 2497/2497 2499/2499 2498/2498
f 2498/2498 2499/2499 2500/2500
f 2498/2498 2500/2500 2494/2494
f 2499/2499 2491/2491 2501/2501
f 2499/2499 2501/2501 2500/2500
f 2500/2500 2501/2501 2502/2502
f 2500/2500 2502/2502 2494/2494
f 2501/2501 2491/2491 2503/2503
f 2501/2501 2503/2503 2502/2502
f 2502/2502 2503/2503 2504/2504
f 2502/2502 2504/2504 2494/2494
f 2503/2503 2491/2491 2505/2505
f 2503/2503 2505/2505 2504/2504
f 2504/2504 2505/2505 2506/2506
f 2504/2504 2506/2506 2494/2494
f 2505/2505 2491/2491 2507/2507
f 2505/2505 2507/2507 2506/2506
f 2506/2506 2507/2507 2508/2508
f 2506/2506 2508/2508 2494/2494
f 2507/2507 2491/2491 2509/2509
f 2507/2507 2509/2509 2508/2508
f 2508/2508 2509/2509 2510/2510
f 2508/2508 2510/2510 2494/2494
f 2509/2509 2491/2491 2511/2511
f 2509/2509 2511/2511 2510/2510
f 2510/2510 2511/2511 2512/2512
f 2510/2510 2512/2512 2494/2494
f 2511/2511 2491/2491 2492/2492
f 2511/2511 2492/2492 2512/2512
f 2512/2512 2492/2492 2493/2493
f 2512/2512 2493/2493 2494/2494
f 2514/2514 2513/2513 2517/2517
f 2514/2514 2517/2517 2515/2515
f 2515/2515 2517/2517 2518/2518
f 2515/2515 2518/2518 2516/2516
f 2517/2517 2513/2513 2519/2519
f 2517/2517 2519/2519 2518/2518
f 2518/2518 2519/2519 2520/2520
f 2518/2518 2520/2520 2516/2516
f 2519/2519 2513/2513 2521/2521
f 2519/2519 2521/2521 2520/2520
f 2520/2520 2521/2521 2522/2522
f 2520/2520 2522/2522 2516/2516
f 2521/2521 2513/2513 2523/2523
f 2521/2521 2523/2523 2522/2522
f 2522/2522 2523/2523 2524/2524
f 2522/2522 2524/2524 2516/2516
f 2523/2523 2513/2513 2525/2525
f 2523/2523 2525/2525 2524/2524
f 2524/2524 2525/2525 2526/2526
f 2524/2524 2526/2526 2516/2516
f 2525/2525 2513/2513 2527/2527
f 2525/2525 2527/2527 2526/2526
f 2526/2526 2527/2527 2528/2528
f 2526/2526 2528/2528 2516/2516
f 2527/2527 2513/2513 2529/2529
f 2527/2527 2529/2529 2528/2528
f 2528/2528 2529/2529 2530/2530
f 2528/2528 2530/2530 2516/2516
f 2529/2529 2513/2513 2531/2531
f 2529/2529 2531/2531 2530/2530
f 2530/2530 2531/2531 2532/2532
f 2530/2530 2532/2532 2516/2516
f 2531/2531 2513/2513 2533/2533
f 2531/2531 2533/2533 2532/2532
f 2532/2532 2533/2533 2534/2534
f 2532/2532 2534/2534 2516/2516
f 2533/2533 2513/2513 2514/2514
f 2533/2533 2514/2514 2534/2534
f 2534/2534 2514/2514 2515/2515
f 2534/2534 2515/2515 2516/2516
f 2536/2536 2535/2535 2539/2539
f 2536/2536 2539/2539 2537/2537
f 2537/2537 2539/2539 2540/2540
f 2537/2537 2540/2540 2538/2538
f 2539/2539 2535/2535 2541/2541
f 2539/2539 2541/2541 2540/2540
f 2540/2540 2541/2541 2542/2542
f 2540/2540 2542/2542 2538/2538
f 2541/2541 2535/2535 2543/2543
f 2541/2541 2543/2543 2542/2542
f 2542/2542 2543/2543 2544/2544
f 2542/2542 2544/2544 2538/2538
f 2543/2543 2535/2535 2545/2545
f 2543/2543 2545/2545 2544/2544
f 2544/2544 2545/2545 2546/2546
f 2544/2544 2546/2546 2538/2538
f 2545/2545 2535/2535 2547/2547
f 2545/2545 2547/2547 2546/2546
f 2546/2546 2547/2547 2548/2548
f 2546/2546 2548/2548 2538/2538
f 2547/2547 2535/2535 2549/2549
f 2547/2547 2549/2549 2548/2548
f 2548/2548 2549/2549 2550/2550
f 2548/2548 2550/2550 2538/2538
f 2549/2549 2535/2535 2551/2551
f 2549/2549 2551/2551 2550/2550
f 2550/2550 2551/2551 2552/2552
f 2550/2550 2552/2552 2538/2538
f 2551/2551 2535/2535 2553/2553
f 2551/2551 2553/2553 2552/2552
f 2552/2552 2553/2553 2554/2554
f 2552/2552 2554/2554 2538/2538
f 2553/2553 2535/2535 2555/2555
f 2553/2553 2555/2555 2554/2554
f 2554/2554 2555/2555 2556/2556
f 2554/2554 2556/2556 2538/2538
f 2555/2555 2535/2535 2536/2536
f 2555/2555 2536/2536 2556/2556
f 2556/2556 2536/2536 2537/2537
f 2556/2556 2537/2537 2538/2538
f 2558/2558 2557/2557 2561/2561
f 2558/2558 2561/2561 2559/2559
f 2559/2559 2561/2561 2562/2562
f 2559/2559 2562/2562 2560/2560
f 2561/2561 2557/2557 2563/2563
f 2561/2561 2563/2563 2562/2562
f 2562/2562 2563/2563 2564/2564
f 2562/2562 2564/2564 2560/2560
f 2563/2563 2557/2557 2565/2565
f 2563/2563 2565/2565 2564/2564
f 2564/2564 2565/2565 2566/2566
f 2564/2564 2566/2566 2560/2560
f 2565/2565 2557/2557 2567/2567
f 2565/2565 2567/2567 2566/2566
f 2566/2566 2567/2567 2568/2568
f 2566/2566 2568/2568 2560/2560
f 2567/2567 2557/2557 2569/2569
f 2567/2567 2569/2569 2568/2568
f 2568/2568 2569/2569 2570/2570
f 2568/2568 2570/2570 2560/2560
f 2569/2569 2557/2557 2571/2571
f 2569/2569 2571/2571 2570/2570
f 2570/2570 2571/2571 2572/2572
f 2570/2570 2572/2572 2560/2560
f 2571/2571 2557/2557 2573/2573
f 2571/2571 2573/2573 2572/2572
f 2572/2572 2573/2573 2574/2574
f 2572/2572 2574/2574 2560/2560
f 2573/2573 2557/2557 2575/2575
f 2573/2573 2575/2575 2574/2574
f 2574/2574 2575/2575 2576/2576
f 2574/2574 2576/2576 2560/2560
f 2575/2575 2557/2557 2577/2577
f 2575/2575 2577/2577 2576/2576
f 2576/2576 2577/2577 2578/2578
f 2576/2576 2578/2578 2560/2560
f 2577/2577 2557/2557 2558/2558
f 2577/2577 2558/2558 2578/2578
f 2578/2578 2558/2558 2559/2559
f 2578/2578 2559/2559 2560/2560
f 2580/2580 2579/2579 2583/2583
f 2580/2580 2583/2583 2581/2581
f 2581/2581 2583/2583 2584/2584
f 2581/2581 2584/2584 2582/2582
f 2583/2583 2579/2579 2585/2585
f 2583/2583 2585/2585 2584/2584
f 2584/2584 2585/2585 2586/2586
f 2584/2584 2586/2586 2582/2582
f 2585/2585 2579/2579 2587/2587
f 2585/2585 2587/2587 2586/2586
f 2586/2586 2587/2587 2588/2588
f 2586/2586 2588/2588 2582/2582
f 2587/2587 2579/2579 2589/2589
f 2587/2587 2589/2589 2588/2588
f 2588/2588 2589/2589 2590/2590
f 2588/2588 2590/2590 2582/2582
f 2589/2589 2579/2579 2591/2591
f 2589/2589 2591/2591 2590/2590
f 2590/2590 2591/2591 2592/2592
f 2590/2590 2592/2592 2582/2582
f 2591/2591 2579/2579 2593/2593
f 2591/2591 2593/2593 2592/2592
f 2592/2592 2593/2593 2594/2594
f 2592/2592 2594/2594 2582/2582
f 2593/2593 2579/2579 2595/2595
f 2593/2593 2595/2595 2594/2594
f 2594/2594 2595/2595 2596/2596
f 2594/2594 2596/2596 2582/2582
f 2595/2595 2579/2579 2597/2597
f 2595/2595 2597/2597 2596/2596
f 2596/2596 2597/2597 2598/2598
f 2596/2596 2598/2598 2582/2582
f 2597/2597 2579/2579 2599/2599
f 2597/2597 2599/2599 2598/2598
f 2598/2598 2599/2599 2600/2600
f 2598/2598 2600/2600 2582/2582
f 2599/2599 2579/2579 2601/2601
f 2599/2599 2601/2601 2600/2600
f 2600/2600 2601/2601 2602/2602
f 2600/2600 2602/2602 2582/2582
f 2601/2601 2579/2579 2603/2603
f 2601/2601 2603/2603 2602/2602
f 2602/2602 2603/2603 2604/2604
f 2602/2602 2604/2604 2582/2582
f 2603/2603 2579/2579 2605/2605
f 2603/2603 2605/2605 2604/2604
f 2604/2604 2605/2605 2606/2606
f 2604/2604 2606/2606 2582/2582
f 2605/2605 2579/2579 2607/2607
f 2605/2605 2607/2607 2606/2606
f 2606/2606 2607/2607 2608/2608
f 2606/2606 2608/2608 2582/2582
f 2607/2607 2579/2579 2609/2609
f 2607/2607 2609/2609 2608/2608
f 2608/2608 2609/2609 2610/2610
f 2608/2608 2610/2610 2582/2582
f 2609/2609 2579/2579 2611/2611
f 2609/2609 2611/2611 2610/2610
f 2610/2610 2611/2611 2612/2612
f 2610/2610 2612/2612 2582/2582
f 2611/2611 2579/2579 2613/2613
f 2611/2611 2613/2613 2612/2612
f 2612/2612 2613/2613 2614/2614
f 2612/2612 2614/2614 2582/2582
f 2613/2613 2579/2579 2615/2615
f 2613/2613 2615/2615 2614/2614
f 2614/2614 2615/2615 2616/2616
f 2614/2614 2616/2616 2582/2582
f 2615/2615 2579/2579 2580/2580
f 2615/2615 2580/2580 2616/2616
f 2616/2616 2580/2580 2581/2581
f 2616/2616 2581/2581 2582/2582
f 2618/2618 2617/2617 2621/2621
f 2618/2618 2621/2621 2619/2619
f 2619/2619 2621/2621 2622/2622
f 2619/2619 2622/2622 2620/2620
f 2621/2621 2617/2617 2623/2623
f 2621/2621 2623/2623 2622/2622
f 2622/2622 2623/2623 2624/2624
f 2622/2622 2624/2624 2620/2620
f 2623/2623 2617/2617 2625/2625
f 2623/2623 2625/2625 2624/2624
f 2624/2624 2625/2625 2626/2626
f 2624/2624 2626/2626 2620/2620
f 2625/2625 2617/2617 2627/2627
f 2625/2625 2627/2627 2626/2626
f 2626/2626 2627/2627 2628/2628
f 2626/2626 2628/2628 2620/2620
f 2627/2627 2617/2617 2629/2629
f 2627/2627 2629/2629 2628/2628
f 2628/2628 2629/2629 2630/2630
f 2628/2628 2630/2630 2620/2620
f 2629/2629 2617/2617 2631/2631
f 2629/2629 2631/2631 2630/2630
f 2630/2630 2631/2631 2632/2632
f 2630/2630 2632/2632 2620/2620
f 2631/2631 2617/2617 2633/2633
f 2631/2631 2633/2633 2632/2632
f 2632/2632 2633/2633 2634/2634
f 2632/2632 2634/2634 2620/2620
f 2633/2633 2617/2617 2635/2635
f 2633/2633 2635/2635 2634/2634
f 2634/2634 2635/2635 2636/2636
f 2634/2634 2636/2636 2620/2620
f 2635/2635 2617/2617 2637/2637
f 2635/2635 2637/2637 2636/2636
f 2636/2636 2637/2637 2638/2638
f 2636/2636 2638/2638 2620/2620
f 2637/2637 2617/2617 2639/2639
f 2637/2637 2639/2639 2638/2638
f 2638/2638 2639/2639 2640/2640
f 2638/2638 2640/2640 2620/2620
f 2639/2639 2617/2617 2641/2641
f 2639/2639 2641/2641 2640/2640
f 2640/2640 2641/2641 2642/2642
f 2640/2640 2642/2642 2620/2620
f 2641/2641 2617/2617 2643/2643
f 2641/2641 2643/2643 2642/2642
f 2642/2642 2643/2643 2644/2644
f 2642/2642 2644/2644 2620/2620
f 2643/2643 2617/2617 2645/2645
f 2643/2643 2645/2645 2644/2644
f 2644/2644 2645/2645 2646/2646
f 2644/2644 2646/2646 2620/2620
f 2645/2645 2617/2617 2647/2647
f 2645/2645 2647/2647 2646/2646
f 2646/2646 2647/2647 2648/2648
f 2646/2646 2648/2648 2620/2620
f 2647/2647 2617/2617 2649/2649
f 2647/2647 2649/2649 2648/2648
f 2648/2648 2649/2649 2650/2650
f 2648/2648 2650/2650 2620/2620
f 2649/2649 2617/2617 2651/2651
f 2649/2649 2651/2651 2650/2650
f 2650/2650 2651/2651 2652/2652
f 2650/2650 2652/2652 2620/2620
f 2651/2651 2617/2617 2653/2653
f 2651/2651 2653/2653 2652/2652
f 2652/2652 2653/2653 2654/2654
f 2652/2652 2654/2654 2620/2620
f 2653/2653 2617/2617 2618/2618
f 2653/2653 2618/2618 2654/2654
f 2654/2654 2618/2618 2619/2619
f 2654/2654 2619/2619 2620/2620
f 2656/2656 2655/2655 2659/2659
f 2656/2656 2659/2659 2657/2657
f 2657/2657 2659/2659 2660/2660
f 2657/2657 2660/2660 2658/2658
f 2659/2659 2655/2655 2661/2661
f 2659/2659 2661/2661 2660/2660
f 2660/2660 2661/2661 2662/2662
f 2660/2660 2662/2662 2658/2658
f 2661/2661 2655/2655 2663/2663
f 2661/2661 2663/2663 2662/2662
f 2662/2662 2663/2663 2664/2664
f 2662/2662 2664/2664 2658/2658
f 2663/2663 2655/2655 2665/2665
f 2663/2663 2665/2665 2664/2664
f 2664/2664 2665/2665 2666/2666
f 2664/2664 2666/2666 2658/2658
f 2665/2665 2655/2655 2667/2667
f 2665/2665 2667/2667 2666/2666
f 2666/2666 2667/2667 2668/2668
f 2666/2666 2668/2668 2658/2658
f 2667/2667 2655/2655 2669/2669
f 2667/2667 2669/2669 2668/2668
f 2668/2668 2669/2669 2670/2670
f 2668/2668 2670/2670 2658/2658
f 2669/2669 2655/2655 2671/2671
f 2669/2669 2671/2671 2670/2670
f 2670/2670 2671/2671 2672/2672
f 2670/2670 2672/2672 2658/2658
f 2671/2671 2655/2655 2673/2673
f 2671/2671 2673/2673 2672/2672
f 2672/2672 2673/2673 2674/2674
f 2672/2672 2674/2674 2658/2658
f 2673/2673 2655/2655 2675/2675
f 2673/2673 2675/2675 2674/2674
f 2674/2674 2675/2675 2676/2676
f 2674/2674 2676/2676 2658/2658
f 2675/2675 2655/2655 2677/2677
f 2675/2675 2677/2677 2676/2676
f 2676/2676 2677/2677 2678/2678
f 2676/2676 2678/2678 2658/2658
f 2677/2677 2655/2655 2679/2679
f 2677/2677 2679/2679 2678/2678
f 2678/2678 2679/2679 2680/2680
f 2678/2678 2680/2680 2658/2658
f 2679/2679 2655/2655 2681/2681
f 2679/2679 2681/2681 2680/2680
f 2680/2680 2681/2681 2682/2682
f 2680/2680 2682/2682 2658/2658
f 2681/2681 2655/2655 2683/2683
f 2681/2681 2683/2683 2682/2682
f 2682/2682 2683/2683 2684/2684
f 2682/2682 2684/2684 2658/2658
f 2683/2683 2655/2655 2685/2685
f 2683/2683 2685/2685 2684/2684
f 2684/2684 2685/2685 2686/2686
f 2684/2684 2686/2686 2658/2658
f 2685/2685 2655/2655 2687/2687
f 2685/2685 2687/2687 2686/2686
f 2686/2686 2687/2687 2688/2688
f 2686/2686 2688/2688 2658/2658
f 2687/2687 2655/2655 2689/2689
f 2687/2687 2689/2689 2688/2688
f 2688/2688 2689/2689 2690/2690
f 2688/2688 2690/2690 2658/2658
f 2689/2689 2655/2655 2691/2691
f 2689/2689 2691/2691 2690/2690
f 2690/2690 2691/2691 2692/2692
f 2690/2690 2692/2692 2658/2658
f 2691/2691 2655/2655 2656/2656
f 2691/2691 2656/2656 2692/2692
f 2692/2692 2656/2656 2657/2657
f 2692/2692 2657/2657 2658/2658
f 2694/2694 2696/2696 2693/2693
f 2697/2697 2694/2694 2693/2693
f 2693/2693 2696/2696 2695/2695
f 2695/2695 2697/2697 2693/2693
f 2694/2694 2700/2700 2696/2696
f 2698/2698 2694/2694 2697/2697
f 2698/2698 2700/2700 2694/2694
f 2696/2696 2700/2700 2695/2695
f 2699/2699 2697/2697 2695/2695
f 2695/2695 2700/2700 2699/2699
f 2699/2699 2698/2698 2697/2697
f 2700/2700 2698/2698 2699/2699
f 2702/2702 2704/2704 2701/2701
f 2705/2705 2702/2702 2701/2701
f 2701/2701 2704/2704 2703/2703
f 2703/2703 2705/2705 2701/2701
f 2702/2702 2708/2708 2704/2704
f 2706/2706 2702/2702 2705/2705
f 2706/2706 2708/2708 2702/2702
f 2704/2704 2708/2708 2703/2703
f 2707/2707 2705/2705 2703/2703
f 2703/2703 2708/2708 2707/2707
f 2707/2707 2706/2706 2705/2705
f 2708/2708 2706/2706 2707/2707
f 2710/2710 2712/2712 2709/2709
f 2713/2713 2710/2710 2709/2709
f 2709/2709 2712/2712 2711/2711
f 2711/2711 2713/2713 2709/2709
f 2710/2710 2716/2716 2712/2712
f 2714/2714 2710/2710 2713/2713
f 2714/2714 2716/2716 2710/2710
f 2712/2712 2716/2716 2711/2711
f 2715/2715 2713/2713 2711/2711
f 2711/2711 2716/2716 2715/2715
f 2715/2715 2714/2714 2713/2713
f 2716/2716 2714/2714 2715/2715
f 2718/2718 2720/2720 2717/2717
f 2721/2721 2718/2718 2717/2717
f 2717/2717 2720/2720 2719/2719
f 2719/2719 2721/2721 2717/2717
f 2718/2718 2724/2724 2720/2720
f 2722/2722 2718/2718 2721/2721
f 2722/2722 2724/2724 2718/2718
f 2720/2720 2724/2724 2719/2719
f 2723/2723 2721/2721 2719/2719
f 2719/2719 2724/2724 2723/2723
f 2723/2723 2722/2722 2721/2721
f 2724/2724 2722/2722 2723/2723
f 2726/2726 2728/2728 2725/2725
f 2729/2729 2726/2726 2725/2725
f 2725/2725 2728/2728 2727/2727
f 2727/2727 2729/2729 2725/2725
f 2726/2726 2732/2732 2728/2728
f 2730/2730 2726/2726 2729/2729
f 2730/2730 2732/2732 2726/2726
f 2728/2728 2732/2732 2727/2727
f 2731/2731 2729/2729 2727/2727
f 2727/2727 2732/2732 2731/2731
f 2731/2731 2730/2730 2729/2729
f 2732/2732 2730/2730 2731/2731
f 2734/2734 2736/2736 2733/2733
f 2737/2737 2734/2734 2733/2733
f 2733/2733 2736/2736 2735/2735
f 2735/2735 2737/2737 2733/2733
f 2734/2734 2740/2740 2736/2736
f 2738/2738 2734/2734 2737/2737
f 2738/2738 2740/2740 2734/2734
f 2736/2736 2740/2740 2735/2735
f 2739/2739 2737/2737 2735/2735
f 2735/2735 2740/2740 2739/2739
f 2739/2739 2738/2738 2737/2737
f 2740/2740 2738/2738 2739/2739
f 2742/2742 2744/2744 2741/2741
f 2745/2745 2742/2742 2741/2741
f 2741/2741 2744/2744 2743/2743
f 2743/2743 2745/2745 2741/2741
f 2742/2742 2748/2748 2744/2744
f 2746/2746 2742/2742 2745/2745
f 2746/2746 2748/2748 2742/2742
f 2744/2744 2748/2748 2743/2743
f 2747/2747 2745/2745 2743/2743
f 2743/2743 2748/2748 2747/2747
f 2747/2747 2746/2746 2745/2745
f 2748/2748 2746/2746 2747/2747
f 2750/2750 2752/2752 2749/2749
f 2753/2753 2750/2750 2749/2749
f 2749/2749 2752/2752 2751/2751
f 2751/2751 2753/2753 2749/2749
f 2750/2750 2756/2756 2752/2752
f 2754/2754 2750/2750 2753/2753
f 2754/2754 2756/2756 2750/2750
f 2752/2752 2756/2756 2751/2751
f 2755/2755 2753/2753 2751/2751
f 2751/2751 2756/2756 2755/2755
f 2755/2755 2754/2754 2753/2753
f 2756/2756 2754/2754 2755/2755
f 2758/2758 2760/2760 2757/2757
f 2761/2761 2758/2758 2757/2757
f 2757/2757 2760/2760 2759/2759
f 2759/2759 2761/2761 2757/2757
f 2758/2758 2764/2764 2760/2760
f 2762/2762 2758/2758 2761/2761
f 2762/2762 2764/2764 2758/2758
f 2760/2760 2764/2764 2759/2759
f 2763/2763 2761/2761 2759/2759
f 2759/2759 2764/2764 2763/2763
f 2763/2763 2762/2762 2761/2761
f 2764/2764 2762/2762 2763/2763
f 2766/2766 2768/2768 2765/2765
f 2769/2769 2766/2766 2765/2765
f 2765/2765 2768/2768 2767/2767
f 2767/2767 2769/2769 2765/2765
f 2766/2766 2772/2772 2768/2768
f 2770/2770 2766/2766 2769/2769
f 2770/2770 2772/2772 2766/2766
f 2768/2768 2772/2772 2767/2767
f 2771/2771 2769/2769 2767/2767
f 2767/2767 2772/2772 2771/2771
f 2771/2771 2770/2770 2769/2769
f 2772/2772 2770/2770 2771/2771
f 2774/2774 2776/2776 2773/2773
f 2777/2777 2774/2774 2773/2773
f 2773/2773 2776/2776 2775/2775
f 2775/2775 2777/2777 2773/2773
f 2774/2774 2780/2780 2776/2776
f 2778/2778 2774/2774 2777/2777
f 2778/2778 2780/2780 2774/2774
f 2776/2776 2780/2780 2775/2775
f 2779/2779 2777/2777 2775/2775
f 2775/2775 2780/2780 2779/2779
f 2779/2779 2778/2778 2777/2777
f 2780/2780 2778/2778 2779/2779

