# https://github.com/mikedh/trimesh
mtllib material.mtl

o Hull
usemtl material_0
v 0.82499999 1.48500001 0.99000001
v 0.82499999 1.48500001 -0.49500000
v -0.82499999 1.48500001 -0.49500000
v -0.82499999 1.48500001 0.99000001
v -0.82499999 1.48500001 1.98000002
v 0.82499999 1.48500001 1.98000002
v 0.82499999 1.15499997 -0.49500000
v -0.82499999 1.15499997 -0.49500000
v 0.82499999 0.66000003 -1.48500001
v 0.82499999 1.15499997 1.98000002
v 0.82499999 1.15499997 0.99000001
v 1.32000005 1.15499997 0.99000001
v -0.82499999 1.15499997 1.98000002
v -0.82499999 0.66000009 1.98000002
v 0.82499999 0.66000003 1.98000002
v -1.32000005 1.15499997 -0.49500000
v -0.82499999 0.65999991 -1.48500001
v -0.82499999 1.15499997 0.99000001
v -1.32000005 1.15500009 0.99000001
v 1.32000005 1.15499997 -0.49500000
v 0.82499999 1.15499997 0.99000001
v 0.82499999 1.48500001 0.99000001
v 1.32000005 1.15499997 0.99000001
v 1.32000005 1.15499997 -0.49500000
v 1.32000005 1.15499997 0.99000001
v 0.82499999 1.15499997 1.98000002
v 0.82499999 1.15499997 1.98000002
v -0.82499999 1.15499997 1.98000002
v -0.82499999 1.15499997 1.98000002
v -0.82499999 1.15499997 0.99000001
v -0.82499999 1.48500001 0.99000001
v -1.32000005 1.15500009 0.99000001
v -1.32000005 1.15499997 -0.49500000
v -1.32000005 1.15500009 0.99000001
v 0.51499999 1.55499995 0.82499999
v 0.50449592 1.58732820 0.82499999
v 0.47699594 1.60730815 0.82499999
v 0.44300407 1.60730815 0.82499999
v 0.41550407 1.58732820 0.82499999
v 0.40500000 1.55499995 0.82499999
v 0.41550407 1.52267182 0.82499999
v 0.44300407 1.50269186 0.82499999
v 0.47699594 1.50269186 0.82499999
v 0.50449592 1.52267182 0.82499999
v 0.50717598 1.55499995 0.91442883
v 0.49683151 1.58732820 0.91260481
v 0.46974930 1.60730815 0.90782946
v 0.43627384 1.60730815 0.90192688
v 0.40919164 1.58732820 0.89715153
v 0.39884713 1.55499995 0.89532751
v 0.40919164 1.52267182 0.89715153
v 0.43627384 1.50269186 0.90192688
v 0.46974930 1.50269186 0.90782946
v 0.49683151 1.52267182 0.91260481
v 0.48394170 1.55499995 1.00114036
v 0.47407112 1.58732820 0.99754775
v 0.44822955 1.60730815 0.98814219
v 0.41628766 1.60730815 0.97651631
v 0.39044610 1.58732820 0.96711075
v 0.38057551 1.55499995 0.96351814
v 0.39044610 1.52267182 0.96711075
v 0.41628766 1.50269186 0.97651631
v 0.44822955 1.50269186 0.98814219
v 0.47407112 1.52267182 0.99754775
v 0.44600308 1.55499995 1.08249998
v 0.43690631 1.58732820 1.07724798
v 0.41309059 1.60730815 1.06349802
v 0.38365278 1.60730815 1.04650199
v 0.35983709 1.58732820 1.03275204
v 0.35074028 1.55499995 1.02750003
v 0.35983709 1.52267182 1.03275204
v 0.38365278 1.50269186 1.04650199
v 0.41309059 1.50269186 1.06349802
v 0.43690631 1.52267182 1.07724798
v 0.39451289 1.55499995 1.15603566
v 0.38646629 1.58732820 1.14928377
v 0.36540008 1.60730815 1.13160706
v 0.33936080 1.60730815 1.10975754
v 0.31829458 1.58732820 1.09208083
v 0.31024799 1.55499995 1.08532894
v 0.31829458 1.52267182 1.09208083
v 0.33936080 1.50269186 1.10975754
v 0.36540008 1.50269186 1.13160706
v 0.38646629 1.52267182 1.14928377
v 0.33103561 1.55499995 1.21951294
v 0.32428375 1.58732820 1.21146631
v 0.30660707 1.60730815 1.19040012
v 0.28475752 1.60730815 1.16436076
v 0.26708087 1.58732820 1.14329457
v 0.26032898 1.55499995 1.13524795
v 0.26708087 1.52267182 1.14329457
v 0.28475752 1.50269186 1.16436076
v 0.30660707 1.50269186 1.19040012
v 0.32428375 1.52267182 1.21146631
v 0.25749999 1.55499995 1.27100313
v 0.25224796 1.58732820 1.26190627
v 0.23849797 1.60730815 1.23809063
v 0.22150204 1.60730815 1.20865273
v 0.20775203 1.58732820 1.18483710
v 0.20250000 1.55499995 1.17574024
v 0.20775203 1.52267182 1.18483710
v 0.22150204 1.50269186 1.20865273
v 0.23849797 1.50269186 1.23809063
v 0.25224796 1.52267182 1.26190627
v 0.17614037 1.55499995 1.30894172
v 0.17254777 1.58732820 1.29907107
v 0.16314222 1.60730815 1.27322960
v 0.15151632 1.60730815 1.24128771
v 0.14211076 1.58732820 1.21544611
v 0.13851815 1.55499995 1.20557547
v 0.14211076 1.52267182 1.21544611
v 0.15151632 1.50269186 1.24128771
v 0.16314222 1.50269186 1.27322960
v 0.17254777 1.52267182 1.29907107
v 0.08942881 1.55499995 1.33217597
v 0.08760480 1.58732820 1.32183146
v 0.08282948 1.60730815 1.29474926
v 0.07692685 1.60730815 1.26127386
v 0.07215153 1.58732820 1.23419166
v 0.07032751 1.55499995 1.22384715
v 0.07215153 1.52267182 1.23419166
v 0.07692685 1.50269186 1.26127386
v 0.08282948 1.50269186 1.29474926
v 0.08760480 1.52267182 1.32183146
v 0.00000000 1.55499995 1.34000003
v 0.00000000 1.58732820 1.32949591
v 0.00000000 1.60730815 1.30199599
v 0.00000000 1.60730815 1.26800406
v 0.00000000 1.58732820 1.24050403
v 0.00000000 1.55499995 1.23000002
v 0.00000000 1.52267182 1.24050403
v 0.00000000 1.50269186 1.26800406
v 0.00000000 1.50269186 1.30199599
v 0.00000000 1.52267182 1.32949591
v -0.08942881 1.55499995 1.33217597
v -0.08760480 1.58732820 1.32183146
v -0.08282948 1.60730815 1.29474926
v -0.07692685 1.60730815 1.26127386
v -0.07215153 1.58732820 1.23419166
v -0.07032751 1.55499995 1.22384715
v -0.07215153 1.52267182 1.23419166
v -0.07692685 1.50269186 1.26127386
v -0.08282948 1.50269186 1.29474926
v -0.08760480 1.52267182 1.32183146
v -0.17614037 1.55499995 1.30894172
v -0.17254777 1.58732820 1.29907107
v -0.16314222 1.60730815 1.27322960
v -0.15151632 1.60730815 1.24128771
v -0.14211076 1.58732820 1.21544611
v -0.13851815 1.55499995 1.20557547
v -0.14211076 1.52267182 1.21544611
v -0.15151632 1.50269186 1.24128771
v -0.16314222 1.50269186 1.27322960
v -0.17254777 1.52267182 1.29907107
v -0.25749999 1.55499995 1.27100313
v -0.25224796 1.58732820 1.26190627
v -0.23849797 1.60730815 1.23809063
v -0.22150204 1.60730815 1.20865273
v -0.20775203 1.58732820 1.18483710
v -0.20250000 1.55499995 1.17574024
v -0.20775203 1.52267182 1.18483710
v -0.22150204 1.50269186 1.20865273
v -0.23849797 1.50269186 1.23809063
v -0.25224796 1.52267182 1.26190627
v -0.33103561 1.55499995 1.21951294
v -0.32428375 1.58732820 1.21146631
v -0.30660707 1.60730815 1.19040012
v -0.28475752 1.60730815 1.16436076
v -0.26708087 1.58732820 1.14329457
v -0.26032898 1.55499995 1.13524795
v -0.26708087 1.52267182 1.14329457
v -0.28475752 1.50269186 1.16436076
v -0.30660707 1.50269186 1.19040012
v -0.32428375 1.52267182 1.21146631
v -0.39451289 1.55499995 1.15603566
v -0.38646629 1.58732820 1.14928377
v -0.36540008 1.60730815 1.13160706
v -0.33936080 1.60730815 1.10975754
v -0.31829458 1.58732820 1.09208083
v -0.31024799 1.55499995 1.08532894
v -0.31829458 1.52267182 1.09208083
v -0.33936080 1.50269186 1.10975754
v -0.36540008 1.50269186 1.13160706
v -0.38646629 1.52267182 1.14928377
v -0.44600308 1.55499995 1.08249998
v -0.43690631 1.58732820 1.07724798
v -0.41309059 1.60730815 1.06349802
v -0.38365278 1.60730815 1.04650199
v -0.35983709 1.58732820 1.03275204
v -0.35074028 1.55499995 1.02750003
v -0.35983709 1.52267182 1.03275204
v -0.38365278 1.50269186 1.04650199
v -0.41309059 1.50269186 1.06349802
v -0.43690631 1.52267182 1.07724798
v -0.48394170 1.55499995 1.00114036
v -0.47407112 1.58732820 0.99754775
v -0.44822955 1.60730815 0.98814219
v -0.41628766 1.60730815 0.97651631
v -0.39044610 1.58732820 0.96711075
v -0.38057551 1.55499995 0.96351814
v -0.39044610 1.52267182 0.96711075
v -0.41628766 1.50269186 0.97651631
v -0.44822955 1.50269186 0.98814219
v -0.47407112 1.52267182 0.99754775
v -0.50717598 1.55499995 0.91442883
v -0.49683151 1.58732820 0.91260481
v -0.46974930 1.60730815 0.90782946
v -0.43627384 1.60730815 0.90192688
v -0.40919164 1.58732820 0.89715153
v -0.39884713 1.55499995 0.89532751
v -0.40919164 1.52267182 0.89715153
v -0.43627384 1.50269186 0.90192688
v -0.46974930 1.50269186 0.90782946
v -0.49683151 1.52267182 0.91260481
v -0.51499999 1.55499995 0.82499999
v -0.50449592 1.58732820 0.82499999
v -0.47699594 1.60730815 0.82499999
v -0.44300407 1.60730815 0.82499999
v -0.41550407 1.58732820 0.82499999
v -0.40500000 1.55499995 0.82499999
v -0.41550407 1.52267182 0.82499999
v -0.44300407 1.50269186 0.82499999
v -0.47699594 1.50269186 0.82499999
v -0.50449592 1.52267182 0.82499999
v -0.50717598 1.55499995 0.73557121
v -0.49683151 1.58732820 0.73739523
v -0.46974930 1.60730815 0.74217051
v -0.43627384 1.60730815 0.74807316
v -0.40919164 1.58732820 0.75284851
v -0.39884713 1.55499995 0.75467247
v -0.40919164 1.52267182 0.75284851
v -0.43627384 1.50269186 0.74807316
v -0.46974930 1.50269186 0.74217051
v -0.49683151 1.52267182 0.73739523
v -0.48394170 1.55499995 0.64885962
v -0.47407112 1.58732820 0.65245223
v -0.44822955 1.60730815 0.66185778
v -0.41628766 1.60730815 0.67348367
v -0.39044610 1.58732820 0.68288922
v -0.38057551 1.55499995 0.68648183
v -0.39044610 1.52267182 0.68288922
v -0.41628766 1.50269186 0.67348367
v -0.44822955 1.50269186 0.66185778
v -0.47407112 1.52267182 0.65245223
v -0.44600308 1.55499995 0.56750000
v -0.43690631 1.58732820 0.57275206
v -0.41309059 1.60730815 0.58650202
v -0.38365278 1.60730815 0.60349798
v -0.35983709 1.58732820 0.61724794
v -0.35074028 1.55499995 0.62250000
v -0.35983709 1.52267182 0.61724794
v -0.38365278 1.50269186 0.60349798
v -0.41309059 1.50269186 0.58650202
v -0.43690631 1.52267182 0.57275206
v -0.39451289 1.55499995 0.49396437
v -0.38646629 1.58732820 0.50071627
v -0.36540008 1.60730815 0.51839292
v -0.33936080 1.60730815 0.54024249
v -0.31829458 1.58732820 0.55791914
v -0.31024799 1.55499995 0.56467104
v -0.31829458 1.52267182 0.55791914
v -0.33936080 1.50269186 0.54024249
v -0.36540008 1.50269186 0.51839292
v -0.38646629 1.52267182 0.50071627
v -0.33103561 1.55499995 0.43048713
v -0.32428375 1.58732820 0.43853369
v -0.30660707 1.60730815 0.45959991
v -0.28475752 1.60730815 0.48563918
v -0.26708087 1.58732820 0.50670540
v -0.26032898 1.55499995 0.51475197
v -0.26708087 1.52267182 0.50670540
v -0.28475752 1.50269186 0.48563918
v -0.30660707 1.50269186 0.45959991
v -0.32428375 1.52267182 0.43853369
v -0.25749999 1.55499995 0.37899691
v -0.25224796 1.58732820 0.38809371
v -0.23849797 1.60730815 0.41190940
v -0.22150204 1.60730815 0.44134721
v -0.20775203 1.58732820 0.46516293
v -0.20250000 1.55499995 0.47425970
v -0.20775203 1.52267182 0.46516293
v -0.22150204 1.50269186 0.44134721
v -0.23849797 1.50269186 0.41190940
v -0.25224796 1.52267182 0.38809371
v -0.17614037 1.55499995 0.34105831
v -0.17254777 1.58732820 0.35092890
v -0.16314222 1.60730815 0.37677044
v -0.15151632 1.60730815 0.40871236
v -0.14211076 1.58732820 0.43455389
v -0.13851815 1.55499995 0.44442448
v -0.14211076 1.52267182 0.43455389
v -0.15151632 1.50269186 0.40871236
v -0.16314222 1.50269186 0.37677044
v -0.17254777 1.52267182 0.35092890
v -0.08942881 1.55499995 0.31782401
v -0.08760480 1.58732820 0.32816848
v -0.08282948 1.60730815 0.35525072
v -0.07692685 1.60730815 0.38872617
v -0.07215153 1.58732820 0.41580838
v -0.07032751 1.55499995 0.42615286
v -0.07215153 1.52267182 0.41580838
v -0.07692685 1.50269186 0.38872617
v -0.08282948 1.50269186 0.35525072
v -0.08760480 1.52267182 0.32816848
v -0.00000000 1.55499995 0.31000000
v -0.00000000 1.58732820 0.32050407
v -0.00000000 1.60730815 0.34800407
v -0.00000000 1.60730815 0.38199595
v -0.00000000 1.58732820 0.40949592
v -0.00000000 1.55499995 0.41999999
v -0.00000000 1.52267182 0.40949592
v -0.00000000 1.50269186 0.38199595
v -0.00000000 1.50269186 0.34800407
v -0.00000000 1.52267182 0.32050407
v 0.08942881 1.55499995 0.31782401
v 0.08760480 1.58732820 0.32816848
v 0.08282948 1.60730815 0.35525072
v 0.07692685 1.60730815 0.38872617
v 0.07215153 1.58732820 0.41580838
v 0.07032751 1.55499995 0.42615286
v 0.07215153 1.52267182 0.41580838
v 0.07692685 1.50269186 0.38872617
v 0.08282948 1.50269186 0.35525072
v 0.08760480 1.52267182 0.32816848
v 0.17614037 1.55499995 0.34105831
v 0.17254777 1.58732820 0.35092890
v 0.16314222 1.60730815 0.37677044
v 0.15151632 1.60730815 0.40871236
v 0.14211076 1.58732820 0.43455389
v 0.13851815 1.55499995 0.44442448
v 0.14211076 1.52267182 0.43455389
v 0.15151632 1.50269186 0.40871236
v 0.16314222 1.50269186 0.37677044
v 0.17254777 1.52267182 0.35092890
v 0.25749999 1.55499995 0.37899691
v 0.25224796 1.58732820 0.38809371
v 0.23849797 1.60730815 0.41190940
v 0.22150204 1.60730815 0.44134721
v 0.20775203 1.58732820 0.46516293
v 0.20250000 1.55499995 0.47425970
v 0.20775203 1.52267182 0.46516293
v 0.22150204 1.50269186 0.44134721
v 0.23849797 1.50269186 0.41190940
v 0.25224796 1.52267182 0.38809371
v 0.33103561 1.55499995 0.43048713
v 0.32428375 1.58732820 0.43853369
v 0.30660707 1.60730815 0.45959991
v 0.28475752 1.60730815 0.48563918
v 0.26708087 1.58732820 0.50670540
v 0.26032898 1.55499995 0.51475197
v 0.26708087 1.52267182 0.50670540
v 0.28475752 1.50269186 0.48563918
v 0.30660707 1.50269186 0.45959991
v 0.32428375 1.52267182 0.43853369
v 0.39451289 1.55499995 0.49396437
v 0.38646629 1.58732820 0.50071627
v 0.36540008 1.60730815 0.51839292
v 0.33936080 1.60730815 0.54024249
v 0.31829458 1.58732820 0.55791914
v 0.31024799 1.55499995 0.56467104
v 0.31829458 1.52267182 0.55791914
v 0.33936080 1.50269186 0.54024249
v 0.36540008 1.50269186 0.51839292
v 0.38646629 1.52267182 0.50071627
v 0.44600308 1.55499995 0.56750000
v 0.43690631 1.58732820 0.57275206
v 0.41309059 1.60730815 0.58650202
v 0.38365278 1.60730815 0.60349798
v 0.35983709 1.58732820 0.61724794
v 0.35074028 1.55499995 0.62250000
v 0.35983709 1.52267182 0.61724794
v 0.38365278 1.50269186 0.60349798
v 0.41309059 1.50269186 0.58650202
v 0.43690631 1.52267182 0.57275206
v 0.48394170 1.55499995 0.64885962
v 0.47407112 1.58732820 0.65245223
v 0.44822955 1.60730815 0.66185778
v 0.41628766 1.60730815 0.67348367
v 0.39044610 1.58732820 0.68288922
v 0.38057551 1.55499995 0.68648183
v 0.39044610 1.52267182 0.68288922
v 0.41628766 1.50269186 0.67348367
v 0.44822955 1.50269186 0.66185778
v 0.47407112 1.52267182 0.65245223
v 0.50717598 1.55499995 0.73557121
v 0.49683151 1.58732820 0.73739523
v 0.46974930 1.60730815 0.74217051
v 0.43627384 1.60730815 0.74807316
v 0.40919164 1.58732820 0.75284851
v 0.39884713 1.55499995 0.75467247
v 0.40919164 1.52267182 0.75284851
v 0.43627384 1.50269186 0.74807316
v 0.46974930 1.50269186 0.74217051
v 0.49683151 1.52267182 0.73739523
v 0.00000000 1.54250002 0.82499999
v 0.52999997 1.54250002 0.82499999
v 0.52999997 1.50750005 0.82499999
v 0.00000000 1.50750005 0.82499999
v 0.51981622 1.54250002 0.92839789
v 0.51981622 1.50750005 0.92839789
v 0.48965615 1.54250002 1.02782226
v 0.48965615 1.50750005 1.02782226
v 0.44067889 1.54250002 1.11945224
v 0.44067889 1.50750005 1.11945224
v 0.37476659 1.54250002 1.19976664
v 0.37476659 1.50750005 1.19976664
v 0.29445222 1.54250002 1.26567888
v 0.29445222 1.50750005 1.26567888
v 0.20282222 1.54250002 1.31465614
v 0.20282222 1.50750005 1.31465614
v 0.10339787 1.54250002 1.34481621
v 0.10339787 1.50750005 1.34481621
v 0.00000000 1.54250002 1.35500002
v 0.00000000 1.50750005 1.35500002
v -0.10339787 1.54250002 1.34481621
v -0.10339787 1.50750005 1.34481621
v -0.20282222 1.54250002 1.31465614
v -0.20282222 1.50750005 1.31465614
v -0.29445222 1.54250002 1.26567888
v -0.29445222 1.50750005 1.26567888
v -0.37476659 1.54250002 1.19976664
v -0.37476659 1.50750005 1.19976664
v -0.44067889 1.54250002 1.11945224
v -0.44067889 1.50750005 1.11945224
v -0.48965615 1.54250002 1.02782226
v -0.48965615 1.50750005 1.02782226
v -0.51981622 1.54250002 0.92839789
v -0.51981622 1.50750005 0.92839789
v -0.52999997 1.54250002 0.82499999
v -0.52999997 1.50750005 0.82499999
v -0.51981622 1.54250002 0.72160214
v -0.51981622 1.50750005 0.72160214
v -0.48965615 1.54250002 0.62217778
v -0.48965615 1.50750005 0.62217778
v -0.44067889 1.54250002 0.53054780
v -0.44067889 1.50750005 0.53054780
v -0.37476659 1.54250002 0.45023340
v -0.37476659 1.50750005 0.45023340
v -0.29445222 1.54250002 0.38432109
v -0.29445222 1.50750005 0.38432109
v -0.20282222 1.54250002 0.33534384
v -0.20282222 1.50750005 0.33534384
v -0.10339787 1.54250002 0.30518380
v -0.10339787 1.50750005 0.30518380
v -0.00000000 1.54250002 0.29499999
v -0.00000000 1.50750005 0.29499999
v 0.10339787 1.54250002 0.30518380
v 0.10339787 1.50750005 0.30518380
v 0.20282222 1.54250002 0.33534384
v 0.20282222 1.50750005 0.33534384
v 0.29445222 1.54250002 0.38432109
v 0.29445222 1.50750005 0.38432109
v 0.37476659 1.54250002 0.45023340
v 0.37476659 1.50750005 0.45023340
v 0.44067889 1.54250002 0.53054780
v 0.44067889 1.50750005 0.53054780
v 0.48965615 1.54250002 0.62217778
v 0.48965615 1.50750005 0.62217778
v 0.51981622 1.54250002 0.72160214
v 0.51981622 1.50750005 0.72160214
v -0.67000002 1.51250005 -0.19000000
v -0.67000002 1.51250005 0.49000001
v -0.67000002 1.55750000 -0.19000000
v -0.67000002 1.55750000 0.49000001
v 0.67000002 1.51250005 -0.19000000
v 0.67000002 1.51250005 0.49000001
v 0.67000002 1.55750000 -0.19000000
v 0.67000002 1.55750000 0.49000001
v -0.60000002 1.51900005 -0.72000003
v -0.60000002 1.51900005 -0.31999999
v -0.60000002 1.57099998 -0.72000003
v -0.60000002 1.57099998 -0.31999999
v -0.08000000 1.51900005 -0.72000003
v -0.08000000 1.51900005 -0.31999999
v -0.08000000 1.57099998 -0.72000003
v -0.08000000 1.57099998 -0.31999999
v -0.62500000 0.85898691 -2.28049159
v -0.62500000 1.13128042 -1.76838207
v -0.62500000 0.89871955 -2.30161786
v -0.62500000 1.17101312 -1.78950834
v 0.62500000 0.85898691 -2.28049159
v 0.62500000 1.13128042 -1.76838207
v 0.62500000 0.89871955 -2.30161786
v 0.62500000 1.17101312 -1.78950834
v -0.36000001 1.12344396 -1.64052081
v -0.36000001 1.18189669 -1.22460818
v -0.36000001 1.15810335 -1.64539182
v -0.36000001 1.21655607 -1.22947919
v 0.36000001 1.12344396 -1.64052081
v 0.36000001 1.18189669 -1.22460818
v 0.36000001 1.15810335 -1.64539182
v 0.36000001 1.21655607 -1.22947919
v -1.33249998 1.17250001 -1.73000002
v -1.33249998 1.17250001 1.97000003
v -1.33249998 1.22749996 -1.73000002
v -1.33249998 1.22749996 1.97000003
v -1.28750002 1.17250001 -1.73000002
v -1.28750002 1.17250001 1.97000003
v -1.28750002 1.22749996 -1.73000002
v -1.28750002 1.22749996 1.97000003
v -1.33249998 1.21500003 -1.87000000
v -1.33249998 1.21500003 -1.09000003
v -1.33249998 1.28499997 -1.87000000
v -1.33249998 1.28499997 -1.09000003
v -1.28750002 1.21500003 -1.87000000
v -1.28750002 1.21500003 -1.09000003
v -1.28750002 1.28499997 -1.87000000
v -1.28750002 1.28499997 -1.09000003
v 1.28750002 1.17250001 -1.73000002
v 1.28750002 1.17250001 1.97000003
v 1.28750002 1.22749996 -1.73000002
v 1.28750002 1.22749996 1.97000003
v 1.33249998 1.17250001 -1.73000002
v 1.33249998 1.17250001 1.97000003
v 1.33249998 1.22749996 -1.73000002
v 1.33249998 1.22749996 1.97000003
v 1.28750002 1.21500003 -1.87000000
v 1.28750002 1.21500003 -1.09000003
v 1.28750002 1.28499997 -1.87000000
v 1.28750002 1.28499997 -1.09000003
v 1.33249998 1.21500003 -1.87000000
v 1.33249998 1.21500003 -1.09000003
v 1.33249998 1.28499997 -1.87000000
v 1.33249998 1.28499997 -1.09000003
v -0.66250002 1.56250000 0.19000000
v -0.66250002 1.56250000 0.67000002
v -0.66250002 1.58749998 0.19000000
v -0.66250002 1.58749998 0.67000002
v -0.61750001 1.56250000 0.19000000
v -0.61750001 1.56250000 0.67000002
v -0.61750001 1.58749998 0.19000000
v -0.61750001 1.58749998 0.67000002
v -0.57249999 1.56250000 0.19000000
v -0.57249999 1.56250000 0.67000002
v -0.57249999 1.58749998 0.19000000
v -0.57249999 1.58749998 0.67000002
v -0.52749997 1.56250000 0.19000000
v -0.52749997 1.56250000 0.67000002
v -0.52749997 1.58749998 0.19000000
v -0.52749997 1.58749998 0.67000002
v -0.48249999 1.56250000 0.19000000
v -0.48249999 1.56250000 0.67000002
v -0.48249999 1.58749998 0.19000000
v -0.48249999 1.58749998 0.67000002
v -0.43750000 1.56250000 0.19000000
v -0.43750000 1.56250000 0.67000002
v -0.43750000 1.58749998 0.19000000
v -0.43750000 1.58749998 0.67000002
v -0.39250001 1.56250000 0.19000000
v -0.39250001 1.56250000 0.67000002
v -0.39250001 1.58749998 0.19000000
v -0.39250001 1.58749998 0.67000002
v -0.34750000 1.56250000 0.19000000
v -0.34750000 1.56250000 0.67000002
v -0.34750000 1.58749998 0.19000000
v -0.34750000 1.58749998 0.67000002
v -0.30250001 1.56250000 0.19000000
v -0.30250001 1.56250000 0.67000002
v -0.30250001 1.58749998 0.19000000
v -0.30250001 1.58749998 0.67000002
v -0.25749999 1.56250000 0.19000000
v -0.25749999 1.56250000 0.67000002
v -0.25749999 1.58749998 0.19000000
v -0.25749999 1.58749998 0.67000002
v -0.21250001 1.56250000 0.19000000
v -0.21250001 1.56250000 0.67000002
v -0.21250001 1.58749998 0.19000000
v -0.21250001 1.58749998 0.67000002
v -0.16750000 1.56250000 0.19000000
v -0.16750000 1.56250000 0.67000002
v -0.16750000 1.58749998 0.19000000
v -0.16750000 1.58749998 0.67000002
v -0.12250000 1.56250000 0.19000000
v -0.12250000 1.56250000 0.67000002
v -0.12250000 1.58749998 0.19000000
v -0.12250000 1.58749998 0.67000002
v -0.07750000 1.56250000 0.19000000
v -0.07750000 1.56250000 0.67000002
v -0.07750000 1.58749998 0.19000000
v -0.07750000 1.58749998 0.67000002
v 0.41999999 1.56299996 1.33249998
v 0.41999999 1.56299996 1.36749995
v 0.41999999 1.58700001 1.33249998
v 0.41999999 1.58700001 1.36749995
v 0.81999999 1.56299996 1.33249998
v 0.81999999 1.56299996 1.36749995
v 0.81999999 1.58700001 1.33249998
v 0.81999999 1.58700001 1.36749995
v 0.41999999 1.56299996 1.40750003
v 0.41999999 1.56299996 1.44250000
v 0.41999999 1.58700001 1.40750003
v 0.41999999 1.58700001 1.44250000
v 0.81999999 1.56299996 1.40750003
v 0.81999999 1.56299996 1.44250000
v 0.81999999 1.58700001 1.40750003
v 0.81999999 1.58700001 1.44250000
v 0.41999999 1.56299996 1.48249996
v 0.41999999 1.56299996 1.51750004
v 0.41999999 1.58700001 1.48249996
v 0.41999999 1.58700001 1.51750004
v 0.81999999 1.56299996 1.48249996
v 0.81999999 1.56299996 1.51750004
v 0.81999999 1.58700001 1.48249996
v 0.81999999 1.58700001 1.51750004
v 0.41999999 1.56299996 1.55750000
v 0.41999999 1.56299996 1.59249997
v 0.41999999 1.58700001 1.55750000
v 0.41999999 1.58700001 1.59249997
v 0.81999999 1.56299996 1.55750000
v 0.81999999 1.56299996 1.59249997
v 0.81999999 1.58700001 1.55750000
v 0.81999999 1.58700001 1.59249997
v 0.41999999 1.56299996 1.63250005
v 0.41999999 1.56299996 1.66750002
v 0.41999999 1.58700001 1.63250005
v 0.41999999 1.58700001 1.66750002
v 0.81999999 1.56299996 1.63250005
v 0.81999999 1.56299996 1.66750002
v 0.81999999 1.58700001 1.63250005
v 0.81999999 1.58700001 1.66750002
v 0.41999999 1.56299996 1.70749998
v 0.41999999 1.56299996 1.74249995
v 0.41999999 1.58700001 1.70749998
v 0.41999999 1.58700001 1.74249995
v 0.81999999 1.56299996 1.70749998
v 0.81999999 1.56299996 1.74249995
v 0.81999999 1.58700001 1.70749998
v 0.81999999 1.58700001 1.74249995
v -0.92750001 1.53400004 0.51499999
v -0.92750001 1.53400004 0.74500000
v -0.92750001 1.55599999 0.51499999
v -0.92750001 1.55599999 0.74500000
v -0.89249998 1.53400004 0.51499999
v -0.89249998 1.53400004 0.74500000
v -0.89249998 1.55599999 0.51499999
v -0.89249998 1.55599999 0.74500000
v -0.97250003 1.53400004 0.51499999
v -0.97250003 1.53400004 0.74500000
v -0.97250003 1.55599999 0.51499999
v -0.97250003 1.55599999 0.74500000
v -0.93750000 1.53400004 0.51499999
v -0.93750000 1.53400004 0.74500000
v -0.93750000 1.55599999 0.51499999
v -0.93750000 1.55599999 0.74500000
v -1.01750004 1.53400004 0.51499999
v -1.01750004 1.53400004 0.74500000
v -1.01750004 1.55599999 0.51499999
v -1.01750004 1.55599999 0.74500000
v -0.98250002 1.53400004 0.51499999
v -0.98250002 1.53400004 0.74500000
v -0.98250002 1.55599999 0.51499999
v -0.98250002 1.55599999 0.74500000
v -1.06250000 1.53400004 0.51499999
v -1.06250000 1.53400004 0.74500000
v -1.06250000 1.55599999 0.51499999
v -1.06250000 1.55599999 0.74500000
v -1.02750003 1.53400004 0.51499999
v -1.02750003 1.53400004 0.74500000
v -1.02750003 1.55599999 0.51499999
v -1.02750003 1.55599999 0.74500000
v 0.89249998 1.53400004 0.51499999
v 0.89249998 1.53400004 0.74500000
v 0.89249998 1.55599999 0.51499999
v 0.89249998 1.55599999 0.74500000
v 0.92750001 1.53400004 0.51499999
v 0.92750001 1.53400004 0.74500000
v 0.92750001 1.55599999 0.51499999
v 0.92750001 1.55599999 0.74500000
v 0.93750000 1.53400004 0.51499999
v 0.93750000 1.53400004 0.74500000
v 0.93750000 1.55599999 0.51499999
v 0.93750000 1.55599999 0.74500000
v 0.97250003 1.53400004 0.51499999
v 0.97250003 1.53400004 0.74500000
v 0.97250003 1.55599999 0.51499999
v 0.97250003 1.55599999 0.74500000
v 0.98250002 1.53400004 0.51499999
v 0.98250002 1.53400004 0.74500000
v 0.98250002 1.55599999 0.51499999
v 0.98250002 1.55599999 0.74500000
v 1.01750004 1.53400004 0.51499999
v 1.01750004 1.53400004 0.74500000
v 1.01750004 1.55599999 0.51499999
v 1.01750004 1.55599999 0.74500000
v 1.02750003 1.53400004 0.51499999
v 1.02750003 1.53400004 0.74500000
v 1.02750003 1.55599999 0.51499999
v 1.02750003 1.55599999 0.74500000
v 1.06250000 1.53400004 0.51499999
v 1.06250000 1.53400004 0.74500000
v 1.06250000 1.55599999 0.51499999
v 1.06250000 1.55599999 0.74500000
v -0.63999999 0.99000001 -2.26250005
v -0.54500002 0.99000001 -2.26250005
v -0.54500002 0.99000001 -2.17750001
v -0.63999999 0.99000001 -2.17750001
v -0.55440795 1.03121901 -2.26250005
v -0.55440795 1.03121901 -2.17750001
v -0.58076847 1.06427395 -2.26250005
v -0.58076847 1.06427395 -2.17750001
v -0.61886048 1.08261812 -2.26250005
v -0.61886048 1.08261812 -2.17750001
v -0.66113949 1.08261812 -2.26250005
v -0.66113949 1.08261812 -2.17750001
v -0.69923151 1.06427395 -2.26250005
v -0.69923151 1.06427395 -2.17750001
v -0.72559202 1.03121901 -2.26250005
v -0.72559202 1.03121901 -2.17750001
v -0.73500001 0.99000001 -2.26250005
v -0.73500001 0.99000001 -2.17750001
v -0.72559202 0.94878107 -2.26250005
v -0.72559202 0.94878107 -2.17750001
v -0.69923151 0.91572601 -2.26250005
v -0.69923151 0.91572601 -2.17750001
v -0.66113949 0.89738184 -2.26250005
v -0.66113949 0.89738184 -2.17750001
v -0.61886048 0.89738184 -2.26250005
v -0.61886048 0.89738184 -2.17750001
v -0.58076847 0.91572601 -2.26250005
v -0.58076847 0.91572601 -2.17750001
v -0.55440795 0.94878107 -2.26250005
v -0.55440795 0.94878107 -2.17750001
v -0.63999999 0.99000001 -2.31649995
v -0.57800001 0.99000001 -2.31649995
v -0.57800001 0.99000001 -2.22350001
v -0.63999999 0.99000001 -2.22350001
v -0.58413994 1.01690078 -2.31649995
v -0.58413994 1.01690078 -2.22350001
v -0.60134363 1.03847361 -2.31649995
v -0.60134363 1.03847361 -2.22350001
v -0.62620372 1.05044556 -2.31649995
v -0.62620372 1.05044556 -2.22350001
v -0.65379632 1.05044556 -2.31649995
v -0.65379632 1.05044556 -2.22350001
v -0.67865634 1.03847361 -2.31649995
v -0.67865634 1.03847361 -2.22350001
v -0.69586009 1.01690078 -2.31649995
v -0.69586009 1.01690078 -2.22350001
v -0.70200002 0.99000001 -2.31649995
v -0.70200002 0.99000001 -2.22350001
v -0.69586009 0.96309918 -2.31649995
v -0.69586009 0.96309918 -2.22350001
v -0.67865634 0.94152647 -2.31649995
v -0.67865634 0.94152647 -2.22350001
v -0.65379632 0.92955446 -2.31649995
v -0.65379632 0.92955446 -2.22350001
v -0.62620372 0.92955446 -2.31649995
v -0.62620372 0.92955446 -2.22350001
v -0.60134363 0.94152647 -2.31649995
v -0.60134363 0.94152647 -2.22350001
v -0.58413994 0.96309918 -2.31649995
v -0.58413994 0.96309918 -2.22350001
v 0.63999999 0.99000001 -2.26250005
v 0.73500001 0.99000001 -2.26250005
v 0.73500001 0.99000001 -2.17750001
v 0.63999999 0.99000001 -2.17750001
v 0.72559202 1.03121901 -2.26250005
v 0.72559202 1.03121901 -2.17750001
v 0.69923151 1.06427395 -2.26250005
v 0.69923151 1.06427395 -2.17750001
v 0.66113949 1.08261812 -2.26250005
v 0.66113949 1.08261812 -2.17750001
v 0.61886048 1.08261812 -2.26250005
v 0.61886048 1.08261812 -2.17750001
v 0.58076847 1.06427395 -2.26250005
v 0.58076847 1.06427395 -2.17750001
v 0.55440795 1.03121901 -2.26250005
v 0.55440795 1.03121901 -2.17750001
v 0.54500002 0.99000001 -2.26250005
v 0.54500002 0.99000001 -2.17750001
v 0.55440795 0.94878107 -2.26250005
v 0.55440795 0.94878107 -2.17750001
v 0.58076847 0.91572601 -2.26250005
v 0.58076847 0.91572601 -2.17750001
v 0.61886048 0.89738184 -2.26250005
v 0.61886048 0.89738184 -2.17750001
v 0.66113949 0.89738184 -2.26250005
v 0.66113949 0.89738184 -2.17750001
v 0.69923151 0.91572601 -2.26250005
v 0.69923151 0.91572601 -2.17750001
v 0.72559202 0.94878107 -2.26250005
v 0.72559202 0.94878107 -2.17750001
v 0.63999999 0.99000001 -2.31649995
v 0.70200002 0.99000001 -2.31649995
v 0.70200002 0.99000001 -2.22350001
v 0.63999999 0.99000001 -2.22350001
v 0.69586009 1.01690078 -2.31649995
v 0.69586009 1.01690078 -2.22350001
v 0.67865634 1.03847361 -2.31649995
v 0.67865634 1.03847361 -2.22350001
v 0.65379632 1.05044556 -2.31649995
v 0.65379632 1.05044556 -2.22350001
v 0.62620372 1.05044556 -2.31649995
v 0.62620372 1.05044556 -2.22350001
v 0.60134363 1.03847361 -2.31649995
v 0.60134363 1.03847361 -2.22350001
v 0.58413994 1.01690078 -2.31649995
v 0.58413994 1.01690078 -2.22350001
v 0.57800001 0.99000001 -2.31649995
v 0.57800001 0.99000001 -2.22350001
v 0.58413994 0.96309918 -2.31649995
v 0.58413994 0.96309918 -2.22350001
v 0.60134363 0.94152647 -2.31649995
v 0.60134363 0.94152647 -2.22350001
v 0.62620372 0.92955446 -2.31649995
v 0.62620372 0.92955446 -2.22350001
v 0.65379632 0.92955446 -2.31649995
v 0.65379632 0.92955446 -2.22350001
v 0.67865634 0.94152647 -2.31649995
v 0.67865634 0.94152647 -2.22350001
v 0.69586009 0.96309918 -2.31649995
v 0.69586009 0.96309918 -2.22350001
v -0.71366900 1.57711697 -1.33000004
v -0.68633097 1.57711697 -1.33000004
v -0.71366900 1.53288305 -1.33000004
v -0.68633097 1.53288305 -1.33000004
v -0.69999999 1.54133093 -1.30788302
v -0.69999999 1.56866896 -1.30788302
v -0.69999999 1.54133093 -1.35211694
v -0.69999999 1.56866896 -1.35211694
v -0.67788309 1.55499995 -1.34366906
v -0.67788309 1.55499995 -1.31633103
v -0.72211695 1.55499995 -1.34366906
v -0.72211695 1.55499995 -1.31633103
v -0.69999999 1.58099997 -1.33000004
v -0.69999999 1.52900004 -1.33000004
v -0.70803446 1.53396559 -1.31700003
v -0.69196558 1.53396559 -1.31700003
v -0.70803446 1.57603443 -1.31700003
v -0.69196558 1.57603443 -1.31700003
v -0.69999999 1.55499995 -1.30400002
v -0.70803446 1.53396559 -1.34300005
v -0.69196558 1.53396559 -1.34300005
v -0.70803446 1.57603443 -1.34300005
v -0.69196558 1.57603443 -1.34300005
v -0.69999999 1.55499995 -1.35599995
v -0.67896557 1.56799996 -1.33803439
v -0.67896557 1.54200006 -1.33803439
v -0.68699998 1.54696560 -1.35103440
v -0.68699998 1.56303442 -1.35103440
v -0.67896557 1.56799996 -1.32196558
v -0.67896557 1.54200006 -1.32196558
v -0.68699998 1.54696560 -1.30896556
v -0.68699998 1.56303442 -1.30896556
v -0.67400002 1.55499995 -1.33000004
v -0.72103447 1.56799996 -1.33803439
v -0.72103447 1.54200006 -1.33803439
v -0.71300000 1.54696560 -1.35103440
v -0.71300000 1.56303442 -1.35103440
v -0.72103447 1.56799996 -1.32196558
v -0.72103447 1.54200006 -1.32196558
v -0.71300000 1.54696560 -1.30896556
v -0.71300000 1.56303442 -1.30896556
v -0.72600001 1.55499995 -1.33000004
v -0.51366901 1.57711697 -1.33000004
v -0.48633099 1.57711697 -1.33000004
v -0.51366901 1.53288305 -1.33000004
v -0.48633099 1.53288305 -1.33000004
v -0.50000000 1.54133093 -1.30788302
v -0.50000000 1.56866896 -1.30788302
v -0.50000000 1.54133093 -1.35211694
v -0.50000000 1.56866896 -1.35211694
v -0.47788307 1.55499995 -1.34366906
v -0.47788307 1.55499995 -1.31633103
v -0.52211690 1.55499995 -1.34366906
v -0.52211690 1.55499995 -1.31633103
v -0.50000000 1.58099997 -1.33000004
v -0.50000000 1.52900004 -1.33000004
v -0.50803447 1.53396559 -1.31700003
v -0.49196556 1.53396559 -1.31700003
v -0.50803447 1.57603443 -1.31700003
v -0.49196556 1.57603443 -1.31700003
v -0.50000000 1.55499995 -1.30400002
v -0.50803447 1.53396559 -1.34300005
v -0.49196556 1.53396559 -1.34300005
v -0.50803447 1.57603443 -1.34300005
v -0.49196556 1.57603443 -1.34300005
v -0.50000000 1.55499995 -1.35599995
v -0.47896555 1.56799996 -1.33803439
v -0.47896555 1.54200006 -1.33803439
v -0.48699999 1.54696560 -1.35103440
v -0.48699999 1.56303442 -1.35103440
v -0.47896555 1.56799996 -1.32196558
v -0.47896555 1.54200006 -1.32196558
v -0.48699999 1.54696560 -1.30896556
v -0.48699999 1.56303442 -1.30896556
v -0.47400001 1.55499995 -1.33000004
v -0.52103442 1.56799996 -1.33803439
v -0.52103442 1.54200006 -1.33803439
v -0.51300001 1.54696560 -1.35103440
v -0.51300001 1.56303442 -1.35103440
v -0.52103442 1.56799996 -1.32196558
v -0.52103442 1.54200006 -1.32196558
v -0.51300001 1.54696560 -1.30896556
v -0.51300001 1.56303442 -1.30896556
v -0.52600002 1.55499995 -1.33000004
v -0.31366900 1.57711697 -1.33000004
v -0.28633100 1.57711697 -1.33000004
v -0.31366900 1.53288305 -1.33000004
v -0.28633100 1.53288305 -1.33000004
v -0.30000001 1.54133093 -1.30788302
v -0.30000001 1.56866896 -1.30788302
v -0.30000001 1.54133093 -1.35211694
v -0.30000001 1.56866896 -1.35211694
v -0.27788308 1.55499995 -1.34366906
v -0.27788308 1.55499995 -1.31633103
v -0.32211691 1.55499995 -1.34366906
v -0.32211691 1.55499995 -1.31633103
v -0.30000001 1.58099997 -1.33000004
v -0.30000001 1.52900004 -1.33000004
v -0.30803445 1.53396559 -1.31700003
v -0.29196554 1.53396559 -1.31700003
v -0.30803445 1.57603443 -1.31700003
v -0.29196554 1.57603443 -1.31700003
v -0.30000001 1.55499995 -1.30400002
v -0.30803445 1.53396559 -1.34300005
v -0.29196554 1.53396559 -1.34300005
v -0.30803445 1.57603443 -1.34300005
v -0.29196554 1.57603443 -1.34300005
v -0.30000001 1.55499995 -1.35599995
v -0.27896556 1.56799996 -1.33803439
v -0.27896556 1.54200006 -1.33803439
v -0.28700000 1.54696560 -1.35103440
v -0.28700000 1.56303442 -1.35103440
v -0.27896556 1.56799996 -1.32196558
v -0.27896556 1.54200006 -1.32196558
v -0.28700000 1.54696560 -1.30896556
v -0.28700000 1.56303442 -1.30896556
v -0.27399999 1.55499995 -1.33000004
v -0.32103443 1.56799996 -1.33803439
v -0.32103443 1.54200006 -1.33803439
v -0.31299999 1.54696560 -1.35103440
v -0.31299999 1.56303442 -1.35103440
v -0.32103443 1.56799996 -1.32196558
v -0.32103443 1.54200006 -1.32196558
v -0.31299999 1.54696560 -1.30896556
v -0.31299999 1.56303442 -1.30896556
v -0.32600001 1.55499995 -1.33000004
v -0.11366901 1.57711697 -1.33000004
v -0.08633099 1.57711697 -1.33000004
v -0.11366901 1.53288305 -1.33000004
v -0.08633099 1.53288305 -1.33000004
v -0.10000000 1.54133093 -1.30788302
v -0.10000000 1.56866896 -1.30788302
v -0.10000000 1.54133093 -1.35211694
v -0.10000000 1.56866896 -1.35211694
v -0.07788308 1.55499995 -1.34366906
v -0.07788308 1.55499995 -1.31633103
v -0.12211692 1.55499995 -1.34366906
v -0.12211692 1.55499995 -1.31633103
v -0.10000000 1.58099997 -1.33000004
v -0.10000000 1.52900004 -1.33000004
v -0.10803444 1.53396559 -1.31700003
v -0.09196556 1.53396559 -1.31700003
v -0.10803444 1.57603443 -1.31700003
v -0.09196556 1.57603443 -1.31700003
v -0.10000000 1.55499995 -1.30400002
v -0.10803444 1.53396559 -1.34300005
v -0.09196556 1.53396559 -1.34300005
v -0.10803444 1.57603443 -1.34300005
v -0.09196556 1.57603443 -1.34300005
v -0.10000000 1.55499995 -1.35599995
v -0.07896556 1.56799996 -1.33803439
v -0.07896556 1.54200006 -1.33803439
v -0.08700000 1.54696560 -1.35103440
v -0.08700000 1.56303442 -1.35103440
v -0.07896556 1.56799996 -1.32196558
v -0.07896556 1.54200006 -1.32196558
v -0.08700000 1.54696560 -1.30896556
v -0.08700000 1.56303442 -1.30896556
v -0.07400000 1.55499995 -1.33000004
v -0.12103444 1.56799996 -1.33803439
v -0.12103444 1.54200006 -1.33803439
v -0.11300000 1.54696560 -1.35103440
v -0.11300000 1.56303442 -1.35103440
v -0.12103444 1.56799996 -1.32196558
v -0.12103444 1.54200006 -1.32196558
v -0.11300000 1.54696560 -1.30896556
v -0.11300000 1.56303442 -1.30896556
v -0.12600000 1.55499995 -1.33000004
v 0.08633099 1.57711697 -1.33000004
v 0.11366901 1.57711697 -1.33000004
v 0.08633099 1.53288305 -1.33000004
v 0.11366901 1.53288305 -1.33000004
v 0.10000000 1.54133093 -1.30788302
v 0.10000000 1.56866896 -1.30788302
v 0.10000000 1.54133093 -1.35211694
v 0.10000000 1.56866896 -1.35211694
v 0.12211692 1.55499995 -1.34366906
v 0.12211692 1.55499995 -1.31633103
v 0.07788308 1.55499995 -1.34366906
v 0.07788308 1.55499995 -1.31633103
v 0.10000000 1.58099997 -1.33000004
v 0.10000000 1.52900004 -1.33000004
v 0.09196556 1.53396559 -1.31700003
v 0.10803444 1.53396559 -1.31700003
v 0.09196556 1.57603443 -1.31700003
v 0.10803444 1.57603443 -1.31700003
v 0.10000000 1.55499995 -1.30400002
v 0.09196556 1.53396559 -1.34300005
v 0.10803444 1.53396559 -1.34300005
v 0.09196556 1.57603443 -1.34300005
v 0.10803444 1.57603443 -1.34300005
v 0.10000000 1.55499995 -1.35599995
v 0.12103444 1.56799996 -1.33803439
v 0.12103444 1.54200006 -1.33803439
v 0.11300000 1.54696560 -1.35103440
v 0.11300000 1.56303442 -1.35103440
v 0.12103444 1.56799996 -1.32196558
v 0.12103444 1.54200006 -1.32196558
v 0.11300000 1.54696560 -1.30896556
v 0.11300000 1.56303442 -1.30896556
v 0.12600000 1.55499995 -1.33000004
v 0.07896556 1.56799996 -1.33803439
v 0.07896556 1.54200006 -1.33803439
v 0.08700000 1.54696560 -1.35103440
v 0.08700000 1.56303442 -1.35103440
v 0.07896556 1.56799996 -1.32196558
v 0.07896556 1.54200006 -1.32196558
v 0.08700000 1.54696560 -1.30896556
v 0.08700000 1.56303442 -1.30896556
v 0.07400000 1.55499995 -1.33000004
v 0.28633100 1.57711697 -1.33000004
v 0.31366900 1.57711697 -1.33000004
v 0.28633100 1.53288305 -1.33000004
v 0.31366900 1.53288305 -1.33000004
v 0.30000001 1.54133093 -1.30788302
v 0.30000001 1.56866896 -1.30788302
v 0.30000001 1.54133093 -1.35211694
v 0.30000001 1.56866896 -1.35211694
v 0.32211691 1.55499995 -1.34366906
v 0.32211691 1.55499995 -1.31633103
v 0.27788308 1.55499995 -1.34366906
v 0.27788308 1.55499995 -1.31633103
v 0.30000001 1.58099997 -1.33000004
v 0.30000001 1.52900004 -1.33000004
v 0.29196554 1.53396559 -1.31700003
v 0.30803445 1.53396559 -1.31700003
v 0.29196554 1.57603443 -1.31700003
v 0.30803445 1.57603443 -1.31700003
v 0.30000001 1.55499995 -1.30400002
v 0.29196554 1.53396559 -1.34300005
v 0.30803445 1.53396559 -1.34300005
v 0.29196554 1.57603443 -1.34300005
v 0.30803445 1.57603443 -1.34300005
v 0.30000001 1.55499995 -1.35599995
v 0.32103443 1.56799996 -1.33803439
v 0.32103443 1.54200006 -1.33803439
v 0.31299999 1.54696560 -1.35103440
v 0.31299999 1.56303442 -1.35103440
v 0.32103443 1.56799996 -1.32196558
v 0.32103443 1.54200006 -1.32196558
v 0.31299999 1.54696560 -1.30896556
v 0.31299999 1.56303442 -1.30896556
v 0.32600001 1.55499995 -1.33000004
v 0.27896556 1.56799996 -1.33803439
v 0.27896556 1.54200006 -1.33803439
v 0.28700000 1.54696560 -1.35103440
v 0.28700000 1.56303442 -1.35103440
v 0.27896556 1.56799996 -1.32196558
v 0.27896556 1.54200006 -1.32196558
v 0.28700000 1.54696560 -1.30896556
v 0.28700000 1.56303442 -1.30896556
v 0.27399999 1.55499995 -1.33000004
v 0.48633099 1.57711697 -1.33000004
v 0.51366901 1.57711697 -1.33000004
v 0.48633099 1.53288305 -1.33000004
v 0.51366901 1.53288305 -1.33000004
v 0.50000000 1.54133093 -1.30788302
v 0.50000000 1.56866896 -1.30788302
v 0.50000000 1.54133093 -1.35211694
v 0.50000000 1.56866896 -1.35211694
v 0.52211690 1.55499995 -1.34366906
v 0.52211690 1.55499995 -1.31633103
v 0.47788307 1.55499995 -1.34366906
v 0.47788307 1.55499995 -1.31633103
v 0.50000000 1.58099997 -1.33000004
v 0.50000000 1.52900004 -1.33000004
v 0.49196556 1.53396559 -1.31700003
v 0.50803447 1.53396559 -1.31700003
v 0.49196556 1.57603443 -1.31700003
v 0.50803447 1.57603443 -1.31700003
v 0.50000000 1.55499995 -1.30400002
v 0.49196556 1.53396559 -1.34300005
v 0.50803447 1.53396559 -1.34300005
v 0.49196556 1.57603443 -1.34300005
v 0.50803447 1.57603443 -1.34300005
v 0.50000000 1.55499995 -1.35599995
v 0.52103442 1.56799996 -1.33803439
v 0.52103442 1.54200006 -1.33803439
v 0.51300001 1.54696560 -1.35103440
v 0.51300001 1.56303442 -1.35103440
v 0.52103442 1.56799996 -1.32196558
v 0.52103442 1.54200006 -1.32196558
v 0.51300001 1.54696560 -1.30896556
v 0.51300001 1.56303442 -1.30896556
v 0.52600002 1.55499995 -1.33000004
v 0.47896555 1.56799996 -1.33803439
v 0.47896555 1.54200006 -1.33803439
v 0.48699999 1.54696560 -1.35103440
v 0.48699999 1.56303442 -1.35103440
v 0.47896555 1.56799996 -1.32196558
v 0.47896555 1.54200006 -1.32196558
v 0.48699999 1.54696560 -1.30896556
v 0.48699999 1.56303442 -1.30896556
v 0.47400001 1.55499995 -1.33000004
v 0.68633097 1.57711697 -1.33000004
v 0.71366900 1.57711697 -1.33000004
v 0.68633097 1.53288305 -1.33000004
v 0.71366900 1.53288305 -1.33000004
v 0.69999999 1.54133093 -1.30788302
v 0.69999999 1.56866896 -1.30788302
v 0.69999999 1.54133093 -1.35211694
v 0.69999999 1.56866896 -1.35211694
v 0.72211695 1.55499995 -1.34366906
v 0.72211695 1.55499995 -1.31633103
v 0.67788309 1.55499995 -1.34366906
v 0.67788309 1.55499995 -1.31633103
v 0.69999999 1.58099997 -1.33000004
v 0.69999999 1.52900004 -1.33000004
v 0.69196558 1.53396559 -1.31700003
v 0.70803446 1.53396559 -1.31700003
v 0.69196558 1.57603443 -1.31700003
v 0.70803446 1.57603443 -1.31700003
v 0.69999999 1.55499995 -1.30400002
v 0.69196558 1.53396559 -1.34300005
v 0.70803446 1.53396559 -1.34300005
v 0.69196558 1.57603443 -1.34300005
v 0.70803446 1.57603443 -1.34300005
v 0.69999999 1.55499995 -1.35599995
v 0.72103447 1.56799996 -1.33803439
v 0.72103447 1.54200006 -1.33803439
v 0.71300000 1.54696560 -1.35103440
v 0.71300000 1.56303442 -1.35103440
v 0.72103447 1.56799996 -1.32196558
v 0.72103447 1.54200006 -1.32196558
v 0.71300000 1.54696560 -1.30896556
v 0.71300000 1.56303442 -1.30896556
v 0.72600001 1.55499995 -1.33000004
v 0.67896557 1.56799996 -1.33803439
v 0.67896557 1.54200006 -1.33803439
v 0.68699998 1.54696560 -1.35103440
v 0.68699998 1.56303442 -1.35103440
v 0.67896557 1.56799996 -1.32196558
v 0.67896557 1.54200006 -1.32196558
v 0.68699998 1.54696560 -1.30896556
v 0.68699998 1.56303442 -1.30896556
v 0.67400002 1.55499995 -1.33000004
v -0.79209179 1.56956494 -1.14999998
v -0.76790816 1.56956494 -1.14999998
v -0.79209179 1.53043509 -1.14999998
v -0.76790816 1.53043509 -1.14999998
v -0.77999997 1.53790820 -1.13043499
v -0.77999997 1.56209183 -1.13043499
v -0.77999997 1.53790820 -1.16956496
v -0.77999997 1.56209183 -1.16956496
v -0.76043504 1.54999995 -1.16209185
v -0.76043504 1.54999995 -1.13790822
v -0.79956496 1.54999995 -1.16209185
v -0.79956496 1.54999995 -1.13790822
v -0.77999997 1.57299995 -1.14999998
v -0.77999997 1.52699995 -1.14999998
v -0.78710741 1.53139257 -1.13849998
v -0.77289259 1.53139257 -1.13849998
v -0.78710741 1.56860745 -1.13849998
v -0.77289259 1.56860745 -1.13849998
v -0.77999997 1.54999995 -1.12699997
v -0.78710741 1.53139257 -1.16149998
v -0.77289259 1.53139257 -1.16149998
v -0.78710741 1.56860745 -1.16149998
v -0.77289259 1.56860745 -1.16149998
v -0.77999997 1.54999995 -1.17299998
v -0.76139259 1.56149995 -1.15710735
v -0.76139259 1.53849995 -1.15710735
v -0.76849997 1.54289258 -1.16860735
v -0.76849997 1.55710745 -1.16860735
v -0.76139259 1.56149995 -1.14289260
v -0.76139259 1.53849995 -1.14289260
v -0.76849997 1.54289258 -1.13139260
v -0.76849997 1.55710745 -1.13139260
v -0.75700003 1.54999995 -1.14999998
v -0.79860741 1.56149995 -1.15710735
v -0.79860741 1.53849995 -1.15710735
v -0.79149997 1.54289258 -1.16860735
v -0.79149997 1.55710745 -1.16860735
v -0.79860741 1.56149995 -1.14289260
v -0.79860741 1.53849995 -1.14289260
v -0.79149997 1.54289258 -1.13139260
v -0.79149997 1.55710745 -1.13139260
v -0.80299997 1.54999995 -1.14999998
v 0.76790816 1.56956494 -1.14999998
v 0.79209179 1.56956494 -1.14999998
v 0.76790816 1.53043509 -1.14999998
v 0.79209179 1.53043509 -1.14999998
v 0.77999997 1.53790820 -1.13043499
v 0.77999997 1.56209183 -1.13043499
v 0.77999997 1.53790820 -1.16956496
v 0.77999997 1.56209183 -1.16956496
v 0.79956496 1.54999995 -1.16209185
v 0.79956496 1.54999995 -1.13790822
v 0.76043504 1.54999995 -1.16209185
v 0.76043504 1.54999995 -1.13790822
v 0.77999997 1.57299995 -1.14999998
v 0.77999997 1.52699995 -1.14999998
v 0.77289259 1.53139257 -1.13849998
v 0.78710741 1.53139257 -1.13849998
v 0.77289259 1.56860745 -1.13849998
v 0.78710741 1.56860745 -1.13849998
v 0.77999997 1.54999995 -1.12699997
v 0.77289259 1.53139257 -1.16149998
v 0.78710741 1.53139257 -1.16149998
v 0.77289259 1.56860745 -1.16149998
v 0.78710741 1.56860745 -1.16149998
v 0.77999997 1.54999995 -1.17299998
v 0.79860741 1.56149995 -1.15710735
v 0.79860741 1.53849995 -1.15710735
v 0.79149997 1.54289258 -1.16860735
v 0.79149997 1.55710745 -1.16860735
v 0.79860741 1.56149995 -1.14289260
v 0.79860741 1.53849995 -1.14289260
v 0.79149997 1.54289258 -1.13139260
v 0.79149997 1.55710745 -1.13139260
v 0.80299997 1.54999995 -1.14999998
v 0.76139259 1.56149995 -1.15710735
v 0.76139259 1.53849995 -1.15710735
v 0.76849997 1.54289258 -1.16860735
v 0.76849997 1.55710745 -1.16860735
v 0.76139259 1.56149995 -1.14289260
v 0.76139259 1.53849995 -1.14289260
v 0.76849997 1.54289258 -1.13139260
v 0.76849997 1.55710745 -1.13139260
v 0.75700003 1.54999995 -1.14999998
v -0.79209179 1.56956494 -0.88909090
v -0.76790816 1.56956494 -0.88909090
v -0.79209179 1.53043509 -0.88909090
v -0.76790816 1.53043509 -0.88909090
v -0.77999997 1.53790820 -0.86952597
v -0.77999997 1.56209183 -0.86952597
v -0.77999997 1.53790820 -0.90865588
v -0.77999997 1.56209183 -0.90865588
v -0.76043504 1.54999995 -0.90118271
v -0.76043504 1.54999995 -0.87699908
v -0.79956496 1.54999995 -0.90118271
v -0.79956496 1.54999995 -0.87699908
v -0.77999997 1.57299995 -0.88909090
v -0.77999997 1.52699995 -0.88909090
v -0.78710741 1.53139257 -0.87759089
v -0.77289259 1.53139257 -0.87759089
v -0.78710741 1.56860745 -0.87759089
v -0.77289259 1.56860745 -0.87759089
v -0.77999997 1.54999995 -0.86609089
v -0.78710741 1.53139257 -0.90059090
v -0.77289259 1.53139257 -0.90059090
v -0.78710741 1.56860745 -0.90059090
v -0.77289259 1.56860745 -0.90059090
v -0.77999997 1.54999995 -0.91209090
v -0.76139259 1.56149995 -0.89619827
v -0.76139259 1.53849995 -0.89619827
v -0.76849997 1.54289258 -0.90769827
v -0.76849997 1.55710745 -0.90769827
v -0.76139259 1.56149995 -0.88198352
v -0.76139259 1.53849995 -0.88198352
v -0.76849997 1.54289258 -0.87048352
v -0.76849997 1.55710745 -0.87048352
v -0.75700003 1.54999995 -0.88909090
v -0.79860741 1.56149995 -0.89619827
v -0.79860741 1.53849995 -0.89619827
v -0.79149997 1.54289258 -0.90769827
v -0.79149997 1.55710745 -0.90769827
v -0.79860741 1.56149995 -0.88198352
v -0.79860741 1.53849995 -0.88198352
v -0.79149997 1.54289258 -0.87048352
v -0.79149997 1.55710745 -0.87048352
v -0.80299997 1.54999995 -0.88909090
v 0.76790816 1.56956494 -0.88909090
v 0.79209179 1.56956494 -0.88909090
v 0.76790816 1.53043509 -0.88909090
v 0.79209179 1.53043509 -0.88909090
v 0.77999997 1.53790820 -0.86952597
v 0.77999997 1.56209183 -0.86952597
v 0.77999997 1.53790820 -0.90865588
v 0.77999997 1.56209183 -0.90865588
v 0.79956496 1.54999995 -0.90118271
v 0.79956496 1.54999995 -0.87699908
v 0.76043504 1.54999995 -0.90118271
v 0.76043504 1.54999995 -0.87699908
v 0.77999997 1.57299995 -0.88909090
v 0.77999997 1.52699995 -0.88909090
v 0.77289259 1.53139257 -0.87759089
v 0.78710741 1.53139257 -0.87759089
v 0.77289259 1.56860745 -0.87759089
v 0.78710741 1.56860745 -0.87759089
v 0.77999997 1.54999995 -0.86609089
v 0.77289259 1.53139257 -0.90059090
v 0.78710741 1.53139257 -0.90059090
v 0.77289259 1.56860745 -0.90059090
v 0.78710741 1.56860745 -0.90059090
v 0.77999997 1.54999995 -0.91209090
v 0.79860741 1.56149995 -0.89619827
v 0.79860741 1.53849995 -0.89619827
v 0.79149997 1.54289258 -0.90769827
v 0.79149997 1.55710745 -0.90769827
v 0.79860741 1.56149995 -0.88198352
v 0.79860741 1.53849995 -0.88198352
v 0.79149997 1.54289258 -0.87048352
v 0.79149997 1.55710745 -0.87048352
v 0.80299997 1.54999995 -0.88909090
v 0.76139259 1.56149995 -0.89619827
v 0.76139259 1.53849995 -0.89619827
v 0.76849997 1.54289258 -0.90769827
v 0.76849997 1.55710745 -0.90769827
v 0.76139259 1.56149995 -0.88198352
v 0.76139259 1.53849995 -0.88198352
v 0.76849997 1.54289258 -0.87048352
v 0.76849997 1.55710745 -0.87048352
v 0.75700003 1.54999995 -0.88909090
v -0.79209179 1.56956494 -0.62818182
v -0.76790816 1.56956494 -0.62818182
v -0.79209179 1.53043509 -0.62818182
v -0.76790816 1.53043509 -0.62818182
v -0.77999997 1.53790820 -0.60861683
v -0.77999997 1.56209183 -0.60861683
v -0.77999997 1.53790820 -0.64774680
v -0.77999997 1.56209183 -0.64774680
v -0.76043504 1.54999995 -0.64027363
v -0.76043504 1.54999995 -0.61609000
v -0.79956496 1.54999995 -0.64027363
v -0.79956496 1.54999995 -0.61609000
v -0.77999997 1.57299995 -0.62818182
v -0.77999997 1.52699995 -0.62818182
v -0.78710741 1.53139257 -0.61668181
v -0.77289259 1.53139257 -0.61668181
v -0.78710741 1.56860745 -0.61668181
v -0.77289259 1.56860745 -0.61668181
v -0.77999997 1.54999995 -0.60518181
v -0.78710741 1.53139257 -0.63968182
v -0.77289259 1.53139257 -0.63968182
v -0.78710741 1.56860745 -0.63968182
v -0.77289259 1.56860745 -0.63968182
v -0.77999997 1.54999995 -0.65118182
v -0.76139259 1.56149995 -0.63528919
v -0.76139259 1.53849995 -0.63528919
v -0.76849997 1.54289258 -0.64678919
v -0.76849997 1.55710745 -0.64678919
v -0.76139259 1.56149995 -0.62107444
v -0.76139259 1.53849995 -0.62107444
v -0.76849997 1.54289258 -0.60957444
v -0.76849997 1.55710745 -0.60957444
v -0.75700003 1.54999995 -0.62818182
v -0.79860741 1.56149995 -0.63528919
v -0.79860741 1.53849995 -0.63528919
v -0.79149997 1.54289258 -0.64678919
v -0.79149997 1.55710745 -0.64678919
v -0.79860741 1.56149995 -0.62107444
v -0.79860741 1.53849995 -0.62107444
v -0.79149997 1.54289258 -0.60957444
v -0.79149997 1.55710745 -0.60957444
v -0.80299997 1.54999995 -0.62818182
v 0.76790816 1.56956494 -0.62818182
v 0.79209179 1.56956494 -0.62818182
v 0.76790816 1.53043509 -0.62818182
v 0.79209179 1.53043509 -0.62818182
v 0.77999997 1.53790820 -0.60861683
v 0.77999997 1.56209183 -0.60861683
v 0.77999997 1.53790820 -0.64774680
v 0.77999997 1.56209183 -0.64774680
v 0.79956496 1.54999995 -0.64027363
v 0.79956496 1.54999995 -0.61609000
v 0.76043504 1.54999995 -0.64027363
v 0.76043504 1.54999995 -0.61609000
v 0.77999997 1.57299995 -0.62818182
v 0.77999997 1.52699995 -0.62818182
v 0.77289259 1.53139257 -0.61668181
v 0.78710741 1.53139257 -0.61668181
v 0.77289259 1.56860745 -0.61668181
v 0.78710741 1.56860745 -0.61668181
v 0.77999997 1.54999995 -0.60518181
v 0.77289259 1.53139257 -0.63968182
v 0.78710741 1.53139257 -0.63968182
v 0.77289259 1.56860745 -0.63968182
v 0.78710741 1.56860745 -0.63968182
v 0.77999997 1.54999995 -0.65118182
v 0.79860741 1.56149995 -0.63528919
v 0.79860741 1.53849995 -0.63528919
v 0.79149997 1.54289258 -0.64678919
v 0.79149997 1.55710745 -0.64678919
v 0.79860741 1.56149995 -0.62107444
v 0.79860741 1.53849995 -0.62107444
v 0.79149997 1.54289258 -0.60957444
v 0.79149997 1.55710745 -0.60957444
v 0.80299997 1.54999995 -0.62818182
v 0.76139259 1.56149995 -0.63528919
v 0.76139259 1.53849995 -0.63528919
v 0.76849997 1.54289258 -0.64678919
v 0.76849997 1.55710745 -0.64678919
v 0.76139259 1.56149995 -0.62107444
v 0.76139259 1.53849995 -0.62107444
v 0.76849997 1.54289258 -0.60957444
v 0.76849997 1.55710745 -0.60957444
v 0.75700003 1.54999995 -0.62818182
v -0.79209179 1.56956494 -0.36727273
v -0.76790816 1.56956494 -0.36727273
v -0.79209179 1.53043509 -0.36727273
v -0.76790816 1.53043509 -0.36727273
v -0.77999997 1.53790820 -0.34770775
v -0.77999997 1.56209183 -0.34770775
v -0.77999997 1.53790820 -0.38683769
v -0.77999997 1.56209183 -0.38683769
v -0.76043504 1.54999995 -0.37936455
v -0.76043504 1.54999995 -0.35518092
v -0.79956496 1.54999995 -0.37936455
v -0.79956496 1.54999995 -0.35518092
v -0.77999997 1.57299995 -0.36727273
v -0.77999997 1.52699995 -0.36727273
v -0.78710741 1.53139257 -0.35577273
v -0.77289259 1.53139257 -0.35577273
v -0.78710741 1.56860745 -0.35577273
v -0.77289259 1.56860745 -0.35577273
v -0.77999997 1.54999995 -0.34427273
v -0.78710741 1.53139257 -0.37877274
v -0.77289259 1.53139257 -0.37877274
v -0.78710741 1.56860745 -0.37877274
v -0.77289259 1.56860745 -0.37877274
v -0.77999997 1.54999995 -0.39027274
v -0.76139259 1.56149995 -0.37438011
v -0.76139259 1.53849995 -0.37438011
v -0.76849997 1.54289258 -0.38588011
v -0.76849997 1.55710745 -0.38588011
v -0.76139259 1.56149995 -0.36016533
v -0.76139259 1.53849995 -0.36016533
v -0.76849997 1.54289258 -0.34866533
v -0.76849997 1.55710745 -0.34866533
v -0.75700003 1.54999995 -0.36727273
v -0.79860741 1.56149995 -0.37438011
v -0.79860741 1.53849995 -0.37438011
v -0.79149997 1.54289258 -0.38588011
v -0.79149997 1.55710745 -0.38588011
v -0.79860741 1.56149995 -0.36016533
v -0.79860741 1.53849995 -0.36016533
v -0.79149997 1.54289258 -0.34866533
v -0.79149997 1.55710745 -0.34866533
v -0.80299997 1.54999995 -0.36727273
v 0.76790816 1.56956494 -0.36727273
v 0.79209179 1.56956494 -0.36727273
v 0.76790816 1.53043509 -0.36727273
v 0.79209179 1.53043509 -0.36727273
v 0.77999997 1.53790820 -0.34770775
v 0.77999997 1.56209183 -0.34770775
v 0.77999997 1.53790820 -0.38683769
v 0.77999997 1.56209183 -0.38683769
v 0.79956496 1.54999995 -0.37936455
v 0.79956496 1.54999995 -0.35518092
v 0.76043504 1.54999995 -0.37936455
v 0.76043504 1.54999995 -0.35518092
v 0.77999997 1.57299995 -0.36727273
v 0.77999997 1.52699995 -0.36727273
v 0.77289259 1.53139257 -0.35577273
v 0.78710741 1.53139257 -0.35577273
v 0.77289259 1.56860745 -0.35577273
v 0.78710741 1.56860745 -0.35577273
v 0.77999997 1.54999995 -0.34427273
v 0.77289259 1.53139257 -0.37877274
v 0.78710741 1.53139257 -0.37877274
v 0.77289259 1.56860745 -0.37877274
v 0.78710741 1.56860745 -0.37877274
v 0.77999997 1.54999995 -0.39027274
v 0.79860741 1.56149995 -0.37438011
v 0.79860741 1.53849995 -0.37438011
v 0.79149997 1.54289258 -0.38588011
v 0.79149997 1.55710745 -0.38588011
v 0.79860741 1.56149995 -0.36016533
v 0.79860741 1.53849995 -0.36016533
v 0.79149997 1.54289258 -0.34866533
v 0.79149997 1.55710745 -0.34866533
v 0.80299997 1.54999995 -0.36727273
v 0.76139259 1.56149995 -0.37438011
v 0.76139259 1.53849995 -0.37438011
v 0.76849997 1.54289258 -0.38588011
v 0.76849997 1.55710745 -0.38588011
v 0.76139259 1.56149995 -0.36016533
v 0.76139259 1.53849995 -0.36016533
v 0.76849997 1.54289258 -0.34866533
v 0.76849997 1.55710745 -0.34866533
v 0.75700003 1.54999995 -0.36727273
v -0.79209179 1.56956494 -0.10636364
v -0.76790816 1.56956494 -0.10636364
v -0.79209179 1.53043509 -0.10636364
v -0.76790816 1.53043509 -0.10636364
v -0.77999997 1.53790820 -0.08679867
v -0.77999997 1.56209183 -0.08679867
v -0.77999997 1.53790820 -0.12592861
v -0.77999997 1.56209183 -0.12592861
v -0.76043504 1.54999995 -0.11845545
v -0.76043504 1.54999995 -0.09427182
v -0.79956496 1.54999995 -0.11845545
v -0.79956496 1.54999995 -0.09427182
v -0.77999997 1.57299995 -0.10636364
v -0.77999997 1.52699995 -0.10636364
v -0.78710741 1.53139257 -0.09486364
v -0.77289259 1.53139257 -0.09486364
v -0.78710741 1.56860745 -0.09486364
v -0.77289259 1.56860745 -0.09486364
v -0.77999997 1.54999995 -0.08336364
v -0.78710741 1.53139257 -0.11786363
v -0.77289259 1.53139257 -0.11786363
v -0.78710741 1.56860745 -0.11786363
v -0.77289259 1.56860745 -0.11786363
v -0.77999997 1.54999995 -0.12936364
v -0.76139259 1.56149995 -0.11347102
v -0.76139259 1.53849995 -0.11347102
v -0.76849997 1.54289258 -0.12497102
v -0.76849997 1.55710745 -0.12497102
v -0.76139259 1.56149995 -0.09925625
v -0.76139259 1.53849995 -0.09925625
v -0.76849997 1.54289258 -0.08775625
v -0.76849997 1.55710745 -0.08775625
v -0.75700003 1.54999995 -0.10636364
v -0.79860741 1.56149995 -0.11347102
v -0.79860741 1.53849995 -0.11347102
v -0.79149997 1.54289258 -0.12497102
v -0.79149997 1.55710745 -0.12497102
v -0.79860741 1.56149995 -0.09925625
v -0.79860741 1.53849995 -0.09925625
v -0.79149997 1.54289258 -0.08775625
v -0.79149997 1.55710745 -0.08775625
v -0.80299997 1.54999995 -0.10636364
v 0.76790816 1.56956494 -0.10636364
v 0.79209179 1.56956494 -0.10636364
v 0.76790816 1.53043509 -0.10636364
v 0.79209179 1.53043509 -0.10636364
v 0.77999997 1.53790820 -0.08679867
v 0.77999997 1.56209183 -0.08679867
v 0.77999997 1.53790820 -0.12592861
v 0.77999997 1.56209183 -0.12592861
v 0.79956496 1.54999995 -0.11845545
v 0.79956496 1.54999995 -0.09427182
v 0.76043504 1.54999995 -0.11845545
v 0.76043504 1.54999995 -0.09427182
v 0.77999997 1.57299995 -0.10636364
v 0.77999997 1.52699995 -0.10636364
v 0.77289259 1.53139257 -0.09486364
v 0.78710741 1.53139257 -0.09486364
v 0.77289259 1.56860745 -0.09486364
v 0.78710741 1.56860745 -0.09486364
v 0.77999997 1.54999995 -0.08336364
v 0.77289259 1.53139257 -0.11786363
v 0.78710741 1.53139257 -0.11786363
v 0.77289259 1.56860745 -0.11786363
v 0.78710741 1.56860745 -0.11786363
v 0.77999997 1.54999995 -0.12936364
v 0.79860741 1.56149995 -0.11347102
v 0.79860741 1.53849995 -0.11347102
v 0.79149997 1.54289258 -0.12497102
v 0.79149997 1.55710745 -0.12497102
v 0.79860741 1.56149995 -0.09925625
v 0.79860741 1.53849995 -0.09925625
v 0.79149997 1.54289258 -0.08775625
v 0.79149997 1.55710745 -0.08775625
v 0.80299997 1.54999995 -0.10636364
v 0.76139259 1.56149995 -0.11347102
v 0.76139259 1.53849995 -0.11347102
v 0.76849997 1.54289258 -0.12497102
v 0.76849997 1.55710745 -0.12497102
v 0.76139259 1.56149995 -0.09925625
v 0.76139259 1.53849995 -0.09925625
v 0.76849997 1.54289258 -0.08775625
v 0.76849997 1.55710745 -0.08775625
v 0.75700003 1.54999995 -0.10636364
v -0.79209179 1.56956494 0.15454546
v -0.76790816 1.56956494 0.15454546
v -0.79209179 1.53043509 0.15454546
v -0.76790816 1.53043509 0.15454546
v -0.77999997 1.53790820 0.17411043
v -0.77999997 1.56209183 0.17411043
v -0.77999997 1.53790820 0.13498048
v -0.77999997 1.56209183 0.13498048
v -0.76043504 1.54999995 0.14245364
v -0.76043504 1.54999995 0.16663727
v -0.79956496 1.54999995 0.14245364
v -0.79956496 1.54999995 0.16663727
v -0.77999997 1.57299995 0.15454546
v -0.77999997 1.52699995 0.15454546
v -0.78710741 1.53139257 0.16604546
v -0.77289259 1.53139257 0.16604546
v -0.78710741 1.56860745 0.16604546
v -0.77289259 1.56860745 0.16604546
v -0.77999997 1.54999995 0.17754546
v -0.78710741 1.53139257 0.14304546
v -0.77289259 1.53139257 0.14304546
v -0.78710741 1.56860745 0.14304546
v -0.77289259 1.56860745 0.14304546
v -0.77999997 1.54999995 0.13154545
v -0.76139259 1.56149995 0.14743806
v -0.76139259 1.53849995 0.14743806
v -0.76849997 1.54289258 0.13593806
v -0.76849997 1.55710745 0.13593806
v -0.76139259 1.56149995 0.16165285
v -0.76139259 1.53849995 0.16165285
v -0.76849997 1.54289258 0.17315285
v -0.76849997 1.55710745 0.17315285
v -0.75700003 1.54999995 0.15454546
v -0.79860741 1.56149995 0.14743806
v -0.79860741 1.53849995 0.14743806
v -0.79149997 1.54289258 0.13593806
v -0.79149997 1.55710745 0.13593806
v -0.79860741 1.56149995 0.16165285
v -0.79860741 1.53849995 0.16165285
v -0.79149997 1.54289258 0.17315285
v -0.79149997 1.55710745 0.17315285
v -0.80299997 1.54999995 0.15454546
v 0.76790816 1.56956494 0.15454546
v 0.79209179 1.56956494 0.15454546
v 0.76790816 1.53043509 0.15454546
v 0.79209179 1.53043509 0.15454546
v 0.77999997 1.53790820 0.17411043
v 0.77999997 1.56209183 0.17411043
v 0.77999997 1.53790820 0.13498048
v 0.77999997 1.56209183 0.13498048
v 0.79956496 1.54999995 0.14245364
v 0.79956496 1.54999995 0.16663727
v 0.76043504 1.54999995 0.14245364
v 0.76043504 1.54999995 0.16663727
v 0.77999997 1.57299995 0.15454546
v 0.77999997 1.52699995 0.15454546
v 0.77289259 1.53139257 0.16604546
v 0.78710741 1.53139257 0.16604546
v 0.77289259 1.56860745 0.16604546
v 0.78710741 1.56860745 0.16604546
v 0.77999997 1.54999995 0.17754546
v 0.77289259 1.53139257 0.14304546
v 0.78710741 1.53139257 0.14304546
v 0.77289259 1.56860745 0.14304546
v 0.78710741 1.56860745 0.14304546
v 0.77999997 1.54999995 0.13154545
v 0.79860741 1.56149995 0.14743806
v 0.79860741 1.53849995 0.14743806
v 0.79149997 1.54289258 0.13593806
v 0.79149997 1.55710745 0.13593806
v 0.79860741 1.56149995 0.16165285
v 0.79860741 1.53849995 0.16165285
v 0.79149997 1.54289258 0.17315285
v 0.79149997 1.55710745 0.17315285
v 0.80299997 1.54999995 0.15454546
v 0.76139259 1.56149995 0.14743806
v 0.76139259 1.53849995 0.14743806
v 0.76849997 1.54289258 0.13593806
v 0.76849997 1.55710745 0.13593806
v 0.76139259 1.56149995 0.16165285
v 0.76139259 1.53849995 0.16165285
v 0.76849997 1.54289258 0.17315285
v 0.76849997 1.55710745 0.17315285
v 0.75700003 1.54999995 0.15454546
v -0.79209179 1.56956494 0.41545454
v -0.76790816 1.56956494 0.41545454
v -0.79209179 1.53043509 0.41545454
v -0.76790816 1.53043509 0.41545454
v -0.77999997 1.53790820 0.43501952
v -0.77999997 1.56209183 0.43501952
v -0.77999997 1.53790820 0.39588958
v -0.77999997 1.56209183 0.39588958
v -0.76043504 1.54999995 0.40336272
v -0.76043504 1.54999995 0.42754635
v -0.79956496 1.54999995 0.40336272
v -0.79956496 1.54999995 0.42754635
v -0.77999997 1.57299995 0.41545454
v -0.77999997 1.52699995 0.41545454
v -0.78710741 1.53139257 0.42695454
v -0.77289259 1.53139257 0.42695454
v -0.78710741 1.56860745 0.42695454
v -0.77289259 1.56860745 0.42695454
v -0.77999997 1.54999995 0.43845454
v -0.78710741 1.53139257 0.40395454
v -0.77289259 1.53139257 0.40395454
v -0.78710741 1.56860745 0.40395454
v -0.77289259 1.56860745 0.40395454
v -0.77999997 1.54999995 0.39245453
v -0.76139259 1.56149995 0.40834716
v -0.76139259 1.53849995 0.40834716
v -0.76849997 1.54289258 0.39684716
v -0.76849997 1.55710745 0.39684716
v -0.76139259 1.56149995 0.42256194
v -0.76139259 1.53849995 0.42256194
v -0.76849997 1.54289258 0.43406194
v -0.76849997 1.55710745 0.43406194
v -0.75700003 1.54999995 0.41545454
v -0.79860741 1.56149995 0.40834716
v -0.79860741 1.53849995 0.40834716
v -0.79149997 1.54289258 0.39684716
v -0.79149997 1.55710745 0.39684716
v -0.79860741 1.56149995 0.42256194
v -0.79860741 1.53849995 0.42256194
v -0.79149997 1.54289258 0.43406194
v -0.79149997 1.55710745 0.43406194
v -0.80299997 1.54999995 0.41545454
v 0.76790816 1.56956494 0.41545454
v 0.79209179 1.56956494 0.41545454
v 0.76790816 1.53043509 0.41545454
v 0.79209179 1.53043509 0.41545454
v 0.77999997 1.53790820 0.43501952
v 0.77999997 1.56209183 0.43501952
v 0.77999997 1.53790820 0.39588958
v 0.77999997 1.56209183 0.39588958
v 0.79956496 1.54999995 0.40336272
v 0.79956496 1.54999995 0.42754635
v 0.76043504 1.54999995 0.40336272
v 0.76043504 1.54999995 0.42754635
v 0.77999997 1.57299995 0.41545454
v 0.77999997 1.52699995 0.41545454
v 0.77289259 1.53139257 0.42695454
v 0.78710741 1.53139257 0.42695454
v 0.77289259 1.56860745 0.42695454
v 0.78710741 1.56860745 0.42695454
v 0.77999997 1.54999995 0.43845454
v 0.77289259 1.53139257 0.40395454
v 0.78710741 1.53139257 0.40395454
v 0.77289259 1.56860745 0.40395454
v 0.78710741 1.56860745 0.40395454
v 0.77999997 1.54999995 0.39245453
v 0.79860741 1.56149995 0.40834716
v 0.79860741 1.53849995 0.40834716
v 0.79149997 1.54289258 0.39684716
v 0.79149997 1.55710745 0.39684716
v 0.79860741 1.56149995 0.42256194
v 0.79860741 1.53849995 0.42256194
v 0.79149997 1.54289258 0.43406194
v 0.79149997 1.55710745 0.43406194
v 0.80299997 1.54999995 0.41545454
v 0.76139259 1.56149995 0.40834716
v 0.76139259 1.53849995 0.40834716
v 0.76849997 1.54289258 0.39684716
v 0.76849997 1.55710745 0.39684716
v 0.76139259 1.56149995 0.42256194
v 0.76139259 1.53849995 0.42256194
v 0.76849997 1.54289258 0.43406194
v 0.76849997 1.55710745 0.43406194
v 0.75700003 1.54999995 0.41545454
v -0.79209179 1.56956494 0.67636365
v -0.76790816 1.56956494 0.67636365
v -0.79209179 1.53043509 0.67636365
v -0.76790816 1.53043509 0.67636365
v -0.77999997 1.53790820 0.69592863
v -0.77999997 1.56209183 0.69592863
v -0.77999997 1.53790820 0.65679866
v -0.77999997 1.56209183 0.65679866
v -0.76043504 1.54999995 0.66427183
v -0.76043504 1.54999995 0.68845546
v -0.79956496 1.54999995 0.66427183
v -0.79956496 1.54999995 0.68845546
v -0.77999997 1.57299995 0.67636365
v -0.77999997 1.52699995 0.67636365
v -0.78710741 1.53139257 0.68786365
v -0.77289259 1.53139257 0.68786365
v -0.78710741 1.56860745 0.68786365
v -0.77289259 1.56860745 0.68786365
v -0.77999997 1.54999995 0.69936365
v -0.78710741 1.53139257 0.66486365
v -0.77289259 1.53139257 0.66486365
v -0.78710741 1.56860745 0.66486365
v -0.77289259 1.56860745 0.66486365
v -0.77999997 1.54999995 0.65336365
v -0.76139259 1.56149995 0.66925627
v -0.76139259 1.53849995 0.66925627
v -0.76849997 1.54289258 0.65775627
v -0.76849997 1.55710745 0.65775627
v -0.76139259 1.56149995 0.68347102
v -0.76139259 1.53849995 0.68347102
v -0.76849997 1.54289258 0.69497102
v -0.76849997 1.55710745 0.69497102
v -0.75700003 1.54999995 0.67636365
v -0.79860741 1.56149995 0.66925627
v -0.79860741 1.53849995 0.66925627
v -0.79149997 1.54289258 0.65775627
v -0.79149997 1.55710745 0.65775627
v -0.79860741 1.56149995 0.68347102
v -0.79860741 1.53849995 0.68347102
v -0.79149997 1.54289258 0.69497102
v -0.79149997 1.55710745 0.69497102
v -0.80299997 1.54999995 0.67636365
v 0.76790816 1.56956494 0.67636365
v 0.79209179 1.56956494 0.67636365
v 0.76790816 1.53043509 0.67636365
v 0.79209179 1.53043509 0.67636365
v 0.77999997 1.53790820 0.69592863
v 0.77999997 1.56209183 0.69592863
v 0.77999997 1.53790820 0.65679866
v 0.77999997 1.56209183 0.65679866
v 0.79956496 1.54999995 0.66427183
v 0.79956496 1.54999995 0.68845546
v 0.76043504 1.54999995 0.66427183
v 0.76043504 1.54999995 0.68845546
v 0.77999997 1.57299995 0.67636365
v 0.77999997 1.52699995 0.67636365
v 0.77289259 1.53139257 0.68786365
v 0.78710741 1.53139257 0.68786365
v 0.77289259 1.56860745 0.68786365
v 0.78710741 1.56860745 0.68786365
v 0.77999997 1.54999995 0.69936365
v 0.77289259 1.53139257 0.66486365
v 0.78710741 1.53139257 0.66486365
v 0.77289259 1.56860745 0.66486365
v 0.78710741 1.56860745 0.66486365
v 0.77999997 1.54999995 0.65336365
v 0.79860741 1.56149995 0.66925627
v 0.79860741 1.53849995 0.66925627
v 0.79149997 1.54289258 0.65775627
v 0.79149997 1.55710745 0.65775627
v 0.79860741 1.56149995 0.68347102
v 0.79860741 1.53849995 0.68347102
v 0.79149997 1.54289258 0.69497102
v 0.79149997 1.55710745 0.69497102
v 0.80299997 1.54999995 0.67636365
v 0.76139259 1.56149995 0.66925627
v 0.76139259 1.53849995 0.66925627
v 0.76849997 1.54289258 0.65775627
v 0.76849997 1.55710745 0.65775627
v 0.76139259 1.56149995 0.68347102
v 0.76139259 1.53849995 0.68347102
v 0.76849997 1.54289258 0.69497102
v 0.76849997 1.55710745 0.69497102
v 0.75700003 1.54999995 0.67636365
v -0.79209179 1.56956494 0.93727273
v -0.76790816 1.56956494 0.93727273
v -0.79209179 1.53043509 0.93727273
v -0.76790816 1.53043509 0.93727273
v -0.77999997 1.53790820 0.95683771
v -0.77999997 1.56209183 0.95683771
v -0.77999997 1.53790820 0.91770774
v -0.77999997 1.56209183 0.91770774
v -0.76043504 1.54999995 0.92518091
v -0.76043504 1.54999995 0.94936454
v -0.79956496 1.54999995 0.92518091
v -0.79956496 1.54999995 0.94936454
v -0.77999997 1.57299995 0.93727273
v -0.77999997 1.52699995 0.93727273
v -0.78710741 1.53139257 0.94877273
v -0.77289259 1.53139257 0.94877273
v -0.78710741 1.56860745 0.94877273
v -0.77289259 1.56860745 0.94877273
v -0.77999997 1.54999995 0.96027273
v -0.78710741 1.53139257 0.92577273
v -0.77289259 1.53139257 0.92577273
v -0.78710741 1.56860745 0.92577273
v -0.77289259 1.56860745 0.92577273
v -0.77999997 1.54999995 0.91427273
v -0.76139259 1.56149995 0.93016535
v -0.76139259 1.53849995 0.93016535
v -0.76849997 1.54289258 0.91866535
v -0.76849997 1.55710745 0.91866535
v -0.76139259 1.56149995 0.94438010
v -0.76139259 1.53849995 0.94438010
v -0.76849997 1.54289258 0.95588011
v -0.76849997 1.55710745 0.95588011
v -0.75700003 1.54999995 0.93727273
v -0.79860741 1.56149995 0.93016535
v -0.79860741 1.53849995 0.93016535
v -0.79149997 1.54289258 0.91866535
v -0.79149997 1.55710745 0.91866535
v -0.79860741 1.56149995 0.94438010
v -0.79860741 1.53849995 0.94438010
v -0.79149997 1.54289258 0.95588011
v -0.79149997 1.55710745 0.95588011
v -0.80299997 1.54999995 0.93727273
v 0.76790816 1.56956494 0.93727273
v 0.79209179 1.56956494 0.93727273
v 0.76790816 1.53043509 0.93727273
v 0.79209179 1.53043509 0.93727273
v 0.77999997 1.53790820 0.95683771
v 0.77999997 1.56209183 0.95683771
v 0.77999997 1.53790820 0.91770774
v 0.77999997 1.56209183 0.91770774
v 0.79956496 1.54999995 0.92518091
v 0.79956496 1.54999995 0.94936454
v 0.76043504 1.54999995 0.92518091
v 0.76043504 1.54999995 0.94936454
v 0.77999997 1.57299995 0.93727273
v 0.77999997 1.52699995 0.93727273
v 0.77289259 1.53139257 0.94877273
v 0.78710741 1.53139257 0.94877273
v 0.77289259 1.56860745 0.94877273
v 0.78710741 1.56860745 0.94877273
v 0.77999997 1.54999995 0.96027273
v 0.77289259 1.53139257 0.92577273
v 0.78710741 1.53139257 0.92577273
v 0.77289259 1.56860745 0.92577273
v 0.78710741 1.56860745 0.92577273
v 0.77999997 1.54999995 0.91427273
v 0.79860741 1.56149995 0.93016535
v 0.79860741 1.53849995 0.93016535
v 0.79149997 1.54289258 0.91866535
v 0.79149997 1.55710745 0.91866535
v 0.79860741 1.56149995 0.94438010
v 0.79860741 1.53849995 0.94438010
v 0.79149997 1.54289258 0.95588011
v 0.79149997 1.55710745 0.95588011
v 0.80299997 1.54999995 0.93727273
v 0.76139259 1.56149995 0.93016535
v 0.76139259 1.53849995 0.93016535
v 0.76849997 1.54289258 0.91866535
v 0.76849997 1.55710745 0.91866535
v 0.76139259 1.56149995 0.94438010
v 0.76139259 1.53849995 0.94438010
v 0.76849997 1.54289258 0.95588011
v 0.76849997 1.55710745 0.95588011
v 0.75700003 1.54999995 0.93727273
v -0.79209179 1.56956494 1.19818187
v -0.76790816 1.56956494 1.19818187
v -0.79209179 1.53043509 1.19818187
v -0.76790816 1.53043509 1.19818187
v -0.77999997 1.53790820 1.21774673
v -0.77999997 1.56209183 1.21774673
v -0.77999997 1.53790820 1.17861688
v -0.77999997 1.56209183 1.17861688
v -0.76043504 1.54999995 1.18608999
v -0.76043504 1.54999995 1.21027362
v -0.79956496 1.54999995 1.18608999
v -0.79956496 1.54999995 1.21027362
v -0.77999997 1.57299995 1.19818187
v -0.77999997 1.52699995 1.19818187
v -0.78710741 1.53139257 1.20968187
v -0.77289259 1.53139257 1.20968187
v -0.78710741 1.56860745 1.20968187
v -0.77289259 1.56860745 1.20968187
v -0.77999997 1.54999995 1.22118187
v -0.78710741 1.53139257 1.18668187
v -0.77289259 1.53139257 1.18668187
v -0.78710741 1.56860745 1.18668187
v -0.77289259 1.56860745 1.18668187
v -0.77999997 1.54999995 1.17518187
v -0.76139259 1.56149995 1.19107437
v -0.76139259 1.53849995 1.19107437
v -0.76849997 1.54289258 1.17957437
v -0.76849997 1.55710745 1.17957437
v -0.76139259 1.56149995 1.20528924
v -0.76139259 1.53849995 1.20528924
v -0.76849997 1.54289258 1.21678925
v -0.76849997 1.55710745 1.21678925
v -0.75700003 1.54999995 1.19818187
v -0.79860741 1.56149995 1.19107437
v -0.79860741 1.53849995 1.19107437
v -0.79149997 1.54289258 1.17957437
v -0.79149997 1.55710745 1.17957437
v -0.79860741 1.56149995 1.20528924
v -0.79860741 1.53849995 1.20528924
v -0.79149997 1.54289258 1.21678925
v -0.79149997 1.55710745 1.21678925
v -0.80299997 1.54999995 1.19818187
v 0.76790816 1.56956494 1.19818187
v 0.79209179 1.56956494 1.19818187
v 0.76790816 1.53043509 1.19818187
v 0.79209179 1.53043509 1.19818187
v 0.77999997 1.53790820 1.21774673
v 0.77999997 1.56209183 1.21774673
v 0.77999997 1.53790820 1.17861688
v 0.77999997 1.56209183 1.17861688
v 0.79956496 1.54999995 1.18608999
v 0.79956496 1.54999995 1.21027362
v 0.76043504 1.54999995 1.18608999
v 0.76043504 1.54999995 1.21027362
v 0.77999997 1.57299995 1.19818187
v 0.77999997 1.52699995 1.19818187
v 0.77289259 1.53139257 1.20968187
v 0.78710741 1.53139257 1.20968187
v 0.77289259 1.56860745 1.20968187
v 0.78710741 1.56860745 1.20968187
v 0.77999997 1.54999995 1.22118187
v 0.77289259 1.53139257 1.18668187
v 0.78710741 1.53139257 1.18668187
v 0.77289259 1.56860745 1.18668187
v 0.78710741 1.56860745 1.18668187
v 0.77999997 1.54999995 1.17518187
v 0.79860741 1.56149995 1.19107437
v 0.79860741 1.53849995 1.19107437
v 0.79149997 1.54289258 1.17957437
v 0.79149997 1.55710745 1.17957437
v 0.79860741 1.56149995 1.20528924
v 0.79860741 1.53849995 1.20528924
v 0.79149997 1.54289258 1.21678925
v 0.79149997 1.55710745 1.21678925
v 0.80299997 1.54999995 1.19818187
v 0.76139259 1.56149995 1.19107437
v 0.76139259 1.53849995 1.19107437
v 0.76849997 1.54289258 1.17957437
v 0.76849997 1.55710745 1.17957437
v 0.76139259 1.56149995 1.20528924
v 0.76139259 1.53849995 1.20528924
v 0.76849997 1.54289258 1.21678925
v 0.76849997 1.55710745 1.21678925
v 0.75700003 1.54999995 1.19818187
v -0.79209179 1.56956494 1.45909095
v -0.76790816 1.56956494 1.45909095
v -0.79209179 1.53043509 1.45909095
v -0.76790816 1.53043509 1.45909095
v -0.77999997 1.53790820 1.47865593
v -0.77999997 1.56209183 1.47865593
v -0.77999997 1.53790820 1.43952596
v -0.77999997 1.56209183 1.43952596
v -0.76043504 1.54999995 1.44699907
v -0.76043504 1.54999995 1.47118270
v -0.79956496 1.54999995 1.44699907
v -0.79956496 1.54999995 1.47118270
v -0.77999997 1.57299995 1.45909095
v -0.77999997 1.52699995 1.45909095
v -0.78710741 1.53139257 1.47059095
v -0.77289259 1.53139257 1.47059095
v -0.78710741 1.56860745 1.47059095
v -0.77289259 1.56860745 1.47059095
v -0.77999997 1.54999995 1.48209095
v -0.78710741 1.53139257 1.44759095
v -0.77289259 1.53139257 1.44759095
v -0.78710741 1.56860745 1.44759095
v -0.77289259 1.56860745 1.44759095
v -0.77999997 1.54999995 1.43609095
v -0.76139259 1.56149995 1.45198357
v -0.76139259 1.53849995 1.45198357
v -0.76849997 1.54289258 1.44048357
v -0.76849997 1.55710745 1.44048357
v -0.76139259 1.56149995 1.46619833
v -0.76139259 1.53849995 1.46619833
v -0.76849997 1.54289258 1.47769833
v -0.76849997 1.55710745 1.47769833
v -0.75700003 1.54999995 1.45909095
v -0.79860741 1.56149995 1.45198357
v -0.79860741 1.53849995 1.45198357
v -0.79149997 1.54289258 1.44048357
v -0.79149997 1.55710745 1.44048357
v -0.79860741 1.56149995 1.46619833
v -0.79860741 1.53849995 1.46619833
v -0.79149997 1.54289258 1.47769833
v -0.79149997 1.55710745 1.47769833
v -0.80299997 1.54999995 1.45909095
v 0.76790816 1.56956494 1.45909095
v 0.79209179 1.56956494 1.45909095
v 0.76790816 1.53043509 1.45909095
v 0.79209179 1.53043509 1.45909095
v 0.77999997 1.53790820 1.47865593
v 0.77999997 1.56209183 1.47865593
v 0.77999997 1.53790820 1.43952596
v 0.77999997 1.56209183 1.43952596
v 0.79956496 1.54999995 1.44699907
v 0.79956496 1.54999995 1.47118270
v 0.76043504 1.54999995 1.44699907
v 0.76043504 1.54999995 1.47118270
v 0.77999997 1.57299995 1.45909095
v 0.77999997 1.52699995 1.45909095
v 0.77289259 1.53139257 1.47059095
v 0.78710741 1.53139257 1.47059095
v 0.77289259 1.56860745 1.47059095
v 0.78710741 1.56860745 1.47059095
v 0.77999997 1.54999995 1.48209095
v 0.77289259 1.53139257 1.44759095
v 0.78710741 1.53139257 1.44759095
v 0.77289259 1.56860745 1.44759095
v 0.78710741 1.56860745 1.44759095
v 0.77999997 1.54999995 1.43609095
v 0.79860741 1.56149995 1.45198357
v 0.79860741 1.53849995 1.45198357
v 0.79149997 1.54289258 1.44048357
v 0.79149997 1.55710745 1.44048357
v 0.79860741 1.56149995 1.46619833
v 0.79860741 1.53849995 1.46619833
v 0.79149997 1.54289258 1.47769833
v 0.79149997 1.55710745 1.47769833
v 0.80299997 1.54999995 1.45909095
v 0.76139259 1.56149995 1.45198357
v 0.76139259 1.53849995 1.45198357
v 0.76849997 1.54289258 1.44048357
v 0.76849997 1.55710745 1.44048357
v 0.76139259 1.56149995 1.46619833
v 0.76139259 1.53849995 1.46619833
v 0.76849997 1.54289258 1.47769833
v 0.76849997 1.55710745 1.47769833
v 0.75700003 1.54999995 1.45909095
v -0.79209179 1.56956494 1.72000003
v -0.76790816 1.56956494 1.72000003
v -0.79209179 1.53043509 1.72000003
v -0.76790816 1.53043509 1.72000003
v -0.77999997 1.53790820 1.73956501
v -0.77999997 1.56209183 1.73956501
v -0.77999997 1.53790820 1.70043504
v -0.77999997 1.56209183 1.70043504
v -0.76043504 1.54999995 1.70790815
v -0.76043504 1.54999995 1.73209178
v -0.79956496 1.54999995 1.70790815
v -0.79956496 1.54999995 1.73209178
v -0.77999997 1.57299995 1.72000003
v -0.77999997 1.52699995 1.72000003
v -0.78710741 1.53139257 1.73150003
v -0.77289259 1.53139257 1.73150003
v -0.78710741 1.56860745 1.73150003
v -0.77289259 1.56860745 1.73150003
v -0.77999997 1.54999995 1.74300003
v -0.78710741 1.53139257 1.70850003
v -0.77289259 1.53139257 1.70850003
v -0.78710741 1.56860745 1.70850003
v -0.77289259 1.56860745 1.70850003
v -0.77999997 1.54999995 1.69700003
v -0.76139259 1.56149995 1.71289265
v -0.76139259 1.53849995 1.71289265
v -0.76849997 1.54289258 1.70139265
v -0.76849997 1.55710745 1.70139265
v -0.76139259 1.56149995 1.72710741
v -0.76139259 1.53849995 1.72710741
v -0.76849997 1.54289258 1.73860741
v -0.76849997 1.55710745 1.73860741
v -0.75700003 1.54999995 1.72000003
v -0.79860741 1.56149995 1.71289265
v -0.79860741 1.53849995 1.71289265
v -0.79149997 1.54289258 1.70139265
v -0.79149997 1.55710745 1.70139265
v -0.79860741 1.56149995 1.72710741
v -0.79860741 1.53849995 1.72710741
v -0.79149997 1.54289258 1.73860741
v -0.79149997 1.55710745 1.73860741
v -0.80299997 1.54999995 1.72000003
v 0.76790816 1.56956494 1.72000003
v 0.79209179 1.56956494 1.72000003
v 0.76790816 1.53043509 1.72000003
v 0.79209179 1.53043509 1.72000003
v 0.77999997 1.53790820 1.73956501
v 0.77999997 1.56209183 1.73956501
v 0.77999997 1.53790820 1.70043504
v 0.77999997 1.56209183 1.70043504
v 0.79956496 1.54999995 1.70790815
v 0.79956496 1.54999995 1.73209178
v 0.76043504 1.54999995 1.70790815
v 0.76043504 1.54999995 1.73209178
v 0.77999997 1.57299995 1.72000003
v 0.77999997 1.52699995 1.72000003
v 0.77289259 1.53139257 1.73150003
v 0.78710741 1.53139257 1.73150003
v 0.77289259 1.56860745 1.73150003
v 0.78710741 1.56860745 1.73150003
v 0.77999997 1.54999995 1.74300003
v 0.77289259 1.53139257 1.70850003
v 0.78710741 1.53139257 1.70850003
v 0.77289259 1.56860745 1.70850003
v 0.78710741 1.56860745 1.70850003
v 0.77999997 1.54999995 1.69700003
v 0.79860741 1.56149995 1.71289265
v 0.79860741 1.53849995 1.71289265
v 0.79149997 1.54289258 1.70139265
v 0.79149997 1.55710745 1.70139265
v 0.79860741 1.56149995 1.72710741
v 0.79860741 1.53849995 1.72710741
v 0.79149997 1.54289258 1.73860741
v 0.79149997 1.55710745 1.73860741
v 0.80299997 1.54999995 1.72000003
v 0.76139259 1.56149995 1.71289265
v 0.76139259 1.53849995 1.71289265
v 0.76849997 1.54289258 1.70139265
v 0.76849997 1.55710745 1.70139265
v 0.76139259 1.56149995 1.72710741
v 0.76139259 1.53849995 1.72710741
v 0.76849997 1.54289258 1.73860741
v 0.76849997 1.55710745 1.73860741
v 0.75700003 1.54999995 1.72000003
v -0.47000000 1.58249998 1.02999997
v -0.31000000 1.58249998 1.02999997
v -0.31000000 1.54750001 1.02999997
v -0.47000000 1.54750001 1.02999997
v -0.31783095 1.58249998 1.07944274
v -0.31783095 1.54750001 1.07944274
v -0.34055728 1.58249998 1.12404561
v -0.34055728 1.54750001 1.12404561
v -0.37595436 1.58249998 1.15944266
v -0.37595436 1.54750001 1.15944266
v -0.42055729 1.58249998 1.18216908
v -0.42055729 1.54750001 1.18216908
v -0.47000000 1.58249998 1.19000006
v -0.47000000 1.54750001 1.19000006
v -0.51944274 1.58249998 1.18216908
v -0.51944274 1.54750001 1.18216908
v -0.56404567 1.58249998 1.15944266
v -0.56404567 1.54750001 1.15944266
v -0.59944272 1.58249998 1.12404561
v -0.59944272 1.54750001 1.12404561
v -0.62216902 1.58249998 1.07944274
v -0.62216902 1.54750001 1.07944274
v -0.63000000 1.58249998 1.02999997
v -0.63000000 1.54750001 1.02999997
v -0.62216902 1.58249998 0.98055726
v -0.62216902 1.54750001 0.98055726
v -0.59944272 1.58249998 0.93595433
v -0.59944272 1.54750001 0.93595433
v -0.56404567 1.58249998 0.90055728
v -0.56404567 1.54750001 0.90055728
v -0.51944274 1.58249998 0.87783098
v -0.51944274 1.54750001 0.87783098
v -0.47000000 1.58249998 0.87000000
v -0.47000000 1.54750001 0.87000000
v -0.42055729 1.58249998 0.87783098
v -0.42055729 1.54750001 0.87783098
v -0.37595436 1.58249998 0.90055728
v -0.37595436 1.54750001 0.90055728
v -0.34055728 1.58249998 0.93595433
v -0.34055728 1.54750001 0.93595433
v -0.31783095 1.58249998 0.98055726
v -0.31783095 1.54750001 0.98055726
v 0.50000000 1.58749998 -0.88000000
v 0.58499998 1.58749998 -0.88000000
v 0.58499998 1.54250002 -0.88000000
v 0.50000000 1.54250002 -0.88000000
v 0.57852978 1.58749998 -0.84747189
v 0.57852978 1.54250002 -0.84747189
v 0.56010407 1.58749998 -0.81989592
v 0.56010407 1.54250002 -0.81989592
v 0.53252810 1.58749998 -0.80147022
v 0.53252810 1.54250002 -0.80147022
v 0.50000000 1.58749998 -0.79500002
v 0.50000000 1.54250002 -0.79500002
v 0.46747190 1.58749998 -0.80147022
v 0.46747190 1.54250002 -0.80147022
v 0.43989593 1.58749998 -0.81989592
v 0.43989593 1.54250002 -0.81989592
v 0.42147022 1.58749998 -0.84747189
v 0.42147022 1.54250002 -0.84747189
v 0.41499999 1.58749998 -0.88000000
v 0.41499999 1.54250002 -0.88000000
v 0.42147022 1.58749998 -0.91252810
v 0.42147022 1.54250002 -0.91252810
v 0.43989593 1.58749998 -0.94010407
v 0.43989593 1.54250002 -0.94010407
v 0.46747190 1.58749998 -0.95852977
v 0.46747190 1.54250002 -0.95852977
v 0.50000000 1.58749998 -0.96499997
v 0.50000000 1.54250002 -0.96499997
v 0.53252810 1.58749998 -0.95852977
v 0.53252810 1.54250002 -0.95852977
v 0.56010407 1.58749998 -0.94010407
v 0.56010407 1.54250002 -0.94010407
v 0.57852978 1.58749998 -0.91252810
v 0.57852978 1.54250002 -0.91252810
v -0.66000003 1.56500006 -0.88000000
v -0.66000003 1.56500006 -0.89399999
v -0.66000003 1.65499997 -0.89399999
v -0.66000003 1.65499997 -0.88000000
v -0.66822898 1.56500006 -0.89132625
v -0.66822898 1.65499997 -0.89132625
v -0.67331481 1.56500006 -0.88432622
v -0.67331481 1.65499997 -0.88432622
v -0.67331481 1.56500006 -0.87567377
v -0.67331481 1.65499997 -0.87567377
v -0.66822898 1.56500006 -0.86867374
v -0.66822898 1.65499997 -0.86867374
v -0.66000003 1.56500006 -0.86600000
v -0.66000003 1.65499997 -0.86600000
v -0.65177101 1.56500006 -0.86867374
v -0.65177101 1.65499997 -0.86867374
v -0.64668518 1.56500006 -0.87567377
v -0.64668518 1.65499997 -0.87567377
v -0.64668518 1.56500006 -0.88432622
v -0.64668518 1.65499997 -0.88432622
v -0.65177101 1.56500006 -0.89132625
v -0.65177101 1.65499997 -0.89132625
v -0.38000000 1.56500006 -0.88000000
v -0.38000000 1.56500006 -0.89399999
v -0.38000000 1.65499997 -0.89399999
v -0.38000000 1.65499997 -0.88000000
v -0.38822898 1.56500006 -0.89132625
v -0.38822898 1.65499997 -0.89132625
v -0.39331478 1.56500006 -0.88432622
v -0.39331478 1.65499997 -0.88432622
v -0.39331478 1.56500006 -0.87567377
v -0.39331478 1.65499997 -0.87567377
v -0.38822898 1.56500006 -0.86867374
v -0.38822898 1.65499997 -0.86867374
v -0.38000000 1.56500006 -0.86600000
v -0.38000000 1.65499997 -0.86600000
v -0.37177101 1.56500006 -0.86867374
v -0.37177101 1.65499997 -0.86867374
v -0.36668521 1.56500006 -0.87567377
v -0.36668521 1.65499997 -0.87567377
v -0.36668521 1.56500006 -0.88432622
v -0.36668521 1.65499997 -0.88432622
v -0.37177101 1.56500006 -0.89132625
v -0.37177101 1.65499997 -0.89132625
v -0.66000003 1.65499997 -0.88000000
v -0.66000003 1.65499997 -0.89399999
v -0.38000000 1.65499997 -0.89399999
v -0.38000000 1.65499997 -0.88000000
v -0.66000003 1.66322899 -0.89132625
v -0.38000000 1.66322899 -0.89132625
v -0.66000003 1.66831481 -0.88432622
v -0.38000000 1.66831481 -0.88432622
v -0.66000003 1.66831481 -0.87567377
v -0.38000000 1.66831481 -0.87567377
v -0.66000003 1.66322899 -0.86867374
v -0.38000000 1.66322899 -0.86867374
v -0.66000003 1.65499997 -0.86600000
v -0.38000000 1.65499997 -0.86600000
v -0.66000003 1.64677095 -0.86867374
v -0.38000000 1.64677095 -0.86867374
v -0.66000003 1.64168525 -0.87567377
v -0.38000000 1.64168525 -0.87567377
v -0.66000003 1.64168525 -0.88432622
v -0.38000000 1.64168525 -0.88432622
v -0.66000003 1.64677095 -0.89132625
v -0.38000000 1.64677095 -0.89132625
v 0.40000001 1.56500006 1.20000005
v 0.40000001 1.56500006 1.18599999
v 0.40000001 1.66499996 1.18599999
v 0.40000001 1.66499996 1.20000005
v 0.39177102 1.56500006 1.18867373
v 0.39177102 1.66499996 1.18867373
v 0.38668522 1.56500006 1.19567370
v 0.38668522 1.66499996 1.19567370
v 0.38668522 1.56500006 1.20432627
v 0.38668522 1.66499996 1.20432627
v 0.39177102 1.56500006 1.21132624
v 0.39177102 1.66499996 1.21132624
v 0.40000001 1.56500006 1.21399999
v 0.40000001 1.66499996 1.21399999
v 0.40822899 1.56500006 1.21132624
v 0.40822899 1.66499996 1.21132624
v 0.41331479 1.56500006 1.20432627
v 0.41331479 1.66499996 1.20432627
v 0.41331479 1.56500006 1.19567370
v 0.41331479 1.66499996 1.19567370
v 0.40822899 1.56500006 1.18867373
v 0.40822899 1.66499996 1.18867373
v 0.69999999 1.56500006 1.20000005
v 0.69999999 1.56500006 1.18599999
v 0.69999999 1.66499996 1.18599999
v 0.69999999 1.66499996 1.20000005
v 0.69177103 1.56500006 1.18867373
v 0.69177103 1.66499996 1.18867373
v 0.68668520 1.56500006 1.19567370
v 0.68668520 1.66499996 1.19567370
v 0.68668520 1.56500006 1.20432627
v 0.68668520 1.66499996 1.20432627
v 0.69177103 1.56500006 1.21132624
v 0.69177103 1.66499996 1.21132624
v 0.69999999 1.56500006 1.21399999
v 0.69999999 1.66499996 1.21399999
v 0.70822901 1.56500006 1.21132624
v 0.70822901 1.66499996 1.21132624
v 0.71331477 1.56500006 1.20432627
v 0.71331477 1.66499996 1.20432627
v 0.71331477 1.56500006 1.19567370
v 0.71331477 1.66499996 1.19567370
v 0.70822901 1.56500006 1.18867373
v 0.70822901 1.66499996 1.18867373
v 0.40000001 1.66499996 1.20000005
v 0.40000001 1.66499996 1.18599999
v 0.69999999 1.66499996 1.18599999
v 0.69999999 1.66499996 1.20000005
v 0.40000001 1.67322898 1.18867373
v 0.69999999 1.67322898 1.18867373
v 0.40000001 1.67831481 1.19567370
v 0.69999999 1.67831481 1.19567370
v 0.40000001 1.67831481 1.20432627
v 0.69999999 1.67831481 1.20432627
v 0.40000001 1.67322898 1.21132624
v 0.69999999 1.67322898 1.21132624
v 0.40000001 1.66499996 1.21399999
v 0.69999999 1.66499996 1.21399999
v 0.40000001 1.65677106 1.21132624
v 0.69999999 1.65677106 1.21132624
v 0.40000001 1.65168524 1.20432627
v 0.69999999 1.65168524 1.20432627
v 0.40000001 1.65168524 1.19567370
v 0.69999999 1.65168524 1.19567370
v 0.40000001 1.65677106 1.18867373
v 0.69999999 1.65677106 1.18867373
v -0.83999997 1.34500003 0.20000000
v -0.82200003 1.34500003 0.20000000
v -0.82200003 1.34500003 0.81999999
v -0.83999997 1.34500003 0.81999999
v -0.82543766 1.35558009 0.20000000
v -0.82543766 1.35558009 0.81999999
v -0.83443767 1.36211896 0.20000000
v -0.83443767 1.36211896 0.81999999
v -0.84556228 1.36211896 0.20000000
v -0.84556228 1.36211896 0.81999999
v -0.85456228 1.35558009 0.20000000
v -0.85456228 1.35558009 0.81999999
v -0.85799998 1.34500003 0.20000000
v -0.85799998 1.34500003 0.81999999
v -0.85456228 1.33441985 0.20000000
v -0.85456228 1.33441985 0.81999999
v -0.84556228 1.32788098 0.20000000
v -0.84556228 1.32788098 0.81999999
v -0.83443767 1.32788098 0.20000000
v -0.83443767 1.32788098 0.81999999
v -0.82543766 1.33441985 0.20000000
v -0.82543766 1.33441985 0.81999999
v -0.83999997 1.34500003 0.81999999
v -0.82253742 1.34923530 0.81894118
v -0.82253742 1.39923525 1.01894116
v -0.83999997 1.39499998 1.01999998
v -0.82843852 1.35838425 0.81665397
v -0.82843852 1.40838420 1.01665390
v -0.83875573 1.36242080 0.81564480
v -0.83875573 1.41242075 1.01564479
v -0.84954822 1.35980320 0.81629920
v -0.84954822 1.40980327 1.01629925
v -0.85669357 1.35153139 0.81836718
v -0.85669357 1.40153134 1.01836717
v -0.85746258 1.34076476 0.82105881
v -0.85746258 1.39076471 1.02105880
v -0.85156143 1.33161581 0.82334608
v -0.85156143 1.38161576 1.02334607
v -0.84124428 1.32757926 0.82435519
v -0.84124428 1.37757921 1.02435517
v -0.83045179 1.33019674 0.82370079
v -0.83045179 1.38019681 1.02370083
v -0.82330644 1.33846867 0.82163286
v -0.82330644 1.38846862 1.02163279
v 0.83999997 1.34500003 0.20000000
v 0.85799998 1.34500003 0.20000000
v 0.85799998 1.34500003 0.81999999
v 0.83999997 1.34500003 0.81999999
v 0.85456228 1.35558009 0.20000000
v 0.85456228 1.35558009 0.81999999
v 0.84556228 1.36211896 0.20000000
v 0.84556228 1.36211896 0.81999999
v 0.83443767 1.36211896 0.20000000
v 0.83443767 1.36211896 0.81999999
v 0.82543766 1.35558009 0.20000000
v 0.82543766 1.35558009 0.81999999
v 0.82200003 1.34500003 0.20000000
v 0.82200003 1.34500003 0.81999999
v 0.82543766 1.33441985 0.20000000
v 0.82543766 1.33441985 0.81999999
v 0.83443767 1.32788098 0.20000000
v 0.83443767 1.32788098 0.81999999
v 0.84556228 1.32788098 0.20000000
v 0.84556228 1.32788098 0.81999999
v 0.85456228 1.33441985 0.20000000
v 0.85456228 1.33441985 0.81999999
v 0.83999997 1.34500003 0.81999999
v 0.85746258 1.34923530 0.81894118
v 0.85746258 1.39923525 1.01894116
v 0.83999997 1.39499998 1.01999998
v 0.85156143 1.35838425 0.81665397
v 0.85156143 1.40838420 1.01665390
v 0.84124428 1.36242080 0.81564480
v 0.84124428 1.41242075 1.01564479
v 0.83045179 1.35980320 0.81629920
v 0.83045179 1.40980327 1.01629925
v 0.82330644 1.35153139 0.81836718
v 0.82330644 1.40153134 1.01836717
v 0.82253742 1.34076476 0.82105881
v 0.82253742 1.39076471 1.02105880
v 0.82843852 1.33161581 0.82334608
v 0.82843852 1.38161576 1.02334607
v 0.83875573 1.32757926 0.82435519
v 0.83875573 1.37757921 1.02435517
v 0.84954822 1.33019674 0.82370079
v 0.84954822 1.38019681 1.02370083
v 0.85669357 1.33846867 0.82163286
v 0.85669357 1.38846862 1.02163279
v -0.44999999 0.57999998 2.29999995
v -0.44999999 0.57999998 2.19000006
v 0.44999999 0.57999998 2.19000006
v 0.44999999 0.57999998 2.29999995
v -0.44999999 0.61762220 2.19663382
v 0.44999999 0.61762220 2.19663382
v -0.44999999 0.65070665 2.21573520
v 0.44999999 0.65070665 2.21573520
v -0.44999999 0.67526281 2.24499989
v 0.44999999 0.67526281 2.24499989
v -0.44999999 0.68832886 2.28089881
v 0.44999999 0.68832886 2.28089881
v -0.44999999 0.68832886 2.31910133
v 0.44999999 0.68832886 2.31910133
v -0.44999999 0.67526281 2.35500002
v 0.44999999 0.67526281 2.35500002
v -0.44999999 0.65070665 2.38426495
v 0.44999999 0.65070665 2.38426495
v -0.44999999 0.61762220 2.40336609
v 0.44999999 0.61762220 2.40336609
v -0.44999999 0.57999998 2.41000009
v 0.44999999 0.57999998 2.41000009
v -0.44999999 0.54237777 2.40336609
v 0.44999999 0.54237777 2.40336609
v -0.44999999 0.50929338 2.38426495
v 0.44999999 0.50929338 2.38426495
v -0.44999999 0.48473722 2.35500002
v 0.44999999 0.48473722 2.35500002
v -0.44999999 0.47167113 2.31910133
v 0.44999999 0.47167113 2.31910133
v -0.44999999 0.47167113 2.28089881
v 0.44999999 0.47167113 2.28089881
v -0.44999999 0.48473722 2.24499989
v 0.44999999 0.48473722 2.24499989
v -0.44999999 0.50929338 2.21573520
v 0.44999999 0.50929338 2.21573520
v -0.44999999 0.54237777 2.19663382
v 0.44999999 0.54237777 2.19663382
v -0.52999997 0.57999998 2.29999995
v -0.52999997 0.57999998 2.16499996
v -0.44999999 0.57999998 2.16499996
v -0.44999999 0.57999998 2.29999995
v -0.52999997 0.62617272 2.17314148
v -0.44999999 0.62617272 2.17314148
v -0.52999997 0.66677630 2.19658399
v -0.44999999 0.66677630 2.19658399
v -0.52999997 0.69691342 2.23250008
v -0.44999999 0.69691342 2.23250008
v -0.52999997 0.71294904 2.27655745
v -0.44999999 0.71294904 2.27655745
v -0.52999997 0.71294904 2.32344246
v -0.44999999 0.71294904 2.32344246
v -0.52999997 0.69691342 2.36750007
v -0.44999999 0.69691342 2.36750007
v -0.52999997 0.66677630 2.40341592
v -0.44999999 0.66677630 2.40341592
v -0.52999997 0.62617272 2.42685843
v -0.44999999 0.62617272 2.42685843
v -0.52999997 0.57999998 2.43499994
v -0.44999999 0.57999998 2.43499994
v -0.52999997 0.53382730 2.42685843
v -0.44999999 0.53382730 2.42685843
v -0.52999997 0.49322367 2.40341592
v -0.44999999 0.49322367 2.40341592
v -0.52999997 0.46308658 2.36750007
v -0.44999999 0.46308658 2.36750007
v -0.52999997 0.44705096 2.32344246
v -0.44999999 0.44705096 2.32344246
v -0.52999997 0.44705096 2.27655745
v -0.44999999 0.44705096 2.27655745
v -0.52999997 0.46308658 2.23250008
v -0.44999999 0.46308658 2.23250008
v -0.52999997 0.49322367 2.19658399
v -0.44999999 0.49322367 2.19658399
v -0.52999997 0.53382730 2.17314148
v -0.44999999 0.53382730 2.17314148
v 0.44999999 0.57999998 2.29999995
v 0.44999999 0.57999998 2.16499996
v 0.52999997 0.57999998 2.16499996
v 0.52999997 0.57999998 2.29999995
v 0.44999999 0.62617272 2.17314148
v 0.52999997 0.62617272 2.17314148
v 0.44999999 0.66677630 2.19658399
v 0.52999997 0.66677630 2.19658399
v 0.44999999 0.69691342 2.23250008
v 0.52999997 0.69691342 2.23250008
v 0.44999999 0.71294904 2.27655745
v 0.52999997 0.71294904 2.27655745
v 0.44999999 0.71294904 2.32344246
v 0.52999997 0.71294904 2.32344246
v 0.44999999 0.69691342 2.36750007
v 0.52999997 0.69691342 2.36750007
v 0.44999999 0.66677630 2.40341592
v 0.52999997 0.66677630 2.40341592
v 0.44999999 0.62617272 2.42685843
v 0.52999997 0.62617272 2.42685843
v 0.44999999 0.57999998 2.43499994
v 0.52999997 0.57999998 2.43499994
v 0.44999999 0.53382730 2.42685843
v 0.52999997 0.53382730 2.42685843
v 0.44999999 0.49322367 2.40341592
v 0.52999997 0.49322367 2.40341592
v 0.44999999 0.46308658 2.36750007
v 0.52999997 0.46308658 2.36750007
v 0.44999999 0.44705096 2.32344246
v 0.52999997 0.44705096 2.32344246
v 0.44999999 0.44705096 2.27655745
v 0.52999997 0.44705096 2.27655745
v 0.44999999 0.46308658 2.23250008
v 0.52999997 0.46308658 2.23250008
v 0.44999999 0.49322367 2.19658399
v 0.52999997 0.49322367 2.19658399
v 0.44999999 0.53382730 2.17314148
v 0.52999997 0.53382730 2.17314148
v -0.32499999 1.19250000 1.76250005
v -0.32499999 1.19250000 1.79750001
v -0.32499999 1.21749997 1.76250005
v -0.32499999 1.21749997 1.79750001
v 0.32499999 1.19250000 1.76250005
v 0.32499999 1.19250000 1.79750001
v 0.32499999 1.21749997 1.76250005
v 0.32499999 1.21749997 1.79750001
v -0.32499999 1.19250000 1.82749999
v -0.32499999 1.19250000 1.86249995
v -0.32499999 1.21749997 1.82749999
v -0.32499999 1.21749997 1.86249995
v 0.32499999 1.19250000 1.82749999
v 0.32499999 1.19250000 1.86249995
v 0.32499999 1.21749997 1.82749999
v 0.32499999 1.21749997 1.86249995
v -0.32499999 1.19250000 1.89250004
v -0.32499999 1.19250000 1.92750001
v -0.32499999 1.21749997 1.89250004
v -0.32499999 1.21749997 1.92750001
v 0.32499999 1.19250000 1.89250004
v 0.32499999 1.19250000 1.92750001
v 0.32499999 1.21749997 1.89250004
v 0.32499999 1.21749997 1.92750001
v -0.32499999 1.19250000 1.95749998
v -0.32499999 1.19250000 1.99249995
v -0.32499999 1.21749997 1.95749998
v -0.32499999 1.21749997 1.99249995
v 0.32499999 1.19250000 1.95749998
v 0.32499999 1.19250000 1.99249995
v 0.32499999 1.21749997 1.95749998
v 0.32499999 1.21749997 1.99249995
v -0.32499999 1.19250000 2.02250004
v -0.32499999 1.19250000 2.05749989
v -0.32499999 1.21749997 2.02250004
v -0.32499999 1.21749997 2.05749989
v 0.32499999 1.19250000 2.02250004
v 0.32499999 1.19250000 2.05749989
v 0.32499999 1.21749997 2.02250004
v 0.32499999 1.21749997 2.05749989
v -0.32499999 1.19250000 2.08750010
v -0.32499999 1.19250000 2.12249994
v -0.32499999 1.21749997 2.08750010
v -0.32499999 1.21749997 2.12249994
v 0.32499999 1.19250000 2.08750010
v 0.32499999 1.19250000 2.12249994
v 0.32499999 1.21749997 2.08750010
v 0.32499999 1.21749997 2.12249994
v -0.32499999 1.19250000 2.15249991
v -0.32499999 1.19250000 2.18750000
v -0.32499999 1.21749997 2.15249991
v -0.32499999 1.21749997 2.18750000
v 0.32499999 1.19250000 2.15249991
v 0.32499999 1.19250000 2.18750000
v 0.32499999 1.21749997 2.15249991
v 0.32499999 1.21749997 2.18750000
v -0.88249999 1.02999997 -0.31000000
v -0.88249999 1.02999997 0.41000000
v -0.88249999 1.40999997 -0.31000000
v -0.88249999 1.40999997 0.41000000
v -0.84750003 1.02999997 -0.31000000
v -0.84750003 1.02999997 0.41000000
v -0.84750003 1.40999997 -0.31000000
v -0.84750003 1.40999997 0.41000000
v -0.88249999 0.95999998 0.86000001
v -0.88249999 0.95999998 1.38000000
v -0.88249999 1.24000001 0.86000001
v -0.88249999 1.24000001 1.38000000
v -0.84750003 0.95999998 0.86000001
v -0.84750003 0.95999998 1.38000000
v -0.84750003 1.24000001 0.86000001
v -0.84750003 1.24000001 1.38000000
v 0.84750003 1.02999997 -0.31000000
v 0.84750003 1.02999997 0.41000000
v 0.84750003 1.40999997 -0.31000000
v 0.84750003 1.40999997 0.41000000
v 0.88249999 1.02999997 -0.31000000
v 0.88249999 1.02999997 0.41000000
v 0.88249999 1.40999997 -0.31000000
v 0.88249999 1.40999997 0.41000000
v 0.84750003 0.95999998 0.86000001
v 0.84750003 0.95999998 1.38000000
v 0.84750003 1.24000001 0.86000001
v 0.84750003 1.24000001 1.38000000
v 0.88249999 0.95999998 0.86000001
v 0.88249999 0.95999998 1.38000000
v 0.88249999 1.24000001 0.86000001
v 0.88249999 1.24000001 1.38000000
v -0.94000000 0.54000000 -1.73000000
v -0.94000000 0.54000000 1.89000000
v -0.94000000 1.00000000 -1.73000000
v -0.94000000 1.00000000 1.89000000
v 0.94000000 0.54000000 -1.73000000
v 0.94000000 0.54000000 1.89000000
v 0.94000000 1.00000000 -1.73000000
v 0.94000000 1.00000000 1.89000000
v -0.91000000 0.56096768 -2.19155146
v -0.91000000 0.79537675 -1.51077809
v -0.91000000 0.84462325 -2.28922191
v -0.91000000 1.07903232 -1.60844854
v 0.91000000 0.56096768 -2.19155146
v 0.91000000 0.79537675 -1.51077809
v 0.91000000 0.84462325 -2.28922191
v 0.91000000 1.07903232 -1.60844854
v -0.91000000 0.75534503 1.60174014
v -0.91000000 0.59487722 2.20061415
v -0.91000000 1.04512278 1.67938585
v -0.91000000 0.88465497 2.27825986
v 0.91000000 0.75534503 1.60174014
v 0.91000000 0.59487722 2.20061415
v 0.91000000 1.04512278 1.67938585
v 0.91000000 0.88465497 2.27825986
v -1.02250000 0.55000000 -1.81000000
v -1.02250000 0.55000000 1.91000000
v -1.02250000 1.05000000 -1.81000000
v -1.02250000 1.05000000 1.91000000
v -0.95750000 0.55000000 -1.81000000
v -0.95750000 0.55000000 1.91000000
v -0.95750000 1.05000000 -1.81000000
v -0.95750000 1.05000000 1.91000000
v -1.37500000 1.03750000 -2.13000000
v -1.37500000 1.03750000 2.09000000
v -1.37500000 1.11250000 -2.13000000
v -1.37500000 1.11250000 2.09000000
v -1.06500000 1.03750000 -2.13000000
v -1.06500000 1.03750000 2.09000000
v -1.06500000 1.11250000 -2.13000000
v -1.06500000 1.11250000 2.09000000
v -1.42750000 0.98750000 -2.10500000
v -1.42750000 0.98750000 2.06500000
v -1.42750000 1.10250000 -2.10500000
v -1.42750000 1.10250000 2.06500000
v -1.38250000 0.98750000 -2.10500000
v -1.38250000 0.98750000 2.06500000
v -1.38250000 1.10250000 -2.10500000
v -1.38250000 1.10250000 2.06500000
v -1.07250000 1.01000000 -1.86500000
v -1.07250000 1.01000000 1.98500000
v -1.07250000 1.10000000 -1.86500000
v -1.07250000 1.10000000 1.98500000
v -1.03750000 1.01000000 -1.86500000
v -1.03750000 1.01000000 1.98500000
v -1.03750000 1.10000000 -1.86500000
v -1.03750000 1.10000000 1.98500000
v -1.38500000 0.97394514 -2.33136020
v -1.38500000 1.05188208 -1.77681008
v -1.38500000 1.05811792 -2.34318992
v -1.38500000 1.13605486 -1.78863980
v -1.05500000 0.97394514 -2.33136020
v -1.05500000 1.05188208 -1.77681008
v -1.05500000 1.05811792 -2.34318992
v -1.05500000 1.13605486 -1.78863980
v -1.38500000 1.05049034 1.78671276
v -1.38500000 0.97533687 2.32145752
v -1.38500000 1.13466313 1.79854248
v -1.38500000 1.05950966 2.33328724
v -1.05500000 1.05049034 1.78671276
v -1.05500000 0.97533687 2.32145752
v -1.05500000 1.13466313 1.79854248
v -1.05500000 1.05950966 2.33328724
v 0.95750000 0.55000000 -1.81000000
v 0.95750000 0.55000000 1.91000000
v 0.95750000 1.05000000 -1.81000000
v 0.95750000 1.05000000 1.91000000
v 1.02250000 0.55000000 -1.81000000
v 1.02250000 0.55000000 1.91000000
v 1.02250000 1.05000000 -1.81000000
v 1.02250000 1.05000000 1.91000000
v 1.06500000 1.03750000 -2.13000000
v 1.06500000 1.03750000 2.09000000
v 1.06500000 1.11250000 -2.13000000
v 1.06500000 1.11250000 2.09000000
v 1.37500000 1.03750000 -2.13000000
v 1.37500000 1.03750000 2.09000000
v 1.37500000 1.11250000 -2.13000000
v 1.37500000 1.11250000 2.09000000
v 1.38250000 0.98750000 -2.10500000
v 1.38250000 0.98750000 2.06500000
v 1.38250000 1.10250000 -2.10500000
v 1.38250000 1.10250000 2.06500000
v 1.42750000 0.98750000 -2.10500000
v 1.42750000 0.98750000 2.06500000
v 1.42750000 1.10250000 -2.10500000
v 1.42750000 1.10250000 2.06500000
v 1.03750000 1.01000000 -1.86500000
v 1.03750000 1.01000000 1.98500000
v 1.03750000 1.10000000 -1.86500000
v 1.03750000 1.10000000 1.98500000
v 1.07250000 1.01000000 -1.86500000
v 1.07250000 1.01000000 1.98500000
v 1.07250000 1.10000000 -1.86500000
v 1.07250000 1.10000000 1.98500000
v 1.05500000 0.97394514 -2.33136020
v 1.05500000 1.05188208 -1.77681008
v 1.05500000 1.05811792 -2.34318992
v 1.05500000 1.13605486 -1.78863980
v 1.38500000 0.97394514 -2.33136020
v 1.38500000 1.05188208 -1.77681008
v 1.38500000 1.05811792 -2.34318992
v 1.38500000 1.13605486 -1.78863980
v 1.05500000 1.05049034 1.78671276
v 1.05500000 0.97533687 2.32145752
v 1.05500000 1.13466313 1.79854248
v 1.05500000 1.05950966 2.33328724
v 1.38500000 1.05049034 1.78671276
v 1.38500000 0.97533687 2.32145752
v 1.38500000 1.13466313 1.79854248
v 1.38500000 1.05950966 2.33328724
v -1.40656608 1.13371432 -1.88000000
v -1.38343392 1.13371432 -1.88000000
v -1.40656608 1.09628568 -1.88000000
v -1.38343392 1.09628568 -1.88000000
v -1.39500000 1.10343392 -1.86128568
v -1.39500000 1.12656608 -1.86128568
v -1.39500000 1.10343392 -1.89871432
v -1.39500000 1.12656608 -1.89871432
v -1.37628568 1.11500000 -1.89156608
v -1.37628568 1.11500000 -1.86843392
v -1.41371432 1.11500000 -1.89156608
v -1.41371432 1.11500000 -1.86843392
v -1.39500000 1.13700000 -1.88000000
v -1.39500000 1.09300000 -1.88000000
v -1.40179837 1.09720163 -1.86900000
v -1.38820163 1.09720163 -1.86900000
v -1.40179837 1.13279837 -1.86900000
v -1.38820163 1.13279837 -1.86900000
v -1.39500000 1.11500000 -1.85800000
v -1.40179837 1.09720163 -1.89100000
v -1.38820163 1.09720163 -1.89100000
v -1.40179837 1.13279837 -1.89100000
v -1.38820163 1.13279837 -1.89100000
v -1.39500000 1.11500000 -1.90200000
v -1.37720163 1.12600000 -1.88679837
v -1.37720163 1.10400000 -1.88679837
v -1.38400000 1.10820163 -1.89779837
v -1.38400000 1.12179837 -1.89779837
v -1.37720163 1.12600000 -1.87320163
v -1.37720163 1.10400000 -1.87320163
v -1.38400000 1.10820163 -1.86220163
v -1.38400000 1.12179837 -1.86220163
v -1.37300000 1.11500000 -1.88000000
v -1.41279837 1.12600000 -1.88679837
v -1.41279837 1.10400000 -1.88679837
v -1.40600000 1.10820163 -1.89779837
v -1.40600000 1.12179837 -1.89779837
v -1.41279837 1.12600000 -1.87320163
v -1.41279837 1.10400000 -1.87320163
v -1.40600000 1.10820163 -1.86220163
v -1.40600000 1.12179837 -1.86220163
v -1.41700000 1.11500000 -1.88000000
v -1.40656608 1.13371432 -1.59076923
v -1.38343392 1.13371432 -1.59076923
v -1.40656608 1.09628568 -1.59076923
v -1.38343392 1.09628568 -1.59076923
v -1.39500000 1.10343392 -1.57205491
v -1.39500000 1.12656608 -1.57205491
v -1.39500000 1.10343392 -1.60948355
v -1.39500000 1.12656608 -1.60948355
v -1.37628568 1.11500000 -1.60233532
v -1.37628568 1.11500000 -1.57920315
v -1.41371432 1.11500000 -1.60233532
v -1.41371432 1.11500000 -1.57920315
v -1.39500000 1.13700000 -1.59076923
v -1.39500000 1.09300000 -1.59076923
v -1.40179837 1.09720163 -1.57976923
v -1.38820163 1.09720163 -1.57976923
v -1.40179837 1.13279837 -1.57976923
v -1.38820163 1.13279837 -1.57976923
v -1.39500000 1.11500000 -1.56876923
v -1.40179837 1.09720163 -1.60176923
v -1.38820163 1.09720163 -1.60176923
v -1.40179837 1.13279837 -1.60176923
v -1.38820163 1.13279837 -1.60176923
v -1.39500000 1.11500000 -1.61276923
v -1.37720163 1.12600000 -1.59756760
v -1.37720163 1.10400000 -1.59756760
v -1.38400000 1.10820163 -1.60856760
v -1.38400000 1.12179837 -1.60856760
v -1.37720163 1.12600000 -1.58397086
v -1.37720163 1.10400000 -1.58397086
v -1.38400000 1.10820163 -1.57297086
v -1.38400000 1.12179837 -1.57297086
v -1.37300000 1.11500000 -1.59076923
v -1.41279837 1.12600000 -1.59756760
v -1.41279837 1.10400000 -1.59756760
v -1.40600000 1.10820163 -1.60856760
v -1.40600000 1.12179837 -1.60856760
v -1.41279837 1.12600000 -1.58397086
v -1.41279837 1.10400000 -1.58397086
v -1.40600000 1.10820163 -1.57297086
v -1.40600000 1.12179837 -1.57297086
v -1.41700000 1.11500000 -1.59076923
v -1.40656608 1.13371432 -1.30153846
v -1.38343392 1.13371432 -1.30153846
v -1.40656608 1.09628568 -1.30153846
v -1.38343392 1.09628568 -1.30153846
v -1.39500000 1.10343392 -1.28282414
v -1.39500000 1.12656608 -1.28282414
v -1.39500000 1.10343392 -1.32025278
v -1.39500000 1.12656608 -1.32025278
v -1.37628568 1.11500000 -1.31310455
v -1.37628568 1.11500000 -1.28997238
v -1.41371432 1.11500000 -1.31310455
v -1.41371432 1.11500000 -1.28997238
v -1.39500000 1.13700000 -1.30153846
v -1.39500000 1.09300000 -1.30153846
v -1.40179837 1.09720163 -1.29053846
v -1.38820163 1.09720163 -1.29053846
v -1.40179837 1.13279837 -1.29053846
v -1.38820163 1.13279837 -1.29053846
v -1.39500000 1.11500000 -1.27953846
v -1.40179837 1.09720163 -1.31253846
v -1.38820163 1.09720163 -1.31253846
v -1.40179837 1.13279837 -1.31253846
v -1.38820163 1.13279837 -1.31253846
v -1.39500000 1.11500000 -1.32353846
v -1.37720163 1.12600000 -1.30833684
v -1.37720163 1.10400000 -1.30833684
v -1.38400000 1.10820163 -1.31933684
v -1.38400000 1.12179837 -1.31933684
v -1.37720163 1.12600000 -1.29474009
v -1.37720163 1.10400000 -1.29474009
v -1.38400000 1.10820163 -1.28374009
v -1.38400000 1.12179837 -1.28374009
v -1.37300000 1.11500000 -1.30153846
v -1.41279837 1.12600000 -1.30833684
v -1.41279837 1.10400000 -1.30833684
v -1.40600000 1.10820163 -1.31933684
v -1.40600000 1.12179837 -1.31933684
v -1.41279837 1.12600000 -1.29474009
v -1.41279837 1.10400000 -1.29474009
v -1.40600000 1.10820163 -1.28374009
v -1.40600000 1.12179837 -1.28374009
v -1.41700000 1.11500000 -1.30153846
v -1.40656608 1.13371432 -1.01230769
v -1.38343392 1.13371432 -1.01230769
v -1.40656608 1.09628568 -1.01230769
v -1.38343392 1.09628568 -1.01230769
v -1.39500000 1.10343392 -0.99359337
v -1.39500000 1.12656608 -0.99359337
v -1.39500000 1.10343392 -1.03102201
v -1.39500000 1.12656608 -1.03102201
v -1.37628568 1.11500000 -1.02387378
v -1.37628568 1.11500000 -1.00074161
v -1.41371432 1.11500000 -1.02387378
v -1.41371432 1.11500000 -1.00074161
v -1.39500000 1.13700000 -1.01230769
v -1.39500000 1.09300000 -1.01230769
v -1.40179837 1.09720163 -1.00130769
v -1.38820163 1.09720163 -1.00130769
v -1.40179837 1.13279837 -1.00130769
v -1.38820163 1.13279837 -1.00130769
v -1.39500000 1.11500000 -0.99030769
v -1.40179837 1.09720163 -1.02330769
v -1.38820163 1.09720163 -1.02330769
v -1.40179837 1.13279837 -1.02330769
v -1.38820163 1.13279837 -1.02330769
v -1.39500000 1.11500000 -1.03430769
v -1.37720163 1.12600000 -1.01910607
v -1.37720163 1.10400000 -1.01910607
v -1.38400000 1.10820163 -1.03010607
v -1.38400000 1.12179837 -1.03010607
v -1.37720163 1.12600000 -1.00550932
v -1.37720163 1.10400000 -1.00550932
v -1.38400000 1.10820163 -0.99450932
v -1.38400000 1.12179837 -0.99450932
v -1.37300000 1.11500000 -1.01230769
v -1.41279837 1.12600000 -1.01910607
v -1.41279837 1.10400000 -1.01910607
v -1.40600000 1.10820163 -1.03010607
v -1.40600000 1.12179837 -1.03010607
v -1.41279837 1.12600000 -1.00550932
v -1.41279837 1.10400000 -1.00550932
v -1.40600000 1.10820163 -0.99450932
v -1.40600000 1.12179837 -0.99450932
v -1.41700000 1.11500000 -1.01230769
v -1.40656608 1.13371432 -0.72307692
v -1.38343392 1.13371432 -0.72307692
v -1.40656608 1.09628568 -0.72307692
v -1.38343392 1.09628568 -0.72307692
v -1.39500000 1.10343392 -0.70436261
v -1.39500000 1.12656608 -0.70436261
v -1.39500000 1.10343392 -0.74179124
v -1.39500000 1.12656608 -0.74179124
v -1.37628568 1.11500000 -0.73464301
v -1.37628568 1.11500000 -0.71151084
v -1.41371432 1.11500000 -0.73464301
v -1.41371432 1.11500000 -0.71151084
v -1.39500000 1.13700000 -0.72307692
v -1.39500000 1.09300000 -0.72307692
v -1.40179837 1.09720163 -0.71207692
v -1.38820163 1.09720163 -0.71207692
v -1.40179837 1.13279837 -0.71207692
v -1.38820163 1.13279837 -0.71207692
v -1.39500000 1.11500000 -0.70107692
v -1.40179837 1.09720163 -0.73407692
v -1.38820163 1.09720163 -0.73407692
v -1.40179837 1.13279837 -0.73407692
v -1.38820163 1.13279837 -0.73407692
v -1.39500000 1.11500000 -0.74507692
v -1.37720163 1.12600000 -0.72987530
v -1.37720163 1.10400000 -0.72987530
v -1.38400000 1.10820163 -0.74087530
v -1.38400000 1.12179837 -0.74087530
v -1.37720163 1.12600000 -0.71627855
v -1.37720163 1.10400000 -0.71627855
v -1.38400000 1.10820163 -0.70527855
v -1.38400000 1.12179837 -0.70527855
v -1.37300000 1.11500000 -0.72307692
v -1.41279837 1.12600000 -0.72987530
v -1.41279837 1.10400000 -0.72987530
v -1.40600000 1.10820163 -0.74087530
v -1.40600000 1.12179837 -0.74087530
v -1.41279837 1.12600000 -0.71627855
v -1.41279837 1.10400000 -0.71627855
v -1.40600000 1.10820163 -0.70527855
v -1.40600000 1.12179837 -0.70527855
v -1.41700000 1.11500000 -0.72307692
v -1.40656608 1.13371432 -0.43384615
v -1.38343392 1.13371432 -0.43384615
v -1.40656608 1.09628568 -0.43384615
v -1.38343392 1.09628568 -0.43384615
v -1.39500000 1.10343392 -0.41513184
v -1.39500000 1.12656608 -0.41513184
v -1.39500000 1.10343392 -0.45256047
v -1.39500000 1.12656608 -0.45256047
v -1.37628568 1.11500000 -0.44541224
v -1.37628568 1.11500000 -0.42228007
v -1.41371432 1.11500000 -0.44541224
v -1.41371432 1.11500000 -0.42228007
v -1.39500000 1.13700000 -0.43384615
v -1.39500000 1.09300000 -0.43384615
v -1.40179837 1.09720163 -0.42284615
v -1.38820163 1.09720163 -0.42284615
v -1.40179837 1.13279837 -0.42284615
v -1.38820163 1.13279837 -0.42284615
v -1.39500000 1.11500000 -0.41184615
v -1.40179837 1.09720163 -0.44484615
v -1.38820163 1.09720163 -0.44484615
v -1.40179837 1.13279837 -0.44484615
v -1.38820163 1.13279837 -0.44484615
v -1.39500000 1.11500000 -0.45584615
v -1.37720163 1.12600000 -0.44064453
v -1.37720163 1.10400000 -0.44064453
v -1.38400000 1.10820163 -0.45164453
v -1.38400000 1.12179837 -0.45164453
v -1.37720163 1.12600000 -0.42704778
v -1.37720163 1.10400000 -0.42704778
v -1.38400000 1.10820163 -0.41604778
v -1.38400000 1.12179837 -0.41604778
v -1.37300000 1.11500000 -0.43384615
v -1.41279837 1.12600000 -0.44064453
v -1.41279837 1.10400000 -0.44064453
v -1.40600000 1.10820163 -0.45164453
v -1.40600000 1.12179837 -0.45164453
v -1.41279837 1.12600000 -0.42704778
v -1.41279837 1.10400000 -0.42704778
v -1.40600000 1.10820163 -0.41604778
v -1.40600000 1.12179837 -0.41604778
v -1.41700000 1.11500000 -0.43384615
v -1.40656608 1.13371432 -0.14461538
v -1.38343392 1.13371432 -0.14461538
v -1.40656608 1.09628568 -0.14461538
v -1.38343392 1.09628568 -0.14461538
v -1.39500000 1.10343392 -0.12590107
v -1.39500000 1.12656608 -0.12590107
v -1.39500000 1.10343392 -0.16332970
v -1.39500000 1.12656608 -0.16332970
v -1.37628568 1.11500000 -0.15618147
v -1.37628568 1.11500000 -0.13304930
v -1.41371432 1.11500000 -0.15618147
v -1.41371432 1.11500000 -0.13304930
v -1.39500000 1.13700000 -0.14461538
v -1.39500000 1.09300000 -0.14461538
v -1.40179837 1.09720163 -0.13361538
v -1.38820163 1.09720163 -0.13361538
v -1.40179837 1.13279837 -0.13361538
v -1.38820163 1.13279837 -0.13361538
v -1.39500000 1.11500000 -0.12261538
v -1.40179837 1.09720163 -0.15561538
v -1.38820163 1.09720163 -0.15561538
v -1.40179837 1.13279837 -0.15561538
v -1.38820163 1.13279837 -0.15561538
v -1.39500000 1.11500000 -0.16661538
v -1.37720163 1.12600000 -0.15141376
v -1.37720163 1.10400000 -0.15141376
v -1.38400000 1.10820163 -0.16241376
v -1.38400000 1.12179837 -0.16241376
v -1.37720163 1.12600000 -0.13781701
v -1.37720163 1.10400000 -0.13781701
v -1.38400000 1.10820163 -0.12681701
v -1.38400000 1.12179837 -0.12681701
v -1.37300000 1.11500000 -0.14461538
v -1.41279837 1.12600000 -0.15141376
v -1.41279837 1.10400000 -0.15141376
v -1.40600000 1.10820163 -0.16241376
v -1.40600000 1.12179837 -0.16241376
v -1.41279837 1.12600000 -0.13781701
v -1.41279837 1.10400000 -0.13781701
v -1.40600000 1.10820163 -0.12681701
v -1.40600000 1.12179837 -0.12681701
v -1.41700000 1.11500000 -0.14461538
v -1.40656608 1.13371432 0.14461538
v -1.38343392 1.13371432 0.14461538
v -1.40656608 1.09628568 0.14461538
v -1.38343392 1.09628568 0.14461538
v -1.39500000 1.10343392 0.16332970
v -1.39500000 1.12656608 0.16332970
v -1.39500000 1.10343392 0.12590107
v -1.39500000 1.12656608 0.12590107
v -1.37628568 1.11500000 0.13304930
v -1.37628568 1.11500000 0.15618147
v -1.41371432 1.11500000 0.13304930
v -1.41371432 1.11500000 0.15618147
v -1.39500000 1.13700000 0.14461538
v -1.39500000 1.09300000 0.14461538
v -1.40179837 1.09720163 0.15561538
v -1.38820163 1.09720163 0.15561538
v -1.40179837 1.13279837 0.15561538
v -1.38820163 1.13279837 0.15561538
v -1.39500000 1.11500000 0.16661538
v -1.40179837 1.09720163 0.13361538
v -1.38820163 1.09720163 0.13361538
v -1.40179837 1.13279837 0.13361538
v -1.38820163 1.13279837 0.13361538
v -1.39500000 1.11500000 0.12261538
v -1.37720163 1.12600000 0.13781701
v -1.37720163 1.10400000 0.13781701
v -1.38400000 1.10820163 0.12681701
v -1.38400000 1.12179837 0.12681701
v -1.37720163 1.12600000 0.15141376
v -1.37720163 1.10400000 0.15141376
v -1.38400000 1.10820163 0.16241376
v -1.38400000 1.12179837 0.16241376
v -1.37300000 1.11500000 0.14461538
v -1.41279837 1.12600000 0.13781701
v -1.41279837 1.10400000 0.13781701
v -1.40600000 1.10820163 0.12681701
v -1.40600000 1.12179837 0.12681701
v -1.41279837 1.12600000 0.15141376
v -1.41279837 1.10400000 0.15141376
v -1.40600000 1.10820163 0.16241376
v -1.40600000 1.12179837 0.16241376
v -1.41700000 1.11500000 0.14461538
v -1.40656608 1.13371432 0.43384615
v -1.38343392 1.13371432 0.43384615
v -1.40656608 1.09628568 0.43384615
v -1.38343392 1.09628568 0.43384615
v -1.39500000 1.10343392 0.45256047
v -1.39500000 1.12656608 0.45256047
v -1.39500000 1.10343392 0.41513184
v -1.39500000 1.12656608 0.41513184
v -1.37628568 1.11500000 0.42228007
v -1.37628568 1.11500000 0.44541224
v -1.41371432 1.11500000 0.42228007
v -1.41371432 1.11500000 0.44541224
v -1.39500000 1.13700000 0.43384615
v -1.39500000 1.09300000 0.43384615
v -1.40179837 1.09720163 0.44484615
v -1.38820163 1.09720163 0.44484615
v -1.40179837 1.13279837 0.44484615
v -1.38820163 1.13279837 0.44484615
v -1.39500000 1.11500000 0.45584615
v -1.40179837 1.09720163 0.42284615
v -1.38820163 1.09720163 0.42284615
v -1.40179837 1.13279837 0.42284615
v -1.38820163 1.13279837 0.42284615
v -1.39500000 1.11500000 0.41184615
v -1.37720163 1.12600000 0.42704778
v -1.37720163 1.10400000 0.42704778
v -1.38400000 1.10820163 0.41604778
v -1.38400000 1.12179837 0.41604778
v -1.37720163 1.12600000 0.44064453
v -1.37720163 1.10400000 0.44064453
v -1.38400000 1.10820163 0.45164453
v -1.38400000 1.12179837 0.45164453
v -1.37300000 1.11500000 0.43384615
v -1.41279837 1.12600000 0.42704778
v -1.41279837 1.10400000 0.42704778
v -1.40600000 1.10820163 0.41604778
v -1.40600000 1.12179837 0.41604778
v -1.41279837 1.12600000 0.44064453
v -1.41279837 1.10400000 0.44064453
v -1.40600000 1.10820163 0.45164453
v -1.40600000 1.12179837 0.45164453
v -1.41700000 1.11500000 0.43384615
v -1.40656608 1.13371432 0.72307692
v -1.38343392 1.13371432 0.72307692
v -1.40656608 1.09628568 0.72307692
v -1.38343392 1.09628568 0.72307692
v -1.39500000 1.10343392 0.74179124
v -1.39500000 1.12656608 0.74179124
v -1.39500000 1.10343392 0.70436261
v -1.39500000 1.12656608 0.70436261
v -1.37628568 1.11500000 0.71151084
v -1.37628568 1.11500000 0.73464301
v -1.41371432 1.11500000 0.71151084
v -1.41371432 1.11500000 0.73464301
v -1.39500000 1.13700000 0.72307692
v -1.39500000 1.09300000 0.72307692
v -1.40179837 1.09720163 0.73407692
v -1.38820163 1.09720163 0.73407692
v -1.40179837 1.13279837 0.73407692
v -1.38820163 1.13279837 0.73407692
v -1.39500000 1.11500000 0.74507692
v -1.40179837 1.09720163 0.71207692
v -1.38820163 1.09720163 0.71207692
v -1.40179837 1.13279837 0.71207692
v -1.38820163 1.13279837 0.71207692
v -1.39500000 1.11500000 0.70107692
v -1.37720163 1.12600000 0.71627855
v -1.37720163 1.10400000 0.71627855
v -1.38400000 1.10820163 0.70527855
v -1.38400000 1.12179837 0.70527855
v -1.37720163 1.12600000 0.72987530
v -1.37720163 1.10400000 0.72987530
v -1.38400000 1.10820163 0.74087530
v -1.38400000 1.12179837 0.74087530
v -1.37300000 1.11500000 0.72307692
v -1.41279837 1.12600000 0.71627855
v -1.41279837 1.10400000 0.71627855
v -1.40600000 1.10820163 0.70527855
v -1.40600000 1.12179837 0.70527855
v -1.41279837 1.12600000 0.72987530
v -1.41279837 1.10400000 0.72987530
v -1.40600000 1.10820163 0.74087530
v -1.40600000 1.12179837 0.74087530
v -1.41700000 1.11500000 0.72307692
v -1.40656608 1.13371432 1.01230769
v -1.38343392 1.13371432 1.01230769
v -1.40656608 1.09628568 1.01230769
v -1.38343392 1.09628568 1.01230769
v -1.39500000 1.10343392 1.03102201
v -1.39500000 1.12656608 1.03102201
v -1.39500000 1.10343392 0.99359337
v -1.39500000 1.12656608 0.99359337
v -1.37628568 1.11500000 1.00074161
v -1.37628568 1.11500000 1.02387378
v -1.41371432 1.11500000 1.00074161
v -1.41371432 1.11500000 1.02387378
v -1.39500000 1.13700000 1.01230769
v -1.39500000 1.09300000 1.01230769
v -1.40179837 1.09720163 1.02330769
v -1.38820163 1.09720163 1.02330769
v -1.40179837 1.13279837 1.02330769
v -1.38820163 1.13279837 1.02330769
v -1.39500000 1.11500000 1.03430769
v -1.40179837 1.09720163 1.00130769
v -1.38820163 1.09720163 1.00130769
v -1.40179837 1.13279837 1.00130769
v -1.38820163 1.13279837 1.00130769
v -1.39500000 1.11500000 0.99030769
v -1.37720163 1.12600000 1.00550932
v -1.37720163 1.10400000 1.00550932
v -1.38400000 1.10820163 0.99450932
v -1.38400000 1.12179837 0.99450932
v -1.37720163 1.12600000 1.01910607
v -1.37720163 1.10400000 1.01910607
v -1.38400000 1.10820163 1.03010607
v -1.38400000 1.12179837 1.03010607
v -1.37300000 1.11500000 1.01230769
v -1.41279837 1.12600000 1.00550932
v -1.41279837 1.10400000 1.00550932
v -1.40600000 1.10820163 0.99450932
v -1.40600000 1.12179837 0.99450932
v -1.41279837 1.12600000 1.01910607
v -1.41279837 1.10400000 1.01910607
v -1.40600000 1.10820163 1.03010607
v -1.40600000 1.12179837 1.03010607
v -1.41700000 1.11500000 1.01230769
v -1.40656608 1.13371432 1.30153846
v -1.38343392 1.13371432 1.30153846
v -1.40656608 1.09628568 1.30153846
v -1.38343392 1.09628568 1.30153846
v -1.39500000 1.10343392 1.32025278
v -1.39500000 1.12656608 1.32025278
v -1.39500000 1.10343392 1.28282414
v -1.39500000 1.12656608 1.28282414
v -1.37628568 1.11500000 1.28997238
v -1.37628568 1.11500000 1.31310455
v -1.41371432 1.11500000 1.28997238
v -1.41371432 1.11500000 1.31310455
v -1.39500000 1.13700000 1.30153846
v -1.39500000 1.09300000 1.30153846
v -1.40179837 1.09720163 1.31253846
v -1.38820163 1.09720163 1.31253846
v -1.40179837 1.13279837 1.31253846
v -1.38820163 1.13279837 1.31253846
v -1.39500000 1.11500000 1.32353846
v -1.40179837 1.09720163 1.29053846
v -1.38820163 1.09720163 1.29053846
v -1.40179837 1.13279837 1.29053846
v -1.38820163 1.13279837 1.29053846
v -1.39500000 1.11500000 1.27953846
v -1.37720163 1.12600000 1.29474009
v -1.37720163 1.10400000 1.29474009
v -1.38400000 1.10820163 1.28374009
v -1.38400000 1.12179837 1.28374009
v -1.37720163 1.12600000 1.30833684
v -1.37720163 1.10400000 1.30833684
v -1.38400000 1.10820163 1.31933684
v -1.38400000 1.12179837 1.31933684
v -1.37300000 1.11500000 1.30153846
v -1.41279837 1.12600000 1.29474009
v -1.41279837 1.10400000 1.29474009
v -1.40600000 1.10820163 1.28374009
v -1.40600000 1.12179837 1.28374009
v -1.41279837 1.12600000 1.30833684
v -1.41279837 1.10400000 1.30833684
v -1.40600000 1.10820163 1.31933684
v -1.40600000 1.12179837 1.31933684
v -1.41700000 1.11500000 1.30153846
v -1.40656608 1.13371432 1.59076923
v -1.38343392 1.13371432 1.59076923
v -1.40656608 1.09628568 1.59076923
v -1.38343392 1.09628568 1.59076923
v -1.39500000 1.10343392 1.60948355
v -1.39500000 1.12656608 1.60948355
v -1.39500000 1.10343392 1.57205491
v -1.39500000 1.12656608 1.57205491
v -1.37628568 1.11500000 1.57920315
v -1.37628568 1.11500000 1.60233532
v -1.41371432 1.11500000 1.57920315
v -1.41371432 1.11500000 1.60233532
v -1.39500000 1.13700000 1.59076923
v -1.39500000 1.09300000 1.59076923
v -1.40179837 1.09720163 1.60176923
v -1.38820163 1.09720163 1.60176923
v -1.40179837 1.13279837 1.60176923
v -1.38820163 1.13279837 1.60176923
v -1.39500000 1.11500000 1.61276923
v -1.40179837 1.09720163 1.57976923
v -1.38820163 1.09720163 1.57976923
v -1.40179837 1.13279837 1.57976923
v -1.38820163 1.13279837 1.57976923
v -1.39500000 1.11500000 1.56876923
v -1.37720163 1.12600000 1.58397086
v -1.37720163 1.10400000 1.58397086
v -1.38400000 1.10820163 1.57297086
v -1.38400000 1.12179837 1.57297086
v -1.37720163 1.12600000 1.59756760
v -1.37720163 1.10400000 1.59756760
v -1.38400000 1.10820163 1.60856760
v -1.38400000 1.12179837 1.60856760
v -1.37300000 1.11500000 1.59076923
v -1.41279837 1.12600000 1.58397086
v -1.41279837 1.10400000 1.58397086
v -1.40600000 1.10820163 1.57297086
v -1.40600000 1.12179837 1.57297086
v -1.41279837 1.12600000 1.59756760
v -1.41279837 1.10400000 1.59756760
v -1.40600000 1.10820163 1.60856760
v -1.40600000 1.12179837 1.60856760
v -1.41700000 1.11500000 1.59076923
v -1.40656608 1.13371432 1.88000000
v -1.38343392 1.13371432 1.88000000
v -1.40656608 1.09628568 1.88000000
v -1.38343392 1.09628568 1.88000000
v -1.39500000 1.10343392 1.89871432
v -1.39500000 1.12656608 1.89871432
v -1.39500000 1.10343392 1.86128568
v -1.39500000 1.12656608 1.86128568
v -1.37628568 1.11500000 1.86843392
v -1.37628568 1.11500000 1.89156608
v -1.41371432 1.11500000 1.86843392
v -1.41371432 1.11500000 1.89156608
v -1.39500000 1.13700000 1.88000000
v -1.39500000 1.09300000 1.88000000
v -1.40179837 1.09720163 1.89100000
v -1.38820163 1.09720163 1.89100000
v -1.40179837 1.13279837 1.89100000
v -1.38820163 1.13279837 1.89100000
v -1.39500000 1.11500000 1.90200000
v -1.40179837 1.09720163 1.86900000
v -1.38820163 1.09720163 1.86900000
v -1.40179837 1.13279837 1.86900000
v -1.38820163 1.13279837 1.86900000
v -1.39500000 1.11500000 1.85800000
v -1.37720163 1.12600000 1.87320163
v -1.37720163 1.10400000 1.87320163
v -1.38400000 1.10820163 1.86220163
v -1.38400000 1.12179837 1.86220163
v -1.37720163 1.12600000 1.88679837
v -1.37720163 1.10400000 1.88679837
v -1.38400000 1.10820163 1.89779837
v -1.38400000 1.12179837 1.89779837
v -1.37300000 1.11500000 1.88000000
v -1.41279837 1.12600000 1.87320163
v -1.41279837 1.10400000 1.87320163
v -1.40600000 1.10820163 1.86220163
v -1.40600000 1.12179837 1.86220163
v -1.41279837 1.12600000 1.88679837
v -1.41279837 1.10400000 1.88679837
v -1.40600000 1.10820163 1.89779837
v -1.40600000 1.12179837 1.89779837
v -1.41700000 1.11500000 1.88000000
v -1.00000000 0.98000000 -1.55000000
v -1.00000000 0.98000000 -1.52500000
v -1.33000000 1.02000000 -1.52500000
v -1.33000000 1.02000000 -1.55000000
v -0.99823177 0.99458786 -1.52977458
v -1.32823177 1.03458786 -1.52977458
v -0.99713895 1.00360365 -1.54227458
v -1.32713895 1.04360365 -1.54227458
v -0.99713895 1.00360365 -1.55772542
v -1.32713895 1.04360365 -1.55772542
v -0.99823177 0.99458786 -1.57022542
v -1.32823177 1.03458786 -1.57022542
v -1.00000000 0.98000000 -1.57500000
v -1.33000000 1.02000000 -1.57500000
v -1.00176823 0.96541214 -1.57022542
v -1.33176823 1.00541214 -1.57022542
v -1.00286105 0.95639635 -1.55772542
v -1.33286105 0.99639635 -1.55772542
v -1.00286105 0.95639635 -1.54227458
v -1.33286105 0.99639635 -1.54227458
v -1.00176823 0.96541214 -1.52977458
v -1.33176823 1.00541214 -1.52977458
v -1.00000000 0.81000000 -1.55000000
v -1.00000000 0.81000000 -1.51000000
v -1.27000000 0.55000000 -1.51000000
v -1.27000000 0.55000000 -1.55000000
v -1.01387283 0.82440640 -1.51535898
v -1.28387283 0.56440640 -1.51535898
v -1.02402845 0.83495262 -1.53000000
v -1.29402845 0.57495262 -1.53000000
v -1.02774567 0.83881281 -1.55000000
v -1.29774567 0.57881281 -1.55000000
v -1.02402845 0.83495262 -1.57000000
v -1.29402845 0.57495262 -1.57000000
v -1.01387283 0.82440640 -1.58464102
v -1.28387283 0.56440640 -1.58464102
v -1.00000000 0.81000000 -1.59000000
v -1.27000000 0.55000000 -1.59000000
v -0.98612717 0.79559360 -1.58464102
v -1.25612717 0.53559360 -1.58464102
v -0.97597155 0.78504738 -1.57000000
v -1.24597155 0.52504738 -1.57000000
v -0.97225433 0.78118719 -1.55000000
v -1.24225433 0.52118719 -1.55000000
v -0.97597155 0.78504738 -1.53000000
v -1.24597155 0.52504738 -1.53000000
v -0.98612717 0.79559360 -1.51535898
v -1.25612717 0.53559360 -1.51535898
v -1.00000000 0.98000000 -0.78000000
v -1.00000000 0.98000000 -0.75500000
v -1.33000000 1.02000000 -0.75500000
v -1.33000000 1.02000000 -0.78000000
v -0.99823177 0.99458786 -0.75977458
v -1.32823177 1.03458786 -0.75977458
v -0.99713895 1.00360365 -0.77227458
v -1.32713895 1.04360365 -0.77227458
v -0.99713895 1.00360365 -0.78772542
v -1.32713895 1.04360365 -0.78772542
v -0.99823177 0.99458786 -0.80022542
v -1.32823177 1.03458786 -0.80022542
v -1.00000000 0.98000000 -0.80500000
v -1.33000000 1.02000000 -0.80500000
v -1.00176823 0.96541214 -0.80022542
v -1.33176823 1.00541214 -0.80022542
v -1.00286105 0.95639635 -0.78772542
v -1.33286105 0.99639635 -0.78772542
v -1.00286105 0.95639635 -0.77227458
v -1.33286105 0.99639635 -0.77227458
v -1.00176823 0.96541214 -0.75977458
v -1.33176823 1.00541214 -0.75977458
v -1.00000000 0.81000000 -0.78000000
v -1.00000000 0.81000000 -0.74000000
v -1.27000000 0.55000000 -0.74000000
v -1.27000000 0.55000000 -0.78000000
v -1.01387283 0.82440640 -0.74535898
v -1.28387283 0.56440640 -0.74535898
v -1.02402845 0.83495262 -0.76000000
v -1.29402845 0.57495262 -0.76000000
v -1.02774567 0.83881281 -0.78000000
v -1.29774567 0.57881281 -0.78000000
v -1.02402845 0.83495262 -0.80000000
v -1.29402845 0.57495262 -0.80000000
v -1.01387283 0.82440640 -0.81464102
v -1.28387283 0.56440640 -0.81464102
v -1.00000000 0.81000000 -0.82000000
v -1.27000000 0.55000000 -0.82000000
v -0.98612717 0.79559360 -0.81464102
v -1.25612717 0.53559360 -0.81464102
v -0.97597155 0.78504738 -0.80000000
v -1.24597155 0.52504738 -0.80000000
v -0.97225433 0.78118719 -0.78000000
v -1.24225433 0.52118719 -0.78000000
v -0.97597155 0.78504738 -0.76000000
v -1.24597155 0.52504738 -0.76000000
v -0.98612717 0.79559360 -0.74535898
v -1.25612717 0.53559360 -0.74535898
v -1.00000000 0.98000000 0.00000000
v -1.00000000 0.98000000 0.02500000
v -1.33000000 1.02000000 0.02500000
v -1.33000000 1.02000000 0.00000000
v -0.99823177 0.99458786 0.02022542
v -1.32823177 1.03458786 0.02022542
v -0.99713895 1.00360365 0.00772542
v -1.32713895 1.04360365 0.00772542
v -0.99713895 1.00360365 -0.00772542
v -1.32713895 1.04360365 -0.00772542
v -0.99823177 0.99458786 -0.02022542
v -1.32823177 1.03458786 -0.02022542
v -1.00000000 0.98000000 -0.02500000
v -1.33000000 1.02000000 -0.02500000
v -1.00176823 0.96541214 -0.02022542
v -1.33176823 1.00541214 -0.02022542
v -1.00286105 0.95639635 -0.00772542
v -1.33286105 0.99639635 -0.00772542
v -1.00286105 0.95639635 0.00772542
v -1.33286105 0.99639635 0.00772542
v -1.00176823 0.96541214 0.02022542
v -1.33176823 1.00541214 0.02022542
v -1.00000000 0.81000000 0.00000000
v -1.00000000 0.81000000 0.04000000
v -1.27000000 0.55000000 0.04000000
v -1.27000000 0.55000000 0.00000000
v -1.01387283 0.82440640 0.03464102
v -1.28387283 0.56440640 0.03464102
v -1.02402845 0.83495262 0.02000000
v -1.29402845 0.57495262 0.02000000
v -1.02774567 0.83881281 0.00000000
v -1.29774567 0.57881281 0.00000000
v -1.02402845 0.83495262 -0.02000000
v -1.29402845 0.57495262 -0.02000000
v -1.01387283 0.82440640 -0.03464102
v -1.28387283 0.56440640 -0.03464102
v -1.00000000 0.81000000 -0.04000000
v -1.27000000 0.55000000 -0.04000000
v -0.98612717 0.79559360 -0.03464102
v -1.25612717 0.53559360 -0.03464102
v -0.97597155 0.78504738 -0.02000000
v -1.24597155 0.52504738 -0.02000000
v -0.97225433 0.78118719 -0.00000000
v -1.24225433 0.52118719 -0.00000000
v -0.97597155 0.78504738 0.02000000
v -1.24597155 0.52504738 0.02000000
v -0.98612717 0.79559360 0.03464102
v -1.25612717 0.53559360 0.03464102
v -1.00000000 0.98000000 0.78000000
v -1.00000000 0.98000000 0.80500000
v -1.33000000 1.02000000 0.80500000
v -1.33000000 1.02000000 0.78000000
v -0.99823177 0.99458786 0.80022542
v -1.32823177 1.03458786 0.80022542
v -0.99713895 1.00360365 0.78772542
v -1.32713895 1.04360365 0.78772542
v -0.99713895 1.00360365 0.77227458
v -1.32713895 1.04360365 0.77227458
v -0.99823177 0.99458786 0.75977458
v -1.32823177 1.03458786 0.75977458
v -1.00000000 0.98000000 0.75500000
v -1.33000000 1.02000000 0.75500000
v -1.00176823 0.96541214 0.75977458
v -1.33176823 1.00541214 0.75977458
v -1.00286105 0.95639635 0.77227458
v -1.33286105 0.99639635 0.77227458
v -1.00286105 0.95639635 0.78772542
v -1.33286105 0.99639635 0.78772542
v -1.00176823 0.96541214 0.80022542
v -1.33176823 1.00541214 0.80022542
v -1.00000000 0.81000000 0.78000000
v -1.00000000 0.81000000 0.82000000
v -1.27000000 0.55000000 0.82000000
v -1.27000000 0.55000000 0.78000000
v -1.01387283 0.82440640 0.81464102
v -1.28387283 0.56440640 0.81464102
v -1.02402845 0.83495262 0.80000000
v -1.29402845 0.57495262 0.80000000
v -1.02774567 0.83881281 0.78000000
v -1.29774567 0.57881281 0.78000000
v -1.02402845 0.83495262 0.76000000
v -1.29402845 0.57495262 0.76000000
v -1.01387283 0.82440640 0.74535898
v -1.28387283 0.56440640 0.74535898
v -1.00000000 0.81000000 0.74000000
v -1.27000000 0.55000000 0.74000000
v -0.98612717 0.79559360 0.74535898
v -1.25612717 0.53559360 0.74535898
v -0.97597155 0.78504738 0.76000000
v -1.24597155 0.52504738 0.76000000
v -0.97225433 0.78118719 0.78000000
v -1.24225433 0.52118719 0.78000000
v -0.97597155 0.78504738 0.80000000
v -1.24597155 0.52504738 0.80000000
v -0.98612717 0.79559360 0.81464102
v -1.25612717 0.53559360 0.81464102
v -1.00000000 0.98000000 1.55000000
v -1.00000000 0.98000000 1.57500000
v -1.33000000 1.02000000 1.57500000
v -1.33000000 1.02000000 1.55000000
v -0.99823177 0.99458786 1.57022542
v -1.32823177 1.03458786 1.57022542
v -0.99713895 1.00360365 1.55772542
v -1.32713895 1.04360365 1.55772542
v -0.99713895 1.00360365 1.54227458
v -1.32713895 1.04360365 1.54227458
v -0.99823177 0.99458786 1.52977458
v -1.32823177 1.03458786 1.52977458
v -1.00000000 0.98000000 1.52500000
v -1.33000000 1.02000000 1.52500000
v -1.00176823 0.96541214 1.52977458
v -1.33176823 1.00541214 1.52977458
v -1.00286105 0.95639635 1.54227458
v -1.33286105 0.99639635 1.54227458
v -1.00286105 0.95639635 1.55772542
v -1.33286105 0.99639635 1.55772542
v -1.00176823 0.96541214 1.57022542
v -1.33176823 1.00541214 1.57022542
v -1.00000000 0.81000000 1.55000000
v -1.00000000 0.81000000 1.59000000
v -1.27000000 0.55000000 1.59000000
v -1.27000000 0.55000000 1.55000000
v -1.01387283 0.82440640 1.58464102
v -1.28387283 0.56440640 1.58464102
v -1.02402845 0.83495262 1.57000000
v -1.29402845 0.57495262 1.57000000
v -1.02774567 0.83881281 1.55000000
v -1.29774567 0.57881281 1.55000000
v -1.02402845 0.83495262 1.53000000
v -1.29402845 0.57495262 1.53000000
v -1.01387283 0.82440640 1.51535898
v -1.28387283 0.56440640 1.51535898
v -1.00000000 0.81000000 1.51000000
v -1.27000000 0.55000000 1.51000000
v -0.98612717 0.79559360 1.51535898
v -1.25612717 0.53559360 1.51535898
v -0.97597155 0.78504738 1.53000000
v -1.24597155 0.52504738 1.53000000
v -0.97225433 0.78118719 1.55000000
v -1.24225433 0.52118719 1.55000000
v -0.97597155 0.78504738 1.57000000
v -1.24597155 0.52504738 1.57000000
v -0.98612717 0.79559360 1.58464102
v -1.25612717 0.53559360 1.58464102
v 1.38343392 1.13371432 -1.88000000
v 1.40656608 1.13371432 -1.88000000
v 1.38343392 1.09628568 -1.88000000
v 1.40656608 1.09628568 -1.88000000
v 1.39500000 1.10343392 -1.86128568
v 1.39500000 1.12656608 -1.86128568
v 1.39500000 1.10343392 -1.89871432
v 1.39500000 1.12656608 -1.89871432
v 1.41371432 1.11500000 -1.89156608
v 1.41371432 1.11500000 -1.86843392
v 1.37628568 1.11500000 -1.89156608
v 1.37628568 1.11500000 -1.86843392
v 1.39500000 1.13700000 -1.88000000
v 1.39500000 1.09300000 -1.88000000
v 1.38820163 1.09720163 -1.86900000
v 1.40179837 1.09720163 -1.86900000
v 1.38820163 1.13279837 -1.86900000
v 1.40179837 1.13279837 -1.86900000
v 1.39500000 1.11500000 -1.85800000
v 1.38820163 1.09720163 -1.89100000
v 1.40179837 1.09720163 -1.89100000
v 1.38820163 1.13279837 -1.89100000
v 1.40179837 1.13279837 -1.89100000
v 1.39500000 1.11500000 -1.90200000
v 1.41279837 1.12600000 -1.88679837
v 1.41279837 1.10400000 -1.88679837
v 1.40600000 1.10820163 -1.89779837
v 1.40600000 1.12179837 -1.89779837
v 1.41279837 1.12600000 -1.87320163
v 1.41279837 1.10400000 -1.87320163
v 1.40600000 1.10820163 -1.86220163
v 1.40600000 1.12179837 -1.86220163
v 1.41700000 1.11500000 -1.88000000
v 1.37720163 1.12600000 -1.88679837
v 1.37720163 1.10400000 -1.88679837
v 1.38400000 1.10820163 -1.89779837
v 1.38400000 1.12179837 -1.89779837
v 1.37720163 1.12600000 -1.87320163
v 1.37720163 1.10400000 -1.87320163
v 1.38400000 1.10820163 -1.86220163
v 1.38400000 1.12179837 -1.86220163
v 1.37300000 1.11500000 -1.88000000
v 1.38343392 1.13371432 -1.59076923
v 1.40656608 1.13371432 -1.59076923
v 1.38343392 1.09628568 -1.59076923
v 1.40656608 1.09628568 -1.59076923
v 1.39500000 1.10343392 -1.57205491
v 1.39500000 1.12656608 -1.57205491
v 1.39500000 1.10343392 -1.60948355
v 1.39500000 1.12656608 -1.60948355
v 1.41371432 1.11500000 -1.60233532
v 1.41371432 1.11500000 -1.57920315
v 1.37628568 1.11500000 -1.60233532
v 1.37628568 1.11500000 -1.57920315
v 1.39500000 1.13700000 -1.59076923
v 1.39500000 1.09300000 -1.59076923
v 1.38820163 1.09720163 -1.57976923
v 1.40179837 1.09720163 -1.57976923
v 1.38820163 1.13279837 -1.57976923
v 1.40179837 1.13279837 -1.57976923
v 1.39500000 1.11500000 -1.56876923
v 1.38820163 1.09720163 -1.60176923
v 1.40179837 1.09720163 -1.60176923
v 1.38820163 1.13279837 -1.60176923
v 1.40179837 1.13279837 -1.60176923
v 1.39500000 1.11500000 -1.61276923
v 1.41279837 1.12600000 -1.59756760
v 1.41279837 1.10400000 -1.59756760
v 1.40600000 1.10820163 -1.60856760
v 1.40600000 1.12179837 -1.60856760
v 1.41279837 1.12600000 -1.58397086
v 1.41279837 1.10400000 -1.58397086
v 1.40600000 1.10820163 -1.57297086
v 1.40600000 1.12179837 -1.57297086
v 1.41700000 1.11500000 -1.59076923
v 1.37720163 1.12600000 -1.59756760
v 1.37720163 1.10400000 -1.59756760
v 1.38400000 1.10820163 -1.60856760
v 1.38400000 1.12179837 -1.60856760
v 1.37720163 1.12600000 -1.58397086
v 1.37720163 1.10400000 -1.58397086
v 1.38400000 1.10820163 -1.57297086
v 1.38400000 1.12179837 -1.57297086
v 1.37300000 1.11500000 -1.59076923
v 1.38343392 1.13371432 -1.30153846
v 1.40656608 1.13371432 -1.30153846
v 1.38343392 1.09628568 -1.30153846
v 1.40656608 1.09628568 -1.30153846
v 1.39500000 1.10343392 -1.28282414
v 1.39500000 1.12656608 -1.28282414
v 1.39500000 1.10343392 -1.32025278
v 1.39500000 1.12656608 -1.32025278
v 1.41371432 1.11500000 -1.31310455
v 1.41371432 1.11500000 -1.28997238
v 1.37628568 1.11500000 -1.31310455
v 1.37628568 1.11500000 -1.28997238
v 1.39500000 1.13700000 -1.30153846
v 1.39500000 1.09300000 -1.30153846
v 1.38820163 1.09720163 -1.29053846
v 1.40179837 1.09720163 -1.29053846
v 1.38820163 1.13279837 -1.29053846
v 1.40179837 1.13279837 -1.29053846
v 1.39500000 1.11500000 -1.27953846
v 1.38820163 1.09720163 -1.31253846
v 1.40179837 1.09720163 -1.31253846
v 1.38820163 1.13279837 -1.31253846
v 1.40179837 1.13279837 -1.31253846
v 1.39500000 1.11500000 -1.32353846
v 1.41279837 1.12600000 -1.30833684
v 1.41279837 1.10400000 -1.30833684
v 1.40600000 1.10820163 -1.31933684
v 1.40600000 1.12179837 -1.31933684
v 1.41279837 1.12600000 -1.29474009
v 1.41279837 1.10400000 -1.29474009
v 1.40600000 1.10820163 -1.28374009
v 1.40600000 1.12179837 -1.28374009
v 1.41700000 1.11500000 -1.30153846
v 1.37720163 1.12600000 -1.30833684
v 1.37720163 1.10400000 -1.30833684
v 1.38400000 1.10820163 -1.31933684
v 1.38400000 1.12179837 -1.31933684
v 1.37720163 1.12600000 -1.29474009
v 1.37720163 1.10400000 -1.29474009
v 1.38400000 1.10820163 -1.28374009
v 1.38400000 1.12179837 -1.28374009
v 1.37300000 1.11500000 -1.30153846
v 1.38343392 1.13371432 -1.01230769
v 1.40656608 1.13371432 -1.01230769
v 1.38343392 1.09628568 -1.01230769
v 1.40656608 1.09628568 -1.01230769
v 1.39500000 1.10343392 -0.99359337
v 1.39500000 1.12656608 -0.99359337
v 1.39500000 1.10343392 -1.03102201
v 1.39500000 1.12656608 -1.03102201
v 1.41371432 1.11500000 -1.02387378
v 1.41371432 1.11500000 -1.00074161
v 1.37628568 1.11500000 -1.02387378
v 1.37628568 1.11500000 -1.00074161
v 1.39500000 1.13700000 -1.01230769
v 1.39500000 1.09300000 -1.01230769
v 1.38820163 1.09720163 -1.00130769
v 1.40179837 1.09720163 -1.00130769
v 1.38820163 1.13279837 -1.00130769
v 1.40179837 1.13279837 -1.00130769
v 1.39500000 1.11500000 -0.99030769
v 1.38820163 1.09720163 -1.02330769
v 1.40179837 1.09720163 -1.02330769
v 1.38820163 1.13279837 -1.02330769
v 1.40179837 1.13279837 -1.02330769
v 1.39500000 1.11500000 -1.03430769
v 1.41279837 1.12600000 -1.01910607
v 1.41279837 1.10400000 -1.01910607
v 1.40600000 1.10820163 -1.03010607
v 1.40600000 1.12179837 -1.03010607
v 1.41279837 1.12600000 -1.00550932
v 1.41279837 1.10400000 -1.00550932
v 1.40600000 1.10820163 -0.99450932
v 1.40600000 1.12179837 -0.99450932
v 1.41700000 1.11500000 -1.01230769
v 1.37720163 1.12600000 -1.01910607
v 1.37720163 1.10400000 -1.01910607
v 1.38400000 1.10820163 -1.03010607
v 1.38400000 1.12179837 -1.03010607
v 1.37720163 1.12600000 -1.00550932
v 1.37720163 1.10400000 -1.00550932
v 1.38400000 1.10820163 -0.99450932
v 1.38400000 1.12179837 -0.99450932
v 1.37300000 1.11500000 -1.01230769
v 1.38343392 1.13371432 -0.72307692
v 1.40656608 1.13371432 -0.72307692
v 1.38343392 1.09628568 -0.72307692
v 1.40656608 1.09628568 -0.72307692
v 1.39500000 1.10343392 -0.70436261
v 1.39500000 1.12656608 -0.70436261
v 1.39500000 1.10343392 -0.74179124
v 1.39500000 1.12656608 -0.74179124
v 1.41371432 1.11500000 -0.73464301
v 1.41371432 1.11500000 -0.71151084
v 1.37628568 1.11500000 -0.73464301
v 1.37628568 1.11500000 -0.71151084
v 1.39500000 1.13700000 -0.72307692
v 1.39500000 1.09300000 -0.72307692
v 1.38820163 1.09720163 -0.71207692
v 1.40179837 1.09720163 -0.71207692
v 1.38820163 1.13279837 -0.71207692
v 1.40179837 1.13279837 -0.71207692
v 1.39500000 1.11500000 -0.70107692
v 1.38820163 1.09720163 -0.73407692
v 1.40179837 1.09720163 -0.73407692
v 1.38820163 1.13279837 -0.73407692
v 1.40179837 1.13279837 -0.73407692
v 1.39500000 1.11500000 -0.74507692
v 1.41279837 1.12600000 -0.72987530
v 1.41279837 1.10400000 -0.72987530
v 1.40600000 1.10820163 -0.74087530
v 1.40600000 1.12179837 -0.74087530
v 1.41279837 1.12600000 -0.71627855
v 1.41279837 1.10400000 -0.71627855
v 1.40600000 1.10820163 -0.70527855
v 1.40600000 1.12179837 -0.70527855
v 1.41700000 1.11500000 -0.72307692
v 1.37720163 1.12600000 -0.72987530
v 1.37720163 1.10400000 -0.72987530
v 1.38400000 1.10820163 -0.74087530
v 1.38400000 1.12179837 -0.74087530
v 1.37720163 1.12600000 -0.71627855
v 1.37720163 1.10400000 -0.71627855
v 1.38400000 1.10820163 -0.70527855
v 1.38400000 1.12179837 -0.70527855
v 1.37300000 1.11500000 -0.72307692
v 1.38343392 1.13371432 -0.43384615
v 1.40656608 1.13371432 -0.43384615
v 1.38343392 1.09628568 -0.43384615
v 1.40656608 1.09628568 -0.43384615
v 1.39500000 1.10343392 -0.41513184
v 1.39500000 1.12656608 -0.41513184
v 1.39500000 1.10343392 -0.45256047
v 1.39500000 1.12656608 -0.45256047
v 1.41371432 1.11500000 -0.44541224
v 1.41371432 1.11500000 -0.42228007
v 1.37628568 1.11500000 -0.44541224
v 1.37628568 1.11500000 -0.42228007
v 1.39500000 1.13700000 -0.43384615
v 1.39500000 1.09300000 -0.43384615
v 1.38820163 1.09720163 -0.42284615
v 1.40179837 1.09720163 -0.42284615
v 1.38820163 1.13279837 -0.42284615
v 1.40179837 1.13279837 -0.42284615
v 1.39500000 1.11500000 -0.41184615
v 1.38820163 1.09720163 -0.44484615
v 1.40179837 1.09720163 -0.44484615
v 1.38820163 1.13279837 -0.44484615
v 1.40179837 1.13279837 -0.44484615
v 1.39500000 1.11500000 -0.45584615
v 1.41279837 1.12600000 -0.44064453
v 1.41279837 1.10400000 -0.44064453
v 1.40600000 1.10820163 -0.45164453
v 1.40600000 1.12179837 -0.45164453
v 1.41279837 1.12600000 -0.42704778
v 1.41279837 1.10400000 -0.42704778
v 1.40600000 1.10820163 -0.41604778
v 1.40600000 1.12179837 -0.41604778
v 1.41700000 1.11500000 -0.43384615
v 1.37720163 1.12600000 -0.44064453
v 1.37720163 1.10400000 -0.44064453
v 1.38400000 1.10820163 -0.45164453
v 1.38400000 1.12179837 -0.45164453
v 1.37720163 1.12600000 -0.42704778
v 1.37720163 1.10400000 -0.42704778
v 1.38400000 1.10820163 -0.41604778
v 1.38400000 1.12179837 -0.41604778
v 1.37300000 1.11500000 -0.43384615
v 1.38343392 1.13371432 -0.14461538
v 1.40656608 1.13371432 -0.14461538
v 1.38343392 1.09628568 -0.14461538
v 1.40656608 1.09628568 -0.14461538
v 1.39500000 1.10343392 -0.12590107
v 1.39500000 1.12656608 -0.12590107
v 1.39500000 1.10343392 -0.16332970
v 1.39500000 1.12656608 -0.16332970
v 1.41371432 1.11500000 -0.15618147
v 1.41371432 1.11500000 -0.13304930
v 1.37628568 1.11500000 -0.15618147
v 1.37628568 1.11500000 -0.13304930
v 1.39500000 1.13700000 -0.14461538
v 1.39500000 1.09300000 -0.14461538
v 1.38820163 1.09720163 -0.13361538
v 1.40179837 1.09720163 -0.13361538
v 1.38820163 1.13279837 -0.13361538
v 1.40179837 1.13279837 -0.13361538
v 1.39500000 1.11500000 -0.12261538
v 1.38820163 1.09720163 -0.15561538
v 1.40179837 1.09720163 -0.15561538
v 1.38820163 1.13279837 -0.15561538
v 1.40179837 1.13279837 -0.15561538
v 1.39500000 1.11500000 -0.16661538
v 1.41279837 1.12600000 -0.15141376
v 1.41279837 1.10400000 -0.15141376
v 1.40600000 1.10820163 -0.16241376
v 1.40600000 1.12179837 -0.16241376
v 1.41279837 1.12600000 -0.13781701
v 1.41279837 1.10400000 -0.13781701
v 1.40600000 1.10820163 -0.12681701
v 1.40600000 1.12179837 -0.12681701
v 1.41700000 1.11500000 -0.14461538
v 1.37720163 1.12600000 -0.15141376
v 1.37720163 1.10400000 -0.15141376
v 1.38400000 1.10820163 -0.16241376
v 1.38400000 1.12179837 -0.16241376
v 1.37720163 1.12600000 -0.13781701
v 1.37720163 1.10400000 -0.13781701
v 1.38400000 1.10820163 -0.12681701
v 1.38400000 1.12179837 -0.12681701
v 1.37300000 1.11500000 -0.14461538
v 1.38343392 1.13371432 0.14461538
v 1.40656608 1.13371432 0.14461538
v 1.38343392 1.09628568 0.14461538
v 1.40656608 1.09628568 0.14461538
v 1.39500000 1.10343392 0.16332970
v 1.39500000 1.12656608 0.16332970
v 1.39500000 1.10343392 0.12590107
v 1.39500000 1.12656608 0.12590107
v 1.41371432 1.11500000 0.13304930
v 1.41371432 1.11500000 0.15618147
v 1.37628568 1.11500000 0.13304930
v 1.37628568 1.11500000 0.15618147
v 1.39500000 1.13700000 0.14461538
v 1.39500000 1.09300000 0.14461538
v 1.38820163 1.09720163 0.15561538
v 1.40179837 1.09720163 0.15561538
v 1.38820163 1.13279837 0.15561538
v 1.40179837 1.13279837 0.15561538
v 1.39500000 1.11500000 0.16661538
v 1.38820163 1.09720163 0.13361538
v 1.40179837 1.09720163 0.13361538
v 1.38820163 1.13279837 0.13361538
v 1.40179837 1.13279837 0.13361538
v 1.39500000 1.11500000 0.12261538
v 1.41279837 1.12600000 0.13781701
v 1.41279837 1.10400000 0.13781701
v 1.40600000 1.10820163 0.12681701
v 1.40600000 1.12179837 0.12681701
v 1.41279837 1.12600000 0.15141376
v 1.41279837 1.10400000 0.15141376
v 1.40600000 1.10820163 0.16241376
v 1.40600000 1.12179837 0.16241376
v 1.41700000 1.11500000 0.14461538
v 1.37720163 1.12600000 0.13781701
v 1.37720163 1.10400000 0.13781701
v 1.38400000 1.10820163 0.12681701
v 1.38400000 1.12179837 0.12681701
v 1.37720163 1.12600000 0.15141376
v 1.37720163 1.10400000 0.15141376
v 1.38400000 1.10820163 0.16241376
v 1.38400000 1.12179837 0.16241376
v 1.37300000 1.11500000 0.14461538
v 1.38343392 1.13371432 0.43384615
v 1.40656608 1.13371432 0.43384615
v 1.38343392 1.09628568 0.43384615
v 1.40656608 1.09628568 0.43384615
v 1.39500000 1.10343392 0.45256047
v 1.39500000 1.12656608 0.45256047
v 1.39500000 1.10343392 0.41513184
v 1.39500000 1.12656608 0.41513184
v 1.41371432 1.11500000 0.42228007
v 1.41371432 1.11500000 0.44541224
v 1.37628568 1.11500000 0.42228007
v 1.37628568 1.11500000 0.44541224
v 1.39500000 1.13700000 0.43384615
v 1.39500000 1.09300000 0.43384615
v 1.38820163 1.09720163 0.44484615
v 1.40179837 1.09720163 0.44484615
v 1.38820163 1.13279837 0.44484615
v 1.40179837 1.13279837 0.44484615
v 1.39500000 1.11500000 0.45584615
v 1.38820163 1.09720163 0.42284615
v 1.40179837 1.09720163 0.42284615
v 1.38820163 1.13279837 0.42284615
v 1.40179837 1.13279837 0.42284615
v 1.39500000 1.11500000 0.41184615
v 1.41279837 1.12600000 0.42704778
v 1.41279837 1.10400000 0.42704778
v 1.40600000 1.10820163 0.41604778
v 1.40600000 1.12179837 0.41604778
v 1.41279837 1.12600000 0.44064453
v 1.41279837 1.10400000 0.44064453
v 1.40600000 1.10820163 0.45164453
v 1.40600000 1.12179837 0.45164453
v 1.41700000 1.11500000 0.43384615
v 1.37720163 1.12600000 0.42704778
v 1.37720163 1.10400000 0.42704778
v 1.38400000 1.10820163 0.41604778
v 1.38400000 1.12179837 0.41604778
v 1.37720163 1.12600000 0.44064453
v 1.37720163 1.10400000 0.44064453
v 1.38400000 1.10820163 0.45164453
v 1.38400000 1.12179837 0.45164453
v 1.37300000 1.11500000 0.43384615
v 1.38343392 1.13371432 0.72307692
v 1.40656608 1.13371432 0.72307692
v 1.38343392 1.09628568 0.72307692
v 1.40656608 1.09628568 0.72307692
v 1.39500000 1.10343392 0.74179124
v 1.39500000 1.12656608 0.74179124
v 1.39500000 1.10343392 0.70436261
v 1.39500000 1.12656608 0.70436261
v 1.41371432 1.11500000 0.71151084
v 1.41371432 1.11500000 0.73464301
v 1.37628568 1.11500000 0.71151084
v 1.37628568 1.11500000 0.73464301
v 1.39500000 1.13700000 0.72307692
v 1.39500000 1.09300000 0.72307692
v 1.38820163 1.09720163 0.73407692
v 1.40179837 1.09720163 0.73407692
v 1.38820163 1.13279837 0.73407692
v 1.40179837 1.13279837 0.73407692
v 1.39500000 1.11500000 0.74507692
v 1.38820163 1.09720163 0.71207692
v 1.40179837 1.09720163 0.71207692
v 1.38820163 1.13279837 0.71207692
v 1.40179837 1.13279837 0.71207692
v 1.39500000 1.11500000 0.70107692
v 1.41279837 1.12600000 0.71627855
v 1.41279837 1.10400000 0.71627855
v 1.40600000 1.10820163 0.70527855
v 1.40600000 1.12179837 0.70527855
v 1.41279837 1.12600000 0.72987530
v 1.41279837 1.10400000 0.72987530
v 1.40600000 1.10820163 0.74087530
v 1.40600000 1.12179837 0.74087530
v 1.41700000 1.11500000 0.72307692
v 1.37720163 1.12600000 0.71627855
v 1.37720163 1.10400000 0.71627855
v 1.38400000 1.10820163 0.70527855
v 1.38400000 1.12179837 0.70527855
v 1.37720163 1.12600000 0.72987530
v 1.37720163 1.10400000 0.72987530
v 1.38400000 1.10820163 0.74087530
v 1.38400000 1.12179837 0.74087530
v 1.37300000 1.11500000 0.72307692
v 1.38343392 1.13371432 1.01230769
v 1.40656608 1.13371432 1.01230769
v 1.38343392 1.09628568 1.01230769
v 1.40656608 1.09628568 1.01230769
v 1.39500000 1.10343392 1.03102201
v 1.39500000 1.12656608 1.03102201
v 1.39500000 1.10343392 0.99359337
v 1.39500000 1.12656608 0.99359337
v 1.41371432 1.11500000 1.00074161
v 1.41371432 1.11500000 1.02387378
v 1.37628568 1.11500000 1.00074161
v 1.37628568 1.11500000 1.02387378
v 1.39500000 1.13700000 1.01230769
v 1.39500000 1.09300000 1.01230769
v 1.38820163 1.09720163 1.02330769
v 1.40179837 1.09720163 1.02330769
v 1.38820163 1.13279837 1.02330769
v 1.40179837 1.13279837 1.02330769
v 1.39500000 1.11500000 1.03430769
v 1.38820163 1.09720163 1.00130769
v 1.40179837 1.09720163 1.00130769
v 1.38820163 1.13279837 1.00130769
v 1.40179837 1.13279837 1.00130769
v 1.39500000 1.11500000 0.99030769
v 1.41279837 1.12600000 1.00550932
v 1.41279837 1.10400000 1.00550932
v 1.40600000 1.10820163 0.99450932
v 1.40600000 1.12179837 0.99450932
v 1.41279837 1.12600000 1.01910607
v 1.41279837 1.10400000 1.01910607
v 1.40600000 1.10820163 1.03010607
v 1.40600000 1.12179837 1.03010607
v 1.41700000 1.11500000 1.01230769
v 1.37720163 1.12600000 1.00550932
v 1.37720163 1.10400000 1.00550932
v 1.38400000 1.10820163 0.99450932
v 1.38400000 1.12179837 0.99450932
v 1.37720163 1.12600000 1.01910607
v 1.37720163 1.10400000 1.01910607
v 1.38400000 1.10820163 1.03010607
v 1.38400000 1.12179837 1.03010607
v 1.37300000 1.11500000 1.01230769
v 1.38343392 1.13371432 1.30153846
v 1.40656608 1.13371432 1.30153846
v 1.38343392 1.09628568 1.30153846
v 1.40656608 1.09628568 1.30153846
v 1.39500000 1.10343392 1.32025278
v 1.39500000 1.12656608 1.32025278
v 1.39500000 1.10343392 1.28282414
v 1.39500000 1.12656608 1.28282414
v 1.41371432 1.11500000 1.28997238
v 1.41371432 1.11500000 1.31310455
v 1.37628568 1.11500000 1.28997238
v 1.37628568 1.11500000 1.31310455
v 1.39500000 1.13700000 1.30153846
v 1.39500000 1.09300000 1.30153846
v 1.38820163 1.09720163 1.31253846
v 1.40179837 1.09720163 1.31253846
v 1.38820163 1.13279837 1.31253846
v 1.40179837 1.13279837 1.31253846
v 1.39500000 1.11500000 1.32353846
v 1.38820163 1.09720163 1.29053846
v 1.40179837 1.09720163 1.29053846
v 1.38820163 1.13279837 1.29053846
v 1.40179837 1.13279837 1.29053846
v 1.39500000 1.11500000 1.27953846
v 1.41279837 1.12600000 1.29474009
v 1.41279837 1.10400000 1.29474009
v 1.40600000 1.10820163 1.28374009
v 1.40600000 1.12179837 1.28374009
v 1.41279837 1.12600000 1.30833684
v 1.41279837 1.10400000 1.30833684
v 1.40600000 1.10820163 1.31933684
v 1.40600000 1.12179837 1.31933684
v 1.41700000 1.11500000 1.30153846
v 1.37720163 1.12600000 1.29474009
v 1.37720163 1.10400000 1.29474009
v 1.38400000 1.10820163 1.28374009
v 1.38400000 1.12179837 1.28374009
v 1.37720163 1.12600000 1.30833684
v 1.37720163 1.10400000 1.30833684
v 1.38400000 1.10820163 1.31933684
v 1.38400000 1.12179837 1.31933684
v 1.37300000 1.11500000 1.30153846
v 1.38343392 1.13371432 1.59076923
v 1.40656608 1.13371432 1.59076923
v 1.38343392 1.09628568 1.59076923
v 1.40656608 1.09628568 1.59076923
v 1.39500000 1.10343392 1.60948355
v 1.39500000 1.12656608 1.60948355
v 1.39500000 1.10343392 1.57205491
v 1.39500000 1.12656608 1.57205491
v 1.41371432 1.11500000 1.57920315
v 1.41371432 1.11500000 1.60233532
v 1.37628568 1.11500000 1.57920315
v 1.37628568 1.11500000 1.60233532
v 1.39500000 1.13700000 1.59076923
v 1.39500000 1.09300000 1.59076923
v 1.38820163 1.09720163 1.60176923
v 1.40179837 1.09720163 1.60176923
v 1.38820163 1.13279837 1.60176923
v 1.40179837 1.13279837 1.60176923
v 1.39500000 1.11500000 1.61276923
v 1.38820163 1.09720163 1.57976923
v 1.40179837 1.09720163 1.57976923
v 1.38820163 1.13279837 1.57976923
v 1.40179837 1.13279837 1.57976923
v 1.39500000 1.11500000 1.56876923
v 1.41279837 1.12600000 1.58397086
v 1.41279837 1.10400000 1.58397086
v 1.40600000 1.10820163 1.57297086
v 1.40600000 1.12179837 1.57297086
v 1.41279837 1.12600000 1.59756760
v 1.41279837 1.10400000 1.59756760
v 1.40600000 1.10820163 1.60856760
v 1.40600000 1.12179837 1.60856760
v 1.41700000 1.11500000 1.59076923
v 1.37720163 1.12600000 1.58397086
v 1.37720163 1.10400000 1.58397086
v 1.38400000 1.10820163 1.57297086
v 1.38400000 1.12179837 1.57297086
v 1.37720163 1.12600000 1.59756760
v 1.37720163 1.10400000 1.59756760
v 1.38400000 1.10820163 1.60856760
v 1.38400000 1.12179837 1.60856760
v 1.37300000 1.11500000 1.59076923
v 1.38343392 1.13371432 1.88000000
v 1.40656608 1.13371432 1.88000000
v 1.38343392 1.09628568 1.88000000
v 1.40656608 1.09628568 1.88000000
v 1.39500000 1.10343392 1.89871432
v 1.39500000 1.12656608 1.89871432
v 1.39500000 1.10343392 1.86128568
v 1.39500000 1.12656608 1.86128568
v 1.41371432 1.11500000 1.86843392
v 1.41371432 1.11500000 1.89156608
v 1.37628568 1.11500000 1.86843392
v 1.37628568 1.11500000 1.89156608
v 1.39500000 1.13700000 1.88000000
v 1.39500000 1.09300000 1.88000000
v 1.38820163 1.09720163 1.89100000
v 1.40179837 1.09720163 1.89100000
v 1.38820163 1.13279837 1.89100000
v 1.40179837 1.13279837 1.89100000
v 1.39500000 1.11500000 1.90200000
v 1.38820163 1.09720163 1.86900000
v 1.40179837 1.09720163 1.86900000
v 1.38820163 1.13279837 1.86900000
v 1.40179837 1.13279837 1.86900000
v 1.39500000 1.11500000 1.85800000
v 1.41279837 1.12600000 1.87320163
v 1.41279837 1.10400000 1.87320163
v 1.40600000 1.10820163 1.86220163
v 1.40600000 1.12179837 1.86220163
v 1.41279837 1.12600000 1.88679837
v 1.41279837 1.10400000 1.88679837
v 1.40600000 1.10820163 1.89779837
v 1.40600000 1.12179837 1.89779837
v 1.41700000 1.11500000 1.88000000
v 1.37720163 1.12600000 1.87320163
v 1.37720163 1.10400000 1.87320163
v 1.38400000 1.10820163 1.86220163
v 1.38400000 1.12179837 1.86220163
v 1.37720163 1.12600000 1.88679837
v 1.37720163 1.10400000 1.88679837
v 1.38400000 1.10820163 1.89779837
v 1.38400000 1.12179837 1.89779837
v 1.37300000 1.11500000 1.88000000
v 1.00000000 0.98000000 -1.55000000
v 1.00000000 0.98000000 -1.57500000
v 1.33000000 1.02000000 -1.57500000
v 1.33000000 1.02000000 -1.55000000
v 0.99823177 0.99458786 -1.57022542
v 1.32823177 1.03458786 -1.57022542
v 0.99713895 1.00360365 -1.55772542
v 1.32713895 1.04360365 -1.55772542
v 0.99713895 1.00360365 -1.54227458
v 1.32713895 1.04360365 -1.54227458
v 0.99823177 0.99458786 -1.52977458
v 1.32823177 1.03458786 -1.52977458
v 1.00000000 0.98000000 -1.52500000
v 1.33000000 1.02000000 -1.52500000
v 1.00176823 0.96541214 -1.52977458
v 1.33176823 1.00541214 -1.52977458
v 1.00286105 0.95639635 -1.54227458
v 1.33286105 0.99639635 -1.54227458
v 1.00286105 0.95639635 -1.55772542
v 1.33286105 0.99639635 -1.55772542
v 1.00176823 0.96541214 -1.57022542
v 1.33176823 1.00541214 -1.57022542
v 1.00000000 0.81000000 -1.55000000
v 1.00000000 0.81000000 -1.59000000
v 1.27000000 0.55000000 -1.59000000
v 1.27000000 0.55000000 -1.55000000
v 1.01387283 0.82440640 -1.58464102
v 1.28387283 0.56440640 -1.58464102
v 1.02402845 0.83495262 -1.57000000
v 1.29402845 0.57495262 -1.57000000
v 1.02774567 0.83881281 -1.55000000
v 1.29774567 0.57881281 -1.55000000
v 1.02402845 0.83495262 -1.53000000
v 1.29402845 0.57495262 -1.53000000
v 1.01387283 0.82440640 -1.51535898
v 1.28387283 0.56440640 -1.51535898
v 1.00000000 0.81000000 -1.51000000
v 1.27000000 0.55000000 -1.51000000
v 0.98612717 0.79559360 -1.51535898
v 1.25612717 0.53559360 -1.51535898
v 0.97597155 0.78504738 -1.53000000
v 1.24597155 0.52504738 -1.53000000
v 0.97225433 0.78118719 -1.55000000
v 1.24225433 0.52118719 -1.55000000
v 0.97597155 0.78504738 -1.57000000
v 1.24597155 0.52504738 -1.57000000
v 0.98612717 0.79559360 -1.58464102
v 1.25612717 0.53559360 -1.58464102
v 1.00000000 0.98000000 -0.78000000
v 1.00000000 0.98000000 -0.80500000
v 1.33000000 1.02000000 -0.80500000
v 1.33000000 1.02000000 -0.78000000
v 0.99823177 0.99458786 -0.80022542
v 1.32823177 1.03458786 -0.80022542
v 0.99713895 1.00360365 -0.78772542
v 1.32713895 1.04360365 -0.78772542
v 0.99713895 1.00360365 -0.77227458
v 1.32713895 1.04360365 -0.77227458
v 0.99823177 0.99458786 -0.75977458
v 1.32823177 1.03458786 -0.75977458
v 1.00000000 0.98000000 -0.75500000
v 1.33000000 1.02000000 -0.75500000
v 1.00176823 0.96541214 -0.75977458
v 1.33176823 1.00541214 -0.75977458
v 1.00286105 0.95639635 -0.77227458
v 1.33286105 0.99639635 -0.77227458
v 1.00286105 0.95639635 -0.78772542
v 1.33286105 0.99639635 -0.78772542
v 1.00176823 0.96541214 -0.80022542
v 1.33176823 1.00541214 -0.80022542
v 1.00000000 0.81000000 -0.78000000
v 1.00000000 0.81000000 -0.82000000
v 1.27000000 0.55000000 -0.82000000
v 1.27000000 0.55000000 -0.78000000
v 1.01387283 0.82440640 -0.81464102
v 1.28387283 0.56440640 -0.81464102
v 1.02402845 0.83495262 -0.80000000
v 1.29402845 0.57495262 -0.80000000
v 1.02774567 0.83881281 -0.78000000
v 1.29774567 0.57881281 -0.78000000
v 1.02402845 0.83495262 -0.76000000
v 1.29402845 0.57495262 -0.76000000
v 1.01387283 0.82440640 -0.74535898
v 1.28387283 0.56440640 -0.74535898
v 1.00000000 0.81000000 -0.74000000
v 1.27000000 0.55000000 -0.74000000
v 0.98612717 0.79559360 -0.74535898
v 1.25612717 0.53559360 -0.74535898
v 0.97597155 0.78504738 -0.76000000
v 1.24597155 0.52504738 -0.76000000
v 0.97225433 0.78118719 -0.78000000
v 1.24225433 0.52118719 -0.78000000
v 0.97597155 0.78504738 -0.80000000
v 1.24597155 0.52504738 -0.80000000
v 0.98612717 0.79559360 -0.81464102
v 1.25612717 0.53559360 -0.81464102
v 1.00000000 0.98000000 0.00000000
v 1.00000000 0.98000000 -0.02500000
v 1.33000000 1.02000000 -0.02500000
v 1.33000000 1.02000000 0.00000000
v 0.99823177 0.99458786 -0.02022542
v 1.32823177 1.03458786 -0.02022542
v 0.99713895 1.00360365 -0.00772542
v 1.32713895 1.04360365 -0.00772542
v 0.99713895 1.00360365 0.00772542
v 1.32713895 1.04360365 0.00772542
v 0.99823177 0.99458786 0.02022542
v 1.32823177 1.03458786 0.02022542
v 1.00000000 0.98000000 0.02500000
v 1.33000000 1.02000000 0.02500000
v 1.00176823 0.96541214 0.02022542
v 1.33176823 1.00541214 0.02022542
v 1.00286105 0.95639635 0.00772542
v 1.33286105 0.99639635 0.00772542
v 1.00286105 0.95639635 -0.00772542
v 1.33286105 0.99639635 -0.00772542
v 1.00176823 0.96541214 -0.02022542
v 1.33176823 1.00541214 -0.02022542
v 1.00000000 0.81000000 0.00000000
v 1.00000000 0.81000000 -0.04000000
v 1.27000000 0.55000000 -0.04000000
v 1.27000000 0.55000000 0.00000000
v 1.01387283 0.82440640 -0.03464102
v 1.28387283 0.56440640 -0.03464102
v 1.02402845 0.83495262 -0.02000000
v 1.29402845 0.57495262 -0.02000000
v 1.02774567 0.83881281 -0.00000000
v 1.29774567 0.57881281 -0.00000000
v 1.02402845 0.83495262 0.02000000
v 1.29402845 0.57495262 0.02000000
v 1.01387283 0.82440640 0.03464102
v 1.28387283 0.56440640 0.03464102
v 1.00000000 0.81000000 0.04000000
v 1.27000000 0.55000000 0.04000000
v 0.98612717 0.79559360 0.03464102
v 1.25612717 0.53559360 0.03464102
v 0.97597155 0.78504738 0.02000000
v 1.24597155 0.52504738 0.02000000
v 0.97225433 0.78118719 0.00000000
v 1.24225433 0.52118719 0.00000000
v 0.97597155 0.78504738 -0.02000000
v 1.24597155 0.52504738 -0.02000000
v 0.98612717 0.79559360 -0.03464102
v 1.25612717 0.53559360 -0.03464102
v 1.00000000 0.98000000 0.78000000
v 1.00000000 0.98000000 0.75500000
v 1.33000000 1.02000000 0.75500000
v 1.33000000 1.02000000 0.78000000
v 0.99823177 0.99458786 0.75977458
v 1.32823177 1.03458786 0.75977458
v 0.99713895 1.00360365 0.77227458
v 1.32713895 1.04360365 0.77227458
v 0.99713895 1.00360365 0.78772542
v 1.32713895 1.04360365 0.78772542
v 0.99823177 0.99458786 0.80022542
v 1.32823177 1.03458786 0.80022542
v 1.00000000 0.98000000 0.80500000
v 1.33000000 1.02000000 0.80500000
v 1.00176823 0.96541214 0.80022542
v 1.33176823 1.00541214 0.80022542
v 1.00286105 0.95639635 0.78772542
v 1.33286105 0.99639635 0.78772542
v 1.00286105 0.95639635 0.77227458
v 1.33286105 0.99639635 0.77227458
v 1.00176823 0.96541214 0.75977458
v 1.33176823 1.00541214 0.75977458
v 1.00000000 0.81000000 0.78000000
v 1.00000000 0.81000000 0.74000000
v 1.27000000 0.55000000 0.74000000
v 1.27000000 0.55000000 0.78000000
v 1.01387283 0.82440640 0.74535898
v 1.28387283 0.56440640 0.74535898
v 1.02402845 0.83495262 0.76000000
v 1.29402845 0.57495262 0.76000000
v 1.02774567 0.83881281 0.78000000
v 1.29774567 0.57881281 0.78000000
v 1.02402845 0.83495262 0.80000000
v 1.29402845 0.57495262 0.80000000
v 1.01387283 0.82440640 0.81464102
v 1.28387283 0.56440640 0.81464102
v 1.00000000 0.81000000 0.82000000
v 1.27000000 0.55000000 0.82000000
v 0.98612717 0.79559360 0.81464102
v 1.25612717 0.53559360 0.81464102
v 0.97597155 0.78504738 0.80000000
v 1.24597155 0.52504738 0.80000000
v 0.97225433 0.78118719 0.78000000
v 1.24225433 0.52118719 0.78000000
v 0.97597155 0.78504738 0.76000000
v 1.24597155 0.52504738 0.76000000
v 0.98612717 0.79559360 0.74535898
v 1.25612717 0.53559360 0.74535898
v 1.00000000 0.98000000 1.55000000
v 1.00000000 0.98000000 1.52500000
v 1.33000000 1.02000000 1.52500000
v 1.33000000 1.02000000 1.55000000
v 0.99823177 0.99458786 1.52977458
v 1.32823177 1.03458786 1.52977458
v 0.99713895 1.00360365 1.54227458
v 1.32713895 1.04360365 1.54227458
v 0.99713895 1.00360365 1.55772542
v 1.32713895 1.04360365 1.55772542
v 0.99823177 0.99458786 1.57022542
v 1.32823177 1.03458786 1.57022542
v 1.00000000 0.98000000 1.57500000
v 1.33000000 1.02000000 1.57500000
v 1.00176823 0.96541214 1.57022542
v 1.33176823 1.00541214 1.57022542
v 1.00286105 0.95639635 1.55772542
v 1.33286105 0.99639635 1.55772542
v 1.00286105 0.95639635 1.54227458
v 1.33286105 0.99639635 1.54227458
v 1.00176823 0.96541214 1.52977458
v 1.33176823 1.00541214 1.52977458
v 1.00000000 0.81000000 1.55000000
v 1.00000000 0.81000000 1.51000000
v 1.27000000 0.55000000 1.51000000
v 1.27000000 0.55000000 1.55000000
v 1.01387283 0.82440640 1.51535898
v 1.28387283 0.56440640 1.51535898
v 1.02402845 0.83495262 1.53000000
v 1.29402845 0.57495262 1.53000000
v 1.02774567 0.83881281 1.55000000
v 1.29774567 0.57881281 1.55000000
v 1.02402845 0.83495262 1.57000000
v 1.29402845 0.57495262 1.57000000
v 1.01387283 0.82440640 1.58464102
v 1.28387283 0.56440640 1.58464102
v 1.00000000 0.81000000 1.59000000
v 1.27000000 0.55000000 1.59000000
v 0.98612717 0.79559360 1.58464102
v 1.25612717 0.53559360 1.58464102
v 0.97597155 0.78504738 1.57000000
v 1.24597155 0.52504738 1.57000000
v 0.97225433 0.78118719 1.55000000
v 1.24225433 0.52118719 1.55000000
v 0.97597155 0.78504738 1.53000000
v 1.24597155 0.52504738 1.53000000
v 0.98612717 0.79559360 1.51535898
v 1.25612717 0.53559360 1.51535898
v -0.59000000 0.94311219 -1.87305447
v -0.59000000 1.01257146 -1.47913137
v -0.59000000 0.98742854 -1.88086863
v -0.59000000 1.05688781 -1.48694553
v 0.59000000 0.94311219 -1.87305447
v 0.59000000 1.01257146 -1.47913137
v 0.59000000 0.98742854 -1.88086863
v 0.59000000 1.05688781 -1.48694553
v -0.72000000 0.75000000 -2.13000000
v -0.72000000 0.75000000 -2.20000000
v -0.62000000 0.75000000 -2.20000000
v -0.62000000 0.75000000 -2.13000000
v -0.72000000 0.77678784 -2.19467157
v -0.62000000 0.77678784 -2.19467157
v -0.72000000 0.79949747 -2.17949747
v -0.62000000 0.79949747 -2.17949747
v -0.72000000 0.81467157 -2.15678784
v -0.62000000 0.81467157 -2.15678784
v -0.72000000 0.82000000 -2.13000000
v -0.62000000 0.82000000 -2.13000000
v -0.72000000 0.81467157 -2.10321216
v -0.62000000 0.81467157 -2.10321216
v -0.72000000 0.79949747 -2.08050253
v -0.62000000 0.79949747 -2.08050253
v -0.72000000 0.77678784 -2.06532843
v -0.62000000 0.77678784 -2.06532843
v -0.72000000 0.75000000 -2.06000000
v -0.62000000 0.75000000 -2.06000000
v -0.72000000 0.72321216 -2.06532843
v -0.62000000 0.72321216 -2.06532843
v -0.72000000 0.70050253 -2.08050253
v -0.62000000 0.70050253 -2.08050253
v -0.72000000 0.68532843 -2.10321216
v -0.62000000 0.68532843 -2.10321216
v -0.72000000 0.68000000 -2.13000000
v -0.62000000 0.68000000 -2.13000000
v -0.72000000 0.68532843 -2.15678784
v -0.62000000 0.68532843 -2.15678784
v -0.72000000 0.70050253 -2.17949747
v -0.62000000 0.70050253 -2.17949747
v -0.72000000 0.72321216 -2.19467157
v -0.62000000 0.72321216 -2.19467157
v -0.60000000 0.74000000 -2.14000000
v -0.60000000 0.74000000 -2.11500000
v -0.78000000 0.74000000 -2.11500000
v -0.78000000 0.74000000 -2.14000000
v -0.60000000 0.75469463 -2.11977458
v -0.78000000 0.75469463 -2.11977458
v -0.60000000 0.76377641 -2.13227458
v -0.78000000 0.76377641 -2.13227458
v -0.60000000 0.76377641 -2.14772542
v -0.78000000 0.76377641 -2.14772542
v -0.60000000 0.75469463 -2.16022542
v -0.78000000 0.75469463 -2.16022542
v -0.60000000 0.74000000 -2.16500000
v -0.78000000 0.74000000 -2.16500000
v -0.60000000 0.72530537 -2.16022542
v -0.78000000 0.72530537 -2.16022542
v -0.60000000 0.71622359 -2.14772542
v -0.78000000 0.71622359 -2.14772542
v -0.60000000 0.71622359 -2.13227458
v -0.78000000 0.71622359 -2.13227458
v -0.60000000 0.72530537 -2.11977458
v -0.78000000 0.72530537 -2.11977458
v 0.62000000 0.75000000 -2.13000000
v 0.62000000 0.75000000 -2.20000000
v 0.72000000 0.75000000 -2.20000000
v 0.72000000 0.75000000 -2.13000000
v 0.62000000 0.77678784 -2.19467157
v 0.72000000 0.77678784 -2.19467157
v 0.62000000 0.79949747 -2.17949747
v 0.72000000 0.79949747 -2.17949747
v 0.62000000 0.81467157 -2.15678784
v 0.72000000 0.81467157 -2.15678784
v 0.62000000 0.82000000 -2.13000000
v 0.72000000 0.82000000 -2.13000000
v 0.62000000 0.81467157 -2.10321216
v 0.72000000 0.81467157 -2.10321216
v 0.62000000 0.79949747 -2.08050253
v 0.72000000 0.79949747 -2.08050253
v 0.62000000 0.77678784 -2.06532843
v 0.72000000 0.77678784 -2.06532843
v 0.62000000 0.75000000 -2.06000000
v 0.72000000 0.75000000 -2.06000000
v 0.62000000 0.72321216 -2.06532843
v 0.72000000 0.72321216 -2.06532843
v 0.62000000 0.70050253 -2.08050253
v 0.72000000 0.70050253 -2.08050253
v 0.62000000 0.68532843 -2.10321216
v 0.72000000 0.68532843 -2.10321216
v 0.62000000 0.68000000 -2.13000000
v 0.72000000 0.68000000 -2.13000000
v 0.62000000 0.68532843 -2.15678784
v 0.72000000 0.68532843 -2.15678784
v 0.62000000 0.70050253 -2.17949747
v 0.72000000 0.70050253 -2.17949747
v 0.62000000 0.72321216 -2.19467157
v 0.72000000 0.72321216 -2.19467157
v 0.60000000 0.74000000 -2.14000000
v 0.60000000 0.74000000 -2.16500000
v 0.78000000 0.74000000 -2.16500000
v 0.78000000 0.74000000 -2.14000000
v 0.60000000 0.75469463 -2.16022542
v 0.78000000 0.75469463 -2.16022542
v 0.60000000 0.76377641 -2.14772542
v 0.78000000 0.76377641 -2.14772542
v 0.60000000 0.76377641 -2.13227458
v 0.78000000 0.76377641 -2.13227458
v 0.60000000 0.75469463 -2.11977458
v 0.78000000 0.75469463 -2.11977458
v 0.60000000 0.74000000 -2.11500000
v 0.78000000 0.74000000 -2.11500000
v 0.60000000 0.72530537 -2.11977458
v 0.78000000 0.72530537 -2.11977458
v 0.60000000 0.71622359 -2.13227458
v 0.78000000 0.71622359 -2.13227458
v 0.60000000 0.71622359 -2.14772542
v 0.78000000 0.71622359 -2.14772542
v 0.60000000 0.72530537 -2.16022542
v 0.78000000 0.72530537 -2.16022542
v -1.03000000 1.05000000 -0.88000000
v -1.03000000 1.05000000 -0.22000000
v -1.03000000 1.33000000 -0.88000000
v -1.03000000 1.33000000 -0.22000000
v -1.00000000 1.05000000 -0.88000000
v -1.00000000 1.05000000 -0.22000000
v -1.00000000 1.33000000 -0.88000000
v -1.00000000 1.33000000 -0.22000000
v -1.03000000 1.06000000 0.45000000
v -1.03000000 1.06000000 0.99000000
v -1.03000000 1.30000000 0.45000000
v -1.03000000 1.30000000 0.99000000
v -1.00000000 1.06000000 0.45000000
v -1.00000000 1.06000000 0.99000000
v -1.00000000 1.30000000 0.45000000
v -1.00000000 1.30000000 0.99000000
v -1.03500000 1.18000000 -0.88000000
v -1.02100000 1.18000000 -0.88000000
v -1.02100000 1.18000000 -0.68000000
v -1.03500000 1.18000000 -0.68000000
v -1.02510051 1.18989949 -0.88000000
v -1.02510051 1.18989949 -0.68000000
v -1.03500000 1.19400000 -0.88000000
v -1.03500000 1.19400000 -0.68000000
v -1.04489949 1.18989949 -0.88000000
v -1.04489949 1.18989949 -0.68000000
v -1.04900000 1.18000000 -0.88000000
v -1.04900000 1.18000000 -0.68000000
v -1.04489949 1.17010051 -0.88000000
v -1.04489949 1.17010051 -0.68000000
v -1.03500000 1.16600000 -0.88000000
v -1.03500000 1.16600000 -0.68000000
v -1.02510051 1.17010051 -0.88000000
v -1.02510051 1.17010051 -0.68000000
v -1.03500000 1.18000000 -0.42000000
v -1.02100000 1.18000000 -0.42000000
v -1.02100000 1.18000000 -0.22000000
v -1.03500000 1.18000000 -0.22000000
v -1.02510051 1.18989949 -0.42000000
v -1.02510051 1.18989949 -0.22000000
v -1.03500000 1.19400000 -0.42000000
v -1.03500000 1.19400000 -0.22000000
v -1.04489949 1.18989949 -0.42000000
v -1.04489949 1.18989949 -0.22000000
v -1.04900000 1.18000000 -0.42000000
v -1.04900000 1.18000000 -0.22000000
v -1.04489949 1.17010051 -0.42000000
v -1.04489949 1.17010051 -0.22000000
v -1.03500000 1.16600000 -0.42000000
v -1.03500000 1.16600000 -0.22000000
v -1.02510051 1.17010051 -0.42000000
v -1.02510051 1.17010051 -0.22000000
v -1.03500000 1.18000000 0.40000000
v -1.02100000 1.18000000 0.40000000
v -1.02100000 1.18000000 0.60000000
v -1.03500000 1.18000000 0.60000000
v -1.02510051 1.18989949 0.40000000
v -1.02510051 1.18989949 0.60000000
v -1.03500000 1.19400000 0.40000000
v -1.03500000 1.19400000 0.60000000
v -1.04489949 1.18989949 0.40000000
v -1.04489949 1.18989949 0.60000000
v -1.04900000 1.18000000 0.40000000
v -1.04900000 1.18000000 0.60000000
v -1.04489949 1.17010051 0.40000000
v -1.04489949 1.17010051 0.60000000
v -1.03500000 1.16600000 0.40000000
v -1.03500000 1.16600000 0.60000000
v -1.02510051 1.17010051 0.40000000
v -1.02510051 1.17010051 0.60000000
v -1.03500000 1.18000000 0.84000000
v -1.02100000 1.18000000 0.84000000
v -1.02100000 1.18000000 1.04000000
v -1.03500000 1.18000000 1.04000000
v -1.02510051 1.18989949 0.84000000
v -1.02510051 1.18989949 1.04000000
v -1.03500000 1.19400000 0.84000000
v -1.03500000 1.19400000 1.04000000
v -1.04489949 1.18989949 0.84000000
v -1.04489949 1.18989949 1.04000000
v -1.04900000 1.18000000 0.84000000
v -1.04900000 1.18000000 1.04000000
v -1.04489949 1.17010051 0.84000000
v -1.04489949 1.17010051 1.04000000
v -1.03500000 1.16600000 0.84000000
v -1.03500000 1.16600000 1.04000000
v -1.02510051 1.17010051 0.84000000
v -1.02510051 1.17010051 1.04000000
v 1.00000000 1.05000000 -0.88000000
v 1.00000000 1.05000000 -0.22000000
v 1.00000000 1.33000000 -0.88000000
v 1.00000000 1.33000000 -0.22000000
v 1.03000000 1.05000000 -0.88000000
v 1.03000000 1.05000000 -0.22000000
v 1.03000000 1.33000000 -0.88000000
v 1.03000000 1.33000000 -0.22000000
v 1.00000000 1.06000000 0.45000000
v 1.00000000 1.06000000 0.99000000
v 1.00000000 1.30000000 0.45000000
v 1.00000000 1.30000000 0.99000000
v 1.03000000 1.06000000 0.45000000
v 1.03000000 1.06000000 0.99000000
v 1.03000000 1.30000000 0.45000000
v 1.03000000 1.30000000 0.99000000
v 1.03500000 1.18000000 -0.88000000
v 1.04900000 1.18000000 -0.88000000
v 1.04900000 1.18000000 -0.68000000
v 1.03500000 1.18000000 -0.68000000
v 1.04489949 1.18989949 -0.88000000
v 1.04489949 1.18989949 -0.68000000
v 1.03500000 1.19400000 -0.88000000
v 1.03500000 1.19400000 -0.68000000
v 1.02510051 1.18989949 -0.88000000
v 1.02510051 1.18989949 -0.68000000
v 1.02100000 1.18000000 -0.88000000
v 1.02100000 1.18000000 -0.68000000
v 1.02510051 1.17010051 -0.88000000
v 1.02510051 1.17010051 -0.68000000
v 1.03500000 1.16600000 -0.88000000
v 1.03500000 1.16600000 -0.68000000
v 1.04489949 1.17010051 -0.88000000
v 1.04489949 1.17010051 -0.68000000
v 1.03500000 1.18000000 -0.42000000
v 1.04900000 1.18000000 -0.42000000
v 1.04900000 1.18000000 -0.22000000
v 1.03500000 1.18000000 -0.22000000
v 1.04489949 1.18989949 -0.42000000
v 1.04489949 1.18989949 -0.22000000
v 1.03500000 1.19400000 -0.42000000
v 1.03500000 1.19400000 -0.22000000
v 1.02510051 1.18989949 -0.42000000
v 1.02510051 1.18989949 -0.22000000
v 1.02100000 1.18000000 -0.42000000
v 1.02100000 1.18000000 -0.22000000
v 1.02510051 1.17010051 -0.42000000
v 1.02510051 1.17010051 -0.22000000
v 1.03500000 1.16600000 -0.42000000
v 1.03500000 1.16600000 -0.22000000
v 1.04489949 1.17010051 -0.42000000
v 1.04489949 1.17010051 -0.22000000
v 1.03500000 1.18000000 0.40000000
v 1.04900000 1.18000000 0.40000000
v 1.04900000 1.18000000 0.60000000
v 1.03500000 1.18000000 0.60000000
v 1.04489949 1.18989949 0.40000000
v 1.04489949 1.18989949 0.60000000
v 1.03500000 1.19400000 0.40000000
v 1.03500000 1.19400000 0.60000000
v 1.02510051 1.18989949 0.40000000
v 1.02510051 1.18989949 0.60000000
v 1.02100000 1.18000000 0.40000000
v 1.02100000 1.18000000 0.60000000
v 1.02510051 1.17010051 0.40000000
v 1.02510051 1.17010051 0.60000000
v 1.03500000 1.16600000 0.40000000
v 1.03500000 1.16600000 0.60000000
v 1.04489949 1.17010051 0.40000000
v 1.04489949 1.17010051 0.60000000
v 1.03500000 1.18000000 0.84000000
v 1.04900000 1.18000000 0.84000000
v 1.04900000 1.18000000 1.04000000
v 1.03500000 1.18000000 1.04000000
v 1.04489949 1.18989949 0.84000000
v 1.04489949 1.18989949 1.04000000
v 1.03500000 1.19400000 0.84000000
v 1.03500000 1.19400000 1.04000000
v 1.02510051 1.18989949 0.84000000
v 1.02510051 1.18989949 1.04000000
v 1.02100000 1.18000000 0.84000000
v 1.02100000 1.18000000 1.04000000
v 1.02510051 1.17010051 0.84000000
v 1.02510051 1.17010051 1.04000000
v 1.03500000 1.16600000 0.84000000
v 1.03500000 1.16600000 1.04000000
v 1.04489949 1.17010051 0.84000000
v 1.04489949 1.17010051 1.04000000
v -0.79000000 0.68500000 2.08000000
v -0.79000000 0.68500000 2.28000000
v -0.79000000 0.75500000 2.08000000
v -0.79000000 0.75500000 2.28000000
v 0.79000000 0.68500000 2.08000000
v 0.79000000 0.68500000 2.28000000
v 0.79000000 0.75500000 2.08000000
v 0.79000000 0.75500000 2.28000000
v -0.82000000 0.78000000 1.92000000
v -0.80983660 0.77533223 1.94347162
v -0.99983660 1.01533223 2.07347162
v -1.01000000 1.02000000 2.05000000
v -0.80074890 0.78644092 1.93624530
v -0.99074890 1.02644092 2.06624530
v -0.79901447 0.79508940 1.92281382
v -0.98901447 1.03508940 2.05281382
v -0.80529580 0.79797424 1.90830756
v -0.99529580 1.03797424 2.03830756
v -0.81719363 0.79399353 1.89826741
v -1.00719363 1.03399353 2.02826741
v -0.83016340 0.78466777 1.89652838
v -1.02016340 1.02466777 2.02652838
v -0.83925110 0.77355908 1.90375470
v -1.02925110 1.01355908 2.03375470
v -0.84098553 0.76491060 1.91718618
v -1.03098553 1.00491060 2.04718618
v -0.83470420 0.76202576 1.93169244
v -1.02470420 1.00202576 2.06169244
v -0.82280637 0.76600647 1.94173259
v -1.01280637 1.00600647 2.07173259
v 0.82000000 0.78000000 1.92000000
v 0.83016340 0.78466777 1.89652838
v 1.02016340 1.02466777 2.02652838
v 1.01000000 1.02000000 2.05000000
v 0.81719363 0.79399353 1.89826741
v 1.00719363 1.03399353 2.02826741
v 0.80529580 0.79797424 1.90830756
v 0.99529580 1.03797424 2.03830756
v 0.79901447 0.79508940 1.92281382
v 0.98901447 1.03508940 2.05281382
v 0.80074890 0.78644092 1.93624530
v 0.99074890 1.02644092 2.06624530
v 0.80983660 0.77533223 1.94347162
v 0.99983660 1.01533223 2.07347162
v 0.82280637 0.76600647 1.94173259
v 1.01280637 1.00600647 2.07173259
v 0.83470420 0.76202576 1.93169244
v 1.02470420 1.00202576 2.06169244
v 0.84098553 0.76491060 1.91718618
v 1.03098553 1.00491060 2.04718618
v 0.83925110 0.77355908 1.90375470
v 1.02925110 1.01355908 2.03375470
v -0.32000000 1.56250000 1.53400000
v -0.32000000 1.56250000 1.56600000
v -0.32000000 1.58750000 1.53400000
v -0.32000000 1.58750000 1.56600000
v 0.32000000 1.56250000 1.53400000
v 0.32000000 1.56250000 1.56600000
v 0.32000000 1.58750000 1.53400000
v 0.32000000 1.58750000 1.56600000
v -0.32000000 1.56250000 1.60400000
v -0.32000000 1.56250000 1.63600000
v -0.32000000 1.58750000 1.60400000
v -0.32000000 1.58750000 1.63600000
v 0.32000000 1.56250000 1.60400000
v 0.32000000 1.56250000 1.63600000
v 0.32000000 1.58750000 1.60400000
v 0.32000000 1.58750000 1.63600000
v -0.32000000 1.56250000 1.67400000
v -0.32000000 1.56250000 1.70600000
v -0.32000000 1.58750000 1.67400000
v -0.32000000 1.58750000 1.70600000
v 0.32000000 1.56250000 1.67400000
v 0.32000000 1.56250000 1.70600000
v 0.32000000 1.58750000 1.67400000
v 0.32000000 1.58750000 1.70600000
v -0.32000000 1.56250000 1.74400000
v -0.32000000 1.56250000 1.77600000
v -0.32000000 1.58750000 1.74400000
v -0.32000000 1.58750000 1.77600000
v 0.32000000 1.56250000 1.74400000
v 0.32000000 1.56250000 1.77600000
v 0.32000000 1.58750000 1.74400000
v 0.32000000 1.58750000 1.77600000
v -0.32000000 1.56250000 1.81400000
v -0.32000000 1.56250000 1.84600000
v -0.32000000 1.58750000 1.81400000
v -0.32000000 1.58750000 1.84600000
v 0.32000000 1.56250000 1.81400000
v 0.32000000 1.56250000 1.84600000
v 0.32000000 1.58750000 1.81400000
v 0.32000000 1.58750000 1.84600000
v -0.32000000 1.56250000 1.88400000
v -0.32000000 1.56250000 1.91600000
v -0.32000000 1.58750000 1.88400000
v -0.32000000 1.58750000 1.91600000
v 0.32000000 1.56250000 1.88400000
v 0.32000000 1.56250000 1.91600000
v 0.32000000 1.58750000 1.88400000
v 0.32000000 1.58750000 1.91600000
v -0.32000000 1.56250000 1.95400000
v -0.32000000 1.56250000 1.98600000
v -0.32000000 1.58750000 1.95400000
v -0.32000000 1.58750000 1.98600000
v 0.32000000 1.56250000 1.95400000
v 0.32000000 1.56250000 1.98600000
v 0.32000000 1.58750000 1.95400000
v 0.32000000 1.58750000 1.98600000
v -0.89600000 1.43900000 -0.64500000
v -0.89600000 1.43900000 1.60500000
v -0.89600000 1.48100000 -0.64500000
v -0.89600000 1.48100000 1.60500000
v -0.86400000 1.43900000 -0.64500000
v -0.86400000 1.43900000 1.60500000
v -0.86400000 1.48100000 -0.64500000
v -0.86400000 1.48100000 1.60500000
v -0.91051462 1.51701302 -0.55000000
v -0.88948538 1.51701302 -0.55000000
v -0.91051462 1.48298698 -0.55000000
v -0.88948538 1.48298698 -0.55000000
v -0.90000000 1.48948538 -0.53298698
v -0.90000000 1.51051462 -0.53298698
v -0.90000000 1.48948538 -0.56701302
v -0.90000000 1.51051462 -0.56701302
v -0.88298698 1.50000000 -0.56051462
v -0.88298698 1.50000000 -0.53948538
v -0.91701302 1.50000000 -0.56051462
v -0.91701302 1.50000000 -0.53948538
v -0.90000000 1.52000000 -0.55000000
v -0.90000000 1.48000000 -0.55000000
v -0.90618034 1.48381966 -0.54000000
v -0.89381966 1.48381966 -0.54000000
v -0.90618034 1.51618034 -0.54000000
v -0.89381966 1.51618034 -0.54000000
v -0.90000000 1.50000000 -0.53000000
v -0.90618034 1.48381966 -0.56000000
v -0.89381966 1.48381966 -0.56000000
v -0.90618034 1.51618034 -0.56000000
v -0.89381966 1.51618034 -0.56000000
v -0.90000000 1.50000000 -0.57000000
v -0.88381966 1.51000000 -0.55618034
v -0.88381966 1.49000000 -0.55618034
v -0.89000000 1.49381966 -0.56618034
v -0.89000000 1.50618034 -0.56618034
v -0.88381966 1.51000000 -0.54381966
v -0.88381966 1.49000000 -0.54381966
v -0.89000000 1.49381966 -0.53381966
v -0.89000000 1.50618034 -0.53381966
v -0.88000000 1.50000000 -0.55000000
v -0.91618034 1.51000000 -0.55618034
v -0.91618034 1.49000000 -0.55618034
v -0.91000000 1.49381966 -0.56618034
v -0.91000000 1.50618034 -0.56618034
v -0.91618034 1.51000000 -0.54381966
v -0.91618034 1.49000000 -0.54381966
v -0.91000000 1.49381966 -0.53381966
v -0.91000000 1.50618034 -0.53381966
v -0.92000000 1.50000000 -0.55000000
v -0.91051462 1.51701302 -0.26428571
v -0.88948538 1.51701302 -0.26428571
v -0.91051462 1.48298698 -0.26428571
v -0.88948538 1.48298698 -0.26428571
v -0.90000000 1.48948538 -0.24727270
v -0.90000000 1.51051462 -0.24727270
v -0.90000000 1.48948538 -0.28129873
v -0.90000000 1.51051462 -0.28129873
v -0.88298698 1.50000000 -0.27480034
v -0.88298698 1.50000000 -0.25377109
v -0.91701302 1.50000000 -0.27480034
v -0.91701302 1.50000000 -0.25377109
v -0.90000000 1.52000000 -0.26428571
v -0.90000000 1.48000000 -0.26428571
v -0.90618034 1.48381966 -0.25428571
v -0.89381966 1.48381966 -0.25428571
v -0.90618034 1.51618034 -0.25428571
v -0.89381966 1.51618034 -0.25428571
v -0.90000000 1.50000000 -0.24428571
v -0.90618034 1.48381966 -0.27428571
v -0.89381966 1.48381966 -0.27428571
v -0.90618034 1.51618034 -0.27428571
v -0.89381966 1.51618034 -0.27428571
v -0.90000000 1.50000000 -0.28428571
v -0.88381966 1.51000000 -0.27046605
v -0.88381966 1.49000000 -0.27046605
v -0.89000000 1.49381966 -0.28046605
v -0.89000000 1.50618034 -0.28046605
v -0.88381966 1.51000000 -0.25810537
v -0.88381966 1.49000000 -0.25810537
v -0.89000000 1.49381966 -0.24810537
v -0.89000000 1.50618034 -0.24810537
v -0.88000000 1.50000000 -0.26428571
v -0.91618034 1.51000000 -0.27046605
v -0.91618034 1.49000000 -0.27046605
v -0.91000000 1.49381966 -0.28046605
v -0.91000000 1.50618034 -0.28046605
v -0.91618034 1.51000000 -0.25810537
v -0.91618034 1.49000000 -0.25810537
v -0.91000000 1.49381966 -0.24810537
v -0.91000000 1.50618034 -0.24810537
v -0.92000000 1.50000000 -0.26428571
v -0.91051462 1.51701302 0.02142857
v -0.88948538 1.51701302 0.02142857
v -0.91051462 1.48298698 0.02142857
v -0.88948538 1.48298698 0.02142857
v -0.90000000 1.48948538 0.03844159
v -0.90000000 1.51051462 0.03844159
v -0.90000000 1.48948538 0.00441556
v -0.90000000 1.51051462 0.00441556
v -0.88298698 1.50000000 0.01091395
v -0.88298698 1.50000000 0.03194319
v -0.91701302 1.50000000 0.01091395
v -0.91701302 1.50000000 0.03194319
v -0.90000000 1.52000000 0.02142857
v -0.90000000 1.48000000 0.02142857
v -0.90618034 1.48381966 0.03142857
v -0.89381966 1.48381966 0.03142857
v -0.90618034 1.51618034 0.03142857
v -0.89381966 1.51618034 0.03142857
v -0.90000000 1.50000000 0.04142857
v -0.90618034 1.48381966 0.01142857
v -0.89381966 1.48381966 0.01142857
v -0.90618034 1.51618034 0.01142857
v -0.89381966 1.51618034 0.01142857
v -0.90000000 1.50000000 0.00142857
v -0.88381966 1.51000000 0.01524823
v -0.88381966 1.49000000 0.01524823
v -0.89000000 1.49381966 0.00524823
v -0.89000000 1.50618034 0.00524823
v -0.88381966 1.51000000 0.02760891
v -0.88381966 1.49000000 0.02760891
v -0.89000000 1.49381966 0.03760891
v -0.89000000 1.50618034 0.03760891
v -0.88000000 1.50000000 0.02142857
v -0.91618034 1.51000000 0.01524823
v -0.91618034 1.49000000 0.01524823
v -0.91000000 1.49381966 0.00524823
v -0.91000000 1.50618034 0.00524823
v -0.91618034 1.51000000 0.02760891
v -0.91618034 1.49000000 0.02760891
v -0.91000000 1.49381966 0.03760891
v -0.91000000 1.50618034 0.03760891
v -0.92000000 1.50000000 0.02142857
v -0.91051462 1.51701302 0.30714286
v -0.88948538 1.51701302 0.30714286
v -0.91051462 1.48298698 0.30714286
v -0.88948538 1.48298698 0.30714286
v -0.90000000 1.48948538 0.32415587
v -0.90000000 1.51051462 0.32415587
v -0.90000000 1.48948538 0.29012984
v -0.90000000 1.51051462 0.29012984
v -0.88298698 1.50000000 0.29662823
v -0.88298698 1.50000000 0.31765748
v -0.91701302 1.50000000 0.29662823
v -0.91701302 1.50000000 0.31765748
v -0.90000000 1.52000000 0.30714286
v -0.90000000 1.48000000 0.30714286
v -0.90618034 1.48381966 0.31714286
v -0.89381966 1.48381966 0.31714286
v -0.90618034 1.51618034 0.31714286
v -0.89381966 1.51618034 0.31714286
v -0.90000000 1.50000000 0.32714286
v -0.90618034 1.48381966 0.29714286
v -0.89381966 1.48381966 0.29714286
v -0.90618034 1.51618034 0.29714286
v -0.89381966 1.51618034 0.29714286
v -0.90000000 1.50000000 0.28714286
v -0.88381966 1.51000000 0.30096252
v -0.88381966 1.49000000 0.30096252
v -0.89000000 1.49381966 0.29096252
v -0.89000000 1.50618034 0.29096252
v -0.88381966 1.51000000 0.31332320
v -0.88381966 1.49000000 0.31332320
v -0.89000000 1.49381966 0.32332320
v -0.89000000 1.50618034 0.32332320
v -0.88000000 1.50000000 0.30714286
v -0.91618034 1.51000000 0.30096252
v -0.91618034 1.49000000 0.30096252
v -0.91000000 1.49381966 0.29096252
v -0.91000000 1.50618034 0.29096252
v -0.91618034 1.51000000 0.31332320
v -0.91618034 1.49000000 0.31332320
v -0.91000000 1.49381966 0.32332320
v -0.91000000 1.50618034 0.32332320
v -0.92000000 1.50000000 0.30714286
v -0.91051462 1.51701302 0.59285714
v -0.88948538 1.51701302 0.59285714
v -0.91051462 1.48298698 0.59285714
v -0.88948538 1.48298698 0.59285714
v -0.90000000 1.48948538 0.60987016
v -0.90000000 1.51051462 0.60987016
v -0.90000000 1.48948538 0.57584413
v -0.90000000 1.51051462 0.57584413
v -0.88298698 1.50000000 0.58234252
v -0.88298698 1.50000000 0.60337177
v -0.91701302 1.50000000 0.58234252
v -0.91701302 1.50000000 0.60337177
v -0.90000000 1.52000000 0.59285714
v -0.90000000 1.48000000 0.59285714
v -0.90618034 1.48381966 0.60285714
v -0.89381966 1.48381966 0.60285714
v -0.90618034 1.51618034 0.60285714
v -0.89381966 1.51618034 0.60285714
v -0.90000000 1.50000000 0.61285714
v -0.90618034 1.48381966 0.58285714
v -0.89381966 1.48381966 0.58285714
v -0.90618034 1.51618034 0.58285714
v -0.89381966 1.51618034 0.58285714
v -0.90000000 1.50000000 0.57285714
v -0.88381966 1.51000000 0.58667680
v -0.88381966 1.49000000 0.58667680
v -0.89000000 1.49381966 0.57667680
v -0.89000000 1.50618034 0.57667680
v -0.88381966 1.51000000 0.59903748
v -0.88381966 1.49000000 0.59903748
v -0.89000000 1.49381966 0.60903748
v -0.89000000 1.50618034 0.60903748
v -0.88000000 1.50000000 0.59285714
v -0.91618034 1.51000000 0.58667680
v -0.91618034 1.49000000 0.58667680
v -0.91000000 1.49381966 0.57667680
v -0.91000000 1.50618034 0.57667680
v -0.91618034 1.51000000 0.59903748
v -0.91618034 1.49000000 0.59903748
v -0.91000000 1.49381966 0.60903748
v -0.91000000 1.50618034 0.60903748
v -0.92000000 1.50000000 0.59285714
v -0.91051462 1.51701302 0.87857143
v -0.88948538 1.51701302 0.87857143
v -0.91051462 1.48298698 0.87857143
v -0.88948538 1.48298698 0.87857143
v -0.90000000 1.48948538 0.89558444
v -0.90000000 1.51051462 0.89558444
v -0.90000000 1.48948538 0.86155841
v -0.90000000 1.51051462 0.86155841
v -0.88298698 1.50000000 0.86805681
v -0.88298698 1.50000000 0.88908605
v -0.91701302 1.50000000 0.86805681
v -0.91701302 1.50000000 0.88908605
v -0.90000000 1.52000000 0.87857143
v -0.90000000 1.48000000 0.87857143
v -0.90618034 1.48381966 0.88857143
v -0.89381966 1.48381966 0.88857143
v -0.90618034 1.51618034 0.88857143
v -0.89381966 1.51618034 0.88857143
v -0.90000000 1.50000000 0.89857143
v -0.90618034 1.48381966 0.86857143
v -0.89381966 1.48381966 0.86857143
v -0.90618034 1.51618034 0.86857143
v -0.89381966 1.51618034 0.86857143
v -0.90000000 1.50000000 0.85857143
v -0.88381966 1.51000000 0.87239109
v -0.88381966 1.49000000 0.87239109
v -0.89000000 1.49381966 0.86239109
v -0.89000000 1.50618034 0.86239109
v -0.88381966 1.51000000 0.88475177
v -0.88381966 1.49000000 0.88475177
v -0.89000000 1.49381966 0.89475177
v -0.89000000 1.50618034 0.89475177
v -0.88000000 1.50000000 0.87857143
v -0.91618034 1.51000000 0.87239109
v -0.91618034 1.49000000 0.87239109
v -0.91000000 1.49381966 0.86239109
v -0.91000000 1.50618034 0.86239109
v -0.91618034 1.51000000 0.88475177
v -0.91618034 1.49000000 0.88475177
v -0.91000000 1.49381966 0.89475177
v -0.91000000 1.50618034 0.89475177
v -0.92000000 1.50000000 0.87857143
v -0.91051462 1.51701302 1.16428571
v -0.88948538 1.51701302 1.16428571
v -0.91051462 1.48298698 1.16428571
v -0.88948538 1.48298698 1.16428571
v -0.90000000 1.48948538 1.18129873
v -0.90000000 1.51051462 1.18129873
v -0.90000000 1.48948538 1.14727270
v -0.90000000 1.51051462 1.14727270
v -0.88298698 1.50000000 1.15377109
v -0.88298698 1.50000000 1.17480034
v -0.91701302 1.50000000 1.15377109
v -0.91701302 1.50000000 1.17480034
v -0.90000000 1.52000000 1.16428571
v -0.90000000 1.48000000 1.16428571
v -0.90618034 1.48381966 1.17428571
v -0.89381966 1.48381966 1.17428571
v -0.90618034 1.51618034 1.17428571
v -0.89381966 1.51618034 1.17428571
v -0.90000000 1.50000000 1.18428571
v -0.90618034 1.48381966 1.15428571
v -0.89381966 1.48381966 1.15428571
v -0.90618034 1.51618034 1.15428571
v -0.89381966 1.51618034 1.15428571
v -0.90000000 1.50000000 1.14428571
v -0.88381966 1.51000000 1.15810537
v -0.88381966 1.49000000 1.15810537
v -0.89000000 1.49381966 1.14810537
v -0.89000000 1.50618034 1.14810537
v -0.88381966 1.51000000 1.17046605
v -0.88381966 1.49000000 1.17046605
v -0.89000000 1.49381966 1.18046605
v -0.89000000 1.50618034 1.18046605
v -0.88000000 1.50000000 1.16428571
v -0.91618034 1.51000000 1.15810537
v -0.91618034 1.49000000 1.15810537
v -0.91000000 1.49381966 1.14810537
v -0.91000000 1.50618034 1.14810537
v -0.91618034 1.51000000 1.17046605
v -0.91618034 1.49000000 1.17046605
v -0.91000000 1.49381966 1.18046605
v -0.91000000 1.50618034 1.18046605
v -0.92000000 1.50000000 1.16428571
v -0.91051462 1.51701302 1.45000000
v -0.88948538 1.51701302 1.45000000
v -0.91051462 1.48298698 1.45000000
v -0.88948538 1.48298698 1.45000000
v -0.90000000 1.48948538 1.46701302
v -0.90000000 1.51051462 1.46701302
v -0.90000000 1.48948538 1.43298698
v -0.90000000 1.51051462 1.43298698
v -0.88298698 1.50000000 1.43948538
v -0.88298698 1.50000000 1.46051462
v -0.91701302 1.50000000 1.43948538
v -0.91701302 1.50000000 1.46051462
v -0.90000000 1.52000000 1.45000000
v -0.90000000 1.48000000 1.45000000
v -0.90618034 1.48381966 1.46000000
v -0.89381966 1.48381966 1.46000000
v -0.90618034 1.51618034 1.46000000
v -0.89381966 1.51618034 1.46000000
v -0.90000000 1.50000000 1.47000000
v -0.90618034 1.48381966 1.44000000
v -0.89381966 1.48381966 1.44000000
v -0.90618034 1.51618034 1.44000000
v -0.89381966 1.51618034 1.44000000
v -0.90000000 1.50000000 1.43000000
v -0.88381966 1.51000000 1.44381966
v -0.88381966 1.49000000 1.44381966
v -0.89000000 1.49381966 1.43381966
v -0.89000000 1.50618034 1.43381966
v -0.88381966 1.51000000 1.45618034
v -0.88381966 1.49000000 1.45618034
v -0.89000000 1.49381966 1.46618034
v -0.89000000 1.50618034 1.46618034
v -0.88000000 1.50000000 1.45000000
v -0.91618034 1.51000000 1.44381966
v -0.91618034 1.49000000 1.44381966
v -0.91000000 1.49381966 1.43381966
v -0.91000000 1.50618034 1.43381966
v -0.91618034 1.51000000 1.45618034
v -0.91618034 1.49000000 1.45618034
v -0.91000000 1.49381966 1.46618034
v -0.91000000 1.50618034 1.46618034
v -0.92000000 1.50000000 1.45000000
v 0.86400000 1.43900000 -0.64500000
v 0.86400000 1.43900000 1.60500000
v 0.86400000 1.48100000 -0.64500000
v 0.86400000 1.48100000 1.60500000
v 0.89600000 1.43900000 -0.64500000
v 0.89600000 1.43900000 1.60500000
v 0.89600000 1.48100000 -0.64500000
v 0.89600000 1.48100000 1.60500000
v 0.88948538 1.51701302 -0.55000000
v 0.91051462 1.51701302 -0.55000000
v 0.88948538 1.48298698 -0.55000000
v 0.91051462 1.48298698 -0.55000000
v 0.90000000 1.48948538 -0.53298698
v 0.90000000 1.51051462 -0.53298698
v 0.90000000 1.48948538 -0.56701302
v 0.90000000 1.51051462 -0.56701302
v 0.91701302 1.50000000 -0.56051462
v 0.91701302 1.50000000 -0.53948538
v 0.88298698 1.50000000 -0.56051462
v 0.88298698 1.50000000 -0.53948538
v 0.90000000 1.52000000 -0.55000000
v 0.90000000 1.48000000 -0.55000000
v 0.89381966 1.48381966 -0.54000000
v 0.90618034 1.48381966 -0.54000000
v 0.89381966 1.51618034 -0.54000000
v 0.90618034 1.51618034 -0.54000000
v 0.90000000 1.50000000 -0.53000000
v 0.89381966 1.48381966 -0.56000000
v 0.90618034 1.48381966 -0.56000000
v 0.89381966 1.51618034 -0.56000000
v 0.90618034 1.51618034 -0.56000000
v 0.90000000 1.50000000 -0.57000000
v 0.91618034 1.51000000 -0.55618034
v 0.91618034 1.49000000 -0.55618034
v 0.91000000 1.49381966 -0.56618034
v 0.91000000 1.50618034 -0.56618034
v 0.91618034 1.51000000 -0.54381966
v 0.91618034 1.49000000 -0.54381966
v 0.91000000 1.49381966 -0.53381966
v 0.91000000 1.50618034 -0.53381966
v 0.92000000 1.50000000 -0.55000000
v 0.88381966 1.51000000 -0.55618034
v 0.88381966 1.49000000 -0.55618034
v 0.89000000 1.49381966 -0.56618034
v 0.89000000 1.50618034 -0.56618034
v 0.88381966 1.51000000 -0.54381966
v 0.88381966 1.49000000 -0.54381966
v 0.89000000 1.49381966 -0.53381966
v 0.89000000 1.50618034 -0.53381966
v 0.88000000 1.50000000 -0.55000000
v 0.88948538 1.51701302 -0.26428571
v 0.91051462 1.51701302 -0.26428571
v 0.88948538 1.48298698 -0.26428571
v 0.91051462 1.48298698 -0.26428571
v 0.90000000 1.48948538 -0.24727270
v 0.90000000 1.51051462 -0.24727270
v 0.90000000 1.48948538 -0.28129873
v 0.90000000 1.51051462 -0.28129873
v 0.91701302 1.50000000 -0.27480034
v 0.91701302 1.50000000 -0.25377109
v 0.88298698 1.50000000 -0.27480034
v 0.88298698 1.50000000 -0.25377109
v 0.90000000 1.52000000 -0.26428571
v 0.90000000 1.48000000 -0.26428571
v 0.89381966 1.48381966 -0.25428571
v 0.90618034 1.48381966 -0.25428571
v 0.89381966 1.51618034 -0.25428571
v 0.90618034 1.51618034 -0.25428571
v 0.90000000 1.50000000 -0.24428571
v 0.89381966 1.48381966 -0.27428571
v 0.90618034 1.48381966 -0.27428571
v 0.89381966 1.51618034 -0.27428571
v 0.90618034 1.51618034 -0.27428571
v 0.90000000 1.50000000 -0.28428571
v 0.91618034 1.51000000 -0.27046605
v 0.91618034 1.49000000 -0.27046605
v 0.91000000 1.49381966 -0.28046605
v 0.91000000 1.50618034 -0.28046605
v 0.91618034 1.51000000 -0.25810537
v 0.91618034 1.49000000 -0.25810537
v 0.91000000 1.49381966 -0.24810537
v 0.91000000 1.50618034 -0.24810537
v 0.92000000 1.50000000 -0.26428571
v 0.88381966 1.51000000 -0.27046605
v 0.88381966 1.49000000 -0.27046605
v 0.89000000 1.49381966 -0.28046605
v 0.89000000 1.50618034 -0.28046605
v 0.88381966 1.51000000 -0.25810537
v 0.88381966 1.49000000 -0.25810537
v 0.89000000 1.49381966 -0.24810537
v 0.89000000 1.50618034 -0.24810537
v 0.88000000 1.50000000 -0.26428571
v 0.88948538 1.51701302 0.02142857
v 0.91051462 1.51701302 0.02142857
v 0.88948538 1.48298698 0.02142857
v 0.91051462 1.48298698 0.02142857
v 0.90000000 1.48948538 0.03844159
v 0.90000000 1.51051462 0.03844159
v 0.90000000 1.48948538 0.00441556
v 0.90000000 1.51051462 0.00441556
v 0.91701302 1.50000000 0.01091395
v 0.91701302 1.50000000 0.03194319
v 0.88298698 1.50000000 0.01091395
v 0.88298698 1.50000000 0.03194319
v 0.90000000 1.52000000 0.02142857
v 0.90000000 1.48000000 0.02142857
v 0.89381966 1.48381966 0.03142857
v 0.90618034 1.48381966 0.03142857
v 0.89381966 1.51618034 0.03142857
v 0.90618034 1.51618034 0.03142857
v 0.90000000 1.50000000 0.04142857
v 0.89381966 1.48381966 0.01142857
v 0.90618034 1.48381966 0.01142857
v 0.89381966 1.51618034 0.01142857
v 0.90618034 1.51618034 0.01142857
v 0.90000000 1.50000000 0.00142857
v 0.91618034 1.51000000 0.01524823
v 0.91618034 1.49000000 0.01524823
v 0.91000000 1.49381966 0.00524823
v 0.91000000 1.50618034 0.00524823
v 0.91618034 1.51000000 0.02760891
v 0.91618034 1.49000000 0.02760891
v 0.91000000 1.49381966 0.03760891
v 0.91000000 1.50618034 0.03760891
v 0.92000000 1.50000000 0.02142857
v 0.88381966 1.51000000 0.01524823
v 0.88381966 1.49000000 0.01524823
v 0.89000000 1.49381966 0.00524823
v 0.89000000 1.50618034 0.00524823
v 0.88381966 1.51000000 0.02760891
v 0.88381966 1.49000000 0.02760891
v 0.89000000 1.49381966 0.03760891
v 0.89000000 1.50618034 0.03760891
v 0.88000000 1.50000000 0.02142857
v 0.88948538 1.51701302 0.30714286
v 0.91051462 1.51701302 0.30714286
v 0.88948538 1.48298698 0.30714286
v 0.91051462 1.48298698 0.30714286
v 0.90000000 1.48948538 0.32415587
v 0.90000000 1.51051462 0.32415587
v 0.90000000 1.48948538 0.29012984
v 0.90000000 1.51051462 0.29012984
v 0.91701302 1.50000000 0.29662823
v 0.91701302 1.50000000 0.31765748
v 0.88298698 1.50000000 0.29662823
v 0.88298698 1.50000000 0.31765748
v 0.90000000 1.52000000 0.30714286
v 0.90000000 1.48000000 0.30714286
v 0.89381966 1.48381966 0.31714286
v 0.90618034 1.48381966 0.31714286
v 0.89381966 1.51618034 0.31714286
v 0.90618034 1.51618034 0.31714286
v 0.90000000 1.50000000 0.32714286
v 0.89381966 1.48381966 0.29714286
v 0.90618034 1.48381966 0.29714286
v 0.89381966 1.51618034 0.29714286
v 0.90618034 1.51618034 0.29714286
v 0.90000000 1.50000000 0.28714286
v 0.91618034 1.51000000 0.30096252
v 0.91618034 1.49000000 0.30096252
v 0.91000000 1.49381966 0.29096252
v 0.91000000 1.50618034 0.29096252
v 0.91618034 1.51000000 0.31332320
v 0.91618034 1.49000000 0.31332320
v 0.91000000 1.49381966 0.32332320
v 0.91000000 1.50618034 0.32332320
v 0.92000000 1.50000000 0.30714286
v 0.88381966 1.51000000 0.30096252
v 0.88381966 1.49000000 0.30096252
v 0.89000000 1.49381966 0.29096252
v 0.89000000 1.50618034 0.29096252
v 0.88381966 1.51000000 0.31332320
v 0.88381966 1.49000000 0.31332320
v 0.89000000 1.49381966 0.32332320
v 0.89000000 1.50618034 0.32332320
v 0.88000000 1.50000000 0.30714286
v 0.88948538 1.51701302 0.59285714
v 0.91051462 1.51701302 0.59285714
v 0.88948538 1.48298698 0.59285714
v 0.91051462 1.48298698 0.59285714
v 0.90000000 1.48948538 0.60987016
v 0.90000000 1.51051462 0.60987016
v 0.90000000 1.48948538 0.57584413
v 0.90000000 1.51051462 0.57584413
v 0.91701302 1.50000000 0.58234252
v 0.91701302 1.50000000 0.60337177
v 0.88298698 1.50000000 0.58234252
v 0.88298698 1.50000000 0.60337177
v 0.90000000 1.52000000 0.59285714
v 0.90000000 1.48000000 0.59285714
v 0.89381966 1.48381966 0.60285714
v 0.90618034 1.48381966 0.60285714
v 0.89381966 1.51618034 0.60285714
v 0.90618034 1.51618034 0.60285714
v 0.90000000 1.50000000 0.61285714
v 0.89381966 1.48381966 0.58285714
v 0.90618034 1.48381966 0.58285714
v 0.89381966 1.51618034 0.58285714
v 0.90618034 1.51618034 0.58285714
v 0.90000000 1.50000000 0.57285714
v 0.91618034 1.51000000 0.58667680
v 0.91618034 1.49000000 0.58667680
v 0.91000000 1.49381966 0.57667680
v 0.91000000 1.50618034 0.57667680
v 0.91618034 1.51000000 0.59903748
v 0.91618034 1.49000000 0.59903748
v 0.91000000 1.49381966 0.60903748
v 0.91000000 1.50618034 0.60903748
v 0.92000000 1.50000000 0.59285714
v 0.88381966 1.51000000 0.58667680
v 0.88381966 1.49000000 0.58667680
v 0.89000000 1.49381966 0.57667680
v 0.89000000 1.50618034 0.57667680
v 0.88381966 1.51000000 0.59903748
v 0.88381966 1.49000000 0.59903748
v 0.89000000 1.49381966 0.60903748
v 0.89000000 1.50618034 0.60903748
v 0.88000000 1.50000000 0.59285714
v 0.88948538 1.51701302 0.87857143
v 0.91051462 1.51701302 0.87857143
v 0.88948538 1.48298698 0.87857143
v 0.91051462 1.48298698 0.87857143
v 0.90000000 1.48948538 0.89558444
v 0.90000000 1.51051462 0.89558444
v 0.90000000 1.48948538 0.86155841
v 0.90000000 1.51051462 0.86155841
v 0.91701302 1.50000000 0.86805681
v 0.91701302 1.50000000 0.88908605
v 0.88298698 1.50000000 0.86805681
v 0.88298698 1.50000000 0.88908605
v 0.90000000 1.52000000 0.87857143
v 0.90000000 1.48000000 0.87857143
v 0.89381966 1.48381966 0.88857143
v 0.90618034 1.48381966 0.88857143
v 0.89381966 1.51618034 0.88857143
v 0.90618034 1.51618034 0.88857143
v 0.90000000 1.50000000 0.89857143
v 0.89381966 1.48381966 0.86857143
v 0.90618034 1.48381966 0.86857143
v 0.89381966 1.51618034 0.86857143
v 0.90618034 1.51618034 0.86857143
v 0.90000000 1.50000000 0.85857143
v 0.91618034 1.51000000 0.87239109
v 0.91618034 1.49000000 0.87239109
v 0.91000000 1.49381966 0.86239109
v 0.91000000 1.50618034 0.86239109
v 0.91618034 1.51000000 0.88475177
v 0.91618034 1.49000000 0.88475177
v 0.91000000 1.49381966 0.89475177
v 0.91000000 1.50618034 0.89475177
v 0.92000000 1.50000000 0.87857143
v 0.88381966 1.51000000 0.87239109
v 0.88381966 1.49000000 0.87239109
v 0.89000000 1.49381966 0.86239109
v 0.89000000 1.50618034 0.86239109
v 0.88381966 1.51000000 0.88475177
v 0.88381966 1.49000000 0.88475177
v 0.89000000 1.49381966 0.89475177
v 0.89000000 1.50618034 0.89475177
v 0.88000000 1.50000000 0.87857143
v 0.88948538 1.51701302 1.16428571
v 0.91051462 1.51701302 1.16428571
v 0.88948538 1.48298698 1.16428571
v 0.91051462 1.48298698 1.16428571
v 0.90000000 1.48948538 1.18129873
v 0.90000000 1.51051462 1.18129873
v 0.90000000 1.48948538 1.14727270
v 0.90000000 1.51051462 1.14727270
v 0.91701302 1.50000000 1.15377109
v 0.91701302 1.50000000 1.17480034
v 0.88298698 1.50000000 1.15377109
v 0.88298698 1.50000000 1.17480034
v 0.90000000 1.52000000 1.16428571
v 0.90000000 1.48000000 1.16428571
v 0.89381966 1.48381966 1.17428571
v 0.90618034 1.48381966 1.17428571
v 0.89381966 1.51618034 1.17428571
v 0.90618034 1.51618034 1.17428571
v 0.90000000 1.50000000 1.18428571
v 0.89381966 1.48381966 1.15428571
v 0.90618034 1.48381966 1.15428571
v 0.89381966 1.51618034 1.15428571
v 0.90618034 1.51618034 1.15428571
v 0.90000000 1.50000000 1.14428571
v 0.91618034 1.51000000 1.15810537
v 0.91618034 1.49000000 1.15810537
v 0.91000000 1.49381966 1.14810537
v 0.91000000 1.50618034 1.14810537
v 0.91618034 1.51000000 1.17046605
v 0.91618034 1.49000000 1.17046605
v 0.91000000 1.49381966 1.18046605
v 0.91000000 1.50618034 1.18046605
v 0.92000000 1.50000000 1.16428571
v 0.88381966 1.51000000 1.15810537
v 0.88381966 1.49000000 1.15810537
v 0.89000000 1.49381966 1.14810537
v 0.89000000 1.50618034 1.14810537
v 0.88381966 1.51000000 1.17046605
v 0.88381966 1.49000000 1.17046605
v 0.89000000 1.49381966 1.18046605
v 0.89000000 1.50618034 1.18046605
v 0.88000000 1.50000000 1.16428571
v 0.88948538 1.51701302 1.45000000
v 0.91051462 1.51701302 1.45000000
v 0.88948538 1.48298698 1.45000000
v 0.91051462 1.48298698 1.45000000
v 0.90000000 1.48948538 1.46701302
v 0.90000000 1.51051462 1.46701302
v 0.90000000 1.48948538 1.43298698
v 0.90000000 1.51051462 1.43298698
v 0.91701302 1.50000000 1.43948538
v 0.91701302 1.50000000 1.46051462
v 0.88298698 1.50000000 1.43948538
v 0.88298698 1.50000000 1.46051462
v 0.90000000 1.52000000 1.45000000
v 0.90000000 1.48000000 1.45000000
v 0.89381966 1.48381966 1.46000000
v 0.90618034 1.48381966 1.46000000
v 0.89381966 1.51618034 1.46000000
v 0.90618034 1.51618034 1.46000000
v 0.90000000 1.50000000 1.47000000
v 0.89381966 1.48381966 1.44000000
v 0.90618034 1.48381966 1.44000000
v 0.89381966 1.51618034 1.44000000
v 0.90618034 1.51618034 1.44000000
v 0.90000000 1.50000000 1.43000000
v 0.91618034 1.51000000 1.44381966
v 0.91618034 1.49000000 1.44381966
v 0.91000000 1.49381966 1.43381966
v 0.91000000 1.50618034 1.43381966
v 0.91618034 1.51000000 1.45618034
v 0.91618034 1.49000000 1.45618034
v 0.91000000 1.49381966 1.46618034
v 0.91000000 1.50618034 1.46618034
v 0.92000000 1.50000000 1.45000000
v 0.88381966 1.51000000 1.44381966
v 0.88381966 1.49000000 1.44381966
v 0.89000000 1.49381966 1.43381966
v 0.89000000 1.50618034 1.43381966
v 0.88381966 1.51000000 1.45618034
v 0.88381966 1.49000000 1.45618034
v 0.89000000 1.49381966 1.46618034
v 0.89000000 1.50618034 1.46618034
v 0.88000000 1.50000000 1.45000000
v -0.40500000 1.18750000 -1.36500000
v -0.40500000 1.18750000 -1.31500000
v -0.40500000 1.22250000 -1.36500000
v -0.40500000 1.22250000 -1.31500000
v -0.27500000 1.18750000 -1.36500000
v -0.27500000 1.18750000 -1.31500000
v -0.27500000 1.22250000 -1.36500000
v -0.27500000 1.22250000 -1.31500000
v 0.27500000 1.18750000 -1.36500000
v 0.27500000 1.18750000 -1.31500000
v 0.27500000 1.22250000 -1.36500000
v 0.27500000 1.22250000 -1.31500000
v 0.40500000 1.18750000 -1.36500000
v 0.40500000 1.18750000 -1.31500000
v 0.40500000 1.22250000 -1.36500000
v 0.40500000 1.22250000 -1.31500000
v -0.86000000 1.20000000 -1.76750000
v -0.78500000 1.20000000 -1.76750000
v -0.78500000 1.20000000 -1.69250000
v -0.86000000 1.20000000 -1.69250000
v -0.79070904 1.22870126 -1.76750000
v -0.79070904 1.22870126 -1.69250000
v -0.80696699 1.25303301 -1.76750000
v -0.80696699 1.25303301 -1.69250000
v -0.83129874 1.26929096 -1.76750000
v -0.83129874 1.26929096 -1.69250000
v -0.86000000 1.27500000 -1.76750000
v -0.86000000 1.27500000 -1.69250000
v -0.88870126 1.26929096 -1.76750000
v -0.88870126 1.26929096 -1.69250000
v -0.91303301 1.25303301 -1.76750000
v -0.91303301 1.25303301 -1.69250000
v -0.92929096 1.22870126 -1.76750000
v -0.92929096 1.22870126 -1.69250000
v -0.93500000 1.20000000 -1.76750000
v -0.93500000 1.20000000 -1.69250000
v -0.92929096 1.17129874 -1.76750000
v -0.92929096 1.17129874 -1.69250000
v -0.91303301 1.14696699 -1.76750000
v -0.91303301 1.14696699 -1.69250000
v -0.88870126 1.13070904 -1.76750000
v -0.88870126 1.13070904 -1.69250000
v -0.86000000 1.12500000 -1.76750000
v -0.86000000 1.12500000 -1.69250000
v -0.83129874 1.13070904 -1.76750000
v -0.83129874 1.13070904 -1.69250000
v -0.80696699 1.14696699 -1.76750000
v -0.80696699 1.14696699 -1.69250000
v -0.79070904 1.17129874 -1.76750000
v -0.79070904 1.17129874 -1.69250000
v 0.86000000 1.20000000 -1.76750000
v 0.93500000 1.20000000 -1.76750000
v 0.93500000 1.20000000 -1.69250000
v 0.86000000 1.20000000 -1.69250000
v 0.92929096 1.22870126 -1.76750000
v 0.92929096 1.22870126 -1.69250000
v 0.91303301 1.25303301 -1.76750000
v 0.91303301 1.25303301 -1.69250000
v 0.88870126 1.26929096 -1.76750000
v 0.88870126 1.26929096 -1.69250000
v 0.86000000 1.27500000 -1.76750000
v 0.86000000 1.27500000 -1.69250000
v 0.83129874 1.26929096 -1.76750000
v 0.83129874 1.26929096 -1.69250000
v 0.80696699 1.25303301 -1.76750000
v 0.80696699 1.25303301 -1.69250000
v 0.79070904 1.22870126 -1.76750000
v 0.79070904 1.22870126 -1.69250000
v 0.78500000 1.20000000 -1.76750000
v 0.78500000 1.20000000 -1.69250000
v 0.79070904 1.17129874 -1.76750000
v 0.79070904 1.17129874 -1.69250000
v 0.80696699 1.14696699 -1.76750000
v 0.80696699 1.14696699 -1.69250000
v 0.83129874 1.13070904 -1.76750000
v 0.83129874 1.13070904 -1.69250000
v 0.86000000 1.12500000 -1.76750000
v 0.86000000 1.12500000 -1.69250000
v 0.88870126 1.13070904 -1.76750000
v 0.88870126 1.13070904 -1.69250000
v 0.91303301 1.14696699 -1.76750000
v 0.91303301 1.14696699 -1.69250000
v 0.92929096 1.17129874 -1.76750000
v 0.92929096 1.17129874 -1.69250000
vt 0.90523618 0.23160195
vt 0.90523624 0.40425986
vt 0.71339417 0.40425986
vt 0.71339411 0.23160201
vt 0.71339411 0.11649674
vt 0.90523618 0.11649674
vt 0.90523612 0.44262826
vt 0.71339417 0.44262826
vt 0.90523612 0.57131976
vt 0.94360453 0.11649674
vt 0.94360453 0.23160201
vt 0.22599250 0.64663911
vt 0.71339411 0.07812834
vt 0.71339411 0.02057576
vt 0.90523618 0.02057576
vt 0.65584147 0.44262826
vt 0.71339417 0.57131988
vt 0.67502564 0.23160201
vt 0.22608900 0.85008901
vt 0.96278876 0.44262826
vt 0.22599244 0.70419168
vt 0.26436085 0.70419168
vt 0.97440583 0.23160201
vt 0.97440588 0.40425986
vt 0.97440583 0.23160201
vt 0.90523618 0.07812834
vt 0.90523618 0.07812834
vt 0.67502564 0.11649674
vt 0.67502564 0.11649674
vt 0.22608888 0.79253632
vt 0.26445735 0.79253644
vt 0.64422458 0.23160207
vt 0.64422452 0.40425986
vt 0.64422458 0.23160207
vt 0.82999998 0.56000000
vt 0.82999998 0.55796039
vt 0.82999998 0.55262053
vt 0.82999998 0.54602021
vt 0.82999998 0.54068041
vt 0.82999998 0.53864074
vt 0.82999998 0.54068041
vt 0.82999998 0.54602021
vt 0.82999998 0.55262053
vt 0.82999998 0.55796039
vt 0.84910131 0.55848074
vt 0.84871173 0.55647212
vt 0.84769171 0.55121344
vt 0.84643096 0.54471338
vt 0.84541100 0.53945470
vt 0.84502143 0.53744602
vt 0.84541100 0.53945470
vt 0.84643096 0.54471338
vt 0.84769171 0.55121344
vt 0.84871173 0.55647212
vt 0.86762220 0.55396926
vt 0.86685485 0.55205262
vt 0.86484593 0.54703486
vt 0.86236268 0.54083252
vt 0.86035377 0.53581476
vt 0.85958642 0.53389812
vt 0.86035377 0.53581476
vt 0.86236268 0.54083252
vt 0.86484593 0.54703486
vt 0.86685485 0.55205262
vt 0.88499999 0.54660255
vt 0.88387823 0.54483616
vt 0.88094133 0.54021180
vt 0.87731111 0.53449571
vt 0.87437421 0.52987128
vt 0.87325245 0.52810490
vt 0.87437421 0.52987128
vt 0.87731111 0.53449571
vt 0.88094133 0.54021180
vt 0.88387823 0.54483616
vt 0.90070665 0.53660440
vt 0.89926451 0.53504199
vt 0.89548892 0.53095150
vt 0.89082199 0.52589530
vt 0.88704640 0.52180481
vt 0.88560426 0.52024233
vt 0.88704640 0.52180481
vt 0.89082199 0.52589530
vt 0.89548892 0.53095150
vt 0.89926451 0.53504199
vt 0.91426492 0.52427876
vt 0.91254622 0.52296770
vt 0.90804660 0.51953536
vt 0.90248483 0.51529276
vt 0.89798528 0.51186037
vt 0.89626658 0.51054931
vt 0.89798528 0.51186037
vt 0.90248483 0.51529276
vt 0.90804660 0.51953536
vt 0.91254622 0.52296770
vt 0.92526281 0.50999999
vt 0.92331982 0.50898015
vt 0.91823292 0.50631028
vt 0.91194522 0.50301009
vt 0.90685838 0.50034022
vt 0.90491539 0.49932039
vt 0.90685838 0.50034022
vt 0.91194522 0.50301009
vt 0.91823292 0.50631028
vt 0.92331982 0.50898015
vt 0.93336618 0.49420202
vt 0.93125790 0.49350441
vt 0.92573833 0.49167812
vt 0.91891581 0.48942065
vt 0.91339624 0.48759431
vt 0.91128796 0.48689675
vt 0.91339624 0.48759431
vt 0.91891581 0.48942065
vt 0.92573833 0.49167812
vt 0.93125790 0.49350441
vt 0.93832886 0.47736484
vt 0.93611938 0.47701067
vt 0.93033481 0.47608340
vt 0.92318469 0.47493726
vt 0.91740018 0.47400999
vt 0.91519064 0.47365582
vt 0.91740018 0.47400999
vt 0.92318469 0.47493726
vt 0.93033481 0.47608340
vt 0.93611938 0.47701067
vt 0.94000000 0.45999998
vt 0.93775642 0.45999998
vt 0.93188262 0.45999998
vt 0.92462224 0.45999998
vt 0.91874844 0.45999998
vt 0.91650486 0.45999998
vt 0.91874844 0.45999998
vt 0.92462224 0.45999998
vt 0.93188262 0.45999998
vt 0.93775642 0.45999998
vt 0.93832886 0.44263518
vt 0.93611938 0.44298935
vt 0.93033481 0.44391662
vt 0.92318469 0.44506276
vt 0.91740018 0.44598997
vt 0.91519064 0.44634420
vt 0.91740018 0.44598997
vt 0.92318469 0.44506276
vt 0.93033481 0.44391662
vt 0.93611938 0.44298935
vt 0.93336618 0.42579800
vt 0.93125790 0.42649555
vt 0.92573833 0.42832190
vt 0.91891581 0.43057936
vt 0.91339624 0.43240565
vt 0.91128796 0.43310326
vt 0.91339624 0.43240565
vt 0.91891581 0.43057936
vt 0.92573833 0.42832190
vt 0.93125790 0.42649555
vt 0.92526281 0.41000003
vt 0.92331982 0.41101980
vt 0.91823292 0.41368973
vt 0.91194522 0.41698992
vt 0.90685838 0.41965979
vt 0.90491539 0.42067963
vt 0.90685838 0.41965979
vt 0.91194522 0.41698992
vt 0.91823292 0.41368973
vt 0.92331982 0.41101980
vt 0.91426492 0.39572126
vt 0.91254622 0.39703226
vt 0.90804660 0.40046465
vt 0.90248483 0.40470725
vt 0.89798528 0.40813965
vt 0.89626658 0.40945071
vt 0.89798528 0.40813965
vt 0.90248483 0.40470725
vt 0.90804660 0.40046465
vt 0.91254622 0.39703226
vt 0.90070665 0.38339555
vt 0.89926451 0.38495797
vt 0.89548892 0.38904852
vt 0.89082199 0.39410472
vt 0.88704640 0.39819521
vt 0.88560426 0.39975768
vt 0.88704640 0.39819521
vt 0.89082199 0.39410472
vt 0.89548892 0.38904852
vt 0.89926451 0.38495797
vt 0.88499999 0.37339747
vt 0.88387823 0.37516385
vt 0.88094133 0.37978822
vt 0.87731111 0.38550431
vt 0.87437421 0.39012873
vt 0.87325245 0.39189512
vt 0.87437421 0.39012873
vt 0.87731111 0.38550431
vt 0.88094133 0.37978822
vt 0.88387823 0.37516385
vt 0.86762220 0.36603075
vt 0.86685485 0.36794734
vt 0.86484593 0.37296516
vt 0.86236268 0.37916744
vt 0.86035377 0.38418519
vt 0.85958642 0.38610184
vt 0.86035377 0.38418519
vt 0.86236268 0.37916744
vt 0.86484593 0.37296516
vt 0.86685485 0.36794734
vt 0.84910131 0.36151922
vt 0.84871173 0.36352783
vt 0.84769171 0.36878657
vt 0.84643096 0.37528664
vt 0.84541100 0.38054532
vt 0.84502143 0.38255394
vt 0.84541100 0.38054532
vt 0.84643096 0.37528664
vt 0.84769171 0.36878657
vt 0.84871173 0.36352783
vt 0.82999998 0.36000001
vt 0.82999998 0.36203963
vt 0.82999998 0.36737943
vt 0.82999998 0.37397981
vt 0.82999998 0.37931961
vt 0.82999998 0.38135922
vt 0.82999998 0.37931961
vt 0.82999998 0.37397981
vt 0.82999998 0.36737943
vt 0.82999998 0.36203963
vt 0.81089872 0.36151922
vt 0.81128830 0.36352783
vt 0.81230825 0.36878657
vt 0.81356901 0.37528664
vt 0.81458902 0.38054532
vt 0.81497860 0.38255394
vt 0.81458902 0.38054532
vt 0.81356901 0.37528664
vt 0.81230825 0.36878657
vt 0.81128830 0.36352783
vt 0.79237777 0.36603075
vt 0.79314512 0.36794734
vt 0.79515409 0.37296516
vt 0.79763728 0.37916744
vt 0.79964626 0.38418519
vt 0.80041361 0.38610184
vt 0.79964626 0.38418519
vt 0.79763728 0.37916744
vt 0.79515409 0.37296516
vt 0.79314512 0.36794734
vt 0.77499998 0.37339747
vt 0.77612180 0.37516385
vt 0.77905869 0.37978822
vt 0.78268892 0.38550431
vt 0.78562576 0.39012873
vt 0.78674757 0.39189512
vt 0.78562576 0.39012873
vt 0.78268892 0.38550431
vt 0.77905869 0.37978822
vt 0.77612180 0.37516385
vt 0.75929338 0.38339555
vt 0.76073551 0.38495797
vt 0.76451111 0.38904852
vt 0.76917803 0.39410472
vt 0.77295363 0.39819521
vt 0.77439576 0.39975768
vt 0.77295363 0.39819521
vt 0.76917803 0.39410472
vt 0.76451111 0.38904852
vt 0.76073551 0.38495797
vt 0.74573511 0.39572126
vt 0.74745381 0.39703226
vt 0.75195336 0.40046465
vt 0.75751519 0.40470725
vt 0.76201475 0.40813965
vt 0.76373345 0.40945071
vt 0.76201475 0.40813965
vt 0.75751519 0.40470725
vt 0.75195336 0.40046465
vt 0.74745381 0.39703226
vt 0.73473722 0.41000003
vt 0.73668021 0.41101980
vt 0.74176705 0.41368973
vt 0.74805474 0.41698992
vt 0.75314158 0.41965979
vt 0.75508457 0.42067963
vt 0.75314158 0.41965979
vt 0.74805474 0.41698992
vt 0.74176705 0.41368973
vt 0.73668021 0.41101980
vt 0.72663379 0.42579800
vt 0.72874212 0.42649555
vt 0.73426163 0.42832190
vt 0.74108422 0.43057936
vt 0.74660373 0.43240565
vt 0.74871200 0.43310326
vt 0.74660373 0.43240565
vt 0.74108422 0.43057936
vt 0.73426163 0.42832190
vt 0.72874212 0.42649555
vt 0.72167116 0.44263518
vt 0.72388065 0.44298935
vt 0.72966522 0.44391662
vt 0.73681527 0.44506276
vt 0.74259984 0.44598997
vt 0.74480933 0.44634420
vt 0.74259984 0.44598997
vt 0.73681527 0.44506276
vt 0.72966522 0.44391662
vt 0.72388065 0.44298935
vt 0.72000003 0.45999998
vt 0.72224361 0.45999998
vt 0.72811735 0.45999998
vt 0.73537779 0.45999998
vt 0.74125159 0.45999998
vt 0.74349517 0.45999998
vt 0.74125159 0.45999998
vt 0.73537779 0.45999998
vt 0.72811735 0.45999998
vt 0.72224361 0.45999998
vt 0.72167116 0.47736484
vt 0.72388065 0.47701067
vt 0.72966522 0.47608340
vt 0.73681527 0.47493726
vt 0.74259984 0.47400999
vt 0.74480933 0.47365582
vt 0.74259984 0.47400999
vt 0.73681527 0.47493726
vt 0.72966522 0.47608340
vt 0.72388065 0.47701067
vt 0.72663379 0.49420202
vt 0.72874212 0.49350441
vt 0.73426163 0.49167812
vt 0.74108422 0.48942065
vt 0.74660373 0.48759431
vt 0.74871200 0.48689675
vt 0.74660373 0.48759431
vt 0.74108422 0.48942065
vt 0.73426163 0.49167812
vt 0.72874212 0.49350441
vt 0.73473722 0.50999999
vt 0.73668021 0.50898015
vt 0.74176705 0.50631028
vt 0.74805474 0.50301009
vt 0.75314158 0.50034022
vt 0.75508457 0.49932039
vt 0.75314158 0.50034022
vt 0.74805474 0.50301009
vt 0.74176705 0.50631028
vt 0.73668021 0.50898015
vt 0.74573511 0.52427876
vt 0.74745381 0.52296770
vt 0.75195336 0.51953536
vt 0.75751519 0.51529276
vt 0.76201475 0.51186037
vt 0.76373345 0.51054931
vt 0.76201475 0.51186037
vt 0.75751519 0.51529276
vt 0.75195336 0.51953536
vt 0.74745381 0.52296770
vt 0.75929338 0.53660440
vt 0.76073551 0.53504199
vt 0.76451111 0.53095150
vt 0.76917803 0.52589530
vt 0.77295363 0.52180481
vt 0.77439576 0.52024233
vt 0.77295363 0.52180481
vt 0.76917803 0.52589530
vt 0.76451111 0.53095150
vt 0.76073551 0.53504199
vt 0.77499998 0.54660255
vt 0.77612180 0.54483616
vt 0.77905869 0.54021180
vt 0.78268892 0.53449571
vt 0.78562576 0.52987128
vt 0.78674757 0.52810490
vt 0.78562576 0.52987128
vt 0.78268892 0.53449571
vt 0.77905869 0.54021180
vt 0.77612180 0.54483616
vt 0.79237777 0.55396926
vt 0.79314512 0.55205262
vt 0.79515409 0.54703486
vt 0.79763728 0.54083252
vt 0.79964626 0.53581476
vt 0.80041361 0.53389812
vt 0.79964626 0.53581476
vt 0.79763728 0.54083252
vt 0.79515409 0.54703486
vt 0.79314512 0.55205262
vt 0.81089872 0.55848074
vt 0.81128830 0.55647212
vt 0.81230825 0.55121344
vt 0.81356901 0.54471338
vt 0.81458902 0.53945470
vt 0.81497860 0.53744602
vt 0.81458902 0.53945470
vt 0.81356901 0.54471338
vt 0.81230825 0.55121344
vt 0.81128830 0.55647212
vt 0.82999998 0.45999998
vt 0.94000000 0.45999998
vt 0.94000000 0.45999998
vt 0.82999998 0.45999998
vt 0.93788636 0.47950906
vt 0.93788636 0.47950906
vt 0.93162674 0.49826837
vt 0.93162674 0.49826837
vt 0.92146164 0.51555705
vt 0.92146164 0.51555705
vt 0.90778172 0.53071070
vt 0.90778172 0.53071070
vt 0.89111274 0.54314697
vt 0.89111274 0.54314697
vt 0.87209517 0.55238795
vt 0.87209517 0.55238795
vt 0.85145992 0.55807853
vt 0.85145992 0.55807853
vt 0.82999998 0.56000000
vt 0.82999998 0.56000000
vt 0.80854005 0.55807853
vt 0.80854005 0.55807853
vt 0.78790480 0.55238795
vt 0.78790480 0.55238795
vt 0.76888728 0.54314697
vt 0.76888728 0.54314697
vt 0.75221825 0.53071070
vt 0.75221825 0.53071070
vt 0.73853832 0.51555705
vt 0.73853832 0.51555705
vt 0.72837323 0.49826837
vt 0.72837323 0.49826837
vt 0.72211361 0.47950906
vt 0.72211361 0.47950906
vt 0.72000003 0.45999998
vt 0.72000003 0.45999998
vt 0.72211361 0.44049096
vt 0.72211361 0.44049096
vt 0.72837323 0.42173165
vt 0.72837323 0.42173165
vt 0.73853832 0.40444297
vt 0.73853832 0.40444297
vt 0.75221825 0.38928932
vt 0.75221825 0.38928932
vt 0.76888728 0.37685305
vt 0.76888728 0.37685305
vt 0.78790480 0.36761206
vt 0.78790480 0.36761206
vt 0.80854005 0.36192149
vt 0.80854005 0.36192149
vt 0.82999998 0.36000001
vt 0.82999998 0.36000001
vt 0.85145992 0.36192149
vt 0.85145992 0.36192149
vt 0.87209517 0.36761206
vt 0.87209517 0.36761206
vt 0.89111274 0.37685305
vt 0.89111274 0.37685305
vt 0.90778172 0.38928932
vt 0.90778172 0.38928932
vt 0.92146164 0.40444297
vt 0.92146164 0.40444297
vt 0.93162674 0.42173165
vt 0.93162674 0.42173165
vt 0.93788636 0.44049096
vt 0.93788636 0.44049096
vt 0.72000003 0.36000001
vt 0.94000000 0.36000001
vt 0.72000003 0.36000001
vt 0.94000000 0.36000001
vt 0.72000003 0.56000000
vt 0.94000000 0.56000000
vt 0.72000003 0.56000000
vt 0.94000000 0.56000000
vt 0.72000003 0.36000001
vt 0.94000000 0.36000001
vt 0.72000003 0.36000001
vt 0.94000000 0.36000001
vt 0.72000003 0.56000000
vt 0.94000000 0.56000000
vt 0.72000003 0.56000000
vt 0.94000000 0.56000000
vt 0.72871614 0.36000001
vt 0.94000000 0.36000001
vt 0.72000003 0.36000001
vt 0.93128383 0.36000001
vt 0.72871614 0.56000000
vt 0.94000000 0.56000000
vt 0.72000003 0.56000000
vt 0.93128383 0.56000000
vt 0.72254676 0.36000001
vt 0.94000000 0.36000001
vt 0.72000003 0.36000001
vt 0.93745327 0.36000001
vt 0.72254676 0.56000000
vt 0.94000000 0.56000000
vt 0.72000003 0.56000000
vt 0.93745327 0.56000000
vt 0.72000003 0.36000001
vt 0.72000003 0.56000000
vt 0.94000000 0.36000001
vt 0.94000000 0.56000000
vt 0.72000003 0.36000001
vt 0.72000003 0.56000000
vt 0.94000000 0.36000001
vt 0.94000000 0.56000000
vt 0.72000003 0.36000001
vt 0.72000003 0.56000000
vt 0.94000000 0.36000001
vt 0.94000000 0.56000000
vt 0.72000003 0.36000001
vt 0.72000003 0.56000000
vt 0.94000000 0.36000001
vt 0.94000000 0.56000000
vt 0.72000003 0.36000001
vt 0.72000003 0.56000000
vt 0.94000000 0.36000001
vt 0.94000000 0.56000000
vt 0.72000003 0.36000001
vt 0.72000003 0.56000000
vt 0.94000000 0.36000001
vt 0.94000000 0.56000000
vt 0.72000003 0.36000001
vt 0.72000003 0.56000000
vt 0.94000000 0.36000001
vt 0.94000000 0.56000000
vt 0.72000003 0.36000001
vt 0.72000003 0.56000000
vt 0.94000000 0.36000001
vt 0.94000000 0.56000000
vt 0.72000003 0.36000001
vt 0.72000003 0.56000000
vt 0.72000003 0.36000001
vt 0.72000003 0.56000000
vt 0.94000000 0.36000001
vt 0.94000000 0.56000000
vt 0.94000000 0.36000001
vt 0.94000000 0.56000000
vt 0.72000003 0.36000001
vt 0.72000003 0.56000000
vt 0.72000003 0.36000001
vt 0.72000003 0.56000000
vt 0.94000000 0.36000001
vt 0.94000000 0.56000000
vt 0.94000000 0.36000001
vt 0.94000000 0.56000000
vt 0.72000003 0.36000001
vt 0.72000003 0.56000000
vt 0.72000003 0.36000001
vt 0.72000003 0.56000000
vt 0.94000000 0.36000001
vt 0.94000000 0.56000000
vt 0.94000000 0.36000001
vt 0.94000000 0.56000000
vt 0.72000003 0.36000001
vt 0.72000003 0.56000000
vt 0.72000003 0.36000001
vt 0.72000003 0.56000000
vt 0.94000000 0.36000001
vt 0.94000000 0.56000000
vt 0.94000000 0.36000001
vt 0.94000000 0.56000000
vt 0.72000003 0.36000001
vt 0.72000003 0.56000000
vt 0.72000003 0.36000001
vt 0.72000003 0.56000000
vt 0.94000000 0.36000001
vt 0.94000000 0.56000000
vt 0.94000000 0.36000001
vt 0.94000000 0.56000000
vt 0.72000003 0.36000001
vt 0.72000003 0.56000000
vt 0.72000003 0.36000001
vt 0.72000003 0.56000000
vt 0.94000000 0.36000001
vt 0.94000000 0.56000000
vt 0.94000000 0.36000001
vt 0.94000000 0.56000000
vt 0.72000003 0.36000001
vt 0.72000003 0.56000000
vt 0.72000003 0.36000001
vt 0.72000003 0.56000000
vt 0.94000000 0.36000001
vt 0.94000000 0.56000000
vt 0.94000000 0.36000001
vt 0.94000000 0.56000000
vt 0.72000003 0.36000001
vt 0.94000000 0.36000001
vt 0.72000003 0.36000001
vt 0.94000000 0.36000001
vt 0.72000003 0.56000000
vt 0.94000000 0.56000000
vt 0.72000003 0.56000000
vt 0.94000000 0.56000000
vt 0.72000003 0.36000001
vt 0.94000000 0.36000001
vt 0.72000003 0.36000001
vt 0.94000000 0.36000001
vt 0.72000003 0.56000000
vt 0.94000000 0.56000000
vt 0.72000003 0.56000000
vt 0.94000000 0.56000000
vt 0.72000003 0.36000001
vt 0.94000000 0.36000001
vt 0.72000003 0.36000001
vt 0.94000000 0.36000001
vt 0.72000003 0.56000000
vt 0.94000000 0.56000000
vt 0.72000003 0.56000000
vt 0.94000000 0.56000000
vt 0.72000003 0.36000001
vt 0.94000000 0.36000001
vt 0.72000003 0.36000001
vt 0.94000000 0.36000001
vt 0.72000003 0.56000000
vt 0.94000000 0.56000000
vt 0.72000003 0.56000000
vt 0.94000000 0.56000000
vt 0.72000003 0.36000001
vt 0.94000000 0.36000001
vt 0.72000003 0.36000001
vt 0.94000000 0.36000001
vt 0.72000003 0.56000000
vt 0.94000000 0.56000000
vt 0.72000003 0.56000000
vt 0.94000000 0.56000000
vt 0.72000003 0.36000001
vt 0.94000000 0.36000001
vt 0.72000003 0.36000001
vt 0.94000000 0.36000001
vt 0.72000003 0.56000000
vt 0.94000000 0.56000000
vt 0.72000003 0.56000000
vt 0.94000000 0.56000000
vt 0.72000003 0.36000001
vt 0.72000003 0.56000000
vt 0.72000003 0.36000001
vt 0.72000003 0.56000000
vt 0.94000000 0.36000001
vt 0.94000000 0.56000000
vt 0.94000000 0.36000001
vt 0.94000000 0.56000000
vt 0.72000003 0.36000001
vt 0.72000003 0.56000000
vt 0.72000003 0.36000001
vt 0.72000003 0.56000000
vt 0.94000000 0.36000001
vt 0.94000000 0.56000000
vt 0.94000000 0.36000001
vt 0.94000000 0.56000000
vt 0.72000003 0.36000001
vt 0.72000003 0.56000000
vt 0.72000003 0.36000001
vt 0.72000003 0.56000000
vt 0.94000000 0.36000001
vt 0.94000000 0.56000000
vt 0.94000000 0.36000001
vt 0.94000000 0.56000000
vt 0.72000003 0.36000001
vt 0.72000003 0.56000000
vt 0.72000003 0.36000001
vt 0.72000003 0.56000000
vt 0.94000000 0.36000001
vt 0.94000000 0.56000000
vt 0.94000000 0.36000001
vt 0.94000000 0.56000000
vt 0.72000003 0.36000001
vt 0.72000003 0.56000000
vt 0.72000003 0.36000001
vt 0.72000003 0.56000000
vt 0.94000000 0.36000001
vt 0.94000000 0.56000000
vt 0.94000000 0.36000001
vt 0.94000000 0.56000000
vt 0.72000003 0.36000001
vt 0.72000003 0.56000000
vt 0.72000003 0.36000001
vt 0.72000003 0.56000000
vt 0.94000000 0.36000001
vt 0.94000000 0.56000000
vt 0.94000000 0.36000001
vt 0.94000000 0.56000000
vt 0.72000003 0.36000001
vt 0.72000003 0.56000000
vt 0.72000003 0.36000001
vt 0.72000003 0.56000000
vt 0.94000000 0.36000001
vt 0.94000000 0.56000000
vt 0.94000000 0.36000001
vt 0.94000000 0.56000000
vt 0.72000003 0.36000001
vt 0.72000003 0.56000000
vt 0.72000003 0.36000001
vt 0.72000003 0.56000000
vt 0.94000000 0.36000001
vt 0.94000000 0.56000000
vt 0.94000000 0.36000001
vt 0.94000000 0.56000000
vt 0.82999998 0.45999998
vt 0.82999998 0.56000000
vt 0.82999998 0.56000000
vt 0.82999998 0.45999998
vt 0.87895459 0.55009687
vt 0.87895459 0.55009687
vt 0.91821313 0.52234900
vt 0.91821313 0.52234900
vt 0.94000000 0.48225212
vt 0.94000000 0.48225212
vt 0.94000000 0.43774790
vt 0.94000000 0.43774790
vt 0.91821313 0.39765102
vt 0.91821313 0.39765102
vt 0.87895459 0.36990309
vt 0.87895459 0.36990309
vt 0.82999998 0.36000001
vt 0.82999998 0.36000001
vt 0.78104538 0.36990309
vt 0.78104538 0.36990309
vt 0.74178684 0.39765102
vt 0.74178684 0.39765102
vt 0.72000003 0.43774790
vt 0.72000003 0.43774790
vt 0.72000003 0.48225212
vt 0.72000003 0.48225212
vt 0.74178684 0.52234900
vt 0.74178684 0.52234900
vt 0.78104538 0.55009687
vt 0.78104538 0.55009687
vt 0.82999998 0.45999998
vt 0.82999998 0.56000000
vt 0.82999998 0.56000000
vt 0.82999998 0.45999998
vt 0.87895459 0.55009687
vt 0.87895459 0.55009687
vt 0.91821313 0.52234900
vt 0.91821313 0.52234900
vt 0.94000000 0.48225212
vt 0.94000000 0.48225212
vt 0.94000000 0.43774790
vt 0.94000000 0.43774790
vt 0.91821313 0.39765102
vt 0.91821313 0.39765102
vt 0.87895459 0.36990309
vt 0.87895459 0.36990309
vt 0.82999998 0.36000001
vt 0.82999998 0.36000001
vt 0.78104538 0.36990309
vt 0.78104538 0.36990309
vt 0.74178684 0.39765102
vt 0.74178684 0.39765102
vt 0.72000003 0.43774790
vt 0.72000003 0.43774790
vt 0.72000003 0.48225212
vt 0.72000003 0.48225212
vt 0.74178684 0.52234900
vt 0.74178684 0.52234900
vt 0.78104538 0.55009687
vt 0.78104538 0.55009687
vt 0.82999998 0.45999998
vt 0.82999998 0.56000000
vt 0.82999998 0.56000000
vt 0.82999998 0.45999998
vt 0.87895459 0.55009687
vt 0.87895459 0.55009687
vt 0.91821313 0.52234900
vt 0.91821313 0.52234900
vt 0.94000000 0.48225212
vt 0.94000000 0.48225212
vt 0.94000000 0.43774790
vt 0.94000000 0.43774790
vt 0.91821313 0.39765102
vt 0.91821313 0.39765102
vt 0.87895459 0.36990309
vt 0.87895459 0.36990309
vt 0.82999998 0.36000001
vt 0.82999998 0.36000001
vt 0.78104538 0.36990309
vt 0.78104538 0.36990309
vt 0.74178684 0.39765102
vt 0.74178684 0.39765102
vt 0.72000003 0.43774790
vt 0.72000003 0.43774790
vt 0.72000003 0.48225212
vt 0.72000003 0.48225212
vt 0.74178684 0.52234900
vt 0.74178684 0.52234900
vt 0.78104538 0.55009687
vt 0.78104538 0.55009687
vt 0.82999998 0.45999998
vt 0.82999998 0.56000000
vt 0.82999998 0.56000000
vt 0.82999998 0.45999998
vt 0.87895459 0.55009687
vt 0.87895459 0.55009687
vt 0.91821313 0.52234900
vt 0.91821313 0.52234900
vt 0.94000000 0.48225212
vt 0.94000000 0.48225212
vt 0.94000000 0.43774790
vt 0.94000000 0.43774790
vt 0.91821313 0.39765102
vt 0.91821313 0.39765102
vt 0.87895459 0.36990309
vt 0.87895459 0.36990309
vt 0.82999998 0.36000001
vt 0.82999998 0.36000001
vt 0.78104538 0.36990309
vt 0.78104538 0.36990309
vt 0.74178684 0.39765102
vt 0.74178684 0.39765102
vt 0.72000003 0.43774790
vt 0.72000003 0.43774790
vt 0.72000003 0.48225212
vt 0.72000003 0.48225212
vt 0.74178684 0.52234900
vt 0.74178684 0.52234900
vt 0.78104538 0.55009687
vt 0.78104538 0.55009687
vt 0.92357159 0.45999998
vt 0.92357159 0.45999998
vt 0.73642844 0.45999998
vt 0.73642844 0.45999998
vt 0.77216959 0.54506505
vt 0.88783044 0.54506505
vt 0.77216959 0.37493491
vt 0.88783044 0.37493491
vt 0.82999998 0.40742689
vt 0.82999998 0.51257312
vt 0.82999998 0.40742689
vt 0.82999998 0.51257312
vt 0.94000000 0.45999998
vt 0.72000003 0.45999998
vt 0.74100810 0.50999999
vt 0.74100810 0.50999999
vt 0.91899186 0.50999999
vt 0.91899186 0.50999999
vt 0.82999998 0.56000000
vt 0.74100810 0.41000003
vt 0.74100810 0.41000003
vt 0.91899186 0.41000003
vt 0.91899186 0.41000003
vt 0.82999998 0.36000001
vt 0.88499999 0.42909831
vt 0.77499998 0.42909831
vt 0.79600811 0.37909830
vt 0.86399186 0.37909830
vt 0.88499999 0.49090171
vt 0.77499998 0.49090171
vt 0.79600811 0.54090166
vt 0.86399186 0.54090166
vt 0.82999998 0.45999998
vt 0.88499999 0.42909831
vt 0.77499998 0.42909831
vt 0.79600811 0.37909830
vt 0.86399186 0.37909830
vt 0.88499999 0.49090171
vt 0.77499998 0.49090171
vt 0.79600811 0.54090166
vt 0.86399186 0.54090166
vt 0.82999998 0.45999998
vt 0.92357159 0.45999998
vt 0.92357159 0.45999998
vt 0.73642844 0.45999998
vt 0.73642844 0.45999998
vt 0.77216959 0.54506505
vt 0.88783044 0.54506505
vt 0.77216959 0.37493491
vt 0.88783044 0.37493491
vt 0.82999998 0.40742689
vt 0.82999998 0.51257312
vt 0.82999998 0.40742689
vt 0.82999998 0.51257312
vt 0.94000000 0.45999998
vt 0.72000003 0.45999998
vt 0.74100810 0.50999999
vt 0.74100810 0.50999999
vt 0.91899186 0.50999999
vt 0.91899186 0.50999999
vt 0.82999998 0.56000000
vt 0.74100810 0.41000003
vt 0.74100810 0.41000003
vt 0.91899186 0.41000003
vt 0.91899186 0.41000003
vt 0.82999998 0.36000001
vt 0.88499999 0.42909831
vt 0.77499998 0.42909831
vt 0.79600811 0.37909830
vt 0.86399186 0.37909830
vt 0.88499999 0.49090171
vt 0.77499998 0.49090171
vt 0.79600811 0.54090166
vt 0.86399186 0.54090166
vt 0.82999998 0.45999998
vt 0.88499999 0.42909831
vt 0.77499998 0.42909831
vt 0.79600811 0.37909830
vt 0.86399186 0.37909830
vt 0.88499999 0.49090171
vt 0.77499998 0.49090171
vt 0.79600811 0.54090166
vt 0.86399186 0.54090166
vt 0.82999998 0.45999998
vt 0.92357159 0.45999998
vt 0.92357159 0.45999998
vt 0.73642844 0.45999998
vt 0.73642844 0.45999998
vt 0.77216959 0.54506505
vt 0.88783044 0.54506505
vt 0.77216959 0.37493491
vt 0.88783044 0.37493491
vt 0.82999998 0.40742689
vt 0.82999998 0.51257312
vt 0.82999998 0.40742689
vt 0.82999998 0.51257312
vt 0.94000000 0.45999998
vt 0.72000003 0.45999998
vt 0.74100810 0.50999999
vt 0.74100810 0.50999999
vt 0.91899186 0.50999999
vt 0.91899186 0.50999999
vt 0.82999998 0.56000000
vt 0.74100810 0.41000003
vt 0.74100810 0.41000003
vt 0.91899186 0.41000003
vt 0.91899186 0.41000003
vt 0.82999998 0.36000001
vt 0.88499999 0.42909831
vt 0.77499998 0.42909831
vt 0.79600811 0.37909830
vt 0.86399186 0.37909830
vt 0.88499999 0.49090171
vt 0.77499998 0.49090171
vt 0.79600811 0.54090166
vt 0.86399186 0.54090166
vt 0.82999998 0.45999998
vt 0.88499999 0.42909831
vt 0.77499998 0.42909831
vt 0.79600811 0.37909830
vt 0.86399186 0.37909830
vt 0.88499999 0.49090171
vt 0.77499998 0.49090171
vt 0.79600811 0.54090166
vt 0.86399186 0.54090166
vt 0.82999998 0.45999998
vt 0.92357159 0.45999998
vt 0.92357159 0.45999998
vt 0.73642844 0.45999998
vt 0.73642844 0.45999998
vt 0.77216959 0.54506505
vt 0.88783044 0.54506505
vt 0.77216959 0.37493491
vt 0.88783044 0.37493491
vt 0.82999998 0.40742689
vt 0.82999998 0.51257312
vt 0.82999998 0.40742689
vt 0.82999998 0.51257312
vt 0.94000000 0.45999998
vt 0.72000003 0.45999998
vt 0.74100810 0.50999999
vt 0.74100810 0.50999999
vt 0.91899186 0.50999999
vt 0.91899186 0.50999999
vt 0.82999998 0.56000000
vt 0.74100810 0.41000003
vt 0.74100810 0.41000003
vt 0.91899186 0.41000003
vt 0.91899186 0.41000003
vt 0.82999998 0.36000001
vt 0.88499999 0.42909831
vt 0.77499998 0.42909831
vt 0.79600811 0.37909830
vt 0.86399186 0.37909830
vt 0.88499999 0.49090171
vt 0.77499998 0.49090171
vt 0.79600811 0.54090166
vt 0.86399186 0.54090166
vt 0.82999998 0.45999998
vt 0.88499999 0.42909831
vt 0.77499998 0.42909831
vt 0.79600811 0.37909830
vt 0.86399186 0.37909830
vt 0.88499999 0.49090171
vt 0.77499998 0.49090171
vt 0.79600811 0.54090166
vt 0.86399186 0.54090166
vt 0.82999998 0.45999998
vt 0.92357159 0.45999998
vt 0.92357159 0.45999998
vt 0.73642844 0.45999998
vt 0.73642844 0.45999998
vt 0.77216959 0.54506505
vt 0.88783044 0.54506505
vt 0.77216959 0.37493491
vt 0.88783044 0.37493491
vt 0.82999998 0.40742689
vt 0.82999998 0.51257312
vt 0.82999998 0.40742689
vt 0.82999998 0.51257312
vt 0.94000000 0.45999998
vt 0.72000003 0.45999998
vt 0.74100810 0.50999999
vt 0.74100810 0.50999999
vt 0.91899186 0.50999999
vt 0.91899186 0.50999999
vt 0.82999998 0.56000000
vt 0.74100810 0.41000003
vt 0.74100810 0.41000003
vt 0.91899186 0.41000003
vt 0.91899186 0.41000003
vt 0.82999998 0.36000001
vt 0.88499999 0.42909831
vt 0.77499998 0.42909831
vt 0.79600811 0.37909830
vt 0.86399186 0.37909830
vt 0.88499999 0.49090171
vt 0.77499998 0.49090171
vt 0.79600811 0.54090166
vt 0.86399186 0.54090166
vt 0.82999998 0.45999998
vt 0.88499999 0.42909831
vt 0.77499998 0.42909831
vt 0.79600811 0.37909830
vt 0.86399186 0.37909830
vt 0.88499999 0.49090171
vt 0.77499998 0.49090171
vt 0.79600811 0.54090166
vt 0.86399186 0.54090166
vt 0.82999998 0.45999998
vt 0.92357159 0.45999998
vt 0.92357159 0.45999998
vt 0.73642844 0.45999998
vt 0.73642844 0.45999998
vt 0.77216959 0.54506505
vt 0.88783044 0.54506505
vt 0.77216959 0.37493491
vt 0.88783044 0.37493491
vt 0.82999998 0.40742689
vt 0.82999998 0.51257312
vt 0.82999998 0.40742689
vt 0.82999998 0.51257312
vt 0.94000000 0.45999998
vt 0.72000003 0.45999998
vt 0.74100810 0.50999999
vt 0.74100810 0.50999999
vt 0.91899186 0.50999999
vt 0.91899186 0.50999999
vt 0.82999998 0.56000000
vt 0.74100810 0.41000003
vt 0.74100810 0.41000003
vt 0.91899186 0.41000003
vt 0.91899186 0.41000003
vt 0.82999998 0.36000001
vt 0.88499999 0.42909831
vt 0.77499998 0.42909831
vt 0.79600811 0.37909830
vt 0.86399186 0.37909830
vt 0.88499999 0.49090171
vt 0.77499998 0.49090171
vt 0.79600811 0.54090166
vt 0.86399186 0.54090166
vt 0.82999998 0.45999998
vt 0.88499999 0.42909831
vt 0.77499998 0.42909831
vt 0.79600811 0.37909830
vt 0.86399186 0.37909830
vt 0.88499999 0.49090171
vt 0.77499998 0.49090171
vt 0.79600811 0.54090166
vt 0.86399186 0.54090166
vt 0.82999998 0.45999998
vt 0.92357159 0.45999998
vt 0.92357159 0.45999998
vt 0.73642844 0.45999998
vt 0.73642844 0.45999998
vt 0.77216959 0.54506505
vt 0.88783044 0.54506505
vt 0.77216959 0.37493491
vt 0.88783044 0.37493491
vt 0.82999998 0.40742689
vt 0.82999998 0.51257312
vt 0.82999998 0.40742689
vt 0.82999998 0.51257312
vt 0.94000000 0.45999998
vt 0.72000003 0.45999998
vt 0.74100810 0.50999999
vt 0.74100810 0.50999999
vt 0.91899186 0.50999999
vt 0.91899186 0.50999999
vt 0.82999998 0.56000000
vt 0.74100810 0.41000003
vt 0.74100810 0.41000003
vt 0.91899186 0.41000003
vt 0.91899186 0.41000003
vt 0.82999998 0.36000001
vt 0.88499999 0.42909831
vt 0.77499998 0.42909831
vt 0.79600811 0.37909830
vt 0.86399186 0.37909830
vt 0.88499999 0.49090171
vt 0.77499998 0.49090171
vt 0.79600811 0.54090166
vt 0.86399186 0.54090166
vt 0.82999998 0.45999998
vt 0.88499999 0.42909831
vt 0.77499998 0.42909831
vt 0.79600811 0.37909830
vt 0.86399186 0.37909830
vt 0.88499999 0.49090171
vt 0.77499998 0.49090171
vt 0.79600811 0.54090166
vt 0.86399186 0.54090166
vt 0.82999998 0.45999998
vt 0.92357159 0.45999998
vt 0.92357159 0.45999998
vt 0.73642844 0.45999998
vt 0.73642844 0.45999998
vt 0.77216959 0.54506505
vt 0.88783044 0.54506505
vt 0.77216959 0.37493491
vt 0.88783044 0.37493491
vt 0.82999998 0.40742689
vt 0.82999998 0.51257312
vt 0.82999998 0.40742689
vt 0.82999998 0.51257312
vt 0.94000000 0.45999998
vt 0.72000003 0.45999998
vt 0.74100810 0.50999999
vt 0.74100810 0.50999999
vt 0.91899186 0.50999999
vt 0.91899186 0.50999999
vt 0.82999998 0.56000000
vt 0.74100810 0.41000003
vt 0.74100810 0.41000003
vt 0.91899186 0.41000003
vt 0.91899186 0.41000003
vt 0.82999998 0.36000001
vt 0.88499999 0.42909831
vt 0.77499998 0.42909831
vt 0.79600811 0.37909830
vt 0.86399186 0.37909830
vt 0.88499999 0.49090171
vt 0.77499998 0.49090171
vt 0.79600811 0.54090166
vt 0.86399186 0.54090166
vt 0.82999998 0.45999998
vt 0.88499999 0.42909831
vt 0.77499998 0.42909831
vt 0.79600811 0.37909830
vt 0.86399186 0.37909830
vt 0.88499999 0.49090171
vt 0.77499998 0.49090171
vt 0.79600811 0.54090166
vt 0.86399186 0.54090166
vt 0.82999998 0.45999998
vt 0.77216959 0.45999998
vt 0.88783044 0.45999998
vt 0.77216959 0.45999998
vt 0.88783044 0.45999998
vt 0.82999998 0.54506505
vt 0.82999998 0.54506505
vt 0.82999998 0.37493491
vt 0.82999998 0.37493491
vt 0.92357159 0.40742689
vt 0.92357159 0.51257312
vt 0.73642844 0.40742689
vt 0.73642844 0.51257312
vt 0.82999998 0.45999998
vt 0.82999998 0.45999998
vt 0.79600811 0.50999999
vt 0.86399186 0.50999999
vt 0.79600811 0.50999999
vt 0.86399186 0.50999999
vt 0.82999998 0.56000000
vt 0.79600811 0.41000003
vt 0.86399186 0.41000003
vt 0.79600811 0.41000003
vt 0.86399186 0.41000003
vt 0.82999998 0.36000001
vt 0.91899186 0.42909831
vt 0.91899186 0.42909831
vt 0.88499999 0.37909830
vt 0.88499999 0.37909830
vt 0.91899186 0.49090171
vt 0.91899186 0.49090171
vt 0.88499999 0.54090166
vt 0.88499999 0.54090166
vt 0.94000000 0.45999998
vt 0.74100810 0.42909831
vt 0.74100810 0.42909831
vt 0.77499998 0.37909830
vt 0.77499998 0.37909830
vt 0.74100810 0.49090171
vt 0.74100810 0.49090171
vt 0.77499998 0.54090166
vt 0.77499998 0.54090166
vt 0.72000003 0.45999998
vt 0.77216959 0.45999998
vt 0.88783044 0.45999998
vt 0.77216959 0.45999998
vt 0.88783044 0.45999998
vt 0.82999998 0.54506505
vt 0.82999998 0.54506505
vt 0.82999998 0.37493491
vt 0.82999998 0.37493491
vt 0.92357159 0.40742689
vt 0.92357159 0.51257312
vt 0.73642844 0.40742689
vt 0.73642844 0.51257312
vt 0.82999998 0.45999998
vt 0.82999998 0.45999998
vt 0.79600811 0.50999999
vt 0.86399186 0.50999999
vt 0.79600811 0.50999999
vt 0.86399186 0.50999999
vt 0.82999998 0.56000000
vt 0.79600811 0.41000003
vt 0.86399186 0.41000003
vt 0.79600811 0.41000003
vt 0.86399186 0.41000003
vt 0.82999998 0.36000001
vt 0.91899186 0.42909831
vt 0.91899186 0.42909831
vt 0.88499999 0.37909830
vt 0.88499999 0.37909830
vt 0.91899186 0.49090171
vt 0.91899186 0.49090171
vt 0.88499999 0.54090166
vt 0.88499999 0.54090166
vt 0.94000000 0.45999998
vt 0.74100810 0.42909831
vt 0.74100810 0.42909831
vt 0.77499998 0.37909830
vt 0.77499998 0.37909830
vt 0.74100810 0.49090171
vt 0.74100810 0.49090171
vt 0.77499998 0.54090166
vt 0.77499998 0.54090166
vt 0.72000003 0.45999998
vt 0.77216959 0.45999998
vt 0.88783044 0.45999998
vt 0.77216959 0.45999998
vt 0.88783044 0.45999998
vt 0.82999998 0.54506505
vt 0.82999998 0.54506505
vt 0.82999998 0.37493491
vt 0.82999998 0.37493491
vt 0.92357159 0.40742689
vt 0.92357159 0.51257312
vt 0.73642844 0.40742689
vt 0.73642844 0.51257312
vt 0.82999998 0.45999998
vt 0.82999998 0.45999998
vt 0.79600811 0.50999999
vt 0.86399186 0.50999999
vt 0.79600811 0.50999999
vt 0.86399186 0.50999999
vt 0.82999998 0.56000000
vt 0.79600811 0.41000003
vt 0.86399186 0.41000003
vt 0.79600811 0.41000003
vt 0.86399186 0.41000003
vt 0.82999998 0.36000001
vt 0.91899186 0.42909831
vt 0.91899186 0.42909831
vt 0.88499999 0.37909830
vt 0.88499999 0.37909830
vt 0.91899186 0.49090171
vt 0.91899186 0.49090171
vt 0.88499999 0.54090166
vt 0.88499999 0.54090166
vt 0.94000000 0.45999998
vt 0.74100810 0.42909831
vt 0.74100810 0.42909831
vt 0.77499998 0.37909830
vt 0.77499998 0.37909830
vt 0.74100810 0.49090171
vt 0.74100810 0.49090171
vt 0.77499998 0.54090166
vt 0.77499998 0.54090166
vt 0.72000003 0.45999998
vt 0.77216959 0.45999998
vt 0.88783044 0.45999998
vt 0.77216959 0.45999998
vt 0.88783044 0.45999998
vt 0.82999998 0.54506505
vt 0.82999998 0.54506505
vt 0.82999998 0.37493491
vt 0.82999998 0.37493491
vt 0.92357159 0.40742689
vt 0.92357159 0.51257312
vt 0.73642844 0.40742689
vt 0.73642844 0.51257312
vt 0.82999998 0.45999998
vt 0.82999998 0.45999998
vt 0.79600811 0.50999999
vt 0.86399186 0.50999999
vt 0.79600811 0.50999999
vt 0.86399186 0.50999999
vt 0.82999998 0.56000000
vt 0.79600811 0.41000003
vt 0.86399186 0.41000003
vt 0.79600811 0.41000003
vt 0.86399186 0.41000003
vt 0.82999998 0.36000001
vt 0.91899186 0.42909831
vt 0.91899186 0.42909831
vt 0.88499999 0.37909830
vt 0.88499999 0.37909830
vt 0.91899186 0.49090171
vt 0.91899186 0.49090171
vt 0.88499999 0.54090166
vt 0.88499999 0.54090166
vt 0.94000000 0.45999998
vt 0.74100810 0.42909831
vt 0.74100810 0.42909831
vt 0.77499998 0.37909830
vt 0.77499998 0.37909830
vt 0.74100810 0.49090171
vt 0.74100810 0.49090171
vt 0.77499998 0.54090166
vt 0.77499998 0.54090166
vt 0.72000003 0.45999998
vt 0.77216959 0.45999998
vt 0.88783044 0.45999998
vt 0.77216959 0.45999998
vt 0.88783044 0.45999998
vt 0.82999998 0.54506505
vt 0.82999998 0.54506505
vt 0.82999998 0.37493491
vt 0.82999998 0.37493491
vt 0.92357159 0.40742689
vt 0.92357159 0.51257312
vt 0.73642844 0.40742689
vt 0.73642844 0.51257312
vt 0.82999998 0.45999998
vt 0.82999998 0.45999998
vt 0.79600811 0.50999999
vt 0.86399186 0.50999999
vt 0.79600811 0.50999999
vt 0.86399186 0.50999999
vt 0.82999998 0.56000000
vt 0.79600811 0.41000003
vt 0.86399186 0.41000003
vt 0.79600811 0.41000003
vt 0.86399186 0.41000003
vt 0.82999998 0.36000001
vt 0.91899186 0.42909831
vt 0.91899186 0.42909831
vt 0.88499999 0.37909830
vt 0.88499999 0.37909830
vt 0.91899186 0.49090171
vt 0.91899186 0.49090171
vt 0.88499999 0.54090166
vt 0.88499999 0.54090166
vt 0.94000000 0.45999998
vt 0.74100810 0.42909831
vt 0.74100810 0.42909831
vt 0.77499998 0.37909830
vt 0.77499998 0.37909830
vt 0.74100810 0.49090171
vt 0.74100810 0.49090171
vt 0.77499998 0.54090166
vt 0.77499998 0.54090166
vt 0.72000003 0.45999998
vt 0.77216959 0.45999998
vt 0.88783044 0.45999998
vt 0.77216959 0.45999998
vt 0.88783044 0.45999998
vt 0.82999998 0.54506505
vt 0.82999998 0.54506505
vt 0.82999998 0.37493491
vt 0.82999998 0.37493491
vt 0.92357159 0.40742689
vt 0.92357159 0.51257312
vt 0.73642844 0.40742689
vt 0.73642844 0.51257312
vt 0.82999998 0.45999998
vt 0.82999998 0.45999998
vt 0.79600811 0.50999999
vt 0.86399186 0.50999999
vt 0.79600811 0.50999999
vt 0.86399186 0.50999999
vt 0.82999998 0.56000000
vt 0.79600811 0.41000003
vt 0.86399186 0.41000003
vt 0.79600811 0.41000003
vt 0.86399186 0.41000003
vt 0.82999998 0.36000001
vt 0.91899186 0.42909831
vt 0.91899186 0.42909831
vt 0.88499999 0.37909830
vt 0.88499999 0.37909830
vt 0.91899186 0.49090171
vt 0.91899186 0.49090171
vt 0.88499999 0.54090166
vt 0.88499999 0.54090166
vt 0.94000000 0.45999998
vt 0.74100810 0.42909831
vt 0.74100810 0.42909831
vt 0.77499998 0.37909830
vt 0.77499998 0.37909830
vt 0.74100810 0.49090171
vt 0.74100810 0.49090171
vt 0.77499998 0.54090166
vt 0.77499998 0.54090166
vt 0.72000003 0.45999998
vt 0.77216959 0.45999998
vt 0.88783044 0.45999998
vt 0.77216959 0.45999998
vt 0.88783044 0.45999998
vt 0.82999998 0.54506505
vt 0.82999998 0.54506505
vt 0.82999998 0.37493491
vt 0.82999998 0.37493491
vt 0.92357159 0.40742689
vt 0.92357159 0.51257312
vt 0.73642844 0.40742689
vt 0.73642844 0.51257312
vt 0.82999998 0.45999998
vt 0.82999998 0.45999998
vt 0.79600811 0.50999999
vt 0.86399186 0.50999999
vt 0.79600811 0.50999999
vt 0.86399186 0.50999999
vt 0.82999998 0.56000000
vt 0.79600811 0.41000003
vt 0.86399186 0.41000003
vt 0.79600811 0.41000003
vt 0.86399186 0.41000003
vt 0.82999998 0.36000001
vt 0.91899186 0.42909831
vt 0.91899186 0.42909831
vt 0.88499999 0.37909830
vt 0.88499999 0.37909830
vt 0.91899186 0.49090171
vt 0.91899186 0.49090171
vt 0.88499999 0.54090166
vt 0.88499999 0.54090166
vt 0.94000000 0.45999998
vt 0.74100810 0.42909831
vt 0.74100810 0.42909831
vt 0.77499998 0.37909830
vt 0.77499998 0.37909830
vt 0.74100810 0.49090171
vt 0.74100810 0.49090171
vt 0.77499998 0.54090166
vt 0.77499998 0.54090166
vt 0.72000003 0.45999998
vt 0.77216959 0.45999998
vt 0.88783044 0.45999998
vt 0.77216959 0.45999998
vt 0.88783044 0.45999998
vt 0.82999998 0.54506505
vt 0.82999998 0.54506505
vt 0.82999998 0.37493491
vt 0.82999998 0.37493491
vt 0.92357159 0.40742689
vt 0.92357159 0.51257312
vt 0.73642844 0.40742689
vt 0.73642844 0.51257312
vt 0.82999998 0.45999998
vt 0.82999998 0.45999998
vt 0.79600811 0.50999999
vt 0.86399186 0.50999999
vt 0.79600811 0.50999999
vt 0.86399186 0.50999999
vt 0.82999998 0.56000000
vt 0.79600811 0.41000003
vt 0.86399186 0.41000003
vt 0.79600811 0.41000003
vt 0.86399186 0.41000003
vt 0.82999998 0.36000001
vt 0.91899186 0.42909831
vt 0.91899186 0.42909831
vt 0.88499999 0.37909830
vt 0.88499999 0.37909830
vt 0.91899186 0.49090171
vt 0.91899186 0.49090171
vt 0.88499999 0.54090166
vt 0.88499999 0.54090166
vt 0.94000000 0.45999998
vt 0.74100810 0.42909831
vt 0.74100810 0.42909831
vt 0.77499998 0.37909830
vt 0.77499998 0.37909830
vt 0.74100810 0.49090171
vt 0.74100810 0.49090171
vt 0.77499998 0.54090166
vt 0.77499998 0.54090166
vt 0.72000003 0.45999998
vt 0.77216959 0.45999998
vt 0.88783044 0.45999998
vt 0.77216959 0.45999998
vt 0.88783044 0.45999998
vt 0.82999998 0.54506505
vt 0.82999998 0.54506505
vt 0.82999998 0.37493491
vt 0.82999998 0.37493491
vt 0.92357159 0.40742689
vt 0.92357159 0.51257312
vt 0.73642844 0.40742689
vt 0.73642844 0.51257312
vt 0.82999998 0.45999998
vt 0.82999998 0.45999998
vt 0.79600811 0.50999999
vt 0.86399186 0.50999999
vt 0.79600811 0.50999999
vt 0.86399186 0.50999999
vt 0.82999998 0.56000000
vt 0.79600811 0.41000003
vt 0.86399186 0.41000003
vt 0.79600811 0.41000003
vt 0.86399186 0.41000003
vt 0.82999998 0.36000001
vt 0.91899186 0.42909831
vt 0.91899186 0.42909831
vt 0.88499999 0.37909830
vt 0.88499999 0.37909830
vt 0.91899186 0.49090171
vt 0.91899186 0.49090171
vt 0.88499999 0.54090166
vt 0.88499999 0.54090166
vt 0.94000000 0.45999998
vt 0.74100810 0.42909831
vt 0.74100810 0.42909831
vt 0.77499998 0.37909830
vt 0.77499998 0.37909830
vt 0.74100810 0.49090171
vt 0.74100810 0.49090171
vt 0.77499998 0.54090166
vt 0.77499998 0.54090166
vt 0.72000003 0.45999998
vt 0.77216959 0.45999998
vt 0.88783044 0.45999998
vt 0.77216959 0.45999998
vt 0.88783044 0.45999998
vt 0.82999998 0.54506505
vt 0.82999998 0.54506505
vt 0.82999998 0.37493491
vt 0.82999998 0.37493491
vt 0.92357159 0.40742689
vt 0.92357159 0.51257312
vt 0.73642844 0.40742689
vt 0.73642844 0.51257312
vt 0.82999998 0.45999998
vt 0.82999998 0.45999998
vt 0.79600811 0.50999999
vt 0.86399186 0.50999999
vt 0.79600811 0.50999999
vt 0.86399186 0.50999999
vt 0.82999998 0.56000000
vt 0.79600811 0.41000003
vt 0.86399186 0.41000003
vt 0.79600811 0.41000003
vt 0.86399186 0.41000003
vt 0.82999998 0.36000001
vt 0.91899186 0.42909831
vt 0.91899186 0.42909831
vt 0.88499999 0.37909830
vt 0.88499999 0.37909830
vt 0.91899186 0.49090171
vt 0.91899186 0.49090171
vt 0.88499999 0.54090166
vt 0.88499999 0.54090166
vt 0.94000000 0.45999998
vt 0.74100810 0.42909831
vt 0.74100810 0.42909831
vt 0.77499998 0.37909830
vt 0.77499998 0.37909830
vt 0.74100810 0.49090171
vt 0.74100810 0.49090171
vt 0.77499998 0.54090166
vt 0.77499998 0.54090166
vt 0.72000003 0.45999998
vt 0.77216959 0.45999998
vt 0.88783044 0.45999998
vt 0.77216959 0.45999998
vt 0.88783044 0.45999998
vt 0.82999998 0.54506505
vt 0.82999998 0.54506505
vt 0.82999998 0.37493491
vt 0.82999998 0.37493491
vt 0.92357159 0.40742689
vt 0.92357159 0.51257312
vt 0.73642844 0.40742689
vt 0.73642844 0.51257312
vt 0.82999998 0.45999998
vt 0.82999998 0.45999998
vt 0.79600811 0.50999999
vt 0.86399186 0.50999999
vt 0.79600811 0.50999999
vt 0.86399186 0.50999999
vt 0.82999998 0.56000000
vt 0.79600811 0.41000003
vt 0.86399186 0.41000003
vt 0.79600811 0.41000003
vt 0.86399186 0.41000003
vt 0.82999998 0.36000001
vt 0.91899186 0.42909831
vt 0.91899186 0.42909831
vt 0.88499999 0.37909830
vt 0.88499999 0.37909830
vt 0.91899186 0.49090171
vt 0.91899186 0.49090171
vt 0.88499999 0.54090166
vt 0.88499999 0.54090166
vt 0.94000000 0.45999998
vt 0.74100810 0.42909831
vt 0.74100810 0.42909831
vt 0.77499998 0.37909830
vt 0.77499998 0.37909830
vt 0.74100810 0.49090171
vt 0.74100810 0.49090171
vt 0.77499998 0.54090166
vt 0.77499998 0.54090166
vt 0.72000003 0.45999998
vt 0.77216959 0.45999998
vt 0.88783044 0.45999998
vt 0.77216959 0.45999998
vt 0.88783044 0.45999998
vt 0.82999998 0.54506505
vt 0.82999998 0.54506505
vt 0.82999998 0.37493491
vt 0.82999998 0.37493491
vt 0.92357159 0.40742689
vt 0.92357159 0.51257312
vt 0.73642844 0.40742689
vt 0.73642844 0.51257312
vt 0.82999998 0.45999998
vt 0.82999998 0.45999998
vt 0.79600811 0.50999999
vt 0.86399186 0.50999999
vt 0.79600811 0.50999999
vt 0.86399186 0.50999999
vt 0.82999998 0.56000000
vt 0.79600811 0.41000003
vt 0.86399186 0.41000003
vt 0.79600811 0.41000003
vt 0.86399186 0.41000003
vt 0.82999998 0.36000001
vt 0.91899186 0.42909831
vt 0.91899186 0.42909831
vt 0.88499999 0.37909830
vt 0.88499999 0.37909830
vt 0.91899186 0.49090171
vt 0.91899186 0.49090171
vt 0.88499999 0.54090166
vt 0.88499999 0.54090166
vt 0.94000000 0.45999998
vt 0.74100810 0.42909831
vt 0.74100810 0.42909831
vt 0.77499998 0.37909830
vt 0.77499998 0.37909830
vt 0.74100810 0.49090171
vt 0.74100810 0.49090171
vt 0.77499998 0.54090166
vt 0.77499998 0.54090166
vt 0.72000003 0.45999998
vt 0.77216959 0.45999998
vt 0.88783044 0.45999998
vt 0.77216959 0.45999998
vt 0.88783044 0.45999998
vt 0.82999998 0.54506505
vt 0.82999998 0.54506505
vt 0.82999998 0.37493491
vt 0.82999998 0.37493491
vt 0.92357159 0.40742689
vt 0.92357159 0.51257312
vt 0.73642844 0.40742689
vt 0.73642844 0.51257312
vt 0.82999998 0.45999998
vt 0.82999998 0.45999998
vt 0.79600811 0.50999999
vt 0.86399186 0.50999999
vt 0.79600811 0.50999999
vt 0.86399186 0.50999999
vt 0.82999998 0.56000000
vt 0.79600811 0.41000003
vt 0.86399186 0.41000003
vt 0.79600811 0.41000003
vt 0.86399186 0.41000003
vt 0.82999998 0.36000001
vt 0.91899186 0.42909831
vt 0.91899186 0.42909831
vt 0.88499999 0.37909830
vt 0.88499999 0.37909830
vt 0.91899186 0.49090171
vt 0.91899186 0.49090171
vt 0.88499999 0.54090166
vt 0.88499999 0.54090166
vt 0.94000000 0.45999998
vt 0.74100810 0.42909831
vt 0.74100810 0.42909831
vt 0.77499998 0.37909830
vt 0.77499998 0.37909830
vt 0.74100810 0.49090171
vt 0.74100810 0.49090171
vt 0.77499998 0.54090166
vt 0.77499998 0.54090166
vt 0.72000003 0.45999998
vt 0.77216959 0.45999998
vt 0.88783044 0.45999998
vt 0.77216959 0.45999998
vt 0.88783044 0.45999998
vt 0.82999998 0.54506505
vt 0.82999998 0.54506505
vt 0.82999998 0.37493491
vt 0.82999998 0.37493491
vt 0.92357159 0.40742689
vt 0.92357159 0.51257312
vt 0.73642844 0.40742689
vt 0.73642844 0.51257312
vt 0.82999998 0.45999998
vt 0.82999998 0.45999998
vt 0.79600811 0.50999999
vt 0.86399186 0.50999999
vt 0.79600811 0.50999999
vt 0.86399186 0.50999999
vt 0.82999998 0.56000000
vt 0.79600811 0.41000003
vt 0.86399186 0.41000003
vt 0.79600811 0.41000003
vt 0.86399186 0.41000003
vt 0.82999998 0.36000001
vt 0.91899186 0.42909831
vt 0.91899186 0.42909831
vt 0.88499999 0.37909830
vt 0.88499999 0.37909830
vt 0.91899186 0.49090171
vt 0.91899186 0.49090171
vt 0.88499999 0.54090166
vt 0.88499999 0.54090166
vt 0.94000000 0.45999998
vt 0.74100810 0.42909831
vt 0.74100810 0.42909831
vt 0.77499998 0.37909830
vt 0.77499998 0.37909830
vt 0.74100810 0.49090171
vt 0.74100810 0.49090171
vt 0.77499998 0.54090166
vt 0.77499998 0.54090166
vt 0.72000003 0.45999998
vt 0.77216959 0.45999998
vt 0.88783044 0.45999998
vt 0.77216959 0.45999998
vt 0.88783044 0.45999998
vt 0.82999998 0.54506505
vt 0.82999998 0.54506505
vt 0.82999998 0.37493491
vt 0.82999998 0.37493491
vt 0.92357159 0.40742689
vt 0.92357159 0.51257312
vt 0.73642844 0.40742689
vt 0.73642844 0.51257312
vt 0.82999998 0.45999998
vt 0.82999998 0.45999998
vt 0.79600811 0.50999999
vt 0.86399186 0.50999999
vt 0.79600811 0.50999999
vt 0.86399186 0.50999999
vt 0.82999998 0.56000000
vt 0.79600811 0.41000003
vt 0.86399186 0.41000003
vt 0.79600811 0.41000003
vt 0.86399186 0.41000003
vt 0.82999998 0.36000001
vt 0.91899186 0.42909831
vt 0.91899186 0.42909831
vt 0.88499999 0.37909830
vt 0.88499999 0.37909830
vt 0.91899186 0.49090171
vt 0.91899186 0.49090171
vt 0.88499999 0.54090166
vt 0.88499999 0.54090166
vt 0.94000000 0.45999998
vt 0.74100810 0.42909831
vt 0.74100810 0.42909831
vt 0.77499998 0.37909830
vt 0.77499998 0.37909830
vt 0.74100810 0.49090171
vt 0.74100810 0.49090171
vt 0.77499998 0.54090166
vt 0.77499998 0.54090166
vt 0.72000003 0.45999998
vt 0.77216959 0.45999998
vt 0.88783044 0.45999998
vt 0.77216959 0.45999998
vt 0.88783044 0.45999998
vt 0.82999998 0.54506505
vt 0.82999998 0.54506505
vt 0.82999998 0.37493491
vt 0.82999998 0.37493491
vt 0.92357159 0.40742689
vt 0.92357159 0.51257312
vt 0.73642844 0.40742689
vt 0.73642844 0.51257312
vt 0.82999998 0.45999998
vt 0.82999998 0.45999998
vt 0.79600811 0.50999999
vt 0.86399186 0.50999999
vt 0.79600811 0.50999999
vt 0.86399186 0.50999999
vt 0.82999998 0.56000000
vt 0.79600811 0.41000003
vt 0.86399186 0.41000003
vt 0.79600811 0.41000003
vt 0.86399186 0.41000003
vt 0.82999998 0.36000001
vt 0.91899186 0.42909831
vt 0.91899186 0.42909831
vt 0.88499999 0.37909830
vt 0.88499999 0.37909830
vt 0.91899186 0.49090171
vt 0.91899186 0.49090171
vt 0.88499999 0.54090166
vt 0.88499999 0.54090166
vt 0.94000000 0.45999998
vt 0.74100810 0.42909831
vt 0.74100810 0.42909831
vt 0.77499998 0.37909830
vt 0.77499998 0.37909830
vt 0.74100810 0.49090171
vt 0.74100810 0.49090171
vt 0.77499998 0.54090166
vt 0.77499998 0.54090166
vt 0.72000003 0.45999998
vt 0.77216959 0.45999998
vt 0.88783044 0.45999998
vt 0.77216959 0.45999998
vt 0.88783044 0.45999998
vt 0.82999998 0.54506505
vt 0.82999998 0.54506505
vt 0.82999998 0.37493491
vt 0.82999998 0.37493491
vt 0.92357159 0.40742689
vt 0.92357159 0.51257312
vt 0.73642844 0.40742689
vt 0.73642844 0.51257312
vt 0.82999998 0.45999998
vt 0.82999998 0.45999998
vt 0.79600811 0.50999999
vt 0.86399186 0.50999999
vt 0.79600811 0.50999999
vt 0.86399186 0.50999999
vt 0.82999998 0.56000000
vt 0.79600811 0.41000003
vt 0.86399186 0.41000003
vt 0.79600811 0.41000003
vt 0.86399186 0.41000003
vt 0.82999998 0.36000001
vt 0.91899186 0.42909831
vt 0.91899186 0.42909831
vt 0.88499999 0.37909830
vt 0.88499999 0.37909830
vt 0.91899186 0.49090171
vt 0.91899186 0.49090171
vt 0.88499999 0.54090166
vt 0.88499999 0.54090166
vt 0.94000000 0.45999998
vt 0.74100810 0.42909831
vt 0.74100810 0.42909831
vt 0.77499998 0.37909830
vt 0.77499998 0.37909830
vt 0.74100810 0.49090171
vt 0.74100810 0.49090171
vt 0.77499998 0.54090166
vt 0.77499998 0.54090166
vt 0.72000003 0.45999998
vt 0.77216959 0.45999998
vt 0.88783044 0.45999998
vt 0.77216959 0.45999998
vt 0.88783044 0.45999998
vt 0.82999998 0.54506505
vt 0.82999998 0.54506505
vt 0.82999998 0.37493491
vt 0.82999998 0.37493491
vt 0.92357159 0.40742689
vt 0.92357159 0.51257312
vt 0.73642844 0.40742689
vt 0.73642844 0.51257312
vt 0.82999998 0.45999998
vt 0.82999998 0.45999998
vt 0.79600811 0.50999999
vt 0.86399186 0.50999999
vt 0.79600811 0.50999999
vt 0.86399186 0.50999999
vt 0.82999998 0.56000000
vt 0.79600811 0.41000003
vt 0.86399186 0.41000003
vt 0.79600811 0.41000003
vt 0.86399186 0.41000003
vt 0.82999998 0.36000001
vt 0.91899186 0.42909831
vt 0.91899186 0.42909831
vt 0.88499999 0.37909830
vt 0.88499999 0.37909830
vt 0.91899186 0.49090171
vt 0.91899186 0.49090171
vt 0.88499999 0.54090166
vt 0.88499999 0.54090166
vt 0.94000000 0.45999998
vt 0.74100810 0.42909831
vt 0.74100810 0.42909831
vt 0.77499998 0.37909830
vt 0.77499998 0.37909830
vt 0.74100810 0.49090171
vt 0.74100810 0.49090171
vt 0.77499998 0.54090166
vt 0.77499998 0.54090166
vt 0.72000003 0.45999998
vt 0.77216959 0.45999998
vt 0.88783044 0.45999998
vt 0.77216959 0.45999998
vt 0.88783044 0.45999998
vt 0.82999998 0.54506505
vt 0.82999998 0.54506505
vt 0.82999998 0.37493491
vt 0.82999998 0.37493491
vt 0.92357159 0.40742689
vt 0.92357159 0.51257312
vt 0.73642844 0.40742689
vt 0.73642844 0.51257312
vt 0.82999998 0.45999998
vt 0.82999998 0.45999998
vt 0.79600811 0.50999999
vt 0.86399186 0.50999999
vt 0.79600811 0.50999999
vt 0.86399186 0.50999999
vt 0.82999998 0.56000000
vt 0.79600811 0.41000003
vt 0.86399186 0.41000003
vt 0.79600811 0.41000003
vt 0.86399186 0.41000003
vt 0.82999998 0.36000001
vt 0.91899186 0.42909831
vt 0.91899186 0.42909831
vt 0.88499999 0.37909830
vt 0.88499999 0.37909830
vt 0.91899186 0.49090171
vt 0.91899186 0.49090171
vt 0.88499999 0.54090166
vt 0.88499999 0.54090166
vt 0.94000000 0.45999998
vt 0.74100810 0.42909831
vt 0.74100810 0.42909831
vt 0.77499998 0.37909830
vt 0.77499998 0.37909830
vt 0.74100810 0.49090171
vt 0.74100810 0.49090171
vt 0.77499998 0.54090166
vt 0.77499998 0.54090166
vt 0.72000003 0.45999998
vt 0.77216959 0.45999998
vt 0.88783044 0.45999998
vt 0.77216959 0.45999998
vt 0.88783044 0.45999998
vt 0.82999998 0.54506505
vt 0.82999998 0.54506505
vt 0.82999998 0.37493491
vt 0.82999998 0.37493491
vt 0.92357159 0.40742689
vt 0.92357159 0.51257312
vt 0.73642844 0.40742689
vt 0.73642844 0.51257312
vt 0.82999998 0.45999998
vt 0.82999998 0.45999998
vt 0.79600811 0.50999999
vt 0.86399186 0.50999999
vt 0.79600811 0.50999999
vt 0.86399186 0.50999999
vt 0.82999998 0.56000000
vt 0.79600811 0.41000003
vt 0.86399186 0.41000003
vt 0.79600811 0.41000003
vt 0.86399186 0.41000003
vt 0.82999998 0.36000001
vt 0.91899186 0.42909831
vt 0.91899186 0.42909831
vt 0.88499999 0.37909830
vt 0.88499999 0.37909830
vt 0.91899186 0.49090171
vt 0.91899186 0.49090171
vt 0.88499999 0.54090166
vt 0.88499999 0.54090166
vt 0.94000000 0.45999998
vt 0.74100810 0.42909831
vt 0.74100810 0.42909831
vt 0.77499998 0.37909830
vt 0.77499998 0.37909830
vt 0.74100810 0.49090171
vt 0.74100810 0.49090171
vt 0.77499998 0.54090166
vt 0.77499998 0.54090166
vt 0.72000003 0.45999998
vt 0.77216959 0.45999998
vt 0.88783044 0.45999998
vt 0.77216959 0.45999998
vt 0.88783044 0.45999998
vt 0.82999998 0.54506505
vt 0.82999998 0.54506505
vt 0.82999998 0.37493491
vt 0.82999998 0.37493491
vt 0.92357159 0.40742689
vt 0.92357159 0.51257312
vt 0.73642844 0.40742689
vt 0.73642844 0.51257312
vt 0.82999998 0.45999998
vt 0.82999998 0.45999998
vt 0.79600811 0.50999999
vt 0.86399186 0.50999999
vt 0.79600811 0.50999999
vt 0.86399186 0.50999999
vt 0.82999998 0.56000000
vt 0.79600811 0.41000003
vt 0.86399186 0.41000003
vt 0.79600811 0.41000003
vt 0.86399186 0.41000003
vt 0.82999998 0.36000001
vt 0.91899186 0.42909831
vt 0.91899186 0.42909831
vt 0.88499999 0.37909830
vt 0.88499999 0.37909830
vt 0.91899186 0.49090171
vt 0.91899186 0.49090171
vt 0.88499999 0.54090166
vt 0.88499999 0.54090166
vt 0.94000000 0.45999998
vt 0.74100810 0.42909831
vt 0.74100810 0.42909831
vt 0.77499998 0.37909830
vt 0.77499998 0.37909830
vt 0.74100810 0.49090171
vt 0.74100810 0.49090171
vt 0.77499998 0.54090166
vt 0.77499998 0.54090166
vt 0.72000003 0.45999998
vt 0.77216959 0.45999998
vt 0.88783044 0.45999998
vt 0.77216959 0.45999998
vt 0.88783044 0.45999998
vt 0.82999998 0.54506505
vt 0.82999998 0.54506505
vt 0.82999998 0.37493491
vt 0.82999998 0.37493491
vt 0.92357159 0.40742689
vt 0.92357159 0.51257312
vt 0.73642844 0.40742689
vt 0.73642844 0.51257312
vt 0.82999998 0.45999998
vt 0.82999998 0.45999998
vt 0.79600811 0.50999999
vt 0.86399186 0.50999999
vt 0.79600811 0.50999999
vt 0.86399186 0.50999999
vt 0.82999998 0.56000000
vt 0.79600811 0.41000003
vt 0.86399186 0.41000003
vt 0.79600811 0.41000003
vt 0.86399186 0.41000003
vt 0.82999998 0.36000001
vt 0.91899186 0.42909831
vt 0.91899186 0.42909831
vt 0.88499999 0.37909830
vt 0.88499999 0.37909830
vt 0.91899186 0.49090171
vt 0.91899186 0.49090171
vt 0.88499999 0.54090166
vt 0.88499999 0.54090166
vt 0.94000000 0.45999998
vt 0.74100810 0.42909831
vt 0.74100810 0.42909831
vt 0.77499998 0.37909830
vt 0.77499998 0.37909830
vt 0.74100810 0.49090171
vt 0.74100810 0.49090171
vt 0.77499998 0.54090166
vt 0.77499998 0.54090166
vt 0.72000003 0.45999998
vt 0.82999998 0.40742689
vt 0.82999998 0.51257312
vt 0.82999998 0.40742689
vt 0.82999998 0.51257312
vt 0.92357159 0.45999998
vt 0.92357159 0.45999998
vt 0.73642844 0.45999998
vt 0.73642844 0.45999998
vt 0.77216959 0.54506505
vt 0.88783044 0.54506505
vt 0.77216959 0.37493491
vt 0.88783044 0.37493491
vt 0.82999998 0.45999998
vt 0.82999998 0.45999998
vt 0.88499999 0.42909831
vt 0.88499999 0.49090171
vt 0.88499999 0.42909831
vt 0.88499999 0.49090171
vt 0.94000000 0.45999998
vt 0.77499998 0.42909831
vt 0.77499998 0.49090171
vt 0.77499998 0.42909831
vt 0.77499998 0.49090171
vt 0.72000003 0.45999998
vt 0.79600811 0.54090166
vt 0.79600811 0.54090166
vt 0.74100810 0.50999999
vt 0.74100810 0.50999999
vt 0.86399186 0.54090166
vt 0.86399186 0.54090166
vt 0.91899186 0.50999999
vt 0.91899186 0.50999999
vt 0.82999998 0.56000000
vt 0.79600811 0.37909830
vt 0.79600811 0.37909830
vt 0.74100810 0.41000003
vt 0.74100810 0.41000003
vt 0.86399186 0.37909830
vt 0.86399186 0.37909830
vt 0.91899186 0.41000003
vt 0.91899186 0.41000003
vt 0.82999998 0.36000001
vt 0.82999998 0.40742689
vt 0.82999998 0.51257312
vt 0.82999998 0.40742689
vt 0.82999998 0.51257312
vt 0.92357159 0.45999998
vt 0.92357159 0.45999998
vt 0.73642844 0.45999998
vt 0.73642844 0.45999998
vt 0.77216959 0.54506505
vt 0.88783044 0.54506505
vt 0.77216959 0.37493491
vt 0.88783044 0.37493491
vt 0.82999998 0.45999998
vt 0.82999998 0.45999998
vt 0.88499999 0.42909831
vt 0.88499999 0.49090171
vt 0.88499999 0.42909831
vt 0.88499999 0.49090171
vt 0.94000000 0.45999998
vt 0.77499998 0.42909831
vt 0.77499998 0.49090171
vt 0.77499998 0.42909831
vt 0.77499998 0.49090171
vt 0.72000003 0.45999998
vt 0.79600811 0.54090166
vt 0.79600811 0.54090166
vt 0.74100810 0.50999999
vt 0.74100810 0.50999999
vt 0.86399186 0.54090166
vt 0.86399186 0.54090166
vt 0.91899186 0.50999999
vt 0.91899186 0.50999999
vt 0.82999998 0.56000000
vt 0.79600811 0.37909830
vt 0.79600811 0.37909830
vt 0.74100810 0.41000003
vt 0.74100810 0.41000003
vt 0.86399186 0.37909830
vt 0.86399186 0.37909830
vt 0.91899186 0.41000003
vt 0.91899186 0.41000003
vt 0.82999998 0.36000001
vt 0.82999998 0.45999998
vt 0.82999998 0.56000000
vt 0.82999998 0.56000000
vt 0.82999998 0.45999998
vt 0.86399186 0.55510569
vt 0.86399186 0.55510569
vt 0.89465636 0.54090166
vt 0.89465636 0.54090166
vt 0.91899186 0.51877856
vt 0.91899186 0.51877856
vt 0.93461621 0.49090171
vt 0.93461621 0.49090171
vt 0.94000000 0.45999998
vt 0.94000000 0.45999998
vt 0.93461621 0.42909831
vt 0.93461621 0.42909831
vt 0.91899186 0.40122145
vt 0.91899186 0.40122145
vt 0.89465636 0.37909830
vt 0.89465636 0.37909830
vt 0.86399186 0.36489433
vt 0.86399186 0.36489433
vt 0.82999998 0.36000001
vt 0.82999998 0.36000001
vt 0.79600811 0.36489433
vt 0.79600811 0.36489433
vt 0.76534361 0.37909830
vt 0.76534361 0.37909830
vt 0.74100810 0.40122145
vt 0.74100810 0.40122145
vt 0.72538376 0.42909831
vt 0.72538376 0.42909831
vt 0.72000003 0.45999998
vt 0.72000003 0.45999998
vt 0.72538376 0.49090171
vt 0.72538376 0.49090171
vt 0.74100810 0.51877856
vt 0.74100810 0.51877856
vt 0.76534361 0.54090166
vt 0.76534361 0.54090166
vt 0.79600811 0.55510569
vt 0.79600811 0.55510569
vt 0.82999998 0.45999998
vt 0.82999998 0.56000000
vt 0.82999998 0.56000000
vt 0.82999998 0.45999998
vt 0.87209517 0.55238795
vt 0.87209517 0.55238795
vt 0.90778172 0.53071070
vt 0.90778172 0.53071070
vt 0.93162674 0.49826837
vt 0.93162674 0.49826837
vt 0.94000000 0.45999998
vt 0.94000000 0.45999998
vt 0.93162674 0.42173165
vt 0.93162674 0.42173165
vt 0.90778172 0.38928932
vt 0.90778172 0.38928932
vt 0.87209517 0.36761206
vt 0.87209517 0.36761206
vt 0.82999998 0.36000001
vt 0.82999998 0.36000001
vt 0.78790480 0.36761206
vt 0.78790480 0.36761206
vt 0.75221825 0.38928932
vt 0.75221825 0.38928932
vt 0.72837323 0.42173165
vt 0.72837323 0.42173165
vt 0.72000003 0.45999998
vt 0.72000003 0.45999998
vt 0.72837323 0.49826837
vt 0.72837323 0.49826837
vt 0.75221825 0.53071070
vt 0.75221825 0.53071070
vt 0.78790480 0.55238795
vt 0.78790480 0.55238795
vt 0.82999998 0.36000001
vt 0.72000003 0.36000001
vt 0.72000003 0.56000000
vt 0.82999998 0.56000000
vt 0.74100810 0.36000001
vt 0.74100810 0.56000000
vt 0.79600811 0.36000001
vt 0.79600811 0.56000000
vt 0.86399186 0.36000001
vt 0.86399186 0.56000000
vt 0.91899186 0.36000001
vt 0.91899186 0.56000000
vt 0.94000000 0.36000001
vt 0.94000000 0.56000000
vt 0.91899186 0.36000001
vt 0.91899186 0.56000000
vt 0.86399186 0.36000001
vt 0.86399186 0.56000000
vt 0.79600811 0.36000001
vt 0.79600811 0.56000000
vt 0.74100810 0.36000001
vt 0.74100810 0.56000000
vt 0.82999998 0.36000001
vt 0.72000003 0.36000001
vt 0.72000003 0.56000000
vt 0.82999998 0.56000000
vt 0.74100810 0.36000001
vt 0.74100810 0.56000000
vt 0.79600811 0.36000001
vt 0.79600811 0.56000000
vt 0.86399186 0.36000001
vt 0.86399186 0.56000000
vt 0.91899186 0.36000001
vt 0.91899186 0.56000000
vt 0.94000000 0.36000001
vt 0.94000000 0.56000000
vt 0.91899186 0.36000001
vt 0.91899186 0.56000000
vt 0.86399186 0.36000001
vt 0.86399186 0.56000000
vt 0.79600811 0.36000001
vt 0.79600811 0.56000000
vt 0.74100810 0.36000001
vt 0.74100810 0.56000000
vt 0.82999998 0.36000001
vt 0.72000003 0.36000001
vt 0.72000003 0.56000000
vt 0.82999998 0.56000000
vt 0.74100810 0.36000001
vt 0.74100810 0.56000000
vt 0.79600811 0.36000001
vt 0.79600811 0.56000000
vt 0.86399186 0.36000001
vt 0.86399186 0.56000000
vt 0.91899186 0.36000001
vt 0.91899186 0.56000000
vt 0.94000000 0.36000001
vt 0.94000000 0.56000000
vt 0.91899186 0.36000001
vt 0.91899186 0.56000000
vt 0.86399186 0.36000001
vt 0.86399186 0.56000000
vt 0.79600811 0.36000001
vt 0.79600811 0.56000000
vt 0.74100810 0.36000001
vt 0.74100810 0.56000000
vt 0.82999998 0.36000001
vt 0.72000003 0.36000001
vt 0.72000003 0.56000000
vt 0.82999998 0.56000000
vt 0.74100810 0.36000001
vt 0.74100810 0.56000000
vt 0.79600811 0.36000001
vt 0.79600811 0.56000000
vt 0.86399186 0.36000001
vt 0.86399186 0.56000000
vt 0.91899186 0.36000001
vt 0.91899186 0.56000000
vt 0.94000000 0.36000001
vt 0.94000000 0.56000000
vt 0.91899186 0.36000001
vt 0.91899186 0.56000000
vt 0.86399186 0.36000001
vt 0.86399186 0.56000000
vt 0.79600811 0.36000001
vt 0.79600811 0.56000000
vt 0.74100810 0.36000001
vt 0.74100810 0.56000000
vt 0.82999998 0.36000001
vt 0.72000003 0.36000001
vt 0.72000003 0.56000000
vt 0.82999998 0.56000000
vt 0.74100810 0.36000001
vt 0.74100810 0.56000000
vt 0.79600811 0.36000001
vt 0.79600811 0.56000000
vt 0.86399186 0.36000001
vt 0.86399186 0.56000000
vt 0.91899186 0.36000001
vt 0.91899186 0.56000000
vt 0.94000000 0.36000001
vt 0.94000000 0.56000000
vt 0.91899186 0.36000001
vt 0.91899186 0.56000000
vt 0.86399186 0.36000001
vt 0.86399186 0.56000000
vt 0.79600811 0.36000001
vt 0.79600811 0.56000000
vt 0.74100810 0.36000001
vt 0.74100810 0.56000000
vt 0.82999998 0.36000001
vt 0.72000003 0.36000001
vt 0.72000003 0.56000000
vt 0.82999998 0.56000000
vt 0.74100810 0.36000001
vt 0.74100810 0.56000000
vt 0.79600811 0.36000001
vt 0.79600811 0.56000000
vt 0.86399186 0.36000001
vt 0.86399186 0.56000000
vt 0.91899186 0.36000001
vt 0.91899186 0.56000000
vt 0.94000000 0.36000001
vt 0.94000000 0.56000000
vt 0.91899186 0.36000001
vt 0.91899186 0.56000000
vt 0.86399186 0.36000001
vt 0.86399186 0.56000000
vt 0.79600811 0.36000001
vt 0.79600811 0.56000000
vt 0.74100810 0.36000001
vt 0.74100810 0.56000000
vt 0.82999998 0.36000001
vt 0.94000000 0.36000001
vt 0.94000000 0.56000000
vt 0.82999998 0.56000000
vt 0.91899186 0.36000001
vt 0.91899186 0.56000000
vt 0.86399186 0.36000001
vt 0.86399186 0.56000000
vt 0.79600811 0.36000001
vt 0.79600811 0.56000000
vt 0.74100810 0.36000001
vt 0.74100810 0.56000000
vt 0.72000003 0.36000001
vt 0.72000003 0.56000000
vt 0.74100810 0.36000001
vt 0.74100810 0.56000000
vt 0.79600811 0.36000001
vt 0.79600811 0.56000000
vt 0.86399186 0.36000001
vt 0.86399186 0.56000000
vt 0.91899186 0.36000001
vt 0.91899186 0.56000000
vt 0.76517332 0.36417341
vt 0.77615571 0.36315882
vt 0.90580910 0.55481195
vt 0.89482671 0.55582654
vt 0.79987943 0.36096704
vt 0.92953283 0.55262017
vt 0.81034660 0.36000001
vt 0.94000000 0.55165315
vt 0.80355912 0.36062706
vt 0.93321252 0.55228019
vt 0.78210956 0.36260873
vt 0.91176295 0.55426186
vt 0.75419092 0.36518806
vt 0.88384432 0.55684119
vt 0.73046714 0.36737984
vt 0.86012053 0.55903298
vt 0.72000003 0.36834687
vt 0.84965342 0.56000000
vt 0.72678751 0.36771977
vt 0.85644090 0.55937290
vt 0.74823707 0.36573815
vt 0.87789047 0.55739129
vt 0.82999998 0.36000001
vt 0.94000000 0.36000001
vt 0.94000000 0.56000000
vt 0.82999998 0.56000000
vt 0.91899186 0.36000001
vt 0.91899186 0.56000000
vt 0.86399186 0.36000001
vt 0.86399186 0.56000000
vt 0.79600811 0.36000001
vt 0.79600811 0.56000000
vt 0.74100810 0.36000001
vt 0.74100810 0.56000000
vt 0.72000003 0.36000001
vt 0.72000003 0.56000000
vt 0.74100810 0.36000001
vt 0.74100810 0.56000000
vt 0.79600811 0.36000001
vt 0.79600811 0.56000000
vt 0.86399186 0.36000001
vt 0.86399186 0.56000000
vt 0.91899186 0.36000001
vt 0.91899186 0.56000000
vt 0.76517332 0.36417341
vt 0.77615571 0.36315882
vt 0.90580910 0.55481195
vt 0.89482671 0.55582654
vt 0.79987943 0.36096704
vt 0.92953283 0.55262017
vt 0.81034660 0.36000001
vt 0.94000000 0.55165315
vt 0.80355912 0.36062706
vt 0.93321252 0.55228019
vt 0.78210956 0.36260873
vt 0.91176295 0.55426186
vt 0.75419092 0.36518806
vt 0.88384432 0.55684119
vt 0.73046714 0.36737984
vt 0.86012053 0.55903298
vt 0.72000003 0.36834687
vt 0.84965342 0.56000000
vt 0.72678751 0.36771977
vt 0.85644090 0.55937290
vt 0.74823707 0.36573815
vt 0.87789047 0.55739129
vt 0.82999998 0.36000001
vt 0.72000003 0.36000001
vt 0.72000003 0.56000000
vt 0.82999998 0.56000000
vt 0.72663379 0.36000001
vt 0.72663379 0.56000000
vt 0.74573511 0.36000001
vt 0.74573511 0.56000000
vt 0.77499998 0.36000001
vt 0.77499998 0.56000000
vt 0.81089872 0.36000001
vt 0.81089872 0.56000000
vt 0.84910131 0.36000001
vt 0.84910131 0.56000000
vt 0.88499999 0.36000001
vt 0.88499999 0.56000000
vt 0.91426492 0.36000001
vt 0.91426492 0.56000000
vt 0.93336618 0.36000001
vt 0.93336618 0.56000000
vt 0.94000000 0.36000001
vt 0.94000000 0.56000000
vt 0.93336618 0.36000001
vt 0.93336618 0.56000000
vt 0.91426492 0.36000001
vt 0.91426492 0.56000000
vt 0.88499999 0.36000001
vt 0.88499999 0.56000000
vt 0.84910131 0.36000001
vt 0.84910131 0.56000000
vt 0.81089872 0.36000001
vt 0.81089872 0.56000000
vt 0.77499998 0.36000001
vt 0.77499998 0.56000000
vt 0.74573511 0.36000001
vt 0.74573511 0.56000000
vt 0.72663379 0.36000001
vt 0.72663379 0.56000000
vt 0.82999998 0.45999998
vt 0.82999998 0.36000001
vt 0.82999998 0.36000001
vt 0.82999998 0.45999998
vt 0.86820263 0.36603075
vt 0.86820263 0.36603075
vt 0.90179741 0.38339555
vt 0.90179741 0.38339555
vt 0.92673236 0.41000003
vt 0.92673236 0.41000003
vt 0.94000000 0.44263518
vt 0.94000000 0.44263518
vt 0.94000000 0.47736484
vt 0.94000000 0.47736484
vt 0.92673236 0.50999999
vt 0.92673236 0.50999999
vt 0.90179741 0.53660440
vt 0.90179741 0.53660440
vt 0.86820263 0.55396926
vt 0.86820263 0.55396926
vt 0.82999998 0.56000000
vt 0.82999998 0.56000000
vt 0.79179740 0.55396926
vt 0.79179740 0.55396926
vt 0.75820261 0.53660440
vt 0.75820261 0.53660440
vt 0.73326761 0.50999999
vt 0.73326761 0.50999999
vt 0.72000003 0.47736484
vt 0.72000003 0.47736484
vt 0.72000003 0.44263518
vt 0.72000003 0.44263518
vt 0.73326761 0.41000003
vt 0.73326761 0.41000003
vt 0.75820261 0.38339555
vt 0.75820261 0.38339555
vt 0.79179740 0.36603075
vt 0.79179740 0.36603075
vt 0.82999998 0.45999998
vt 0.82999998 0.36000001
vt 0.82999998 0.36000001
vt 0.82999998 0.45999998
vt 0.86820263 0.36603075
vt 0.86820263 0.36603075
vt 0.90179741 0.38339555
vt 0.90179741 0.38339555
vt 0.92673236 0.41000003
vt 0.92673236 0.41000003
vt 0.94000000 0.44263518
vt 0.94000000 0.44263518
vt 0.94000000 0.47736484
vt 0.94000000 0.47736484
vt 0.92673236 0.50999999
vt 0.92673236 0.50999999
vt 0.90179741 0.53660440
vt 0.90179741 0.53660440
vt 0.86820263 0.55396926
vt 0.86820263 0.55396926
vt 0.82999998 0.56000000
vt 0.82999998 0.56000000
vt 0.79179740 0.55396926
vt 0.79179740 0.55396926
vt 0.75820261 0.53660440
vt 0.75820261 0.53660440
vt 0.73326761 0.50999999
vt 0.73326761 0.50999999
vt 0.72000003 0.47736484
vt 0.72000003 0.47736484
vt 0.72000003 0.44263518
vt 0.72000003 0.44263518
vt 0.73326761 0.41000003
vt 0.73326761 0.41000003
vt 0.75820261 0.38339555
vt 0.75820261 0.38339555
vt 0.79179740 0.36603075
vt 0.79179740 0.36603075
vt 0.72000003 0.36000001
vt 0.94000000 0.36000001
vt 0.72000003 0.36000001
vt 0.94000000 0.36000001
vt 0.72000003 0.56000000
vt 0.94000000 0.56000000
vt 0.72000003 0.56000000
vt 0.94000000 0.56000000
vt 0.72000003 0.36000001
vt 0.94000000 0.36000001
vt 0.72000003 0.36000001
vt 0.94000000 0.36000001
vt 0.72000003 0.56000000
vt 0.94000000 0.56000000
vt 0.72000003 0.56000000
vt 0.94000000 0.56000000
vt 0.72000003 0.36000001
vt 0.94000000 0.36000001
vt 0.72000003 0.36000001
vt 0.94000000 0.36000001
vt 0.72000003 0.56000000
vt 0.94000000 0.56000000
vt 0.72000003 0.56000000
vt 0.94000000 0.56000000
vt 0.72000003 0.36000001
vt 0.94000000 0.36000001
vt 0.72000003 0.36000001
vt 0.94000000 0.36000001
vt 0.72000003 0.56000000
vt 0.94000000 0.56000000
vt 0.72000003 0.56000000
vt 0.94000000 0.56000000
vt 0.72000003 0.36000001
vt 0.94000000 0.36000001
vt 0.72000003 0.36000001
vt 0.94000000 0.36000001
vt 0.72000003 0.56000000
vt 0.94000000 0.56000000
vt 0.72000003 0.56000000
vt 0.94000000 0.56000000
vt 0.72000003 0.36000001
vt 0.94000000 0.36000001
vt 0.72000003 0.36000001
vt 0.94000000 0.36000001
vt 0.72000003 0.56000000
vt 0.94000000 0.56000000
vt 0.72000003 0.56000000
vt 0.94000000 0.56000000
vt 0.72000003 0.36000001
vt 0.94000000 0.36000001
vt 0.72000003 0.36000001
vt 0.94000000 0.36000001
vt 0.72000003 0.56000000
vt 0.94000000 0.56000000
vt 0.72000003 0.56000000
vt 0.94000000 0.56000000
vt 0.72000003 0.36000001
vt 0.72000003 0.56000000
vt 0.94000000 0.36000001
vt 0.94000000 0.56000000
vt 0.72000003 0.36000001
vt 0.72000003 0.56000000
vt 0.94000000 0.36000001
vt 0.94000000 0.56000000
vt 0.72000003 0.36000001
vt 0.72000003 0.56000000
vt 0.94000000 0.36000001
vt 0.94000000 0.56000000
vt 0.72000003 0.36000001
vt 0.72000003 0.56000000
vt 0.94000000 0.36000001
vt 0.94000000 0.56000000
vt 0.72000003 0.36000001
vt 0.72000003 0.56000000
vt 0.94000000 0.36000001
vt 0.94000000 0.56000000
vt 0.72000003 0.36000001
vt 0.72000003 0.56000000
vt 0.94000000 0.36000001
vt 0.94000000 0.56000000
vt 0.72000003 0.36000001
vt 0.72000003 0.56000000
vt 0.94000000 0.36000001
vt 0.94000000 0.56000000
vt 0.72000003 0.36000001
vt 0.72000003 0.56000000
vt 0.94000000 0.36000001
vt 0.94000000 0.56000000
vt 0.72000000 0.36000000
vt 0.72000000 0.56000000
vt 0.72000000 0.36000000
vt 0.72000000 0.56000000
vt 0.94000000 0.36000000
vt 0.94000000 0.56000000
vt 0.94000000 0.36000000
vt 0.94000000 0.56000000
vt 0.74760315 0.36000000
vt 0.94000000 0.36000000
vt 0.72000000 0.36000000
vt 0.91239685 0.36000000
vt 0.74760315 0.56000000
vt 0.94000000 0.56000000
vt 0.72000000 0.56000000
vt 0.91239685 0.56000000
vt 0.72000000 0.36000000
vt 0.91475010 0.36000000
vt 0.74524990 0.36000000
vt 0.94000000 0.36000000
vt 0.72000000 0.56000000
vt 0.91475010 0.56000000
vt 0.74524990 0.56000000
vt 0.94000000 0.56000000
vt 0.72000000 0.36000000
vt 0.72000000 0.56000000
vt 0.94000000 0.36000000
vt 0.94000000 0.56000000
vt 0.72000000 0.36000000
vt 0.72000000 0.56000000
vt 0.94000000 0.36000000
vt 0.94000000 0.56000000
vt 0.72000000 0.36000000
vt 0.72000000 0.56000000
vt 0.72000000 0.36000000
vt 0.72000000 0.56000000
vt 0.94000000 0.36000000
vt 0.94000000 0.56000000
vt 0.94000000 0.36000000
vt 0.94000000 0.56000000
vt 0.72000000 0.36000000
vt 0.72000000 0.56000000
vt 0.94000000 0.36000000
vt 0.94000000 0.56000000
vt 0.72000000 0.36000000
vt 0.72000000 0.56000000
vt 0.94000000 0.36000000
vt 0.94000000 0.56000000
vt 0.72000000 0.36000000
vt 0.72000000 0.56000000
vt 0.94000000 0.36000000
vt 0.94000000 0.56000000
vt 0.72000000 0.36000000
vt 0.72000000 0.56000000
vt 0.94000000 0.36000000
vt 0.94000000 0.56000000
vt 0.72000000 0.36417731
vt 0.72000000 0.56000000
vt 0.72000000 0.36000000
vt 0.72000000 0.55582269
vt 0.94000000 0.36417731
vt 0.94000000 0.56000000
vt 0.94000000 0.36000000
vt 0.94000000 0.55582269
vt 0.72000000 0.36000000
vt 0.72000000 0.55567133
vt 0.72000000 0.36432867
vt 0.72000000 0.56000000
vt 0.94000000 0.36000000
vt 0.94000000 0.55567133
vt 0.94000000 0.36432867
vt 0.94000000 0.56000000
vt 0.72000000 0.36000000
vt 0.72000000 0.56000000
vt 0.94000000 0.36000000
vt 0.94000000 0.56000000
vt 0.72000000 0.36000000
vt 0.72000000 0.56000000
vt 0.94000000 0.36000000
vt 0.94000000 0.56000000
vt 0.72000000 0.36000000
vt 0.72000000 0.56000000
vt 0.72000000 0.36000000
vt 0.72000000 0.56000000
vt 0.94000000 0.36000000
vt 0.94000000 0.56000000
vt 0.94000000 0.36000000
vt 0.94000000 0.56000000
vt 0.72000000 0.36000000
vt 0.72000000 0.56000000
vt 0.94000000 0.36000000
vt 0.94000000 0.56000000
vt 0.72000000 0.36000000
vt 0.72000000 0.56000000
vt 0.94000000 0.36000000
vt 0.94000000 0.56000000
vt 0.72000000 0.36000000
vt 0.72000000 0.56000000
vt 0.94000000 0.36000000
vt 0.94000000 0.56000000
vt 0.72000000 0.36000000
vt 0.72000000 0.56000000
vt 0.94000000 0.36000000
vt 0.94000000 0.56000000
vt 0.72000000 0.36417731
vt 0.72000000 0.56000000
vt 0.72000000 0.36000000
vt 0.72000000 0.55582269
vt 0.94000000 0.36417731
vt 0.94000000 0.56000000
vt 0.94000000 0.36000000
vt 0.94000000 0.55582269
vt 0.72000000 0.36000000
vt 0.72000000 0.55567133
vt 0.72000000 0.36432867
vt 0.72000000 0.56000000
vt 0.94000000 0.36000000
vt 0.94000000 0.55567133
vt 0.94000000 0.36432867
vt 0.94000000 0.56000000
vt 0.92357159 0.46000000
vt 0.92357159 0.46000000
vt 0.73642841 0.46000000
vt 0.73642841 0.46000000
vt 0.77216958 0.54506508
vt 0.88783042 0.54506508
vt 0.77216958 0.37493492
vt 0.88783042 0.37493492
vt 0.83000000 0.40742689
vt 0.83000000 0.51257311
vt 0.83000000 0.40742689
vt 0.83000000 0.51257311
vt 0.94000000 0.46000000
vt 0.72000000 0.46000000
vt 0.74100813 0.51000000
vt 0.74100813 0.51000000
vt 0.91899187 0.51000000
vt 0.91899187 0.51000000
vt 0.83000000 0.56000000
vt 0.74100813 0.41000000
vt 0.74100813 0.41000000
vt 0.91899187 0.41000000
vt 0.91899187 0.41000000
vt 0.83000000 0.36000000
vt 0.88500000 0.42909830
vt 0.77500000 0.42909830
vt 0.79600813 0.37909830
vt 0.86399187 0.37909830
vt 0.88500000 0.49090170
vt 0.77500000 0.49090170
vt 0.79600813 0.54090170
vt 0.86399187 0.54090170
vt 0.83000000 0.46000000
vt 0.88500000 0.42909830
vt 0.77500000 0.42909830
vt 0.79600813 0.37909830
vt 0.86399187 0.37909830
vt 0.88500000 0.49090170
vt 0.77500000 0.49090170
vt 0.79600813 0.54090170
vt 0.86399187 0.54090170
vt 0.83000000 0.46000000
vt 0.92357159 0.46000000
vt 0.92357159 0.46000000
vt 0.73642841 0.46000000
vt 0.73642841 0.46000000
vt 0.77216958 0.54506508
vt 0.88783042 0.54506508
vt 0.77216958 0.37493492
vt 0.88783042 0.37493492
vt 0.83000000 0.40742689
vt 0.83000000 0.51257311
vt 0.83000000 0.40742689
vt 0.83000000 0.51257311
vt 0.94000000 0.46000000
vt 0.72000000 0.46000000
vt 0.74100813 0.51000000
vt 0.74100813 0.51000000
vt 0.91899187 0.51000000
vt 0.91899187 0.51000000
vt 0.83000000 0.56000000
vt 0.74100813 0.41000000
vt 0.74100813 0.41000000
vt 0.91899187 0.41000000
vt 0.91899187 0.41000000
vt 0.83000000 0.36000000
vt 0.88500000 0.42909830
vt 0.77500000 0.42909830
vt 0.79600813 0.37909830
vt 0.86399187 0.37909830
vt 0.88500000 0.49090170
vt 0.77500000 0.49090170
vt 0.79600813 0.54090170
vt 0.86399187 0.54090170
vt 0.83000000 0.46000000
vt 0.88500000 0.42909830
vt 0.77500000 0.42909830
vt 0.79600813 0.37909830
vt 0.86399187 0.37909830
vt 0.88500000 0.49090170
vt 0.77500000 0.49090170
vt 0.79600813 0.54090170
vt 0.86399187 0.54090170
vt 0.83000000 0.46000000
vt 0.92357159 0.46000000
vt 0.92357159 0.46000000
vt 0.73642841 0.46000000
vt 0.73642841 0.46000000
vt 0.77216958 0.54506508
vt 0.88783042 0.54506508
vt 0.77216958 0.37493492
vt 0.88783042 0.37493492
vt 0.83000000 0.40742689
vt 0.83000000 0.51257311
vt 0.83000000 0.40742689
vt 0.83000000 0.51257311
vt 0.94000000 0.46000000
vt 0.72000000 0.46000000
vt 0.74100813 0.51000000
vt 0.74100813 0.51000000
vt 0.91899187 0.51000000
vt 0.91899187 0.51000000
vt 0.83000000 0.56000000
vt 0.74100813 0.41000000
vt 0.74100813 0.41000000
vt 0.91899187 0.41000000
vt 0.91899187 0.41000000
vt 0.83000000 0.36000000
vt 0.88500000 0.42909830
vt 0.77500000 0.42909830
vt 0.79600813 0.37909830
vt 0.86399187 0.37909830
vt 0.88500000 0.49090170
vt 0.77500000 0.49090170
vt 0.79600813 0.54090170
vt 0.86399187 0.54090170
vt 0.83000000 0.46000000
vt 0.88500000 0.42909830
vt 0.77500000 0.42909830
vt 0.79600813 0.37909830
vt 0.86399187 0.37909830
vt 0.88500000 0.49090170
vt 0.77500000 0.49090170
vt 0.79600813 0.54090170
vt 0.86399187 0.54090170
vt 0.83000000 0.46000000
vt 0.92357159 0.46000000
vt 0.92357159 0.46000000
vt 0.73642841 0.46000000
vt 0.73642841 0.46000000
vt 0.77216958 0.54506508
vt 0.88783042 0.54506508
vt 0.77216958 0.37493492
vt 0.88783042 0.37493492
vt 0.83000000 0.40742689
vt 0.83000000 0.51257311
vt 0.83000000 0.40742689
vt 0.83000000 0.51257311
vt 0.94000000 0.46000000
vt 0.72000000 0.46000000
vt 0.74100813 0.51000000
vt 0.74100813 0.51000000
vt 0.91899187 0.51000000
vt 0.91899187 0.51000000
vt 0.83000000 0.56000000
vt 0.74100813 0.41000000
vt 0.74100813 0.41000000
vt 0.91899187 0.41000000
vt 0.91899187 0.41000000
vt 0.83000000 0.36000000
vt 0.88500000 0.42909830
vt 0.77500000 0.42909830
vt 0.79600813 0.37909830
vt 0.86399187 0.37909830
vt 0.88500000 0.49090170
vt 0.77500000 0.49090170
vt 0.79600813 0.54090170
vt 0.86399187 0.54090170
vt 0.83000000 0.46000000
vt 0.88500000 0.42909830
vt 0.77500000 0.42909830
vt 0.79600813 0.37909830
vt 0.86399187 0.37909830
vt 0.88500000 0.49090170
vt 0.77500000 0.49090170
vt 0.79600813 0.54090170
vt 0.86399187 0.54090170
vt 0.83000000 0.46000000
vt 0.92357159 0.46000000
vt 0.92357159 0.46000000
vt 0.73642841 0.46000000
vt 0.73642841 0.46000000
vt 0.77216958 0.54506508
vt 0.88783042 0.54506508
vt 0.77216958 0.37493492
vt 0.88783042 0.37493492
vt 0.83000000 0.40742689
vt 0.83000000 0.51257311
vt 0.83000000 0.40742689
vt 0.83000000 0.51257311
vt 0.94000000 0.46000000
vt 0.72000000 0.46000000
vt 0.74100813 0.51000000
vt 0.74100813 0.51000000
vt 0.91899187 0.51000000
vt 0.91899187 0.51000000
vt 0.83000000 0.56000000
vt 0.74100813 0.41000000
vt 0.74100813 0.41000000
vt 0.91899187 0.41000000
vt 0.91899187 0.41000000
vt 0.83000000 0.36000000
vt 0.88500000 0.42909830
vt 0.77500000 0.42909830
vt 0.79600813 0.37909830
vt 0.86399187 0.37909830
vt 0.88500000 0.49090170
vt 0.77500000 0.49090170
vt 0.79600813 0.54090170
vt 0.86399187 0.54090170
vt 0.83000000 0.46000000
vt 0.88500000 0.42909830
vt 0.77500000 0.42909830
vt 0.79600813 0.37909830
vt 0.86399187 0.37909830
vt 0.88500000 0.49090170
vt 0.77500000 0.49090170
vt 0.79600813 0.54090170
vt 0.86399187 0.54090170
vt 0.83000000 0.46000000
vt 0.92357159 0.46000000
vt 0.92357159 0.46000000
vt 0.73642841 0.46000000
vt 0.73642841 0.46000000
vt 0.77216958 0.54506508
vt 0.88783042 0.54506508
vt 0.77216958 0.37493492
vt 0.88783042 0.37493492
vt 0.83000000 0.40742689
vt 0.83000000 0.51257311
vt 0.83000000 0.40742689
vt 0.83000000 0.51257311
vt 0.94000000 0.46000000
vt 0.72000000 0.46000000
vt 0.74100813 0.51000000
vt 0.74100813 0.51000000
vt 0.91899187 0.51000000
vt 0.91899187 0.51000000
vt 0.83000000 0.56000000
vt 0.74100813 0.41000000
vt 0.74100813 0.41000000
vt 0.91899187 0.41000000
vt 0.91899187 0.41000000
vt 0.83000000 0.36000000
vt 0.88500000 0.42909830
vt 0.77500000 0.42909830
vt 0.79600813 0.37909830
vt 0.86399187 0.37909830
vt 0.88500000 0.49090170
vt 0.77500000 0.49090170
vt 0.79600813 0.54090170
vt 0.86399187 0.54090170
vt 0.83000000 0.46000000
vt 0.88500000 0.42909830
vt 0.77500000 0.42909830
vt 0.79600813 0.37909830
vt 0.86399187 0.37909830
vt 0.88500000 0.49090170
vt 0.77500000 0.49090170
vt 0.79600813 0.54090170
vt 0.86399187 0.54090170
vt 0.83000000 0.46000000
vt 0.92357159 0.46000000
vt 0.92357159 0.46000000
vt 0.73642841 0.46000000
vt 0.73642841 0.46000000
vt 0.77216958 0.54506508
vt 0.88783042 0.54506508
vt 0.77216958 0.37493492
vt 0.88783042 0.37493492
vt 0.83000000 0.40742689
vt 0.83000000 0.51257311
vt 0.83000000 0.40742689
vt 0.83000000 0.51257311
vt 0.94000000 0.46000000
vt 0.72000000 0.46000000
vt 0.74100813 0.51000000
vt 0.74100813 0.51000000
vt 0.91899187 0.51000000
vt 0.91899187 0.51000000
vt 0.83000000 0.56000000
vt 0.74100813 0.41000000
vt 0.74100813 0.41000000
vt 0.91899187 0.41000000
vt 0.91899187 0.41000000
vt 0.83000000 0.36000000
vt 0.88500000 0.42909830
vt 0.77500000 0.42909830
vt 0.79600813 0.37909830
vt 0.86399187 0.37909830
vt 0.88500000 0.49090170
vt 0.77500000 0.49090170
vt 0.79600813 0.54090170
vt 0.86399187 0.54090170
vt 0.83000000 0.46000000
vt 0.88500000 0.42909830
vt 0.77500000 0.42909830
vt 0.79600813 0.37909830
vt 0.86399187 0.37909830
vt 0.88500000 0.49090170
vt 0.77500000 0.49090170
vt 0.79600813 0.54090170
vt 0.86399187 0.54090170
vt 0.83000000 0.46000000
vt 0.92357159 0.46000000
vt 0.92357159 0.46000000
vt 0.73642841 0.46000000
vt 0.73642841 0.46000000
vt 0.77216958 0.54506508
vt 0.88783042 0.54506508
vt 0.77216958 0.37493492
vt 0.88783042 0.37493492
vt 0.83000000 0.40742689
vt 0.83000000 0.51257311
vt 0.83000000 0.40742689
vt 0.83000000 0.51257311
vt 0.94000000 0.46000000
vt 0.72000000 0.46000000
vt 0.74100813 0.51000000
vt 0.74100813 0.51000000
vt 0.91899187 0.51000000
vt 0.91899187 0.51000000
vt 0.83000000 0.56000000
vt 0.74100813 0.41000000
vt 0.74100813 0.41000000
vt 0.91899187 0.41000000
vt 0.91899187 0.41000000
vt 0.83000000 0.36000000
vt 0.88500000 0.42909830
vt 0.77500000 0.42909830
vt 0.79600813 0.37909830
vt 0.86399187 0.37909830
vt 0.88500000 0.49090170
vt 0.77500000 0.49090170
vt 0.79600813 0.54090170
vt 0.86399187 0.54090170
vt 0.83000000 0.46000000
vt 0.88500000 0.42909830
vt 0.77500000 0.42909830
vt 0.79600813 0.37909830
vt 0.86399187 0.37909830
vt 0.88500000 0.49090170
vt 0.77500000 0.49090170
vt 0.79600813 0.54090170
vt 0.86399187 0.54090170
vt 0.83000000 0.46000000
vt 0.92357159 0.46000000
vt 0.92357159 0.46000000
vt 0.73642841 0.46000000
vt 0.73642841 0.46000000
vt 0.77216958 0.54506508
vt 0.88783042 0.54506508
vt 0.77216958 0.37493492
vt 0.88783042 0.37493492
vt 0.83000000 0.40742689
vt 0.83000000 0.51257311
vt 0.83000000 0.40742689
vt 0.83000000 0.51257311
vt 0.94000000 0.46000000
vt 0.72000000 0.46000000
vt 0.74100813 0.51000000
vt 0.74100813 0.51000000
vt 0.91899187 0.51000000
vt 0.91899187 0.51000000
vt 0.83000000 0.56000000
vt 0.74100813 0.41000000
vt 0.74100813 0.41000000
vt 0.91899187 0.41000000
vt 0.91899187 0.41000000
vt 0.83000000 0.36000000
vt 0.88500000 0.42909830
vt 0.77500000 0.42909830
vt 0.79600813 0.37909830
vt 0.86399187 0.37909830
vt 0.88500000 0.49090170
vt 0.77500000 0.49090170
vt 0.79600813 0.54090170
vt 0.86399187 0.54090170
vt 0.83000000 0.46000000
vt 0.88500000 0.42909830
vt 0.77500000 0.42909830
vt 0.79600813 0.37909830
vt 0.86399187 0.37909830
vt 0.88500000 0.49090170
vt 0.77500000 0.49090170
vt 0.79600813 0.54090170
vt 0.86399187 0.54090170
vt 0.83000000 0.46000000
vt 0.92357159 0.46000000
vt 0.92357159 0.46000000
vt 0.73642841 0.46000000
vt 0.73642841 0.46000000
vt 0.77216958 0.54506508
vt 0.88783042 0.54506508
vt 0.77216958 0.37493492
vt 0.88783042 0.37493492
vt 0.83000000 0.40742689
vt 0.83000000 0.51257311
vt 0.83000000 0.40742689
vt 0.83000000 0.51257311
vt 0.94000000 0.46000000
vt 0.72000000 0.46000000
vt 0.74100813 0.51000000
vt 0.74100813 0.51000000
vt 0.91899187 0.51000000
vt 0.91899187 0.51000000
vt 0.83000000 0.56000000
vt 0.74100813 0.41000000
vt 0.74100813 0.41000000
vt 0.91899187 0.41000000
vt 0.91899187 0.41000000
vt 0.83000000 0.36000000
vt 0.88500000 0.42909830
vt 0.77500000 0.42909830
vt 0.79600813 0.37909830
vt 0.86399187 0.37909830
vt 0.88500000 0.49090170
vt 0.77500000 0.49090170
vt 0.79600813 0.54090170
vt 0.86399187 0.54090170
vt 0.83000000 0.46000000
vt 0.88500000 0.42909830
vt 0.77500000 0.42909830
vt 0.79600813 0.37909830
vt 0.86399187 0.37909830
vt 0.88500000 0.49090170
vt 0.77500000 0.49090170
vt 0.79600813 0.54090170
vt 0.86399187 0.54090170
vt 0.83000000 0.46000000
vt 0.92357159 0.46000000
vt 0.92357159 0.46000000
vt 0.73642841 0.46000000
vt 0.73642841 0.46000000
vt 0.77216958 0.54506508
vt 0.88783042 0.54506508
vt 0.77216958 0.37493492
vt 0.88783042 0.37493492
vt 0.83000000 0.40742689
vt 0.83000000 0.51257311
vt 0.83000000 0.40742689
vt 0.83000000 0.51257311
vt 0.94000000 0.46000000
vt 0.72000000 0.46000000
vt 0.74100813 0.51000000
vt 0.74100813 0.51000000
vt 0.91899187 0.51000000
vt 0.91899187 0.51000000
vt 0.83000000 0.56000000
vt 0.74100813 0.41000000
vt 0.74100813 0.41000000
vt 0.91899187 0.41000000
vt 0.91899187 0.41000000
vt 0.83000000 0.36000000
vt 0.88500000 0.42909830
vt 0.77500000 0.42909830
vt 0.79600813 0.37909830
vt 0.86399187 0.37909830
vt 0.88500000 0.49090170
vt 0.77500000 0.49090170
vt 0.79600813 0.54090170
vt 0.86399187 0.54090170
vt 0.83000000 0.46000000
vt 0.88500000 0.42909830
vt 0.77500000 0.42909830
vt 0.79600813 0.37909830
vt 0.86399187 0.37909830
vt 0.88500000 0.49090170
vt 0.77500000 0.49090170
vt 0.79600813 0.54090170
vt 0.86399187 0.54090170
vt 0.83000000 0.46000000
vt 0.92357159 0.46000000
vt 0.92357159 0.46000000
vt 0.73642841 0.46000000
vt 0.73642841 0.46000000
vt 0.77216958 0.54506508
vt 0.88783042 0.54506508
vt 0.77216958 0.37493492
vt 0.88783042 0.37493492
vt 0.83000000 0.40742689
vt 0.83000000 0.51257311
vt 0.83000000 0.40742689
vt 0.83000000 0.51257311
vt 0.94000000 0.46000000
vt 0.72000000 0.46000000
vt 0.74100813 0.51000000
vt 0.74100813 0.51000000
vt 0.91899187 0.51000000
vt 0.91899187 0.51000000
vt 0.83000000 0.56000000
vt 0.74100813 0.41000000
vt 0.74100813 0.41000000
vt 0.91899187 0.41000000
vt 0.91899187 0.41000000
vt 0.83000000 0.36000000
vt 0.88500000 0.42909830
vt 0.77500000 0.42909830
vt 0.79600813 0.37909830
vt 0.86399187 0.37909830
vt 0.88500000 0.49090170
vt 0.77500000 0.49090170
vt 0.79600813 0.54090170
vt 0.86399187 0.54090170
vt 0.83000000 0.46000000
vt 0.88500000 0.42909830
vt 0.77500000 0.42909830
vt 0.79600813 0.37909830
vt 0.86399187 0.37909830
vt 0.88500000 0.49090170
vt 0.77500000 0.49090170
vt 0.79600813 0.54090170
vt 0.86399187 0.54090170
vt 0.83000000 0.46000000
vt 0.92357159 0.46000000
vt 0.92357159 0.46000000
vt 0.73642841 0.46000000
vt 0.73642841 0.46000000
vt 0.77216958 0.54506508
vt 0.88783042 0.54506508
vt 0.77216958 0.37493492
vt 0.88783042 0.37493492
vt 0.83000000 0.40742689
vt 0.83000000 0.51257311
vt 0.83000000 0.40742689
vt 0.83000000 0.51257311
vt 0.94000000 0.46000000
vt 0.72000000 0.46000000
vt 0.74100813 0.51000000
vt 0.74100813 0.51000000
vt 0.91899187 0.51000000
vt 0.91899187 0.51000000
vt 0.83000000 0.56000000
vt 0.74100813 0.41000000
vt 0.74100813 0.41000000
vt 0.91899187 0.41000000
vt 0.91899187 0.41000000
vt 0.83000000 0.36000000
vt 0.88500000 0.42909830
vt 0.77500000 0.42909830
vt 0.79600813 0.37909830
vt 0.86399187 0.37909830
vt 0.88500000 0.49090170
vt 0.77500000 0.49090170
vt 0.79600813 0.54090170
vt 0.86399187 0.54090170
vt 0.83000000 0.46000000
vt 0.88500000 0.42909830
vt 0.77500000 0.42909830
vt 0.79600813 0.37909830
vt 0.86399187 0.37909830
vt 0.88500000 0.49090170
vt 0.77500000 0.49090170
vt 0.79600813 0.54090170
vt 0.86399187 0.54090170
vt 0.83000000 0.46000000
vt 0.92357159 0.46000000
vt 0.92357159 0.46000000
vt 0.73642841 0.46000000
vt 0.73642841 0.46000000
vt 0.77216958 0.54506508
vt 0.88783042 0.54506508
vt 0.77216958 0.37493492
vt 0.88783042 0.37493492
vt 0.83000000 0.40742689
vt 0.83000000 0.51257311
vt 0.83000000 0.40742689
vt 0.83000000 0.51257311
vt 0.94000000 0.46000000
vt 0.72000000 0.46000000
vt 0.74100813 0.51000000
vt 0.74100813 0.51000000
vt 0.91899187 0.51000000
vt 0.91899187 0.51000000
vt 0.83000000 0.56000000
vt 0.74100813 0.41000000
vt 0.74100813 0.41000000
vt 0.91899187 0.41000000
vt 0.91899187 0.41000000
vt 0.83000000 0.36000000
vt 0.88500000 0.42909830
vt 0.77500000 0.42909830
vt 0.79600813 0.37909830
vt 0.86399187 0.37909830
vt 0.88500000 0.49090170
vt 0.77500000 0.49090170
vt 0.79600813 0.54090170
vt 0.86399187 0.54090170
vt 0.83000000 0.46000000
vt 0.88500000 0.42909830
vt 0.77500000 0.42909830
vt 0.79600813 0.37909830
vt 0.86399187 0.37909830
vt 0.88500000 0.49090170
vt 0.77500000 0.49090170
vt 0.79600813 0.54090170
vt 0.86399187 0.54090170
vt 0.83000000 0.46000000
vt 0.77954551 0.55829559
vt 0.77954551 0.55829559
vt 0.88045449 0.36170441
vt 0.88045449 0.36170441
vt 0.81634665 0.55934897
vt 0.91725564 0.36275780
vt 0.83909101 0.56000000
vt 0.94000000 0.36340883
vt 0.83909101 0.56000000
vt 0.94000000 0.36340883
vt 0.81634665 0.55934897
vt 0.91725564 0.36275780
vt 0.77954551 0.55829559
vt 0.88045449 0.36170441
vt 0.74274436 0.55724220
vt 0.84365335 0.36065103
vt 0.72000000 0.55659117
vt 0.82090899 0.36000000
vt 0.72000000 0.55659117
vt 0.82090899 0.36000000
vt 0.74274436 0.55724220
vt 0.84365335 0.36065103
vt 0.92004312 0.54295152
vt 0.92004312 0.54295152
vt 0.73995688 0.37704848
vt 0.73995688 0.37704848
vt 0.93002156 0.53442728
vt 0.74993533 0.36852424
vt 0.93732628 0.52818710
vt 0.75724005 0.36228406
vt 0.94000000 0.52590303
vt 0.75991377 0.36000000
vt 0.93732628 0.52818710
vt 0.75724005 0.36228406
vt 0.93002156 0.53442728
vt 0.74993533 0.36852424
vt 0.92004312 0.54295152
vt 0.73995688 0.37704848
vt 0.91006467 0.55147576
vt 0.72997844 0.38557272
vt 0.90275995 0.55771594
vt 0.72267372 0.39181290
vt 0.90008623 0.56000000
vt 0.72000000 0.39409697
vt 0.90275995 0.55771594
vt 0.72267372 0.39181290
vt 0.91006467 0.55147576
vt 0.72997844 0.38557272
vt 0.77954551 0.55829559
vt 0.77954551 0.55829559
vt 0.88045449 0.36170441
vt 0.88045449 0.36170441
vt 0.81634665 0.55934897
vt 0.91725564 0.36275780
vt 0.83909101 0.56000000
vt 0.94000000 0.36340883
vt 0.83909101 0.56000000
vt 0.94000000 0.36340883
vt 0.81634665 0.55934897
vt 0.91725564 0.36275780
vt 0.77954551 0.55829559
vt 0.88045449 0.36170441
vt 0.74274436 0.55724220
vt 0.84365335 0.36065103
vt 0.72000000 0.55659117
vt 0.82090899 0.36000000
vt 0.72000000 0.55659117
vt 0.82090899 0.36000000
vt 0.74274436 0.55724220
vt 0.84365335 0.36065103
vt 0.92004312 0.54295152
vt 0.92004312 0.54295152
vt 0.73995688 0.37704848
vt 0.73995688 0.37704848
vt 0.93002156 0.53442728
vt 0.74993533 0.36852424
vt 0.93732628 0.52818710
vt 0.75724005 0.36228406
vt 0.94000000 0.52590303
vt 0.75991377 0.36000000
vt 0.93732628 0.52818710
vt 0.75724005 0.36228406
vt 0.93002156 0.53442728
vt 0.74993533 0.36852424
vt 0.92004312 0.54295152
vt 0.73995688 0.37704848
vt 0.91006467 0.55147576
vt 0.72997844 0.38557272
vt 0.90275995 0.55771594
vt 0.72267372 0.39181290
vt 0.90008623 0.56000000
vt 0.72000000 0.39409697
vt 0.90275995 0.55771594
vt 0.72267372 0.39181290
vt 0.91006467 0.55147576
vt 0.72997844 0.38557272
vt 0.77954551 0.55829559
vt 0.77954551 0.55829559
vt 0.88045449 0.36170441
vt 0.88045449 0.36170441
vt 0.81634665 0.55934897
vt 0.91725564 0.36275780
vt 0.83909101 0.56000000
vt 0.94000000 0.36340883
vt 0.83909101 0.56000000
vt 0.94000000 0.36340883
vt 0.81634665 0.55934897
vt 0.91725564 0.36275780
vt 0.77954551 0.55829559
vt 0.88045449 0.36170441
vt 0.74274436 0.55724220
vt 0.84365335 0.36065103
vt 0.72000000 0.55659117
vt 0.82090899 0.36000000
vt 0.72000000 0.55659117
vt 0.82090899 0.36000000
vt 0.74274436 0.55724220
vt 0.84365335 0.36065103
vt 0.92004312 0.54295152
vt 0.92004312 0.54295152
vt 0.73995688 0.37704848
vt 0.73995688 0.37704848
vt 0.93002156 0.53442728
vt 0.74993533 0.36852424
vt 0.93732628 0.52818710
vt 0.75724005 0.36228406
vt 0.94000000 0.52590303
vt 0.75991377 0.36000000
vt 0.93732628 0.52818710
vt 0.75724005 0.36228406
vt 0.93002156 0.53442728
vt 0.74993533 0.36852424
vt 0.92004312 0.54295152
vt 0.73995688 0.37704848
vt 0.91006467 0.55147576
vt 0.72997844 0.38557272
vt 0.90275995 0.55771594
vt 0.72267372 0.39181290
vt 0.90008623 0.56000000
vt 0.72000000 0.39409697
vt 0.90275995 0.55771594
vt 0.72267372 0.39181290
vt 0.91006467 0.55147576
vt 0.72997844 0.38557272
vt 0.77954551 0.55829559
vt 0.77954551 0.55829559
vt 0.88045449 0.36170441
vt 0.88045449 0.36170441
vt 0.81634665 0.55934897
vt 0.91725564 0.36275780
vt 0.83909101 0.56000000
vt 0.94000000 0.36340883
vt 0.83909101 0.56000000
vt 0.94000000 0.36340883
vt 0.81634665 0.55934897
vt 0.91725564 0.36275780
vt 0.77954551 0.55829559
vt 0.88045449 0.36170441
vt 0.74274436 0.55724220
vt 0.84365335 0.36065103
vt 0.72000000 0.55659117
vt 0.82090899 0.36000000
vt 0.72000000 0.55659117
vt 0.82090899 0.36000000
vt 0.74274436 0.55724220
vt 0.84365335 0.36065103
vt 0.92004312 0.54295152
vt 0.92004312 0.54295152
vt 0.73995688 0.37704848
vt 0.73995688 0.37704848
vt 0.93002156 0.53442728
vt 0.74993533 0.36852424
vt 0.93732628 0.52818710
vt 0.75724005 0.36228406
vt 0.94000000 0.52590303
vt 0.75991377 0.36000000
vt 0.93732628 0.52818710
vt 0.75724005 0.36228406
vt 0.93002156 0.53442728
vt 0.74993533 0.36852424
vt 0.92004312 0.54295152
vt 0.73995688 0.37704848
vt 0.91006467 0.55147576
vt 0.72997844 0.38557272
vt 0.90275995 0.55771594
vt 0.72267372 0.39181290
vt 0.90008623 0.56000000
vt 0.72000000 0.39409697
vt 0.90275995 0.55771594
vt 0.72267372 0.39181290
vt 0.91006467 0.55147576
vt 0.72997844 0.38557272
vt 0.77954551 0.55829559
vt 0.77954551 0.55829559
vt 0.88045449 0.36170441
vt 0.88045449 0.36170441
vt 0.81634665 0.55934897
vt 0.91725564 0.36275780
vt 0.83909101 0.56000000
vt 0.94000000 0.36340883
vt 0.83909101 0.56000000
vt 0.94000000 0.36340883
vt 0.81634665 0.55934897
vt 0.91725564 0.36275780
vt 0.77954551 0.55829559
vt 0.88045449 0.36170441
vt 0.74274436 0.55724220
vt 0.84365335 0.36065103
vt 0.72000000 0.55659117
vt 0.82090899 0.36000000
vt 0.72000000 0.55659117
vt 0.82090899 0.36000000
vt 0.74274436 0.55724220
vt 0.84365335 0.36065103
vt 0.92004312 0.54295152
vt 0.92004312 0.54295152
vt 0.73995688 0.37704848
vt 0.73995688 0.37704848
vt 0.93002156 0.53442728
vt 0.74993533 0.36852424
vt 0.93732628 0.52818710
vt 0.75724005 0.36228406
vt 0.94000000 0.52590303
vt 0.75991377 0.36000000
vt 0.93732628 0.52818710
vt 0.75724005 0.36228406
vt 0.93002156 0.53442728
vt 0.74993533 0.36852424
vt 0.92004312 0.54295152
vt 0.73995688 0.37704848
vt 0.91006467 0.55147576
vt 0.72997844 0.38557272
vt 0.90275995 0.55771594
vt 0.72267372 0.39181290
vt 0.90008623 0.56000000
vt 0.72000000 0.39409697
vt 0.90275995 0.55771594
vt 0.72267372 0.39181290
vt 0.91006467 0.55147576
vt 0.72997844 0.38557272
vt 0.92357159 0.46000000
vt 0.92357159 0.46000000
vt 0.73642841 0.46000000
vt 0.73642841 0.46000000
vt 0.77216958 0.54506508
vt 0.88783042 0.54506508
vt 0.77216958 0.37493492
vt 0.88783042 0.37493492
vt 0.83000000 0.40742689
vt 0.83000000 0.51257311
vt 0.83000000 0.40742689
vt 0.83000000 0.51257311
vt 0.94000000 0.46000000
vt 0.72000000 0.46000000
vt 0.74100813 0.51000000
vt 0.74100813 0.51000000
vt 0.91899187 0.51000000
vt 0.91899187 0.51000000
vt 0.83000000 0.56000000
vt 0.74100813 0.41000000
vt 0.74100813 0.41000000
vt 0.91899187 0.41000000
vt 0.91899187 0.41000000
vt 0.83000000 0.36000000
vt 0.88500000 0.42909830
vt 0.77500000 0.42909830
vt 0.79600813 0.37909830
vt 0.86399187 0.37909830
vt 0.88500000 0.49090170
vt 0.77500000 0.49090170
vt 0.79600813 0.54090170
vt 0.86399187 0.54090170
vt 0.83000000 0.46000000
vt 0.88500000 0.42909830
vt 0.77500000 0.42909830
vt 0.79600813 0.37909830
vt 0.86399187 0.37909830
vt 0.88500000 0.49090170
vt 0.77500000 0.49090170
vt 0.79600813 0.54090170
vt 0.86399187 0.54090170
vt 0.83000000 0.46000000
vt 0.92357159 0.46000000
vt 0.92357159 0.46000000
vt 0.73642841 0.46000000
vt 0.73642841 0.46000000
vt 0.77216958 0.54506508
vt 0.88783042 0.54506508
vt 0.77216958 0.37493492
vt 0.88783042 0.37493492
vt 0.83000000 0.40742689
vt 0.83000000 0.51257311
vt 0.83000000 0.40742689
vt 0.83000000 0.51257311
vt 0.94000000 0.46000000
vt 0.72000000 0.46000000
vt 0.74100813 0.51000000
vt 0.74100813 0.51000000
vt 0.91899187 0.51000000
vt 0.91899187 0.51000000
vt 0.83000000 0.56000000
vt 0.74100813 0.41000000
vt 0.74100813 0.41000000
vt 0.91899187 0.41000000
vt 0.91899187 0.41000000
vt 0.83000000 0.36000000
vt 0.88500000 0.42909830
vt 0.77500000 0.42909830
vt 0.79600813 0.37909830
vt 0.86399187 0.37909830
vt 0.88500000 0.49090170
vt 0.77500000 0.49090170
vt 0.79600813 0.54090170
vt 0.86399187 0.54090170
vt 0.83000000 0.46000000
vt 0.88500000 0.42909830
vt 0.77500000 0.42909830
vt 0.79600813 0.37909830
vt 0.86399187 0.37909830
vt 0.88500000 0.49090170
vt 0.77500000 0.49090170
vt 0.79600813 0.54090170
vt 0.86399187 0.54090170
vt 0.83000000 0.46000000
vt 0.92357159 0.46000000
vt 0.92357159 0.46000000
vt 0.73642841 0.46000000
vt 0.73642841 0.46000000
vt 0.77216958 0.54506508
vt 0.88783042 0.54506508
vt 0.77216958 0.37493492
vt 0.88783042 0.37493492
vt 0.83000000 0.40742689
vt 0.83000000 0.51257311
vt 0.83000000 0.40742689
vt 0.83000000 0.51257311
vt 0.94000000 0.46000000
vt 0.72000000 0.46000000
vt 0.74100813 0.51000000
vt 0.74100813 0.51000000
vt 0.91899187 0.51000000
vt 0.91899187 0.51000000
vt 0.83000000 0.56000000
vt 0.74100813 0.41000000
vt 0.74100813 0.41000000
vt 0.91899187 0.41000000
vt 0.91899187 0.41000000
vt 0.83000000 0.36000000
vt 0.88500000 0.42909830
vt 0.77500000 0.42909830
vt 0.79600813 0.37909830
vt 0.86399187 0.37909830
vt 0.88500000 0.49090170
vt 0.77500000 0.49090170
vt 0.79600813 0.54090170
vt 0.86399187 0.54090170
vt 0.83000000 0.46000000
vt 0.88500000 0.42909830
vt 0.77500000 0.42909830
vt 0.79600813 0.37909830
vt 0.86399187 0.37909830
vt 0.88500000 0.49090170
vt 0.77500000 0.49090170
vt 0.79600813 0.54090170
vt 0.86399187 0.54090170
vt 0.83000000 0.46000000
vt 0.92357159 0.46000000
vt 0.92357159 0.46000000
vt 0.73642841 0.46000000
vt 0.73642841 0.46000000
vt 0.77216958 0.54506508
vt 0.88783042 0.54506508
vt 0.77216958 0.37493492
vt 0.88783042 0.37493492
vt 0.83000000 0.40742689
vt 0.83000000 0.51257311
vt 0.83000000 0.40742689
vt 0.83000000 0.51257311
vt 0.94000000 0.46000000
vt 0.72000000 0.46000000
vt 0.74100813 0.51000000
vt 0.74100813 0.51000000
vt 0.91899187 0.51000000
vt 0.91899187 0.51000000
vt 0.83000000 0.56000000
vt 0.74100813 0.41000000
vt 0.74100813 0.41000000
vt 0.91899187 0.41000000
vt 0.91899187 0.41000000
vt 0.83000000 0.36000000
vt 0.88500000 0.42909830
vt 0.77500000 0.42909830
vt 0.79600813 0.37909830
vt 0.86399187 0.37909830
vt 0.88500000 0.49090170
vt 0.77500000 0.49090170
vt 0.79600813 0.54090170
vt 0.86399187 0.54090170
vt 0.83000000 0.46000000
vt 0.88500000 0.42909830
vt 0.77500000 0.42909830
vt 0.79600813 0.37909830
vt 0.86399187 0.37909830
vt 0.88500000 0.49090170
vt 0.77500000 0.49090170
vt 0.79600813 0.54090170
vt 0.86399187 0.54090170
vt 0.83000000 0.46000000
vt 0.92357159 0.46000000
vt 0.92357159 0.46000000
vt 0.73642841 0.46000000
vt 0.73642841 0.46000000
vt 0.77216958 0.54506508
vt 0.88783042 0.54506508
vt 0.77216958 0.37493492
vt 0.88783042 0.37493492
vt 0.83000000 0.40742689
vt 0.83000000 0.51257311
vt 0.83000000 0.40742689
vt 0.83000000 0.51257311
vt 0.94000000 0.46000000
vt 0.72000000 0.46000000
vt 0.74100813 0.51000000
vt 0.74100813 0.51000000
vt 0.91899187 0.51000000
vt 0.91899187 0.51000000
vt 0.83000000 0.56000000
vt 0.74100813 0.41000000
vt 0.74100813 0.41000000
vt 0.91899187 0.41000000
vt 0.91899187 0.41000000
vt 0.83000000 0.36000000
vt 0.88500000 0.42909830
vt 0.77500000 0.42909830
vt 0.79600813 0.37909830
vt 0.86399187 0.37909830
vt 0.88500000 0.49090170
vt 0.77500000 0.49090170
vt 0.79600813 0.54090170
vt 0.86399187 0.54090170
vt 0.83000000 0.46000000
vt 0.88500000 0.42909830
vt 0.77500000 0.42909830
vt 0.79600813 0.37909830
vt 0.86399187 0.37909830
vt 0.88500000 0.49090170
vt 0.77500000 0.49090170
vt 0.79600813 0.54090170
vt 0.86399187 0.54090170
vt 0.83000000 0.46000000
vt 0.92357159 0.46000000
vt 0.92357159 0.46000000
vt 0.73642841 0.46000000
vt 0.73642841 0.46000000
vt 0.77216958 0.54506508
vt 0.88783042 0.54506508
vt 0.77216958 0.37493492
vt 0.88783042 0.37493492
vt 0.83000000 0.40742689
vt 0.83000000 0.51257311
vt 0.83000000 0.40742689
vt 0.83000000 0.51257311
vt 0.94000000 0.46000000
vt 0.72000000 0.46000000
vt 0.74100813 0.51000000
vt 0.74100813 0.51000000
vt 0.91899187 0.51000000
vt 0.91899187 0.51000000
vt 0.83000000 0.56000000
vt 0.74100813 0.41000000
vt 0.74100813 0.41000000
vt 0.91899187 0.41000000
vt 0.91899187 0.41000000
vt 0.83000000 0.36000000
vt 0.88500000 0.42909830
vt 0.77500000 0.42909830
vt 0.79600813 0.37909830
vt 0.86399187 0.37909830
vt 0.88500000 0.49090170
vt 0.77500000 0.49090170
vt 0.79600813 0.54090170
vt 0.86399187 0.54090170
vt 0.83000000 0.46000000
vt 0.88500000 0.42909830
vt 0.77500000 0.42909830
vt 0.79600813 0.37909830
vt 0.86399187 0.37909830
vt 0.88500000 0.49090170
vt 0.77500000 0.49090170
vt 0.79600813 0.54090170
vt 0.86399187 0.54090170
vt 0.83000000 0.46000000
vt 0.92357159 0.46000000
vt 0.92357159 0.46000000
vt 0.73642841 0.46000000
vt 0.73642841 0.46000000
vt 0.77216958 0.54506508
vt 0.88783042 0.54506508
vt 0.77216958 0.37493492
vt 0.88783042 0.37493492
vt 0.83000000 0.40742689
vt 0.83000000 0.51257311
vt 0.83000000 0.40742689
vt 0.83000000 0.51257311
vt 0.94000000 0.46000000
vt 0.72000000 0.46000000
vt 0.74100813 0.51000000
vt 0.74100813 0.51000000
vt 0.91899187 0.51000000
vt 0.91899187 0.51000000
vt 0.83000000 0.56000000
vt 0.74100813 0.41000000
vt 0.74100813 0.41000000
vt 0.91899187 0.41000000
vt 0.91899187 0.41000000
vt 0.83000000 0.36000000
vt 0.88500000 0.42909830
vt 0.77500000 0.42909830
vt 0.79600813 0.37909830
vt 0.86399187 0.37909830
vt 0.88500000 0.49090170
vt 0.77500000 0.49090170
vt 0.79600813 0.54090170
vt 0.86399187 0.54090170
vt 0.83000000 0.46000000
vt 0.88500000 0.42909830
vt 0.77500000 0.42909830
vt 0.79600813 0.37909830
vt 0.86399187 0.37909830
vt 0.88500000 0.49090170
vt 0.77500000 0.49090170
vt 0.79600813 0.54090170
vt 0.86399187 0.54090170
vt 0.83000000 0.46000000
vt 0.92357159 0.46000000
vt 0.92357159 0.46000000
vt 0.73642841 0.46000000
vt 0.73642841 0.46000000
vt 0.77216958 0.54506508
vt 0.88783042 0.54506508
vt 0.77216958 0.37493492
vt 0.88783042 0.37493492
vt 0.83000000 0.40742689
vt 0.83000000 0.51257311
vt 0.83000000 0.40742689
vt 0.83000000 0.51257311
vt 0.94000000 0.46000000
vt 0.72000000 0.46000000
vt 0.74100813 0.51000000
vt 0.74100813 0.51000000
vt 0.91899187 0.51000000
vt 0.91899187 0.51000000
vt 0.83000000 0.56000000
vt 0.74100813 0.41000000
vt 0.74100813 0.41000000
vt 0.91899187 0.41000000
vt 0.91899187 0.41000000
vt 0.83000000 0.36000000
vt 0.88500000 0.42909830
vt 0.77500000 0.42909830
vt 0.79600813 0.37909830
vt 0.86399187 0.37909830
vt 0.88500000 0.49090170
vt 0.77500000 0.49090170
vt 0.79600813 0.54090170
vt 0.86399187 0.54090170
vt 0.83000000 0.46000000
vt 0.88500000 0.42909830
vt 0.77500000 0.42909830
vt 0.79600813 0.37909830
vt 0.86399187 0.37909830
vt 0.88500000 0.49090170
vt 0.77500000 0.49090170
vt 0.79600813 0.54090170
vt 0.86399187 0.54090170
vt 0.83000000 0.46000000
vt 0.92357159 0.46000000
vt 0.92357159 0.46000000
vt 0.73642841 0.46000000
vt 0.73642841 0.46000000
vt 0.77216958 0.54506508
vt 0.88783042 0.54506508
vt 0.77216958 0.37493492
vt 0.88783042 0.37493492
vt 0.83000000 0.40742689
vt 0.83000000 0.51257311
vt 0.83000000 0.40742689
vt 0.83000000 0.51257311
vt 0.94000000 0.46000000
vt 0.72000000 0.46000000
vt 0.74100813 0.51000000
vt 0.74100813 0.51000000
vt 0.91899187 0.51000000
vt 0.91899187 0.51000000
vt 0.83000000 0.56000000
vt 0.74100813 0.41000000
vt 0.74100813 0.41000000
vt 0.91899187 0.41000000
vt 0.91899187 0.41000000
vt 0.83000000 0.36000000
vt 0.88500000 0.42909830
vt 0.77500000 0.42909830
vt 0.79600813 0.37909830
vt 0.86399187 0.37909830
vt 0.88500000 0.49090170
vt 0.77500000 0.49090170
vt 0.79600813 0.54090170
vt 0.86399187 0.54090170
vt 0.83000000 0.46000000
vt 0.88500000 0.42909830
vt 0.77500000 0.42909830
vt 0.79600813 0.37909830
vt 0.86399187 0.37909830
vt 0.88500000 0.49090170
vt 0.77500000 0.49090170
vt 0.79600813 0.54090170
vt 0.86399187 0.54090170
vt 0.83000000 0.46000000
vt 0.92357159 0.46000000
vt 0.92357159 0.46000000
vt 0.73642841 0.46000000
vt 0.73642841 0.46000000
vt 0.77216958 0.54506508
vt 0.88783042 0.54506508
vt 0.77216958 0.37493492
vt 0.88783042 0.37493492
vt 0.83000000 0.40742689
vt 0.83000000 0.51257311
vt 0.83000000 0.40742689
vt 0.83000000 0.51257311
vt 0.94000000 0.46000000
vt 0.72000000 0.46000000
vt 0.74100813 0.51000000
vt 0.74100813 0.51000000
vt 0.91899187 0.51000000
vt 0.91899187 0.51000000
vt 0.83000000 0.56000000
vt 0.74100813 0.41000000
vt 0.74100813 0.41000000
vt 0.91899187 0.41000000
vt 0.91899187 0.41000000
vt 0.83000000 0.36000000
vt 0.88500000 0.42909830
vt 0.77500000 0.42909830
vt 0.79600813 0.37909830
vt 0.86399187 0.37909830
vt 0.88500000 0.49090170
vt 0.77500000 0.49090170
vt 0.79600813 0.54090170
vt 0.86399187 0.54090170
vt 0.83000000 0.46000000
vt 0.88500000 0.42909830
vt 0.77500000 0.42909830
vt 0.79600813 0.37909830
vt 0.86399187 0.37909830
vt 0.88500000 0.49090170
vt 0.77500000 0.49090170
vt 0.79600813 0.54090170
vt 0.86399187 0.54090170
vt 0.83000000 0.46000000
vt 0.92357159 0.46000000
vt 0.92357159 0.46000000
vt 0.73642841 0.46000000
vt 0.73642841 0.46000000
vt 0.77216958 0.54506508
vt 0.88783042 0.54506508
vt 0.77216958 0.37493492
vt 0.88783042 0.37493492
vt 0.83000000 0.40742689
vt 0.83000000 0.51257311
vt 0.83000000 0.40742689
vt 0.83000000 0.51257311
vt 0.94000000 0.46000000
vt 0.72000000 0.46000000
vt 0.74100813 0.51000000
vt 0.74100813 0.51000000
vt 0.91899187 0.51000000
vt 0.91899187 0.51000000
vt 0.83000000 0.56000000
vt 0.74100813 0.41000000
vt 0.74100813 0.41000000
vt 0.91899187 0.41000000
vt 0.91899187 0.41000000
vt 0.83000000 0.36000000
vt 0.88500000 0.42909830
vt 0.77500000 0.42909830
vt 0.79600813 0.37909830
vt 0.86399187 0.37909830
vt 0.88500000 0.49090170
vt 0.77500000 0.49090170
vt 0.79600813 0.54090170
vt 0.86399187 0.54090170
vt 0.83000000 0.46000000
vt 0.88500000 0.42909830
vt 0.77500000 0.42909830
vt 0.79600813 0.37909830
vt 0.86399187 0.37909830
vt 0.88500000 0.49090170
vt 0.77500000 0.49090170
vt 0.79600813 0.54090170
vt 0.86399187 0.54090170
vt 0.83000000 0.46000000
vt 0.92357159 0.46000000
vt 0.92357159 0.46000000
vt 0.73642841 0.46000000
vt 0.73642841 0.46000000
vt 0.77216958 0.54506508
vt 0.88783042 0.54506508
vt 0.77216958 0.37493492
vt 0.88783042 0.37493492
vt 0.83000000 0.40742689
vt 0.83000000 0.51257311
vt 0.83000000 0.40742689
vt 0.83000000 0.51257311
vt 0.94000000 0.46000000
vt 0.72000000 0.46000000
vt 0.74100813 0.51000000
vt 0.74100813 0.51000000
vt 0.91899187 0.51000000
vt 0.91899187 0.51000000
vt 0.83000000 0.56000000
vt 0.74100813 0.41000000
vt 0.74100813 0.41000000
vt 0.91899187 0.41000000
vt 0.91899187 0.41000000
vt 0.83000000 0.36000000
vt 0.88500000 0.42909830
vt 0.77500000 0.42909830
vt 0.79600813 0.37909830
vt 0.86399187 0.37909830
vt 0.88500000 0.49090170
vt 0.77500000 0.49090170
vt 0.79600813 0.54090170
vt 0.86399187 0.54090170
vt 0.83000000 0.46000000
vt 0.88500000 0.42909830
vt 0.77500000 0.42909830
vt 0.79600813 0.37909830
vt 0.86399187 0.37909830
vt 0.88500000 0.49090170
vt 0.77500000 0.49090170
vt 0.79600813 0.54090170
vt 0.86399187 0.54090170
vt 0.83000000 0.46000000
vt 0.92357159 0.46000000
vt 0.92357159 0.46000000
vt 0.73642841 0.46000000
vt 0.73642841 0.46000000
vt 0.77216958 0.54506508
vt 0.88783042 0.54506508
vt 0.77216958 0.37493492
vt 0.88783042 0.37493492
vt 0.83000000 0.40742689
vt 0.83000000 0.51257311
vt 0.83000000 0.40742689
vt 0.83000000 0.51257311
vt 0.94000000 0.46000000
vt 0.72000000 0.46000000
vt 0.74100813 0.51000000
vt 0.74100813 0.51000000
vt 0.91899187 0.51000000
vt 0.91899187 0.51000000
vt 0.83000000 0.56000000
vt 0.74100813 0.41000000
vt 0.74100813 0.41000000
vt 0.91899187 0.41000000
vt 0.91899187 0.41000000
vt 0.83000000 0.36000000
vt 0.88500000 0.42909830
vt 0.77500000 0.42909830
vt 0.79600813 0.37909830
vt 0.86399187 0.37909830
vt 0.88500000 0.49090170
vt 0.77500000 0.49090170
vt 0.79600813 0.54090170
vt 0.86399187 0.54090170
vt 0.83000000 0.46000000
vt 0.88500000 0.42909830
vt 0.77500000 0.42909830
vt 0.79600813 0.37909830
vt 0.86399187 0.37909830
vt 0.88500000 0.49090170
vt 0.77500000 0.49090170
vt 0.79600813 0.54090170
vt 0.86399187 0.54090170
vt 0.83000000 0.46000000
vt 0.92357159 0.46000000
vt 0.92357159 0.46000000
vt 0.73642841 0.46000000
vt 0.73642841 0.46000000
vt 0.77216958 0.54506508
vt 0.88783042 0.54506508
vt 0.77216958 0.37493492
vt 0.88783042 0.37493492
vt 0.83000000 0.40742689
vt 0.83000000 0.51257311
vt 0.83000000 0.40742689
vt 0.83000000 0.51257311
vt 0.94000000 0.46000000
vt 0.72000000 0.46000000
vt 0.74100813 0.51000000
vt 0.74100813 0.51000000
vt 0.91899187 0.51000000
vt 0.91899187 0.51000000
vt 0.83000000 0.56000000
vt 0.74100813 0.41000000
vt 0.74100813 0.41000000
vt 0.91899187 0.41000000
vt 0.91899187 0.41000000
vt 0.83000000 0.36000000
vt 0.88500000 0.42909830
vt 0.77500000 0.42909830
vt 0.79600813 0.37909830
vt 0.86399187 0.37909830
vt 0.88500000 0.49090170
vt 0.77500000 0.49090170
vt 0.79600813 0.54090170
vt 0.86399187 0.54090170
vt 0.83000000 0.46000000
vt 0.88500000 0.42909830
vt 0.77500000 0.42909830
vt 0.79600813 0.37909830
vt 0.86399187 0.37909830
vt 0.88500000 0.49090170
vt 0.77500000 0.49090170
vt 0.79600813 0.54090170
vt 0.86399187 0.54090170
vt 0.83000000 0.46000000
vt 0.77954551 0.36170441
vt 0.77954551 0.36170441
vt 0.88045449 0.55829559
vt 0.88045449 0.55829559
vt 0.81634665 0.36065103
vt 0.91725564 0.55724220
vt 0.83909101 0.36000000
vt 0.94000000 0.55659117
vt 0.83909101 0.36000000
vt 0.94000000 0.55659117
vt 0.81634665 0.36065103
vt 0.91725564 0.55724220
vt 0.77954551 0.36170441
vt 0.88045449 0.55829559
vt 0.74274436 0.36275780
vt 0.84365335 0.55934897
vt 0.72000000 0.36340883
vt 0.82090899 0.56000000
vt 0.72000000 0.36340883
vt 0.82090899 0.56000000
vt 0.74274436 0.36275780
vt 0.84365335 0.55934897
vt 0.92004312 0.37704848
vt 0.92004312 0.37704848
vt 0.73995688 0.54295152
vt 0.73995688 0.54295152
vt 0.93002156 0.38557272
vt 0.74993533 0.55147576
vt 0.93732628 0.39181290
vt 0.75724005 0.55771594
vt 0.94000000 0.39409697
vt 0.75991377 0.56000000
vt 0.93732628 0.39181290
vt 0.75724005 0.55771594
vt 0.93002156 0.38557272
vt 0.74993533 0.55147576
vt 0.92004312 0.37704848
vt 0.73995688 0.54295152
vt 0.91006467 0.36852424
vt 0.72997844 0.53442728
vt 0.90275995 0.36228406
vt 0.72267372 0.52818710
vt 0.90008623 0.36000000
vt 0.72000000 0.52590303
vt 0.90275995 0.36228406
vt 0.72267372 0.52818710
vt 0.91006467 0.36852424
vt 0.72997844 0.53442728
vt 0.77954551 0.36170441
vt 0.77954551 0.36170441
vt 0.88045449 0.55829559
vt 0.88045449 0.55829559
vt 0.81634665 0.36065103
vt 0.91725564 0.55724220
vt 0.83909101 0.36000000
vt 0.94000000 0.55659117
vt 0.83909101 0.36000000
vt 0.94000000 0.55659117
vt 0.81634665 0.36065103
vt 0.91725564 0.55724220
vt 0.77954551 0.36170441
vt 0.88045449 0.55829559
vt 0.74274436 0.36275780
vt 0.84365335 0.55934897
vt 0.72000000 0.36340883
vt 0.82090899 0.56000000
vt 0.72000000 0.36340883
vt 0.82090899 0.56000000
vt 0.74274436 0.36275780
vt 0.84365335 0.55934897
vt 0.92004312 0.37704848
vt 0.92004312 0.37704848
vt 0.73995688 0.54295152
vt 0.73995688 0.54295152
vt 0.93002156 0.38557272
vt 0.74993533 0.55147576
vt 0.93732628 0.39181290
vt 0.75724005 0.55771594
vt 0.94000000 0.39409697
vt 0.75991377 0.56000000
vt 0.93732628 0.39181290
vt 0.75724005 0.55771594
vt 0.93002156 0.38557272
vt 0.74993533 0.55147576
vt 0.92004312 0.37704848
vt 0.73995688 0.54295152
vt 0.91006467 0.36852424
vt 0.72997844 0.53442728
vt 0.90275995 0.36228406
vt 0.72267372 0.52818710
vt 0.90008623 0.36000000
vt 0.72000000 0.52590303
vt 0.90275995 0.36228406
vt 0.72267372 0.52818710
vt 0.91006467 0.36852424
vt 0.72997844 0.53442728
vt 0.77954551 0.36170441
vt 0.77954551 0.36170441
vt 0.88045449 0.55829559
vt 0.88045449 0.55829559
vt 0.81634665 0.36065103
vt 0.91725564 0.55724220
vt 0.83909101 0.36000000
vt 0.94000000 0.55659117
vt 0.83909101 0.36000000
vt 0.94000000 0.55659117
vt 0.81634665 0.36065103
vt 0.91725564 0.55724220
vt 0.77954551 0.36170441
vt 0.88045449 0.55829559
vt 0.74274436 0.36275780
vt 0.84365335 0.55934897
vt 0.72000000 0.36340883
vt 0.82090899 0.56000000
vt 0.72000000 0.36340883
vt 0.82090899 0.56000000
vt 0.74274436 0.36275780
vt 0.84365335 0.55934897
vt 0.92004312 0.37704848
vt 0.92004312 0.37704848
vt 0.73995688 0.54295152
vt 0.73995688 0.54295152
vt 0.93002156 0.38557272
vt 0.74993533 0.55147576
vt 0.93732628 0.39181290
vt 0.75724005 0.55771594
vt 0.94000000 0.39409697
vt 0.75991377 0.56000000
vt 0.93732628 0.39181290
vt 0.75724005 0.55771594
vt 0.93002156 0.38557272
vt 0.74993533 0.55147576
vt 0.92004312 0.37704848
vt 0.73995688 0.54295152
vt 0.91006467 0.36852424
vt 0.72997844 0.53442728
vt 0.90275995 0.36228406
vt 0.72267372 0.52818710
vt 0.90008623 0.36000000
vt 0.72000000 0.52590303
vt 0.90275995 0.36228406
vt 0.72267372 0.52818710
vt 0.91006467 0.36852424
vt 0.72997844 0.53442728
vt 0.77954551 0.36170441
vt 0.77954551 0.36170441
vt 0.88045449 0.55829559
vt 0.88045449 0.55829559
vt 0.81634665 0.36065103
vt 0.91725564 0.55724220
vt 0.83909101 0.36000000
vt 0.94000000 0.55659117
vt 0.83909101 0.36000000
vt 0.94000000 0.55659117
vt 0.81634665 0.36065103
vt 0.91725564 0.55724220
vt 0.77954551 0.36170441
vt 0.88045449 0.55829559
vt 0.74274436 0.36275780
vt 0.84365335 0.55934897
vt 0.72000000 0.36340883
vt 0.82090899 0.56000000
vt 0.72000000 0.36340883
vt 0.82090899 0.56000000
vt 0.74274436 0.36275780
vt 0.84365335 0.55934897
vt 0.92004312 0.37704848
vt 0.92004312 0.37704848
vt 0.73995688 0.54295152
vt 0.73995688 0.54295152
vt 0.93002156 0.38557272
vt 0.74993533 0.55147576
vt 0.93732628 0.39181290
vt 0.75724005 0.55771594
vt 0.94000000 0.39409697
vt 0.75991377 0.56000000
vt 0.93732628 0.39181290
vt 0.75724005 0.55771594
vt 0.93002156 0.38557272
vt 0.74993533 0.55147576
vt 0.92004312 0.37704848
vt 0.73995688 0.54295152
vt 0.91006467 0.36852424
vt 0.72997844 0.53442728
vt 0.90275995 0.36228406
vt 0.72267372 0.52818710
vt 0.90008623 0.36000000
vt 0.72000000 0.52590303
vt 0.90275995 0.36228406
vt 0.72267372 0.52818710
vt 0.91006467 0.36852424
vt 0.72997844 0.53442728
vt 0.77954551 0.36170441
vt 0.77954551 0.36170441
vt 0.88045449 0.55829559
vt 0.88045449 0.55829559
vt 0.81634665 0.36065103
vt 0.91725564 0.55724220
vt 0.83909101 0.36000000
vt 0.94000000 0.55659117
vt 0.83909101 0.36000000
vt 0.94000000 0.55659117
vt 0.81634665 0.36065103
vt 0.91725564 0.55724220
vt 0.77954551 0.36170441
vt 0.88045449 0.55829559
vt 0.74274436 0.36275780
vt 0.84365335 0.55934897
vt 0.72000000 0.36340883
vt 0.82090899 0.56000000
vt 0.72000000 0.36340883
vt 0.82090899 0.56000000
vt 0.74274436 0.36275780
vt 0.84365335 0.55934897
vt 0.92004312 0.37704848
vt 0.92004312 0.37704848
vt 0.73995688 0.54295152
vt 0.73995688 0.54295152
vt 0.93002156 0.38557272
vt 0.74993533 0.55147576
vt 0.93732628 0.39181290
vt 0.75724005 0.55771594
vt 0.94000000 0.39409697
vt 0.75991377 0.56000000
vt 0.93732628 0.39181290
vt 0.75724005 0.55771594
vt 0.93002156 0.38557272
vt 0.74993533 0.55147576
vt 0.92004312 0.37704848
vt 0.73995688 0.54295152
vt 0.91006467 0.36852424
vt 0.72997844 0.53442728
vt 0.90275995 0.36228406
vt 0.72267372 0.52818710
vt 0.90008623 0.36000000
vt 0.72000000 0.52590303
vt 0.90275995 0.36228406
vt 0.72267372 0.52818710
vt 0.91006467 0.36852424
vt 0.72997844 0.53442728
vt 0.72427921 0.36000000
vt 0.94000000 0.36000000
vt 0.72000000 0.36000000
vt 0.93572079 0.36000000
vt 0.72427921 0.56000000
vt 0.94000000 0.56000000
vt 0.72000000 0.56000000
vt 0.93572079 0.56000000
vt 0.83000000 0.46000000
vt 0.72000000 0.46000000
vt 0.72000000 0.46000000
vt 0.83000000 0.46000000
vt 0.72837325 0.49826834
vt 0.72837325 0.49826834
vt 0.75221825 0.53071068
vt 0.75221825 0.53071068
vt 0.78790482 0.55238795
vt 0.78790482 0.55238795
vt 0.83000000 0.56000000
vt 0.83000000 0.56000000
vt 0.87209518 0.55238795
vt 0.87209518 0.55238795
vt 0.90778175 0.53071068
vt 0.90778175 0.53071068
vt 0.93162675 0.49826834
vt 0.93162675 0.49826834
vt 0.94000000 0.46000000
vt 0.94000000 0.46000000
vt 0.93162675 0.42173166
vt 0.93162675 0.42173166
vt 0.90778175 0.38928932
vt 0.90778175 0.38928932
vt 0.87209518 0.36761205
vt 0.87209518 0.36761205
vt 0.83000000 0.36000000
vt 0.83000000 0.36000000
vt 0.78790482 0.36761205
vt 0.78790482 0.36761205
vt 0.75221825 0.38928932
vt 0.75221825 0.38928932
vt 0.72837325 0.42173166
vt 0.72837325 0.42173166
vt 0.83000000 0.56000000
vt 0.94000000 0.56000000
vt 0.94000000 0.36000000
vt 0.83000000 0.36000000
vt 0.91899187 0.56000000
vt 0.91899187 0.36000000
vt 0.86399187 0.56000000
vt 0.86399187 0.36000000
vt 0.79600813 0.56000000
vt 0.79600813 0.36000000
vt 0.74100813 0.56000000
vt 0.74100813 0.36000000
vt 0.72000000 0.56000000
vt 0.72000000 0.36000000
vt 0.74100813 0.56000000
vt 0.74100813 0.36000000
vt 0.79600813 0.56000000
vt 0.79600813 0.36000000
vt 0.86399187 0.56000000
vt 0.86399187 0.36000000
vt 0.91899187 0.56000000
vt 0.91899187 0.36000000
vt 0.83000000 0.46000000
vt 0.72000000 0.46000000
vt 0.72000000 0.46000000
vt 0.83000000 0.46000000
vt 0.72837325 0.49826834
vt 0.72837325 0.49826834
vt 0.75221825 0.53071068
vt 0.75221825 0.53071068
vt 0.78790482 0.55238795
vt 0.78790482 0.55238795
vt 0.83000000 0.56000000
vt 0.83000000 0.56000000
vt 0.87209518 0.55238795
vt 0.87209518 0.55238795
vt 0.90778175 0.53071068
vt 0.90778175 0.53071068
vt 0.93162675 0.49826834
vt 0.93162675 0.49826834
vt 0.94000000 0.46000000
vt 0.94000000 0.46000000
vt 0.93162675 0.42173166
vt 0.93162675 0.42173166
vt 0.90778175 0.38928932
vt 0.90778175 0.38928932
vt 0.87209518 0.36761205
vt 0.87209518 0.36761205
vt 0.83000000 0.36000000
vt 0.83000000 0.36000000
vt 0.78790482 0.36761205
vt 0.78790482 0.36761205
vt 0.75221825 0.38928932
vt 0.75221825 0.38928932
vt 0.72837325 0.42173166
vt 0.72837325 0.42173166
vt 0.83000000 0.36000000
vt 0.72000000 0.36000000
vt 0.72000000 0.56000000
vt 0.83000000 0.56000000
vt 0.74100813 0.36000000
vt 0.74100813 0.56000000
vt 0.79600813 0.36000000
vt 0.79600813 0.56000000
vt 0.86399187 0.36000000
vt 0.86399187 0.56000000
vt 0.91899187 0.36000000
vt 0.91899187 0.56000000
vt 0.94000000 0.36000000
vt 0.94000000 0.56000000
vt 0.91899187 0.36000000
vt 0.91899187 0.56000000
vt 0.86399187 0.36000000
vt 0.86399187 0.56000000
vt 0.79600813 0.36000000
vt 0.79600813 0.56000000
vt 0.74100813 0.36000000
vt 0.74100813 0.56000000
vt 0.72000000 0.36000000
vt 0.72000000 0.56000000
vt 0.94000000 0.36000000
vt 0.94000000 0.56000000
vt 0.72000000 0.36000000
vt 0.72000000 0.56000000
vt 0.94000000 0.36000000
vt 0.94000000 0.56000000
vt 0.72000000 0.36000000
vt 0.72000000 0.56000000
vt 0.94000000 0.36000000
vt 0.94000000 0.56000000
vt 0.72000000 0.36000000
vt 0.72000000 0.56000000
vt 0.94000000 0.36000000
vt 0.94000000 0.56000000
vt 0.83000000 0.36000000
vt 0.83000000 0.36000000
vt 0.83000000 0.56000000
vt 0.83000000 0.56000000
vt 0.90778175 0.36000000
vt 0.90778175 0.56000000
vt 0.94000000 0.36000000
vt 0.94000000 0.56000000
vt 0.90778175 0.36000000
vt 0.90778175 0.56000000
vt 0.83000000 0.36000000
vt 0.83000000 0.56000000
vt 0.75221825 0.36000000
vt 0.75221825 0.56000000
vt 0.72000000 0.36000000
vt 0.72000000 0.56000000
vt 0.75221825 0.36000000
vt 0.75221825 0.56000000
vt 0.83000000 0.36000000
vt 0.83000000 0.36000000
vt 0.83000000 0.56000000
vt 0.83000000 0.56000000
vt 0.90778175 0.36000000
vt 0.90778175 0.56000000
vt 0.94000000 0.36000000
vt 0.94000000 0.56000000
vt 0.90778175 0.36000000
vt 0.90778175 0.56000000
vt 0.83000000 0.36000000
vt 0.83000000 0.56000000
vt 0.75221825 0.36000000
vt 0.75221825 0.56000000
vt 0.72000000 0.36000000
vt 0.72000000 0.56000000
vt 0.75221825 0.36000000
vt 0.75221825 0.56000000
vt 0.83000000 0.36000000
vt 0.83000000 0.36000000
vt 0.83000000 0.56000000
vt 0.83000000 0.56000000
vt 0.90778175 0.36000000
vt 0.90778175 0.56000000
vt 0.94000000 0.36000000
vt 0.94000000 0.56000000
vt 0.90778175 0.36000000
vt 0.90778175 0.56000000
vt 0.83000000 0.36000000
vt 0.83000000 0.56000000
vt 0.75221825 0.36000000
vt 0.75221825 0.56000000
vt 0.72000000 0.36000000
vt 0.72000000 0.56000000
vt 0.75221825 0.36000000
vt 0.75221825 0.56000000
vt 0.83000000 0.36000000
vt 0.83000000 0.36000000
vt 0.83000000 0.56000000
vt 0.83000000 0.56000000
vt 0.90778175 0.36000000
vt 0.90778175 0.56000000
vt 0.94000000 0.36000000
vt 0.94000000 0.56000000
vt 0.90778175 0.36000000
vt 0.90778175 0.56000000
vt 0.83000000 0.36000000
vt 0.83000000 0.56000000
vt 0.75221825 0.36000000
vt 0.75221825 0.56000000
vt 0.72000000 0.36000000
vt 0.72000000 0.56000000
vt 0.75221825 0.36000000
vt 0.75221825 0.56000000
vt 0.72000000 0.36000000
vt 0.72000000 0.56000000
vt 0.94000000 0.36000000
vt 0.94000000 0.56000000
vt 0.72000000 0.36000000
vt 0.72000000 0.56000000
vt 0.94000000 0.36000000
vt 0.94000000 0.56000000
vt 0.72000000 0.36000000
vt 0.72000000 0.56000000
vt 0.94000000 0.36000000
vt 0.94000000 0.56000000
vt 0.72000000 0.36000000
vt 0.72000000 0.56000000
vt 0.94000000 0.36000000
vt 0.94000000 0.56000000
vt 0.83000000 0.36000000
vt 0.83000000 0.36000000
vt 0.83000000 0.56000000
vt 0.83000000 0.56000000
vt 0.90778175 0.36000000
vt 0.90778175 0.56000000
vt 0.94000000 0.36000000
vt 0.94000000 0.56000000
vt 0.90778175 0.36000000
vt 0.90778175 0.56000000
vt 0.83000000 0.36000000
vt 0.83000000 0.56000000
vt 0.75221825 0.36000000
vt 0.75221825 0.56000000
vt 0.72000000 0.36000000
vt 0.72000000 0.56000000
vt 0.75221825 0.36000000
vt 0.75221825 0.56000000
vt 0.83000000 0.36000000
vt 0.83000000 0.36000000
vt 0.83000000 0.56000000
vt 0.83000000 0.56000000
vt 0.90778175 0.36000000
vt 0.90778175 0.56000000
vt 0.94000000 0.36000000
vt 0.94000000 0.56000000
vt 0.90778175 0.36000000
vt 0.90778175 0.56000000
vt 0.83000000 0.36000000
vt 0.83000000 0.56000000
vt 0.75221825 0.36000000
vt 0.75221825 0.56000000
vt 0.72000000 0.36000000
vt 0.72000000 0.56000000
vt 0.75221825 0.36000000
vt 0.75221825 0.56000000
vt 0.83000000 0.36000000
vt 0.83000000 0.36000000
vt 0.83000000 0.56000000
vt 0.83000000 0.56000000
vt 0.90778175 0.36000000
vt 0.90778175 0.56000000
vt 0.94000000 0.36000000
vt 0.94000000 0.56000000
vt 0.90778175 0.36000000
vt 0.90778175 0.56000000
vt 0.83000000 0.36000000
vt 0.83000000 0.56000000
vt 0.75221825 0.36000000
vt 0.75221825 0.56000000
vt 0.72000000 0.36000000
vt 0.72000000 0.56000000
vt 0.75221825 0.36000000
vt 0.75221825 0.56000000
vt 0.83000000 0.36000000
vt 0.83000000 0.36000000
vt 0.83000000 0.56000000
vt 0.83000000 0.56000000
vt 0.90778175 0.36000000
vt 0.90778175 0.56000000
vt 0.94000000 0.36000000
vt 0.94000000 0.56000000
vt 0.90778175 0.36000000
vt 0.90778175 0.56000000
vt 0.83000000 0.36000000
vt 0.83000000 0.56000000
vt 0.75221825 0.36000000
vt 0.75221825 0.56000000
vt 0.72000000 0.36000000
vt 0.72000000 0.56000000
vt 0.75221825 0.36000000
vt 0.75221825 0.56000000
vt 0.72000000 0.36000000
vt 0.94000000 0.36000000
vt 0.72000000 0.36000000
vt 0.94000000 0.36000000
vt 0.72000000 0.56000000
vt 0.94000000 0.56000000
vt 0.72000000 0.56000000
vt 0.94000000 0.56000000
vt 0.92009744 0.37302724
vt 0.92973636 0.36964417
vt 0.74954147 0.54358969
vt 0.73990256 0.54697276
vt 0.93835507 0.37769544
vt 0.75816019 0.55164096
vt 0.94000000 0.38396363
vt 0.75980511 0.55790915
vt 0.93404282 0.38605448
vt 0.75384794 0.56000000
vt 0.92275899 0.38316937
vt 0.74256410 0.55711489
vt 0.91045853 0.37641031
vt 0.73026364 0.55035583
vt 0.90183981 0.36835904
vt 0.72164493 0.54230456
vt 0.90019489 0.36209085
vt 0.72000000 0.53603637
vt 0.90615206 0.36000000
vt 0.72595718 0.53394552
vt 0.91743590 0.36288511
vt 0.73724101 0.53683063
vt 0.73990256 0.37302724
vt 0.74954147 0.37641031
vt 0.92973636 0.55035583
vt 0.92009744 0.54697276
vt 0.73724101 0.38316937
vt 0.91743590 0.55711489
vt 0.72595718 0.38605448
vt 0.90615206 0.56000000
vt 0.72000000 0.38396363
vt 0.90019489 0.55790915
vt 0.72164493 0.37769544
vt 0.90183981 0.55164096
vt 0.73026364 0.36964417
vt 0.91045853 0.54358969
vt 0.74256410 0.36288511
vt 0.92275899 0.53683063
vt 0.75384794 0.36000000
vt 0.93404282 0.53394552
vt 0.75980511 0.36209085
vt 0.94000000 0.53603637
vt 0.75816019 0.36835904
vt 0.93835507 0.54230456
vt 0.72000000 0.36000000
vt 0.94000000 0.36000000
vt 0.72000000 0.36000000
vt 0.94000000 0.36000000
vt 0.72000000 0.56000000
vt 0.94000000 0.56000000
vt 0.72000000 0.56000000
vt 0.94000000 0.56000000
vt 0.72000000 0.36000000
vt 0.94000000 0.36000000
vt 0.72000000 0.36000000
vt 0.94000000 0.36000000
vt 0.72000000 0.56000000
vt 0.94000000 0.56000000
vt 0.72000000 0.56000000
vt 0.94000000 0.56000000
vt 0.72000000 0.36000000
vt 0.94000000 0.36000000
vt 0.72000000 0.36000000
vt 0.94000000 0.36000000
vt 0.72000000 0.56000000
vt 0.94000000 0.56000000
vt 0.72000000 0.56000000
vt 0.94000000 0.56000000
vt 0.72000000 0.36000000
vt 0.94000000 0.36000000
vt 0.72000000 0.36000000
vt 0.94000000 0.36000000
vt 0.72000000 0.56000000
vt 0.94000000 0.56000000
vt 0.72000000 0.56000000
vt 0.94000000 0.56000000
vt 0.72000000 0.36000000
vt 0.94000000 0.36000000
vt 0.72000000 0.36000000
vt 0.94000000 0.36000000
vt 0.72000000 0.56000000
vt 0.94000000 0.56000000
vt 0.72000000 0.56000000
vt 0.94000000 0.56000000
vt 0.72000000 0.36000000
vt 0.94000000 0.36000000
vt 0.72000000 0.36000000
vt 0.94000000 0.36000000
vt 0.72000000 0.56000000
vt 0.94000000 0.56000000
vt 0.72000000 0.56000000
vt 0.94000000 0.56000000
vt 0.72000000 0.36000000
vt 0.94000000 0.36000000
vt 0.72000000 0.36000000
vt 0.94000000 0.36000000
vt 0.72000000 0.56000000
vt 0.94000000 0.56000000
vt 0.72000000 0.56000000
vt 0.94000000 0.56000000
vt 0.72000000 0.36000000
vt 0.72000000 0.56000000
vt 0.94000000 0.36000000
vt 0.94000000 0.56000000
vt 0.72000000 0.36000000
vt 0.72000000 0.56000000
vt 0.94000000 0.36000000
vt 0.94000000 0.56000000
vt 0.92357159 0.46000000
vt 0.92357159 0.46000000
vt 0.73642841 0.46000000
vt 0.73642841 0.46000000
vt 0.77216958 0.54506508
vt 0.88783042 0.54506508
vt 0.77216958 0.37493492
vt 0.88783042 0.37493492
vt 0.83000000 0.40742689
vt 0.83000000 0.51257311
vt 0.83000000 0.40742689
vt 0.83000000 0.51257311
vt 0.94000000 0.46000000
vt 0.72000000 0.46000000
vt 0.74100813 0.51000000
vt 0.74100813 0.51000000
vt 0.91899187 0.51000000
vt 0.91899187 0.51000000
vt 0.83000000 0.56000000
vt 0.74100813 0.41000000
vt 0.74100813 0.41000000
vt 0.91899187 0.41000000
vt 0.91899187 0.41000000
vt 0.83000000 0.36000000
vt 0.88500000 0.42909830
vt 0.77500000 0.42909830
vt 0.79600813 0.37909830
vt 0.86399187 0.37909830
vt 0.88500000 0.49090170
vt 0.77500000 0.49090170
vt 0.79600813 0.54090170
vt 0.86399187 0.54090170
vt 0.83000000 0.46000000
vt 0.88500000 0.42909830
vt 0.77500000 0.42909830
vt 0.79600813 0.37909830
vt 0.86399187 0.37909830
vt 0.88500000 0.49090170
vt 0.77500000 0.49090170
vt 0.79600813 0.54090170
vt 0.86399187 0.54090170
vt 0.83000000 0.46000000
vt 0.92357159 0.46000000
vt 0.92357159 0.46000000
vt 0.73642841 0.46000000
vt 0.73642841 0.46000000
vt 0.77216958 0.54506508
vt 0.88783042 0.54506508
vt 0.77216958 0.37493492
vt 0.88783042 0.37493492
vt 0.83000000 0.40742689
vt 0.83000000 0.51257311
vt 0.83000000 0.40742689
vt 0.83000000 0.51257311
vt 0.94000000 0.46000000
vt 0.72000000 0.46000000
vt 0.74100813 0.51000000
vt 0.74100813 0.51000000
vt 0.91899187 0.51000000
vt 0.91899187 0.51000000
vt 0.83000000 0.56000000
vt 0.74100813 0.41000000
vt 0.74100813 0.41000000
vt 0.91899187 0.41000000
vt 0.91899187 0.41000000
vt 0.83000000 0.36000000
vt 0.88500000 0.42909830
vt 0.77500000 0.42909830
vt 0.79600813 0.37909830
vt 0.86399187 0.37909830
vt 0.88500000 0.49090170
vt 0.77500000 0.49090170
vt 0.79600813 0.54090170
vt 0.86399187 0.54090170
vt 0.83000000 0.46000000
vt 0.88500000 0.42909830
vt 0.77500000 0.42909830
vt 0.79600813 0.37909830
vt 0.86399187 0.37909830
vt 0.88500000 0.49090170
vt 0.77500000 0.49090170
vt 0.79600813 0.54090170
vt 0.86399187 0.54090170
vt 0.83000000 0.46000000
vt 0.92357159 0.46000000
vt 0.92357159 0.46000000
vt 0.73642841 0.46000000
vt 0.73642841 0.46000000
vt 0.77216958 0.54506508
vt 0.88783042 0.54506508
vt 0.77216958 0.37493492
vt 0.88783042 0.37493492
vt 0.83000000 0.40742689
vt 0.83000000 0.51257311
vt 0.83000000 0.40742689
vt 0.83000000 0.51257311
vt 0.94000000 0.46000000
vt 0.72000000 0.46000000
vt 0.74100813 0.51000000
vt 0.74100813 0.51000000
vt 0.91899187 0.51000000
vt 0.91899187 0.51000000
vt 0.83000000 0.56000000
vt 0.74100813 0.41000000
vt 0.74100813 0.41000000
vt 0.91899187 0.41000000
vt 0.91899187 0.41000000
vt 0.83000000 0.36000000
vt 0.88500000 0.42909830
vt 0.77500000 0.42909830
vt 0.79600813 0.37909830
vt 0.86399187 0.37909830
vt 0.88500000 0.49090170
vt 0.77500000 0.49090170
vt 0.79600813 0.54090170
vt 0.86399187 0.54090170
vt 0.83000000 0.46000000
vt 0.88500000 0.42909830
vt 0.77500000 0.42909830
vt 0.79600813 0.37909830
vt 0.86399187 0.37909830
vt 0.88500000 0.49090170
vt 0.77500000 0.49090170
vt 0.79600813 0.54090170
vt 0.86399187 0.54090170
vt 0.83000000 0.46000000
vt 0.92357159 0.46000000
vt 0.92357159 0.46000000
vt 0.73642841 0.46000000
vt 0.73642841 0.46000000
vt 0.77216958 0.54506508
vt 0.88783042 0.54506508
vt 0.77216958 0.37493492
vt 0.88783042 0.37493492
vt 0.83000000 0.40742689
vt 0.83000000 0.51257311
vt 0.83000000 0.40742689
vt 0.83000000 0.51257311
vt 0.94000000 0.46000000
vt 0.72000000 0.46000000
vt 0.74100813 0.51000000
vt 0.74100813 0.51000000
vt 0.91899187 0.51000000
vt 0.91899187 0.51000000
vt 0.83000000 0.56000000
vt 0.74100813 0.41000000
vt 0.74100813 0.41000000
vt 0.91899187 0.41000000
vt 0.91899187 0.41000000
vt 0.83000000 0.36000000
vt 0.88500000 0.42909830
vt 0.77500000 0.42909830
vt 0.79600813 0.37909830
vt 0.86399187 0.37909830
vt 0.88500000 0.49090170
vt 0.77500000 0.49090170
vt 0.79600813 0.54090170
vt 0.86399187 0.54090170
vt 0.83000000 0.46000000
vt 0.88500000 0.42909830
vt 0.77500000 0.42909830
vt 0.79600813 0.37909830
vt 0.86399187 0.37909830
vt 0.88500000 0.49090170
vt 0.77500000 0.49090170
vt 0.79600813 0.54090170
vt 0.86399187 0.54090170
vt 0.83000000 0.46000000
vt 0.92357159 0.46000000
vt 0.92357159 0.46000000
vt 0.73642841 0.46000000
vt 0.73642841 0.46000000
vt 0.77216958 0.54506508
vt 0.88783042 0.54506508
vt 0.77216958 0.37493492
vt 0.88783042 0.37493492
vt 0.83000000 0.40742689
vt 0.83000000 0.51257311
vt 0.83000000 0.40742689
vt 0.83000000 0.51257311
vt 0.94000000 0.46000000
vt 0.72000000 0.46000000
vt 0.74100813 0.51000000
vt 0.74100813 0.51000000
vt 0.91899187 0.51000000
vt 0.91899187 0.51000000
vt 0.83000000 0.56000000
vt 0.74100813 0.41000000
vt 0.74100813 0.41000000
vt 0.91899187 0.41000000
vt 0.91899187 0.41000000
vt 0.83000000 0.36000000
vt 0.88500000 0.42909830
vt 0.77500000 0.42909830
vt 0.79600813 0.37909830
vt 0.86399187 0.37909830
vt 0.88500000 0.49090170
vt 0.77500000 0.49090170
vt 0.79600813 0.54090170
vt 0.86399187 0.54090170
vt 0.83000000 0.46000000
vt 0.88500000 0.42909830
vt 0.77500000 0.42909830
vt 0.79600813 0.37909830
vt 0.86399187 0.37909830
vt 0.88500000 0.49090170
vt 0.77500000 0.49090170
vt 0.79600813 0.54090170
vt 0.86399187 0.54090170
vt 0.83000000 0.46000000
vt 0.92357159 0.46000000
vt 0.92357159 0.46000000
vt 0.73642841 0.46000000
vt 0.73642841 0.46000000
vt 0.77216958 0.54506508
vt 0.88783042 0.54506508
vt 0.77216958 0.37493492
vt 0.88783042 0.37493492
vt 0.83000000 0.40742689
vt 0.83000000 0.51257311
vt 0.83000000 0.40742689
vt 0.83000000 0.51257311
vt 0.94000000 0.46000000
vt 0.72000000 0.46000000
vt 0.74100813 0.51000000
vt 0.74100813 0.51000000
vt 0.91899187 0.51000000
vt 0.91899187 0.51000000
vt 0.83000000 0.56000000
vt 0.74100813 0.41000000
vt 0.74100813 0.41000000
vt 0.91899187 0.41000000
vt 0.91899187 0.41000000
vt 0.83000000 0.36000000
vt 0.88500000 0.42909830
vt 0.77500000 0.42909830
vt 0.79600813 0.37909830
vt 0.86399187 0.37909830
vt 0.88500000 0.49090170
vt 0.77500000 0.49090170
vt 0.79600813 0.54090170
vt 0.86399187 0.54090170
vt 0.83000000 0.46000000
vt 0.88500000 0.42909830
vt 0.77500000 0.42909830
vt 0.79600813 0.37909830
vt 0.86399187 0.37909830
vt 0.88500000 0.49090170
vt 0.77500000 0.49090170
vt 0.79600813 0.54090170
vt 0.86399187 0.54090170
vt 0.83000000 0.46000000
vt 0.92357159 0.46000000
vt 0.92357159 0.46000000
vt 0.73642841 0.46000000
vt 0.73642841 0.46000000
vt 0.77216958 0.54506508
vt 0.88783042 0.54506508
vt 0.77216958 0.37493492
vt 0.88783042 0.37493492
vt 0.83000000 0.40742689
vt 0.83000000 0.51257311
vt 0.83000000 0.40742689
vt 0.83000000 0.51257311
vt 0.94000000 0.46000000
vt 0.72000000 0.46000000
vt 0.74100813 0.51000000
vt 0.74100813 0.51000000
vt 0.91899187 0.51000000
vt 0.91899187 0.51000000
vt 0.83000000 0.56000000
vt 0.74100813 0.41000000
vt 0.74100813 0.41000000
vt 0.91899187 0.41000000
vt 0.91899187 0.41000000
vt 0.83000000 0.36000000
vt 0.88500000 0.42909830
vt 0.77500000 0.42909830
vt 0.79600813 0.37909830
vt 0.86399187 0.37909830
vt 0.88500000 0.49090170
vt 0.77500000 0.49090170
vt 0.79600813 0.54090170
vt 0.86399187 0.54090170
vt 0.83000000 0.46000000
vt 0.88500000 0.42909830
vt 0.77500000 0.42909830
vt 0.79600813 0.37909830
vt 0.86399187 0.37909830
vt 0.88500000 0.49090170
vt 0.77500000 0.49090170
vt 0.79600813 0.54090170
vt 0.86399187 0.54090170
vt 0.83000000 0.46000000
vt 0.92357159 0.46000000
vt 0.92357159 0.46000000
vt 0.73642841 0.46000000
vt 0.73642841 0.46000000
vt 0.77216958 0.54506508
vt 0.88783042 0.54506508
vt 0.77216958 0.37493492
vt 0.88783042 0.37493492
vt 0.83000000 0.40742689
vt 0.83000000 0.51257311
vt 0.83000000 0.40742689
vt 0.83000000 0.51257311
vt 0.94000000 0.46000000
vt 0.72000000 0.46000000
vt 0.74100813 0.51000000
vt 0.74100813 0.51000000
vt 0.91899187 0.51000000
vt 0.91899187 0.51000000
vt 0.83000000 0.56000000
vt 0.74100813 0.41000000
vt 0.74100813 0.41000000
vt 0.91899187 0.41000000
vt 0.91899187 0.41000000
vt 0.83000000 0.36000000
vt 0.88500000 0.42909830
vt 0.77500000 0.42909830
vt 0.79600813 0.37909830
vt 0.86399187 0.37909830
vt 0.88500000 0.49090170
vt 0.77500000 0.49090170
vt 0.79600813 0.54090170
vt 0.86399187 0.54090170
vt 0.83000000 0.46000000
vt 0.88500000 0.42909830
vt 0.77500000 0.42909830
vt 0.79600813 0.37909830
vt 0.86399187 0.37909830
vt 0.88500000 0.49090170
vt 0.77500000 0.49090170
vt 0.79600813 0.54090170
vt 0.86399187 0.54090170
vt 0.83000000 0.46000000
vt 0.72000000 0.36000000
vt 0.72000000 0.56000000
vt 0.94000000 0.36000000
vt 0.94000000 0.56000000
vt 0.72000000 0.36000000
vt 0.72000000 0.56000000
vt 0.94000000 0.36000000
vt 0.94000000 0.56000000
vt 0.92357159 0.46000000
vt 0.92357159 0.46000000
vt 0.73642841 0.46000000
vt 0.73642841 0.46000000
vt 0.77216958 0.54506508
vt 0.88783042 0.54506508
vt 0.77216958 0.37493492
vt 0.88783042 0.37493492
vt 0.83000000 0.40742689
vt 0.83000000 0.51257311
vt 0.83000000 0.40742689
vt 0.83000000 0.51257311
vt 0.94000000 0.46000000
vt 0.72000000 0.46000000
vt 0.74100813 0.51000000
vt 0.74100813 0.51000000
vt 0.91899187 0.51000000
vt 0.91899187 0.51000000
vt 0.83000000 0.56000000
vt 0.74100813 0.41000000
vt 0.74100813 0.41000000
vt 0.91899187 0.41000000
vt 0.91899187 0.41000000
vt 0.83000000 0.36000000
vt 0.88500000 0.42909830
vt 0.77500000 0.42909830
vt 0.79600813 0.37909830
vt 0.86399187 0.37909830
vt 0.88500000 0.49090170
vt 0.77500000 0.49090170
vt 0.79600813 0.54090170
vt 0.86399187 0.54090170
vt 0.83000000 0.46000000
vt 0.88500000 0.42909830
vt 0.77500000 0.42909830
vt 0.79600813 0.37909830
vt 0.86399187 0.37909830
vt 0.88500000 0.49090170
vt 0.77500000 0.49090170
vt 0.79600813 0.54090170
vt 0.86399187 0.54090170
vt 0.83000000 0.46000000
vt 0.92357159 0.46000000
vt 0.92357159 0.46000000
vt 0.73642841 0.46000000
vt 0.73642841 0.46000000
vt 0.77216958 0.54506508
vt 0.88783042 0.54506508
vt 0.77216958 0.37493492
vt 0.88783042 0.37493492
vt 0.83000000 0.40742689
vt 0.83000000 0.51257311
vt 0.83000000 0.40742689
vt 0.83000000 0.51257311
vt 0.94000000 0.46000000
vt 0.72000000 0.46000000
vt 0.74100813 0.51000000
vt 0.74100813 0.51000000
vt 0.91899187 0.51000000
vt 0.91899187 0.51000000
vt 0.83000000 0.56000000
vt 0.74100813 0.41000000
vt 0.74100813 0.41000000
vt 0.91899187 0.41000000
vt 0.91899187 0.41000000
vt 0.83000000 0.36000000
vt 0.88500000 0.42909830
vt 0.77500000 0.42909830
vt 0.79600813 0.37909830
vt 0.86399187 0.37909830
vt 0.88500000 0.49090170
vt 0.77500000 0.49090170
vt 0.79600813 0.54090170
vt 0.86399187 0.54090170
vt 0.83000000 0.46000000
vt 0.88500000 0.42909830
vt 0.77500000 0.42909830
vt 0.79600813 0.37909830
vt 0.86399187 0.37909830
vt 0.88500000 0.49090170
vt 0.77500000 0.49090170
vt 0.79600813 0.54090170
vt 0.86399187 0.54090170
vt 0.83000000 0.46000000
vt 0.92357159 0.46000000
vt 0.92357159 0.46000000
vt 0.73642841 0.46000000
vt 0.73642841 0.46000000
vt 0.77216958 0.54506508
vt 0.88783042 0.54506508
vt 0.77216958 0.37493492
vt 0.88783042 0.37493492
vt 0.83000000 0.40742689
vt 0.83000000 0.51257311
vt 0.83000000 0.40742689
vt 0.83000000 0.51257311
vt 0.94000000 0.46000000
vt 0.72000000 0.46000000
vt 0.74100813 0.51000000
vt 0.74100813 0.51000000
vt 0.91899187 0.51000000
vt 0.91899187 0.51000000
vt 0.83000000 0.56000000
vt 0.74100813 0.41000000
vt 0.74100813 0.41000000
vt 0.91899187 0.41000000
vt 0.91899187 0.41000000
vt 0.83000000 0.36000000
vt 0.88500000 0.42909830
vt 0.77500000 0.42909830
vt 0.79600813 0.37909830
vt 0.86399187 0.37909830
vt 0.88500000 0.49090170
vt 0.77500000 0.49090170
vt 0.79600813 0.54090170
vt 0.86399187 0.54090170
vt 0.83000000 0.46000000
vt 0.88500000 0.42909830
vt 0.77500000 0.42909830
vt 0.79600813 0.37909830
vt 0.86399187 0.37909830
vt 0.88500000 0.49090170
vt 0.77500000 0.49090170
vt 0.79600813 0.54090170
vt 0.86399187 0.54090170
vt 0.83000000 0.46000000
vt 0.92357159 0.46000000
vt 0.92357159 0.46000000
vt 0.73642841 0.46000000
vt 0.73642841 0.46000000
vt 0.77216958 0.54506508
vt 0.88783042 0.54506508
vt 0.77216958 0.37493492
vt 0.88783042 0.37493492
vt 0.83000000 0.40742689
vt 0.83000000 0.51257311
vt 0.83000000 0.40742689
vt 0.83000000 0.51257311
vt 0.94000000 0.46000000
vt 0.72000000 0.46000000
vt 0.74100813 0.51000000
vt 0.74100813 0.51000000
vt 0.91899187 0.51000000
vt 0.91899187 0.51000000
vt 0.83000000 0.56000000
vt 0.74100813 0.41000000
vt 0.74100813 0.41000000
vt 0.91899187 0.41000000
vt 0.91899187 0.41000000
vt 0.83000000 0.36000000
vt 0.88500000 0.42909830
vt 0.77500000 0.42909830
vt 0.79600813 0.37909830
vt 0.86399187 0.37909830
vt 0.88500000 0.49090170
vt 0.77500000 0.49090170
vt 0.79600813 0.54090170
vt 0.86399187 0.54090170
vt 0.83000000 0.46000000
vt 0.88500000 0.42909830
vt 0.77500000 0.42909830
vt 0.79600813 0.37909830
vt 0.86399187 0.37909830
vt 0.88500000 0.49090170
vt 0.77500000 0.49090170
vt 0.79600813 0.54090170
vt 0.86399187 0.54090170
vt 0.83000000 0.46000000
vt 0.92357159 0.46000000
vt 0.92357159 0.46000000
vt 0.73642841 0.46000000
vt 0.73642841 0.46000000
vt 0.77216958 0.54506508
vt 0.88783042 0.54506508
vt 0.77216958 0.37493492
vt 0.88783042 0.37493492
vt 0.83000000 0.40742689
vt 0.83000000 0.51257311
vt 0.83000000 0.40742689
vt 0.83000000 0.51257311
vt 0.94000000 0.46000000
vt 0.72000000 0.46000000
vt 0.74100813 0.51000000
vt 0.74100813 0.51000000
vt 0.91899187 0.51000000
vt 0.91899187 0.51000000
vt 0.83000000 0.56000000
vt 0.74100813 0.41000000
vt 0.74100813 0.41000000
vt 0.91899187 0.41000000
vt 0.91899187 0.41000000
vt 0.83000000 0.36000000
vt 0.88500000 0.42909830
vt 0.77500000 0.42909830
vt 0.79600813 0.37909830
vt 0.86399187 0.37909830
vt 0.88500000 0.49090170
vt 0.77500000 0.49090170
vt 0.79600813 0.54090170
vt 0.86399187 0.54090170
vt 0.83000000 0.46000000
vt 0.88500000 0.42909830
vt 0.77500000 0.42909830
vt 0.79600813 0.37909830
vt 0.86399187 0.37909830
vt 0.88500000 0.49090170
vt 0.77500000 0.49090170
vt 0.79600813 0.54090170
vt 0.86399187 0.54090170
vt 0.83000000 0.46000000
vt 0.92357159 0.46000000
vt 0.92357159 0.46000000
vt 0.73642841 0.46000000
vt 0.73642841 0.46000000
vt 0.77216958 0.54506508
vt 0.88783042 0.54506508
vt 0.77216958 0.37493492
vt 0.88783042 0.37493492
vt 0.83000000 0.40742689
vt 0.83000000 0.51257311
vt 0.83000000 0.40742689
vt 0.83000000 0.51257311
vt 0.94000000 0.46000000
vt 0.72000000 0.46000000
vt 0.74100813 0.51000000
vt 0.74100813 0.51000000
vt 0.91899187 0.51000000
vt 0.91899187 0.51000000
vt 0.83000000 0.56000000
vt 0.74100813 0.41000000
vt 0.74100813 0.41000000
vt 0.91899187 0.41000000
vt 0.91899187 0.41000000
vt 0.83000000 0.36000000
vt 0.88500000 0.42909830
vt 0.77500000 0.42909830
vt 0.79600813 0.37909830
vt 0.86399187 0.37909830
vt 0.88500000 0.49090170
vt 0.77500000 0.49090170
vt 0.79600813 0.54090170
vt 0.86399187 0.54090170
vt 0.83000000 0.46000000
vt 0.88500000 0.42909830
vt 0.77500000 0.42909830
vt 0.79600813 0.37909830
vt 0.86399187 0.37909830
vt 0.88500000 0.49090170
vt 0.77500000 0.49090170
vt 0.79600813 0.54090170
vt 0.86399187 0.54090170
vt 0.83000000 0.46000000
vt 0.92357159 0.46000000
vt 0.92357159 0.46000000
vt 0.73642841 0.46000000
vt 0.73642841 0.46000000
vt 0.77216958 0.54506508
vt 0.88783042 0.54506508
vt 0.77216958 0.37493492
vt 0.88783042 0.37493492
vt 0.83000000 0.40742689
vt 0.83000000 0.51257311
vt 0.83000000 0.40742689
vt 0.83000000 0.51257311
vt 0.94000000 0.46000000
vt 0.72000000 0.46000000
vt 0.74100813 0.51000000
vt 0.74100813 0.51000000
vt 0.91899187 0.51000000
vt 0.91899187 0.51000000
vt 0.83000000 0.56000000
vt 0.74100813 0.41000000
vt 0.74100813 0.41000000
vt 0.91899187 0.41000000
vt 0.91899187 0.41000000
vt 0.83000000 0.36000000
vt 0.88500000 0.42909830
vt 0.77500000 0.42909830
vt 0.79600813 0.37909830
vt 0.86399187 0.37909830
vt 0.88500000 0.49090170
vt 0.77500000 0.49090170
vt 0.79600813 0.54090170
vt 0.86399187 0.54090170
vt 0.83000000 0.46000000
vt 0.88500000 0.42909830
vt 0.77500000 0.42909830
vt 0.79600813 0.37909830
vt 0.86399187 0.37909830
vt 0.88500000 0.49090170
vt 0.77500000 0.49090170
vt 0.79600813 0.54090170
vt 0.86399187 0.54090170
vt 0.83000000 0.46000000
vt 0.92357159 0.46000000
vt 0.92357159 0.46000000
vt 0.73642841 0.46000000
vt 0.73642841 0.46000000
vt 0.77216958 0.54506508
vt 0.88783042 0.54506508
vt 0.77216958 0.37493492
vt 0.88783042 0.37493492
vt 0.83000000 0.40742689
vt 0.83000000 0.51257311
vt 0.83000000 0.40742689
vt 0.83000000 0.51257311
vt 0.94000000 0.46000000
vt 0.72000000 0.46000000
vt 0.74100813 0.51000000
vt 0.74100813 0.51000000
vt 0.91899187 0.51000000
vt 0.91899187 0.51000000
vt 0.83000000 0.56000000
vt 0.74100813 0.41000000
vt 0.74100813 0.41000000
vt 0.91899187 0.41000000
vt 0.91899187 0.41000000
vt 0.83000000 0.36000000
vt 0.88500000 0.42909830
vt 0.77500000 0.42909830
vt 0.79600813 0.37909830
vt 0.86399187 0.37909830
vt 0.88500000 0.49090170
vt 0.77500000 0.49090170
vt 0.79600813 0.54090170
vt 0.86399187 0.54090170
vt 0.83000000 0.46000000
vt 0.88500000 0.42909830
vt 0.77500000 0.42909830
vt 0.79600813 0.37909830
vt 0.86399187 0.37909830
vt 0.88500000 0.49090170
vt 0.77500000 0.49090170
vt 0.79600813 0.54090170
vt 0.86399187 0.54090170
vt 0.83000000 0.46000000
vt 0.72000000 0.36000000
vt 0.94000000 0.36000000
vt 0.72000000 0.36000000
vt 0.94000000 0.36000000
vt 0.72000000 0.56000000
vt 0.94000000 0.56000000
vt 0.72000000 0.56000000
vt 0.94000000 0.56000000
vt 0.72000000 0.36000000
vt 0.94000000 0.36000000
vt 0.72000000 0.36000000
vt 0.94000000 0.36000000
vt 0.72000000 0.56000000
vt 0.94000000 0.56000000
vt 0.72000000 0.56000000
vt 0.94000000 0.56000000
vt 0.83000000 0.46000000
vt 0.94000000 0.46000000
vt 0.94000000 0.46000000
vt 0.83000000 0.46000000
vt 0.93162675 0.49826834
vt 0.93162675 0.49826834
vt 0.90778175 0.53071068
vt 0.90778175 0.53071068
vt 0.87209518 0.55238795
vt 0.87209518 0.55238795
vt 0.83000000 0.56000000
vt 0.83000000 0.56000000
vt 0.78790482 0.55238795
vt 0.78790482 0.55238795
vt 0.75221825 0.53071068
vt 0.75221825 0.53071068
vt 0.72837325 0.49826834
vt 0.72837325 0.49826834
vt 0.72000000 0.46000000
vt 0.72000000 0.46000000
vt 0.72837325 0.42173166
vt 0.72837325 0.42173166
vt 0.75221825 0.38928932
vt 0.75221825 0.38928932
vt 0.78790482 0.36761205
vt 0.78790482 0.36761205
vt 0.83000000 0.36000000
vt 0.83000000 0.36000000
vt 0.87209518 0.36761205
vt 0.87209518 0.36761205
vt 0.90778175 0.38928932
vt 0.90778175 0.38928932
vt 0.93162675 0.42173166
vt 0.93162675 0.42173166
vt 0.83000000 0.46000000
vt 0.94000000 0.46000000
vt 0.94000000 0.46000000
vt 0.83000000 0.46000000
vt 0.93162675 0.49826834
vt 0.93162675 0.49826834
vt 0.90778175 0.53071068
vt 0.90778175 0.53071068
vt 0.87209518 0.55238795
vt 0.87209518 0.55238795
vt 0.83000000 0.56000000
vt 0.83000000 0.56000000
vt 0.78790482 0.55238795
vt 0.78790482 0.55238795
vt 0.75221825 0.53071068
vt 0.75221825 0.53071068
vt 0.72837325 0.49826834
vt 0.72837325 0.49826834
vt 0.72000000 0.46000000
vt 0.72000000 0.46000000
vt 0.72837325 0.42173166
vt 0.72837325 0.42173166
vt 0.75221825 0.38928932
vt 0.75221825 0.38928932
vt 0.78790482 0.36761205
vt 0.78790482 0.36761205
vt 0.83000000 0.36000000
vt 0.83000000 0.36000000
vt 0.87209518 0.36761205
vt 0.87209518 0.36761205
vt 0.90778175 0.38928932
vt 0.90778175 0.38928932
vt 0.93162675 0.42173166
vt 0.93162675 0.42173166
f 2/2 3/3 4/4
f 1/1 2/2 4/4
f 1/1 4/4 5/5
f 1/1 5/5 6/6
f 2/2 20/20 7/7
f 2/2 7/7 8/8
f 2/2 8/8 16/16
f 2/2 16/16 3/3
f 9/9 17/17 8/8
f 8/8 7/7 9/9
f 10/10 11/11 1/1
f 1/1 6/6 10/10
f 21/21 12/12 22/22
f 23/23 24/24 2/2
f 2/2 1/1 25/25
f 13/13 14/14 15/15
f 5/5 13/13 15/15
f 5/5 15/15 26/26
f 5/5 27/27 6/6
f 28/28 5/5 4/4
f 4/4 18/18 29/29
f 30/30 31/31 19/19
f 32/32 4/4 3/3
f 3/3 33/33 34/34
f 35/35 45/45 46/46
f 35/35 46/46 36/36
f 36/36 46/46 47/47
f 36/36 47/47 37/37
f 37/37 47/47 48/48
f 37/37 48/48 38/38
f 38/38 48/48 49/49
f 38/38 49/49 39/39
f 39/39 49/49 50/50
f 39/39 50/50 40/40
f 40/40 50/50 51/51
f 40/40 51/51 41/41
f 41/41 51/51 52/52
f 41/41 52/52 42/42
f 42/42 52/52 53/53
f 42/42 53/53 43/43
f 43/43 53/53 54/54
f 43/43 54/54 44/44
f 44/44 54/54 45/45
f 44/44 45/45 35/35
f 45/45 55/55 56/56
f 45/45 56/56 46/46
f 46/46 56/56 57/57
f 46/46 57/57 47/47
f 47/47 57/57 58/58
f 47/47 58/58 48/48
f 48/48 58/58 59/59
f 48/48 59/59 49/49
f 49/49 59/59 60/60
f 49/49 60/60 50/50
f 50/50 60/60 61/61
f 50/50 61/61 51/51
f 51/51 61/61 62/62
f 51/51 62/62 52/52
f 52/52 62/62 63/63
f 52/52 63/63 53/53
f 53/53 63/63 64/64
f 53/53 64/64 54/54
f 54/54 64/64 55/55
f 54/54 55/55 45/45
f 55/55 65/65 66/66
f 55/55 66/66 56/56
f 56/56 66/66 67/67
f 56/56 67/67 57/57
f 57/57 67/67 68/68
f 57/57 68/68 58/58
f 58/58 68/68 69/69
f 58/58 69/69 59/59
f 59/59 69/69 70/70
f 59/59 70/70 60/60
f 60/60 70/70 71/71
f 60/60 71/71 61/61
f 61/61 71/71 72/72
f 61/61 72/72 62/62
f 62/62 72/72 73/73
f 62/62 73/73 63/63
f 63/63 73/73 74/74
f 63/63 74/74 64/64
f 64/64 74/74 65/65
f 64/64 65/65 55/55
f 65/65 75/75 76/76
f 65/65 76/76 66/66
f 66/66 76/76 77/77
f 66/66 77/77 67/67
f 67/67 77/77 78/78
f 67/67 78/78 68/68
f 68/68 78/78 79/79
f 68/68 79/79 69/69
f 69/69 79/79 80/80
f 69/69 80/80 70/70
f 70/70 80/80 81/81
f 70/70 81/81 71/71
f 71/71 81/81 82/82
f 71/71 82/82 72/72
f 72/72 82/82 83/83
f 72/72 83/83 73/73
f 73/73 83/83 84/84
f 73/73 84/84 74/74
f 74/74 84/84 75/75
f 74/74 75/75 65/65
f 75/75 85/85 86/86
f 75/75 86/86 76/76
f 76/76 86/86 87/87
f 76/76 87/87 77/77
f 77/77 87/87 88/88
f 77/77 88/88 78/78
f 78/78 88/88 89/89
f 78/78 89/89 79/79
f 79/79 89/89 90/90
f 79/79 90/90 80/80
f 80/80 90/90 91/91
f 80/80 91/91 81/81
f 81/81 91/91 92/92
f 81/81 92/92 82/82
f 82/82 92/92 93/93
f 82/82 93/93 83/83
f 83/83 93/93 94/94
f 83/83 94/94 84/84
f 84/84 94/94 85/85
f 84/84 85/85 75/75
f 85/85 95/95 96/96
f 85/85 96/96 86/86
f 86/86 96/96 97/97
f 86/86 97/97 87/87
f 87/87 97/97 98/98
f 87/87 98/98 88/88
f 88/88 98/98 99/99
f 88/88 99/99 89/89
f 89/89 99/99 100/100
f 89/89 100/100 90/90
f 90/90 100/100 101/101
f 90/90 101/101 91/91
f 91/91 101/101 102/102
f 91/91 102/102 92/92
f 92/92 102/102 103/103
f 92/92 103/103 93/93
f 93/93 103/103 104/104
f 93/93 104/104 94/94
f 94/94 104/104 95/95
f 94/94 95/95 85/85
f 95/95 105/105 106/106
f 95/95 106/106 96/96
f 96/96 106/106 107/107
f 96/96 107/107 97/97
f 97/97 107/107 108/108
f 97/97 108/108 98/98
f 98/98 108/108 109/109
f 98/98 109/109 99/99
f 99/99 109/109 110/110
f 99/99 110/110 100/100
f 100/100 110/110 111/111
f 100/100 111/111 101/101
f 101/101 111/111 112/112
f 101/101 112/112 102/102
f 102/102 112/112 113/113
f 102/102 113/113 103/103
f 103/103 113/113 114/114
f 103/103 114/114 104/104
f 104/104 114/114 105/105
f 104/104 105/105 95/95
f 105/105 115/115 116/116
f 105/105 116/116 106/106
f 106/106 116/116 117/117
f 106/106 117/117 107/107
f 107/107 117/117 118/118
f 107/107 118/118 108/108
f 108/108 118/118 119/119
f 108/108 119/119 109/109
f 109/109 119/119 120/120
f 109/109 120/120 110/110
f 110/110 120/120 121/121
f 110/110 121/121 111/111
f 111/111 121/121 122/122
f 111/111 122/122 112/112
f 112/112 122/122 123/123
f 112/112 123/123 113/113
f 113/113 123/123 124/124
f 113/113 124/124 114/114
f 114/114 124/124 115/115
f 114/114 115/115 105/105
f 115/115 125/125 126/126
f 115/115 126/126 116/116
f 116/116 126/126 127/127
f 116/116 127/127 117/117
f 117/117 127/127 128/128
f 117/117 128/128 118/118
f 118/118 128/128 129/129
f 118/118 129/129 119/119
f 119/119 129/129 130/130
f 119/119 130/130 120/120
f 120/120 130/130 131/131
f 120/120 131/131 121/121
f 121/121 131/131 132/132
f 121/121 132/132 122/122
f 122/122 132/132 133/133
f 122/122 133/133 123/123
f 123/123 133/133 134/134
f 123/123 134/134 124/124
f 124/124 134/134 125/125
f 124/124 125/125 115/115
f 125/125 135/135 136/136
f 125/125 136/136 126/126
f 126/126 136/136 137/137
f 126/126 137/137 127/127
f 127/127 137/137 138/138
f 127/127 138/138 128/128
f 128/128 138/138 139/139
f 128/128 139/139 129/129
f 129/129 139/139 140/140
f 129/129 140/140 130/130
f 130/130 140/140 141/141
f 130/130 141/141 131/131
f 131/131 141/141 142/142
f 131/131 142/142 132/132
f 132/132 142/142 143/143
f 132/132 143/143 133/133
f 133/133 143/143 144/144
f 133/133 144/144 134/134
f 134/134 144/144 135/135
f 134/134 135/135 125/125
f 135/135 145/145 146/146
f 135/135 146/146 136/136
f 136/136 146/146 147/147
f 136/136 147/147 137/137
f 137/137 147/147 148/148
f 137/137 148/148 138/138
f 138/138 148/148 149/149
f 138/138 149/149 139/139
f 139/139 149/149 150/150
f 139/139 150/150 140/140
f 140/140 150/150 151/151
f 140/140 151/151 141/141
f 141/141 151/151 152/152
f 141/141 152/152 142/142
f 142/142 152/152 153/153
f 142/142 153/153 143/143
f 143/143 153/153 154/154
f 143/143 154/154 144/144
f 144/144 154/154 145/145
f 144/144 145/145 135/135
f 145/145 155/155 156/156
f 145/145 156/156 146/146
f 146/146 156/156 157/157
f 146/146 157/157 147/147
f 147/147 157/157 158/158
f 147/147 158/158 148/148
f 148/148 158/158 159/159
f 148/148 159/159 149/149
f 149/149 159/159 160/160
f 149/149 160/160 150/150
f 150/150 160/160 161/161
f 150/150 161/161 151/151
f 151/151 161/161 162/162
f 151/151 162/162 152/152
f 152/152 162/162 163/163
f 152/152 163/163 153/153
f 153/153 163/163 164/164
f 153/153 164/164 154/154
f 154/154 164/164 155/155
f 154/154 155/155 145/145
f 155/155 165/165 166/166
f 155/155 166/166 156/156
f 156/156 166/166 167/167
f 156/156 167/167 157/157
f 157/157 167/167 168/168
f 157/157 168/168 158/158
f 158/158 168/168 169/169
f 158/158 169/169 159/159
f 159/159 169/169 170/170
f 159/159 170/170 160/160
f 160/160 170/170 171/171
f 160/160 171/171 161/161
f 161/161 171/171 172/172
f 161/161 172/172 162/162
f 162/162 172/172 173/173
f 162/162 173/173 163/163
f 163/163 173/173 174/174
f 163/163 174/174 164/164
f 164/164 174/174 165/165
f 164/164 165/165 155/155
f 165/165 175/175 176/176
f 165/165 176/176 166/166
f 166/166 176/176 177/177
f 166/166 177/177 167/167
f 167/167 177/177 178/178
f 167/167 178/178 168/168
f 168/168 178/178 179/179
f 168/168 179/179 169/169
f 169/169 179/179 180/180
f 169/169 180/180 170/170
f 170/170 180/180 181/181
f 170/170 181/181 171/171
f 171/171 181/181 182/182
f 171/171 182/182 172/172
f 172/172 182/182 183/183
f 172/172 183/183 173/173
f 173/173 183/183 184/184
f 173/173 184/184 174/174
f 174/174 184/184 175/175
f 174/174 175/175 165/165
f 175/175 185/185 186/186
f 175/175 186/186 176/176
f 176/176 186/186 187/187
f 176/176 187/187 177/177
f 177/177 187/187 188/188
f 177/177 188/188 178/178
f 178/178 188/188 189/189
f 178/178 189/189 179/179
f 179/179 189/189 190/190
f 179/179 190/190 180/180
f 180/180 190/190 191/191
f 180/180 191/191 181/181
f 181/181 191/191 192/192
f 181/181 192/192 182/182
f 182/182 192/192 193/193
f 182/182 193/193 183/183
f 183/183 193/193 194/194
f 183/183 194/194 184/184
f 184/184 194/194 185/185
f 184/184 185/185 175/175
f 185/185 195/195 196/196
f 185/185 196/196 186/186
f 186/186 196/196 197/197
f 186/186 197/197 187/187
f 187/187 197/197 198/198
f 187/187 198/198 188/188
f 188/188 198/198 199/199
f 188/188 199/199 189/189
f 189/189 199/199 200/200
f 189/189 200/200 190/190
f 190/190 200/200 201/201
f 190/190 201/201 191/191
f 191/191 201/201 202/202
f 191/191 202/202 192/192
f 192/192 202/202 203/203
f 192/192 203/203 193/193
f 193/193 203/203 204/204
f 193/193 204/204 194/194
f 194/194 204/204 195/195
f 194/194 195/195 185/185
f 195/195 205/205 206/206
f 195/195 206/206 196/196
f 196/196 206/206 207/207
f 196/196 207/207 197/197
f 197/197 207/207 208/208
f 197/197 208/208 198/198
f 198/198 208/208 209/209
f 198/198 209/209 199/199
f 199/199 209/209 210/210
f 199/199 210/210 200/200
f 200/200 210/210 211/211
f 200/200 211/211 201/201
f 201/201 211/211 212/212
f 201/201 212/212 202/202
f 202/202 212/212 213/213
f 202/202 213/213 203/203
f 203/203 213/213 214/214
f 203/203 214/214 204/204
f 204/204 214/214 205/205
f 204/204 205/205 195/195
f 205/205 215/215 216/216
f 205/205 216/216 206/206
f 206/206 216/216 217/217
f 206/206 217/217 207/207
f 207/207 217/217 218/218
f 207/207 218/218 208/208
f 208/208 218/218 219/219
f 208/208 219/219 209/209
f 209/209 219/219 220/220
f 209/209 220/220 210/210
f 210/210 220/220 221/221
f 210/210 221/221 211/211
f 211/211 221/221 222/222
f 211/211 222/222 212/212
f 212/212 222/222 223/223
f 212/212 223/223 213/213
f 213/213 223/223 224/224
f 213/213 224/224 214/214
f 214/214 224/224 215/215
f 214/214 215/215 205/205
f 215/215 225/225 226/226
f 215/215 226/226 216/216
f 216/216 226/226 227/227
f 216/216 227/227 217/217
f 217/217 227/227 228/228
f 217/217 228/228 218/218
f 218/218 228/228 229/229
f 218/218 229/229 219/219
f 219/219 229/229 230/230
f 219/219 230/230 220/220
f 220/220 230/230 231/231
f 220/220 231/231 221/221
f 221/221 231/231 232/232
f 221/221 232/232 222/222
f 222/222 232/232 233/233
f 222/222 233/233 223/223
f 223/223 233/233 234/234
f 223/223 234/234 224/224
f 224/224 234/234 225/225
f 224/224 225/225 215/215
f 225/225 235/235 236/236
f 225/225 236/236 226/226
f 226/226 236/236 237/237
f 226/226 237/237 227/227
f 227/227 237/237 238/238
f 227/227 238/238 228/228
f 228/228 238/238 239/239
f 228/228 239/239 229/229
f 229/229 239/239 240/240
f 229/229 240/240 230/230
f 230/230 240/240 241/241
f 230/230 241/241 231/231
f 231/231 241/241 242/242
f 231/231 242/242 232/232
f 232/232 242/242 243/243
f 232/232 243/243 233/233
f 233/233 243/243 244/244
f 233/233 244/244 234/234
f 234/234 244/244 235/235
f 234/234 235/235 225/225
f 235/235 245/245 246/246
f 235/235 246/246 236/236
f 236/236 246/246 247/247
f 236/236 247/247 237/237
f 237/237 247/247 248/248
f 237/237 248/248 238/238
f 238/238 248/248 249/249
f 238/238 249/249 239/239
f 239/239 249/249 250/250
f 239/239 250/250 240/240
f 240/240 250/250 251/251
f 240/240 251/251 241/241
f 241/241 251/251 252/252
f 241/241 252/252 242/242
f 242/242 252/252 253/253
f 242/242 253/253 243/243
f 243/243 253/253 254/254
f 243/243 254/254 244/244
f 244/244 254/254 245/245
f 244/244 245/245 235/235
f 245/245 255/255 256/256
f 245/245 256/256 246/246
f 246/246 256/256 257/257
f 246/246 257/257 247/247
f 247/247 257/257 258/258
f 247/247 258/258 248/248
f 248/248 258/258 259/259
f 248/248 259/259 249/249
f 249/249 259/259 260/260
f 249/249 260/260 250/250
f 250/250 260/260 261/261
f 250/250 261/261 251/251
f 251/251 261/261 262/262
f 251/251 262/262 252/252
f 252/252 262/262 263/263
f 252/252 263/263 253/253
f 253/253 263/263 264/264
f 253/253 264/264 254/254
f 254/254 264/264 255/255
f 254/254 255/255 245/245
f 255/255 265/265 266/266
f 255/255 266/266 256/256
f 256/256 266/266 267/267
f 256/256 267/267 257/257
f 257/257 267/267 268/268
f 257/257 268/268 258/258
f 258/258 268/268 269/269
f 258/258 269/269 259/259
f 259/259 269/269 270/270
f 259/259 270/270 260/260
f 260/260 270/270 271/271
f 260/260 271/271 261/261
f 261/261 271/271 272/272
f 261/261 272/272 262/262
f 262/262 272/272 273/273
f 262/262 273/273 263/263
f 263/263 273/273 274/274
f 263/263 274/274 264/264
f 264/264 274/274 265/265
f 264/264 265/265 255/255
f 265/265 275/275 276/276
f 265/265 276/276 266/266
f 266/266 276/276 277/277
f 266/266 277/277 267/267
f 267/267 277/277 278/278
f 267/267 278/278 268/268
f 268/268 278/278 279/279
f 268/268 279/279 269/269
f 269/269 279/279 280/280
f 269/269 280/280 270/270
f 270/270 280/280 281/281
f 270/270 281/281 271/271
f 271/271 281/281 282/282
f 271/271 282/282 272/272
f 272/272 282/282 283/283
f 272/272 283/283 273/273
f 273/273 283/283 284/284
f 273/273 284/284 274/274
f 274/274 284/284 275/275
f 274/274 275/275 265/265
f 275/275 285/285 286/286
f 275/275 286/286 276/276
f 276/276 286/286 287/287
f 276/276 287/287 277/277
f 277/277 287/287 288/288
f 277/277 288/288 278/278
f 278/278 288/288 289/289
f 278/278 289/289 279/279
f 279/279 289/289 290/290
f 279/279 290/290 280/280
f 280/280 290/290 291/291
f 280/280 291/291 281/281
f 281/281 291/291 292/292
f 281/281 292/292 282/282
f 282/282 292/292 293/293
f 282/282 293/293 283/283
f 283/283 293/293 294/294
f 283/283 294/294 284/284
f 284/284 294/294 285/285
f 284/284 285/285 275/275
f 285/285 295/295 296/296
f 285/285 296/296 286/286
f 286/286 296/296 297/297
f 286/286 297/297 287/287
f 287/287 297/297 298/298
f 287/287 298/298 288/288
f 288/288 298/298 299/299
f 288/288 299/299 289/289
f 289/289 299/299 300/300
f 289/289 300/300 290/290
f 290/290 300/300 301/301
f 290/290 301/301 291/291
f 291/291 301/301 302/302
f 291/291 302/302 292/292
f 292/292 302/302 303/303
f 292/292 303/303 293/293
f 293/293 303/303 304/304
f 293/293 304/304 294/294
f 294/294 304/304 295/295
f 294/294 295/295 285/285
f 295/295 305/305 306/306
f 295/295 306/306 296/296
f 296/296 306/306 307/307
f 296/296 307/307 297/297
f 297/297 307/307 308/308
f 297/297 308/308 298/298
f 298/298 308/308 309/309
f 298/298 309/309 299/299
f 299/299 309/309 310/310
f 299/299 310/310 300/300
f 300/300 310/310 311/311
f 300/300 311/311 301/301
f 301/301 311/311 312/312
f 301/301 312/312 302/302
f 302/302 312/312 313/313
f 302/302 313/313 303/303
f 303/303 313/313 314/314
f 303/303 314/314 304/304
f 304/304 314/314 305/305
f 304/304 305/305 295/295
f 305/305 315/315 316/316
f 305/305 316/316 306/306
f 306/306 316/316 317/317
f 306/306 317/317 307/307
f 307/307 317/317 318/318
f 307/307 318/318 308/308
f 308/308 318/318 319/319
f 308/308 319/319 309/309
f 309/309 319/319 320/320
f 309/309 320/320 310/310
f 310/310 320/320 321/321
f 310/310 321/321 311/311
f 311/311 321/321 322/322
f 311/311 322/322 312/312
f 312/312 322/322 323/323
f 312/312 323/323 313/313
f 313/313 323/323 324/324
f 313/313 324/324 314/314
f 314/314 324/324 315/315
f 314/314 315/315 305/305
f 315/315 325/325 326/326
f 315/315 326/326 316/316
f 316/316 326/326 327/327
f 316/316 327/327 317/317
f 317/317 327/327 328/328
f 317/317 328/328 318/318
f 318/318 328/328 329/329
f 318/318 329/329 319/319
f 319/319 329/329 330/330
f 319/319 330/330 320/320
f 320/320 330/330 331/331
f 320/320 331/331 321/321
f 321/321 331/331 332/332
f 321/321 332/332 322/322
f 322/322 332/332 333/333
f 322/322 333/333 323/323
f 323/323 333/333 334/334
f 323/323 334/334 324/324
f 324/324 334/334 325/325
f 324/324 325/325 315/315
f 325/325 335/335 336/336
f 325/325 336/336 326/326
f 326/326 336/336 337/337
f 326/326 337/337 327/327
f 327/327 337/337 338/338
f 327/327 338/338 328/328
f 328/328 338/338 339/339
f 328/328 339/339 329/329
f 329/329 339/339 340/340
f 329/329 340/340 330/330
f 330/330 340/340 341/341
f 330/330 341/341 331/331
f 331/331 341/341 342/342
f 331/331 342/342 332/332
f 332/332 342/342 343/343
f 332/332 343/343 333/333
f 333/333 343/343 344/344
f 333/333 344/344 334/334
f 334/334 344/344 335/335
f 334/334 335/335 325/325
f 335/335 345/345 346/346
f 335/335 346/346 336/336
f 336/336 346/346 347/347
f 336/336 347/347 337/337
f 337/337 347/347 348/348
f 337/337 348/348 338/338
f 338/338 348/348 349/349
f 338/338 349/349 339/339
f 339/339 349/349 350/350
f 339/339 350/350 340/340
f 340/340 350/350 351/351
f 340/340 351/351 341/341
f 341/341 351/351 352/352
f 341/341 352/352 342/342
f 342/342 352/352 353/353
f 342/342 353/353 343/343
f 343/343 353/353 354/354
f 343/343 354/354 344/344
f 344/344 354/354 345/345
f 344/344 345/345 335/335
f 345/345 355/355 356/356
f 345/345 356/356 346/346
f 346/346 356/356 357/357
f 346/346 357/357 347/347
f 347/347 357/357 358/358
f 347/347 358/358 348/348
f 348/348 358/358 359/359
f 348/348 359/359 349/349
f 349/349 359/359 360/360
f 349/349 360/360 350/350
f 350/350 360/360 361/361
f 350/350 361/361 351/351
f 351/351 361/361 362/362
f 351/351 362/362 352/352
f 352/352 362/362 363/363
f 352/352 363/363 353/353
f 353/353 363/363 364/364
f 353/353 364/364 354/354
f 354/354 364/364 355/355
f 354/354 355/355 345/345
f 355/355 365/365 366/366
f 355/355 366/366 356/356
f 356/356 366/366 367/367
f 356/356 367/367 357/357
f 357/357 367/367 368/368
f 357/357 368/368 358/358
f 358/358 368/368 369/369
f 358/358 369/369 359/359
f 359/359 369/369 370/370
f 359/359 370/370 360/360
f 360/360 370/370 371/371
f 360/360 371/371 361/361
f 361/361 371/371 372/372
f 361/361 372/372 362/362
f 362/362 372/372 373/373
f 362/362 373/373 363/363
f 363/363 373/373 374/374
f 363/363 374/374 364/364
f 364/364 374/374 365/365
f 364/364 365/365 355/355
f 365/365 375/375 376/376
f 365/365 376/376 366/366
f 366/366 376/376 377/377
f 366/366 377/377 367/367
f 367/367 377/377 378/378
f 367/367 378/378 368/368
f 368/368 378/378 379/379
f 368/368 379/379 369/369
f 369/369 379/379 380/380
f 369/369 380/380 370/370
f 370/370 380/380 381/381
f 370/370 381/381 371/371
f 371/371 381/381 382/382
f 371/371 382/382 372/372
f 372/372 382/382 383/383
f 372/372 383/383 373/373
f 373/373 383/383 384/384
f 373/373 384/384 374/374
f 374/374 384/384 375/375
f 374/374 375/375 365/365
f 375/375 385/385 386/386
f 375/375 386/386 376/376
f 376/376 386/386 387/387
f 376/376 387/387 377/377
f 377/377 387/387 388/388
f 377/377 388/388 378/378
f 378/378 388/388 389/389
f 378/378 389/389 379/379
f 379/379 389/389 390/390
f 379/379 390/390 380/380
f 380/380 390/390 391/391
f 380/380 391/391 381/381
f 381/381 391/391 392/392
f 381/381 392/392 382/382
f 382/382 392/392 393/393
f 382/382 393/393 383/383
f 383/383 393/393 394/394
f 383/383 394/394 384/384
f 384/384 394/394 385/385
f 384/384 385/385 375/375
f 385/385 35/35 36/36
f 385/385 36/36 386/386
f 386/386 36/36 37/37
f 386/386 37/37 387/387
f 387/387 37/37 38/38
f 387/387 38/38 388/388
f 388/388 38/38 39/39
f 388/388 39/39 389/389
f 389/389 39/39 40/40
f 389/389 40/40 390/390
f 390/390 40/40 41/41
f 390/390 41/41 391/391
f 391/391 41/41 42/42
f 391/391 42/42 392/392
f 392/392 42/42 43/43
f 392/392 43/43 393/393
f 393/393 43/43 44/44
f 393/393 44/44 394/394
f 394/394 44/44 35/35
f 394/394 35/35 385/385
f 396/396 395/395 399/399
f 396/396 399/399 397/397
f 397/397 399/399 400/400
f 397/397 400/400 398/398
f 399/399 395/395 401/401
f 399/399 401/401 400/400
f 400/400 401/401 402/402
f 400/400 402/402 398/398
f 401/401 395/395 403/403
f 401/401 403/403 402/402
f 402/402 403/403 404/404
f 402/402 404/404 398/398
f 403/403 395/395 405/405
f 403/403 405/405 404/404
f 404/404 405/405 406/406
f 404/404 406/406 398/398
f 405/405 395/395 407/407
f 405/405 407/407 406/406
f 406/406 407/407 408/408
f 406/406 408/408 398/398
f 407/407 395/395 409/409
f 407/407 409/409 408/408
f 408/408 409/409 410/410
f 408/408 410/410 398/398
f 409/409 395/395 411/411
f 409/409 411/411 410/410
f 410/410 411/411 412/412
f 410/410 412/412 398/398
f 411/411 395/395 413/413
f 411/411 413/413 412/412
f 412/412 413/413 414/414
f 412/412 414/414 398/398
f 413/413 395/395 415/415
f 413/413 415/415 414/414
f 414/414 415/415 416/416
f 414/414 416/416 398/398
f 415/415 395/395 417/417
f 415/415 417/417 416/416
f 416/416 417/417 418/418
f 416/416 418/418 398/398
f 417/417 395/395 419/419
f 417/417 419/419 418/418
f 418/418 419/419 420/420
f 418/418 420/420 398/398
f 419/419 395/395 421/421
f 419/419 421/421 420/420
f 420/420 421/421 422/422
f 420/420 422/422 398/398
f 421/421 395/395 423/423
f 421/421 423/423 422/422
f 422/422 423/423 424/424
f 422/422 424/424 398/398
f 423/423 395/395 425/425
f 423/423 425/425 424/424
f 424/424 425/425 426/426
f 424/424 426/426 398/398
f 425/425 395/395 427/427
f 425/425 427/427 426/426
f 426/426 427/427 428/428
f 426/426 428/428 398/398
f 427/427 395/395 429/429
f 427/427 429/429 428/428
f 428/428 429/429 430/430
f 428/428 430/430 398/398
f 429/429 395/395 431/431
f 429/429 431/431 430/430
f 430/430 431/431 432/432
f 430/430 432/432 398/398
f 431/431 395/395 433/433
f 431/431 433/433 432/432
f 432/432 433/433 434/434
f 432/432 434/434 398/398
f 433/433 395/395 435/435
f 433/433 435/435 434/434
f 434/434 435/435 436/436
f 434/434 436/436 398/398
f 435/435 395/395 437/437
f 435/435 437/437 436/436
f 436/436 437/437 438/438
f 436/436 438/438 398/398
f 437/437 395/395 439/439
f 437/437 439/439 438/438
f 438/438 439/439 440/440
f 438/438 440/440 398/398
f 439/439 395/395 441/441
f 439/439 441/441 440/440
f 440/440 441/441 442/442
f 440/440 442/442 398/398
f 441/441 395/395 443/443
f 441/441 443/443 442/442
f 442/442 443/443 444/444
f 442/442 444/444 398/398
f 443/443 395/395 445/445
f 443/443 445/445 444/444
f 444/444 445/445 446/446
f 444/444 446/446 398/398
f 445/445 395/395 447/447
f 445/445 447/447 446/446
f 446/446 447/447 448/448
f 446/446 448/448 398/398
f 447/447 395/395 449/449
f 447/447 449/449 448/448
f 448/448 449/449 450/450
f 448/448 450/450 398/398
f 449/449 395/395 451/451
f 449/449 451/451 450/450
f 450/450 451/451 452/452
f 450/450 452/452 398/398
f 451/451 395/395 453/453
f 451/451 453/453 452/452
f 452/452 453/453 454/454
f 452/452 454/454 398/398
f 453/453 395/395 455/455
f 453/453 455/455 454/454
f 454/454 455/455 456/456
f 454/454 456/456 398/398
f 455/455 395/395 457/457
f 455/455 457/457 456/456
f 456/456 457/457 458/458
f 456/456 458/458 398/398
f 457/457 395/395 459/459
f 457/457 459/459 458/458
f 458/458 459/459 460/460
f 458/458 460/460 398/398
f 459/459 395/395 396/396
f 459/459 396/396 460/460
f 460/460 396/396 397/397
f 460/460 397/397 398/398
f 462/462 464/464 461/461
f 465/465 462/462 461/461
f 461/461 464/464 463/463
f 463/463 465/465 461/461
f 462/462 468/468 464/464
f 466/466 462/462 465/465
f 466/466 468/468 462/462
f 464/464 468/468 463/463
f 467/467 465/465 463/463
f 463/463 468/468 467/467
f 467/467 466/466 465/465
f 468/468 466/466 467/467
f 470/470 472/472 469/469
f 473/473 470/470 469/469
f 469/469 472/472 471/471
f 471/471 473/473 469/469
f 470/470 476/476 472/472
f 474/474 470/470 473/473
f 474/474 476/476 470/470
f 472/472 476/476 471/471
f 475/475 473/473 471/471
f 471/471 476/476 475/475
f 475/475 474/474 473/473
f 476/476 474/474 475/475
f 478/478 480/480 477/477
f 481/481 478/478 477/477
f 477/477 480/480 479/479
f 479/479 481/481 477/477
f 478/478 484/484 480/480
f 482/482 478/478 481/481
f 482/482 484/484 478/478
f 480/480 484/484 479/479
f 483/483 481/481 479/479
f 479/479 484/484 483/483
f 483/483 482/482 481/481
f 484/484 482/482 483/483
f 486/486 488/488 485/485
f 489/489 486/486 485/485
f 485/485 488/488 487/487
f 487/487 489/489 485/485
f 486/486 492/492 488/488
f 490/490 486/486 489/489
f 490/490 492/492 486/486
f 488/488 492/492 487/487
f 491/491 489/489 487/487
f 487/487 492/492 491/491
f 491/491 490/490 489/489
f 492/492 490/490 491/491
f 494/494 496/496 493/493
f 497/497 494/494 493/493
f 493/493 496/496 495/495
f 495/495 497/497 493/493
f 494/494 500/500 496/496
f 498/498 494/494 497/497
f 498/498 500/500 494/494
f 496/496 500/500 495/495
f 499/499 497/497 495/495
f 495/495 500/500 499/499
f 499/499 498/498 497/497
f 500/500 498/498 499/499
f 502/502 504/504 501/501
f 505/505 502/502 501/501
f 501/501 504/504 503/503
f 503/503 505/505 501/501
f 502/502 508/508 504/504
f 506/506 502/502 505/505
f 506/506 508/508 502/502
f 504/504 508/508 503/503
f 507/507 505/505 503/503
f 503/503 508/508 507/507
f 507/507 506/506 505/505
f 508/508 506/506 507/507
f 510/510 512/512 509/509
f 513/513 510/510 509/509
f 509/509 512/512 511/511
f 511/511 513/513 509/509
f 510/510 516/516 512/512
f 514/514 510/510 513/513
f 514/514 516/516 510/510
f 512/512 516/516 511/511
f 515/515 513/513 511/511
f 511/511 516/516 515/515
f 515/515 514/514 513/513
f 516/516 514/514 515/515
f 518/518 520/520 517/517
f 521/521 518/518 517/517
f 517/517 520/520 519/519
f 519/519 521/521 517/517
f 518/518 524/524 520/520
f 522/522 518/518 521/521
f 522/522 524/524 518/518
f 520/520 524/524 519/519
f 523/523 521/521 519/519
f 519/519 524/524 523/523
f 523/523 522/522 521/521
f 524/524 522/522 523/523
f 526/526 528/528 525/525
f 529/529 526/526 525/525
f 525/525 528/528 527/527
f 527/527 529/529 525/525
f 526/526 532/532 528/528
f 530/530 526/526 529/529
f 530/530 532/532 526/526
f 528/528 532/532 527/527
f 531/531 529/529 527/527
f 527/527 532/532 531/531
f 531/531 530/530 529/529
f 532/532 530/530 531/531
f 534/534 536/536 533/533
f 537/537 534/534 533/533
f 533/533 536/536 535/535
f 535/535 537/537 533/533
f 534/534 540/540 536/536
f 538/538 534/534 537/537
f 538/538 540/540 534/534
f 536/536 540/540 535/535
f 539/539 537/537 535/535
f 535/535 540/540 539/539
f 539/539 538/538 537/537
f 540/540 538/538 539/539
f 542/542 544/544 541/541
f 545/545 542/542 541/541
f 541/541 544/544 543/543
f 543/543 545/545 541/541
f 542/542 548/548 544/544
f 546/546 542/542 545/545
f 546/546 548/548 542/542
f 544/544 548/548 543/543
f 547/547 545/545 543/543
f 543/543 548/548 547/547
f 547/547 546/546 545/545
f 548/548 546/546 547/547
f 550/550 552/552 549/549
f 553/553 550/550 549/549
f 549/549 552/552 551/551
f 551/551 553/553 549/549
f 550/550 556/556 552/552
f 554/554 550/550 553/553
f 554/554 556/556 550/550
f 552/552 556/556 551/551
f 555/555 553/553 551/551
f 551/551 556/556 555/555
f 555/555 554/554 553/553
f 556/556 554/554 555/555
f 558/558 560/560 557/557
f 561/561 558/558 557/557
f 557/557 560/560 559/559
f 559/559 561/561 557/557
f 558/558 564/564 560/560
f 562/562 558/558 561/561
f 562/562 564/564 558/558
f 560/560 564/564 559/559
f 563/563 561/561 559/559
f 559/559 564/564 563/563
f 563/563 562/562 561/561
f 564/564 562/562 563/563
f 566/566 568/568 565/565
f 569/569 566/566 565/565
f 565/565 568/568 567/567
f 567/567 569/569 565/565
f 566/566 572/572 568/568
f 570/570 566/566 569/569
f 570/570 572/572 566/566
f 568/568 572/572 567/567
f 571/571 569/569 567/567
f 567/567 572/572 571/571
f 571/571 570/570 569/569
f 572/572 570/570 571/571
f 574/574 576/576 573/573
f 577/577 574/574 573/573
f 573/573 576/576 575/575
f 575/575 577/577 573/573
f 574/574 580/580 576/576
f 578/578 574/574 577/577
f 578/578 580/580 574/574
f 576/576 580/580 575/575
f 579/579 577/577 575/575
f 575/575 580/580 579/579
f 579/579 578/578 577/577
f 580/580 578/578 579/579
f 582/582 584/584 581/581
f 585/585 582/582 581/581
f 581/581 584/584 583/583
f 583/583 585/585 581/581
f 582/582 588/588 584/584
f 586/586 582/582 585/585
f 586/586 588/588 582/582
f 584/584 588/588 583/583
f 587/587 585/585 583/583
f 583/583 588/588 587/587
f 587/587 586/586 585/585
f 588/588 586/586 587/587
f 590/590 592/592 589/589
f 593/593 590/590 589/589
f 589/589 592/592 591/591
f 591/591 593/593 589/589
f 590/590 596/596 592/592
f 594/594 590/590 593/593
f 594/594 596/596 590/590
f 592/592 596/596 591/591
f 595/595 593/593 591/591
f 591/591 596/596 595/595
f 595/595 594/594 593/593
f 596/596 594/594 595/595
f 598/598 600/600 597/597
f 601/601 598/598 597/597
f 597/597 600/600 599/599
f 599/599 601/601 597/597
f 598/598 604/604 600/600
f 602/602 598/598 601/601
f 602/602 604/604 598/598
f 600/600 604/604 599/599
f 603/603 601/601 599/599
f 599/599 604/604 603/603
f 603/603 602/602 601/601
f 604/604 602/602 603/603
f 606/606 608/608 605/605
f 609/609 606/606 605/605
f 605/605 608/608 607/607
f 607/607 609/609 605/605
f 606/606 612/612 608/608
f 610/610 606/606 609/609
f 610/610 612/612 606/606
f 608/608 612/612 607/607
f 611/611 609/609 607/607
f 607/607 612/612 611/611
f 611/611 610/610 609/609
f 612/612 610/610 611/611
f 614/614 616/616 613/613
f 617/617 614/614 613/613
f 613/613 616/616 615/615
f 615/615 617/617 613/613
f 614/614 620/620 616/616
f 618/618 614/614 617/617
f 618/618 620/620 614/614
f 616/616 620/620 615/615
f 619/619 617/617 615/615
f 615/615 620/620 619/619
f 619/619 618/618 617/617
f 620/620 618/618 619/619
f 622/622 624/624 621/621
f 625/625 622/622 621/621
f 621/621 624/624 623/623
f 623/623 625/625 621/621
f 622/622 628/628 624/624
f 626/626 622/622 625/625
f 626/626 628/628 622/622
f 624/624 628/628 623/623
f 627/627 625/625 623/623
f 623/623 628/628 627/627
f 627/627 626/626 625/625
f 628/628 626/626 627/627
f 630/630 632/632 629/629
f 633/633 630/630 629/629
f 629/629 632/632 631/631
f 631/631 633/633 629/629
f 630/630 636/636 632/632
f 634/634 630/630 633/633
f 634/634 636/636 630/630
f 632/632 636/636 631/631
f 635/635 633/633 631/631
f 631/631 636/636 635/635
f 635/635 634/634 633/633
f 636/636 634/634 635/635
f 638/638 640/640 637/637
f 641/641 638/638 637/637
f 637/637 640/640 639/639
f 639/639 641/641 637/637
f 638/638 644/644 640/640
f 642/642 638/638 641/641
f 642/642 644/644 638/638
f 640/640 644/644 639/639
f 643/643 641/641 639/639
f 639/639 644/644 643/643
f 643/643 642/642 641/641
f 644/644 642/642 643/643
f 646/646 648/648 645/645
f 649/649 646/646 645/645
f 645/645 648/648 647/647
f 647/647 649/649 645/645
f 646/646 652/652 648/648
f 650/650 646/646 649/649
f 650/650 652/652 646/646
f 648/648 652/652 647/647
f 651/651 649/649 647/647
f 647/647 652/652 651/651
f 651/651 650/650 649/649
f 652/652 650/650 651/651
f 654/654 656/656 653/653
f 657/657 654/654 653/653
f 653/653 656/656 655/655
f 655/655 657/657 653/653
f 654/654 660/660 656/656
f 658/658 654/654 657/657
f 658/658 660/660 654/654
f 656/656 660/660 655/655
f 659/659 657/657 655/655
f 655/655 660/660 659/659
f 659/659 658/658 657/657
f 660/660 658/658 659/659
f 662/662 664/664 661/661
f 665/665 662/662 661/661
f 661/661 664/664 663/663
f 663/663 665/665 661/661
f 662/662 668/668 664/664
f 666/666 662/662 665/665
f 666/666 668/668 662/662
f 664/664 668/668 663/663
f 667/667 665/665 663/663
f 663/663 668/668 667/667
f 667/667 666/666 665/665
f 668/668 666/666 667/667
f 670/670 672/672 669/669
f 673/673 670/670 669/669
f 669/669 672/672 671/671
f 671/671 673/673 669/669
f 670/670 676/676 672/672
f 674/674 670/670 673/673
f 674/674 676/676 670/670
f 672/672 676/676 671/671
f 675/675 673/673 671/671
f 671/671 676/676 675/675
f 675/675 674/674 673/673
f 676/676 674/674 675/675
f 678/678 680/680 677/677
f 681/681 678/678 677/677
f 677/677 680/680 679/679
f 679/679 681/681 677/677
f 678/678 684/684 680/680
f 682/682 678/678 681/681
f 682/682 684/684 678/678
f 680/680 684/684 679/679
f 683/683 681/681 679/679
f 679/679 684/684 683/683
f 683/683 682/682 681/681
f 684/684 682/682 683/683
f 686/686 688/688 685/685
f 689/689 686/686 685/685
f 685/685 688/688 687/687
f 687/687 689/689 685/685
f 686/686 692/692 688/688
f 690/690 686/686 689/689
f 690/690 692/692 686/686
f 688/688 692/692 687/687
f 691/691 689/689 687/687
f 687/687 692/692 691/691
f 691/691 690/690 689/689
f 692/692 690/690 691/691
f 694/694 693/693 697/697
f 694/694 697/697 695/695
f 695/695 697/697 698/698
f 695/695 698/698 696/696
f 697/697 693/693 699/699
f 697/697 699/699 698/698
f 698/698 699/699 700/700
f 698/698 700/700 696/696
f 699/699 693/693 701/701
f 699/699 701/701 700/700
f 700/700 701/701 702/702
f 700/700 702/702 696/696
f 701/701 693/693 703/703
f 701/701 703/703 702/702
f 702/702 703/703 704/704
f 702/702 704/704 696/696
f 703/703 693/693 705/705
f 703/703 705/705 704/704
f 704/704 705/705 706/706
f 704/704 706/706 696/696
f 705/705 693/693 707/707
f 705/705 707/707 706/706
f 706/706 707/707 708/708
f 706/706 708/708 696/696
f 707/707 693/693 709/709
f 707/707 709/709 708/708
f 708/708 709/709 710/710
f 708/708 710/710 696/696
f 709/709 693/693 711/711
f 709/709 711/711 710/710
f 710/710 711/711 712/712
f 710/710 712/712 696/696
f 711/711 693/693 713/713
f 711/711 713/713 712/712
f 712/712 713/713 714/714
f 712/712 714/714 696/696
f 713/713 693/693 715/715
f 713/713 715/715 714/714
f 714/714 715/715 716/716
f 714/714 716/716 696/696
f 715/715 693/693 717/717
f 715/715 717/717 716/716
f 716/716 717/717 718/718
f 716/716 718/718 696/696
f 717/717 693/693 719/719
f 717/717 719/719 718/718
f 718/718 719/719 720/720
f 718/718 720/720 696/696
f 719/719 693/693 721/721
f 719/719 721/721 720/720
f 720/720 721/721 722/722
f 720/720 722/722 696/696
f 721/721 693/693 694/694
f 721/721 694/694 722/722
f 722/722 694/694 695/695
f 722/722 695/695 696/696
f 724/724 723/723 727/727
f 724/724 727/727 725/725
f 725/725 727/727 728/728
f 725/725 728/728 726/726
f 727/727 723/723 729/729
f 727/727 729/729 728/728
f 728/728 729/729 730/730
f 728/728 730/730 726/726
f 729/729 723/723 731/731
f 729/729 731/731 730/730
f 730/730 731/731 732/732
f 730/730 732/732 726/726
f 731/731 723/723 733/733
f 731/731 733/733 732/732
f 732/732 733/733 734/734
f 732/732 734/734 726/726
f 733/733 723/723 735/735
f 733/733 735/735 734/734
f 734/734 735/735 736/736
f 734/734 736/736 726/726
f 735/735 723/723 737/737
f 735/735 737/737 736/736
f 736/736 737/737 738/738
f 736/736 738/738 726/726
f 737/737 723/723 739/739
f 737/737 739/739 738/738
f 738/738 739/739 740/740
f 738/738 740/740 726/726
f 739/739 723/723 741/741
f 739/739 741/741 740/740
f 740/740 741/741 742/742
f 740/740 742/742 726/726
f 741/741 723/723 743/743
f 741/741 743/743 742/742
f 742/742 743/743 744/744
f 742/742 744/744 726/726
f 743/743 723/723 745/745
f 743/743 745/745 744/744
f 744/744 745/745 746/746
f 744/744 746/746 726/726
f 745/745 723/723 747/747
f 745/745 747/747 746/746
f 746/746 747/747 748/748
f 746/746 748/748 726/726
f 747/747 723/723 749/749
f 747/747 749/749 748/748
f 748/748 749/749 750/750
f 748/748 750/750 726/726
f 749/749 723/723 751/751
f 749/749 751/751 750/750
f 750/750 751/751 752/752
f 750/750 752/752 726/726
f 751/751 723/723 724/724
f 751/751 724/724 752/752
f 752/752 724/724 725/725
f 752/752 725/725 726/726
f 754/754 753/753 757/757
f 754/754 757/757 755/755
f 755/755 757/757 758/758
f 755/755 758/758 756/756
f 757/757 753/753 759/759
f 757/757 759/759 758/758
f 758/758 759/759 760/760
f 758/758 760/760 756/756
f 759/759 753/753 761/761
f 759/759 761/761 760/760
f 760/760 761/761 762/762
f 760/760 762/762 756/756
f 761/761 753/753 763/763
f 761/761 763/763 762/762
f 762/762 763/763 764/764
f 762/762 764/764 756/756
f 763/763 753/753 765/765
f 763/763 765/765 764/764
f 764/764 765/765 766/766
f 764/764 766/766 756/756
f 765/765 753/753 767/767
f 765/765 767/767 766/766
f 766/766 767/767 768/768
f 766/766 768/768 756/756
f 767/767 753/753 769/769
f 767/767 769/769 768/768
f 768/768 769/769 770/770
f 768/768 770/770 756/756
f 769/769 753/753 771/771
f 769/769 771/771 770/770
f 770/770 771/771 772/772
f 770/770 772/772 756/756
f 771/771 753/753 773/773
f 771/771 773/773 772/772
f 772/772 773/773 774/774
f 772/772 774/774 756/756
f 773/773 753/753 775/775
f 773/773 775/775 774/774
f 774/774 775/775 776/776
f 774/774 776/776 756/756
f 775/775 753/753 777/777
f 775/775 777/777 776/776
f 776/776 777/777 778/778
f 776/776 778/778 756/756
f 777/777 753/753 779/779
f 777/777 779/779 778/778
f 778/778 779/779 780/780
f 778/778 780/780 756/756
f 779/779 753/753 781/781
f 779/779 781/781 780/780
f 780/780 781/781 782/782
f 780/780 782/782 756/756
f 781/781 753/753 754/754
f 781/781 754/754 782/782
f 782/782 754/754 755/755
f 782/782 755/755 756/756
f 784/784 783/783 787/787
f 784/784 787/787 785/785
f 785/785 787/787 788/788
f 785/785 788/788 786/786
f 787/787 783/783 789/789
f 787/787 789/789 788/788
f 788/788 789/789 790/790
f 788/788 790/790 786/786
f 789/789 783/783 791/791
f 789/789 791/791 790/790
f 790/790 791/791 792/792
f 790/790 792/792 786/786
f 791/791 783/783 793/793
f 791/791 793/793 792/792
f 792/792 793/793 794/794
f 792/792 794/794 786/786
f 793/793 783/783 795/795
f 793/793 795/795 794/794
f 794/794 795/795 796/796
f 794/794 796/796 786/786
f 795/795 783/783 797/797
f 795/795 797/797 796/796
f 796/796 797/797 798/798
f 796/796 798/798 786/786
f 797/797 783/783 799/799
f 797/797 799/799 798/798
f 798/798 799/799 800/800
f 798/798 800/800 786/786
f 799/799 783/783 801/801
f 799/799 801/801 800/800
f 800/800 801/801 802/802
f 800/800 802/802 786/786
f 801/801 783/783 803/803
f 801/801 803/803 802/802
f 802/802 803/803 804/804
f 802/802 804/804 786/786
f 803/803 783/783 805/805
f 803/803 805/805 804/804
f 804/804 805/805 806/806
f 804/804 806/806 786/786
f 805/805 783/783 807/807
f 805/805 807/807 806/806
f 806/806 807/807 808/808
f 806/806 808/808 786/786
f 807/807 783/783 809/809
f 807/807 809/809 808/808
f 808/808 809/809 810/810
f 808/808 810/810 786/786
f 809/809 783/783 811/811
f 809/809 811/811 810/810
f 810/810 811/811 812/812
f 810/810 812/812 786/786
f 811/811 783/783 784/784
f 811/811 784/784 812/812
f 812/812 784/784 785/785
f 812/812 785/785 786/786
f 813/813 850/850 829/829
f 850/850 824/824 853/853
f 829/829 853/853 818/818
f 850/850 853/853 829/829
f 813/813 829/829 825/825
f 829/829 818/818 830/830
f 825/825 830/830 814/814
f 829/829 830/830 825/825
f 813/813 825/825 834/834
f 825/825 814/814 835/835
f 834/834 835/835 820/820
f 825/825 835/835 834/834
f 813/813 834/834 846/846
f 834/834 820/820 849/849
f 846/846 849/849 823/823
f 834/834 849/849 846/846
f 813/813 846/846 850/850
f 846/846 823/823 854/854
f 850/850 854/854 824/824
f 846/846 854/854 850/850
f 814/814 830/830 841/841
f 830/830 818/818 844/844
f 841/841 844/844 822/822
f 830/830 844/844 841/841
f 818/818 853/853 831/831
f 853/853 824/824 852/852
f 831/831 852/852 817/817
f 853/853 852/852 831/831
f 824/824 854/854 851/851
f 854/854 823/823 847/847
f 851/851 847/847 815/815
f 854/854 847/847 851/851
f 823/823 849/849 848/848
f 849/849 820/820 836/836
f 848/848 836/836 819/819
f 849/849 836/836 848/848
f 820/820 835/835 840/840
f 835/835 814/814 837/837
f 840/840 837/837 821/821
f 835/835 837/837 840/840
f 816/816 842/842 828/828
f 842/842 822/822 843/843
f 828/828 843/843 817/817
f 842/842 843/843 828/828
f 816/816 828/828 826/826
f 828/828 817/817 827/827
f 826/826 827/827 815/815
f 828/828 827/827 826/826
f 816/816 826/826 833/833
f 826/826 815/815 832/832
f 833/833 832/832 819/819
f 826/826 832/832 833/833
f 816/816 833/833 838/838
f 833/833 819/819 839/839
f 838/838 839/839 821/821
f 833/833 839/839 838/838
f 816/816 838/838 842/842
f 838/838 821/821 845/845
f 842/842 845/845 822/822
f 838/838 845/845 842/842
f 817/817 843/843 831/831
f 843/843 822/822 844/844
f 831/831 844/844 818/818
f 843/843 844/844 831/831
f 815/815 827/827 851/851
f 827/827 817/817 852/852
f 851/851 852/852 824/824
f 827/827 852/852 851/851
f 819/819 832/832 848/848
f 832/832 815/815 847/847
f 848/848 847/847 823/823
f 832/832 847/847 848/848
f 821/821 839/839 840/840
f 839/839 819/819 836/836
f 840/840 836/836 820/820
f 839/839 836/836 840/840
f 822/822 845/845 841/841
f 845/845 821/821 837/837
f 841/841 837/837 814/814
f 845/845 837/837 841/841
f 855/855 892/892 871/871
f 892/892 866/866 895/895
f 871/871 895/895 860/860
f 892/892 895/895 871/871
f 855/855 871/871 867/867
f 871/871 860/860 872/872
f 867/867 872/872 856/856
f 871/871 872/872 867/867
f 855/855 867/867 876/876
f 867/867 856/856 877/877
f 876/876 877/877 862/862
f 867/867 877/877 876/876
f 855/855 876/876 888/888
f 876/876 862/862 891/891
f 888/888 891/891 865/865
f 876/876 891/891 888/888
f 855/855 888/888 892/892
f 888/888 865/865 896/896
f 892/892 896/896 866/866
f 888/888 896/896 892/892
f 856/856 872/872 883/883
f 872/872 860/860 886/886
f 883/883 886/886 864/864
f 872/872 886/886 883/883
f 860/860 895/895 873/873
f 895/895 866/866 894/894
f 873/873 894/894 859/859
f 895/895 894/894 873/873
f 866/866 896/896 893/893
f 896/896 865/865 889/889
f 893/893 889/889 857/857
f 896/896 889/889 893/893
f 865/865 891/891 890/890
f 891/891 862/862 878/878
f 890/890 878/878 861/861
f 891/891 878/878 890/890
f 862/862 877/877 882/882
f 877/877 856/856 879/879
f 882/882 879/879 863/863
f 877/877 879/879 882/882
f 858/858 884/884 870/870
f 884/884 864/864 885/885
f 870/870 885/885 859/859
f 884/884 885/885 870/870
f 858/858 870/870 868/868
f 870/870 859/859 869/869
f 868/868 869/869 857/857
f 870/870 869/869 868/868
f 858/858 868/868 875/875
f 868/868 857/857 874/874
f 875/875 874/874 861/861
f 868/868 874/874 875/875
f 858/858 875/875 880/880
f 875/875 861/861 881/881
f 880/880 881/881 863/863
f 875/875 881/881 880/880
f 858/858 880/880 884/884
f 880/880 863/863 887/887
f 884/884 887/887 864/864
f 880/880 887/887 884/884
f 859/859 885/885 873/873
f 885/885 864/864 886/886
f 873/873 886/886 860/860
f 885/885 886/886 873/873
f 857/857 869/869 893/893
f 869/869 859/859 894/894
f 893/893 894/894 866/866
f 869/869 894/894 893/893
f 861/861 874/874 890/890
f 874/874 857/857 889/889
f 890/890 889/889 865/865
f 874/874 889/889 890/890
f 863/863 881/881 882/882
f 881/881 861/861 878/878
f 882/882 878/878 862/862
f 881/881 878/878 882/882
f 864/864 887/887 883/883
f 887/887 863/863 879/879
f 883/883 879/879 856/856
f 887/887 879/879 883/883
f 897/897 934/934 913/913
f 934/934 908/908 937/937
f 913/913 937/937 902/902
f 934/934 937/937 913/913
f 897/897 913/913 909/909
f 913/913 902/902 914/914
f 909/909 914/914 898/898
f 913/913 914/914 909/909
f 897/897 909/909 918/918
f 909/909 898/898 919/919
f 918/918 919/919 904/904
f 909/909 919/919 918/918
f 897/897 918/918 930/930
f 918/918 904/904 933/933
f 930/930 933/933 907/907
f 918/918 933/933 930/930
f 897/897 930/930 934/934
f 930/930 907/907 938/938
f 934/934 938/938 908/908
f 930/930 938/938 934/934
f 898/898 914/914 925/925
f 914/914 902/902 928/928
f 925/925 928/928 906/906
f 914/914 928/928 925/925
f 902/902 937/937 915/915
f 937/937 908/908 936/936
f 915/915 936/936 901/901
f 937/937 936/936 915/915
f 908/908 938/938 935/935
f 938/938 907/907 931/931
f 935/935 931/931 899/899
f 938/938 931/931 935/935
f 907/907 933/933 932/932
f 933/933 904/904 920/920
f 932/932 920/920 903/903
f 933/933 920/920 932/932
f 904/904 919/919 924/924
f 919/919 898/898 921/921
f 924/924 921/921 905/905
f 919/919 921/921 924/924
f 900/900 926/926 912/912
f 926/926 906/906 927/927
f 912/912 927/927 901/901
f 926/926 927/927 912/912
f 900/900 912/912 910/910
f 912/912 901/901 911/911
f 910/910 911/911 899/899
f 912/912 911/911 910/910
f 900/900 910/910 917/917
f 910/910 899/899 916/916
f 917/917 916/916 903/903
f 910/910 916/916 917/917
f 900/900 917/917 922/922
f 917/917 903/903 923/923
f 922/922 923/923 905/905
f 917/917 923/923 922/922
f 900/900 922/922 926/926
f 922/922 905/905 929/929
f 926/926 929/929 906/906
f 922/922 929/929 926/926
f 901/901 927/927 915/915
f 927/927 906/906 928/928
f 915/915 928/928 902/902
f 927/927 928/928 915/915
f 899/899 911/911 935/935
f 911/911 901/901 936/936
f 935/935 936/936 908/908
f 911/911 936/936 935/935
f 903/903 916/916 932/932
f 916/916 899/899 931/931
f 932/932 931/931 907/907
f 916/916 931/931 932/932
f 905/905 923/923 924/924
f 923/923 903/903 920/920
f 924/924 920/920 904/904
f 923/923 920/920 924/924
f 906/906 929/929 925/925
f 929/929 905/905 921/921
f 925/925 921/921 898/898
f 929/929 921/921 925/925
f 939/939 976/976 955/955
f 976/976 950/950 979/979
f 955/955 979/979 944/944
f 976/976 979/979 955/955
f 939/939 955/955 951/951
f 955/955 944/944 956/956
f 951/951 956/956 940/940
f 955/955 956/956 951/951
f 939/939 951/951 960/960
f 951/951 940/940 961/961
f 960/960 961/961 946/946
f 951/951 961/961 960/960
f 939/939 960/960 972/972
f 960/960 946/946 975/975
f 972/972 975/975 949/949
f 960/960 975/975 972/972
f 939/939 972/972 976/976
f 972/972 949/949 980/980
f 976/976 980/980 950/950
f 972/972 980/980 976/976
f 940/940 956/956 967/967
f 956/956 944/944 970/970
f 967/967 970/970 948/948
f 956/956 970/970 967/967
f 944/944 979/979 957/957
f 979/979 950/950 978/978
f 957/957 978/978 943/943
f 979/979 978/978 957/957
f 950/950 980/980 977/977
f 980/980 949/949 973/973
f 977/977 973/973 941/941
f 980/980 973/973 977/977
f 949/949 975/975 974/974
f 975/975 946/946 962/962
f 974/974 962/962 945/945
f 975/975 962/962 974/974
f 946/946 961/961 966/966
f 961/961 940/940 963/963
f 966/966 963/963 947/947
f 961/961 963/963 966/966
f 942/942 968/968 954/954
f 968/968 948/948 969/969
f 954/954 969/969 943/943
f 968/968 969/969 954/954
f 942/942 954/954 952/952
f 954/954 943/943 953/953
f 952/952 953/953 941/941
f 954/954 953/953 952/952
f 942/942 952/952 959/959
f 952/952 941/941 958/958
f 959/959 958/958 945/945
f 952/952 958/958 959/959
f 942/942 959/959 964/964
f 959/959 945/945 965/965
f 964/964 965/965 947/947
f 959/959 965/965 964/964
f 942/942 964/964 968/968
f 964/964 947/947 971/971
f 968/968 971/971 948/948
f 964/964 971/971 968/968
f 943/943 969/969 957/957
f 969/969 948/948 970/970
f 957/957 970/970 944/944
f 969/969 970/970 957/957
f 941/941 953/953 977/977
f 953/953 943/943 978/978
f 977/977 978/978 950/950
f 953/953 978/978 977/977
f 945/945 958/958 974/974
f 958/958 941/941 973/973
f 974/974 973/973 949/949
f 958/958 973/973 974/974
f 947/947 965/965 966/966
f 965/965 945/945 962/962
f 966/966 962/962 946/946
f 965/965 962/962 966/966
f 948/948 971/971 967/967
f 971/971 947/947 963/963
f 967/967 963/963 940/940
f 971/971 963/963 967/967
f 981/981 1018/1018 997/997
f 1018/1018 992/992 1021/1021
f 997/997 1021/1021 986/986
f 1018/1018 1021/1021 997/997
f 981/981 997/997 993/993
f 997/997 986/986 998/998
f 993/993 998/998 982/982
f 997/997 998/998 993/993
f 981/981 993/993 1002/1002
f 993/993 982/982 1003/1003
f 1002/1002 1003/1003 988/988
f 993/993 1003/1003 1002/1002
f 981/981 1002/1002 1014/1014
f 1002/1002 988/988 1017/1017
f 1014/1014 1017/1017 991/991
f 1002/1002 1017/1017 1014/1014
f 981/981 1014/1014 1018/1018
f 1014/1014 991/991 1022/1022
f 1018/1018 1022/1022 992/992
f 1014/1014 1022/1022 1018/1018
f 982/982 998/998 1009/1009
f 998/998 986/986 1012/1012
f 1009/1009 1012/1012 990/990
f 998/998 1012/1012 1009/1009
f 986/986 1021/1021 999/999
f 1021/1021 992/992 1020/1020
f 999/999 1020/1020 985/985
f 1021/1021 1020/1020 999/999
f 992/992 1022/1022 1019/1019
f 1022/1022 991/991 1015/1015
f 1019/1019 1015/1015 983/983
f 1022/1022 1015/1015 1019/1019
f 991/991 1017/1017 1016/1016
f 1017/1017 988/988 1004/1004
f 1016/1016 1004/1004 987/987
f 1017/1017 1004/1004 1016/1016
f 988/988 1003/1003 1008/1008
f 1003/1003 982/982 1005/1005
f 1008/1008 1005/1005 989/989
f 1003/1003 1005/1005 1008/1008
f 984/984 1010/1010 996/996
f 1010/1010 990/990 1011/1011
f 996/996 1011/1011 985/985
f 1010/1010 1011/1011 996/996
f 984/984 996/996 994/994
f 996/996 985/985 995/995
f 994/994 995/995 983/983
f 996/996 995/995 994/994
f 984/984 994/994 1001/1001
f 994/994 983/983 1000/1000
f 1001/1001 1000/1000 987/987
f 994/994 1000/1000 1001/1001
f 984/984 1001/1001 1006/1006
f 1001/1001 987/987 1007/1007
f 1006/1006 1007/1007 989/989
f 1001/1001 1007/1007 1006/1006
f 984/984 1006/1006 1010/1010
f 1006/1006 989/989 1013/1013
f 1010/1010 1013/1013 990/990
f 1006/1006 1013/1013 1010/1010
f 985/985 1011/1011 999/999
f 1011/1011 990/990 1012/1012
f 999/999 1012/1012 986/986
f 1011/1011 1012/1012 999/999
f 983/983 995/995 1019/1019
f 995/995 985/985 1020/1020
f 1019/1019 1020/1020 992/992
f 995/995 1020/1020 1019/1019
f 987/987 1000/1000 1016/1016
f 1000/1000 983/983 1015/1015
f 1016/1016 1015/1015 991/991
f 1000/1000 1015/1015 1016/1016
f 989/989 1007/1007 1008/1008
f 1007/1007 987/987 1004/1004
f 1008/1008 1004/1004 988/988
f 1007/1007 1004/1004 1008/1008
f 990/990 1013/1013 1009/1009
f 1013/1013 989/989 1005/1005
f 1009/1009 1005/1005 982/982
f 1013/1013 1005/1005 1009/1009
f 1023/1023 1060/1060 1039/1039
f 1060/1060 1034/1034 1063/1063
f 1039/1039 1063/1063 1028/1028
f 1060/1060 1063/1063 1039/1039
f 1023/1023 1039/1039 1035/1035
f 1039/1039 1028/1028 1040/1040
f 1035/1035 1040/1040 1024/1024
f 1039/1039 1040/1040 1035/1035
f 1023/1023 1035/1035 1044/1044
f 1035/1035 1024/1024 1045/1045
f 1044/1044 1045/1045 1030/1030
f 1035/1035 1045/1045 1044/1044
f 1023/1023 1044/1044 1056/1056
f 1044/1044 1030/1030 1059/1059
f 1056/1056 1059/1059 1033/1033
f 1044/1044 1059/1059 1056/1056
f 1023/1023 1056/1056 1060/1060
f 1056/1056 1033/1033 1064/1064
f 1060/1060 1064/1064 1034/1034
f 1056/1056 1064/1064 1060/1060
f 1024/1024 1040/1040 1051/1051
f 1040/1040 1028/1028 1054/1054
f 1051/1051 1054/1054 1032/1032
f 1040/1040 1054/1054 1051/1051
f 1028/1028 1063/1063 1041/1041
f 1063/1063 1034/1034 1062/1062
f 1041/1041 1062/1062 1027/1027
f 1063/1063 1062/1062 1041/1041
f 1034/1034 1064/1064 1061/1061
f 1064/1064 1033/1033 1057/1057
f 1061/1061 1057/1057 1025/1025
f 1064/1064 1057/1057 1061/1061
f 1033/1033 1059/1059 1058/1058
f 1059/1059 1030/1030 1046/1046
f 1058/1058 1046/1046 1029/1029
f 1059/1059 1046/1046 1058/1058
f 1030/1030 1045/1045 1050/1050
f 1045/1045 1024/1024 1047/1047
f 1050/1050 1047/1047 1031/1031
f 1045/1045 1047/1047 1050/1050
f 1026/1026 1052/1052 1038/1038
f 1052/1052 1032/1032 1053/1053
f 1038/1038 1053/1053 1027/1027
f 1052/1052 1053/1053 1038/1038
f 1026/1026 1038/1038 1036/1036
f 1038/1038 1027/1027 1037/1037
f 1036/1036 1037/1037 1025/1025
f 1038/1038 1037/1037 1036/1036
f 1026/1026 1036/1036 1043/1043
f 1036/1036 1025/1025 1042/1042
f 1043/1043 1042/1042 1029/1029
f 1036/1036 1042/1042 1043/1043
f 1026/1026 1043/1043 1048/1048
f 1043/1043 1029/1029 1049/1049
f 1048/1048 1049/1049 1031/1031
f 1043/1043 1049/1049 1048/1048
f 1026/1026 1048/1048 1052/1052
f 1048/1048 1031/1031 1055/1055
f 1052/1052 1055/1055 1032/1032
f 1048/1048 1055/1055 1052/1052
f 1027/1027 1053/1053 1041/1041
f 1053/1053 1032/1032 1054/1054
f 1041/1041 1054/1054 1028/1028
f 1053/1053 1054/1054 1041/1041
f 1025/1025 1037/1037 1061/1061
f 1037/1037 1027/1027 1062/1062
f 1061/1061 1062/1062 1034/1034
f 1037/1037 1062/1062 1061/1061
f 1029/1029 1042/1042 1058/1058
f 1042/1042 1025/1025 1057/1057
f 1058/1058 1057/1057 1033/1033
f 1042/1042 1057/1057 1058/1058
f 1031/1031 1049/1049 1050/1050
f 1049/1049 1029/1029 1046/1046
f 1050/1050 1046/1046 1030/1030
f 1049/1049 1046/1046 1050/1050
f 1032/1032 1055/1055 1051/1051
f 1055/1055 1031/1031 1047/1047
f 1051/1051 1047/1047 1024/1024
f 1055/1055 1047/1047 1051/1051
f 1065/1065 1102/1102 1081/1081
f 1102/1102 1076/1076 1105/1105
f 1081/1081 1105/1105 1070/1070
f 1102/1102 1105/1105 1081/1081
f 1065/1065 1081/1081 1077/1077
f 1081/1081 1070/1070 1082/1082
f 1077/1077 1082/1082 1066/1066
f 1081/1081 1082/1082 1077/1077
f 1065/1065 1077/1077 1086/1086
f 1077/1077 1066/1066 1087/1087
f 1086/1086 1087/1087 1072/1072
f 1077/1077 1087/1087 1086/1086
f 1065/1065 1086/1086 1098/1098
f 1086/1086 1072/1072 1101/1101
f 1098/1098 1101/1101 1075/1075
f 1086/1086 1101/1101 1098/1098
f 1065/1065 1098/1098 1102/1102
f 1098/1098 1075/1075 1106/1106
f 1102/1102 1106/1106 1076/1076
f 1098/1098 1106/1106 1102/1102
f 1066/1066 1082/1082 1093/1093
f 1082/1082 1070/1070 1096/1096
f 1093/1093 1096/1096 1074/1074
f 1082/1082 1096/1096 1093/1093
f 1070/1070 1105/1105 1083/1083
f 1105/1105 1076/1076 1104/1104
f 1083/1083 1104/1104 1069/1069
f 1105/1105 1104/1104 1083/1083
f 1076/1076 1106/1106 1103/1103
f 1106/1106 1075/1075 1099/1099
f 1103/1103 1099/1099 1067/1067
f 1106/1106 1099/1099 1103/1103
f 1075/1075 1101/1101 1100/1100
f 1101/1101 1072/1072 1088/1088
f 1100/1100 1088/1088 1071/1071
f 1101/1101 1088/1088 1100/1100
f 1072/1072 1087/1087 1092/1092
f 1087/1087 1066/1066 1089/1089
f 1092/1092 1089/1089 1073/1073
f 1087/1087 1089/1089 1092/1092
f 1068/1068 1094/1094 1080/1080
f 1094/1094 1074/1074 1095/1095
f 1080/1080 1095/1095 1069/1069
f 1094/1094 1095/1095 1080/1080
f 1068/1068 1080/1080 1078/1078
f 1080/1080 1069/1069 1079/1079
f 1078/1078 1079/1079 1067/1067
f 1080/1080 1079/1079 1078/1078
f 1068/1068 1078/1078 1085/1085
f 1078/1078 1067/1067 1084/1084
f 1085/1085 1084/1084 1071/1071
f 1078/1078 1084/1084 1085/1085
f 1068/1068 1085/1085 1090/1090
f 1085/1085 1071/1071 1091/1091
f 1090/1090 1091/1091 1073/1073
f 1085/1085 1091/1091 1090/1090
f 1068/1068 1090/1090 1094/1094
f 1090/1090 1073/1073 1097/1097
f 1094/1094 1097/1097 1074/1074
f 1090/1090 1097/1097 1094/1094
f 1069/1069 1095/1095 1083/1083
f 1095/1095 1074/1074 1096/1096
f 1083/1083 1096/1096 1070/1070
f 1095/1095 1096/1096 1083/1083
f 1067/1067 1079/1079 1103/1103
f 1079/1079 1069/1069 1104/1104
f 1103/1103 1104/1104 1076/1076
f 1079/1079 1104/1104 1103/1103
f 1071/1071 1084/1084 1100/1100
f 1084/1084 1067/1067 1099/1099
f 1100/1100 1099/1099 1075/1075
f 1084/1084 1099/1099 1100/1100
f 1073/1073 1091/1091 1092/1092
f 1091/1091 1071/1071 1088/1088
f 1092/1092 1088/1088 1072/1072
f 1091/1091 1088/1088 1092/1092
f 1074/1074 1097/1097 1093/1093
f 1097/1097 1073/1073 1089/1089
f 1093/1093 1089/1089 1066/1066
f 1097/1097 1089/1089 1093/1093
f 1107/1107 1144/1144 1123/1123
f 1144/1144 1118/1118 1147/1147
f 1123/1123 1147/1147 1112/1112
f 1144/1144 1147/1147 1123/1123
f 1107/1107 1123/1123 1119/1119
f 1123/1123 1112/1112 1124/1124
f 1119/1119 1124/1124 1108/1108
f 1123/1123 1124/1124 1119/1119
f 1107/1107 1119/1119 1128/1128
f 1119/1119 1108/1108 1129/1129
f 1128/1128 1129/1129 1114/1114
f 1119/1119 1129/1129 1128/1128
f 1107/1107 1128/1128 1140/1140
f 1128/1128 1114/1114 1143/1143
f 1140/1140 1143/1143 1117/1117
f 1128/1128 1143/1143 1140/1140
f 1107/1107 1140/1140 1144/1144
f 1140/1140 1117/1117 1148/1148
f 1144/1144 1148/1148 1118/1118
f 1140/1140 1148/1148 1144/1144
f 1108/1108 1124/1124 1135/1135
f 1124/1124 1112/1112 1138/1138
f 1135/1135 1138/1138 1116/1116
f 1124/1124 1138/1138 1135/1135
f 1112/1112 1147/1147 1125/1125
f 1147/1147 1118/1118 1146/1146
f 1125/1125 1146/1146 1111/1111
f 1147/1147 1146/1146 1125/1125
f 1118/1118 1148/1148 1145/1145
f 1148/1148 1117/1117 1141/1141
f 1145/1145 1141/1141 1109/1109
f 1148/1148 1141/1141 1145/1145
f 1117/1117 1143/1143 1142/1142
f 1143/1143 1114/1114 1130/1130
f 1142/1142 1130/1130 1113/1113
f 1143/1143 1130/1130 1142/1142
f 1114/1114 1129/1129 1134/1134
f 1129/1129 1108/1108 1131/1131
f 1134/1134 1131/1131 1115/1115
f 1129/1129 1131/1131 1134/1134
f 1110/1110 1136/1136 1122/1122
f 1136/1136 1116/1116 1137/1137
f 1122/1122 1137/1137 1111/1111
f 1136/1136 1137/1137 1122/1122
f 1110/1110 1122/1122 1120/1120
f 1122/1122 1111/1111 1121/1121
f 1120/1120 1121/1121 1109/1109
f 1122/1122 1121/1121 1120/1120
f 1110/1110 1120/1120 1127/1127
f 1120/1120 1109/1109 1126/1126
f 1127/1127 1126/1126 1113/1113
f 1120/1120 1126/1126 1127/1127
f 1110/1110 1127/1127 1132/1132
f 1127/1127 1113/1113 1133/1133
f 1132/1132 1133/1133 1115/1115
f 1127/1127 1133/1133 1132/1132
f 1110/1110 1132/1132 1136/1136
f 1132/1132 1115/1115 1139/1139
f 1136/1136 1139/1139 1116/1116
f 1132/1132 1139/1139 1136/1136
f 1111/1111 1137/1137 1125/1125
f 1137/1137 1116/1116 1138/1138
f 1125/1125 1138/1138 1112/1112
f 1137/1137 1138/1138 1125/1125
f 1109/1109 1121/1121 1145/1145
f 1121/1121 1111/1111 1146/1146
f 1145/1145 1146/1146 1118/1118
f 1121/1121 1146/1146 1145/1145
f 1113/1113 1126/1126 1142/1142
f 1126/1126 1109/1109 1141/1141
f 1142/1142 1141/1141 1117/1117
f 1126/1126 1141/1141 1142/1142
f 1115/1115 1133/1133 1134/1134
f 1133/1133 1113/1113 1130/1130
f 1134/1134 1130/1130 1114/1114
f 1133/1133 1130/1130 1134/1134
f 1116/1116 1139/1139 1135/1135
f 1139/1139 1115/1115 1131/1131
f 1135/1135 1131/1131 1108/1108
f 1139/1139 1131/1131 1135/1135
f 1149/1149 1186/1186 1165/1165
f 1186/1186 1160/1160 1189/1189
f 1165/1165 1189/1189 1154/1154
f 1186/1186 1189/1189 1165/1165
f 1149/1149 1165/1165 1161/1161
f 1165/1165 1154/1154 1166/1166
f 1161/1161 1166/1166 1150/1150
f 1165/1165 1166/1166 1161/1161
f 1149/1149 1161/1161 1170/1170
f 1161/1161 1150/1150 1171/1171
f 1170/1170 1171/1171 1156/1156
f 1161/1161 1171/1171 1170/1170
f 1149/1149 1170/1170 1182/1182
f 1170/1170 1156/1156 1185/1185
f 1182/1182 1185/1185 1159/1159
f 1170/1170 1185/1185 1182/1182
f 1149/1149 1182/1182 1186/1186
f 1182/1182 1159/1159 1190/1190
f 1186/1186 1190/1190 1160/1160
f 1182/1182 1190/1190 1186/1186
f 1150/1150 1166/1166 1177/1177
f 1166/1166 1154/1154 1180/1180
f 1177/1177 1180/1180 1158/1158
f 1166/1166 1180/1180 1177/1177
f 1154/1154 1189/1189 1167/1167
f 1189/1189 1160/1160 1188/1188
f 1167/1167 1188/1188 1153/1153
f 1189/1189 1188/1188 1167/1167
f 1160/1160 1190/1190 1187/1187
f 1190/1190 1159/1159 1183/1183
f 1187/1187 1183/1183 1151/1151
f 1190/1190 1183/1183 1187/1187
f 1159/1159 1185/1185 1184/1184
f 1185/1185 1156/1156 1172/1172
f 1184/1184 1172/1172 1155/1155
f 1185/1185 1172/1172 1184/1184
f 1156/1156 1171/1171 1176/1176
f 1171/1171 1150/1150 1173/1173
f 1176/1176 1173/1173 1157/1157
f 1171/1171 1173/1173 1176/1176
f 1152/1152 1178/1178 1164/1164
f 1178/1178 1158/1158 1179/1179
f 1164/1164 1179/1179 1153/1153
f 1178/1178 1179/1179 1164/1164
f 1152/1152 1164/1164 1162/1162
f 1164/1164 1153/1153 1163/1163
f 1162/1162 1163/1163 1151/1151
f 1164/1164 1163/1163 1162/1162
f 1152/1152 1162/1162 1169/1169
f 1162/1162 1151/1151 1168/1168
f 1169/1169 1168/1168 1155/1155
f 1162/1162 1168/1168 1169/1169
f 1152/1152 1169/1169 1174/1174
f 1169/1169 1155/1155 1175/1175
f 1174/1174 1175/1175 1157/1157
f 1169/1169 1175/1175 1174/1174
f 1152/1152 1174/1174 1178/1178
f 1174/1174 1157/1157 1181/1181
f 1178/1178 1181/1181 1158/1158
f 1174/1174 1181/1181 1178/1178
f 1153/1153 1179/1179 1167/1167
f 1179/1179 1158/1158 1180/1180
f 1167/1167 1180/1180 1154/1154
f 1179/1179 1180/1180 1167/1167
f 1151/1151 1163/1163 1187/1187
f 1163/1163 1153/1153 1188/1188
f 1187/1187 1188/1188 1160/1160
f 1163/1163 1188/1188 1187/1187
f 1155/1155 1168/1168 1184/1184
f 1168/1168 1151/1151 1183/1183
f 1184/1184 1183/1183 1159/1159
f 1168/1168 1183/1183 1184/1184
f 1157/1157 1175/1175 1176/1176
f 1175/1175 1155/1155 1172/1172
f 1176/1176 1172/1172 1156/1156
f 1175/1175 1172/1172 1176/1176
f 1158/1158 1181/1181 1177/1177
f 1181/1181 1157/1157 1173/1173
f 1177/1177 1173/1173 1150/1150
f 1181/1181 1173/1173 1177/1177
f 1191/1191 1228/1228 1207/1207
f 1228/1228 1202/1202 1231/1231
f 1207/1207 1231/1231 1196/1196
f 1228/1228 1231/1231 1207/1207
f 1191/1191 1207/1207 1203/1203
f 1207/1207 1196/1196 1208/1208
f 1203/1203 1208/1208 1192/1192
f 1207/1207 1208/1208 1203/1203
f 1191/1191 1203/1203 1212/1212
f 1203/1203 1192/1192 1213/1213
f 1212/1212 1213/1213 1198/1198
f 1203/1203 1213/1213 1212/1212
f 1191/1191 1212/1212 1224/1224
f 1212/1212 1198/1198 1227/1227
f 1224/1224 1227/1227 1201/1201
f 1212/1212 1227/1227 1224/1224
f 1191/1191 1224/1224 1228/1228
f 1224/1224 1201/1201 1232/1232
f 1228/1228 1232/1232 1202/1202
f 1224/1224 1232/1232 1228/1228
f 1192/1192 1208/1208 1219/1219
f 1208/1208 1196/1196 1222/1222
f 1219/1219 1222/1222 1200/1200
f 1208/1208 1222/1222 1219/1219
f 1196/1196 1231/1231 1209/1209
f 1231/1231 1202/1202 1230/1230
f 1209/1209 1230/1230 1195/1195
f 1231/1231 1230/1230 1209/1209
f 1202/1202 1232/1232 1229/1229
f 1232/1232 1201/1201 1225/1225
f 1229/1229 1225/1225 1193/1193
f 1232/1232 1225/1225 1229/1229
f 1201/1201 1227/1227 1226/1226
f 1227/1227 1198/1198 1214/1214
f 1226/1226 1214/1214 1197/1197
f 1227/1227 1214/1214 1226/1226
f 1198/1198 1213/1213 1218/1218
f 1213/1213 1192/1192 1215/1215
f 1218/1218 1215/1215 1199/1199
f 1213/1213 1215/1215 1218/1218
f 1194/1194 1220/1220 1206/1206
f 1220/1220 1200/1200 1221/1221
f 1206/1206 1221/1221 1195/1195
f 1220/1220 1221/1221 1206/1206
f 1194/1194 1206/1206 1204/1204
f 1206/1206 1195/1195 1205/1205
f 1204/1204 1205/1205 1193/1193
f 1206/1206 1205/1205 1204/1204
f 1194/1194 1204/1204 1211/1211
f 1204/1204 1193/1193 1210/1210
f 1211/1211 1210/1210 1197/1197
f 1204/1204 1210/1210 1211/1211
f 1194/1194 1211/1211 1216/1216
f 1211/1211 1197/1197 1217/1217
f 1216/1216 1217/1217 1199/1199
f 1211/1211 1217/1217 1216/1216
f 1194/1194 1216/1216 1220/1220
f 1216/1216 1199/1199 1223/1223
f 1220/1220 1223/1223 1200/1200
f 1216/1216 1223/1223 1220/1220
f 1195/1195 1221/1221 1209/1209
f 1221/1221 1200/1200 1222/1222
f 1209/1209 1222/1222 1196/1196
f 1221/1221 1222/1222 1209/1209
f 1193/1193 1205/1205 1229/1229
f 1205/1205 1195/1195 1230/1230
f 1229/1229 1230/1230 1202/1202
f 1205/1205 1230/1230 1229/1229
f 1197/1197 1210/1210 1226/1226
f 1210/1210 1193/1193 1225/1225
f 1226/1226 1225/1225 1201/1201
f 1210/1210 1225/1225 1226/1226
f 1199/1199 1217/1217 1218/1218
f 1217/1217 1197/1197 1214/1214
f 1218/1218 1214/1214 1198/1198
f 1217/1217 1214/1214 1218/1218
f 1200/1200 1223/1223 1219/1219
f 1223/1223 1199/1199 1215/1215
f 1219/1219 1215/1215 1192/1192
f 1223/1223 1215/1215 1219/1219
f 1233/1233 1270/1270 1249/1249
f 1270/1270 1244/1244 1273/1273
f 1249/1249 1273/1273 1238/1238
f 1270/1270 1273/1273 1249/1249
f 1233/1233 1249/1249 1245/1245
f 1249/1249 1238/1238 1250/1250
f 1245/1245 1250/1250 1234/1234
f 1249/1249 1250/1250 1245/1245
f 1233/1233 1245/1245 1254/1254
f 1245/1245 1234/1234 1255/1255
f 1254/1254 1255/1255 1240/1240
f 1245/1245 1255/1255 1254/1254
f 1233/1233 1254/1254 1266/1266
f 1254/1254 1240/1240 1269/1269
f 1266/1266 1269/1269 1243/1243
f 1254/1254 1269/1269 1266/1266
f 1233/1233 1266/1266 1270/1270
f 1266/1266 1243/1243 1274/1274
f 1270/1270 1274/1274 1244/1244
f 1266/1266 1274/1274 1270/1270
f 1234/1234 1250/1250 1261/1261
f 1250/1250 1238/1238 1264/1264
f 1261/1261 1264/1264 1242/1242
f 1250/1250 1264/1264 1261/1261
f 1238/1238 1273/1273 1251/1251
f 1273/1273 1244/1244 1272/1272
f 1251/1251 1272/1272 1237/1237
f 1273/1273 1272/1272 1251/1251
f 1244/1244 1274/1274 1271/1271
f 1274/1274 1243/1243 1267/1267
f 1271/1271 1267/1267 1235/1235
f 1274/1274 1267/1267 1271/1271
f 1243/1243 1269/1269 1268/1268
f 1269/1269 1240/1240 1256/1256
f 1268/1268 1256/1256 1239/1239
f 1269/1269 1256/1256 1268/1268
f 1240/1240 1255/1255 1260/1260
f 1255/1255 1234/1234 1257/1257
f 1260/1260 1257/1257 1241/1241
f 1255/1255 1257/1257 1260/1260
f 1236/1236 1262/1262 1248/1248
f 1262/1262 1242/1242 1263/1263
f 1248/1248 1263/1263 1237/1237
f 1262/1262 1263/1263 1248/1248
f 1236/1236 1248/1248 1246/1246
f 1248/1248 1237/1237 1247/1247
f 1246/1246 1247/1247 1235/1235
f 1248/1248 1247/1247 1246/1246
f 1236/1236 1246/1246 1253/1253
f 1246/1246 1235/1235 1252/1252
f 1253/1253 1252/1252 1239/1239
f 1246/1246 1252/1252 1253/1253
f 1236/1236 1253/1253 1258/1258
f 1253/1253 1239/1239 1259/1259
f 1258/1258 1259/1259 1241/1241
f 1253/1253 1259/1259 1258/1258
f 1236/1236 1258/1258 1262/1262
f 1258/1258 1241/1241 1265/1265
f 1262/1262 1265/1265 1242/1242
f 1258/1258 1265/1265 1262/1262
f 1237/1237 1263/1263 1251/1251
f 1263/1263 1242/1242 1264/1264
f 1251/1251 1264/1264 1238/1238
f 1263/1263 1264/1264 1251/1251
f 1235/1235 1247/1247 1271/1271
f 1247/1247 1237/1237 1272/1272
f 1271/1271 1272/1272 1244/1244
f 1247/1247 1272/1272 1271/1271
f 1239/1239 1252/1252 1268/1268
f 1252/1252 1235/1235 1267/1267
f 1268/1268 1267/1267 1243/1243
f 1252/1252 1267/1267 1268/1268
f 1241/1241 1259/1259 1260/1260
f 1259/1259 1239/1239 1256/1256
f 1260/1260 1256/1256 1240/1240
f 1259/1259 1256/1256 1260/1260
f 1242/1242 1265/1265 1261/1261
f 1265/1265 1241/1241 1257/1257
f 1261/1261 1257/1257 1234/1234
f 1265/1265 1257/1257 1261/1261
f 1275/1275 1312/1312 1291/1291
f 1312/1312 1286/1286 1315/1315
f 1291/1291 1315/1315 1280/1280
f 1312/1312 1315/1315 1291/1291
f 1275/1275 1291/1291 1287/1287
f 1291/1291 1280/1280 1292/1292
f 1287/1287 1292/1292 1276/1276
f 1291/1291 1292/1292 1287/1287
f 1275/1275 1287/1287 1296/1296
f 1287/1287 1276/1276 1297/1297
f 1296/1296 1297/1297 1282/1282
f 1287/1287 1297/1297 1296/1296
f 1275/1275 1296/1296 1308/1308
f 1296/1296 1282/1282 1311/1311
f 1308/1308 1311/1311 1285/1285
f 1296/1296 1311/1311 1308/1308
f 1275/1275 1308/1308 1312/1312
f 1308/1308 1285/1285 1316/1316
f 1312/1312 1316/1316 1286/1286
f 1308/1308 1316/1316 1312/1312
f 1276/1276 1292/1292 1303/1303
f 1292/1292 1280/1280 1306/1306
f 1303/1303 1306/1306 1284/1284
f 1292/1292 1306/1306 1303/1303
f 1280/1280 1315/1315 1293/1293
f 1315/1315 1286/1286 1314/1314
f 1293/1293 1314/1314 1279/1279
f 1315/1315 1314/1314 1293/1293
f 1286/1286 1316/1316 1313/1313
f 1316/1316 1285/1285 1309/1309
f 1313/1313 1309/1309 1277/1277
f 1316/1316 1309/1309 1313/1313
f 1285/1285 1311/1311 1310/1310
f 1311/1311 1282/1282 1298/1298
f 1310/1310 1298/1298 1281/1281
f 1311/1311 1298/1298 1310/1310
f 1282/1282 1297/1297 1302/1302
f 1297/1297 1276/1276 1299/1299
f 1302/1302 1299/1299 1283/1283
f 1297/1297 1299/1299 1302/1302
f 1278/1278 1304/1304 1290/1290
f 1304/1304 1284/1284 1305/1305
f 1290/1290 1305/1305 1279/1279
f 1304/1304 1305/1305 1290/1290
f 1278/1278 1290/1290 1288/1288
f 1290/1290 1279/1279 1289/1289
f 1288/1288 1289/1289 1277/1277
f 1290/1290 1289/1289 1288/1288
f 1278/1278 1288/1288 1295/1295
f 1288/1288 1277/1277 1294/1294
f 1295/1295 1294/1294 1281/1281
f 1288/1288 1294/1294 1295/1295
f 1278/1278 1295/1295 1300/1300
f 1295/1295 1281/1281 1301/1301
f 1300/1300 1301/1301 1283/1283
f 1295/1295 1301/1301 1300/1300
f 1278/1278 1300/1300 1304/1304
f 1300/1300 1283/1283 1307/1307
f 1304/1304 1307/1307 1284/1284
f 1300/1300 1307/1307 1304/1304
f 1279/1279 1305/1305 1293/1293
f 1305/1305 1284/1284 1306/1306
f 1293/1293 1306/1306 1280/1280
f 1305/1305 1306/1306 1293/1293
f 1277/1277 1289/1289 1313/1313
f 1289/1289 1279/1279 1314/1314
f 1313/1313 1314/1314 1286/1286
f 1289/1289 1314/1314 1313/1313
f 1281/1281 1294/1294 1310/1310
f 1294/1294 1277/1277 1309/1309
f 1310/1310 1309/1309 1285/1285
f 1294/1294 1309/1309 1310/1310
f 1283/1283 1301/1301 1302/1302
f 1301/1301 1281/1281 1298/1298
f 1302/1302 1298/1298 1282/1282
f 1301/1301 1298/1298 1302/1302
f 1284/1284 1307/1307 1303/1303
f 1307/1307 1283/1283 1299/1299
f 1303/1303 1299/1299 1276/1276
f 1307/1307 1299/1299 1303/1303
f 1317/1317 1354/1354 1333/1333
f 1354/1354 1328/1328 1357/1357
f 1333/1333 1357/1357 1322/1322
f 1354/1354 1357/1357 1333/1333
f 1317/1317 1333/1333 1329/1329
f 1333/1333 1322/1322 1334/1334
f 1329/1329 1334/1334 1318/1318
f 1333/1333 1334/1334 1329/1329
f 1317/1317 1329/1329 1338/1338
f 1329/1329 1318/1318 1339/1339
f 1338/1338 1339/1339 1324/1324
f 1329/1329 1339/1339 1338/1338
f 1317/1317 1338/1338 1350/1350
f 1338/1338 1324/1324 1353/1353
f 1350/1350 1353/1353 1327/1327
f 1338/1338 1353/1353 1350/1350
f 1317/1317 1350/1350 1354/1354
f 1350/1350 1327/1327 1358/1358
f 1354/1354 1358/1358 1328/1328
f 1350/1350 1358/1358 1354/1354
f 1318/1318 1334/1334 1345/1345
f 1334/1334 1322/1322 1348/1348
f 1345/1345 1348/1348 1326/1326
f 1334/1334 1348/1348 1345/1345
f 1322/1322 1357/1357 1335/1335
f 1357/1357 1328/1328 1356/1356
f 1335/1335 1356/1356 1321/1321
f 1357/1357 1356/1356 1335/1335
f 1328/1328 1358/1358 1355/1355
f 1358/1358 1327/1327 1351/1351
f 1355/1355 1351/1351 1319/1319
f 1358/1358 1351/1351 1355/1355
f 1327/1327 1353/1353 1352/1352
f 1353/1353 1324/1324 1340/1340
f 1352/1352 1340/1340 1323/1323
f 1353/1353 1340/1340 1352/1352
f 1324/1324 1339/1339 1344/1344
f 1339/1339 1318/1318 1341/1341
f 1344/1344 1341/1341 1325/1325
f 1339/1339 1341/1341 1344/1344
f 1320/1320 1346/1346 1332/1332
f 1346/1346 1326/1326 1347/1347
f 1332/1332 1347/1347 1321/1321
f 1346/1346 1347/1347 1332/1332
f 1320/1320 1332/1332 1330/1330
f 1332/1332 1321/1321 1331/1331
f 1330/1330 1331/1331 1319/1319
f 1332/1332 1331/1331 1330/1330
f 1320/1320 1330/1330 1337/1337
f 1330/1330 1319/1319 1336/1336
f 1337/1337 1336/1336 1323/1323
f 1330/1330 1336/1336 1337/1337
f 1320/1320 1337/1337 1342/1342
f 1337/1337 1323/1323 1343/1343
f 1342/1342 1343/1343 1325/1325
f 1337/1337 1343/1343 1342/1342
f 1320/1320 1342/1342 1346/1346
f 1342/1342 1325/1325 1349/1349
f 1346/1346 1349/1349 1326/1326
f 1342/1342 1349/1349 1346/1346
f 1321/1321 1347/1347 1335/1335
f 1347/1347 1326/1326 1348/1348
f 1335/1335 1348/1348 1322/1322
f 1347/1347 1348/1348 1335/1335
f 1319/1319 1331/1331 1355/1355
f 1331/1331 1321/1321 1356/1356
f 1355/1355 1356/1356 1328/1328
f 1331/1331 1356/1356 1355/1355
f 1323/1323 1336/1336 1352/1352
f 1336/1336 1319/1319 1351/1351
f 1352/1352 1351/1351 1327/1327
f 1336/1336 1351/1351 1352/1352
f 1325/1325 1343/1343 1344/1344
f 1343/1343 1323/1323 1340/1340
f 1344/1344 1340/1340 1324/1324
f 1343/1343 1340/1340 1344/1344
f 1326/1326 1349/1349 1345/1345
f 1349/1349 1325/1325 1341/1341
f 1345/1345 1341/1341 1318/1318
f 1349/1349 1341/1341 1345/1345
f 1359/1359 1396/1396 1375/1375
f 1396/1396 1370/1370 1399/1399
f 1375/1375 1399/1399 1364/1364
f 1396/1396 1399/1399 1375/1375
f 1359/1359 1375/1375 1371/1371
f 1375/1375 1364/1364 1376/1376
f 1371/1371 1376/1376 1360/1360
f 1375/1375 1376/1376 1371/1371
f 1359/1359 1371/1371 1380/1380
f 1371/1371 1360/1360 1381/1381
f 1380/1380 1381/1381 1366/1366
f 1371/1371 1381/1381 1380/1380
f 1359/1359 1380/1380 1392/1392
f 1380/1380 1366/1366 1395/1395
f 1392/1392 1395/1395 1369/1369
f 1380/1380 1395/1395 1392/1392
f 1359/1359 1392/1392 1396/1396
f 1392/1392 1369/1369 1400/1400
f 1396/1396 1400/1400 1370/1370
f 1392/1392 1400/1400 1396/1396
f 1360/1360 1376/1376 1387/1387
f 1376/1376 1364/1364 1390/1390
f 1387/1387 1390/1390 1368/1368
f 1376/1376 1390/1390 1387/1387
f 1364/1364 1399/1399 1377/1377
f 1399/1399 1370/1370 1398/1398
f 1377/1377 1398/1398 1363/1363
f 1399/1399 1398/1398 1377/1377
f 1370/1370 1400/1400 1397/1397
f 1400/1400 1369/1369 1393/1393
f 1397/1397 1393/1393 1361/1361
f 1400/1400 1393/1393 1397/1397
f 1369/1369 1395/1395 1394/1394
f 1395/1395 1366/1366 1382/1382
f 1394/1394 1382/1382 1365/1365
f 1395/1395 1382/1382 1394/1394
f 1366/1366 1381/1381 1386/1386
f 1381/1381 1360/1360 1383/1383
f 1386/1386 1383/1383 1367/1367
f 1381/1381 1383/1383 1386/1386
f 1362/1362 1388/1388 1374/1374
f 1388/1388 1368/1368 1389/1389
f 1374/1374 1389/1389 1363/1363
f 1388/1388 1389/1389 1374/1374
f 1362/1362 1374/1374 1372/1372
f 1374/1374 1363/1363 1373/1373
f 1372/1372 1373/1373 1361/1361
f 1374/1374 1373/1373 1372/1372
f 1362/1362 1372/1372 1379/1379
f 1372/1372 1361/1361 1378/1378
f 1379/1379 1378/1378 1365/1365
f 1372/1372 1378/1378 1379/1379
f 1362/1362 1379/1379 1384/1384
f 1379/1379 1365/1365 1385/1385
f 1384/1384 1385/1385 1367/1367
f 1379/1379 1385/1385 1384/1384
f 1362/1362 1384/1384 1388/1388
f 1384/1384 1367/1367 1391/1391
f 1388/1388 1391/1391 1368/1368
f 1384/1384 1391/1391 1388/1388
f 1363/1363 1389/1389 1377/1377
f 1389/1389 1368/1368 1390/1390
f 1377/1377 1390/1390 1364/1364
f 1389/1389 1390/1390 1377/1377
f 1361/1361 1373/1373 1397/1397
f 1373/1373 1363/1363 1398/1398
f 1397/1397 1398/1398 1370/1370
f 1373/1373 1398/1398 1397/1397
f 1365/1365 1378/1378 1394/1394
f 1378/1378 1361/1361 1393/1393
f 1394/1394 1393/1393 1369/1369
f 1378/1378 1393/1393 1394/1394
f 1367/1367 1385/1385 1386/1386
f 1385/1385 1365/1365 1382/1382
f 1386/1386 1382/1382 1366/1366
f 1385/1385 1382/1382 1386/1386
f 1368/1368 1391/1391 1387/1387
f 1391/1391 1367/1367 1383/1383
f 1387/1387 1383/1383 1360/1360
f 1391/1391 1383/1383 1387/1387
f 1401/1401 1438/1438 1417/1417
f 1438/1438 1412/1412 1441/1441
f 1417/1417 1441/1441 1406/1406
f 1438/1438 1441/1441 1417/1417
f 1401/1401 1417/1417 1413/1413
f 1417/1417 1406/1406 1418/1418
f 1413/1413 1418/1418 1402/1402
f 1417/1417 1418/1418 1413/1413
f 1401/1401 1413/1413 1422/1422
f 1413/1413 1402/1402 1423/1423
f 1422/1422 1423/1423 1408/1408
f 1413/1413 1423/1423 1422/1422
f 1401/1401 1422/1422 1434/1434
f 1422/1422 1408/1408 1437/1437
f 1434/1434 1437/1437 1411/1411
f 1422/1422 1437/1437 1434/1434
f 1401/1401 1434/1434 1438/1438
f 1434/1434 1411/1411 1442/1442
f 1438/1438 1442/1442 1412/1412
f 1434/1434 1442/1442 1438/1438
f 1402/1402 1418/1418 1429/1429
f 1418/1418 1406/1406 1432/1432
f 1429/1429 1432/1432 1410/1410
f 1418/1418 1432/1432 1429/1429
f 1406/1406 1441/1441 1419/1419
f 1441/1441 1412/1412 1440/1440
f 1419/1419 1440/1440 1405/1405
f 1441/1441 1440/1440 1419/1419
f 1412/1412 1442/1442 1439/1439
f 1442/1442 1411/1411 1435/1435
f 1439/1439 1435/1435 1403/1403
f 1442/1442 1435/1435 1439/1439
f 1411/1411 1437/1437 1436/1436
f 1437/1437 1408/1408 1424/1424
f 1436/1436 1424/1424 1407/1407
f 1437/1437 1424/1424 1436/1436
f 1408/1408 1423/1423 1428/1428
f 1423/1423 1402/1402 1425/1425
f 1428/1428 1425/1425 1409/1409
f 1423/1423 1425/1425 1428/1428
f 1404/1404 1430/1430 1416/1416
f 1430/1430 1410/1410 1431/1431
f 1416/1416 1431/1431 1405/1405
f 1430/1430 1431/1431 1416/1416
f 1404/1404 1416/1416 1414/1414
f 1416/1416 1405/1405 1415/1415
f 1414/1414 1415/1415 1403/1403
f 1416/1416 1415/1415 1414/1414
f 1404/1404 1414/1414 1421/1421
f 1414/1414 1403/1403 1420/1420
f 1421/1421 1420/1420 1407/1407
f 1414/1414 1420/1420 1421/1421
f 1404/1404 1421/1421 1426/1426
f 1421/1421 1407/1407 1427/1427
f 1426/1426 1427/1427 1409/1409
f 1421/1421 1427/1427 1426/1426
f 1404/1404 1426/1426 1430/1430
f 1426/1426 1409/1409 1433/1433
f 1430/1430 1433/1433 1410/1410
f 1426/1426 1433/1433 1430/1430
f 1405/1405 1431/1431 1419/1419
f 1431/1431 1410/1410 1432/1432
f 1419/1419 1432/1432 1406/1406
f 1431/1431 1432/1432 1419/1419
f 1403/1403 1415/1415 1439/1439
f 1415/1415 1405/1405 1440/1440
f 1439/1439 1440/1440 1412/1412
f 1415/1415 1440/1440 1439/1439
f 1407/1407 1420/1420 1436/1436
f 1420/1420 1403/1403 1435/1435
f 1436/1436 1435/1435 1411/1411
f 1420/1420 1435/1435 1436/1436
f 1409/1409 1427/1427 1428/1428
f 1427/1427 1407/1407 1424/1424
f 1428/1428 1424/1424 1408/1408
f 1427/1427 1424/1424 1428/1428
f 1410/1410 1433/1433 1429/1429
f 1433/1433 1409/1409 1425/1425
f 1429/1429 1425/1425 1402/1402
f 1433/1433 1425/1425 1429/1429
f 1443/1443 1480/1480 1459/1459
f 1480/1480 1454/1454 1483/1483
f 1459/1459 1483/1483 1448/1448
f 1480/1480 1483/1483 1459/1459
f 1443/1443 1459/1459 1455/1455
f 1459/1459 1448/1448 1460/1460
f 1455/1455 1460/1460 1444/1444
f 1459/1459 1460/1460 1455/1455
f 1443/1443 1455/1455 1464/1464
f 1455/1455 1444/1444 1465/1465
f 1464/1464 1465/1465 1450/1450
f 1455/1455 1465/1465 1464/1464
f 1443/1443 1464/1464 1476/1476
f 1464/1464 1450/1450 1479/1479
f 1476/1476 1479/1479 1453/1453
f 1464/1464 1479/1479 1476/1476
f 1443/1443 1476/1476 1480/1480
f 1476/1476 1453/1453 1484/1484
f 1480/1480 1484/1484 1454/1454
f 1476/1476 1484/1484 1480/1480
f 1444/1444 1460/1460 1471/1471
f 1460/1460 1448/1448 1474/1474
f 1471/1471 1474/1474 1452/1452
f 1460/1460 1474/1474 1471/1471
f 1448/1448 1483/1483 1461/1461
f 1483/1483 1454/1454 1482/1482
f 1461/1461 1482/1482 1447/1447
f 1483/1483 1482/1482 1461/1461
f 1454/1454 1484/1484 1481/1481
f 1484/1484 1453/1453 1477/1477
f 1481/1481 1477/1477 1445/1445
f 1484/1484 1477/1477 1481/1481
f 1453/1453 1479/1479 1478/1478
f 1479/1479 1450/1450 1466/1466
f 1478/1478 1466/1466 1449/1449
f 1479/1479 1466/1466 1478/1478
f 1450/1450 1465/1465 1470/1470
f 1465/1465 1444/1444 1467/1467
f 1470/1470 1467/1467 1451/1451
f 1465/1465 1467/1467 1470/1470
f 1446/1446 1472/1472 1458/1458
f 1472/1472 1452/1452 1473/1473
f 1458/1458 1473/1473 1447/1447
f 1472/1472 1473/1473 1458/1458
f 1446/1446 1458/1458 1456/1456
f 1458/1458 1447/1447 1457/1457
f 1456/1456 1457/1457 1445/1445
f 1458/1458 1457/1457 1456/1456
f 1446/1446 1456/1456 1463/1463
f 1456/1456 1445/1445 1462/1462
f 1463/1463 1462/1462 1449/1449
f 1456/1456 1462/1462 1463/1463
f 1446/1446 1463/1463 1468/1468
f 1463/1463 1449/1449 1469/1469
f 1468/1468 1469/1469 1451/1451
f 1463/1463 1469/1469 1468/1468
f 1446/1446 1468/1468 1472/1472
f 1468/1468 1451/1451 1475/1475
f 1472/1472 1475/1475 1452/1452
f 1468/1468 1475/1475 1472/1472
f 1447/1447 1473/1473 1461/1461
f 1473/1473 1452/1452 1474/1474
f 1461/1461 1474/1474 1448/1448
f 1473/1473 1474/1474 1461/1461
f 1445/1445 1457/1457 1481/1481
f 1457/1457 1447/1447 1482/1482
f 1481/1481 1482/1482 1454/1454
f 1457/1457 1482/1482 1481/1481
f 1449/1449 1462/1462 1478/1478
f 1462/1462 1445/1445 1477/1477
f 1478/1478 1477/1477 1453/1453
f 1462/1462 1477/1477 1478/1478
f 1451/1451 1469/1469 1470/1470
f 1469/1469 1449/1449 1466/1466
f 1470/1470 1466/1466 1450/1450
f 1469/1469 1466/1466 1470/1470
f 1452/1452 1475/1475 1471/1471
f 1475/1475 1451/1451 1467/1467
f 1471/1471 1467/1467 1444/1444
f 1475/1475 1467/1467 1471/1471
f 1485/1485 1522/1522 1501/1501
f 1522/1522 1496/1496 1525/1525
f 1501/1501 1525/1525 1490/1490
f 1522/1522 1525/1525 1501/1501
f 1485/1485 1501/1501 1497/1497
f 1501/1501 1490/1490 1502/1502
f 1497/1497 1502/1502 1486/1486
f 1501/1501 1502/1502 1497/1497
f 1485/1485 1497/1497 1506/1506
f 1497/1497 1486/1486 1507/1507
f 1506/1506 1507/1507 1492/1492
f 1497/1497 1507/1507 1506/1506
f 1485/1485 1506/1506 1518/1518
f 1506/1506 1492/1492 1521/1521
f 1518/1518 1521/1521 1495/1495
f 1506/1506 1521/1521 1518/1518
f 1485/1485 1518/1518 1522/1522
f 1518/1518 1495/1495 1526/1526
f 1522/1522 1526/1526 1496/1496
f 1518/1518 1526/1526 1522/1522
f 1486/1486 1502/1502 1513/1513
f 1502/1502 1490/1490 1516/1516
f 1513/1513 1516/1516 1494/1494
f 1502/1502 1516/1516 1513/1513
f 1490/1490 1525/1525 1503/1503
f 1525/1525 1496/1496 1524/1524
f 1503/1503 1524/1524 1489/1489
f 1525/1525 1524/1524 1503/1503
f 1496/1496 1526/1526 1523/1523
f 1526/1526 1495/1495 1519/1519
f 1523/1523 1519/1519 1487/1487
f 1526/1526 1519/1519 1523/1523
f 1495/1495 1521/1521 1520/1520
f 1521/1521 1492/1492 1508/1508
f 1520/1520 1508/1508 1491/1491
f 1521/1521 1508/1508 1520/1520
f 1492/1492 1507/1507 1512/1512
f 1507/1507 1486/1486 1509/1509
f 1512/1512 1509/1509 1493/1493
f 1507/1507 1509/1509 1512/1512
f 1488/1488 1514/1514 1500/1500
f 1514/1514 1494/1494 1515/1515
f 1500/1500 1515/1515 1489/1489
f 1514/1514 1515/1515 1500/1500
f 1488/1488 1500/1500 1498/1498
f 1500/1500 1489/1489 1499/1499
f 1498/1498 1499/1499 1487/1487
f 1500/1500 1499/1499 1498/1498
f 1488/1488 1498/1498 1505/1505
f 1498/1498 1487/1487 1504/1504
f 1505/1505 1504/1504 1491/1491
f 1498/1498 1504/1504 1505/1505
f 1488/1488 1505/1505 1510/1510
f 1505/1505 1491/1491 1511/1511
f 1510/1510 1511/1511 1493/1493
f 1505/1505 1511/1511 1510/1510
f 1488/1488 1510/1510 1514/1514
f 1510/1510 1493/1493 1517/1517
f 1514/1514 1517/1517 1494/1494
f 1510/1510 1517/1517 1514/1514
f 1489/1489 1515/1515 1503/1503
f 1515/1515 1494/1494 1516/1516
f 1503/1503 1516/1516 1490/1490
f 1515/1515 1516/1516 1503/1503
f 1487/1487 1499/1499 1523/1523
f 1499/1499 1489/1489 1524/1524
f 1523/1523 1524/1524 1496/1496
f 1499/1499 1524/1524 1523/1523
f 1491/1491 1504/1504 1520/1520
f 1504/1504 1487/1487 1519/1519
f 1520/1520 1519/1519 1495/1495
f 1504/1504 1519/1519 1520/1520
f 1493/1493 1511/1511 1512/1512
f 1511/1511 1491/1491 1508/1508
f 1512/1512 1508/1508 1492/1492
f 1511/1511 1508/1508 1512/1512
f 1494/1494 1517/1517 1513/1513
f 1517/1517 1493/1493 1509/1509
f 1513/1513 1509/1509 1486/1486
f 1517/1517 1509/1509 1513/1513
f 1527/1527 1564/1564 1543/1543
f 1564/1564 1538/1538 1567/1567
f 1543/1543 1567/1567 1532/1532
f 1564/1564 1567/1567 1543/1543
f 1527/1527 1543/1543 1539/1539
f 1543/1543 1532/1532 1544/1544
f 1539/1539 1544/1544 1528/1528
f 1543/1543 1544/1544 1539/1539
f 1527/1527 1539/1539 1548/1548
f 1539/1539 1528/1528 1549/1549
f 1548/1548 1549/1549 1534/1534
f 1539/1539 1549/1549 1548/1548
f 1527/1527 1548/1548 1560/1560
f 1548/1548 1534/1534 1563/1563
f 1560/1560 1563/1563 1537/1537
f 1548/1548 1563/1563 1560/1560
f 1527/1527 1560/1560 1564/1564
f 1560/1560 1537/1537 1568/1568
f 1564/1564 1568/1568 1538/1538
f 1560/1560 1568/1568 1564/1564
f 1528/1528 1544/1544 1555/1555
f 1544/1544 1532/1532 1558/1558
f 1555/1555 1558/1558 1536/1536
f 1544/1544 1558/1558 1555/1555
f 1532/1532 1567/1567 1545/1545
f 1567/1567 1538/1538 1566/1566
f 1545/1545 1566/1566 1531/1531
f 1567/1567 1566/1566 1545/1545
f 1538/1538 1568/1568 1565/1565
f 1568/1568 1537/1537 1561/1561
f 1565/1565 1561/1561 1529/1529
f 1568/1568 1561/1561 1565/1565
f 1537/1537 1563/1563 1562/1562
f 1563/1563 1534/1534 1550/1550
f 1562/1562 1550/1550 1533/1533
f 1563/1563 1550/1550 1562/1562
f 1534/1534 1549/1549 1554/1554
f 1549/1549 1528/1528 1551/1551
f 1554/1554 1551/1551 1535/1535
f 1549/1549 1551/1551 1554/1554
f 1530/1530 1556/1556 1542/1542
f 1556/1556 1536/1536 1557/1557
f 1542/1542 1557/1557 1531/1531
f 1556/1556 1557/1557 1542/1542
f 1530/1530 1542/1542 1540/1540
f 1542/1542 1531/1531 1541/1541
f 1540/1540 1541/1541 1529/1529
f 1542/1542 1541/1541 1540/1540
f 1530/1530 1540/1540 1547/1547
f 1540/1540 1529/1529 1546/1546
f 1547/1547 1546/1546 1533/1533
f 1540/1540 1546/1546 1547/1547
f 1530/1530 1547/1547 1552/1552
f 1547/1547 1533/1533 1553/1553
f 1552/1552 1553/1553 1535/1535
f 1547/1547 1553/1553 1552/1552
f 1530/1530 1552/1552 1556/1556
f 1552/1552 1535/1535 1559/1559
f 1556/1556 1559/1559 1536/1536
f 1552/1552 1559/1559 1556/1556
f 1531/1531 1557/1557 1545/1545
f 1557/1557 1536/1536 1558/1558
f 1545/1545 1558/1558 1532/1532
f 1557/1557 1558/1558 1545/1545
f 1529/1529 1541/1541 1565/1565
f 1541/1541 1531/1531 1566/1566
f 1565/1565 1566/1566 1538/1538
f 1541/1541 1566/1566 1565/1565
f 1533/1533 1546/1546 1562/1562
f 1546/1546 1529/1529 1561/1561
f 1562/1562 1561/1561 1537/1537
f 1546/1546 1561/1561 1562/1562
f 1535/1535 1553/1553 1554/1554
f 1553/1553 1533/1533 1550/1550
f 1554/1554 1550/1550 1534/1534
f 1553/1553 1550/1550 1554/1554
f 1536/1536 1559/1559 1555/1555
f 1559/1559 1535/1535 1551/1551
f 1555/1555 1551/1551 1528/1528
f 1559/1559 1551/1551 1555/1555
f 1569/1569 1606/1606 1585/1585
f 1606/1606 1580/1580 1609/1609
f 1585/1585 1609/1609 1574/1574
f 1606/1606 1609/1609 1585/1585
f 1569/1569 1585/1585 1581/1581
f 1585/1585 1574/1574 1586/1586
f 1581/1581 1586/1586 1570/1570
f 1585/1585 1586/1586 1581/1581
f 1569/1569 1581/1581 1590/1590
f 1581/1581 1570/1570 1591/1591
f 1590/1590 1591/1591 1576/1576
f 1581/1581 1591/1591 1590/1590
f 1569/1569 1590/1590 1602/1602
f 1590/1590 1576/1576 1605/1605
f 1602/1602 1605/1605 1579/1579
f 1590/1590 1605/1605 1602/1602
f 1569/1569 1602/1602 1606/1606
f 1602/1602 1579/1579 1610/1610
f 1606/1606 1610/1610 1580/1580
f 1602/1602 1610/1610 1606/1606
f 1570/1570 1586/1586 1597/1597
f 1586/1586 1574/1574 1600/1600
f 1597/1597 1600/1600 1578/1578
f 1586/1586 1600/1600 1597/1597
f 1574/1574 1609/1609 1587/1587
f 1609/1609 1580/1580 1608/1608
f 1587/1587 1608/1608 1573/1573
f 1609/1609 1608/1608 1587/1587
f 1580/1580 1610/1610 1607/1607
f 1610/1610 1579/1579 1603/1603
f 1607/1607 1603/1603 1571/1571
f 1610/1610 1603/1603 1607/1607
f 1579/1579 1605/1605 1604/1604
f 1605/1605 1576/1576 1592/1592
f 1604/1604 1592/1592 1575/1575
f 1605/1605 1592/1592 1604/1604
f 1576/1576 1591/1591 1596/1596
f 1591/1591 1570/1570 1593/1593
f 1596/1596 1593/1593 1577/1577
f 1591/1591 1593/1593 1596/1596
f 1572/1572 1598/1598 1584/1584
f 1598/1598 1578/1578 1599/1599
f 1584/1584 1599/1599 1573/1573
f 1598/1598 1599/1599 1584/1584
f 1572/1572 1584/1584 1582/1582
f 1584/1584 1573/1573 1583/1583
f 1582/1582 1583/1583 1571/1571
f 1584/1584 1583/1583 1582/1582
f 1572/1572 1582/1582 1589/1589
f 1582/1582 1571/1571 1588/1588
f 1589/1589 1588/1588 1575/1575
f 1582/1582 1588/1588 1589/1589
f 1572/1572 1589/1589 1594/1594
f 1589/1589 1575/1575 1595/1595
f 1594/1594 1595/1595 1577/1577
f 1589/1589 1595/1595 1594/1594
f 1572/1572 1594/1594 1598/1598
f 1594/1594 1577/1577 1601/1601
f 1598/1598 1601/1601 1578/1578
f 1594/1594 1601/1601 1598/1598
f 1573/1573 1599/1599 1587/1587
f 1599/1599 1578/1578 1600/1600
f 1587/1587 1600/1600 1574/1574
f 1599/1599 1600/1600 1587/1587
f 1571/1571 1583/1583 1607/1607
f 1583/1583 1573/1573 1608/1608
f 1607/1607 1608/1608 1580/1580
f 1583/1583 1608/1608 1607/1607
f 1575/1575 1588/1588 1604/1604
f 1588/1588 1571/1571 1603/1603
f 1604/1604 1603/1603 1579/1579
f 1588/1588 1603/1603 1604/1604
f 1577/1577 1595/1595 1596/1596
f 1595/1595 1575/1575 1592/1592
f 1596/1596 1592/1592 1576/1576
f 1595/1595 1592/1592 1596/1596
f 1578/1578 1601/1601 1597/1597
f 1601/1601 1577/1577 1593/1593
f 1597/1597 1593/1593 1570/1570
f 1601/1601 1593/1593 1597/1597
f 1611/1611 1648/1648 1627/1627
f 1648/1648 1622/1622 1651/1651
f 1627/1627 1651/1651 1616/1616
f 1648/1648 1651/1651 1627/1627
f 1611/1611 1627/1627 1623/1623
f 1627/1627 1616/1616 1628/1628
f 1623/1623 1628/1628 1612/1612
f 1627/1627 1628/1628 1623/1623
f 1611/1611 1623/1623 1632/1632
f 1623/1623 1612/1612 1633/1633
f 1632/1632 1633/1633 1618/1618
f 1623/1623 1633/1633 1632/1632
f 1611/1611 1632/1632 1644/1644
f 1632/1632 1618/1618 1647/1647
f 1644/1644 1647/1647 1621/1621
f 1632/1632 1647/1647 1644/1644
f 1611/1611 1644/1644 1648/1648
f 1644/1644 1621/1621 1652/1652
f 1648/1648 1652/1652 1622/1622
f 1644/1644 1652/1652 1648/1648
f 1612/1612 1628/1628 1639/1639
f 1628/1628 1616/1616 1642/1642
f 1639/1639 1642/1642 1620/1620
f 1628/1628 1642/1642 1639/1639
f 1616/1616 1651/1651 1629/1629
f 1651/1651 1622/1622 1650/1650
f 1629/1629 1650/1650 1615/1615
f 1651/1651 1650/1650 1629/1629
f 1622/1622 1652/1652 1649/1649
f 1652/1652 1621/1621 1645/1645
f 1649/1649 1645/1645 1613/1613
f 1652/1652 1645/1645 1649/1649
f 1621/1621 1647/1647 1646/1646
f 1647/1647 1618/1618 1634/1634
f 1646/1646 1634/1634 1617/1617
f 1647/1647 1634/1634 1646/1646
f 1618/1618 1633/1633 1638/1638
f 1633/1633 1612/1612 1635/1635
f 1638/1638 1635/1635 1619/1619
f 1633/1633 1635/1635 1638/1638
f 1614/1614 1640/1640 1626/1626
f 1640/1640 1620/1620 1641/1641
f 1626/1626 1641/1641 1615/1615
f 1640/1640 1641/1641 1626/1626
f 1614/1614 1626/1626 1624/1624
f 1626/1626 1615/1615 1625/1625
f 1624/1624 1625/1625 1613/1613
f 1626/1626 1625/1625 1624/1624
f 1614/1614 1624/1624 1631/1631
f 1624/1624 1613/1613 1630/1630
f 1631/1631 1630/1630 1617/1617
f 1624/1624 1630/1630 1631/1631
f 1614/1614 1631/1631 1636/1636
f 1631/1631 1617/1617 1637/1637
f 1636/1636 1637/1637 1619/1619
f 1631/1631 1637/1637 1636/1636
f 1614/1614 1636/1636 1640/1640
f 1636/1636 1619/1619 1643/1643
f 1640/1640 1643/1643 1620/1620
f 1636/1636 1643/1643 1640/1640
f 1615/1615 1641/1641 1629/1629
f 1641/1641 1620/1620 1642/1642
f 1629/1629 1642/1642 1616/1616
f 1641/1641 1642/1642 1629/1629
f 1613/1613 1625/1625 1649/1649
f 1625/1625 1615/1615 1650/1650
f 1649/1649 1650/1650 1622/1622
f 1625/1625 1650/1650 1649/1649
f 1617/1617 1630/1630 1646/1646
f 1630/1630 1613/1613 1645/1645
f 1646/1646 1645/1645 1621/1621
f 1630/1630 1645/1645 1646/1646
f 1619/1619 1637/1637 1638/1638
f 1637/1637 1617/1617 1634/1634
f 1638/1638 1634/1634 1618/1618
f 1637/1637 1634/1634 1638/1638
f 1620/1620 1643/1643 1639/1639
f 1643/1643 1619/1619 1635/1635
f 1639/1639 1635/1635 1612/1612
f 1643/1643 1635/1635 1639/1639
f 1653/1653 1690/1690 1669/1669
f 1690/1690 1664/1664 1693/1693
f 1669/1669 1693/1693 1658/1658
f 1690/1690 1693/1693 1669/1669
f 1653/1653 1669/1669 1665/1665
f 1669/1669 1658/1658 1670/1670
f 1665/1665 1670/1670 1654/1654
f 1669/1669 1670/1670 1665/1665
f 1653/1653 1665/1665 1674/1674
f 1665/1665 1654/1654 1675/1675
f 1674/1674 1675/1675 1660/1660
f 1665/1665 1675/1675 1674/1674
f 1653/1653 1674/1674 1686/1686
f 1674/1674 1660/1660 1689/1689
f 1686/1686 1689/1689 1663/1663
f 1674/1674 1689/1689 1686/1686
f 1653/1653 1686/1686 1690/1690
f 1686/1686 1663/1663 1694/1694
f 1690/1690 1694/1694 1664/1664
f 1686/1686 1694/1694 1690/1690
f 1654/1654 1670/1670 1681/1681
f 1670/1670 1658/1658 1684/1684
f 1681/1681 1684/1684 1662/1662
f 1670/1670 1684/1684 1681/1681
f 1658/1658 1693/1693 1671/1671
f 1693/1693 1664/1664 1692/1692
f 1671/1671 1692/1692 1657/1657
f 1693/1693 1692/1692 1671/1671
f 1664/1664 1694/1694 1691/1691
f 1694/1694 1663/1663 1687/1687
f 1691/1691 1687/1687 1655/1655
f 1694/1694 1687/1687 1691/1691
f 1663/1663 1689/1689 1688/1688
f 1689/1689 1660/1660 1676/1676
f 1688/1688 1676/1676 1659/1659
f 1689/1689 1676/1676 1688/1688
f 1660/1660 1675/1675 1680/1680
f 1675/1675 1654/1654 1677/1677
f 1680/1680 1677/1677 1661/1661
f 1675/1675 1677/1677 1680/1680
f 1656/1656 1682/1682 1668/1668
f 1682/1682 1662/1662 1683/1683
f 1668/1668 1683/1683 1657/1657
f 1682/1682 1683/1683 1668/1668
f 1656/1656 1668/1668 1666/1666
f 1668/1668 1657/1657 1667/1667
f 1666/1666 1667/1667 1655/1655
f 1668/1668 1667/1667 1666/1666
f 1656/1656 1666/1666 1673/1673
f 1666/1666 1655/1655 1672/1672
f 1673/1673 1672/1672 1659/1659
f 1666/1666 1672/1672 1673/1673
f 1656/1656 1673/1673 1678/1678
f 1673/1673 1659/1659 1679/1679
f 1678/1678 1679/1679 1661/1661
f 1673/1673 1679/1679 1678/1678
f 1656/1656 1678/1678 1682/1682
f 1678/1678 1661/1661 1685/1685
f 1682/1682 1685/1685 1662/1662
f 1678/1678 1685/1685 1682/1682
f 1657/1657 1683/1683 1671/1671
f 1683/1683 1662/1662 1684/1684
f 1671/1671 1684/1684 1658/1658
f 1683/1683 1684/1684 1671/1671
f 1655/1655 1667/1667 1691/1691
f 1667/1667 1657/1657 1692/1692
f 1691/1691 1692/1692 1664/1664
f 1667/1667 1692/1692 1691/1691
f 1659/1659 1672/1672 1688/1688
f 1672/1672 1655/1655 1687/1687
f 1688/1688 1687/1687 1663/1663
f 1672/1672 1687/1687 1688/1688
f 1661/1661 1679/1679 1680/1680
f 1679/1679 1659/1659 1676/1676
f 1680/1680 1676/1676 1660/1660
f 1679/1679 1676/1676 1680/1680
f 1662/1662 1685/1685 1681/1681
f 1685/1685 1661/1661 1677/1677
f 1681/1681 1677/1677 1654/1654
f 1685/1685 1677/1677 1681/1681
f 1695/1695 1732/1732 1711/1711
f 1732/1732 1706/1706 1735/1735
f 1711/1711 1735/1735 1700/1700
f 1732/1732 1735/1735 1711/1711
f 1695/1695 1711/1711 1707/1707
f 1711/1711 1700/1700 1712/1712
f 1707/1707 1712/1712 1696/1696
f 1711/1711 1712/1712 1707/1707
f 1695/1695 1707/1707 1716/1716
f 1707/1707 1696/1696 1717/1717
f 1716/1716 1717/1717 1702/1702
f 1707/1707 1717/1717 1716/1716
f 1695/1695 1716/1716 1728/1728
f 1716/1716 1702/1702 1731/1731
f 1728/1728 1731/1731 1705/1705
f 1716/1716 1731/1731 1728/1728
f 1695/1695 1728/1728 1732/1732
f 1728/1728 1705/1705 1736/1736
f 1732/1732 1736/1736 1706/1706
f 1728/1728 1736/1736 1732/1732
f 1696/1696 1712/1712 1723/1723
f 1712/1712 1700/1700 1726/1726
f 1723/1723 1726/1726 1704/1704
f 1712/1712 1726/1726 1723/1723
f 1700/1700 1735/1735 1713/1713
f 1735/1735 1706/1706 1734/1734
f 1713/1713 1734/1734 1699/1699
f 1735/1735 1734/1734 1713/1713
f 1706/1706 1736/1736 1733/1733
f 1736/1736 1705/1705 1729/1729
f 1733/1733 1729/1729 1697/1697
f 1736/1736 1729/1729 1733/1733
f 1705/1705 1731/1731 1730/1730
f 1731/1731 1702/1702 1718/1718
f 1730/1730 1718/1718 1701/1701
f 1731/1731 1718/1718 1730/1730
f 1702/1702 1717/1717 1722/1722
f 1717/1717 1696/1696 1719/1719
f 1722/1722 1719/1719 1703/1703
f 1717/1717 1719/1719 1722/1722
f 1698/1698 1724/1724 1710/1710
f 1724/1724 1704/1704 1725/1725
f 1710/1710 1725/1725 1699/1699
f 1724/1724 1725/1725 1710/1710
f 1698/1698 1710/1710 1708/1708
f 1710/1710 1699/1699 1709/1709
f 1708/1708 1709/1709 1697/1697
f 1710/1710 1709/1709 1708/1708
f 1698/1698 1708/1708 1715/1715
f 1708/1708 1697/1697 1714/1714
f 1715/1715 1714/1714 1701/1701
f 1708/1708 1714/1714 1715/1715
f 1698/1698 1715/1715 1720/1720
f 1715/1715 1701/1701 1721/1721
f 1720/1720 1721/1721 1703/1703
f 1715/1715 1721/1721 1720/1720
f 1698/1698 1720/1720 1724/1724
f 1720/1720 1703/1703 1727/1727
f 1724/1724 1727/1727 1704/1704
f 1720/1720 1727/1727 1724/1724
f 1699/1699 1725/1725 1713/1713
f 1725/1725 1704/1704 1726/1726
f 1713/1713 1726/1726 1700/1700
f 1725/1725 1726/1726 1713/1713
f 1697/1697 1709/1709 1733/1733
f 1709/1709 1699/1699 1734/1734
f 1733/1733 1734/1734 1706/1706
f 1709/1709 1734/1734 1733/1733
f 1701/1701 1714/1714 1730/1730
f 1714/1714 1697/1697 1729/1729
f 1730/1730 1729/1729 1705/1705
f 1714/1714 1729/1729 1730/1730
f 1703/1703 1721/1721 1722/1722
f 1721/1721 1701/1701 1718/1718
f 1722/1722 1718/1718 1702/1702
f 1721/1721 1718/1718 1722/1722
f 1704/1704 1727/1727 1723/1723
f 1727/1727 1703/1703 1719/1719
f 1723/1723 1719/1719 1696/1696
f 1727/1727 1719/1719 1723/1723
f 1737/1737 1774/1774 1753/1753
f 1774/1774 1748/1748 1777/1777
f 1753/1753 1777/1777 1742/1742
f 1774/1774 1777/1777 1753/1753
f 1737/1737 1753/1753 1749/1749
f 1753/1753 1742/1742 1754/1754
f 1749/1749 1754/1754 1738/1738
f 1753/1753 1754/1754 1749/1749
f 1737/1737 1749/1749 1758/1758
f 1749/1749 1738/1738 1759/1759
f 1758/1758 1759/1759 1744/1744
f 1749/1749 1759/1759 1758/1758
f 1737/1737 1758/1758 1770/1770
f 1758/1758 1744/1744 1773/1773
f 1770/1770 1773/1773 1747/1747
f 1758/1758 1773/1773 1770/1770
f 1737/1737 1770/1770 1774/1774
f 1770/1770 1747/1747 1778/1778
f 1774/1774 1778/1778 1748/1748
f 1770/1770 1778/1778 1774/1774
f 1738/1738 1754/1754 1765/1765
f 1754/1754 1742/1742 1768/1768
f 1765/1765 1768/1768 1746/1746
f 1754/1754 1768/1768 1765/1765
f 1742/1742 1777/1777 1755/1755
f 1777/1777 1748/1748 1776/1776
f 1755/1755 1776/1776 1741/1741
f 1777/1777 1776/1776 1755/1755
f 1748/1748 1778/1778 1775/1775
f 1778/1778 1747/1747 1771/1771
f 1775/1775 1771/1771 1739/1739
f 1778/1778 1771/1771 1775/1775
f 1747/1747 1773/1773 1772/1772
f 1773/1773 1744/1744 1760/1760
f 1772/1772 1760/1760 1743/1743
f 1773/1773 1760/1760 1772/1772
f 1744/1744 1759/1759 1764/1764
f 1759/1759 1738/1738 1761/1761
f 1764/1764 1761/1761 1745/1745
f 1759/1759 1761/1761 1764/1764
f 1740/1740 1766/1766 1752/1752
f 1766/1766 1746/1746 1767/1767
f 1752/1752 1767/1767 1741/1741
f 1766/1766 1767/1767 1752/1752
f 1740/1740 1752/1752 1750/1750
f 1752/1752 1741/1741 1751/1751
f 1750/1750 1751/1751 1739/1739
f 1752/1752 1751/1751 1750/1750
f 1740/1740 1750/1750 1757/1757
f 1750/1750 1739/1739 1756/1756
f 1757/1757 1756/1756 1743/1743
f 1750/1750 1756/1756 1757/1757
f 1740/1740 1757/1757 1762/1762
f 1757/1757 1743/1743 1763/1763
f 1762/1762 1763/1763 1745/1745
f 1757/1757 1763/1763 1762/1762
f 1740/1740 1762/1762 1766/1766
f 1762/1762 1745/1745 1769/1769
f 1766/1766 1769/1769 1746/1746
f 1762/1762 1769/1769 1766/1766
f 1741/1741 1767/1767 1755/1755
f 1767/1767 1746/1746 1768/1768
f 1755/1755 1768/1768 1742/1742
f 1767/1767 1768/1768 1755/1755
f 1739/1739 1751/1751 1775/1775
f 1751/1751 1741/1741 1776/1776
f 1775/1775 1776/1776 1748/1748
f 1751/1751 1776/1776 1775/1775
f 1743/1743 1756/1756 1772/1772
f 1756/1756 1739/1739 1771/1771
f 1772/1772 1771/1771 1747/1747
f 1756/1756 1771/1771 1772/1772
f 1745/1745 1763/1763 1764/1764
f 1763/1763 1743/1743 1760/1760
f 1764/1764 1760/1760 1744/1744
f 1763/1763 1760/1760 1764/1764
f 1746/1746 1769/1769 1765/1765
f 1769/1769 1745/1745 1761/1761
f 1765/1765 1761/1761 1738/1738
f 1769/1769 1761/1761 1765/1765
f 1779/1779 1816/1816 1795/1795
f 1816/1816 1790/1790 1819/1819
f 1795/1795 1819/1819 1784/1784
f 1816/1816 1819/1819 1795/1795
f 1779/1779 1795/1795 1791/1791
f 1795/1795 1784/1784 1796/1796
f 1791/1791 1796/1796 1780/1780
f 1795/1795 1796/1796 1791/1791
f 1779/1779 1791/1791 1800/1800
f 1791/1791 1780/1780 1801/1801
f 1800/1800 1801/1801 1786/1786
f 1791/1791 1801/1801 1800/1800
f 1779/1779 1800/1800 1812/1812
f 1800/1800 1786/1786 1815/1815
f 1812/1812 1815/1815 1789/1789
f 1800/1800 1815/1815 1812/1812
f 1779/1779 1812/1812 1816/1816
f 1812/1812 1789/1789 1820/1820
f 1816/1816 1820/1820 1790/1790
f 1812/1812 1820/1820 1816/1816
f 1780/1780 1796/1796 1807/1807
f 1796/1796 1784/1784 1810/1810
f 1807/1807 1810/1810 1788/1788
f 1796/1796 1810/1810 1807/1807
f 1784/1784 1819/1819 1797/1797
f 1819/1819 1790/1790 1818/1818
f 1797/1797 1818/1818 1783/1783
f 1819/1819 1818/1818 1797/1797
f 1790/1790 1820/1820 1817/1817
f 1820/1820 1789/1789 1813/1813
f 1817/1817 1813/1813 1781/1781
f 1820/1820 1813/1813 1817/1817
f 1789/1789 1815/1815 1814/1814
f 1815/1815 1786/1786 1802/1802
f 1814/1814 1802/1802 1785/1785
f 1815/1815 1802/1802 1814/1814
f 1786/1786 1801/1801 1806/1806
f 1801/1801 1780/1780 1803/1803
f 1806/1806 1803/1803 1787/1787
f 1801/1801 1803/1803 1806/1806
f 1782/1782 1808/1808 1794/1794
f 1808/1808 1788/1788 1809/1809
f 1794/1794 1809/1809 1783/1783
f 1808/1808 1809/1809 1794/1794
f 1782/1782 1794/1794 1792/1792
f 1794/1794 1783/1783 1793/1793
f 1792/1792 1793/1793 1781/1781
f 1794/1794 1793/1793 1792/1792
f 1782/1782 1792/1792 1799/1799
f 1792/1792 1781/1781 1798/1798
f 1799/1799 1798/1798 1785/1785
f 1792/1792 1798/1798 1799/1799
f 1782/1782 1799/1799 1804/1804
f 1799/1799 1785/1785 1805/1805
f 1804/1804 1805/1805 1787/1787
f 1799/1799 1805/1805 1804/1804
f 1782/1782 1804/1804 1808/1808
f 1804/1804 1787/1787 1811/1811
f 1808/1808 1811/1811 1788/1788
f 1804/1804 1811/1811 1808/1808
f 1783/1783 1809/1809 1797/1797
f 1809/1809 1788/1788 1810/1810
f 1797/1797 1810/1810 1784/1784
f 1809/1809 1810/1810 1797/1797
f 1781/1781 1793/1793 1817/1817
f 1793/1793 1783/1783 1818/1818
f 1817/1817 1818/1818 1790/1790
f 1793/1793 1818/1818 1817/1817
f 1785/1785 1798/1798 1814/1814
f 1798/1798 1781/1781 1813/1813
f 1814/1814 1813/1813 1789/1789
f 1798/1798 1813/1813 1814/1814
f 1787/1787 1805/1805 1806/1806
f 1805/1805 1785/1785 1802/1802
f 1806/1806 1802/1802 1786/1786
f 1805/1805 1802/1802 1806/1806
f 1788/1788 1811/1811 1807/1807
f 1811/1811 1787/1787 1803/1803
f 1807/1807 1803/1803 1780/1780
f 1811/1811 1803/1803 1807/1807
f 1821/1821 1858/1858 1837/1837
f 1858/1858 1832/1832 1861/1861
f 1837/1837 1861/1861 1826/1826
f 1858/1858 1861/1861 1837/1837
f 1821/1821 1837/1837 1833/1833
f 1837/1837 1826/1826 1838/1838
f 1833/1833 1838/1838 1822/1822
f 1837/1837 1838/1838 1833/1833
f 1821/1821 1833/1833 1842/1842
f 1833/1833 1822/1822 1843/1843
f 1842/1842 1843/1843 1828/1828
f 1833/1833 1843/1843 1842/1842
f 1821/1821 1842/1842 1854/1854
f 1842/1842 1828/1828 1857/1857
f 1854/1854 1857/1857 1831/1831
f 1842/1842 1857/1857 1854/1854
f 1821/1821 1854/1854 1858/1858
f 1854/1854 1831/1831 1862/1862
f 1858/1858 1862/1862 1832/1832
f 1854/1854 1862/1862 1858/1858
f 1822/1822 1838/1838 1849/1849
f 1838/1838 1826/1826 1852/1852
f 1849/1849 1852/1852 1830/1830
f 1838/1838 1852/1852 1849/1849
f 1826/1826 1861/1861 1839/1839
f 1861/1861 1832/1832 1860/1860
f 1839/1839 1860/1860 1825/1825
f 1861/1861 1860/1860 1839/1839
f 1832/1832 1862/1862 1859/1859
f 1862/1862 1831/1831 1855/1855
f 1859/1859 1855/1855 1823/1823
f 1862/1862 1855/1855 1859/1859
f 1831/1831 1857/1857 1856/1856
f 1857/1857 1828/1828 1844/1844
f 1856/1856 1844/1844 1827/1827
f 1857/1857 1844/1844 1856/1856
f 1828/1828 1843/1843 1848/1848
f 1843/1843 1822/1822 1845/1845
f 1848/1848 1845/1845 1829/1829
f 1843/1843 1845/1845 1848/1848
f 1824/1824 1850/1850 1836/1836
f 1850/1850 1830/1830 1851/1851
f 1836/1836 1851/1851 1825/1825
f 1850/1850 1851/1851 1836/1836
f 1824/1824 1836/1836 1834/1834
f 1836/1836 1825/1825 1835/1835
f 1834/1834 1835/1835 1823/1823
f 1836/1836 1835/1835 1834/1834
f 1824/1824 1834/1834 1841/1841
f 1834/1834 1823/1823 1840/1840
f 1841/1841 1840/1840 1827/1827
f 1834/1834 1840/1840 1841/1841
f 1824/1824 1841/1841 1846/1846
f 1841/1841 1827/1827 1847/1847
f 1846/1846 1847/1847 1829/1829
f 1841/1841 1847/1847 1846/1846
f 1824/1824 1846/1846 1850/1850
f 1846/1846 1829/1829 1853/1853
f 1850/1850 1853/1853 1830/1830
f 1846/1846 1853/1853 1850/1850
f 1825/1825 1851/1851 1839/1839
f 1851/1851 1830/1830 1852/1852
f 1839/1839 1852/1852 1826/1826
f 1851/1851 1852/1852 1839/1839
f 1823/1823 1835/1835 1859/1859
f 1835/1835 1825/1825 1860/1860
f 1859/1859 1860/1860 1832/1832
f 1835/1835 1860/1860 1859/1859
f 1827/1827 1840/1840 1856/1856
f 1840/1840 1823/1823 1855/1855
f 1856/1856 1855/1855 1831/1831
f 1840/1840 1855/1855 1856/1856
f 1829/1829 1847/1847 1848/1848
f 1847/1847 1827/1827 1844/1844
f 1848/1848 1844/1844 1828/1828
f 1847/1847 1844/1844 1848/1848
f 1830/1830 1853/1853 1849/1849
f 1853/1853 1829/1829 1845/1845
f 1849/1849 1845/1845 1822/1822
f 1853/1853 1845/1845 1849/1849
f 1863/1863 1900/1900 1879/1879
f 1900/1900 1874/1874 1903/1903
f 1879/1879 1903/1903 1868/1868
f 1900/1900 1903/1903 1879/1879
f 1863/1863 1879/1879 1875/1875
f 1879/1879 1868/1868 1880/1880
f 1875/1875 1880/1880 1864/1864
f 1879/1879 1880/1880 1875/1875
f 1863/1863 1875/1875 1884/1884
f 1875/1875 1864/1864 1885/1885
f 1884/1884 1885/1885 1870/1870
f 1875/1875 1885/1885 1884/1884
f 1863/1863 1884/1884 1896/1896
f 1884/1884 1870/1870 1899/1899
f 1896/1896 1899/1899 1873/1873
f 1884/1884 1899/1899 1896/1896
f 1863/1863 1896/1896 1900/1900
f 1896/1896 1873/1873 1904/1904
f 1900/1900 1904/1904 1874/1874
f 1896/1896 1904/1904 1900/1900
f 1864/1864 1880/1880 1891/1891
f 1880/1880 1868/1868 1894/1894
f 1891/1891 1894/1894 1872/1872
f 1880/1880 1894/1894 1891/1891
f 1868/1868 1903/1903 1881/1881
f 1903/1903 1874/1874 1902/1902
f 1881/1881 1902/1902 1867/1867
f 1903/1903 1902/1902 1881/1881
f 1874/1874 1904/1904 1901/1901
f 1904/1904 1873/1873 1897/1897
f 1901/1901 1897/1897 1865/1865
f 1904/1904 1897/1897 1901/1901
f 1873/1873 1899/1899 1898/1898
f 1899/1899 1870/1870 1886/1886
f 1898/1898 1886/1886 1869/1869
f 1899/1899 1886/1886 1898/1898
f 1870/1870 1885/1885 1890/1890
f 1885/1885 1864/1864 1887/1887
f 1890/1890 1887/1887 1871/1871
f 1885/1885 1887/1887 1890/1890
f 1866/1866 1892/1892 1878/1878
f 1892/1892 1872/1872 1893/1893
f 1878/1878 1893/1893 1867/1867
f 1892/1892 1893/1893 1878/1878
f 1866/1866 1878/1878 1876/1876
f 1878/1878 1867/1867 1877/1877
f 1876/1876 1877/1877 1865/1865
f 1878/1878 1877/1877 1876/1876
f 1866/1866 1876/1876 1883/1883
f 1876/1876 1865/1865 1882/1882
f 1883/1883 1882/1882 1869/1869
f 1876/1876 1882/1882 1883/1883
f 1866/1866 1883/1883 1888/1888
f 1883/1883 1869/1869 1889/1889
f 1888/1888 1889/1889 1871/1871
f 1883/1883 1889/1889 1888/1888
f 1866/1866 1888/1888 1892/1892
f 1888/1888 1871/1871 1895/1895
f 1892/1892 1895/1895 1872/1872
f 1888/1888 1895/1895 1892/1892
f 1867/1867 1893/1893 1881/1881
f 1893/1893 1872/1872 1894/1894
f 1881/1881 1894/1894 1868/1868
f 1893/1893 1894/1894 1881/1881
f 1865/1865 1877/1877 1901/1901
f 1877/1877 1867/1867 1902/1902
f 1901/1901 1902/1902 1874/1874
f 1877/1877 1902/1902 1901/1901
f 1869/1869 1882/1882 1898/1898
f 1882/1882 1865/1865 1897/1897
f 1898/1898 1897/1897 1873/1873
f 1882/1882 1897/1897 1898/1898
f 1871/1871 1889/1889 1890/1890
f 1889/1889 1869/1869 1886/1886
f 1890/1890 1886/1886 1870/1870
f 1889/1889 1886/1886 1890/1890
f 1872/1872 1895/1895 1891/1891
f 1895/1895 1871/1871 1887/1887
f 1891/1891 1887/1887 1864/1864
f 1895/1895 1887/1887 1891/1891
f 1905/1905 1942/1942 1921/1921
f 1942/1942 1916/1916 1945/1945
f 1921/1921 1945/1945 1910/1910
f 1942/1942 1945/1945 1921/1921
f 1905/1905 1921/1921 1917/1917
f 1921/1921 1910/1910 1922/1922
f 1917/1917 1922/1922 1906/1906
f 1921/1921 1922/1922 1917/1917
f 1905/1905 1917/1917 1926/1926
f 1917/1917 1906/1906 1927/1927
f 1926/1926 1927/1927 1912/1912
f 1917/1917 1927/1927 1926/1926
f 1905/1905 1926/1926 1938/1938
f 1926/1926 1912/1912 1941/1941
f 1938/1938 1941/1941 1915/1915
f 1926/1926 1941/1941 1938/1938
f 1905/1905 1938/1938 1942/1942
f 1938/1938 1915/1915 1946/1946
f 1942/1942 1946/1946 1916/1916
f 1938/1938 1946/1946 1942/1942
f 1906/1906 1922/1922 1933/1933
f 1922/1922 1910/1910 1936/1936
f 1933/1933 1936/1936 1914/1914
f 1922/1922 1936/1936 1933/1933
f 1910/1910 1945/1945 1923/1923
f 1945/1945 1916/1916 1944/1944
f 1923/1923 1944/1944 1909/1909
f 1945/1945 1944/1944 1923/1923
f 1916/1916 1946/1946 1943/1943
f 1946/1946 1915/1915 1939/1939
f 1943/1943 1939/1939 1907/1907
f 1946/1946 1939/1939 1943/1943
f 1915/1915 1941/1941 1940/1940
f 1941/1941 1912/1912 1928/1928
f 1940/1940 1928/1928 1911/1911
f 1941/1941 1928/1928 1940/1940
f 1912/1912 1927/1927 1932/1932
f 1927/1927 1906/1906 1929/1929
f 1932/1932 1929/1929 1913/1913
f 1927/1927 1929/1929 1932/1932
f 1908/1908 1934/1934 1920/1920
f 1934/1934 1914/1914 1935/1935
f 1920/1920 1935/1935 1909/1909
f 1934/1934 1935/1935 1920/1920
f 1908/1908 1920/1920 1918/1918
f 1920/1920 1909/1909 1919/1919
f 1918/1918 1919/1919 1907/1907
f 1920/1920 1919/1919 1918/1918
f 1908/1908 1918/1918 1925/1925
f 1918/1918 1907/1907 1924/1924
f 1925/1925 1924/1924 1911/1911
f 1918/1918 1924/1924 1925/1925
f 1908/1908 1925/1925 1930/1930
f 1925/1925 1911/1911 1931/1931
f 1930/1930 1931/1931 1913/1913
f 1925/1925 1931/1931 1930/1930
f 1908/1908 1930/1930 1934/1934
f 1930/1930 1913/1913 1937/1937
f 1934/1934 1937/1937 1914/1914
f 1930/1930 1937/1937 1934/1934
f 1909/1909 1935/1935 1923/1923
f 1935/1935 1914/1914 1936/1936
f 1923/1923 1936/1936 1910/1910
f 1935/1935 1936/1936 1923/1923
f 1907/1907 1919/1919 1943/1943
f 1919/1919 1909/1909 1944/1944
f 1943/1943 1944/1944 1916/1916
f 1919/1919 1944/1944 1943/1943
f 1911/1911 1924/1924 1940/1940
f 1924/1924 1907/1907 1939/1939
f 1940/1940 1939/1939 1915/1915
f 1924/1924 1939/1939 1940/1940
f 1913/1913 1931/1931 1932/1932
f 1931/1931 1911/1911 1928/1928
f 1932/1932 1928/1928 1912/1912
f 1931/1931 1928/1928 1932/1932
f 1914/1914 1937/1937 1933/1933
f 1937/1937 1913/1913 1929/1929
f 1933/1933 1929/1929 1906/1906
f 1937/1937 1929/1929 1933/1933
f 1947/1947 1984/1984 1963/1963
f 1984/1984 1958/1958 1987/1987
f 1963/1963 1987/1987 1952/1952
f 1984/1984 1987/1987 1963/1963
f 1947/1947 1963/1963 1959/1959
f 1963/1963 1952/1952 1964/1964
f 1959/1959 1964/1964 1948/1948
f 1963/1963 1964/1964 1959/1959
f 1947/1947 1959/1959 1968/1968
f 1959/1959 1948/1948 1969/1969
f 1968/1968 1969/1969 1954/1954
f 1959/1959 1969/1969 1968/1968
f 1947/1947 1968/1968 1980/1980
f 1968/1968 1954/1954 1983/1983
f 1980/1980 1983/1983 1957/1957
f 1968/1968 1983/1983 1980/1980
f 1947/1947 1980/1980 1984/1984
f 1980/1980 1957/1957 1988/1988
f 1984/1984 1988/1988 1958/1958
f 1980/1980 1988/1988 1984/1984
f 1948/1948 1964/1964 1975/1975
f 1964/1964 1952/1952 1978/1978
f 1975/1975 1978/1978 1956/1956
f 1964/1964 1978/1978 1975/1975
f 1952/1952 1987/1987 1965/1965
f 1987/1987 1958/1958 1986/1986
f 1965/1965 1986/1986 1951/1951
f 1987/1987 1986/1986 1965/1965
f 1958/1958 1988/1988 1985/1985
f 1988/1988 1957/1957 1981/1981
f 1985/1985 1981/1981 1949/1949
f 1988/1988 1981/1981 1985/1985
f 1957/1957 1983/1983 1982/1982
f 1983/1983 1954/1954 1970/1970
f 1982/1982 1970/1970 1953/1953
f 1983/1983 1970/1970 1982/1982
f 1954/1954 1969/1969 1974/1974
f 1969/1969 1948/1948 1971/1971
f 1974/1974 1971/1971 1955/1955
f 1969/1969 1971/1971 1974/1974
f 1950/1950 1976/1976 1962/1962
f 1976/1976 1956/1956 1977/1977
f 1962/1962 1977/1977 1951/1951
f 1976/1976 1977/1977 1962/1962
f 1950/1950 1962/1962 1960/1960
f 1962/1962 1951/1951 1961/1961
f 1960/1960 1961/1961 1949/1949
f 1962/1962 1961/1961 1960/1960
f 1950/1950 1960/1960 1967/1967
f 1960/1960 1949/1949 1966/1966
f 1967/1967 1966/1966 1953/1953
f 1960/1960 1966/1966 1967/1967
f 1950/1950 1967/1967 1972/1972
f 1967/1967 1953/1953 1973/1973
f 1972/1972 1973/1973 1955/1955
f 1967/1967 1973/1973 1972/1972
f 1950/1950 1972/1972 1976/1976
f 1972/1972 1955/1955 1979/1979
f 1976/1976 1979/1979 1956/1956
f 1972/1972 1979/1979 1976/1976
f 1951/1951 1977/1977 1965/1965
f 1977/1977 1956/1956 1978/1978
f 1965/1965 1978/1978 1952/1952
f 1977/1977 1978/1978 1965/1965
f 1949/1949 1961/1961 1985/1985
f 1961/1961 1951/1951 1986/1986
f 1985/1985 1986/1986 1958/1958
f 1961/1961 1986/1986 1985/1985
f 1953/1953 1966/1966 1982/1982
f 1966/1966 1949/1949 1981/1981
f 1982/1982 1981/1981 1957/1957
f 1966/1966 1981/1981 1982/1982
f 1955/1955 1973/1973 1974/1974
f 1973/1973 1953/1953 1970/1970
f 1974/1974 1970/1970 1954/1954
f 1973/1973 1970/1970 1974/1974
f 1956/1956 1979/1979 1975/1975
f 1979/1979 1955/1955 1971/1971
f 1975/1975 1971/1971 1948/1948
f 1979/1979 1971/1971 1975/1975
f 1989/1989 2026/2026 2005/2005
f 2026/2026 2000/2000 2029/2029
f 2005/2005 2029/2029 1994/1994
f 2026/2026 2029/2029 2005/2005
f 1989/1989 2005/2005 2001/2001
f 2005/2005 1994/1994 2006/2006
f 2001/2001 2006/2006 1990/1990
f 2005/2005 2006/2006 2001/2001
f 1989/1989 2001/2001 2010/2010
f 2001/2001 1990/1990 2011/2011
f 2010/2010 2011/2011 1996/1996
f 2001/2001 2011/2011 2010/2010
f 1989/1989 2010/2010 2022/2022
f 2010/2010 1996/1996 2025/2025
f 2022/2022 2025/2025 1999/1999
f 2010/2010 2025/2025 2022/2022
f 1989/1989 2022/2022 2026/2026
f 2022/2022 1999/1999 2030/2030
f 2026/2026 2030/2030 2000/2000
f 2022/2022 2030/2030 2026/2026
f 1990/1990 2006/2006 2017/2017
f 2006/2006 1994/1994 2020/2020
f 2017/2017 2020/2020 1998/1998
f 2006/2006 2020/2020 2017/2017
f 1994/1994 2029/2029 2007/2007
f 2029/2029 2000/2000 2028/2028
f 2007/2007 2028/2028 1993/1993
f 2029/2029 2028/2028 2007/2007
f 2000/2000 2030/2030 2027/2027
f 2030/2030 1999/1999 2023/2023
f 2027/2027 2023/2023 1991/1991
f 2030/2030 2023/2023 2027/2027
f 1999/1999 2025/2025 2024/2024
f 2025/2025 1996/1996 2012/2012
f 2024/2024 2012/2012 1995/1995
f 2025/2025 2012/2012 2024/2024
f 1996/1996 2011/2011 2016/2016
f 2011/2011 1990/1990 2013/2013
f 2016/2016 2013/2013 1997/1997
f 2011/2011 2013/2013 2016/2016
f 1992/1992 2018/2018 2004/2004
f 2018/2018 1998/1998 2019/2019
f 2004/2004 2019/2019 1993/1993
f 2018/2018 2019/2019 2004/2004
f 1992/1992 2004/2004 2002/2002
f 2004/2004 1993/1993 2003/2003
f 2002/2002 2003/2003 1991/1991
f 2004/2004 2003/2003 2002/2002
f 1992/1992 2002/2002 2009/2009
f 2002/2002 1991/1991 2008/2008
f 2009/2009 2008/2008 1995/1995
f 2002/2002 2008/2008 2009/2009
f 1992/1992 2009/2009 2014/2014
f 2009/2009 1995/1995 2015/2015
f 2014/2014 2015/2015 1997/1997
f 2009/2009 2015/2015 2014/2014
f 1992/1992 2014/2014 2018/2018
f 2014/2014 1997/1997 2021/2021
f 2018/2018 2021/2021 1998/1998
f 2014/2014 2021/2021 2018/2018
f 1993/1993 2019/2019 2007/2007
f 2019/2019 1998/1998 2020/2020
f 2007/2007 2020/2020 1994/1994
f 2019/2019 2020/2020 2007/2007
f 1991/1991 2003/2003 2027/2027
f 2003/2003 1993/1993 2028/2028
f 2027/2027 2028/2028 2000/2000
f 2003/2003 2028/2028 2027/2027
f 1995/1995 2008/2008 2024/2024
f 2008/2008 1991/1991 2023/2023
f 2024/2024 2023/2023 1999/1999
f 2008/2008 2023/2023 2024/2024
f 1997/1997 2015/2015 2016/2016
f 2015/2015 1995/1995 2012/2012
f 2016/2016 2012/2012 1996/1996
f 2015/2015 2012/2012 2016/2016
f 1998/1998 2021/2021 2017/2017
f 2021/2021 1997/1997 2013/2013
f 2017/2017 2013/2013 1990/1990
f 2021/2021 2013/2013 2017/2017
f 2031/2031 2068/2068 2047/2047
f 2068/2068 2042/2042 2071/2071
f 2047/2047 2071/2071 2036/2036
f 2068/2068 2071/2071 2047/2047
f 2031/2031 2047/2047 2043/2043
f 2047/2047 2036/2036 2048/2048
f 2043/2043 2048/2048 2032/2032
f 2047/2047 2048/2048 2043/2043
f 2031/2031 2043/2043 2052/2052
f 2043/2043 2032/2032 2053/2053
f 2052/2052 2053/2053 2038/2038
f 2043/2043 2053/2053 2052/2052
f 2031/2031 2052/2052 2064/2064
f 2052/2052 2038/2038 2067/2067
f 2064/2064 2067/2067 2041/2041
f 2052/2052 2067/2067 2064/2064
f 2031/2031 2064/2064 2068/2068
f 2064/2064 2041/2041 2072/2072
f 2068/2068 2072/2072 2042/2042
f 2064/2064 2072/2072 2068/2068
f 2032/2032 2048/2048 2059/2059
f 2048/2048 2036/2036 2062/2062
f 2059/2059 2062/2062 2040/2040
f 2048/2048 2062/2062 2059/2059
f 2036/2036 2071/2071 2049/2049
f 2071/2071 2042/2042 2070/2070
f 2049/2049 2070/2070 2035/2035
f 2071/2071 2070/2070 2049/2049
f 2042/2042 2072/2072 2069/2069
f 2072/2072 2041/2041 2065/2065
f 2069/2069 2065/2065 2033/2033
f 2072/2072 2065/2065 2069/2069
f 2041/2041 2067/2067 2066/2066
f 2067/2067 2038/2038 2054/2054
f 2066/2066 2054/2054 2037/2037
f 2067/2067 2054/2054 2066/2066
f 2038/2038 2053/2053 2058/2058
f 2053/2053 2032/2032 2055/2055
f 2058/2058 2055/2055 2039/2039
f 2053/2053 2055/2055 2058/2058
f 2034/2034 2060/2060 2046/2046
f 2060/2060 2040/2040 2061/2061
f 2046/2046 2061/2061 2035/2035
f 2060/2060 2061/2061 2046/2046
f 2034/2034 2046/2046 2044/2044
f 2046/2046 2035/2035 2045/2045
f 2044/2044 2045/2045 2033/2033
f 2046/2046 2045/2045 2044/2044
f 2034/2034 2044/2044 2051/2051
f 2044/2044 2033/2033 2050/2050
f 2051/2051 2050/2050 2037/2037
f 2044/2044 2050/2050 2051/2051
f 2034/2034 2051/2051 2056/2056
f 2051/2051 2037/2037 2057/2057
f 2056/2056 2057/2057 2039/2039
f 2051/2051 2057/2057 2056/2056
f 2034/2034 2056/2056 2060/2060
f 2056/2056 2039/2039 2063/2063
f 2060/2060 2063/2063 2040/2040
f 2056/2056 2063/2063 2060/2060
f 2035/2035 2061/2061 2049/2049
f 2061/2061 2040/2040 2062/2062
f 2049/2049 2062/2062 2036/2036
f 2061/2061 2062/2062 2049/2049
f 2033/2033 2045/2045 2069/2069
f 2045/2045 2035/2035 2070/2070
f 2069/2069 2070/2070 2042/2042
f 2045/2045 2070/2070 2069/2069
f 2037/2037 2050/2050 2066/2066
f 2050/2050 2033/2033 2065/2065
f 2066/2066 2065/2065 2041/2041
f 2050/2050 2065/2065 2066/2066
f 2039/2039 2057/2057 2058/2058
f 2057/2057 2037/2037 2054/2054
f 2058/2058 2054/2054 2038/2038
f 2057/2057 2054/2054 2058/2058
f 2040/2040 2063/2063 2059/2059
f 2063/2063 2039/2039 2055/2055
f 2059/2059 2055/2055 2032/2032
f 2063/2063 2055/2055 2059/2059
f 2073/2073 2110/2110 2089/2089
f 2110/2110 2084/2084 2113/2113
f 2089/2089 2113/2113 2078/2078
f 2110/2110 2113/2113 2089/2089
f 2073/2073 2089/2089 2085/2085
f 2089/2089 2078/2078 2090/2090
f 2085/2085 2090/2090 2074/2074
f 2089/2089 2090/2090 2085/2085
f 2073/2073 2085/2085 2094/2094
f 2085/2085 2074/2074 2095/2095
f 2094/2094 2095/2095 2080/2080
f 2085/2085 2095/2095 2094/2094
f 2073/2073 2094/2094 2106/2106
f 2094/2094 2080/2080 2109/2109
f 2106/2106 2109/2109 2083/2083
f 2094/2094 2109/2109 2106/2106
f 2073/2073 2106/2106 2110/2110
f 2106/2106 2083/2083 2114/2114
f 2110/2110 2114/2114 2084/2084
f 2106/2106 2114/2114 2110/2110
f 2074/2074 2090/2090 2101/2101
f 2090/2090 2078/2078 2104/2104
f 2101/2101 2104/2104 2082/2082
f 2090/2090 2104/2104 2101/2101
f 2078/2078 2113/2113 2091/2091
f 2113/2113 2084/2084 2112/2112
f 2091/2091 2112/2112 2077/2077
f 2113/2113 2112/2112 2091/2091
f 2084/2084 2114/2114 2111/2111
f 2114/2114 2083/2083 2107/2107
f 2111/2111 2107/2107 2075/2075
f 2114/2114 2107/2107 2111/2111
f 2083/2083 2109/2109 2108/2108
f 2109/2109 2080/2080 2096/2096
f 2108/2108 2096/2096 2079/2079
f 2109/2109 2096/2096 2108/2108
f 2080/2080 2095/2095 2100/2100
f 2095/2095 2074/2074 2097/2097
f 2100/2100 2097/2097 2081/2081
f 2095/2095 2097/2097 2100/2100
f 2076/2076 2102/2102 2088/2088
f 2102/2102 2082/2082 2103/2103
f 2088/2088 2103/2103 2077/2077
f 2102/2102 2103/2103 2088/2088
f 2076/2076 2088/2088 2086/2086
f 2088/2088 2077/2077 2087/2087
f 2086/2086 2087/2087 2075/2075
f 2088/2088 2087/2087 2086/2086
f 2076/2076 2086/2086 2093/2093
f 2086/2086 2075/2075 2092/2092
f 2093/2093 2092/2092 2079/2079
f 2086/2086 2092/2092 2093/2093
f 2076/2076 2093/2093 2098/2098
f 2093/2093 2079/2079 2099/2099
f 2098/2098 2099/2099 2081/2081
f 2093/2093 2099/2099 2098/2098
f 2076/2076 2098/2098 2102/2102
f 2098/2098 2081/2081 2105/2105
f 2102/2102 2105/2105 2082/2082
f 2098/2098 2105/2105 2102/2102
f 2077/2077 2103/2103 2091/2091
f 2103/2103 2082/2082 2104/2104
f 2091/2091 2104/2104 2078/2078
f 2103/2103 2104/2104 2091/2091
f 2075/2075 2087/2087 2111/2111
f 2087/2087 2077/2077 2112/2112
f 2111/2111 2112/2112 2084/2084
f 2087/2087 2112/2112 2111/2111
f 2079/2079 2092/2092 2108/2108
f 2092/2092 2075/2075 2107/2107
f 2108/2108 2107/2107 2083/2083
f 2092/2092 2107/2107 2108/2108
f 2081/2081 2099/2099 2100/2100
f 2099/2099 2079/2079 2096/2096
f 2100/2100 2096/2096 2080/2080
f 2099/2099 2096/2096 2100/2100
f 2082/2082 2105/2105 2101/2101
f 2105/2105 2081/2081 2097/2097
f 2101/2101 2097/2097 2074/2074
f 2105/2105 2097/2097 2101/2101
f 2115/2115 2152/2152 2131/2131
f 2152/2152 2126/2126 2155/2155
f 2131/2131 2155/2155 2120/2120
f 2152/2152 2155/2155 2131/2131
f 2115/2115 2131/2131 2127/2127
f 2131/2131 2120/2120 2132/2132
f 2127/2127 2132/2132 2116/2116
f 2131/2131 2132/2132 2127/2127
f 2115/2115 2127/2127 2136/2136
f 2127/2127 2116/2116 2137/2137
f 2136/2136 2137/2137 2122/2122
f 2127/2127 2137/2137 2136/2136
f 2115/2115 2136/2136 2148/2148
f 2136/2136 2122/2122 2151/2151
f 2148/2148 2151/2151 2125/2125
f 2136/2136 2151/2151 2148/2148
f 2115/2115 2148/2148 2152/2152
f 2148/2148 2125/2125 2156/2156
f 2152/2152 2156/2156 2126/2126
f 2148/2148 2156/2156 2152/2152
f 2116/2116 2132/2132 2143/2143
f 2132/2132 2120/2120 2146/2146
f 2143/2143 2146/2146 2124/2124
f 2132/2132 2146/2146 2143/2143
f 2120/2120 2155/2155 2133/2133
f 2155/2155 2126/2126 2154/2154
f 2133/2133 2154/2154 2119/2119
f 2155/2155 2154/2154 2133/2133
f 2126/2126 2156/2156 2153/2153
f 2156/2156 2125/2125 2149/2149
f 2153/2153 2149/2149 2117/2117
f 2156/2156 2149/2149 2153/2153
f 2125/2125 2151/2151 2150/2150
f 2151/2151 2122/2122 2138/2138
f 2150/2150 2138/2138 2121/2121
f 2151/2151 2138/2138 2150/2150
f 2122/2122 2137/2137 2142/2142
f 2137/2137 2116/2116 2139/2139
f 2142/2142 2139/2139 2123/2123
f 2137/2137 2139/2139 2142/2142
f 2118/2118 2144/2144 2130/2130
f 2144/2144 2124/2124 2145/2145
f 2130/2130 2145/2145 2119/2119
f 2144/2144 2145/2145 2130/2130
f 2118/2118 2130/2130 2128/2128
f 2130/2130 2119/2119 2129/2129
f 2128/2128 2129/2129 2117/2117
f 2130/2130 2129/2129 2128/2128
f 2118/2118 2128/2128 2135/2135
f 2128/2128 2117/2117 2134/2134
f 2135/2135 2134/2134 2121/2121
f 2128/2128 2134/2134 2135/2135
f 2118/2118 2135/2135 2140/2140
f 2135/2135 2121/2121 2141/2141
f 2140/2140 2141/2141 2123/2123
f 2135/2135 2141/2141 2140/2140
f 2118/2118 2140/2140 2144/2144
f 2140/2140 2123/2123 2147/2147
f 2144/2144 2147/2147 2124/2124
f 2140/2140 2147/2147 2144/2144
f 2119/2119 2145/2145 2133/2133
f 2145/2145 2124/2124 2146/2146
f 2133/2133 2146/2146 2120/2120
f 2145/2145 2146/2146 2133/2133
f 2117/2117 2129/2129 2153/2153
f 2129/2129 2119/2119 2154/2154
f 2153/2153 2154/2154 2126/2126
f 2129/2129 2154/2154 2153/2153
f 2121/2121 2134/2134 2150/2150
f 2134/2134 2117/2117 2149/2149
f 2150/2150 2149/2149 2125/2125
f 2134/2134 2149/2149 2150/2150
f 2123/2123 2141/2141 2142/2142
f 2141/2141 2121/2121 2138/2138
f 2142/2142 2138/2138 2122/2122
f 2141/2141 2138/2138 2142/2142
f 2124/2124 2147/2147 2143/2143
f 2147/2147 2123/2123 2139/2139
f 2143/2143 2139/2139 2116/2116
f 2147/2147 2139/2139 2143/2143
f 2158/2158 2157/2157 2161/2161
f 2158/2158 2161/2161 2159/2159
f 2159/2159 2161/2161 2162/2162
f 2159/2159 2162/2162 2160/2160
f 2161/2161 2157/2157 2163/2163
f 2161/2161 2163/2163 2162/2162
f 2162/2162 2163/2163 2164/2164
f 2162/2162 2164/2164 2160/2160
f 2163/2163 2157/2157 2165/2165
f 2163/2163 2165/2165 2164/2164
f 2164/2164 2165/2165 2166/2166
f 2164/2164 2166/2166 2160/2160
f 2165/2165 2157/2157 2167/2167
f 2165/2165 2167/2167 2166/2166
f 2166/2166 2167/2167 2168/2168
f 2166/2166 2168/2168 2160/2160
f 2167/2167 2157/2157 2169/2169
f 2167/2167 2169/2169 2168/2168
f 2168/2168 2169/2169 2170/2170
f 2168/2168 2170/2170 2160/2160
f 2169/2169 2157/2157 2171/2171
f 2169/2169 2171/2171 2170/2170
f 2170/2170 2171/2171 2172/2172
f 2170/2170 2172/2172 2160/2160
f 2171/2171 2157/2157 2173/2173
f 2171/2171 2173/2173 2172/2172
f 2172/2172 2173/2173 2174/2174
f 2172/2172 2174/2174 2160/2160
f 2173/2173 2157/2157 2175/2175
f 2173/2173 2175/2175 2174/2174
f 2174/2174 2175/2175 2176/2176
f 2174/2174 2176/2176 2160/2160
f 2175/2175 2157/2157 2177/2177
f 2175/2175 2177/2177 2176/2176
f 2176/2176 2177/2177 2178/2178
f 2176/2176 2178/2178 2160/2160
f 2177/2177 2157/2157 2179/2179
f 2177/2177 2179/2179 2178/2178
f 2178/2178 2179/2179 2180/2180
f 2178/2178 2180/2180 2160/2160
f 2179/2179 2157/2157 2181/2181
f 2179/2179 2181/2181 2180/2180
f 2180/2180 2181/2181 2182/2182
f 2180/2180 2182/2182 2160/2160
f 2181/2181 2157/2157 2183/2183
f 2181/2181 2183/2183 2182/2182
f 2182/2182 2183/2183 2184/2184
f 2182/2182 2184/2184 2160/2160
f 2183/2183 2157/2157 2185/2185
f 2183/2183 2185/2185 2184/2184
f 2184/2184 2185/2185 2186/2186
f 2184/2184 2186/2186 2160/2160
f 2185/2185 2157/2157 2187/2187
f 2185/2185 2187/2187 2186/2186
f 2186/2186 2187/2187 2188/2188
f 2186/2186 2188/2188 2160/2160
f 2187/2187 2157/2157 2189/2189
f 2187/2187 2189/2189 2188/2188
f 2188/2188 2189/2189 2190/2190
f 2188/2188 2190/2190 2160/2160
f 2189/2189 2157/2157 2191/2191
f 2189/2189 2191/2191 2190/2190
f 2190/2190 2191/2191 2192/2192
f 2190/2190 2192/2192 2160/2160
f 2191/2191 2157/2157 2193/2193
f 2191/2191 2193/2193 2192/2192
f 2192/2192 2193/2193 2194/2194
f 2192/2192 2194/2194 2160/2160
f 2193/2193 2157/2157 2195/2195
f 2193/2193 2195/2195 2194/2194
f 2194/2194 2195/2195 2196/2196
f 2194/2194 2196/2196 2160/2160
f 2195/2195 2157/2157 2197/2197
f 2195/2195 2197/2197 2196/2196
f 2196/2196 2197/2197 2198/2198
f 2196/2196 2198/2198 2160/2160
f 2197/2197 2157/2157 2158/2158
f 2197/2197 2158/2158 2198/2198
f 2198/2198 2158/2158 2159/2159
f 2198/2198 2159/2159 2160/2160
f 2200/2200 2199/2199 2203/2203
f 2200/2200 2203/2203 2201/2201
f 2201/2201 2203/2203 2204/2204
f 2201/2201 2204/2204 2202/2202
f 2203/2203 2199/2199 2205/2205
f 2203/2203 2205/2205 2204/2204
f 2204/2204 2205/2205 2206/2206
f 2204/2204 2206/2206 2202/2202
f 2205/2205 2199/2199 2207/2207
f 2205/2205 2207/2207 2206/2206
f 2206/2206 2207/2207 2208/2208
f 2206/2206 2208/2208 2202/2202
f 2207/2207 2199/2199 2209/2209
f 2207/2207 2209/2209 2208/2208
f 2208/2208 2209/2209 2210/2210
f 2208/2208 2210/2210 2202/2202
f 2209/2209 2199/2199 2211/2211
f 2209/2209 2211/2211 2210/2210
f 2210/2210 2211/2211 2212/2212
f 2210/2210 2212/2212 2202/2202
f 2211/2211 2199/2199 2213/2213
f 2211/2211 2213/2213 2212/2212
f 2212/2212 2213/2213 2214/2214
f 2212/2212 2214/2214 2202/2202
f 2213/2213 2199/2199 2215/2215
f 2213/2213 2215/2215 2214/2214
f 2214/2214 2215/2215 2216/2216
f 2214/2214 2216/2216 2202/2202
f 2215/2215 2199/2199 2217/2217
f 2215/2215 2217/2217 2216/2216
f 2216/2216 2217/2217 2218/2218
f 2216/2216 2218/2218 2202/2202
f 2217/2217 2199/2199 2219/2219
f 2217/2217 2219/2219 2218/2218
f 2218/2218 2219/2219 2220/2220
f 2218/2218 2220/2220 2202/2202
f 2219/2219 2199/2199 2221/2221
f 2219/2219 2221/2221 2220/2220
f 2220/2220 2221/2221 2222/2222
f 2220/2220 2222/2222 2202/2202
f 2221/2221 2199/2199 2223/2223
f 2221/2221 2223/2223 2222/2222
f 2222/2222 2223/2223 2224/2224
f 2222/2222 2224/2224 2202/2202
f 2223/2223 2199/2199 2225/2225
f 2223/2223 2225/2225 2224/2224
f 2224/2224 2225/2225 2226/2226
f 2224/2224 2226/2226 2202/2202
f 2225/2225 2199/2199 2227/2227
f 2225/2225 2227/2227 2226/2226
f 2226/2226 2227/2227 2228/2228
f 2226/2226 2228/2228 2202/2202
f 2227/2227 2199/2199 2229/2229
f 2227/2227 2229/2229 2228/2228
f 2228/2228 2229/2229 2230/2230
f 2228/2228 2230/2230 2202/2202
f 2229/2229 2199/2199 2231/2231
f 2229/2229 2231/2231 2230/2230
f 2230/2230 2231/2231 2232/2232
f 2230/2230 2232/2232 2202/2202
f 2231/2231 2199/2199 2200/2200
f 2231/2231 2200/2200 2232/2232
f 2232/2232 2200/2200 2201/2201
f 2232/2232 2201/2201 2202/2202
f 2234/2234 2233/2233 2237/2237
f 2234/2234 2237/2237 2235/2235
f 2235/2235 2237/2237 2238/2238
f 2235/2235 2238/2238 2236/2236
f 2237/2237 2233/2233 2239/2239
f 2237/2237 2239/2239 2238/2238
f 2238/2238 2239/2239 2240/2240
f 2238/2238 2240/2240 2236/2236
f 2239/2239 2233/2233 2241/2241
f 2239/2239 2241/2241 2240/2240
f 2240/2240 2241/2241 2242/2242
f 2240/2240 2242/2242 2236/2236
f 2241/2241 2233/2233 2243/2243
f 2241/2241 2243/2243 2242/2242
f 2242/2242 2243/2243 2244/2244
f 2242/2242 2244/2244 2236/2236
f 2243/2243 2233/2233 2245/2245
f 2243/2243 2245/2245 2244/2244
f 2244/2244 2245/2245 2246/2246
f 2244/2244 2246/2246 2236/2236
f 2245/2245 2233/2233 2247/2247
f 2245/2245 2247/2247 2246/2246
f 2246/2246 2247/2247 2248/2248
f 2246/2246 2248/2248 2236/2236
f 2247/2247 2233/2233 2249/2249
f 2247/2247 2249/2249 2248/2248
f 2248/2248 2249/2249 2250/2250
f 2248/2248 2250/2250 2236/2236
f 2249/2249 2233/2233 2251/2251
f 2249/2249 2251/2251 2250/2250
f 2250/2250 2251/2251 2252/2252
f 2250/2250 2252/2252 2236/2236
f 2251/2251 2233/2233 2253/2253
f 2251/2251 2253/2253 2252/2252
f 2252/2252 2253/2253 2254/2254
f 2252/2252 2254/2254 2236/2236
f 2253/2253 2233/2233 2234/2234
f 2253/2253 2234/2234 2254/2254
f 2254/2254 2234/2234 2235/2235
f 2254/2254 2235/2235 2236/2236
f 2256/2256 2255/2255 2259/2259
f 2256/2256 2259/2259 2257/2257
f 2257/2257 2259/2259 2260/2260
f 2257/2257 2260/2260 2258/2258
f 2259/2259 2255/2255 2261/2261
f 2259/2259 2261/2261 2260/2260
f 2260/2260 2261/2261 2262/2262
f 2260/2260 2262/2262 2258/2258
f 2261/2261 2255/2255 2263/2263
f 2261/2261 2263/2263 2262/2262
f 2262/2262 2263/2263 2264/2264
f 2262/2262 2264/2264 2258/2258
f 2263/2263 2255/2255 2265/2265
f 2263/2263 2265/2265 2264/2264
f 2264/2264 2265/2265 2266/2266
f 2264/2264 2266/2266 2258/2258
f 2265/2265 2255/2255 2267/2267
f 2265/2265 2267/2267 2266/2266
f 2266/2266 2267/2267 2268/2268
f 2266/2266 2268/2268 2258/2258
f 2267/2267 2255/2255 2269/2269
f 2267/2267 2269/2269 2268/2268
f 2268/2268 2269/2269 2270/2270
f 2268/2268 2270/2270 2258/2258
f 2269/2269 2255/2255 2271/2271
f 2269/2269 2271/2271 2270/2270
f 2270/2270 2271/2271 2272/2272
f 2270/2270 2272/2272 2258/2258
f 2271/2271 2255/2255 2273/2273
f 2271/2271 2273/2273 2272/2272
f 2272/2272 2273/2273 2274/2274
f 2272/2272 2274/2274 2258/2258
f 2273/2273 2255/2255 2275/2275
f 2273/2273 2275/2275 2274/2274
f 2274/2274 2275/2275 2276/2276
f 2274/2274 2276/2276 2258/2258
f 2275/2275 2255/2255 2256/2256
f 2275/2275 2256/2256 2276/2276
f 2276/2276 2256/2256 2257/2257
f 2276/2276 2257/2257 2258/2258
f 2278/2278 2277/2277 2281/2281
f 2278/2278 2281/2281 2279/2279
f 2279/2279 2281/2281 2282/2282
f 2279/2279 2282/2282 2280/2280
f 2281/2281 2277/2277 2283/2283
f 2281/2281 2283/2283 2282/2282
f 2282/2282 2283/2283 2284/2284
f 2282/2282 2284/2284 2280/2280
f 2283/2283 2277/2277 2285/2285
f 2283/2283 2285/2285 2284/2284
f 2284/2284 2285/2285 2286/2286
f 2284/2284 2286/2286 2280/2280
f 2285/2285 2277/2277 2287/2287
f 2285/2285 2287/2287 2286/2286
f 2286/2286 2287/2287 2288/2288
f 2286/2286 2288/2288 2280/2280
f 2287/2287 2277/2277 2289/2289
f 2287/2287 2289/2289 2288/2288
f 2288/2288 2289/2289 2290/2290
f 2288/2288 2290/2290 2280/2280
f 2289/2289 2277/2277 2291/2291
f 2289/2289 2291/2291 2290/2290
f 2290/2290 2291/2291 2292/2292
f 2290/2290 2292/2292 2280/2280
f 2291/2291 2277/2277 2293/2293
f 2291/2291 2293/2293 2292/2292
f 2292/2292 2293/2293 2294/2294
f 2292/2292 2294/2294 2280/2280
f 2293/2293 2277/2277 2295/2295
f 2293/2293 2295/2295 2294/2294
f 2294/2294 2295/2295 2296/2296
f 2294/2294 2296/2296 2280/2280
f 2295/2295 2277/2277 2297/2297
f 2295/2295 2297/2297 2296/2296
f 2296/2296 2297/2297 2298/2298
f 2296/2296 2298/2298 2280/2280
f 2297/2297 2277/2277 2278/2278
f 2297/2297 2278/2278 2298/2298
f 2298/2298 2278/2278 2279/2279
f 2298/2298 2279/2279 2280/2280
f 2300/2300 2299/2299 2303/2303
f 2300/2300 2303/2303 2301/2301
f 2301/2301 2303/2303 2304/2304
f 2301/2301 2304/2304 2302/2302
f 2303/2303 2299/2299 2305/2305
f 2303/2303 2305/2305 2304/2304
f 2304/2304 2305/2305 2306/2306
f 2304/2304 2306/2306 2302/2302
f 2305/2305 2299/2299 2307/2307
f 2305/2305 2307/2307 2306/2306
f 2306/2306 2307/2307 2308/2308
f 2306/2306 2308/2308 2302/2302
f 2307/2307 2299/2299 2309/2309
f 2307/2307 2309/2309 2308/2308
f 2308/2308 2309/2309 2310/2310
f 2308/2308 2310/2310 2302/2302
f 2309/2309 2299/2299 2311/2311
f 2309/2309 2311/2311 2310/2310
f 2310/2310 2311/2311 2312/2312
f 2310/2310 2312/2312 2302/2302
f 2311/2311 2299/2299 2313/2313
f 2311/2311 2313/2313 2312/2312
f 2312/2312 2313/2313 2314/2314
f 2312/2312 2314/2314 2302/2302
f 2313/2313 2299/2299 2315/2315
f 2313/2313 2315/2315 2314/2314
f 2314/2314 2315/2315 2316/2316
f 2314/2314 2316/2316 2302/2302
f 2315/2315 2299/2299 2317/2317
f 2315/2315 2317/2317 2316/2316
f 2316/2316 2317/2317 2318/2318
f 2316/2316 2318/2318 2302/2302
f 2317/2317 2299/2299 2319/2319
f 2317/2317 2319/2319 2318/2318
f 2318/2318 2319/2319 2320/2320
f 2318/2318 2320/2320 2302/2302
f 2319/2319 2299/2299 2300/2300
f 2319/2319 2300/2300 2320/2320
f 2320/2320 2300/2300 2301/2301
f 2320/2320 2301/2301 2302/2302
f 2322/2322 2321/2321 2325/2325
f 2322/2322 2325/2325 2323/2323
f 2323/2323 2325/2325 2326/2326
f 2323/2323 2326/2326 2324/2324
f 2325/2325 2321/2321 2327/2327
f 2325/2325 2327/2327 2326/2326
f 2326/2326 2327/2327 2328/2328
f 2326/2326 2328/2328 2324/2324
f 2327/2327 2321/2321 2329/2329
f 2327/2327 2329/2329 2328/2328
f 2328/2328 2329/2329 2330/2330
f 2328/2328 2330/2330 2324/2324
f 2329/2329 2321/2321 2331/2331
f 2329/2329 2331/2331 2330/2330
f 2330/2330 2331/2331 2332/2332
f 2330/2330 2332/2332 2324/2324
f 2331/2331 2321/2321 2333/2333
f 2331/2331 2333/2333 2332/2332
f 2332/2332 2333/2333 2334/2334
f 2332/2332 2334/2334 2324/2324
f 2333/2333 2321/2321 2335/2335
f 2333/2333 2335/2335 2334/2334
f 2334/2334 2335/2335 2336/2336
f 2334/2334 2336/2336 2324/2324
f 2335/2335 2321/2321 2337/2337
f 2335/2335 2337/2337 2336/2336
f 2336/2336 2337/2337 2338/2338
f 2336/2336 2338/2338 2324/2324
f 2337/2337 2321/2321 2339/2339
f 2337/2337 2339/2339 2338/2338
f 2338/2338 2339/2339 2340/2340
f 2338/2338 2340/2340 2324/2324
f 2339/2339 2321/2321 2341/2341
f 2339/2339 2341/2341 2340/2340
f 2340/2340 2341/2341 2342/2342
f 2340/2340 2342/2342 2324/2324
f 2341/2341 2321/2321 2322/2322
f 2341/2341 2322/2322 2342/2342
f 2342/2342 2322/2322 2323/2323
f 2342/2342 2323/2323 2324/2324
f 2344/2344 2343/2343 2347/2347
f 2344/2344 2347/2347 2345/2345
f 2345/2345 2347/2347 2348/2348
f 2345/2345 2348/2348 2346/2346
f 2347/2347 2343/2343 2349/2349
f 2347/2347 2349/2349 2348/2348
f 2348/2348 2349/2349 2350/2350
f 2348/2348 2350/2350 2346/2346
f 2349/2349 2343/2343 2351/2351
f 2349/2349 2351/2351 2350/2350
f 2350/2350 2351/2351 2352/2352
f 2350/2350 2352/2352 2346/2346
f 2351/2351 2343/2343 2353/2353
f 2351/2351 2353/2353 2352/2352
f 2352/2352 2353/2353 2354/2354
f 2352/2352 2354/2354 2346/2346
f 2353/2353 2343/2343 2355/2355
f 2353/2353 2355/2355 2354/2354
f 2354/2354 2355/2355 2356/2356
f 2354/2354 2356/2356 2346/2346
f 2355/2355 2343/2343 2357/2357
f 2355/2355 2357/2357 2356/2356
f 2356/2356 2357/2357 2358/2358
f 2356/2356 2358/2358 2346/2346
f 2357/2357 2343/2343 2359/2359
f 2357/2357 2359/2359 2358/2358
f 2358/2358 2359/2359 2360/2360
f 2358/2358 2360/2360 2346/2346
f 2359/2359 2343/2343 2361/2361
f 2359/2359 2361/2361 2360/2360
f 2360/2360 2361/2361 2362/2362
f 2360/2360 2362/2362 2346/2346
f 2361/2361 2343/2343 2363/2363
f 2361/2361 2363/2363 2362/2362
f 2362/2362 2363/2363 2364/2364
f 2362/2362 2364/2364 2346/2346
f 2363/2363 2343/2343 2344/2344
f 2363/2363 2344/2344 2364/2364
f 2364/2364 2344/2344 2345/2345
f 2364/2364 2345/2345 2346/2346
f 2366/2366 2365/2365 2369/2369
f 2366/2366 2369/2369 2367/2367
f 2367/2367 2369/2369 2370/2370
f 2367/2367 2370/2370 2368/2368
f 2369/2369 2365/2365 2371/2371
f 2369/2369 2371/2371 2370/2370
f 2370/2370 2371/2371 2372/2372
f 2370/2370 2372/2372 2368/2368
f 2371/2371 2365/2365 2373/2373
f 2371/2371 2373/2373 2372/2372
f 2372/2372 2373/2373 2374/2374
f 2372/2372 2374/2374 2368/2368
f 2373/2373 2365/2365 2375/2375
f 2373/2373 2375/2375 2374/2374
f 2374/2374 2375/2375 2376/2376
f 2374/2374 2376/2376 2368/2368
f 2375/2375 2365/2365 2377/2377
f 2375/2375 2377/2377 2376/2376
f 2376/2376 2377/2377 2378/2378
f 2376/2376 2378/2378 2368/2368
f 2377/2377 2365/2365 2379/2379
f 2377/2377 2379/2379 2378/2378
f 2378/2378 2379/2379 2380/2380
f 2378/2378 2380/2380 2368/2368
f 2379/2379 2365/2365 2381/2381
f 2379/2379 2381/2381 2380/2380
f 2380/2380 2381/2381 2382/2382
f 2380/2380 2382/2382 2368/2368
f 2381/2381 2365/2365 2383/2383
f 2381/2381 2383/2383 2382/2382
f 2382/2382 2383/2383 2384/2384
f 2382/2382 2384/2384 2368/2368
f 2383/2383 2365/2365 2385/2385
f 2383/2383 2385/2385 2384/2384
f 2384/2384 2385/2385 2386/2386
f 2384/2384 2386/2386 2368/2368
f 2385/2385 2365/2365 2366/2366
f 2385/2385 2366/2366 2386/2386
f 2386/2386 2366/2366 2367/2367
f 2386/2386 2367/2367 2368/2368
f 2388/2388 2387/2387 2391/2391
f 2388/2388 2391/2391 2389/2389
f 2389/2389 2391/2391 2392/2392
f 2389/2389 2392/2392 2390/2390
f 2391/2391 2387/2387 2393/2393
f 2391/2391 2393/2393 2392/2392
f 2392/2392 2393/2393 2394/2394
f 2392/2392 2394/2394 2390/2390
f 2393/2393 2387/2387 2395/2395
f 2393/2393 2395/2395 2394/2394
f 2394/2394 2395/2395 2396/2396
f 2394/2394 2396/2396 2390/2390
f 2395/2395 2387/2387 2397/2397
f 2395/2395 2397/2397 2396/2396
f 2396/2396 2397/2397 2398/2398
f 2396/2396 2398/2398 2390/2390
f 2397/2397 2387/2387 2399/2399
f 2397/2397 2399/2399 2398/2398
f 2398/2398 2399/2399 2400/2400
f 2398/2398 2400/2400 2390/2390
f 2399/2399 2387/2387 2401/2401
f 2399/2399 2401/2401 2400/2400
f 2400/2400 2401/2401 2402/2402
f 2400/2400 2402/2402 2390/2390
f 2401/2401 2387/2387 2403/2403
f 2401/2401 2403/2403 2402/2402
f 2402/2402 2403/2403 2404/2404
f 2402/2402 2404/2404 2390/2390
f 2403/2403 2387/2387 2405/2405
f 2403/2403 2405/2405 2404/2404
f 2404/2404 2405/2405 2406/2406
f 2404/2404 2406/2406 2390/2390
f 2405/2405 2387/2387 2407/2407
f 2405/2405 2407/2407 2406/2406
f 2406/2406 2407/2407 2408/2408
f 2406/2406 2408/2408 2390/2390
f 2407/2407 2387/2387 2388/2388
f 2407/2407 2388/2388 2408/2408
f 2408/2408 2388/2388 2389/2389
f 2408/2408 2389/2389 2390/2390
f 2410/2410 2409/2409 2413/2413
f 2410/2410 2413/2413 2411/2411
f 2411/2411 2413/2413 2414/2414
f 2411/2411 2414/2414 2412/2412
f 2413/2413 2409/2409 2415/2415
f 2413/2413 2415/2415 2414/2414
f 2414/2414 2415/2415 2416/2416
f 2414/2414 2416/2416 2412/2412
f 2415/2415 2409/2409 2417/2417
f 2415/2415 2417/2417 2416/2416
f 2416/2416 2417/2417 2418/2418
f 2416/2416 2418/2418 2412/2412
f 2417/2417 2409/2409 2419/2419
f 2417/2417 2419/2419 2418/2418
f 2418/2418 2419/2419 2420/2420
f 2418/2418 2420/2420 2412/2412
f 2419/2419 2409/2409 2421/2421
f 2419/2419 2421/2421 2420/2420
f 2420/2420 2421/2421 2422/2422
f 2420/2420 2422/2422 2412/2412
f 2421/2421 2409/2409 2423/2423
f 2421/2421 2423/2423 2422/2422
f 2422/2422 2423/2423 2424/2424
f 2422/2422 2424/2424 2412/2412
f 2423/2423 2409/2409 2425/2425
f 2423/2423 2425/2425 2424/2424
f 2424/2424 2425/2425 2426/2426
f 2424/2424 2426/2426 2412/2412
f 2425/2425 2409/2409 2427/2427
f 2425/2425 2427/2427 2426/2426
f 2426/2426 2427/2427 2428/2428
f 2426/2426 2428/2428 2412/2412
f 2427/2427 2409/2409 2429/2429
f 2427/2427 2429/2429 2428/2428
f 2428/2428 2429/2429 2430/2430
f 2428/2428 2430/2430 2412/2412
f 2429/2429 2409/2409 2410/2410
f 2429/2429 2410/2410 2430/2430
f 2430/2430 2410/2410 2411/2411
f 2430/2430 2411/2411 2412/2412
f 2432/2432 2431/2431 2435/2435
f 2432/2432 2435/2435 2433/2433
f 2433/2433 2435/2435 2436/2436
f 2433/2433 2436/2436 2434/2434
f 2435/2435 2431/2431 2437/2437
f 2435/2435 2437/2437 2436/2436
f 2436/2436 2437/2437 2438/2438
f 2436/2436 2438/2438 2434/2434
f 2437/2437 2431/2431 2439/2439
f 2437/2437 2439/2439 2438/2438
f 2438/2438 2439/2439 2440/2440
f 2438/2438 2440/2440 2434/2434
f 2439/2439 2431/2431 2441/2441
f 2439/2439 2441/2441 2440/2440
f 2440/2440 2441/2441 2442/2442
f 2440/2440 2442/2442 2434/2434
f 2441/2441 2431/2431 2443/2443
f 2441/2441 2443/2443 2442/2442
f 2442/2442 2443/2443 2444/2444
f 2442/2442 2444/2444 2434/2434
f 2443/2443 2431/2431 2445/2445
f 2443/2443 2445/2445 2444/2444
f 2444/2444 2445/2445 2446/2446
f 2444/2444 2446/2446 2434/2434
f 2445/2445 2431/2431 2447/2447
f 2445/2445 2447/2447 2446/2446
f 2446/2446 2447/2447 2448/2448
f 2446/2446 2448/2448 2434/2434
f 2447/2447 2431/2431 2449/2449
f 2447/2447 2449/2449 2448/2448
f 2448/2448 2449/2449 2450/2450
f 2448/2448 2450/2450 2434/2434
f 2449/2449 2431/2431 2451/2451
f 2449/2449 2451/2451 2450/2450
f 2450/2450 2451/2451 2452/2452
f 2450/2450 2452/2452 2434/2434
f 2451/2451 2431/2431 2432/2432
f 2451/2451 2432/2432 2452/2452
f 2452/2452 2432/2432 2433/2433
f 2452/2452 2433/2433 2434/2434
f 2454/2454 2453/2453 2457/2457
f 2454/2454 2457/2457 2455/2455
f 2455/2455 2457/2457 2458/2458
f 2455/2455 2458/2458 2456/2456
f 2457/2457 2453/2453 2459/2459
f 2457/2457 2459/2459 2458/2458
f 2458/2458 2459/2459 2460/2460
f 2458/2458 2460/2460 2456/2456
f 2459/2459 2453/2453 2461/2461
f 2459/2459 2461/2461 2460/2460
f 2460/2460 2461/2461 2462/2462
f 2460/2460 2462/2462 2456/2456
f 2461/2461 2453/2453 2463/2463
f 2461/2461 2463/2463 2462/2462
f 2462/2462 2463/2463 2464/2464
f 2462/2462 2464/2464 2456/2456
f 2463/2463 2453/2453 2465/2465
f 2463/2463 2465/2465 2464/2464
f 2464/2464 2465/2465 2466/2466
f 2464/2464 2466/2466 2456/2456
f 2465/2465 2453/2453 2467/2467
f 2465/2465 2467/2467 2466/2466
f 2466/2466 2467/2467 2468/2468
f 2466/2466 2468/2468 2456/2456
f 2467/2467 2453/2453 2469/2469
f 2467/2467 2469/2469 2468/2468
f 2468/2468 2469/2469 2470/2470
f 2468/2468 2470/2470 2456/2456
f 2469/2469 2453/2453 2471/2471
f 2469/2469 2471/2471 2470/2470
f 2470/2470 2471/2471 2472/2472
f 2470/2470 2472/2472 2456/2456
f 2471/2471 2453/2453 2473/2473
f 2471/2471 2473/2473 2472/2472
f 2472/2472 2473/2473 2474/2474
f 2472/2472 2474/2474 2456/2456
f 2473/2473 2453/2453 2475/2475
f 2473/2473 2475/2475 2474/2474
f 2474/2474 2475/2475 2476/2476
f 2474/2474 2476/2476 2456/2456
f 2475/2475 2453/2453 2477/2477
f 2475/2475 2477/2477 2476/2476
f 2476/2476 2477/2477 2478/2478
f 2476/2476 2478/2478 2456/2456
f 2477/2477 2453/2453 2479/2479
f 2477/2477 2479/2479 2478/2478
f 2478/2478 2479/2479 2480/2480
f 2478/2478 2480/2480 2456/2456
f 2479/2479 2453/2453 2481/2481
f 2479/2479 2481/2481 2480/2480
f 2480/2480 2481/2481 2482/2482
f 2480/2480 2482/2482 2456/2456
f 2481/2481 2453/2453 2483/2483
f 2481/2481 2483/2483 2482/2482
f 2482/2482 2483/2483 2484/2484
f 2482/2482 2484/2484 2456/2456
f 2483/2483 2453/2453 2485/2485
f 2483/2483 2485/2485 2484/2484
f 2484/2484 2485/2485 2486/2486
f 2484/2484 2486/2486 2456/2456
f 2485/2485 2453/2453 2487/2487
f 2485/2485 2487/2487 2486/2486
f 2486/2486 2487/2487 2488/2488
f 2486/2486 2488/2488 2456/2456
f 2487/2487 2453/2453 2489/2489
f 2487/2487 2489/2489 2488/2488
f 2488/2488 2489/2489 2490/2490
f 2488/2488 2490/2490 2456/2456
f 2489/2489 2453/2453 2454/2454
f 2489/2489 2454/2454 2490/2490
f 2490/2490 2454/2454 2455/2455
f 2490/2490 2455/2455 2456/2456
f 2492/2492 2491/2491 2495/2495
f 2492/2492 2495/2495 2493/2493
f 2493/2493 2495/2495 2496/2496
f 2493/2493 2496/2496 2494/2494
f 2495/2495 2491/2491 2497/2497
f 2495/2495 2497/2497 2496/2496
f 2496/2496 2497/2497 2498/2498
f 2496/2496 2498/2498 2494/2494
f 2497/2497 2491/2491 2499/2499
f 2497/2497 2499/2499 2498/2498
f 2498/2498 2499/2499 2500/2500
f 2498/2498 2500/2500 2494/2494
f 2499/2499 2491/2491 2501/2501
f 2499/2499 2501/2501 2500/2500
f 2500/2500 2501/2501 2502/2502
f 2500/2500 2502/2502 2494/2494
f 2501/2501 2491/2491 2503/2503
f 2501/2501 2503/2503 2502/2502
f 2502/2502 2503/2503 2504/2504
f 2502/2502 2504/2504 2494/2494
f 2503/2503 2491/2491 2505/2505
f 2503/2503 2505/2505 2504/2504
f 2504/2504 2505/2505 2506/2506
f 2504/2504 2506/2506 2494/2494
f 2505/2505 2491/2491 2507/2507
f 2505/2505 2507/2507 2506/2506
f 2506/2506 2507/2507 2508/2508
f 2506/2506 2508/2508 2494/2494
f 2507/2507 2491/2491 2509/2509
f 2507/2507 2509/2509 2508/2508
f 2508/2508 2509/2509 2510/2510
f 2508/2508 2510/2510 2494/2494
f 2509/2509 2491/2491 2511/2511
f 2509/2509 2511/2511 2510/2510
f 2510/2510 2511/2511 2512/2512
f 2510/2510 2512/2512 2494/2494
f 2511/2511 2491/2491 2513/2513
f 2511/2511 2513/2513 2512/2512
f 2512/2512 2513/2513 2514/2514
f 2512/2512 2514/2514 2494/2494
f 2513/2513 2491/2491 2515/2515
f 2513/2513 2515/2515 2514/2514
f 2514/2514 2515/2515 2516/2516
f 2514/2514 2516/2516 2494/2494
f 2515/2515 2491/2491 2517/2517
f 2515/2515 2517/2517 2516/2516
f 2516/2516 2517/2517 2518/2518
f 2516/2516 2518/2518 2494/2494
f 2517/2517 2491/2491 2519/2519
f 2517/2517 2519/2519 2518/2518
f 2518/2518 2519/2519 2520/2520
f 2518/2518 2520/2520 2494/2494
f 2519/2519 2491/2491 2521/2521
f 2519/2519 2521/2521 2520/2520
f 2520/2520 2521/2521 2522/2522
f 2520/2520 2522/2522 2494/2494
f 2521/2521 2491/2491 2523/2523
f 2521/2521 2523/2523 2522/2522
f 2522/2522 2523/2523 2524/2524
f 2522/2522 2524/2524 2494/2494
f 2523/2523 2491/2491 2525/2525
f 2523/2523 2525/2525 2524/2524
f 2524/2524 2525/2525 2526/2526
f 2524/2524 2526/2526 2494/2494
f 2525/2525 2491/2491 2527/2527
f 2525/2525 2527/2527 2526/2526
f 2526/2526 2527/2527 2528/2528
f 2526/2526 2528/2528 2494/2494
f 2527/2527 2491/2491 2492/2492
f 2527/2527 2492/2492 2528/2528
f 2528/2528 2492/2492 2493/2493
f 2528/2528 2493/2493 2494/2494
f 2530/2530 2529/2529 2533/2533
f 2530/2530 2533/2533 2531/2531
f 2531/2531 2533/2533 2534/2534
f 2531/2531 2534/2534 2532/2532
f 2533/2533 2529/2529 2535/2535
f 2533/2533 2535/2535 2534/2534
f 2534/2534 2535/2535 2536/2536
f 2534/2534 2536/2536 2532/2532
f 2535/2535 2529/2529 2537/2537
f 2535/2535 2537/2537 2536/2536
f 2536/2536 2537/2537 2538/2538
f 2536/2536 2538/2538 2532/2532
f 2537/2537 2529/2529 2539/2539
f 2537/2537 2539/2539 2538/2538
f 2538/2538 2539/2539 2540/2540
f 2538/2538 2540/2540 2532/2532
f 2539/2539 2529/2529 2541/2541
f 2539/2539 2541/2541 2540/2540
f 2540/2540 2541/2541 2542/2542
f 2540/2540 2542/2542 2532/2532
f 2541/2541 2529/2529 2543/2543
f 2541/2541 2543/2543 2542/2542
f 2542/2542 2543/2543 2544/2544
f 2542/2542 2544/2544 2532/2532
f 2543/2543 2529/2529 2545/2545
f 2543/2543 2545/2545 2544/2544
f 2544/2544 2545/2545 2546/2546
f 2544/2544 2546/2546 2532/2532
f 2545/2545 2529/2529 2547/2547
f 2545/2545 2547/2547 2546/2546
f 2546/2546 2547/2547 2548/2548
f 2546/2546 2548/2548 2532/2532
f 2547/2547 2529/2529 2549/2549
f 2547/2547 2549/2549 2548/2548
f 2548/2548 2549/2549 2550/2550
f 2548/2548 2550/2550 2532/2532
f 2549/2549 2529/2529 2551/2551
f 2549/2549 2551/2551 2550/2550
f 2550/2550 2551/2551 2552/2552
f 2550/2550 2552/2552 2532/2532
f 2551/2551 2529/2529 2553/2553
f 2551/2551 2553/2553 2552/2552
f 2552/2552 2553/2553 2554/2554
f 2552/2552 2554/2554 2532/2532
f 2553/2553 2529/2529 2555/2555
f 2553/2553 2555/2555 2554/2554
f 2554/2554 2555/2555 2556/2556
f 2554/2554 2556/2556 2532/2532
f 2555/2555 2529/2529 2557/2557
f 2555/2555 2557/2557 2556/2556
f 2556/2556 2557/2557 2558/2558
f 2556/2556 2558/2558 2532/2532
f 2557/2557 2529/2529 2559/2559
f 2557/2557 2559/2559 2558/2558
f 2558/2558 2559/2559 2560/2560
f 2558/2558 2560/2560 2532/2532
f 2559/2559 2529/2529 2561/2561
f 2559/2559 2561/2561 2560/2560
f 2560/2560 2561/2561 2562/2562
f 2560/2560 2562/2562 2532/2532
f 2561/2561 2529/2529 2563/2563
f 2561/2561 2563/2563 2562/2562
f 2562/2562 2563/2563 2564/2564
f 2562/2562 2564/2564 2532/2532
f 2563/2563 2529/2529 2565/2565
f 2563/2563 2565/2565 2564/2564
f 2564/2564 2565/2565 2566/2566
f 2564/2564 2566/2566 2532/2532
f 2565/2565 2529/2529 2530/2530
f 2565/2565 2530/2530 2566/2566
f 2566/2566 2530/2530 2531/2531
f 2566/2566 2531/2531 2532/2532
f 2568/2568 2570/2570 2567/2567
f 2571/2571 2568/2568 2567/2567
f 2567/2567 2570/2570 2569/2569
f 2569/2569 2571/2571 2567/2567
f 2568/2568 2574/2574 2570/2570
f 2572/2572 2568/2568 2571/2571
f 2572/2572 2574/2574 2568/2568
f 2570/2570 2574/2574 2569/2569
f 2573/2573 2571/2571 2569/2569
f 2569/2569 2574/2574 2573/2573
f 2573/2573 2572/2572 2571/2571
f 2574/2574 2572/2572 2573/2573
f 2576/2576 2578/2578 2575/2575
f 2579/2579 2576/2576 2575/2575
f 2575/2575 2578/2578 2577/2577
f 2577/2577 2579/2579 2575/2575
f 2576/2576 2582/2582 2578/2578
f 2580/2580 2576/2576 2579/2579
f 2580/2580 2582/2582 2576/2576
f 2578/2578 2582/2582 2577/2577
f 2581/2581 2579/2579 2577/2577
f 2577/2577 2582/2582 2581/2581
f 2581/2581 2580/2580 2579/2579
f 2582/2582 2580/2580 2581/2581
f 2584/2584 2586/2586 2583/2583
f 2587/2587 2584/2584 2583/2583
f 2583/2583 2586/2586 2585/2585
f 2585/2585 2587/2587 2583/2583
f 2584/2584 2590/2590 2586/2586
f 2588/2588 2584/2584 2587/2587
f 2588/2588 2590/2590 2584/2584
f 2586/2586 2590/2590 2585/2585
f 2589/2589 2587/2587 2585/2585
f 2585/2585 2590/2590 2589/2589
f 2589/2589 2588/2588 2587/2587
f 2590/2590 2588/2588 2589/2589
f 2592/2592 2594/2594 2591/2591
f 2595/2595 2592/2592 2591/2591
f 2591/2591 2594/2594 2593/2593
f 2593/2593 2595/2595 2591/2591
f 2592/2592 2598/2598 2594/2594
f 2596/2596 2592/2592 2595/2595
f 2596/2596 2598/2598 2592/2592
f 2594/2594 2598/2598 2593/2593
f 2597/2597 2595/2595 2593/2593
f 2593/2593 2598/2598 2597/2597
f 2597/2597 2596/2596 2595/2595
f 2598/2598 2596/2596 2597/2597
f 2600/2600 2602/2602 2599/2599
f 2603/2603 2600/2600 2599/2599
f 2599/2599 2602/2602 2601/2601
f 2601/2601 2603/2603 2599/2599
f 2600/2600 2606/2606 2602/2602
f 2604/2604 2600/2600 2603/2603
f 2604/2604 2606/2606 2600/2600
f 2602/2602 2606/2606 2601/2601
f 2605/2605 2603/2603 2601/2601
f 2601/2601 2606/2606 2605/2605
f 2605/2605 2604/2604 2603/2603
f 2606/2606 2604/2604 2605/2605
f 2608/2608 2610/2610 2607/2607
f 2611/2611 2608/2608 2607/2607
f 2607/2607 2610/2610 2609/2609
f 2609/2609 2611/2611 2607/2607
f 2608/2608 2614/2614 2610/2610
f 2612/2612 2608/2608 2611/2611
f 2612/2612 2614/2614 2608/2608
f 2610/2610 2614/2614 2609/2609
f 2613/2613 2611/2611 2609/2609
f 2609/2609 2614/2614 2613/2613
f 2613/2613 2612/2612 2611/2611
f 2614/2614 2612/2612 2613/2613
f 2616/2616 2618/2618 2615/2615
f 2619/2619 2616/2616 2615/2615
f 2615/2615 2618/2618 2617/2617
f 2617/2617 2619/2619 2615/2615
f 2616/2616 2622/2622 2618/2618
f 2620/2620 2616/2616 2619/2619
f 2620/2620 2622/2622 2616/2616
f 2618/2618 2622/2622 2617/2617
f 2621/2621 2619/2619 2617/2617
f 2617/2617 2622/2622 2621/2621
f 2621/2621 2620/2620 2619/2619
f 2622/2622 2620/2620 2621/2621
f 2624/2624 2626/2626 2623/2623
f 2627/2627 2624/2624 2623/2623
f 2623/2623 2626/2626 2625/2625
f 2625/2625 2627/2627 2623/2623
f 2624/2624 2630/2630 2626/2626
f 2628/2628 2624/2624 2627/2627
f 2628/2628 2630/2630 2624/2624
f 2626/2626 2630/2630 2625/2625
f 2629/2629 2627/2627 2625/2625
f 2625/2625 2630/2630 2629/2629
f 2629/2629 2628/2628 2627/2627
f 2630/2630 2628/2628 2629/2629
f 2632/2632 2634/2634 2631/2631
f 2635/2635 2632/2632 2631/2631
f 2631/2631 2634/2634 2633/2633
f 2633/2633 2635/2635 2631/2631
f 2632/2632 2638/2638 2634/2634
f 2636/2636 2632/2632 2635/2635
f 2636/2636 2638/2638 2632/2632
f 2634/2634 2638/2638 2633/2633
f 2637/2637 2635/2635 2633/2633
f 2633/2633 2638/2638 2637/2637
f 2637/2637 2636/2636 2635/2635
f 2638/2638 2636/2636 2637/2637
f 2640/2640 2642/2642 2639/2639
f 2643/2643 2640/2640 2639/2639
f 2639/2639 2642/2642 2641/2641
f 2641/2641 2643/2643 2639/2639
f 2640/2640 2646/2646 2642/2642
f 2644/2644 2640/2640 2643/2643
f 2644/2644 2646/2646 2640/2640
f 2642/2642 2646/2646 2641/2641
f 2645/2645 2643/2643 2641/2641
f 2641/2641 2646/2646 2645/2645
f 2645/2645 2644/2644 2643/2643
f 2646/2646 2644/2644 2645/2645
f 2648/2648 2650/2650 2647/2647
f 2651/2651 2648/2648 2647/2647
f 2647/2647 2650/2650 2649/2649
f 2649/2649 2651/2651 2647/2647
f 2648/2648 2654/2654 2650/2650
f 2652/2652 2648/2648 2651/2651
f 2652/2652 2654/2654 2648/2648
f 2650/2650 2654/2654 2649/2649
f 2653/2653 2651/2651 2649/2649
f 2649/2649 2654/2654 2653/2653
f 2653/2653 2652/2652 2651/2651
f 2654/2654 2652/2652 2653/2653
f 2656/2656 2658/2658 2655/2655
f 2659/2659 2656/2656 2655/2655
f 2655/2655 2658/2658 2657/2657
f 2657/2657 2659/2659 2655/2655
f 2656/2656 2662/2662 2658/2658
f 2660/2660 2656/2656 2659/2659
f 2660/2660 2662/2662 2656/2656
f 2658/2658 2662/2662 2657/2657
f 2661/2661 2659/2659 2657/2657
f 2657/2657 2662/2662 2661/2661
f 2661/2661 2660/2660 2659/2659
f 2662/2662 2660/2660 2661/2661
f 2664/2664 2666/2666 2663/2663
f 2667/2667 2664/2664 2663/2663
f 2663/2663 2666/2666 2665/2665
f 2665/2665 2667/2667 2663/2663
f 2664/2664 2670/2670 2666/2666
f 2668/2668 2664/2664 2667/2667
f 2668/2668 2670/2670 2664/2664
f 2666/2666 2670/2670 2665/2665
f 2669/2669 2667/2667 2665/2665
f 2665/2665 2670/2670 2669/2669
f 2669/2669 2668/2668 2667/2667
f 2670/2670 2668/2668 2669/2669
f 2672/2672 2674/2674 2671/2671
f 2675/2675 2672/2672 2671/2671
f 2671/2671 2674/2674 2673/2673
f 2673/2673 2675/2675 2671/2671
f 2672/2672 2678/2678 2674/2674
f 2676/2676 2672/2672 2675/2675
f 2676/2676 2678/2678 2672/2672
f 2674/2674 2678/2678 2673/2673
f 2677/2677 2675/2675 2673/2673
f 2673/2673 2678/2678 2677/2677
f 2677/2677 2676/2676 2675/2675
f 2678/2678 2676/2676 2677/2677
f 2680/2680 2682/2682 2679/2679
f 2683/2683 2680/2680 2679/2679
f 2679/2679 2682/2682 2681/2681
f 2681/2681 2683/2683 2679/2679
f 2680/2680 2686/2686 2682/2682
f 2684/2684 2680/2680 2683/2683
f 2684/2684 2686/2686 2680/2680
f 2682/2682 2686/2686 2681/2681
f 2685/2685 2683/2683 2681/2681
f 2681/2681 2686/2686 2685/2685
f 2685/2685 2684/2684 2683/2683
f 2686/2686 2684/2684 2685/2685
f 2688/2688 2690/2690 2687/2687
f 2691/2691 2688/2688 2687/2687
f 2687/2687 2690/2690 2689/2689
f 2689/2689 2691/2691 2687/2687
f 2688/2688 2694/2694 2690/2690
f 2692/2692 2688/2688 2691/2691
f 2692/2692 2694/2694 2688/2688
f 2690/2690 2694/2694 2689/2689
f 2693/2693 2691/2691 2689/2689
f 2689/2689 2694/2694 2693/2693
f 2693/2693 2692/2692 2691/2691
f 2694/2694 2692/2692 2693/2693
f 2696/2696 2698/2698 2695/2695
f 2699/2699 2696/2696 2695/2695
f 2695/2695 2698/2698 2697/2697
f 2697/2697 2699/2699 2695/2695
f 2696/2696 2702/2702 2698/2698
f 2700/2700 2696/2696 2699/2699
f 2700/2700 2702/2702 2696/2696
f 2698/2698 2702/2702 2697/2697
f 2701/2701 2699/2699 2697/2697
f 2697/2697 2702/2702 2701/2701
f 2701/2701 2700/2700 2699/2699
f 2702/2702 2700/2700 2701/2701
f 2704/2704 2706/2706 2703/2703
f 2707/2707 2704/2704 2703/2703
f 2703/2703 2706/2706 2705/2705
f 2705/2705 2707/2707 2703/2703
f 2704/2704 2710/2710 2706/2706
f 2708/2708 2704/2704 2707/2707
f 2708/2708 2710/2710 2704/2704
f 2706/2706 2710/2710 2705/2705
f 2709/2709 2707/2707 2705/2705
f 2705/2705 2710/2710 2709/2709
f 2709/2709 2708/2708 2707/2707
f 2710/2710 2708/2708 2709/2709
f 2712/2712 2714/2714 2711/2711
f 2715/2715 2712/2712 2711/2711
f 2711/2711 2714/2714 2713/2713
f 2713/2713 2715/2715 2711/2711
f 2712/2712 2718/2718 2714/2714
f 2716/2716 2712/2712 2715/2715
f 2716/2716 2718/2718 2712/2712
f 2714/2714 2718/2718 2713/2713
f 2717/2717 2715/2715 2713/2713
f 2713/2713 2718/2718 2717/2717
f 2717/2717 2716/2716 2715/2715
f 2718/2718 2716/2716 2717/2717
f 2720/2720 2722/2722 2719/2719
f 2723/2723 2720/2720 2719/2719
f 2719/2719 2722/2722 2721/2721
f 2721/2721 2723/2723 2719/2719
f 2720/2720 2726/2726 2722/2722
f 2724/2724 2720/2720 2723/2723
f 2724/2724 2726/2726 2720/2720
f 2722/2722 2726/2726 2721/2721
f 2725/2725 2723/2723 2721/2721
f 2721/2721 2726/2726 2725/2725
f 2725/2725 2724/2724 2723/2723
f 2726/2726 2724/2724 2725/2725
f 2728/2728 2730/2730 2727/2727
f 2731/2731 2728/2728 2727/2727
f 2727/2727 2730/2730 2729/2729
f 2729/2729 2731/2731 2727/2727
f 2728/2728 2734/2734 2730/2730
f 2732/2732 2728/2728 2731/2731
f 2732/2732 2734/2734 2728/2728
f 2730/2730 2734/2734 2729/2729
f 2733/2733 2731/2731 2729/2729
f 2729/2729 2734/2734 2733/2733
f 2733/2733 2732/2732 2731/2731
f 2734/2734 2732/2732 2733/2733
f 2736/2736 2738/2738 2735/2735
f 2739/2739 2736/2736 2735/2735
f 2735/2735 2738/2738 2737/2737
f 2737/2737 2739/2739 2735/2735
f 2736/2736 2742/2742 2738/2738
f 2740/2740 2736/2736 2739/2739
f 2740/2740 2742/2742 2736/2736
f 2738/2738 2742/2742 2737/2737
f 2741/2741 2739/2739 2737/2737
f 2737/2737 2742/2742 2741/2741
f 2741/2741 2740/2740 2739/2739
f 2742/2742 2740/2740 2741/2741
f 2744/2744 2746/2746 2743/2743
f 2747/2747 2744/2744 2743/2743
f 2743/2743 2746/2746 2745/2745
f 2745/2745 2747/2747 2743/2743
f 2744/2744 2750/2750 2746/2746
f 2748/2748 2744/2744 2747/2747
f 2748/2748 2750/2750 2744/2744
f 2746/2746 2750/2750 2745/2745
f 2749/2749 2747/2747 2745/2745
f 2745/2745 2750/2750 2749/2749
f 2749/2749 2748/2748 2747/2747
f 2750/2750 2748/2748 2749/2749
f 2752/2752 2754/2754 2751/2751
f 2755/2755 2752/2752 2751/2751
f 2751/2751 2754/2754 2753/2753
f 2753/2753 2755/2755 2751/2751
f 2752/2752 2758/2758 2754/2754
f 2756/2756 2752/2752 2755/2755
f 2756/2756 2758/2758 2752/2752
f 2754/2754 2758/2758 2753/2753
f 2757/2757 2755/2755 2753/2753
f 2753/2753 2758/2758 2757/2757
f 2757/2757 2756/2756 2755/2755
f 2758/2758 2756/2756 2757/2757
f 2760/2760 2762/2762 2759/2759
f 2763/2763 2760/2760 2759/2759
f 2759/2759 2762/2762 2761/2761
f 2761/2761 2763/2763 2759/2759
f 2760/2760 2766/2766 2762/2762
f 2764/2764 2760/2760 2763/2763
f 2764/2764 2766/2766 2760/2760
f 2762/2762 2766/2766 2761/2761
f 2765/2765 2763/2763 2761/2761
f 2761/2761 2766/2766 2765/2765
f 2765/2765 2764/2764 2763/2763
f 2766/2766 2764/2764 2765/2765
f 2768/2768 2770/2770 2767/2767
f 2771/2771 2768/2768 2767/2767
f 2767/2767 2770/2770 2769/2769
f 2769/2769 2771/2771 2767/2767
f 2768/2768 2774/2774 2770/2770
f 2772/2772 2768/2768 2771/2771
f 2772/2772 2774/2774 2768/2768
f 2770/2770 2774/2774 2769/2769
f 2773/2773 2771/2771 2769/2769
f 2769/2769 2774/2774 2773/2773
f 2773/2773 2772/2772 2771/2771
f 2774/2774 2772/2772 2773/2773
f 2775/2775 2812/2812 2791/2791
f 2812/2812 2786/2786 2815/2815
f 2791/2791 2815/2815 2780/2780
f 2812/2812 2815/2815 2791/2791
f 2775/2775 2791/2791 2787/2787
f 2791/2791 2780/2780 2792/2792
f 2787/2787 2792/2792 2776/2776
f 2791/2791 2792/2792 2787/2787
f 2775/2775 2787/2787 2796/2796
f 2787/2787 2776/2776 2797/2797
f 2796/2796 2797/2797 2782/2782
f 2787/2787 2797/2797 2796/2796
f 2775/2775 2796/2796 2808/2808
f 2796/2796 2782/2782 2811/2811
f 2808/2808 2811/2811 2785/2785
f 2796/2796 2811/2811 2808/2808
f 2775/2775 2808/2808 2812/2812
f 2808/2808 2785/2785 2816/2816
f 2812/2812 2816/2816 2786/2786
f 2808/2808 2816/2816 2812/2812
f 2776/2776 2792/2792 2803/2803
f 2792/2792 2780/2780 2806/2806
f 2803/2803 2806/2806 2784/2784
f 2792/2792 2806/2806 2803/2803
f 2780/2780 2815/2815 2793/2793
f 2815/2815 2786/2786 2814/2814
f 2793/2793 2814/2814 2779/2779
f 2815/2815 2814/2814 2793/2793
f 2786/2786 2816/2816 2813/2813
f 2816/2816 2785/2785 2809/2809
f 2813/2813 2809/2809 2777/2777
f 2816/2816 2809/2809 2813/2813
f 2785/2785 2811/2811 2810/2810
f 2811/2811 2782/2782 2798/2798
f 2810/2810 2798/2798 2781/2781
f 2811/2811 2798/2798 2810/2810
f 2782/2782 2797/2797 2802/2802
f 2797/2797 2776/2776 2799/2799
f 2802/2802 2799/2799 2783/2783
f 2797/2797 2799/2799 2802/2802
f 2778/2778 2804/2804 2790/2790
f 2804/2804 2784/2784 2805/2805
f 2790/2790 2805/2805 2779/2779
f 2804/2804 2805/2805 2790/2790
f 2778/2778 2790/2790 2788/2788
f 2790/2790 2779/2779 2789/2789
f 2788/2788 2789/2789 2777/2777
f 2790/2790 2789/2789 2788/2788
f 2778/2778 2788/2788 2795/2795
f 2788/2788 2777/2777 2794/2794
f 2795/2795 2794/2794 2781/2781
f 2788/2788 2794/2794 2795/2795
f 2778/2778 2795/2795 2800/2800
f 2795/2795 2781/2781 2801/2801
f 2800/2800 2801/2801 2783/2783
f 2795/2795 2801/2801 2800/2800
f 2778/2778 2800/2800 2804/2804
f 2800/2800 2783/2783 2807/2807
f 2804/2804 2807/2807 2784/2784
f 2800/2800 2807/2807 2804/2804
f 2779/2779 2805/2805 2793/2793
f 2805/2805 2784/2784 2806/2806
f 2793/2793 2806/2806 2780/2780
f 2805/2805 2806/2806 2793/2793
f 2777/2777 2789/2789 2813/2813
f 2789/2789 2779/2779 2814/2814
f 2813/2813 2814/2814 2786/2786
f 2789/2789 2814/2814 2813/2813
f 2781/2781 2794/2794 2810/2810
f 2794/2794 2777/2777 2809/2809
f 2810/2810 2809/2809 2785/2785
f 2794/2794 2809/2809 2810/2810
f 2783/2783 2801/2801 2802/2802
f 2801/2801 2781/2781 2798/2798
f 2802/2802 2798/2798 2782/2782
f 2801/2801 2798/2798 2802/2802
f 2784/2784 2807/2807 2803/2803
f 2807/2807 2783/2783 2799/2799
f 2803/2803 2799/2799 2776/2776
f 2807/2807 2799/2799 2803/2803
f 2817/2817 2854/2854 2833/2833
f 2854/2854 2828/2828 2857/2857
f 2833/2833 2857/2857 2822/2822
f 2854/2854 2857/2857 2833/2833
f 2817/2817 2833/2833 2829/2829
f 2833/2833 2822/2822 2834/2834
f 2829/2829 2834/2834 2818/2818
f 2833/2833 2834/2834 2829/2829
f 2817/2817 2829/2829 2838/2838
f 2829/2829 2818/2818 2839/2839
f 2838/2838 2839/2839 2824/2824
f 2829/2829 2839/2839 2838/2838
f 2817/2817 2838/2838 2850/2850
f 2838/2838 2824/2824 2853/2853
f 2850/2850 2853/2853 2827/2827
f 2838/2838 2853/2853 2850/2850
f 2817/2817 2850/2850 2854/2854
f 2850/2850 2827/2827 2858/2858
f 2854/2854 2858/2858 2828/2828
f 2850/2850 2858/2858 2854/2854
f 2818/2818 2834/2834 2845/2845
f 2834/2834 2822/2822 2848/2848
f 2845/2845 2848/2848 2826/2826
f 2834/2834 2848/2848 2845/2845
f 2822/2822 2857/2857 2835/2835
f 2857/2857 2828/2828 2856/2856
f 2835/2835 2856/2856 2821/2821
f 2857/2857 2856/2856 2835/2835
f 2828/2828 2858/2858 2855/2855
f 2858/2858 2827/2827 2851/2851
f 2855/2855 2851/2851 2819/2819
f 2858/2858 2851/2851 2855/2855
f 2827/2827 2853/2853 2852/2852
f 2853/2853 2824/2824 2840/2840
f 2852/2852 2840/2840 2823/2823
f 2853/2853 2840/2840 2852/2852
f 2824/2824 2839/2839 2844/2844
f 2839/2839 2818/2818 2841/2841
f 2844/2844 2841/2841 2825/2825
f 2839/2839 2841/2841 2844/2844
f 2820/2820 2846/2846 2832/2832
f 2846/2846 2826/2826 2847/2847
f 2832/2832 2847/2847 2821/2821
f 2846/2846 2847/2847 2832/2832
f 2820/2820 2832/2832 2830/2830
f 2832/2832 2821/2821 2831/2831
f 2830/2830 2831/2831 2819/2819
f 2832/2832 2831/2831 2830/2830
f 2820/2820 2830/2830 2837/2837
f 2830/2830 2819/2819 2836/2836
f 2837/2837 2836/2836 2823/2823
f 2830/2830 2836/2836 2837/2837
f 2820/2820 2837/2837 2842/2842
f 2837/2837 2823/2823 2843/2843
f 2842/2842 2843/2843 2825/2825
f 2837/2837 2843/2843 2842/2842
f 2820/2820 2842/2842 2846/2846
f 2842/2842 2825/2825 2849/2849
f 2846/2846 2849/2849 2826/2826
f 2842/2842 2849/2849 2846/2846
f 2821/2821 2847/2847 2835/2835
f 2847/2847 2826/2826 2848/2848
f 2835/2835 2848/2848 2822/2822
f 2847/2847 2848/2848 2835/2835
f 2819/2819 2831/2831 2855/2855
f 2831/2831 2821/2821 2856/2856
f 2855/2855 2856/2856 2828/2828
f 2831/2831 2856/2856 2855/2855
f 2823/2823 2836/2836 2852/2852
f 2836/2836 2819/2819 2851/2851
f 2852/2852 2851/2851 2827/2827
f 2836/2836 2851/2851 2852/2852
f 2825/2825 2843/2843 2844/2844
f 2843/2843 2823/2823 2840/2840
f 2844/2844 2840/2840 2824/2824
f 2843/2843 2840/2840 2844/2844
f 2826/2826 2849/2849 2845/2845
f 2849/2849 2825/2825 2841/2841
f 2845/2845 2841/2841 2818/2818
f 2849/2849 2841/2841 2845/2845
f 2859/2859 2896/2896 2875/2875
f 2896/2896 2870/2870 2899/2899
f 2875/2875 2899/2899 2864/2864
f 2896/2896 2899/2899 2875/2875
f 2859/2859 2875/2875 2871/2871
f 2875/2875 2864/2864 2876/2876
f 2871/2871 2876/2876 2860/2860
f 2875/2875 2876/2876 2871/2871
f 2859/2859 2871/2871 2880/2880
f 2871/2871 2860/2860 2881/2881
f 2880/2880 2881/2881 2866/2866
f 2871/2871 2881/2881 2880/2880
f 2859/2859 2880/2880 2892/2892
f 2880/2880 2866/2866 2895/2895
f 2892/2892 2895/2895 2869/2869
f 2880/2880 2895/2895 2892/2892
f 2859/2859 2892/2892 2896/2896
f 2892/2892 2869/2869 2900/2900
f 2896/2896 2900/2900 2870/2870
f 2892/2892 2900/2900 2896/2896
f 2860/2860 2876/2876 2887/2887
f 2876/2876 2864/2864 2890/2890
f 2887/2887 2890/2890 2868/2868
f 2876/2876 2890/2890 2887/2887
f 2864/2864 2899/2899 2877/2877
f 2899/2899 2870/2870 2898/2898
f 2877/2877 2898/2898 2863/2863
f 2899/2899 2898/2898 2877/2877
f 2870/2870 2900/2900 2897/2897
f 2900/2900 2869/2869 2893/2893
f 2897/2897 2893/2893 2861/2861
f 2900/2900 2893/2893 2897/2897
f 2869/2869 2895/2895 2894/2894
f 2895/2895 2866/2866 2882/2882
f 2894/2894 2882/2882 2865/2865
f 2895/2895 2882/2882 2894/2894
f 2866/2866 2881/2881 2886/2886
f 2881/2881 2860/2860 2883/2883
f 2886/2886 2883/2883 2867/2867
f 2881/2881 2883/2883 2886/2886
f 2862/2862 2888/2888 2874/2874
f 2888/2888 2868/2868 2889/2889
f 2874/2874 2889/2889 2863/2863
f 2888/2888 2889/2889 2874/2874
f 2862/2862 2874/2874 2872/2872
f 2874/2874 2863/2863 2873/2873
f 2872/2872 2873/2873 2861/2861
f 2874/2874 2873/2873 2872/2872
f 2862/2862 2872/2872 2879/2879
f 2872/2872 2861/2861 2878/2878
f 2879/2879 2878/2878 2865/2865
f 2872/2872 2878/2878 2879/2879
f 2862/2862 2879/2879 2884/2884
f 2879/2879 2865/2865 2885/2885
f 2884/2884 2885/2885 2867/2867
f 2879/2879 2885/2885 2884/2884
f 2862/2862 2884/2884 2888/2888
f 2884/2884 2867/2867 2891/2891
f 2888/2888 2891/2891 2868/2868
f 2884/2884 2891/2891 2888/2888
f 2863/2863 2889/2889 2877/2877
f 2889/2889 2868/2868 2890/2890
f 2877/2877 2890/2890 2864/2864
f 2889/2889 2890/2890 2877/2877
f 2861/2861 2873/2873 2897/2897
f 2873/2873 2863/2863 2898/2898
f 2897/2897 2898/2898 2870/2870
f 2873/2873 2898/2898 2897/2897
f 2865/2865 2878/2878 2894/2894
f 2878/2878 2861/2861 2893/2893
f 2894/2894 2893/2893 2869/2869
f 2878/2878 2893/2893 2894/2894
f 2867/2867 2885/2885 2886/2886
f 2885/2885 2865/2865 2882/2882
f 2886/2886 2882/2882 2866/2866
f 2885/2885 2882/2882 2886/2886
f 2868/2868 2891/2891 2887/2887
f 2891/2891 2867/2867 2883/2883
f 2887/2887 2883/2883 2860/2860
f 2891/2891 2883/2883 2887/2887
f 2901/2901 2938/2938 2917/2917
f 2938/2938 2912/2912 2941/2941
f 2917/2917 2941/2941 2906/2906
f 2938/2938 2941/2941 2917/2917
f 2901/2901 2917/2917 2913/2913
f 2917/2917 2906/2906 2918/2918
f 2913/2913 2918/2918 2902/2902
f 2917/2917 2918/2918 2913/2913
f 2901/2901 2913/2913 2922/2922
f 2913/2913 2902/2902 2923/2923
f 2922/2922 2923/2923 2908/2908
f 2913/2913 2923/2923 2922/2922
f 2901/2901 2922/2922 2934/2934
f 2922/2922 2908/2908 2937/2937
f 2934/2934 2937/2937 2911/2911
f 2922/2922 2937/2937 2934/2934
f 2901/2901 2934/2934 2938/2938
f 2934/2934 2911/2911 2942/2942
f 2938/2938 2942/2942 2912/2912
f 2934/2934 2942/2942 2938/2938
f 2902/2902 2918/2918 2929/2929
f 2918/2918 2906/2906 2932/2932
f 2929/2929 2932/2932 2910/2910
f 2918/2918 2932/2932 2929/2929
f 2906/2906 2941/2941 2919/2919
f 2941/2941 2912/2912 2940/2940
f 2919/2919 2940/2940 2905/2905
f 2941/2941 2940/2940 2919/2919
f 2912/2912 2942/2942 2939/2939
f 2942/2942 2911/2911 2935/2935
f 2939/2939 2935/2935 2903/2903
f 2942/2942 2935/2935 2939/2939
f 2911/2911 2937/2937 2936/2936
f 2937/2937 2908/2908 2924/2924
f 2936/2936 2924/2924 2907/2907
f 2937/2937 2924/2924 2936/2936
f 2908/2908 2923/2923 2928/2928
f 2923/2923 2902/2902 2925/2925
f 2928/2928 2925/2925 2909/2909
f 2923/2923 2925/2925 2928/2928
f 2904/2904 2930/2930 2916/2916
f 2930/2930 2910/2910 2931/2931
f 2916/2916 2931/2931 2905/2905
f 2930/2930 2931/2931 2916/2916
f 2904/2904 2916/2916 2914/2914
f 2916/2916 2905/2905 2915/2915
f 2914/2914 2915/2915 2903/2903
f 2916/2916 2915/2915 2914/2914
f 2904/2904 2914/2914 2921/2921
f 2914/2914 2903/2903 2920/2920
f 2921/2921 2920/2920 2907/2907
f 2914/2914 2920/2920 2921/2921
f 2904/2904 2921/2921 2926/2926
f 2921/2921 2907/2907 2927/2927
f 2926/2926 2927/2927 2909/2909
f 2921/2921 2927/2927 2926/2926
f 2904/2904 2926/2926 2930/2930
f 2926/2926 2909/2909 2933/2933
f 2930/2930 2933/2933 2910/2910
f 2926/2926 2933/2933 2930/2930
f 2905/2905 2931/2931 2919/2919
f 2931/2931 2910/2910 2932/2932
f 2919/2919 2932/2932 2906/2906
f 2931/2931 2932/2932 2919/2919
f 2903/2903 2915/2915 2939/2939
f 2915/2915 2905/2905 2940/2940
f 2939/2939 2940/2940 2912/2912
f 2915/2915 2940/2940 2939/2939
f 2907/2907 2920/2920 2936/2936
f 2920/2920 2903/2903 2935/2935
f 2936/2936 2935/2935 2911/2911
f 2920/2920 2935/2935 2936/2936
f 2909/2909 2927/2927 2928/2928
f 2927/2927 2907/2907 2924/2924
f 2928/2928 2924/2924 2908/2908
f 2927/2927 2924/2924 2928/2928
f 2910/2910 2933/2933 2929/2929
f 2933/2933 2909/2909 2925/2925
f 2929/2929 2925/2925 2902/2902
f 2933/2933 2925/2925 2929/2929
f 2943/2943 2980/2980 2959/2959
f 2980/2980 2954/2954 2983/2983
f 2959/2959 2983/2983 2948/2948
f 2980/2980 2983/2983 2959/2959
f 2943/2943 2959/2959 2955/2955
f 2959/2959 2948/2948 2960/2960
f 2955/2955 2960/2960 2944/2944
f 2959/2959 2960/2960 2955/2955
f 2943/2943 2955/2955 2964/2964
f 2955/2955 2944/2944 2965/2965
f 2964/2964 2965/2965 2950/2950
f 2955/2955 2965/2965 2964/2964
f 2943/2943 2964/2964 2976/2976
f 2964/2964 2950/2950 2979/2979
f 2976/2976 2979/2979 2953/2953
f 2964/2964 2979/2979 2976/2976
f 2943/2943 2976/2976 2980/2980
f 2976/2976 2953/2953 2984/2984
f 2980/2980 2984/2984 2954/2954
f 2976/2976 2984/2984 2980/2980
f 2944/2944 2960/2960 2971/2971
f 2960/2960 2948/2948 2974/2974
f 2971/2971 2974/2974 2952/2952
f 2960/2960 2974/2974 2971/2971
f 2948/2948 2983/2983 2961/2961
f 2983/2983 2954/2954 2982/2982
f 2961/2961 2982/2982 2947/2947
f 2983/2983 2982/2982 2961/2961
f 2954/2954 2984/2984 2981/2981
f 2984/2984 2953/2953 2977/2977
f 2981/2981 2977/2977 2945/2945
f 2984/2984 2977/2977 2981/2981
f 2953/2953 2979/2979 2978/2978
f 2979/2979 2950/2950 2966/2966
f 2978/2978 2966/2966 2949/2949
f 2979/2979 2966/2966 2978/2978
f 2950/2950 2965/2965 2970/2970
f 2965/2965 2944/2944 2967/2967
f 2970/2970 2967/2967 2951/2951
f 2965/2965 2967/2967 2970/2970
f 2946/2946 2972/2972 2958/2958
f 2972/2972 2952/2952 2973/2973
f 2958/2958 2973/2973 2947/2947
f 2972/2972 2973/2973 2958/2958
f 2946/2946 2958/2958 2956/2956
f 2958/2958 2947/2947 2957/2957
f 2956/2956 2957/2957 2945/2945
f 2958/2958 2957/2957 2956/2956
f 2946/2946 2956/2956 2963/2963
f 2956/2956 2945/2945 2962/2962
f 2963/2963 2962/2962 2949/2949
f 2956/2956 2962/2962 2963/2963
f 2946/2946 2963/2963 2968/2968
f 2963/2963 2949/2949 2969/2969
f 2968/2968 2969/2969 2951/2951
f 2963/2963 2969/2969 2968/2968
f 2946/2946 2968/2968 2972/2972
f 2968/2968 2951/2951 2975/2975
f 2972/2972 2975/2975 2952/2952
f 2968/2968 2975/2975 2972/2972
f 2947/2947 2973/2973 2961/2961
f 2973/2973 2952/2952 2974/2974
f 2961/2961 2974/2974 2948/2948
f 2973/2973 2974/2974 2961/2961
f 2945/2945 2957/2957 2981/2981
f 2957/2957 2947/2947 2982/2982
f 2981/2981 2982/2982 2954/2954
f 2957/2957 2982/2982 2981/2981
f 2949/2949 2962/2962 2978/2978
f 2962/2962 2945/2945 2977/2977
f 2978/2978 2977/2977 2953/2953
f 2962/2962 2977/2977 2978/2978
f 2951/2951 2969/2969 2970/2970
f 2969/2969 2949/2949 2966/2966
f 2970/2970 2966/2966 2950/2950
f 2969/2969 2966/2966 2970/2970
f 2952/2952 2975/2975 2971/2971
f 2975/2975 2951/2951 2967/2967
f 2971/2971 2967/2967 2944/2944
f 2975/2975 2967/2967 2971/2971
f 2985/2985 3022/3022 3001/3001
f 3022/3022 2996/2996 3025/3025
f 3001/3001 3025/3025 2990/2990
f 3022/3022 3025/3025 3001/3001
f 2985/2985 3001/3001 2997/2997
f 3001/3001 2990/2990 3002/3002
f 2997/2997 3002/3002 2986/2986
f 3001/3001 3002/3002 2997/2997
f 2985/2985 2997/2997 3006/3006
f 2997/2997 2986/2986 3007/3007
f 3006/3006 3007/3007 2992/2992
f 2997/2997 3007/3007 3006/3006
f 2985/2985 3006/3006 3018/3018
f 3006/3006 2992/2992 3021/3021
f 3018/3018 3021/3021 2995/2995
f 3006/3006 3021/3021 3018/3018
f 2985/2985 3018/3018 3022/3022
f 3018/3018 2995/2995 3026/3026
f 3022/3022 3026/3026 2996/2996
f 3018/3018 3026/3026 3022/3022
f 2986/2986 3002/3002 3013/3013
f 3002/3002 2990/2990 3016/3016
f 3013/3013 3016/3016 2994/2994
f 3002/3002 3016/3016 3013/3013
f 2990/2990 3025/3025 3003/3003
f 3025/3025 2996/2996 3024/3024
f 3003/3003 3024/3024 2989/2989
f 3025/3025 3024/3024 3003/3003
f 2996/2996 3026/3026 3023/3023
f 3026/3026 2995/2995 3019/3019
f 3023/3023 3019/3019 2987/2987
f 3026/3026 3019/3019 3023/3023
f 2995/2995 3021/3021 3020/3020
f 3021/3021 2992/2992 3008/3008
f 3020/3020 3008/3008 2991/2991
f 3021/3021 3008/3008 3020/3020
f 2992/2992 3007/3007 3012/3012
f 3007/3007 2986/2986 3009/3009
f 3012/3012 3009/3009 2993/2993
f 3007/3007 3009/3009 3012/3012
f 2988/2988 3014/3014 3000/3000
f 3014/3014 2994/2994 3015/3015
f 3000/3000 3015/3015 2989/2989
f 3014/3014 3015/3015 3000/3000
f 2988/2988 3000/3000 2998/2998
f 3000/3000 2989/2989 2999/2999
f 2998/2998 2999/2999 2987/2987
f 3000/3000 2999/2999 2998/2998
f 2988/2988 2998/2998 3005/3005
f 2998/2998 2987/2987 3004/3004
f 3005/3005 3004/3004 2991/2991
f 2998/2998 3004/3004 3005/3005
f 2988/2988 3005/3005 3010/3010
f 3005/3005 2991/2991 3011/3011
f 3010/3010 3011/3011 2993/2993
f 3005/3005 3011/3011 3010/3010
f 2988/2988 3010/3010 3014/3014
f 3010/3010 2993/2993 3017/3017
f 3014/3014 3017/3017 2994/2994
f 3010/3010 3017/3017 3014/3014
f 2989/2989 3015/3015 3003/3003
f 3015/3015 2994/2994 3016/3016
f 3003/3003 3016/3016 2990/2990
f 3015/3015 3016/3016 3003/3003
f 2987/2987 2999/2999 3023/3023
f 2999/2999 2989/2989 3024/3024
f 3023/3023 3024/3024 2996/2996
f 2999/2999 3024/3024 3023/3023
f 2991/2991 3004/3004 3020/3020
f 3004/3004 2987/2987 3019/3019
f 3020/3020 3019/3019 2995/2995
f 3004/3004 3019/3019 3020/3020
f 2993/2993 3011/3011 3012/3012
f 3011/3011 2991/2991 3008/3008
f 3012/3012 3008/3008 2992/2992
f 3011/3011 3008/3008 3012/3012
f 2994/2994 3017/3017 3013/3013
f 3017/3017 2993/2993 3009/3009
f 3013/3013 3009/3009 2986/2986
f 3017/3017 3009/3009 3013/3013
f 3027/3027 3064/3064 3043/3043
f 3064/3064 3038/3038 3067/3067
f 3043/3043 3067/3067 3032/3032
f 3064/3064 3067/3067 3043/3043
f 3027/3027 3043/3043 3039/3039
f 3043/3043 3032/3032 3044/3044
f 3039/3039 3044/3044 3028/3028
f 3043/3043 3044/3044 3039/3039
f 3027/3027 3039/3039 3048/3048
f 3039/3039 3028/3028 3049/3049
f 3048/3048 3049/3049 3034/3034
f 3039/3039 3049/3049 3048/3048
f 3027/3027 3048/3048 3060/3060
f 3048/3048 3034/3034 3063/3063
f 3060/3060 3063/3063 3037/3037
f 3048/3048 3063/3063 3060/3060
f 3027/3027 3060/3060 3064/3064
f 3060/3060 3037/3037 3068/3068
f 3064/3064 3068/3068 3038/3038
f 3060/3060 3068/3068 3064/3064
f 3028/3028 3044/3044 3055/3055
f 3044/3044 3032/3032 3058/3058
f 3055/3055 3058/3058 3036/3036
f 3044/3044 3058/3058 3055/3055
f 3032/3032 3067/3067 3045/3045
f 3067/3067 3038/3038 3066/3066
f 3045/3045 3066/3066 3031/3031
f 3067/3067 3066/3066 3045/3045
f 3038/3038 3068/3068 3065/3065
f 3068/3068 3037/3037 3061/3061
f 3065/3065 3061/3061 3029/3029
f 3068/3068 3061/3061 3065/3065
f 3037/3037 3063/3063 3062/3062
f 3063/3063 3034/3034 3050/3050
f 3062/3062 3050/3050 3033/3033
f 3063/3063 3050/3050 3062/3062
f 3034/3034 3049/3049 3054/3054
f 3049/3049 3028/3028 3051/3051
f 3054/3054 3051/3051 3035/3035
f 3049/3049 3051/3051 3054/3054
f 3030/3030 3056/3056 3042/3042
f 3056/3056 3036/3036 3057/3057
f 3042/3042 3057/3057 3031/3031
f 3056/3056 3057/3057 3042/3042
f 3030/3030 3042/3042 3040/3040
f 3042/3042 3031/3031 3041/3041
f 3040/3040 3041/3041 3029/3029
f 3042/3042 3041/3041 3040/3040
f 3030/3030 3040/3040 3047/3047
f 3040/3040 3029/3029 3046/3046
f 3047/3047 3046/3046 3033/3033
f 3040/3040 3046/3046 3047/3047
f 3030/3030 3047/3047 3052/3052
f 3047/3047 3033/3033 3053/3053
f 3052/3052 3053/3053 3035/3035
f 3047/3047 3053/3053 3052/3052
f 3030/3030 3052/3052 3056/3056
f 3052/3052 3035/3035 3059/3059
f 3056/3056 3059/3059 3036/3036
f 3052/3052 3059/3059 3056/3056
f 3031/3031 3057/3057 3045/3045
f 3057/3057 3036/3036 3058/3058
f 3045/3045 3058/3058 3032/3032
f 3057/3057 3058/3058 3045/3045
f 3029/3029 3041/3041 3065/3065
f 3041/3041 3031/3031 3066/3066
f 3065/3065 3066/3066 3038/3038
f 3041/3041 3066/3066 3065/3065
f 3033/3033 3046/3046 3062/3062
f 3046/3046 3029/3029 3061/3061
f 3062/3062 3061/3061 3037/3037
f 3046/3046 3061/3061 3062/3062
f 3035/3035 3053/3053 3054/3054
f 3053/3053 3033/3033 3050/3050
f 3054/3054 3050/3050 3034/3034
f 3053/3053 3050/3050 3054/3054
f 3036/3036 3059/3059 3055/3055
f 3059/3059 3035/3035 3051/3051
f 3055/3055 3051/3051 3028/3028
f 3059/3059 3051/3051 3055/3055
f 3069/3069 3106/3106 3085/3085
f 3106/3106 3080/3080 3109/3109
f 3085/3085 3109/3109 3074/3074
f 3106/3106 3109/3109 3085/3085
f 3069/3069 3085/3085 3081/3081
f 3085/3085 3074/3074 3086/3086
f 3081/3081 3086/3086 3070/3070
f 3085/3085 3086/3086 3081/3081
f 3069/3069 3081/3081 3090/3090
f 3081/3081 3070/3070 3091/3091
f 3090/3090 3091/3091 3076/3076
f 3081/3081 3091/3091 3090/3090
f 3069/3069 3090/3090 3102/3102
f 3090/3090 3076/3076 3105/3105
f 3102/3102 3105/3105 3079/3079
f 3090/3090 3105/3105 3102/3102
f 3069/3069 3102/3102 3106/3106
f 3102/3102 3079/3079 3110/3110
f 3106/3106 3110/3110 3080/3080
f 3102/3102 3110/3110 3106/3106
f 3070/3070 3086/3086 3097/3097
f 3086/3086 3074/3074 3100/3100
f 3097/3097 3100/3100 3078/3078
f 3086/3086 3100/3100 3097/3097
f 3074/3074 3109/3109 3087/3087
f 3109/3109 3080/3080 3108/3108
f 3087/3087 3108/3108 3073/3073
f 3109/3109 3108/3108 3087/3087
f 3080/3080 3110/3110 3107/3107
f 3110/3110 3079/3079 3103/3103
f 3107/3107 3103/3103 3071/3071
f 3110/3110 3103/3103 3107/3107
f 3079/3079 3105/3105 3104/3104
f 3105/3105 3076/3076 3092/3092
f 3104/3104 3092/3092 3075/3075
f 3105/3105 3092/3092 3104/3104
f 3076/3076 3091/3091 3096/3096
f 3091/3091 3070/3070 3093/3093
f 3096/3096 3093/3093 3077/3077
f 3091/3091 3093/3093 3096/3096
f 3072/3072 3098/3098 3084/3084
f 3098/3098 3078/3078 3099/3099
f 3084/3084 3099/3099 3073/3073
f 3098/3098 3099/3099 3084/3084
f 3072/3072 3084/3084 3082/3082
f 3084/3084 3073/3073 3083/3083
f 3082/3082 3083/3083 3071/3071
f 3084/3084 3083/3083 3082/3082
f 3072/3072 3082/3082 3089/3089
f 3082/3082 3071/3071 3088/3088
f 3089/3089 3088/3088 3075/3075
f 3082/3082 3088/3088 3089/3089
f 3072/3072 3089/3089 3094/3094
f 3089/3089 3075/3075 3095/3095
f 3094/3094 3095/3095 3077/3077
f 3089/3089 3095/3095 3094/3094
f 3072/3072 3094/3094 3098/3098
f 3094/3094 3077/3077 3101/3101
f 3098/3098 3101/3101 3078/3078
f 3094/3094 3101/3101 3098/3098
f 3073/3073 3099/3099 3087/3087
f 3099/3099 3078/3078 3100/3100
f 3087/3087 3100/3100 3074/3074
f 3099/3099 3100/3100 3087/3087
f 3071/3071 3083/3083 3107/3107
f 3083/3083 3073/3073 3108/3108
f 3107/3107 3108/3108 3080/3080
f 3083/3083 3108/3108 3107/3107
f 3075/3075 3088/3088 3104/3104
f 3088/3088 3071/3071 3103/3103
f 3104/3104 3103/3103 3079/3079
f 3088/3088 3103/3103 3104/3104
f 3077/3077 3095/3095 3096/3096
f 3095/3095 3075/3075 3092/3092
f 3096/3096 3092/3092 3076/3076
f 3095/3095 3092/3092 3096/3096
f 3078/3078 3101/3101 3097/3097
f 3101/3101 3077/3077 3093/3093
f 3097/3097 3093/3093 3070/3070
f 3101/3101 3093/3093 3097/3097
f 3111/3111 3148/3148 3127/3127
f 3148/3148 3122/3122 3151/3151
f 3127/3127 3151/3151 3116/3116
f 3148/3148 3151/3151 3127/3127
f 3111/3111 3127/3127 3123/3123
f 3127/3127 3116/3116 3128/3128
f 3123/3123 3128/3128 3112/3112
f 3127/3127 3128/3128 3123/3123
f 3111/3111 3123/3123 3132/3132
f 3123/3123 3112/3112 3133/3133
f 3132/3132 3133/3133 3118/3118
f 3123/3123 3133/3133 3132/3132
f 3111/3111 3132/3132 3144/3144
f 3132/3132 3118/3118 3147/3147
f 3144/3144 3147/3147 3121/3121
f 3132/3132 3147/3147 3144/3144
f 3111/3111 3144/3144 3148/3148
f 3144/3144 3121/3121 3152/3152
f 3148/3148 3152/3152 3122/3122
f 3144/3144 3152/3152 3148/3148
f 3112/3112 3128/3128 3139/3139
f 3128/3128 3116/3116 3142/3142
f 3139/3139 3142/3142 3120/3120
f 3128/3128 3142/3142 3139/3139
f 3116/3116 3151/3151 3129/3129
f 3151/3151 3122/3122 3150/3150
f 3129/3129 3150/3150 3115/3115
f 3151/3151 3150/3150 3129/3129
f 3122/3122 3152/3152 3149/3149
f 3152/3152 3121/3121 3145/3145
f 3149/3149 3145/3145 3113/3113
f 3152/3152 3145/3145 3149/3149
f 3121/3121 3147/3147 3146/3146
f 3147/3147 3118/3118 3134/3134
f 3146/3146 3134/3134 3117/3117
f 3147/3147 3134/3134 3146/3146
f 3118/3118 3133/3133 3138/3138
f 3133/3133 3112/3112 3135/3135
f 3138/3138 3135/3135 3119/3119
f 3133/3133 3135/3135 3138/3138
f 3114/3114 3140/3140 3126/3126
f 3140/3140 3120/3120 3141/3141
f 3126/3126 3141/3141 3115/3115
f 3140/3140 3141/3141 3126/3126
f 3114/3114 3126/3126 3124/3124
f 3126/3126 3115/3115 3125/3125
f 3124/3124 3125/3125 3113/3113
f 3126/3126 3125/3125 3124/3124
f 3114/3114 3124/3124 3131/3131
f 3124/3124 3113/3113 3130/3130
f 3131/3131 3130/3130 3117/3117
f 3124/3124 3130/3130 3131/3131
f 3114/3114 3131/3131 3136/3136
f 3131/3131 3117/3117 3137/3137
f 3136/3136 3137/3137 3119/3119
f 3131/3131 3137/3137 3136/3136
f 3114/3114 3136/3136 3140/3140
f 3136/3136 3119/3119 3143/3143
f 3140/3140 3143/3143 3120/3120
f 3136/3136 3143/3143 3140/3140
f 3115/3115 3141/3141 3129/3129
f 3141/3141 3120/3120 3142/3142
f 3129/3129 3142/3142 3116/3116
f 3141/3141 3142/3142 3129/3129
f 3113/3113 3125/3125 3149/3149
f 3125/3125 3115/3115 3150/3150
f 3149/3149 3150/3150 3122/3122
f 3125/3125 3150/3150 3149/3149
f 3117/3117 3130/3130 3146/3146
f 3130/3130 3113/3113 3145/3145
f 3146/3146 3145/3145 3121/3121
f 3130/3130 3145/3145 3146/3146
f 3119/3119 3137/3137 3138/3138
f 3137/3137 3117/3117 3134/3134
f 3138/3138 3134/3134 3118/3118
f 3137/3137 3134/3134 3138/3138
f 3120/3120 3143/3143 3139/3139
f 3143/3143 3119/3119 3135/3135
f 3139/3139 3135/3135 3112/3112
f 3143/3143 3135/3135 3139/3139
f 3153/3153 3190/3190 3169/3169
f 3190/3190 3164/3164 3193/3193
f 3169/3169 3193/3193 3158/3158
f 3190/3190 3193/3193 3169/3169
f 3153/3153 3169/3169 3165/3165
f 3169/3169 3158/3158 3170/3170
f 3165/3165 3170/3170 3154/3154
f 3169/3169 3170/3170 3165/3165
f 3153/3153 3165/3165 3174/3174
f 3165/3165 3154/3154 3175/3175
f 3174/3174 3175/3175 3160/3160
f 3165/3165 3175/3175 3174/3174
f 3153/3153 3174/3174 3186/3186
f 3174/3174 3160/3160 3189/3189
f 3186/3186 3189/3189 3163/3163
f 3174/3174 3189/3189 3186/3186
f 3153/3153 3186/3186 3190/3190
f 3186/3186 3163/3163 3194/3194
f 3190/3190 3194/3194 3164/3164
f 3186/3186 3194/3194 3190/3190
f 3154/3154 3170/3170 3181/3181
f 3170/3170 3158/3158 3184/3184
f 3181/3181 3184/3184 3162/3162
f 3170/3170 3184/3184 3181/3181
f 3158/3158 3193/3193 3171/3171
f 3193/3193 3164/3164 3192/3192
f 3171/3171 3192/3192 3157/3157
f 3193/3193 3192/3192 3171/3171
f 3164/3164 3194/3194 3191/3191
f 3194/3194 3163/3163 3187/3187
f 3191/3191 3187/3187 3155/3155
f 3194/3194 3187/3187 3191/3191
f 3163/3163 3189/3189 3188/3188
f 3189/3189 3160/3160 3176/3176
f 3188/3188 3176/3176 3159/3159
f 3189/3189 3176/3176 3188/3188
f 3160/3160 3175/3175 3180/3180
f 3175/3175 3154/3154 3177/3177
f 3180/3180 3177/3177 3161/3161
f 3175/3175 3177/3177 3180/3180
f 3156/3156 3182/3182 3168/3168
f 3182/3182 3162/3162 3183/3183
f 3168/3168 3183/3183 3157/3157
f 3182/3182 3183/3183 3168/3168
f 3156/3156 3168/3168 3166/3166
f 3168/3168 3157/3157 3167/3167
f 3166/3166 3167/3167 3155/3155
f 3168/3168 3167/3167 3166/3166
f 3156/3156 3166/3166 3173/3173
f 3166/3166 3155/3155 3172/3172
f 3173/3173 3172/3172 3159/3159
f 3166/3166 3172/3172 3173/3173
f 3156/3156 3173/3173 3178/3178
f 3173/3173 3159/3159 3179/3179
f 3178/3178 3179/3179 3161/3161
f 3173/3173 3179/3179 3178/3178
f 3156/3156 3178/3178 3182/3182
f 3178/3178 3161/3161 3185/3185
f 3182/3182 3185/3185 3162/3162
f 3178/3178 3185/3185 3182/3182
f 3157/3157 3183/3183 3171/3171
f 3183/3183 3162/3162 3184/3184
f 3171/3171 3184/3184 3158/3158
f 3183/3183 3184/3184 3171/3171
f 3155/3155 3167/3167 3191/3191
f 3167/3167 3157/3157 3192/3192
f 3191/3191 3192/3192 3164/3164
f 3167/3167 3192/3192 3191/3191
f 3159/3159 3172/3172 3188/3188
f 3172/3172 3155/3155 3187/3187
f 3188/3188 3187/3187 3163/3163
f 3172/3172 3187/3187 3188/3188
f 3161/3161 3179/3179 3180/3180
f 3179/3179 3159/3159 3176/3176
f 3180/3180 3176/3176 3160/3160
f 3179/3179 3176/3176 3180/3180
f 3162/3162 3185/3185 3181/3181
f 3185/3185 3161/3161 3177/3177
f 3181/3181 3177/3177 3154/3154
f 3185/3185 3177/3177 3181/3181
f 3195/3195 3232/3232 3211/3211
f 3232/3232 3206/3206 3235/3235
f 3211/3211 3235/3235 3200/3200
f 3232/3232 3235/3235 3211/3211
f 3195/3195 3211/3211 3207/3207
f 3211/3211 3200/3200 3212/3212
f 3207/3207 3212/3212 3196/3196
f 3211/3211 3212/3212 3207/3207
f 3195/3195 3207/3207 3216/3216
f 3207/3207 3196/3196 3217/3217
f 3216/3216 3217/3217 3202/3202
f 3207/3207 3217/3217 3216/3216
f 3195/3195 3216/3216 3228/3228
f 3216/3216 3202/3202 3231/3231
f 3228/3228 3231/3231 3205/3205
f 3216/3216 3231/3231 3228/3228
f 3195/3195 3228/3228 3232/3232
f 3228/3228 3205/3205 3236/3236
f 3232/3232 3236/3236 3206/3206
f 3228/3228 3236/3236 3232/3232
f 3196/3196 3212/3212 3223/3223
f 3212/3212 3200/3200 3226/3226
f 3223/3223 3226/3226 3204/3204
f 3212/3212 3226/3226 3223/3223
f 3200/3200 3235/3235 3213/3213
f 3235/3235 3206/3206 3234/3234
f 3213/3213 3234/3234 3199/3199
f 3235/3235 3234/3234 3213/3213
f 3206/3206 3236/3236 3233/3233
f 3236/3236 3205/3205 3229/3229
f 3233/3233 3229/3229 3197/3197
f 3236/3236 3229/3229 3233/3233
f 3205/3205 3231/3231 3230/3230
f 3231/3231 3202/3202 3218/3218
f 3230/3230 3218/3218 3201/3201
f 3231/3231 3218/3218 3230/3230
f 3202/3202 3217/3217 3222/3222
f 3217/3217 3196/3196 3219/3219
f 3222/3222 3219/3219 3203/3203
f 3217/3217 3219/3219 3222/3222
f 3198/3198 3224/3224 3210/3210
f 3224/3224 3204/3204 3225/3225
f 3210/3210 3225/3225 3199/3199
f 3224/3224 3225/3225 3210/3210
f 3198/3198 3210/3210 3208/3208
f 3210/3210 3199/3199 3209/3209
f 3208/3208 3209/3209 3197/3197
f 3210/3210 3209/3209 3208/3208
f 3198/3198 3208/3208 3215/3215
f 3208/3208 3197/3197 3214/3214
f 3215/3215 3214/3214 3201/3201
f 3208/3208 3214/3214 3215/3215
f 3198/3198 3215/3215 3220/3220
f 3215/3215 3201/3201 3221/3221
f 3220/3220 3221/3221 3203/3203
f 3215/3215 3221/3221 3220/3220
f 3198/3198 3220/3220 3224/3224
f 3220/3220 3203/3203 3227/3227
f 3224/3224 3227/3227 3204/3204
f 3220/3220 3227/3227 3224/3224
f 3199/3199 3225/3225 3213/3213
f 3225/3225 3204/3204 3226/3226
f 3213/3213 3226/3226 3200/3200
f 3225/3225 3226/3226 3213/3213
f 3197/3197 3209/3209 3233/3233
f 3209/3209 3199/3199 3234/3234
f 3233/3233 3234/3234 3206/3206
f 3209/3209 3234/3234 3233/3233
f 3201/3201 3214/3214 3230/3230
f 3214/3214 3197/3197 3229/3229
f 3230/3230 3229/3229 3205/3205
f 3214/3214 3229/3229 3230/3230
f 3203/3203 3221/3221 3222/3222
f 3221/3221 3201/3201 3218/3218
f 3222/3222 3218/3218 3202/3202
f 3221/3221 3218/3218 3222/3222
f 3204/3204 3227/3227 3223/3223
f 3227/3227 3203/3203 3219/3219
f 3223/3223 3219/3219 3196/3196
f 3227/3227 3219/3219 3223/3223
f 3237/3237 3274/3274 3253/3253
f 3274/3274 3248/3248 3277/3277
f 3253/3253 3277/3277 3242/3242
f 3274/3274 3277/3277 3253/3253
f 3237/3237 3253/3253 3249/3249
f 3253/3253 3242/3242 3254/3254
f 3249/3249 3254/3254 3238/3238
f 3253/3253 3254/3254 3249/3249
f 3237/3237 3249/3249 3258/3258
f 3249/3249 3238/3238 3259/3259
f 3258/3258 3259/3259 3244/3244
f 3249/3249 3259/3259 3258/3258
f 3237/3237 3258/3258 3270/3270
f 3258/3258 3244/3244 3273/3273
f 3270/3270 3273/3273 3247/3247
f 3258/3258 3273/3273 3270/3270
f 3237/3237 3270/3270 3274/3274
f 3270/3270 3247/3247 3278/3278
f 3274/3274 3278/3278 3248/3248
f 3270/3270 3278/3278 3274/3274
f 3238/3238 3254/3254 3265/3265
f 3254/3254 3242/3242 3268/3268
f 3265/3265 3268/3268 3246/3246
f 3254/3254 3268/3268 3265/3265
f 3242/3242 3277/3277 3255/3255
f 3277/3277 3248/3248 3276/3276
f 3255/3255 3276/3276 3241/3241
f 3277/3277 3276/3276 3255/3255
f 3248/3248 3278/3278 3275/3275
f 3278/3278 3247/3247 3271/3271
f 3275/3275 3271/3271 3239/3239
f 3278/3278 3271/3271 3275/3275
f 3247/3247 3273/3273 3272/3272
f 3273/3273 3244/3244 3260/3260
f 3272/3272 3260/3260 3243/3243
f 3273/3273 3260/3260 3272/3272
f 3244/3244 3259/3259 3264/3264
f 3259/3259 3238/3238 3261/3261
f 3264/3264 3261/3261 3245/3245
f 3259/3259 3261/3261 3264/3264
f 3240/3240 3266/3266 3252/3252
f 3266/3266 3246/3246 3267/3267
f 3252/3252 3267/3267 3241/3241
f 3266/3266 3267/3267 3252/3252
f 3240/3240 3252/3252 3250/3250
f 3252/3252 3241/3241 3251/3251
f 3250/3250 3251/3251 3239/3239
f 3252/3252 3251/3251 3250/3250
f 3240/3240 3250/3250 3257/3257
f 3250/3250 3239/3239 3256/3256
f 3257/3257 3256/3256 3243/3243
f 3250/3250 3256/3256 3257/3257
f 3240/3240 3257/3257 3262/3262
f 3257/3257 3243/3243 3263/3263
f 3262/3262 3263/3263 3245/3245
f 3257/3257 3263/3263 3262/3262
f 3240/3240 3262/3262 3266/3266
f 3262/3262 3245/3245 3269/3269
f 3266/3266 3269/3269 3246/3246
f 3262/3262 3269/3269 3266/3266
f 3241/3241 3267/3267 3255/3255
f 3267/3267 3246/3246 3268/3268
f 3255/3255 3268/3268 3242/3242
f 3267/3267 3268/3268 3255/3255
f 3239/3239 3251/3251 3275/3275
f 3251/3251 3241/3241 3276/3276
f 3275/3275 3276/3276 3248/3248
f 3251/3251 3276/3276 3275/3275
f 3243/3243 3256/3256 3272/3272
f 3256/3256 3239/3239 3271/3271
f 3272/3272 3271/3271 3247/3247
f 3256/3256 3271/3271 3272/3272
f 3245/3245 3263/3263 3264/3264
f 3263/3263 3243/3243 3260/3260
f 3264/3264 3260/3260 3244/3244
f 3263/3263 3260/3260 3264/3264
f 3246/3246 3269/3269 3265/3265
f 3269/3269 3245/3245 3261/3261
f 3265/3265 3261/3261 3238/3238
f 3269/3269 3261/3261 3265/3265
f 3279/3279 3316/3316 3295/3295
f 3316/3316 3290/3290 3319/3319
f 3295/3295 3319/3319 3284/3284
f 3316/3316 3319/3319 3295/3295
f 3279/3279 3295/3295 3291/3291
f 3295/3295 3284/3284 3296/3296
f 3291/3291 3296/3296 3280/3280
f 3295/3295 3296/3296 3291/3291
f 3279/3279 3291/3291 3300/3300
f 3291/3291 3280/3280 3301/3301
f 3300/3300 3301/3301 3286/3286
f 3291/3291 3301/3301 3300/3300
f 3279/3279 3300/3300 3312/3312
f 3300/3300 3286/3286 3315/3315
f 3312/3312 3315/3315 3289/3289
f 3300/3300 3315/3315 3312/3312
f 3279/3279 3312/3312 3316/3316
f 3312/3312 3289/3289 3320/3320
f 3316/3316 3320/3320 3290/3290
f 3312/3312 3320/3320 3316/3316
f 3280/3280 3296/3296 3307/3307
f 3296/3296 3284/3284 3310/3310
f 3307/3307 3310/3310 3288/3288
f 3296/3296 3310/3310 3307/3307
f 3284/3284 3319/3319 3297/3297
f 3319/3319 3290/3290 3318/3318
f 3297/3297 3318/3318 3283/3283
f 3319/3319 3318/3318 3297/3297
f 3290/3290 3320/3320 3317/3317
f 3320/3320 3289/3289 3313/3313
f 3317/3317 3313/3313 3281/3281
f 3320/3320 3313/3313 3317/3317
f 3289/3289 3315/3315 3314/3314
f 3315/3315 3286/3286 3302/3302
f 3314/3314 3302/3302 3285/3285
f 3315/3315 3302/3302 3314/3314
f 3286/3286 3301/3301 3306/3306
f 3301/3301 3280/3280 3303/3303
f 3306/3306 3303/3303 3287/3287
f 3301/3301 3303/3303 3306/3306
f 3282/3282 3308/3308 3294/3294
f 3308/3308 3288/3288 3309/3309
f 3294/3294 3309/3309 3283/3283
f 3308/3308 3309/3309 3294/3294
f 3282/3282 3294/3294 3292/3292
f 3294/3294 3283/3283 3293/3293
f 3292/3292 3293/3293 3281/3281
f 3294/3294 3293/3293 3292/3292
f 3282/3282 3292/3292 3299/3299
f 3292/3292 3281/3281 3298/3298
f 3299/3299 3298/3298 3285/3285
f 3292/3292 3298/3298 3299/3299
f 3282/3282 3299/3299 3304/3304
f 3299/3299 3285/3285 3305/3305
f 3304/3304 3305/3305 3287/3287
f 3299/3299 3305/3305 3304/3304
f 3282/3282 3304/3304 3308/3308
f 3304/3304 3287/3287 3311/3311
f 3308/3308 3311/3311 3288/3288
f 3304/3304 3311/3311 3308/3308
f 3283/3283 3309/3309 3297/3297
f 3309/3309 3288/3288 3310/3310
f 3297/3297 3310/3310 3284/3284
f 3309/3309 3310/3310 3297/3297
f 3281/3281 3293/3293 3317/3317
f 3293/3293 3283/3283 3318/3318
f 3317/3317 3318/3318 3290/3290
f 3293/3293 3318/3318 3317/3317
f 3285/3285 3298/3298 3314/3314
f 3298/3298 3281/3281 3313/3313
f 3314/3314 3313/3313 3289/3289
f 3298/3298 3313/3313 3314/3314
f 3287/3287 3305/3305 3306/3306
f 3305/3305 3285/3285 3302/3302
f 3306/3306 3302/3302 3286/3286
f 3305/3305 3302/3302 3306/3306
f 3288/3288 3311/3311 3307/3307
f 3311/3311 3287/3287 3303/3303
f 3307/3307 3303/3303 3280/3280
f 3311/3311 3303/3303 3307/3307
f 3321/3321 3358/3358 3337/3337
f 3358/3358 3332/3332 3361/3361
f 3337/3337 3361/3361 3326/3326
f 3358/3358 3361/3361 3337/3337
f 3321/3321 3337/3337 3333/3333
f 3337/3337 3326/3326 3338/3338
f 3333/3333 3338/3338 3322/3322
f 3337/3337 3338/3338 3333/3333
f 3321/3321 3333/3333 3342/3342
f 3333/3333 3322/3322 3343/3343
f 3342/3342 3343/3343 3328/3328
f 3333/3333 3343/3343 3342/3342
f 3321/3321 3342/3342 3354/3354
f 3342/3342 3328/3328 3357/3357
f 3354/3354 3357/3357 3331/3331
f 3342/3342 3357/3357 3354/3354
f 3321/3321 3354/3354 3358/3358
f 3354/3354 3331/3331 3362/3362
f 3358/3358 3362/3362 3332/3332
f 3354/3354 3362/3362 3358/3358
f 3322/3322 3338/3338 3349/3349
f 3338/3338 3326/3326 3352/3352
f 3349/3349 3352/3352 3330/3330
f 3338/3338 3352/3352 3349/3349
f 3326/3326 3361/3361 3339/3339
f 3361/3361 3332/3332 3360/3360
f 3339/3339 3360/3360 3325/3325
f 3361/3361 3360/3360 3339/3339
f 3332/3332 3362/3362 3359/3359
f 3362/3362 3331/3331 3355/3355
f 3359/3359 3355/3355 3323/3323
f 3362/3362 3355/3355 3359/3359
f 3331/3331 3357/3357 3356/3356
f 3357/3357 3328/3328 3344/3344
f 3356/3356 3344/3344 3327/3327
f 3357/3357 3344/3344 3356/3356
f 3328/3328 3343/3343 3348/3348
f 3343/3343 3322/3322 3345/3345
f 3348/3348 3345/3345 3329/3329
f 3343/3343 3345/3345 3348/3348
f 3324/3324 3350/3350 3336/3336
f 3350/3350 3330/3330 3351/3351
f 3336/3336 3351/3351 3325/3325
f 3350/3350 3351/3351 3336/3336
f 3324/3324 3336/3336 3334/3334
f 3336/3336 3325/3325 3335/3335
f 3334/3334 3335/3335 3323/3323
f 3336/3336 3335/3335 3334/3334
f 3324/3324 3334/3334 3341/3341
f 3334/3334 3323/3323 3340/3340
f 3341/3341 3340/3340 3327/3327
f 3334/3334 3340/3340 3341/3341
f 3324/3324 3341/3341 3346/3346
f 3341/3341 3327/3327 3347/3347
f 3346/3346 3347/3347 3329/3329
f 3341/3341 3347/3347 3346/3346
f 3324/3324 3346/3346 3350/3350
f 3346/3346 3329/3329 3353/3353
f 3350/3350 3353/3353 3330/3330
f 3346/3346 3353/3353 3350/3350
f 3325/3325 3351/3351 3339/3339
f 3351/3351 3330/3330 3352/3352
f 3339/3339 3352/3352 3326/3326
f 3351/3351 3352/3352 3339/3339
f 3323/3323 3335/3335 3359/3359
f 3335/3335 3325/3325 3360/3360
f 3359/3359 3360/3360 3332/3332
f 3335/3335 3360/3360 3359/3359
f 3327/3327 3340/3340 3356/3356
f 3340/3340 3323/3323 3355/3355
f 3356/3356 3355/3355 3331/3331
f 3340/3340 3355/3355 3356/3356
f 3329/3329 3347/3347 3348/3348
f 3347/3347 3327/3327 3344/3344
f 3348/3348 3344/3344 3328/3328
f 3347/3347 3344/3344 3348/3348
f 3330/3330 3353/3353 3349/3349
f 3353/3353 3329/3329 3345/3345
f 3349/3349 3345/3345 3322/3322
f 3353/3353 3345/3345 3349/3349
f 3364/3364 3363/3363 3367/3367
f 3364/3364 3367/3367 3365/3365
f 3365/3365 3367/3367 3368/3368
f 3365/3365 3368/3368 3366/3366
f 3367/3367 3363/3363 3369/3369
f 3367/3367 3369/3369 3368/3368
f 3368/3368 3369/3369 3370/3370
f 3368/3368 3370/3370 3366/3366
f 3369/3369 3363/3363 3371/3371
f 3369/3369 3371/3371 3370/3370
f 3370/3370 3371/3371 3372/3372
f 3370/3370 3372/3372 3366/3366
f 3371/3371 3363/3363 3373/3373
f 3371/3371 3373/3373 3372/3372
f 3372/3372 3373/3373 3374/3374
f 3372/3372 3374/3374 3366/3366
f 3373/3373 3363/3363 3375/3375
f 3373/3373 3375/3375 3374/3374
f 3374/3374 3375/3375 3376/3376
f 3374/3374 3376/3376 3366/3366
f 3375/3375 3363/3363 3377/3377
f 3375/3375 3377/3377 3376/3376
f 3376/3376 3377/3377 3378/3378
f 3376/3376 3378/3378 3366/3366
f 3377/3377 3363/3363 3379/3379
f 3377/3377 3379/3379 3378/3378
f 3378/3378 3379/3379 3380/3380
f 3378/3378 3380/3380 3366/3366
f 3379/3379 3363/3363 3381/3381
f 3379/3379 3381/3381 3380/3380
f 3380/3380 3381/3381 3382/3382
f 3380/3380 3382/3382 3366/3366
f 3381/3381 3363/3363 3383/3383
f 3381/3381 3383/3383 3382/3382
f 3382/3382 3383/3383 3384/3384
f 3382/3382 3384/3384 3366/3366
f 3383/3383 3363/3363 3364/3364
f 3383/3383 3364/3364 3384/3384
f 3384/3384 3364/3364 3365/3365
f 3384/3384 3365/3365 3366/3366
f 3386/3386 3385/3385 3389/3389
f 3386/3386 3389/3389 3387/3387
f 3387/3387 3389/3389 3390/3390
f 3387/3387 3390/3390 3388/3388
f 3389/3389 3385/3385 3391/3391
f 3389/3389 3391/3391 3390/3390
f 3390/3390 3391/3391 3392/3392
f 3390/3390 3392/3392 3388/3388
f 3391/3391 3385/3385 3393/3393
f 3391/3391 3393/3393 3392/3392
f 3392/3392 3393/3393 3394/3394
f 3392/3392 3394/3394 3388/3388
f 3393/3393 3385/3385 3395/3395
f 3393/3393 3395/3395 3394/3394
f 3394/3394 3395/3395 3396/3396
f 3394/3394 3396/3396 3388/3388
f 3395/3395 3385/3385 3397/3397
f 3395/3395 3397/3397 3396/3396
f 3396/3396 3397/3397 3398/3398
f 3396/3396 3398/3398 3388/3388
f 3397/3397 3385/3385 3399/3399
f 3397/3397 3399/3399 3398/3398
f 3398/3398 3399/3399 3400/3400
f 3398/3398 3400/3400 3388/3388
f 3399/3399 3385/3385 3401/3401
f 3399/3399 3401/3401 3400/3400
f 3400/3400 3401/3401 3402/3402
f 3400/3400 3402/3402 3388/3388
f 3401/3401 3385/3385 3403/3403
f 3401/3401 3403/3403 3402/3402
f 3402/3402 3403/3403 3404/3404
f 3402/3402 3404/3404 3388/3388
f 3403/3403 3385/3385 3405/3405
f 3403/3403 3405/3405 3404/3404
f 3404/3404 3405/3405 3406/3406
f 3404/3404 3406/3406 3388/3388
f 3405/3405 3385/3385 3407/3407
f 3405/3405 3407/3407 3406/3406
f 3406/3406 3407/3407 3408/3408
f 3406/3406 3408/3408 3388/3388
f 3407/3407 3385/3385 3409/3409
f 3407/3407 3409/3409 3408/3408
f 3408/3408 3409/3409 3410/3410
f 3408/3408 3410/3410 3388/3388
f 3409/3409 3385/3385 3386/3386
f 3409/3409 3386/3386 3410/3410
f 3410/3410 3386/3386 3387/3387
f 3410/3410 3387/3387 3388/3388
f 3412/3412 3411/3411 3415/3415
f 3412/3412 3415/3415 3413/3413
f 3413/3413 3415/3415 3416/3416
f 3413/3413 3416/3416 3414/3414
f 3415/3415 3411/3411 3417/3417
f 3415/3415 3417/3417 3416/3416
f 3416/3416 3417/3417 3418/3418
f 3416/3416 3418/3418 3414/3414
f 3417/3417 3411/3411 3419/3419
f 3417/3417 3419/3419 3418/3418
f 3418/3418 3419/3419 3420/3420
f 3418/3418 3420/3420 3414/3414
f 3419/3419 3411/3411 3421/3421
f 3419/3419 3421/3421 3420/3420
f 3420/3420 3421/3421 3422/3422
f 3420/3420 3422/3422 3414/3414
f 3421/3421 3411/3411 3423/3423
f 3421/3421 3423/3423 3422/3422
f 3422/3422 3423/3423 3424/3424
f 3422/3422 3424/3424 3414/3414
f 3423/3423 3411/3411 3425/3425
f 3423/3423 3425/3425 3424/3424
f 3424/3424 3425/3425 3426/3426
f 3424/3424 3426/3426 3414/3414
f 3425/3425 3411/3411 3427/3427
f 3425/3425 3427/3427 3426/3426
f 3426/3426 3427/3427 3428/3428
f 3426/3426 3428/3428 3414/3414
f 3427/3427 3411/3411 3429/3429
f 3427/3427 3429/3429 3428/3428
f 3428/3428 3429/3429 3430/3430
f 3428/3428 3430/3430 3414/3414
f 3429/3429 3411/3411 3431/3431
f 3429/3429 3431/3431 3430/3430
f 3430/3430 3431/3431 3432/3432
f 3430/3430 3432/3432 3414/3414
f 3431/3431 3411/3411 3412/3412
f 3431/3431 3412/3412 3432/3432
f 3432/3432 3412/3412 3413/3413
f 3432/3432 3413/3413 3414/3414
f 3434/3434 3433/3433 3437/3437
f 3434/3434 3437/3437 3435/3435
f 3435/3435 3437/3437 3438/3438
f 3435/3435 3438/3438 3436/3436
f 3437/3437 3433/3433 3439/3439
f 3437/3437 3439/3439 3438/3438
f 3438/3438 3439/3439 3440/3440
f 3438/3438 3440/3440 3436/3436
f 3439/3439 3433/3433 3441/3441
f 3439/3439 3441/3441 3440/3440
f 3440/3440 3441/3441 3442/3442
f 3440/3440 3442/3442 3436/3436
f 3441/3441 3433/3433 3443/3443
f 3441/3441 3443/3443 3442/3442
f 3442/3442 3443/3443 3444/3444
f 3442/3442 3444/3444 3436/3436
f 3443/3443 3433/3433 3445/3445
f 3443/3443 3445/3445 3444/3444
f 3444/3444 3445/3445 3446/3446
f 3444/3444 3446/3446 3436/3436
f 3445/3445 3433/3433 3447/3447
f 3445/3445 3447/3447 3446/3446
f 3446/3446 3447/3447 3448/3448
f 3446/3446 3448/3448 3436/3436
f 3447/3447 3433/3433 3449/3449
f 3447/3447 3449/3449 3448/3448
f 3448/3448 3449/3449 3450/3450
f 3448/3448 3450/3450 3436/3436
f 3449/3449 3433/3433 3451/3451
f 3449/3449 3451/3451 3450/3450
f 3450/3450 3451/3451 3452/3452
f 3450/3450 3452/3452 3436/3436
f 3451/3451 3433/3433 3453/3453
f 3451/3451 3453/3453 3452/3452
f 3452/3452 3453/3453 3454/3454
f 3452/3452 3454/3454 3436/3436
f 3453/3453 3433/3433 3455/3455
f 3453/3453 3455/3455 3454/3454
f 3454/3454 3455/3455 3456/3456
f 3454/3454 3456/3456 3436/3436
f 3455/3455 3433/3433 3457/3457
f 3455/3455 3457/3457 3456/3456
f 3456/3456 3457/3457 3458/3458
f 3456/3456 3458/3458 3436/3436
f 3457/3457 3433/3433 3434/3434
f 3457/3457 3434/3434 3458/3458
f 3458/3458 3434/3434 3435/3435
f 3458/3458 3435/3435 3436/3436
f 3460/3460 3459/3459 3463/3463
f 3460/3460 3463/3463 3461/3461
f 3461/3461 3463/3463 3464/3464
f 3461/3461 3464/3464 3462/3462
f 3463/3463 3459/3459 3465/3465
f 3463/3463 3465/3465 3464/3464
f 3464/3464 3465/3465 3466/3466
f 3464/3464 3466/3466 3462/3462
f 3465/3465 3459/3459 3467/3467
f 3465/3465 3467/3467 3466/3466
f 3466/3466 3467/3467 3468/3468
f 3466/3466 3468/3468 3462/3462
f 3467/3467 3459/3459 3469/3469
f 3467/3467 3469/3469 3468/3468
f 3468/3468 3469/3469 3470/3470
f 3468/3468 3470/3470 3462/3462
f 3469/3469 3459/3459 3471/3471
f 3469/3469 3471/3471 3470/3470
f 3470/3470 3471/3471 3472/3472
f 3470/3470 3472/3472 3462/3462
f 3471/3471 3459/3459 3473/3473
f 3471/3471 3473/3473 3472/3472
f 3472/3472 3473/3473 3474/3474
f 3472/3472 3474/3474 3462/3462
f 3473/3473 3459/3459 3475/3475
f 3473/3473 3475/3475 3474/3474
f 3474/3474 3475/3475 3476/3476
f 3474/3474 3476/3476 3462/3462
f 3475/3475 3459/3459 3477/3477
f 3475/3475 3477/3477 3476/3476
f 3476/3476 3477/3477 3478/3478
f 3476/3476 3478/3478 3462/3462
f 3477/3477 3459/3459 3479/3479
f 3477/3477 3479/3479 3478/3478
f 3478/3478 3479/3479 3480/3480
f 3478/3478 3480/3480 3462/3462
f 3479/3479 3459/3459 3460/3460
f 3479/3479 3460/3460 3480/3480
f 3480/3480 3460/3460 3461/3461
f 3480/3480 3461/3461 3462/3462
f 3482/3482 3481/3481 3485/3485
f 3482/3482 3485/3485 3483/3483
f 3483/3483 3485/3485 3486/3486
f 3483/3483 3486/3486 3484/3484
f 3485/3485 3481/3481 3487/3487
f 3485/3485 3487/3487 3486/3486
f 3486/3486 3487/3487 3488/3488
f 3486/3486 3488/3488 3484/3484
f 3487/3487 3481/3481 3489/3489
f 3487/3487 3489/3489 3488/3488
f 3488/3488 3489/3489 3490/3490
f 3488/3488 3490/3490 3484/3484
f 3489/3489 3481/3481 3491/3491
f 3489/3489 3491/3491 3490/3490
f 3490/3490 3491/3491 3492/3492
f 3490/3490 3492/3492 3484/3484
f 3491/3491 3481/3481 3493/3493
f 3491/3491 3493/3493 3492/3492
f 3492/3492 3493/3493 3494/3494
f 3492/3492 3494/3494 3484/3484
f 3493/3493 3481/3481 3495/3495
f 3493/3493 3495/3495 3494/3494
f 3494/3494 3495/3495 3496/3496
f 3494/3494 3496/3496 3484/3484
f 3495/3495 3481/3481 3497/3497
f 3495/3495 3497/3497 3496/3496
f 3496/3496 3497/3497 3498/3498
f 3496/3496 3498/3498 3484/3484
f 3497/3497 3481/3481 3499/3499
f 3497/3497 3499/3499 3498/3498
f 3498/3498 3499/3499 3500/3500
f 3498/3498 3500/3500 3484/3484
f 3499/3499 3481/3481 3501/3501
f 3499/3499 3501/3501 3500/3500
f 3500/3500 3501/3501 3502/3502
f 3500/3500 3502/3502 3484/3484
f 3501/3501 3481/3481 3503/3503
f 3501/3501 3503/3503 3502/3502
f 3502/3502 3503/3503 3504/3504
f 3502/3502 3504/3504 3484/3484
f 3503/3503 3481/3481 3505/3505
f 3503/3503 3505/3505 3504/3504
f 3504/3504 3505/3505 3506/3506
f 3504/3504 3506/3506 3484/3484
f 3505/3505 3481/3481 3482/3482
f 3505/3505 3482/3482 3506/3506
f 3506/3506 3482/3482 3483/3483
f 3506/3506 3483/3483 3484/3484
f 3508/3508 3507/3507 3511/3511
f 3508/3508 3511/3511 3509/3509
f 3509/3509 3511/3511 3512/3512
f 3509/3509 3512/3512 3510/3510
f 3511/3511 3507/3507 3513/3513
f 3511/3511 3513/3513 3512/3512
f 3512/3512 3513/3513 3514/3514
f 3512/3512 3514/3514 3510/3510
f 3513/3513 3507/3507 3515/3515
f 3513/3513 3515/3515 3514/3514
f 3514/3514 3515/3515 3516/3516
f 3514/3514 3516/3516 3510/3510
f 3515/3515 3507/3507 3517/3517
f 3515/3515 3517/3517 3516/3516
f 3516/3516 3517/3517 3518/3518
f 3516/3516 3518/3518 3510/3510
f 3517/3517 3507/3507 3519/3519
f 3517/3517 3519/3519 3518/3518
f 3518/3518 3519/3519 3520/3520
f 3518/3518 3520/3520 3510/3510
f 3519/3519 3507/3507 3521/3521
f 3519/3519 3521/3521 3520/3520
f 3520/3520 3521/3521 3522/3522
f 3520/3520 3522/3522 3510/3510
f 3521/3521 3507/3507 3523/3523
f 3521/3521 3523/3523 3522/3522
f 3522/3522 3523/3523 3524/3524
f 3522/3522 3524/3524 3510/3510
f 3523/3523 3507/3507 3525/3525
f 3523/3523 3525/3525 3524/3524
f 3524/3524 3525/3525 3526/3526
f 3524/3524 3526/3526 3510/3510
f 3525/3525 3507/3507 3527/3527
f 3525/3525 3527/3527 3526/3526
f 3526/3526 3527/3527 3528/3528
f 3526/3526 3528/3528 3510/3510
f 3527/3527 3507/3507 3508/3508
f 3527/3527 3508/3508 3528/3528
f 3528/3528 3508/3508 3509/3509
f 3528/3528 3509/3509 3510/3510
f 3530/3530 3529/3529 3533/3533
f 3530/3530 3533/3533 3531/3531
f 3531/3531 3533/3533 3534/3534
f 3531/3531 3534/3534 3532/3532
f 3533/3533 3529/3529 3535/3535
f 3533/3533 3535/3535 3534/3534
f 3534/3534 3535/3535 3536/3536
f 3534/3534 3536/3536 3532/3532
f 3535/3535 3529/3529 3537/3537
f 3535/3535 3537/3537 3536/3536
f 3536/3536 3537/3537 3538/3538
f 3536/3536 3538/3538 3532/3532
f 3537/3537 3529/3529 3539/3539
f 3537/3537 3539/3539 3538/3538
f 3538/3538 3539/3539 3540/3540
f 3538/3538 3540/3540 3532/3532
f 3539/3539 3529/3529 3541/3541
f 3539/3539 3541/3541 3540/3540
f 3540/3540 3541/3541 3542/3542
f 3540/3540 3542/3542 3532/3532
f 3541/3541 3529/3529 3543/3543
f 3541/3541 3543/3543 3542/3542
f 3542/3542 3543/3543 3544/3544
f 3542/3542 3544/3544 3532/3532
f 3543/3543 3529/3529 3545/3545
f 3543/3543 3545/3545 3544/3544
f 3544/3544 3545/3545 3546/3546
f 3544/3544 3546/3546 3532/3532
f 3545/3545 3529/3529 3547/3547
f 3545/3545 3547/3547 3546/3546
f 3546/3546 3547/3547 3548/3548
f 3546/3546 3548/3548 3532/3532
f 3547/3547 3529/3529 3549/3549
f 3547/3547 3549/3549 3548/3548
f 3548/3548 3549/3549 3550/3550
f 3548/3548 3550/3550 3532/3532
f 3549/3549 3529/3529 3551/3551
f 3549/3549 3551/3551 3550/3550
f 3550/3550 3551/3551 3552/3552
f 3550/3550 3552/3552 3532/3532
f 3551/3551 3529/3529 3553/3553
f 3551/3551 3553/3553 3552/3552
f 3552/3552 3553/3553 3554/3554
f 3552/3552 3554/3554 3532/3532
f 3553/3553 3529/3529 3530/3530
f 3553/3553 3530/3530 3554/3554
f 3554/3554 3530/3530 3531/3531
f 3554/3554 3531/3531 3532/3532
f 3556/3556 3555/3555 3559/3559
f 3556/3556 3559/3559 3557/3557
f 3557/3557 3559/3559 3560/3560
f 3557/3557 3560/3560 3558/3558
f 3559/3559 3555/3555 3561/3561
f 3559/3559 3561/3561 3560/3560
f 3560/3560 3561/3561 3562/3562
f 3560/3560 3562/3562 3558/3558
f 3561/3561 3555/3555 3563/3563
f 3561/3561 3563/3563 3562/3562
f 3562/3562 3563/3563 3564/3564
f 3562/3562 3564/3564 3558/3558
f 3563/3563 3555/3555 3565/3565
f 3563/3563 3565/3565 3564/3564
f 3564/3564 3565/3565 3566/3566
f 3564/3564 3566/3566 3558/3558
f 3565/3565 3555/3555 3567/3567
f 3565/3565 3567/3567 3566/3566
f 3566/3566 3567/3567 3568/3568
f 3566/3566 3568/3568 3558/3558
f 3567/3567 3555/3555 3569/3569
f 3567/3567 3569/3569 3568/3568
f 3568/3568 3569/3569 3570/3570
f 3568/3568 3570/3570 3558/3558
f 3569/3569 3555/3555 3571/3571
f 3569/3569 3571/3571 3570/3570
f 3570/3570 3571/3571 3572/3572
f 3570/3570 3572/3572 3558/3558
f 3571/3571 3555/3555 3573/3573
f 3571/3571 3573/3573 3572/3572
f 3572/3572 3573/3573 3574/3574
f 3572/3572 3574/3574 3558/3558
f 3573/3573 3555/3555 3575/3575
f 3573/3573 3575/3575 3574/3574
f 3574/3574 3575/3575 3576/3576
f 3574/3574 3576/3576 3558/3558
f 3575/3575 3555/3555 3556/3556
f 3575/3575 3556/3556 3576/3576
f 3576/3576 3556/3556 3557/3557
f 3576/3576 3557/3557 3558/3558
f 3578/3578 3577/3577 3581/3581
f 3578/3578 3581/3581 3579/3579
f 3579/3579 3581/3581 3582/3582
f 3579/3579 3582/3582 3580/3580
f 3581/3581 3577/3577 3583/3583
f 3581/3581 3583/3583 3582/3582
f 3582/3582 3583/3583 3584/3584
f 3582/3582 3584/3584 3580/3580
f 3583/3583 3577/3577 3585/3585
f 3583/3583 3585/3585 3584/3584
f 3584/3584 3585/3585 3586/3586
f 3584/3584 3586/3586 3580/3580
f 3585/3585 3577/3577 3587/3587
f 3585/3585 3587/3587 3586/3586
f 3586/3586 3587/3587 3588/3588
f 3586/3586 3588/3588 3580/3580
f 3587/3587 3577/3577 3589/3589
f 3587/3587 3589/3589 3588/3588
f 3588/3588 3589/3589 3590/3590
f 3588/3588 3590/3590 3580/3580
f 3589/3589 3577/3577 3591/3591
f 3589/3589 3591/3591 3590/3590
f 3590/3590 3591/3591 3592/3592
f 3590/3590 3592/3592 3580/3580
f 3591/3591 3577/3577 3593/3593
f 3591/3591 3593/3593 3592/3592
f 3592/3592 3593/3593 3594/3594
f 3592/3592 3594/3594 3580/3580
f 3593/3593 3577/3577 3595/3595
f 3593/3593 3595/3595 3594/3594
f 3594/3594 3595/3595 3596/3596
f 3594/3594 3596/3596 3580/3580
f 3595/3595 3577/3577 3597/3597
f 3595/3595 3597/3597 3596/3596
f 3596/3596 3597/3597 3598/3598
f 3596/3596 3598/3598 3580/3580
f 3597/3597 3577/3577 3599/3599
f 3597/3597 3599/3599 3598/3598
f 3598/3598 3599/3599 3600/3600
f 3598/3598 3600/3600 3580/3580
f 3599/3599 3577/3577 3601/3601
f 3599/3599 3601/3601 3600/3600
f 3600/3600 3601/3601 3602/3602
f 3600/3600 3602/3602 3580/3580
f 3601/3601 3577/3577 3578/3578
f 3601/3601 3578/3578 3602/3602
f 3602/3602 3578/3578 3579/3579
f 3602/3602 3579/3579 3580/3580
f 3603/3603 3640/3640 3619/3619
f 3640/3640 3614/3614 3643/3643
f 3619/3619 3643/3643 3608/3608
f 3640/3640 3643/3643 3619/3619
f 3603/3603 3619/3619 3615/3615
f 3619/3619 3608/3608 3620/3620
f 3615/3615 3620/3620 3604/3604
f 3619/3619 3620/3620 3615/3615
f 3603/3603 3615/3615 3624/3624
f 3615/3615 3604/3604 3625/3625
f 3624/3624 3625/3625 3610/3610
f 3615/3615 3625/3625 3624/3624
f 3603/3603 3624/3624 3636/3636
f 3624/3624 3610/3610 3639/3639
f 3636/3636 3639/3639 3613/3613
f 3624/3624 3639/3639 3636/3636
f 3603/3603 3636/3636 3640/3640
f 3636/3636 3613/3613 3644/3644
f 3640/3640 3644/3644 3614/3614
f 3636/3636 3644/3644 3640/3640
f 3604/3604 3620/3620 3631/3631
f 3620/3620 3608/3608 3634/3634
f 3631/3631 3634/3634 3612/3612
f 3620/3620 3634/3634 3631/3631
f 3608/3608 3643/3643 3621/3621
f 3643/3643 3614/3614 3642/3642
f 3621/3621 3642/3642 3607/3607
f 3643/3643 3642/3642 3621/3621
f 3614/3614 3644/3644 3641/3641
f 3644/3644 3613/3613 3637/3637
f 3641/3641 3637/3637 3605/3605
f 3644/3644 3637/3637 3641/3641
f 3613/3613 3639/3639 3638/3638
f 3639/3639 3610/3610 3626/3626
f 3638/3638 3626/3626 3609/3609
f 3639/3639 3626/3626 3638/3638
f 3610/3610 3625/3625 3630/3630
f 3625/3625 3604/3604 3627/3627
f 3630/3630 3627/3627 3611/3611
f 3625/3625 3627/3627 3630/3630
f 3606/3606 3632/3632 3618/3618
f 3632/3632 3612/3612 3633/3633
f 3618/3618 3633/3633 3607/3607
f 3632/3632 3633/3633 3618/3618
f 3606/3606 3618/3618 3616/3616
f 3618/3618 3607/3607 3617/3617
f 3616/3616 3617/3617 3605/3605
f 3618/3618 3617/3617 3616/3616
f 3606/3606 3616/3616 3623/3623
f 3616/3616 3605/3605 3622/3622
f 3623/3623 3622/3622 3609/3609
f 3616/3616 3622/3622 3623/3623
f 3606/3606 3623/3623 3628/3628
f 3623/3623 3609/3609 3629/3629
f 3628/3628 3629/3629 3611/3611
f 3623/3623 3629/3629 3628/3628
f 3606/3606 3628/3628 3632/3632
f 3628/3628 3611/3611 3635/3635
f 3632/3632 3635/3635 3612/3612
f 3628/3628 3635/3635 3632/3632
f 3607/3607 3633/3633 3621/3621
f 3633/3633 3612/3612 3634/3634
f 3621/3621 3634/3634 3608/3608
f 3633/3633 3634/3634 3621/3621
f 3605/3605 3617/3617 3641/3641
f 3617/3617 3607/3607 3642/3642
f 3641/3641 3642/3642 3614/3614
f 3617/3617 3642/3642 3641/3641
f 3609/3609 3622/3622 3638/3638
f 3622/3622 3605/3605 3637/3637
f 3638/3638 3637/3637 3613/3613
f 3622/3622 3637/3637 3638/3638
f 3611/3611 3629/3629 3630/3630
f 3629/3629 3609/3609 3626/3626
f 3630/3630 3626/3626 3610/3610
f 3629/3629 3626/3626 3630/3630
f 3612/3612 3635/3635 3631/3631
f 3635/3635 3611/3611 3627/3627
f 3631/3631 3627/3627 3604/3604
f 3635/3635 3627/3627 3631/3631
f 3645/3645 3682/3682 3661/3661
f 3682/3682 3656/3656 3685/3685
f 3661/3661 3685/3685 3650/3650
f 3682/3682 3685/3685 3661/3661
f 3645/3645 3661/3661 3657/3657
f 3661/3661 3650/3650 3662/3662
f 3657/3657 3662/3662 3646/3646
f 3661/3661 3662/3662 3657/3657
f 3645/3645 3657/3657 3666/3666
f 3657/3657 3646/3646 3667/3667
f 3666/3666 3667/3667 3652/3652
f 3657/3657 3667/3667 3666/3666
f 3645/3645 3666/3666 3678/3678
f 3666/3666 3652/3652 3681/3681
f 3678/3678 3681/3681 3655/3655
f 3666/3666 3681/3681 3678/3678
f 3645/3645 3678/3678 3682/3682
f 3678/3678 3655/3655 3686/3686
f 3682/3682 3686/3686 3656/3656
f 3678/3678 3686/3686 3682/3682
f 3646/3646 3662/3662 3673/3673
f 3662/3662 3650/3650 3676/3676
f 3673/3673 3676/3676 3654/3654
f 3662/3662 3676/3676 3673/3673
f 3650/3650 3685/3685 3663/3663
f 3685/3685 3656/3656 3684/3684
f 3663/3663 3684/3684 3649/3649
f 3685/3685 3684/3684 3663/3663
f 3656/3656 3686/3686 3683/3683
f 3686/3686 3655/3655 3679/3679
f 3683/3683 3679/3679 3647/3647
f 3686/3686 3679/3679 3683/3683
f 3655/3655 3681/3681 3680/3680
f 3681/3681 3652/3652 3668/3668
f 3680/3680 3668/3668 3651/3651
f 3681/3681 3668/3668 3680/3680
f 3652/3652 3667/3667 3672/3672
f 3667/3667 3646/3646 3669/3669
f 3672/3672 3669/3669 3653/3653
f 3667/3667 3669/3669 3672/3672
f 3648/3648 3674/3674 3660/3660
f 3674/3674 3654/3654 3675/3675
f 3660/3660 3675/3675 3649/3649
f 3674/3674 3675/3675 3660/3660
f 3648/3648 3660/3660 3658/3658
f 3660/3660 3649/3649 3659/3659
f 3658/3658 3659/3659 3647/3647
f 3660/3660 3659/3659 3658/3658
f 3648/3648 3658/3658 3665/3665
f 3658/3658 3647/3647 3664/3664
f 3665/3665 3664/3664 3651/3651
f 3658/3658 3664/3664 3665/3665
f 3648/3648 3665/3665 3670/3670
f 3665/3665 3651/3651 3671/3671
f 3670/3670 3671/3671 3653/3653
f 3665/3665 3671/3671 3670/3670
f 3648/3648 3670/3670 3674/3674
f 3670/3670 3653/3653 3677/3677
f 3674/3674 3677/3677 3654/3654
f 3670/3670 3677/3677 3674/3674
f 3649/3649 3675/3675 3663/3663
f 3675/3675 3654/3654 3676/3676
f 3663/3663 3676/3676 3650/3650
f 3675/3675 3676/3676 3663/3663
f 3647/3647 3659/3659 3683/3683
f 3659/3659 3649/3649 3684/3684
f 3683/3683 3684/3684 3656/3656
f 3659/3659 3684/3684 3683/3683
f 3651/3651 3664/3664 3680/3680
f 3664/3664 3647/3647 3679/3679
f 3680/3680 3679/3679 3655/3655
f 3664/3664 3679/3679 3680/3680
f 3653/3653 3671/3671 3672/3672
f 3671/3671 3651/3651 3668/3668
f 3672/3672 3668/3668 3652/3652
f 3671/3671 3668/3668 3672/3672
f 3654/3654 3677/3677 3673/3673
f 3677/3677 3653/3653 3669/3669
f 3673/3673 3669/3669 3646/3646
f 3677/3677 3669/3669 3673/3673
f 3687/3687 3724/3724 3703/3703
f 3724/3724 3698/3698 3727/3727
f 3703/3703 3727/3727 3692/3692
f 3724/3724 3727/3727 3703/3703
f 3687/3687 3703/3703 3699/3699
f 3703/3703 3692/3692 3704/3704
f 3699/3699 3704/3704 3688/3688
f 3703/3703 3704/3704 3699/3699
f 3687/3687 3699/3699 3708/3708
f 3699/3699 3688/3688 3709/3709
f 3708/3708 3709/3709 3694/3694
f 3699/3699 3709/3709 3708/3708
f 3687/3687 3708/3708 3720/3720
f 3708/3708 3694/3694 3723/3723
f 3720/3720 3723/3723 3697/3697
f 3708/3708 3723/3723 3720/3720
f 3687/3687 3720/3720 3724/3724
f 3720/3720 3697/3697 3728/3728
f 3724/3724 3728/3728 3698/3698
f 3720/3720 3728/3728 3724/3724
f 3688/3688 3704/3704 3715/3715
f 3704/3704 3692/3692 3718/3718
f 3715/3715 3718/3718 3696/3696
f 3704/3704 3718/3718 3715/3715
f 3692/3692 3727/3727 3705/3705
f 3727/3727 3698/3698 3726/3726
f 3705/3705 3726/3726 3691/3691
f 3727/3727 3726/3726 3705/3705
f 3698/3698 3728/3728 3725/3725
f 3728/3728 3697/3697 3721/3721
f 3725/3725 3721/3721 3689/3689
f 3728/3728 3721/3721 3725/3725
f 3697/3697 3723/3723 3722/3722
f 3723/3723 3694/3694 3710/3710
f 3722/3722 3710/3710 3693/3693
f 3723/3723 3710/3710 3722/3722
f 3694/3694 3709/3709 3714/3714
f 3709/3709 3688/3688 3711/3711
f 3714/3714 3711/3711 3695/3695
f 3709/3709 3711/3711 3714/3714
f 3690/3690 3716/3716 3702/3702
f 3716/3716 3696/3696 3717/3717
f 3702/3702 3717/3717 3691/3691
f 3716/3716 3717/3717 3702/3702
f 3690/3690 3702/3702 3700/3700
f 3702/3702 3691/3691 3701/3701
f 3700/3700 3701/3701 3689/3689
f 3702/3702 3701/3701 3700/3700
f 3690/3690 3700/3700 3707/3707
f 3700/3700 3689/3689 3706/3706
f 3707/3707 3706/3706 3693/3693
f 3700/3700 3706/3706 3707/3707
f 3690/3690 3707/3707 3712/3712
f 3707/3707 3693/3693 3713/3713
f 3712/3712 3713/3713 3695/3695
f 3707/3707 3713/3713 3712/3712
f 3690/3690 3712/3712 3716/3716
f 3712/3712 3695/3695 3719/3719
f 3716/3716 3719/3719 3696/3696
f 3712/3712 3719/3719 3716/3716
f 3691/3691 3717/3717 3705/3705
f 3717/3717 3696/3696 3718/3718
f 3705/3705 3718/3718 3692/3692
f 3717/3717 3718/3718 3705/3705
f 3689/3689 3701/3701 3725/3725
f 3701/3701 3691/3691 3726/3726
f 3725/3725 3726/3726 3698/3698
f 3701/3701 3726/3726 3725/3725
f 3693/3693 3706/3706 3722/3722
f 3706/3706 3689/3689 3721/3721
f 3722/3722 3721/3721 3697/3697
f 3706/3706 3721/3721 3722/3722
f 3695/3695 3713/3713 3714/3714
f 3713/3713 3693/3693 3710/3710
f 3714/3714 3710/3710 3694/3694
f 3713/3713 3710/3710 3714/3714
f 3696/3696 3719/3719 3715/3715
f 3719/3719 3695/3695 3711/3711
f 3715/3715 3711/3711 3688/3688
f 3719/3719 3711/3711 3715/3715
f 3729/3729 3766/3766 3745/3745
f 3766/3766 3740/3740 3769/3769
f 3745/3745 3769/3769 3734/3734
f 3766/3766 3769/3769 3745/3745
f 3729/3729 3745/3745 3741/3741
f 3745/3745 3734/3734 3746/3746
f 3741/3741 3746/3746 3730/3730
f 3745/3745 3746/3746 3741/3741
f 3729/3729 3741/3741 3750/3750
f 3741/3741 3730/3730 3751/3751
f 3750/3750 3751/3751 3736/3736
f 3741/3741 3751/3751 3750/3750
f 3729/3729 3750/3750 3762/3762
f 3750/3750 3736/3736 3765/3765
f 3762/3762 3765/3765 3739/3739
f 3750/3750 3765/3765 3762/3762
f 3729/3729 3762/3762 3766/3766
f 3762/3762 3739/3739 3770/3770
f 3766/3766 3770/3770 3740/3740
f 3762/3762 3770/3770 3766/3766
f 3730/3730 3746/3746 3757/3757
f 3746/3746 3734/3734 3760/3760
f 3757/3757 3760/3760 3738/3738
f 3746/3746 3760/3760 3757/3757
f 3734/3734 3769/3769 3747/3747
f 3769/3769 3740/3740 3768/3768
f 3747/3747 3768/3768 3733/3733
f 3769/3769 3768/3768 3747/3747
f 3740/3740 3770/3770 3767/3767
f 3770/3770 3739/3739 3763/3763
f 3767/3767 3763/3763 3731/3731
f 3770/3770 3763/3763 3767/3767
f 3739/3739 3765/3765 3764/3764
f 3765/3765 3736/3736 3752/3752
f 3764/3764 3752/3752 3735/3735
f 3765/3765 3752/3752 3764/3764
f 3736/3736 3751/3751 3756/3756
f 3751/3751 3730/3730 3753/3753
f 3756/3756 3753/3753 3737/3737
f 3751/3751 3753/3753 3756/3756
f 3732/3732 3758/3758 3744/3744
f 3758/3758 3738/3738 3759/3759
f 3744/3744 3759/3759 3733/3733
f 3758/3758 3759/3759 3744/3744
f 3732/3732 3744/3744 3742/3742
f 3744/3744 3733/3733 3743/3743
f 3742/3742 3743/3743 3731/3731
f 3744/3744 3743/3743 3742/3742
f 3732/3732 3742/3742 3749/3749
f 3742/3742 3731/3731 3748/3748
f 3749/3749 3748/3748 3735/3735
f 3742/3742 3748/3748 3749/3749
f 3732/3732 3749/3749 3754/3754
f 3749/3749 3735/3735 3755/3755
f 3754/3754 3755/3755 3737/3737
f 3749/3749 3755/3755 3754/3754
f 3732/3732 3754/3754 3758/3758
f 3754/3754 3737/3737 3761/3761
f 3758/3758 3761/3761 3738/3738
f 3754/3754 3761/3761 3758/3758
f 3733/3733 3759/3759 3747/3747
f 3759/3759 3738/3738 3760/3760
f 3747/3747 3760/3760 3734/3734
f 3759/3759 3760/3760 3747/3747
f 3731/3731 3743/3743 3767/3767
f 3743/3743 3733/3733 3768/3768
f 3767/3767 3768/3768 3740/3740
f 3743/3743 3768/3768 3767/3767
f 3735/3735 3748/3748 3764/3764
f 3748/3748 3731/3731 3763/3763
f 3764/3764 3763/3763 3739/3739
f 3748/3748 3763/3763 3764/3764
f 3737/3737 3755/3755 3756/3756
f 3755/3755 3735/3735 3752/3752
f 3756/3756 3752/3752 3736/3736
f 3755/3755 3752/3752 3756/3756
f 3738/3738 3761/3761 3757/3757
f 3761/3761 3737/3737 3753/3753
f 3757/3757 3753/3753 3730/3730
f 3761/3761 3753/3753 3757/3757
f 3771/3771 3808/3808 3787/3787
f 3808/3808 3782/3782 3811/3811
f 3787/3787 3811/3811 3776/3776
f 3808/3808 3811/3811 3787/3787
f 3771/3771 3787/3787 3783/3783
f 3787/3787 3776/3776 3788/3788
f 3783/3783 3788/3788 3772/3772
f 3787/3787 3788/3788 3783/3783
f 3771/3771 3783/3783 3792/3792
f 3783/3783 3772/3772 3793/3793
f 3792/3792 3793/3793 3778/3778
f 3783/3783 3793/3793 3792/3792
f 3771/3771 3792/3792 3804/3804
f 3792/3792 3778/3778 3807/3807
f 3804/3804 3807/3807 3781/3781
f 3792/3792 3807/3807 3804/3804
f 3771/3771 3804/3804 3808/3808
f 3804/3804 3781/3781 3812/3812
f 3808/3808 3812/3812 3782/3782
f 3804/3804 3812/3812 3808/3808
f 3772/3772 3788/3788 3799/3799
f 3788/3788 3776/3776 3802/3802
f 3799/3799 3802/3802 3780/3780
f 3788/3788 3802/3802 3799/3799
f 3776/3776 3811/3811 3789/3789
f 3811/3811 3782/3782 3810/3810
f 3789/3789 3810/3810 3775/3775
f 3811/3811 3810/3810 3789/3789
f 3782/3782 3812/3812 3809/3809
f 3812/3812 3781/3781 3805/3805
f 3809/3809 3805/3805 3773/3773
f 3812/3812 3805/3805 3809/3809
f 3781/3781 3807/3807 3806/3806
f 3807/3807 3778/3778 3794/3794
f 3806/3806 3794/3794 3777/3777
f 3807/3807 3794/3794 3806/3806
f 3778/3778 3793/3793 3798/3798
f 3793/3793 3772/3772 3795/3795
f 3798/3798 3795/3795 3779/3779
f 3793/3793 3795/3795 3798/3798
f 3774/3774 3800/3800 3786/3786
f 3800/3800 3780/3780 3801/3801
f 3786/3786 3801/3801 3775/3775
f 3800/3800 3801/3801 3786/3786
f 3774/3774 3786/3786 3784/3784
f 3786/3786 3775/3775 3785/3785
f 3784/3784 3785/3785 3773/3773
f 3786/3786 3785/3785 3784/3784
f 3774/3774 3784/3784 3791/3791
f 3784/3784 3773/3773 3790/3790
f 3791/3791 3790/3790 3777/3777
f 3784/3784 3790/3790 3791/3791
f 3774/3774 3791/3791 3796/3796
f 3791/3791 3777/3777 3797/3797
f 3796/3796 3797/3797 3779/3779
f 3791/3791 3797/3797 3796/3796
f 3774/3774 3796/3796 3800/3800
f 3796/3796 3779/3779 3803/3803
f 3800/3800 3803/3803 3780/3780
f 3796/3796 3803/3803 3800/3800
f 3775/3775 3801/3801 3789/3789
f 3801/3801 3780/3780 3802/3802
f 3789/3789 3802/3802 3776/3776
f 3801/3801 3802/3802 3789/3789
f 3773/3773 3785/3785 3809/3809
f 3785/3785 3775/3775 3810/3810
f 3809/3809 3810/3810 3782/3782
f 3785/3785 3810/3810 3809/3809
f 3777/3777 3790/3790 3806/3806
f 3790/3790 3773/3773 3805/3805
f 3806/3806 3805/3805 3781/3781
f 3790/3790 3805/3805 3806/3806
f 3779/3779 3797/3797 3798/3798
f 3797/3797 3777/3777 3794/3794
f 3798/3798 3794/3794 3778/3778
f 3797/3797 3794/3794 3798/3798
f 3780/3780 3803/3803 3799/3799
f 3803/3803 3779/3779 3795/3795
f 3799/3799 3795/3795 3772/3772
f 3803/3803 3795/3795 3799/3799
f 3813/3813 3850/3850 3829/3829
f 3850/3850 3824/3824 3853/3853
f 3829/3829 3853/3853 3818/3818
f 3850/3850 3853/3853 3829/3829
f 3813/3813 3829/3829 3825/3825
f 3829/3829 3818/3818 3830/3830
f 3825/3825 3830/3830 3814/3814
f 3829/3829 3830/3830 3825/3825
f 3813/3813 3825/3825 3834/3834
f 3825/3825 3814/3814 3835/3835
f 3834/3834 3835/3835 3820/3820
f 3825/3825 3835/3835 3834/3834
f 3813/3813 3834/3834 3846/3846
f 3834/3834 3820/3820 3849/3849
f 3846/3846 3849/3849 3823/3823
f 3834/3834 3849/3849 3846/3846
f 3813/3813 3846/3846 3850/3850
f 3846/3846 3823/3823 3854/3854
f 3850/3850 3854/3854 3824/3824
f 3846/3846 3854/3854 3850/3850
f 3814/3814 3830/3830 3841/3841
f 3830/3830 3818/3818 3844/3844
f 3841/3841 3844/3844 3822/3822
f 3830/3830 3844/3844 3841/3841
f 3818/3818 3853/3853 3831/3831
f 3853/3853 3824/3824 3852/3852
f 3831/3831 3852/3852 3817/3817
f 3853/3853 3852/3852 3831/3831
f 3824/3824 3854/3854 3851/3851
f 3854/3854 3823/3823 3847/3847
f 3851/3851 3847/3847 3815/3815
f 3854/3854 3847/3847 3851/3851
f 3823/3823 3849/3849 3848/3848
f 3849/3849 3820/3820 3836/3836
f 3848/3848 3836/3836 3819/3819
f 3849/3849 3836/3836 3848/3848
f 3820/3820 3835/3835 3840/3840
f 3835/3835 3814/3814 3837/3837
f 3840/3840 3837/3837 3821/3821
f 3835/3835 3837/3837 3840/3840
f 3816/3816 3842/3842 3828/3828
f 3842/3842 3822/3822 3843/3843
f 3828/3828 3843/3843 3817/3817
f 3842/3842 3843/3843 3828/3828
f 3816/3816 3828/3828 3826/3826
f 3828/3828 3817/3817 3827/3827
f 3826/3826 3827/3827 3815/3815
f 3828/3828 3827/3827 3826/3826
f 3816/3816 3826/3826 3833/3833
f 3826/3826 3815/3815 3832/3832
f 3833/3833 3832/3832 3819/3819
f 3826/3826 3832/3832 3833/3833
f 3816/3816 3833/3833 3838/3838
f 3833/3833 3819/3819 3839/3839
f 3838/3838 3839/3839 3821/3821
f 3833/3833 3839/3839 3838/3838
f 3816/3816 3838/3838 3842/3842
f 3838/3838 3821/3821 3845/3845
f 3842/3842 3845/3845 3822/3822
f 3838/3838 3845/3845 3842/3842
f 3817/3817 3843/3843 3831/3831
f 3843/3843 3822/3822 3844/3844
f 3831/3831 3844/3844 3818/3818
f 3843/3843 3844/3844 3831/3831
f 3815/3815 3827/3827 3851/3851
f 3827/3827 3817/3817 3852/3852
f 3851/3851 3852/3852 3824/3824
f 3827/3827 3852/3852 3851/3851
f 3819/3819 3832/3832 3848/3848
f 3832/3832 3815/3815 3847/3847
f 3848/3848 3847/3847 3823/3823
f 3832/3832 3847/3847 3848/3848
f 3821/3821 3839/3839 3840/3840
f 3839/3839 3819/3819 3836/3836
f 3840/3840 3836/3836 3820/3820
f 3839/3839 3836/3836 3840/3840
f 3822/3822 3845/3845 3841/3841
f 3845/3845 3821/3821 3837/3837
f 3841/3841 3837/3837 3814/3814
f 3845/3845 3837/3837 3841/3841
f 3855/3855 3892/3892 3871/3871
f 3892/3892 3866/3866 3895/3895
f 3871/3871 3895/3895 3860/3860
f 3892/3892 3895/3895 3871/3871
f 3855/3855 3871/3871 3867/3867
f 3871/3871 3860/3860 3872/3872
f 3867/3867 3872/3872 3856/3856
f 3871/3871 3872/3872 3867/3867
f 3855/3855 3867/3867 3876/3876
f 3867/3867 3856/3856 3877/3877
f 3876/3876 3877/3877 3862/3862
f 3867/3867 3877/3877 3876/3876
f 3855/3855 3876/3876 3888/3888
f 3876/3876 3862/3862 3891/3891
f 3888/3888 3891/3891 3865/3865
f 3876/3876 3891/3891 3888/3888
f 3855/3855 3888/3888 3892/3892
f 3888/3888 3865/3865 3896/3896
f 3892/3892 3896/3896 3866/3866
f 3888/3888 3896/3896 3892/3892
f 3856/3856 3872/3872 3883/3883
f 3872/3872 3860/3860 3886/3886
f 3883/3883 3886/3886 3864/3864
f 3872/3872 3886/3886 3883/3883
f 3860/3860 3895/3895 3873/3873
f 3895/3895 3866/3866 3894/3894
f 3873/3873 3894/3894 3859/3859
f 3895/3895 3894/3894 3873/3873
f 3866/3866 3896/3896 3893/3893
f 3896/3896 3865/3865 3889/3889
f 3893/3893 3889/3889 3857/3857
f 3896/3896 3889/3889 3893/3893
f 3865/3865 3891/3891 3890/3890
f 3891/3891 3862/3862 3878/3878
f 3890/3890 3878/3878 3861/3861
f 3891/3891 3878/3878 3890/3890
f 3862/3862 3877/3877 3882/3882
f 3877/3877 3856/3856 3879/3879
f 3882/3882 3879/3879 3863/3863
f 3877/3877 3879/3879 3882/3882
f 3858/3858 3884/3884 3870/3870
f 3884/3884 3864/3864 3885/3885
f 3870/3870 3885/3885 3859/3859
f 3884/3884 3885/3885 3870/3870
f 3858/3858 3870/3870 3868/3868
f 3870/3870 3859/3859 3869/3869
f 3868/3868 3869/3869 3857/3857
f 3870/3870 3869/3869 3868/3868
f 3858/3858 3868/3868 3875/3875
f 3868/3868 3857/3857 3874/3874
f 3875/3875 3874/3874 3861/3861
f 3868/3868 3874/3874 3875/3875
f 3858/3858 3875/3875 3880/3880
f 3875/3875 3861/3861 3881/3881
f 3880/3880 3881/3881 3863/3863
f 3875/3875 3881/3881 3880/3880
f 3858/3858 3880/3880 3884/3884
f 3880/3880 3863/3863 3887/3887
f 3884/3884 3887/3887 3864/3864
f 3880/3880 3887/3887 3884/3884
f 3859/3859 3885/3885 3873/3873
f 3885/3885 3864/3864 3886/3886
f 3873/3873 3886/3886 3860/3860
f 3885/3885 3886/3886 3873/3873
f 3857/3857 3869/3869 3893/3893
f 3869/3869 3859/3859 3894/3894
f 3893/3893 3894/3894 3866/3866
f 3869/3869 3894/3894 3893/3893
f 3861/3861 3874/3874 3890/3890
f 3874/3874 3857/3857 3889/3889
f 3890/3890 3889/3889 3865/3865
f 3874/3874 3889/3889 3890/3890
f 3863/3863 3881/3881 3882/3882
f 3881/3881 3861/3861 3878/3878
f 3882/3882 3878/3878 3862/3862
f 3881/3881 3878/3878 3882/3882
f 3864/3864 3887/3887 3883/3883
f 3887/3887 3863/3863 3879/3879
f 3883/3883 3879/3879 3856/3856
f 3887/3887 3879/3879 3883/3883
f 3897/3897 3934/3934 3913/3913
f 3934/3934 3908/3908 3937/3937
f 3913/3913 3937/3937 3902/3902
f 3934/3934 3937/3937 3913/3913
f 3897/3897 3913/3913 3909/3909
f 3913/3913 3902/3902 3914/3914
f 3909/3909 3914/3914 3898/3898
f 3913/3913 3914/3914 3909/3909
f 3897/3897 3909/3909 3918/3918
f 3909/3909 3898/3898 3919/3919
f 3918/3918 3919/3919 3904/3904
f 3909/3909 3919/3919 3918/3918
f 3897/3897 3918/3918 3930/3930
f 3918/3918 3904/3904 3933/3933
f 3930/3930 3933/3933 3907/3907
f 3918/3918 3933/3933 3930/3930
f 3897/3897 3930/3930 3934/3934
f 3930/3930 3907/3907 3938/3938
f 3934/3934 3938/3938 3908/3908
f 3930/3930 3938/3938 3934/3934
f 3898/3898 3914/3914 3925/3925
f 3914/3914 3902/3902 3928/3928
f 3925/3925 3928/3928 3906/3906
f 3914/3914 3928/3928 3925/3925
f 3902/3902 3937/3937 3915/3915
f 3937/3937 3908/3908 3936/3936
f 3915/3915 3936/3936 3901/3901
f 3937/3937 3936/3936 3915/3915
f 3908/3908 3938/3938 3935/3935
f 3938/3938 3907/3907 3931/3931
f 3935/3935 3931/3931 3899/3899
f 3938/3938 3931/3931 3935/3935
f 3907/3907 3933/3933 3932/3932
f 3933/3933 3904/3904 3920/3920
f 3932/3932 3920/3920 3903/3903
f 3933/3933 3920/3920 3932/3932
f 3904/3904 3919/3919 3924/3924
f 3919/3919 3898/3898 3921/3921
f 3924/3924 3921/3921 3905/3905
f 3919/3919 3921/3921 3924/3924
f 3900/3900 3926/3926 3912/3912
f 3926/3926 3906/3906 3927/3927
f 3912/3912 3927/3927 3901/3901
f 3926/3926 3927/3927 3912/3912
f 3900/3900 3912/3912 3910/3910
f 3912/3912 3901/3901 3911/3911
f 3910/3910 3911/3911 3899/3899
f 3912/3912 3911/3911 3910/3910
f 3900/3900 3910/3910 3917/3917
f 3910/3910 3899/3899 3916/3916
f 3917/3917 3916/3916 3903/3903
f 3910/3910 3916/3916 3917/3917
f 3900/3900 3917/3917 3922/3922
f 3917/3917 3903/3903 3923/3923
f 3922/3922 3923/3923 3905/3905
f 3917/3917 3923/3923 3922/3922
f 3900/3900 3922/3922 3926/3926
f 3922/3922 3905/3905 3929/3929
f 3926/3926 3929/3929 3906/3906
f 3922/3922 3929/3929 3926/3926
f 3901/3901 3927/3927 3915/3915
f 3927/3927 3906/3906 3928/3928
f 3915/3915 3928/3928 3902/3902
f 3927/3927 3928/3928 3915/3915
f 3899/3899 3911/3911 3935/3935
f 3911/3911 3901/3901 3936/3936
f 3935/3935 3936/3936 3908/3908
f 3911/3911 3936/3936 3935/3935
f 3903/3903 3916/3916 3932/3932
f 3916/3916 3899/3899 3931/3931
f 3932/3932 3931/3931 3907/3907
f 3916/3916 3931/3931 3932/3932
f 3905/3905 3923/3923 3924/3924
f 3923/3923 3903/3903 3920/3920
f 3924/3924 3920/3920 3904/3904
f 3923/3923 3920/3920 3924/3924
f 3906/3906 3929/3929 3925/3925
f 3929/3929 3905/3905 3921/3921
f 3925/3925 3921/3921 3898/3898
f 3929/3929 3921/3921 3925/3925
f 3939/3939 3976/3976 3955/3955
f 3976/3976 3950/3950 3979/3979
f 3955/3955 3979/3979 3944/3944
f 3976/3976 3979/3979 3955/3955
f 3939/3939 3955/3955 3951/3951
f 3955/3955 3944/3944 3956/3956
f 3951/3951 3956/3956 3940/3940
f 3955/3955 3956/3956 3951/3951
f 3939/3939 3951/3951 3960/3960
f 3951/3951 3940/3940 3961/3961
f 3960/3960 3961/3961 3946/3946
f 3951/3951 3961/3961 3960/3960
f 3939/3939 3960/3960 3972/3972
f 3960/3960 3946/3946 3975/3975
f 3972/3972 3975/3975 3949/3949
f 3960/3960 3975/3975 3972/3972
f 3939/3939 3972/3972 3976/3976
f 3972/3972 3949/3949 3980/3980
f 3976/3976 3980/3980 3950/3950
f 3972/3972 3980/3980 3976/3976
f 3940/3940 3956/3956 3967/3967
f 3956/3956 3944/3944 3970/3970
f 3967/3967 3970/3970 3948/3948
f 3956/3956 3970/3970 3967/3967
f 3944/3944 3979/3979 3957/3957
f 3979/3979 3950/3950 3978/3978
f 3957/3957 3978/3978 3943/3943
f 3979/3979 3978/3978 3957/3957
f 3950/3950 3980/3980 3977/3977
f 3980/3980 3949/3949 3973/3973
f 3977/3977 3973/3973 3941/3941
f 3980/3980 3973/3973 3977/3977
f 3949/3949 3975/3975 3974/3974
f 3975/3975 3946/3946 3962/3962
f 3974/3974 3962/3962 3945/3945
f 3975/3975 3962/3962 3974/3974
f 3946/3946 3961/3961 3966/3966
f 3961/3961 3940/3940 3963/3963
f 3966/3966 3963/3963 3947/3947
f 3961/3961 3963/3963 3966/3966
f 3942/3942 3968/3968 3954/3954
f 3968/3968 3948/3948 3969/3969
f 3954/3954 3969/3969 3943/3943
f 3968/3968 3969/3969 3954/3954
f 3942/3942 3954/3954 3952/3952
f 3954/3954 3943/3943 3953/3953
f 3952/3952 3953/3953 3941/3941
f 3954/3954 3953/3953 3952/3952
f 3942/3942 3952/3952 3959/3959
f 3952/3952 3941/3941 3958/3958
f 3959/3959 3958/3958 3945/3945
f 3952/3952 3958/3958 3959/3959
f 3942/3942 3959/3959 3964/3964
f 3959/3959 3945/3945 3965/3965
f 3964/3964 3965/3965 3947/3947
f 3959/3959 3965/3965 3964/3964
f 3942/3942 3964/3964 3968/3968
f 3964/3964 3947/3947 3971/3971
f 3968/3968 3971/3971 3948/3948
f 3964/3964 3971/3971 3968/3968
f 3943/3943 3969/3969 3957/3957
f 3969/3969 3948/3948 3970/3970
f 3957/3957 3970/3970 3944/3944
f 3969/3969 3970/3970 3957/3957
f 3941/3941 3953/3953 3977/3977
f 3953/3953 3943/3943 3978/3978
f 3977/3977 3978/3978 3950/3950
f 3953/3953 3978/3978 3977/3977
f 3945/3945 3958/3958 3974/3974
f 3958/3958 3941/3941 3973/3973
f 3974/3974 3973/3973 3949/3949
f 3958/3958 3973/3973 3974/3974
f 3947/3947 3965/3965 3966/3966
f 3965/3965 3945/3945 3962/3962
f 3966/3966 3962/3962 3946/3946
f 3965/3965 3962/3962 3966/3966
f 3948/3948 3971/3971 3967/3967
f 3971/3971 3947/3947 3963/3963
f 3967/3967 3963/3963 3940/3940
f 3971/3971 3963/3963 3967/3967
f 3981/3981 4018/4018 3997/3997
f 4018/4018 3992/3992 4021/4021
f 3997/3997 4021/4021 3986/3986
f 4018/4018 4021/4021 3997/3997
f 3981/3981 3997/3997 3993/3993
f 3997/3997 3986/3986 3998/3998
f 3993/3993 3998/3998 3982/3982
f 3997/3997 3998/3998 3993/3993
f 3981/3981 3993/3993 4002/4002
f 3993/3993 3982/3982 4003/4003
f 4002/4002 4003/4003 3988/3988
f 3993/3993 4003/4003 4002/4002
f 3981/3981 4002/4002 4014/4014
f 4002/4002 3988/3988 4017/4017
f 4014/4014 4017/4017 3991/3991
f 4002/4002 4017/4017 4014/4014
f 3981/3981 4014/4014 4018/4018
f 4014/4014 3991/3991 4022/4022
f 4018/4018 4022/4022 3992/3992
f 4014/4014 4022/4022 4018/4018
f 3982/3982 3998/3998 4009/4009
f 3998/3998 3986/3986 4012/4012
f 4009/4009 4012/4012 3990/3990
f 3998/3998 4012/4012 4009/4009
f 3986/3986 4021/4021 3999/3999
f 4021/4021 3992/3992 4020/4020
f 3999/3999 4020/4020 3985/3985
f 4021/4021 4020/4020 3999/3999
f 3992/3992 4022/4022 4019/4019
f 4022/4022 3991/3991 4015/4015
f 4019/4019 4015/4015 3983/3983
f 4022/4022 4015/4015 4019/4019
f 3991/3991 4017/4017 4016/4016
f 4017/4017 3988/3988 4004/4004
f 4016/4016 4004/4004 3987/3987
f 4017/4017 4004/4004 4016/4016
f 3988/3988 4003/4003 4008/4008
f 4003/4003 3982/3982 4005/4005
f 4008/4008 4005/4005 3989/3989
f 4003/4003 4005/4005 4008/4008
f 3984/3984 4010/4010 3996/3996
f 4010/4010 3990/3990 4011/4011
f 3996/3996 4011/4011 3985/3985
f 4010/4010 4011/4011 3996/3996
f 3984/3984 3996/3996 3994/3994
f 3996/3996 3985/3985 3995/3995
f 3994/3994 3995/3995 3983/3983
f 3996/3996 3995/3995 3994/3994
f 3984/3984 3994/3994 4001/4001
f 3994/3994 3983/3983 4000/4000
f 4001/4001 4000/4000 3987/3987
f 3994/3994 4000/4000 4001/4001
f 3984/3984 4001/4001 4006/4006
f 4001/4001 3987/3987 4007/4007
f 4006/4006 4007/4007 3989/3989
f 4001/4001 4007/4007 4006/4006
f 3984/3984 4006/4006 4010/4010
f 4006/4006 3989/3989 4013/4013
f 4010/4010 4013/4013 3990/3990
f 4006/4006 4013/4013 4010/4010
f 3985/3985 4011/4011 3999/3999
f 4011/4011 3990/3990 4012/4012
f 3999/3999 4012/4012 3986/3986
f 4011/4011 4012/4012 3999/3999
f 3983/3983 3995/3995 4019/4019
f 3995/3995 3985/3985 4020/4020
f 4019/4019 4020/4020 3992/3992
f 3995/3995 4020/4020 4019/4019
f 3987/3987 4000/4000 4016/4016
f 4000/4000 3983/3983 4015/4015
f 4016/4016 4015/4015 3991/3991
f 4000/4000 4015/4015 4016/4016
f 3989/3989 4007/4007 4008/4008
f 4007/4007 3987/3987 4004/4004
f 4008/4008 4004/4004 3988/3988
f 4007/4007 4004/4004 4008/4008
f 3990/3990 4013/4013 4009/4009
f 4013/4013 3989/3989 4005/4005
f 4009/4009 4005/4005 3982/3982
f 4013/4013 4005/4005 4009/4009
f 4023/4023 4060/4060 4039/4039
f 4060/4060 4034/4034 4063/4063
f 4039/4039 4063/4063 4028/4028
f 4060/4060 4063/4063 4039/4039
f 4023/4023 4039/4039 4035/4035
f 4039/4039 4028/4028 4040/4040
f 4035/4035 4040/4040 4024/4024
f 4039/4039 4040/4040 4035/4035
f 4023/4023 4035/4035 4044/4044
f 4035/4035 4024/4024 4045/4045
f 4044/4044 4045/4045 4030/4030
f 4035/4035 4045/4045 4044/4044
f 4023/4023 4044/4044 4056/4056
f 4044/4044 4030/4030 4059/4059
f 4056/4056 4059/4059 4033/4033
f 4044/4044 4059/4059 4056/4056
f 4023/4023 4056/4056 4060/4060
f 4056/4056 4033/4033 4064/4064
f 4060/4060 4064/4064 4034/4034
f 4056/4056 4064/4064 4060/4060
f 4024/4024 4040/4040 4051/4051
f 4040/4040 4028/4028 4054/4054
f 4051/4051 4054/4054 4032/4032
f 4040/4040 4054/4054 4051/4051
f 4028/4028 4063/4063 4041/4041
f 4063/4063 4034/4034 4062/4062
f 4041/4041 4062/4062 4027/4027
f 4063/4063 4062/4062 4041/4041
f 4034/4034 4064/4064 4061/4061
f 4064/4064 4033/4033 4057/4057
f 4061/4061 4057/4057 4025/4025
f 4064/4064 4057/4057 4061/4061
f 4033/4033 4059/4059 4058/4058
f 4059/4059 4030/4030 4046/4046
f 4058/4058 4046/4046 4029/4029
f 4059/4059 4046/4046 4058/4058
f 4030/4030 4045/4045 4050/4050
f 4045/4045 4024/4024 4047/4047
f 4050/4050 4047/4047 4031/4031
f 4045/4045 4047/4047 4050/4050
f 4026/4026 4052/4052 4038/4038
f 4052/4052 4032/4032 4053/4053
f 4038/4038 4053/4053 4027/4027
f 4052/4052 4053/4053 4038/4038
f 4026/4026 4038/4038 4036/4036
f 4038/4038 4027/4027 4037/4037
f 4036/4036 4037/4037 4025/4025
f 4038/4038 4037/4037 4036/4036
f 4026/4026 4036/4036 4043/4043
f 4036/4036 4025/4025 4042/4042
f 4043/4043 4042/4042 4029/4029
f 4036/4036 4042/4042 4043/4043
f 4026/4026 4043/4043 4048/4048
f 4043/4043 4029/4029 4049/4049
f 4048/4048 4049/4049 4031/4031
f 4043/4043 4049/4049 4048/4048
f 4026/4026 4048/4048 4052/4052
f 4048/4048 4031/4031 4055/4055
f 4052/4052 4055/4055 4032/4032
f 4048/4048 4055/4055 4052/4052
f 4027/4027 4053/4053 4041/4041
f 4053/4053 4032/4032 4054/4054
f 4041/4041 4054/4054 4028/4028
f 4053/4053 4054/4054 4041/4041
f 4025/4025 4037/4037 4061/4061
f 4037/4037 4027/4027 4062/4062
f 4061/4061 4062/4062 4034/4034
f 4037/4037 4062/4062 4061/4061
f 4029/4029 4042/4042 4058/4058
f 4042/4042 4025/4025 4057/4057
f 4058/4058 4057/4057 4033/4033
f 4042/4042 4057/4057 4058/4058
f 4031/4031 4049/4049 4050/4050
f 4049/4049 4029/4029 4046/4046
f 4050/4050 4046/4046 4030/4030
f 4049/4049 4046/4046 4050/4050
f 4032/4032 4055/4055 4051/4051
f 4055/4055 4031/4031 4047/4047
f 4051/4051 4047/4047 4024/4024
f 4055/4055 4047/4047 4051/4051
f 4065/4065 4102/4102 4081/4081
f 4102/4102 4076/4076 4105/4105
f 4081/4081 4105/4105 4070/4070
f 4102/4102 4105/4105 4081/4081
f 4065/4065 4081/4081 4077/4077
f 4081/4081 4070/4070 4082/4082
f 4077/4077 4082/4082 4066/4066
f 4081/4081 4082/4082 4077/4077
f 4065/4065 4077/4077 4086/4086
f 4077/4077 4066/4066 4087/4087
f 4086/4086 4087/4087 4072/4072
f 4077/4077 4087/4087 4086/4086
f 4065/4065 4086/4086 4098/4098
f 4086/4086 4072/4072 4101/4101
f 4098/4098 4101/4101 4075/4075
f 4086/4086 4101/4101 4098/4098
f 4065/4065 4098/4098 4102/4102
f 4098/4098 4075/4075 4106/4106
f 4102/4102 4106/4106 4076/4076
f 4098/4098 4106/4106 4102/4102
f 4066/4066 4082/4082 4093/4093
f 4082/4082 4070/4070 4096/4096
f 4093/4093 4096/4096 4074/4074
f 4082/4082 4096/4096 4093/4093
f 4070/4070 4105/4105 4083/4083
f 4105/4105 4076/4076 4104/4104
f 4083/4083 4104/4104 4069/4069
f 4105/4105 4104/4104 4083/4083
f 4076/4076 4106/4106 4103/4103
f 4106/4106 4075/4075 4099/4099
f 4103/4103 4099/4099 4067/4067
f 4106/4106 4099/4099 4103/4103
f 4075/4075 4101/4101 4100/4100
f 4101/4101 4072/4072 4088/4088
f 4100/4100 4088/4088 4071/4071
f 4101/4101 4088/4088 4100/4100
f 4072/4072 4087/4087 4092/4092
f 4087/4087 4066/4066 4089/4089
f 4092/4092 4089/4089 4073/4073
f 4087/4087 4089/4089 4092/4092
f 4068/4068 4094/4094 4080/4080
f 4094/4094 4074/4074 4095/4095
f 4080/4080 4095/4095 4069/4069
f 4094/4094 4095/4095 4080/4080
f 4068/4068 4080/4080 4078/4078
f 4080/4080 4069/4069 4079/4079
f 4078/4078 4079/4079 4067/4067
f 4080/4080 4079/4079 4078/4078
f 4068/4068 4078/4078 4085/4085
f 4078/4078 4067/4067 4084/4084
f 4085/4085 4084/4084 4071/4071
f 4078/4078 4084/4084 4085/4085
f 4068/4068 4085/4085 4090/4090
f 4085/4085 4071/4071 4091/4091
f 4090/4090 4091/4091 4073/4073
f 4085/4085 4091/4091 4090/4090
f 4068/4068 4090/4090 4094/4094
f 4090/4090 4073/4073 4097/4097
f 4094/4094 4097/4097 4074/4074
f 4090/4090 4097/4097 4094/4094
f 4069/4069 4095/4095 4083/4083
f 4095/4095 4074/4074 4096/4096
f 4083/4083 4096/4096 4070/4070
f 4095/4095 4096/4096 4083/4083
f 4067/4067 4079/4079 4103/4103
f 4079/4079 4069/4069 4104/4104
f 4103/4103 4104/4104 4076/4076
f 4079/4079 4104/4104 4103/4103
f 4071/4071 4084/4084 4100/4100
f 4084/4084 4067/4067 4099/4099
f 4100/4100 4099/4099 4075/4075
f 4084/4084 4099/4099 4100/4100
f 4073/4073 4091/4091 4092/4092
f 4091/4091 4071/4071 4088/4088
f 4092/4092 4088/4088 4072/4072
f 4091/4091 4088/4088 4092/4092
f 4074/4074 4097/4097 4093/4093
f 4097/4097 4073/4073 4089/4089
f 4093/4093 4089/4089 4066/4066
f 4097/4097 4089/4089 4093/4093
f 4107/4107 4144/4144 4123/4123
f 4144/4144 4118/4118 4147/4147
f 4123/4123 4147/4147 4112/4112
f 4144/4144 4147/4147 4123/4123
f 4107/4107 4123/4123 4119/4119
f 4123/4123 4112/4112 4124/4124
f 4119/4119 4124/4124 4108/4108
f 4123/4123 4124/4124 4119/4119
f 4107/4107 4119/4119 4128/4128
f 4119/4119 4108/4108 4129/4129
f 4128/4128 4129/4129 4114/4114
f 4119/4119 4129/4129 4128/4128
f 4107/4107 4128/4128 4140/4140
f 4128/4128 4114/4114 4143/4143
f 4140/4140 4143/4143 4117/4117
f 4128/4128 4143/4143 4140/4140
f 4107/4107 4140/4140 4144/4144
f 4140/4140 4117/4117 4148/4148
f 4144/4144 4148/4148 4118/4118
f 4140/4140 4148/4148 4144/4144
f 4108/4108 4124/4124 4135/4135
f 4124/4124 4112/4112 4138/4138
f 4135/4135 4138/4138 4116/4116
f 4124/4124 4138/4138 4135/4135
f 4112/4112 4147/4147 4125/4125
f 4147/4147 4118/4118 4146/4146
f 4125/4125 4146/4146 4111/4111
f 4147/4147 4146/4146 4125/4125
f 4118/4118 4148/4148 4145/4145
f 4148/4148 4117/4117 4141/4141
f 4145/4145 4141/4141 4109/4109
f 4148/4148 4141/4141 4145/4145
f 4117/4117 4143/4143 4142/4142
f 4143/4143 4114/4114 4130/4130
f 4142/4142 4130/4130 4113/4113
f 4143/4143 4130/4130 4142/4142
f 4114/4114 4129/4129 4134/4134
f 4129/4129 4108/4108 4131/4131
f 4134/4134 4131/4131 4115/4115
f 4129/4129 4131/4131 4134/4134
f 4110/4110 4136/4136 4122/4122
f 4136/4136 4116/4116 4137/4137
f 4122/4122 4137/4137 4111/4111
f 4136/4136 4137/4137 4122/4122
f 4110/4110 4122/4122 4120/4120
f 4122/4122 4111/4111 4121/4121
f 4120/4120 4121/4121 4109/4109
f 4122/4122 4121/4121 4120/4120
f 4110/4110 4120/4120 4127/4127
f 4120/4120 4109/4109 4126/4126
f 4127/4127 4126/4126 4113/4113
f 4120/4120 4126/4126 4127/4127
f 4110/4110 4127/4127 4132/4132
f 4127/4127 4113/4113 4133/4133
f 4132/4132 4133/4133 4115/4115
f 4127/4127 4133/4133 4132/4132
f 4110/4110 4132/4132 4136/4136
f 4132/4132 4115/4115 4139/4139
f 4136/4136 4139/4139 4116/4116
f 4132/4132 4139/4139 4136/4136
f 4111/4111 4137/4137 4125/4125
f 4137/4137 4116/4116 4138/4138
f 4125/4125 4138/4138 4112/4112
f 4137/4137 4138/4138 4125/4125
f 4109/4109 4121/4121 4145/4145
f 4121/4121 4111/4111 4146/4146
f 4145/4145 4146/4146 4118/4118
f 4121/4121 4146/4146 4145/4145
f 4113/4113 4126/4126 4142/4142
f 4126/4126 4109/4109 4141/4141
f 4142/4142 4141/4141 4117/4117
f 4126/4126 4141/4141 4142/4142
f 4115/4115 4133/4133 4134/4134
f 4133/4133 4113/4113 4130/4130
f 4134/4134 4130/4130 4114/4114
f 4133/4133 4130/4130 4134/4134
f 4116/4116 4139/4139 4135/4135
f 4139/4139 4115/4115 4131/4131
f 4135/4135 4131/4131 4108/4108
f 4139/4139 4131/4131 4135/4135
f 4149/4149 4186/4186 4165/4165
f 4186/4186 4160/4160 4189/4189
f 4165/4165 4189/4189 4154/4154
f 4186/4186 4189/4189 4165/4165
f 4149/4149 4165/4165 4161/4161
f 4165/4165 4154/4154 4166/4166
f 4161/4161 4166/4166 4150/4150
f 4165/4165 4166/4166 4161/4161
f 4149/4149 4161/4161 4170/4170
f 4161/4161 4150/4150 4171/4171
f 4170/4170 4171/4171 4156/4156
f 4161/4161 4171/4171 4170/4170
f 4149/4149 4170/4170 4182/4182
f 4170/4170 4156/4156 4185/4185
f 4182/4182 4185/4185 4159/4159
f 4170/4170 4185/4185 4182/4182
f 4149/4149 4182/4182 4186/4186
f 4182/4182 4159/4159 4190/4190
f 4186/4186 4190/4190 4160/4160
f 4182/4182 4190/4190 4186/4186
f 4150/4150 4166/4166 4177/4177
f 4166/4166 4154/4154 4180/4180
f 4177/4177 4180/4180 4158/4158
f 4166/4166 4180/4180 4177/4177
f 4154/4154 4189/4189 4167/4167
f 4189/4189 4160/4160 4188/4188
f 4167/4167 4188/4188 4153/4153
f 4189/4189 4188/4188 4167/4167
f 4160/4160 4190/4190 4187/4187
f 4190/4190 4159/4159 4183/4183
f 4187/4187 4183/4183 4151/4151
f 4190/4190 4183/4183 4187/4187
f 4159/4159 4185/4185 4184/4184
f 4185/4185 4156/4156 4172/4172
f 4184/4184 4172/4172 4155/4155
f 4185/4185 4172/4172 4184/4184
f 4156/4156 4171/4171 4176/4176
f 4171/4171 4150/4150 4173/4173
f 4176/4176 4173/4173 4157/4157
f 4171/4171 4173/4173 4176/4176
f 4152/4152 4178/4178 4164/4164
f 4178/4178 4158/4158 4179/4179
f 4164/4164 4179/4179 4153/4153
f 4178/4178 4179/4179 4164/4164
f 4152/4152 4164/4164 4162/4162
f 4164/4164 4153/4153 4163/4163
f 4162/4162 4163/4163 4151/4151
f 4164/4164 4163/4163 4162/4162
f 4152/4152 4162/4162 4169/4169
f 4162/4162 4151/4151 4168/4168
f 4169/4169 4168/4168 4155/4155
f 4162/4162 4168/4168 4169/4169
f 4152/4152 4169/4169 4174/4174
f 4169/4169 4155/4155 4175/4175
f 4174/4174 4175/4175 4157/4157
f 4169/4169 4175/4175 4174/4174
f 4152/4152 4174/4174 4178/4178
f 4174/4174 4157/4157 4181/4181
f 4178/4178 4181/4181 4158/4158
f 4174/4174 4181/4181 4178/4178
f 4153/4153 4179/4179 4167/4167
f 4179/4179 4158/4158 4180/4180
f 4167/4167 4180/4180 4154/4154
f 4179/4179 4180/4180 4167/4167
f 4151/4151 4163/4163 4187/4187
f 4163/4163 4153/4153 4188/4188
f 4187/4187 4188/4188 4160/4160
f 4163/4163 4188/4188 4187/4187
f 4155/4155 4168/4168 4184/4184
f 4168/4168 4151/4151 4183/4183
f 4184/4184 4183/4183 4159/4159
f 4168/4168 4183/4183 4184/4184
f 4157/4157 4175/4175 4176/4176
f 4175/4175 4155/4155 4172/4172
f 4176/4176 4172/4172 4156/4156
f 4175/4175 4172/4172 4176/4176
f 4158/4158 4181/4181 4177/4177
f 4181/4181 4157/4157 4173/4173
f 4177/4177 4173/4173 4150/4150
f 4181/4181 4173/4173 4177/4177
f 4192/4192 4191/4191 4195/4195
f 4192/4192 4195/4195 4193/4193
f 4193/4193 4195/4195 4196/4196
f 4193/4193 4196/4196 4194/4194
f 4195/4195 4191/4191 4197/4197
f 4195/4195 4197/4197 4196/4196
f 4196/4196 4197/4197 4198/4198
f 4196/4196 4198/4198 4194/4194
f 4197/4197 4191/4191 4199/4199
f 4197/4197 4199/4199 4198/4198
f 4198/4198 4199/4199 4200/4200
f 4198/4198 4200/4200 4194/4194
f 4199/4199 4191/4191 4201/4201
f 4199/4199 4201/4201 4200/4200
f 4200/4200 4201/4201 4202/4202
f 4200/4200 4202/4202 4194/4194
f 4201/4201 4191/4191 4203/4203
f 4201/4201 4203/4203 4202/4202
f 4202/4202 4203/4203 4204/4204
f 4202/4202 4204/4204 4194/4194
f 4203/4203 4191/4191 4205/4205
f 4203/4203 4205/4205 4204/4204
f 4204/4204 4205/4205 4206/4206
f 4204/4204 4206/4206 4194/4194
f 4205/4205 4191/4191 4207/4207
f 4205/4205 4207/4207 4206/4206
f 4206/4206 4207/4207 4208/4208
f 4206/4206 4208/4208 4194/4194
f 4207/4207 4191/4191 4209/4209
f 4207/4207 4209/4209 4208/4208
f 4208/4208 4209/4209 4210/4210
f 4208/4208 4210/4210 4194/4194
f 4209/4209 4191/4191 4211/4211
f 4209/4209 4211/4211 4210/4210
f 4210/4210 4211/4211 4212/4212
f 4210/4210 4212/4212 4194/4194
f 4211/4211 4191/4191 4192/4192
f 4211/4211 4192/4192 4212/4212
f 4212/4212 4192/4192 4193/4193
f 4212/4212 4193/4193 4194/4194
f 4214/4214 4213/4213 4217/4217
f 4214/4214 4217/4217 4215/4215
f 4215/4215 4217/4217 4218/4218
f 4215/4215 4218/4218 4216/4216
f 4217/4217 4213/4213 4219/4219
f 4217/4217 4219/4219 4218/4218
f 4218/4218 4219/4219 4220/4220
f 4218/4218 4220/4220 4216/4216
f 4219/4219 4213/4213 4221/4221
f 4219/4219 4221/4221 4220/4220
f 4220/4220 4221/4221 4222/4222
f 4220/4220 4222/4222 4216/4216
f 4221/4221 4213/4213 4223/4223
f 4221/4221 4223/4223 4222/4222
f 4222/4222 4223/4223 4224/4224
f 4222/4222 4224/4224 4216/4216
f 4223/4223 4213/4213 4225/4225
f 4223/4223 4225/4225 4224/4224
f 4224/4224 4225/4225 4226/4226
f 4224/4224 4226/4226 4216/4216
f 4225/4225 4213/4213 4227/4227
f 4225/4225 4227/4227 4226/4226
f 4226/4226 4227/4227 4228/4228
f 4226/4226 4228/4228 4216/4216
f 4227/4227 4213/4213 4229/4229
f 4227/4227 4229/4229 4228/4228
f 4228/4228 4229/4229 4230/4230
f 4228/4228 4230/4230 4216/4216
f 4229/4229 4213/4213 4231/4231
f 4229/4229 4231/4231 4230/4230
f 4230/4230 4231/4231 4232/4232
f 4230/4230 4232/4232 4216/4216
f 4231/4231 4213/4213 4233/4233
f 4231/4231 4233/4233 4232/4232
f 4232/4232 4233/4233 4234/4234
f 4232/4232 4234/4234 4216/4216
f 4233/4233 4213/4213 4235/4235
f 4233/4233 4235/4235 4234/4234
f 4234/4234 4235/4235 4236/4236
f 4234/4234 4236/4236 4216/4216
f 4235/4235 4213/4213 4237/4237
f 4235/4235 4237/4237 4236/4236
f 4236/4236 4237/4237 4238/4238
f 4236/4236 4238/4238 4216/4216
f 4237/4237 4213/4213 4214/4214
f 4237/4237 4214/4214 4238/4238
f 4238/4238 4214/4214 4215/4215
f 4238/4238 4215/4215 4216/4216
f 4240/4240 4239/4239 4243/4243
f 4240/4240 4243/4243 4241/4241
f 4241/4241 4243/4243 4244/4244
f 4241/4241 4244/4244 4242/4242
f 4243/4243 4239/4239 4245/4245
f 4243/4243 4245/4245 4244/4244
f 4244/4244 4245/4245 4246/4246
f 4244/4244 4246/4246 4242/4242
f 4245/4245 4239/4239 4247/4247
f 4245/4245 4247/4247 4246/4246
f 4246/4246 4247/4247 4248/4248
f 4246/4246 4248/4248 4242/4242
f 4247/4247 4239/4239 4249/4249
f 4247/4247 4249/4249 4248/4248
f 4248/4248 4249/4249 4250/4250
f 4248/4248 4250/4250 4242/4242
f 4249/4249 4239/4239 4251/4251
f 4249/4249 4251/4251 4250/4250
f 4250/4250 4251/4251 4252/4252
f 4250/4250 4252/4252 4242/4242
f 4251/4251 4239/4239 4253/4253
f 4251/4251 4253/4253 4252/4252
f 4252/4252 4253/4253 4254/4254
f 4252/4252 4254/4254 4242/4242
f 4253/4253 4239/4239 4255/4255
f 4253/4253 4255/4255 4254/4254
f 4254/4254 4255/4255 4256/4256
f 4254/4254 4256/4256 4242/4242
f 4255/4255 4239/4239 4257/4257
f 4255/4255 4257/4257 4256/4256
f 4256/4256 4257/4257 4258/4258
f 4256/4256 4258/4258 4242/4242
f 4257/4257 4239/4239 4259/4259
f 4257/4257 4259/4259 4258/4258
f 4258/4258 4259/4259 4260/4260
f 4258/4258 4260/4260 4242/4242
f 4259/4259 4239/4239 4240/4240
f 4259/4259 4240/4240 4260/4260
f 4260/4260 4240/4240 4241/4241
f 4260/4260 4241/4241 4242/4242
f 4262/4262 4261/4261 4265/4265
f 4262/4262 4265/4265 4263/4263
f 4263/4263 4265/4265 4266/4266
f 4263/4263 4266/4266 4264/4264
f 4265/4265 4261/4261 4267/4267
f 4265/4265 4267/4267 4266/4266
f 4266/4266 4267/4267 4268/4268
f 4266/4266 4268/4268 4264/4264
f 4267/4267 4261/4261 4269/4269
f 4267/4267 4269/4269 4268/4268
f 4268/4268 4269/4269 4270/4270
f 4268/4268 4270/4270 4264/4264
f 4269/4269 4261/4261 4271/4271
f 4269/4269 4271/4271 4270/4270
f 4270/4270 4271/4271 4272/4272
f 4270/4270 4272/4272 4264/4264
f 4271/4271 4261/4261 4273/4273
f 4271/4271 4273/4273 4272/4272
f 4272/4272 4273/4273 4274/4274
f 4272/4272 4274/4274 4264/4264
f 4273/4273 4261/4261 4275/4275
f 4273/4273 4275/4275 4274/4274
f 4274/4274 4275/4275 4276/4276
f 4274/4274 4276/4276 4264/4264
f 4275/4275 4261/4261 4277/4277
f 4275/4275 4277/4277 4276/4276
f 4276/4276 4277/4277 4278/4278
f 4276/4276 4278/4278 4264/4264
f 4277/4277 4261/4261 4279/4279
f 4277/4277 4279/4279 4278/4278
f 4278/4278 4279/4279 4280/4280
f 4278/4278 4280/4280 4264/4264
f 4279/4279 4261/4261 4281/4281
f 4279/4279 4281/4281 4280/4280
f 4280/4280 4281/4281 4282/4282
f 4280/4280 4282/4282 4264/4264
f 4281/4281 4261/4261 4283/4283
f 4281/4281 4283/4283 4282/4282
f 4282/4282 4283/4283 4284/4284
f 4282/4282 4284/4284 4264/4264
f 4283/4283 4261/4261 4285/4285
f 4283/4283 4285/4285 4284/4284
f 4284/4284 4285/4285 4286/4286
f 4284/4284 4286/4286 4264/4264
f 4285/4285 4261/4261 4262/4262
f 4285/4285 4262/4262 4286/4286
f 4286/4286 4262/4262 4263/4263
f 4286/4286 4263/4263 4264/4264
f 4288/4288 4287/4287 4291/4291
f 4288/4288 4291/4291 4289/4289
f 4289/4289 4291/4291 4292/4292
f 4289/4289 4292/4292 4290/4290
f 4291/4291 4287/4287 4293/4293
f 4291/4291 4293/4293 4292/4292
f 4292/4292 4293/4293 4294/4294
f 4292/4292 4294/4294 4290/4290
f 4293/4293 4287/4287 4295/4295
f 4293/4293 4295/4295 4294/4294
f 4294/4294 4295/4295 4296/4296
f 4294/4294 4296/4296 4290/4290
f 4295/4295 4287/4287 4297/4297
f 4295/4295 4297/4297 4296/4296
f 4296/4296 4297/4297 4298/4298
f 4296/4296 4298/4298 4290/4290
f 4297/4297 4287/4287 4299/4299
f 4297/4297 4299/4299 4298/4298
f 4298/4298 4299/4299 4300/4300
f 4298/4298 4300/4300 4290/4290
f 4299/4299 4287/4287 4301/4301
f 4299/4299 4301/4301 4300/4300
f 4300/4300 4301/4301 4302/4302
f 4300/4300 4302/4302 4290/4290
f 4301/4301 4287/4287 4303/4303
f 4301/4301 4303/4303 4302/4302
f 4302/4302 4303/4303 4304/4304
f 4302/4302 4304/4304 4290/4290
f 4303/4303 4287/4287 4305/4305
f 4303/4303 4305/4305 4304/4304
f 4304/4304 4305/4305 4306/4306
f 4304/4304 4306/4306 4290/4290
f 4305/4305 4287/4287 4307/4307
f 4305/4305 4307/4307 4306/4306
f 4306/4306 4307/4307 4308/4308
f 4306/4306 4308/4308 4290/4290
f 4307/4307 4287/4287 4288/4288
f 4307/4307 4288/4288 4308/4308
f 4308/4308 4288/4288 4289/4289
f 4308/4308 4289/4289 4290/4290
f 4310/4310 4309/4309 4313/4313
f 4310/4310 4313/4313 4311/4311
f 4311/4311 4313/4313 4314/4314
f 4311/4311 4314/4314 4312/4312
f 4313/4313 4309/4309 4315/4315
f 4313/4313 4315/4315 4314/4314
f 4314/4314 4315/4315 4316/4316
f 4314/4314 4316/4316 4312/4312
f 4315/4315 4309/4309 4317/4317
f 4315/4315 4317/4317 4316/4316
f 4316/4316 4317/4317 4318/4318
f 4316/4316 4318/4318 4312/4312
f 4317/4317 4309/4309 4319/4319
f 4317/4317 4319/4319 4318/4318
f 4318/4318 4319/4319 4320/4320
f 4318/4318 4320/4320 4312/4312
f 4319/4319 4309/4309 4321/4321
f 4319/4319 4321/4321 4320/4320
f 4320/4320 4321/4321 4322/4322
f 4320/4320 4322/4322 4312/4312
f 4321/4321 4309/4309 4323/4323
f 4321/4321 4323/4323 4322/4322
f 4322/4322 4323/4323 4324/4324
f 4322/4322 4324/4324 4312/4312
f 4323/4323 4309/4309 4325/4325
f 4323/4323 4325/4325 4324/4324
f 4324/4324 4325/4325 4326/4326
f 4324/4324 4326/4326 4312/4312
f 4325/4325 4309/4309 4327/4327
f 4325/4325 4327/4327 4326/4326
f 4326/4326 4327/4327 4328/4328
f 4326/4326 4328/4328 4312/4312
f 4327/4327 4309/4309 4329/4329
f 4327/4327 4329/4329 4328/4328
f 4328/4328 4329/4329 4330/4330
f 4328/4328 4330/4330 4312/4312
f 4329/4329 4309/4309 4331/4331
f 4329/4329 4331/4331 4330/4330
f 4330/4330 4331/4331 4332/4332
f 4330/4330 4332/4332 4312/4312
f 4331/4331 4309/4309 4333/4333
f 4331/4331 4333/4333 4332/4332
f 4332/4332 4333/4333 4334/4334
f 4332/4332 4334/4334 4312/4312
f 4333/4333 4309/4309 4310/4310
f 4333/4333 4310/4310 4334/4334
f 4334/4334 4310/4310 4311/4311
f 4334/4334 4311/4311 4312/4312
f 4336/4336 4335/4335 4339/4339
f 4336/4336 4339/4339 4337/4337
f 4337/4337 4339/4339 4340/4340
f 4337/4337 4340/4340 4338/4338
f 4339/4339 4335/4335 4341/4341
f 4339/4339 4341/4341 4340/4340
f 4340/4340 4341/4341 4342/4342
f 4340/4340 4342/4342 4338/4338
f 4341/4341 4335/4335 4343/4343
f 4341/4341 4343/4343 4342/4342
f 4342/4342 4343/4343 4344/4344
f 4342/4342 4344/4344 4338/4338
f 4343/4343 4335/4335 4345/4345
f 4343/4343 4345/4345 4344/4344
f 4344/4344 4345/4345 4346/4346
f 4344/4344 4346/4346 4338/4338
f 4345/4345 4335/4335 4347/4347
f 4345/4345 4347/4347 4346/4346
f 4346/4346 4347/4347 4348/4348
f 4346/4346 4348/4348 4338/4338
f 4347/4347 4335/4335 4349/4349
f 4347/4347 4349/4349 4348/4348
f 4348/4348 4349/4349 4350/4350
f 4348/4348 4350/4350 4338/4338
f 4349/4349 4335/4335 4351/4351
f 4349/4349 4351/4351 4350/4350
f 4350/4350 4351/4351 4352/4352
f 4350/4350 4352/4352 4338/4338
f 4351/4351 4335/4335 4353/4353
f 4351/4351 4353/4353 4352/4352
f 4352/4352 4353/4353 4354/4354
f 4352/4352 4354/4354 4338/4338
f 4353/4353 4335/4335 4355/4355
f 4353/4353 4355/4355 4354/4354
f 4354/4354 4355/4355 4356/4356
f 4354/4354 4356/4356 4338/4338
f 4355/4355 4335/4335 4336/4336
f 4355/4355 4336/4336 4356/4356
f 4356/4356 4336/4336 4337/4337
f 4356/4356 4337/4337 4338/4338
f 4358/4358 4357/4357 4361/4361
f 4358/4358 4361/4361 4359/4359
f 4359/4359 4361/4361 4362/4362
f 4359/4359 4362/4362 4360/4360
f 4361/4361 4357/4357 4363/4363
f 4361/4361 4363/4363 4362/4362
f 4362/4362 4363/4363 4364/4364
f 4362/4362 4364/4364 4360/4360
f 4363/4363 4357/4357 4365/4365
f 4363/4363 4365/4365 4364/4364
f 4364/4364 4365/4365 4366/4366
f 4364/4364 4366/4366 4360/4360
f 4365/4365 4357/4357 4367/4367
f 4365/4365 4367/4367 4366/4366
f 4366/4366 4367/4367 4368/4368
f 4366/4366 4368/4368 4360/4360
f 4367/4367 4357/4357 4369/4369
f 4367/4367 4369/4369 4368/4368
f 4368/4368 4369/4369 4370/4370
f 4368/4368 4370/4370 4360/4360
f 4369/4369 4357/4357 4371/4371
f 4369/4369 4371/4371 4370/4370
f 4370/4370 4371/4371 4372/4372
f 4370/4370 4372/4372 4360/4360
f 4371/4371 4357/4357 4373/4373
f 4371/4371 4373/4373 4372/4372
f 4372/4372 4373/4373 4374/4374
f 4372/4372 4374/4374 4360/4360
f 4373/4373 4357/4357 4375/4375
f 4373/4373 4375/4375 4374/4374
f 4374/4374 4375/4375 4376/4376
f 4374/4374 4376/4376 4360/4360
f 4375/4375 4357/4357 4377/4377
f 4375/4375 4377/4377 4376/4376
f 4376/4376 4377/4377 4378/4378
f 4376/4376 4378/4378 4360/4360
f 4377/4377 4357/4357 4379/4379
f 4377/4377 4379/4379 4378/4378
f 4378/4378 4379/4379 4380/4380
f 4378/4378 4380/4380 4360/4360
f 4379/4379 4357/4357 4381/4381
f 4379/4379 4381/4381 4380/4380
f 4380/4380 4381/4381 4382/4382
f 4380/4380 4382/4382 4360/4360
f 4381/4381 4357/4357 4358/4358
f 4381/4381 4358/4358 4382/4382
f 4382/4382 4358/4358 4359/4359
f 4382/4382 4359/4359 4360/4360
f 4384/4384 4383/4383 4387/4387
f 4384/4384 4387/4387 4385/4385
f 4385/4385 4387/4387 4388/4388
f 4385/4385 4388/4388 4386/4386
f 4387/4387 4383/4383 4389/4389
f 4387/4387 4389/4389 4388/4388
f 4388/4388 4389/4389 4390/4390
f 4388/4388 4390/4390 4386/4386
f 4389/4389 4383/4383 4391/4391
f 4389/4389 4391/4391 4390/4390
f 4390/4390 4391/4391 4392/4392
f 4390/4390 4392/4392 4386/4386
f 4391/4391 4383/4383 4393/4393
f 4391/4391 4393/4393 4392/4392
f 4392/4392 4393/4393 4394/4394
f 4392/4392 4394/4394 4386/4386
f 4393/4393 4383/4383 4395/4395
f 4393/4393 4395/4395 4394/4394
f 4394/4394 4395/4395 4396/4396
f 4394/4394 4396/4396 4386/4386
f 4395/4395 4383/4383 4397/4397
f 4395/4395 4397/4397 4396/4396
f 4396/4396 4397/4397 4398/4398
f 4396/4396 4398/4398 4386/4386
f 4397/4397 4383/4383 4399/4399
f 4397/4397 4399/4399 4398/4398
f 4398/4398 4399/4399 4400/4400
f 4398/4398 4400/4400 4386/4386
f 4399/4399 4383/4383 4401/4401
f 4399/4399 4401/4401 4400/4400
f 4400/4400 4401/4401 4402/4402
f 4400/4400 4402/4402 4386/4386
f 4401/4401 4383/4383 4403/4403
f 4401/4401 4403/4403 4402/4402
f 4402/4402 4403/4403 4404/4404
f 4402/4402 4404/4404 4386/4386
f 4403/4403 4383/4383 4384/4384
f 4403/4403 4384/4384 4404/4404
f 4404/4404 4384/4384 4385/4385
f 4404/4404 4385/4385 4386/4386
f 4406/4406 4405/4405 4409/4409
f 4406/4406 4409/4409 4407/4407
f 4407/4407 4409/4409 4410/4410
f 4407/4407 4410/4410 4408/4408
f 4409/4409 4405/4405 4411/4411
f 4409/4409 4411/4411 4410/4410
f 4410/4410 4411/4411 4412/4412
f 4410/4410 4412/4412 4408/4408
f 4411/4411 4405/4405 4413/4413
f 4411/4411 4413/4413 4412/4412
f 4412/4412 4413/4413 4414/4414
f 4412/4412 4414/4414 4408/4408
f 4413/4413 4405/4405 4415/4415
f 4413/4413 4415/4415 4414/4414
f 4414/4414 4415/4415 4416/4416
f 4414/4414 4416/4416 4408/4408
f 4415/4415 4405/4405 4417/4417
f 4415/4415 4417/4417 4416/4416
f 4416/4416 4417/4417 4418/4418
f 4416/4416 4418/4418 4408/4408
f 4417/4417 4405/4405 4419/4419
f 4417/4417 4419/4419 4418/4418
f 4418/4418 4419/4419 4420/4420
f 4418/4418 4420/4420 4408/4408
f 4419/4419 4405/4405 4421/4421
f 4419/4419 4421/4421 4420/4420
f 4420/4420 4421/4421 4422/4422
f 4420/4420 4422/4422 4408/4408
f 4421/4421 4405/4405 4423/4423
f 4421/4421 4423/4423 4422/4422
f 4422/4422 4423/4423 4424/4424
f 4422/4422 4424/4424 4408/4408
f 4423/4423 4405/4405 4425/4425
f 4423/4423 4425/4425 4424/4424
f 4424/4424 4425/4425 4426/4426
f 4424/4424 4426/4426 4408/4408
f 4425/4425 4405/4405 4427/4427
f 4425/4425 4427/4427 4426/4426
f 4426/4426 4427/4427 4428/4428
f 4426/4426 4428/4428 4408/4408
f 4427/4427 4405/4405 4429/4429
f 4427/4427 4429/4429 4428/4428
f 4428/4428 4429/4429 4430/4430
f 4428/4428 4430/4430 4408/4408
f 4429/4429 4405/4405 4406/4406
f 4429/4429 4406/4406 4430/4430
f 4430/4430 4406/4406 4407/4407
f 4430/4430 4407/4407 4408/4408
f 4432/4432 4434/4434 4431/4431
f 4435/4435 4432/4432 4431/4431
f 4431/4431 4434/4434 4433/4433
f 4433/4433 4435/4435 4431/4431
f 4432/4432 4438/4438 4434/4434
f 4436/4436 4432/4432 4435/4435
f 4436/4436 4438/4438 4432/4432
f 4434/4434 4438/4438 4433/4433
f 4437/4437 4435/4435 4433/4433
f 4433/4433 4438/4438 4437/4437
f 4437/4437 4436/4436 4435/4435
f 4438/4438 4436/4436 4437/4437
f 4440/4440 4439/4439 4443/4443
f 4440/4440 4443/4443 4441/4441
f 4441/4441 4443/4443 4444/4444
f 4441/4441 4444/4444 4442/4442
f 4443/4443 4439/4439 4445/4445
f 4443/4443 4445/4445 4444/4444
f 4444/4444 4445/4445 4446/4446
f 4444/4444 4446/4446 4442/4442
f 4445/4445 4439/4439 4447/4447
f 4445/4445 4447/4447 4446/4446
f 4446/4446 4447/4447 4448/4448
f 4446/4446 4448/4448 4442/4442
f 4447/4447 4439/4439 4449/4449
f 4447/4447 4449/4449 4448/4448
f 4448/4448 4449/4449 4450/4450
f 4448/4448 4450/4450 4442/4442
f 4449/4449 4439/4439 4451/4451
f 4449/4449 4451/4451 4450/4450
f 4450/4450 4451/4451 4452/4452
f 4450/4450 4452/4452 4442/4442
f 4451/4451 4439/4439 4453/4453
f 4451/4451 4453/4453 4452/4452
f 4452/4452 4453/4453 4454/4454
f 4452/4452 4454/4454 4442/4442
f 4453/4453 4439/4439 4455/4455
f 4453/4453 4455/4455 4454/4454
f 4454/4454 4455/4455 4456/4456
f 4454/4454 4456/4456 4442/4442
f 4455/4455 4439/4439 4457/4457
f 4455/4455 4457/4457 4456/4456
f 4456/4456 4457/4457 4458/4458
f 4456/4456 4458/4458 4442/4442
f 4457/4457 4439/4439 4459/4459
f 4457/4457 4459/4459 4458/4458
f 4458/4458 4459/4459 4460/4460
f 4458/4458 4460/4460 4442/4442
f 4459/4459 4439/4439 4461/4461
f 4459/4459 4461/4461 4460/4460
f 4460/4460 4461/4461 4462/4462
f 4460/4460 4462/4462 4442/4442
f 4461/4461 4439/4439 4463/4463
f 4461/4461 4463/4463 4462/4462
f 4462/4462 4463/4463 4464/4464
f 4462/4462 4464/4464 4442/4442
f 4463/4463 4439/4439 4465/4465
f 4463/4463 4465/4465 4464/4464
f 4464/4464 4465/4465 4466/4466
f 4464/4464 4466/4466 4442/4442
f 4465/4465 4439/4439 4467/4467
f 4465/4465 4467/4467 4466/4466
f 4466/4466 4467/4467 4468/4468
f 4466/4466 4468/4468 4442/4442
f 4467/4467 4439/4439 4469/4469
f 4467/4467 4469/4469 4468/4468
f 4468/4468 4469/4469 4470/4470
f 4468/4468 4470/4470 4442/4442
f 4469/4469 4439/4439 4471/4471
f 4469/4469 4471/4471 4470/4470
f 4470/4470 4471/4471 4472/4472
f 4470/4470 4472/4472 4442/4442
f 4471/4471 4439/4439 4440/4440
f 4471/4471 4440/4440 4472/4472
f 4472/4472 4440/4440 4441/4441
f 4472/4472 4441/4441 4442/4442
f 4474/4474 4473/4473 4477/4477
f 4474/4474 4477/4477 4475/4475
f 4475/4475 4477/4477 4478/4478
f 4475/4475 4478/4478 4476/4476
f 4477/4477 4473/4473 4479/4479
f 4477/4477 4479/4479 4478/4478
f 4478/4478 4479/4479 4480/4480
f 4478/4478 4480/4480 4476/4476
f 4479/4479 4473/4473 4481/4481
f 4479/4479 4481/4481 4480/4480
f 4480/4480 4481/4481 4482/4482
f 4480/4480 4482/4482 4476/4476
f 4481/4481 4473/4473 4483/4483
f 4481/4481 4483/4483 4482/4482
f 4482/4482 4483/4483 4484/4484
f 4482/4482 4484/4484 4476/4476
f 4483/4483 4473/4473 4485/4485
f 4483/4483 4485/4485 4484/4484
f 4484/4484 4485/4485 4486/4486
f 4484/4484 4486/4486 4476/4476
f 4485/4485 4473/4473 4487/4487
f 4485/4485 4487/4487 4486/4486
f 4486/4486 4487/4487 4488/4488
f 4486/4486 4488/4488 4476/4476
f 4487/4487 4473/4473 4489/4489
f 4487/4487 4489/4489 4488/4488
f 4488/4488 4489/4489 4490/4490
f 4488/4488 4490/4490 4476/4476
f 4489/4489 4473/4473 4491/4491
f 4489/4489 4491/4491 4490/4490
f 4490/4490 4491/4491 4492/4492
f 4490/4490 4492/4492 4476/4476
f 4491/4491 4473/4473 4493/4493
f 4491/4491 4493/4493 4492/4492
f 4492/4492 4493/4493 4494/4494
f 4492/4492 4494/4494 4476/4476
f 4493/4493 4473/4473 4474/4474
f 4493/4493 4474/4474 4494/4494
f 4494/4494 4474/4474 4475/4475
f 4494/4494 4475/4475 4476/4476
f 4496/4496 4495/4495 4499/4499
f 4496/4496 4499/4499 4497/4497
f 4497/4497 4499/4499 4500/4500
f 4497/4497 4500/4500 4498/4498
f 4499/4499 4495/4495 4501/4501
f 4499/4499 4501/4501 4500/4500
f 4500/4500 4501/4501 4502/4502
f 4500/4500 4502/4502 4498/4498
f 4501/4501 4495/4495 4503/4503
f 4501/4501 4503/4503 4502/4502
f 4502/4502 4503/4503 4504/4504
f 4502/4502 4504/4504 4498/4498
f 4503/4503 4495/4495 4505/4505
f 4503/4503 4505/4505 4504/4504
f 4504/4504 4505/4505 4506/4506
f 4504/4504 4506/4506 4498/4498
f 4505/4505 4495/4495 4507/4507
f 4505/4505 4507/4507 4506/4506
f 4506/4506 4507/4507 4508/4508
f 4506/4506 4508/4508 4498/4498
f 4507/4507 4495/4495 4509/4509
f 4507/4507 4509/4509 4508/4508
f 4508/4508 4509/4509 4510/4510
f 4508/4508 4510/4510 4498/4498
f 4509/4509 4495/4495 4511/4511
f 4509/4509 4511/4511 4510/4510
f 4510/4510 4511/4511 4512/4512
f 4510/4510 4512/4512 4498/4498
f 4511/4511 4495/4495 4513/4513
f 4511/4511 4513/4513 4512/4512
f 4512/4512 4513/4513 4514/4514
f 4512/4512 4514/4514 4498/4498
f 4513/4513 4495/4495 4515/4515
f 4513/4513 4515/4515 4514/4514
f 4514/4514 4515/4515 4516/4516
f 4514/4514 4516/4516 4498/4498
f 4515/4515 4495/4495 4517/4517
f 4515/4515 4517/4517 4516/4516
f 4516/4516 4517/4517 4518/4518
f 4516/4516 4518/4518 4498/4498
f 4517/4517 4495/4495 4519/4519
f 4517/4517 4519/4519 4518/4518
f 4518/4518 4519/4519 4520/4520
f 4518/4518 4520/4520 4498/4498
f 4519/4519 4495/4495 4521/4521
f 4519/4519 4521/4521 4520/4520
f 4520/4520 4521/4521 4522/4522
f 4520/4520 4522/4522 4498/4498
f 4521/4521 4495/4495 4523/4523
f 4521/4521 4523/4523 4522/4522
f 4522/4522 4523/4523 4524/4524
f 4522/4522 4524/4524 4498/4498
f 4523/4523 4495/4495 4525/4525
f 4523/4523 4525/4525 4524/4524
f 4524/4524 4525/4525 4526/4526
f 4524/4524 4526/4526 4498/4498
f 4525/4525 4495/4495 4527/4527
f 4525/4525 4527/4527 4526/4526
f 4526/4526 4527/4527 4528/4528
f 4526/4526 4528/4528 4498/4498
f 4527/4527 4495/4495 4496/4496
f 4527/4527 4496/4496 4528/4528
f 4528/4528 4496/4496 4497/4497
f 4528/4528 4497/4497 4498/4498
f 4530/4530 4529/4529 4533/4533
f 4530/4530 4533/4533 4531/4531
f 4531/4531 4533/4533 4534/4534
f 4531/4531 4534/4534 4532/4532
f 4533/4533 4529/4529 4535/4535
f 4533/4533 4535/4535 4534/4534
f 4534/4534 4535/4535 4536/4536
f 4534/4534 4536/4536 4532/4532
f 4535/4535 4529/4529 4537/4537
f 4535/4535 4537/4537 4536/4536
f 4536/4536 4537/4537 4538/4538
f 4536/4536 4538/4538 4532/4532
f 4537/4537 4529/4529 4539/4539
f 4537/4537 4539/4539 4538/4538
f 4538/4538 4539/4539 4540/4540
f 4538/4538 4540/4540 4532/4532
f 4539/4539 4529/4529 4541/4541
f 4539/4539 4541/4541 4540/4540
f 4540/4540 4541/4541 4542/4542
f 4540/4540 4542/4542 4532/4532
f 4541/4541 4529/4529 4543/4543
f 4541/4541 4543/4543 4542/4542
f 4542/4542 4543/4543 4544/4544
f 4542/4542 4544/4544 4532/4532
f 4543/4543 4529/4529 4545/4545
f 4543/4543 4545/4545 4544/4544
f 4544/4544 4545/4545 4546/4546
f 4544/4544 4546/4546 4532/4532
f 4545/4545 4529/4529 4547/4547
f 4545/4545 4547/4547 4546/4546
f 4546/4546 4547/4547 4548/4548
f 4546/4546 4548/4548 4532/4532
f 4547/4547 4529/4529 4549/4549
f 4547/4547 4549/4549 4548/4548
f 4548/4548 4549/4549 4550/4550
f 4548/4548 4550/4550 4532/4532
f 4549/4549 4529/4529 4530/4530
f 4549/4549 4530/4530 4550/4550
f 4550/4550 4530/4530 4531/4531
f 4550/4550 4531/4531 4532/4532
f 4552/4552 4554/4554 4551/4551
f 4555/4555 4552/4552 4551/4551
f 4551/4551 4554/4554 4553/4553
f 4553/4553 4555/4555 4551/4551
f 4552/4552 4558/4558 4554/4554
f 4556/4556 4552/4552 4555/4555
f 4556/4556 4558/4558 4552/4552
f 4554/4554 4558/4558 4553/4553
f 4557/4557 4555/4555 4553/4553
f 4553/4553 4558/4558 4557/4557
f 4557/4557 4556/4556 4555/4555
f 4558/4558 4556/4556 4557/4557
f 4560/4560 4562/4562 4559/4559
f 4563/4563 4560/4560 4559/4559
f 4559/4559 4562/4562 4561/4561
f 4561/4561 4563/4563 4559/4559
f 4560/4560 4566/4566 4562/4562
f 4564/4564 4560/4560 4563/4563
f 4564/4564 4566/4566 4560/4560
f 4562/4562 4566/4566 4561/4561
f 4565/4565 4563/4563 4561/4561
f 4561/4561 4566/4566 4565/4565
f 4565/4565 4564/4564 4563/4563
f 4566/4566 4564/4564 4565/4565
f 4568/4568 4567/4567 4571/4571
f 4568/4568 4571/4571 4569/4569
f 4569/4569 4571/4571 4572/4572
f 4569/4569 4572/4572 4570/4570
f 4571/4571 4567/4567 4573/4573
f 4571/4571 4573/4573 4572/4572
f 4572/4572 4573/4573 4574/4574
f 4572/4572 4574/4574 4570/4570
f 4573/4573 4567/4567 4575/4575
f 4573/4573 4575/4575 4574/4574
f 4574/4574 4575/4575 4576/4576
f 4574/4574 4576/4576 4570/4570
f 4575/4575 4567/4567 4577/4577
f 4575/4575 4577/4577 4576/4576
f 4576/4576 4577/4577 4578/4578
f 4576/4576 4578/4578 4570/4570
f 4577/4577 4567/4567 4579/4579
f 4577/4577 4579/4579 4578/4578
f 4578/4578 4579/4579 4580/4580
f 4578/4578 4580/4580 4570/4570
f 4579/4579 4567/4567 4581/4581
f 4579/4579 4581/4581 4580/4580
f 4580/4580 4581/4581 4582/4582
f 4580/4580 4582/4582 4570/4570
f 4581/4581 4567/4567 4583/4583
f 4581/4581 4583/4583 4582/4582
f 4582/4582 4583/4583 4584/4584
f 4582/4582 4584/4584 4570/4570
f 4583/4583 4567/4567 4568/4568
f 4583/4583 4568/4568 4584/4584
f 4584/4584 4568/4568 4569/4569
f 4584/4584 4569/4569 4570/4570
f 4586/4586 4585/4585 4589/4589
f 4586/4586 4589/4589 4587/4587
f 4587/4587 4589/4589 4590/4590
f 4587/4587 4590/4590 4588/4588
f 4589/4589 4585/4585 4591/4591
f 4589/4589 4591/4591 4590/4590
f 4590/4590 4591/4591 4592/4592
f 4590/4590 4592/4592 4588/4588
f 4591/4591 4585/4585 4593/4593
f 4591/4591 4593/4593 4592/4592
f 4592/4592 4593/4593 4594/4594
f 4592/4592 4594/4594 4588/4588
f 4593/4593 4585/4585 4595/4595
f 4593/4593 4595/4595 4594/4594
f 4594/4594 4595/4595 4596/4596
f 4594/4594 4596/4596 4588/4588
f 4595/4595 4585/4585 4597/4597
f 4595/4595 4597/4597 4596/4596
f 4596/4596 4597/4597 4598/4598
f 4596/4596 4598/4598 4588/4588
f 4597/4597 4585/4585 4599/4599
f 4597/4597 4599/4599 4598/4598
f 4598/4598 4599/4599 4600/4600
f 4598/4598 4600/4600 4588/4588
f 4599/4599 4585/4585 4601/4601
f 4599/4599 4601/4601 4600/4600
f 4600/4600 4601/4601 4602/4602
f 4600/4600 4602/4602 4588/4588
f 4601/4601 4585/4585 4586/4586
f 4601/4601 4586/4586 4602/4602
f 4602/4602 4586/4586 4587/4587
f 4602/4602 4587/4587 4588/4588
f 4604/4604 4603/4603 4607/4607
f 4604/4604 4607/4607 4605/4605
f 4605/4605 4607/4607 4608/4608
f 4605/4605 4608/4608 4606/4606
f 4607/4607 4603/4603 4609/4609
f 4607/4607 4609/4609 4608/4608
f 4608/4608 4609/4609 4610/4610
f 4608/4608 4610/4610 4606/4606
f 4609/4609 4603/4603 4611/4611
f 4609/4609 4611/4611 4610/4610
f 4610/4610 4611/4611 4612/4612
f 4610/4610 4612/4612 4606/4606
f 4611/4611 4603/4603 4613/4613
f 4611/4611 4613/4613 4612/4612
f 4612/4612 4613/4613 4614/4614
f 4612/4612 4614/4614 4606/4606
f 4613/4613 4603/4603 4615/4615
f 4613/4613 4615/4615 4614/4614
f 4614/4614 4615/4615 4616/4616
f 4614/4614 4616/4616 4606/4606
f 4615/4615 4603/4603 4617/4617
f 4615/4615 4617/4617 4616/4616
f 4616/4616 4617/4617 4618/4618
f 4616/4616 4618/4618 4606/4606
f 4617/4617 4603/4603 4619/4619
f 4617/4617 4619/4619 4618/4618
f 4618/4618 4619/4619 4620/4620
f 4618/4618 4620/4620 4606/4606
f 4619/4619 4603/4603 4604/4604
f 4619/4619 4604/4604 4620/4620
f 4620/4620 4604/4604 4605/4605
f 4620/4620 4605/4605 4606/4606
f 4622/4622 4621/4621 4625/4625
f 4622/4622 4625/4625 4623/4623
f 4623/4623 4625/4625 4626/4626
f 4623/4623 4626/4626 4624/4624
f 4625/4625 4621/4621 4627/4627
f 4625/4625 4627/4627 4626/4626
f 4626/4626 4627/4627 4628/4628
f 4626/4626 4628/4628 4624/4624
f 4627/4627 4621/4621 4629/4629
f 4627/4627 4629/4629 4628/4628
f 4628/4628 4629/4629 4630/4630
f 4628/4628 4630/4630 4624/4624
f 4629/4629 4621/4621 4631/4631
f 4629/4629 4631/4631 4630/4630
f 4630/4630 4631/4631 4632/4632
f 4630/4630 4632/4632 4624/4624
f 4631/4631 4621/4621 4633/4633
f 4631/4631 4633/4633 4632/4632
f 4632/4632 4633/4633 4634/4634
f 4632/4632 4634/4634 4624/4624
f 4633/4633 4621/4621 4635/4635
f 4633/4633 4635/4635 4634/4634
f 4634/4634 4635/4635 4636/4636
f 4634/4634 4636/4636 4624/4624
f 4635/4635 4621/4621 4637/4637
f 4635/4635 4637/4637 4636/4636
f 4636/4636 4637/4637 4638/4638
f 4636/4636 4638/4638 4624/4624
f 4637/4637 4621/4621 4622/4622
f 4637/4637 4622/4622 4638/4638
f 4638/4638 4622/4622 4623/4623
f 4638/4638 4623/4623 4624/4624
f 4640/4640 4642/4642 4639/4639
f 4643/4643 4640/4640 4639/4639
f 4639/4639 4642/4642 4641/4641
f 4641/4641 4643/4643 4639/4639
f 4640/4640 4646/4646 4642/4642
f 4644/4644 4640/4640 4643/4643
f 4644/4644 4646/4646 4640/4640
f 4642/4642 4646/4646 4641/4641
f 4645/4645 4643/4643 4641/4641
f 4641/4641 4646/4646 4645/4645
f 4645/4645 4644/4644 4643/4643
f 4646/4646 4644/4644 4645/4645
f 4648/4648 4650/4650 4647/4647
f 4651/4651 4648/4648 4647/4647
f 4647/4647 4650/4650 4649/4649
f 4649/4649 4651/4651 4647/4647
f 4648/4648 4654/4654 4650/4650
f 4652/4652 4648/4648 4651/4651
f 4652/4652 4654/4654 4648/4648
f 4650/4650 4654/4654 4649/4649
f 4653/4653 4651/4651 4649/4649
f 4649/4649 4654/4654 4653/4653
f 4653/4653 4652/4652 4651/4651
f 4654/4654 4652/4652 4653/4653
f 4656/4656 4655/4655 4659/4659
f 4656/4656 4659/4659 4657/4657
f 4657/4657 4659/4659 4660/4660
f 4657/4657 4660/4660 4658/4658
f 4659/4659 4655/4655 4661/4661
f 4659/4659 4661/4661 4660/4660
f 4660/4660 4661/4661 4662/4662
f 4660/4660 4662/4662 4658/4658
f 4661/4661 4655/4655 4663/4663
f 4661/4661 4663/4663 4662/4662
f 4662/4662 4663/4663 4664/4664
f 4662/4662 4664/4664 4658/4658
f 4663/4663 4655/4655 4665/4665
f 4663/4663 4665/4665 4664/4664
f 4664/4664 4665/4665 4666/4666
f 4664/4664 4666/4666 4658/4658
f 4665/4665 4655/4655 4667/4667
f 4665/4665 4667/4667 4666/4666
f 4666/4666 4667/4667 4668/4668
f 4666/4666 4668/4668 4658/4658
f 4667/4667 4655/4655 4669/4669
f 4667/4667 4669/4669 4668/4668
f 4668/4668 4669/4669 4670/4670
f 4668/4668 4670/4670 4658/4658
f 4669/4669 4655/4655 4671/4671
f 4669/4669 4671/4671 4670/4670
f 4670/4670 4671/4671 4672/4672
f 4670/4670 4672/4672 4658/4658
f 4671/4671 4655/4655 4656/4656
f 4671/4671 4656/4656 4672/4672
f 4672/4672 4656/4656 4657/4657
f 4672/4672 4657/4657 4658/4658
f 4674/4674 4673/4673 4677/4677
f 4674/4674 4677/4677 4675/4675
f 4675/4675 4677/4677 4678/4678
f 4675/4675 4678/4678 4676/4676
f 4677/4677 4673/4673 4679/4679
f 4677/4677 4679/4679 4678/4678
f 4678/4678 4679/4679 4680/4680
f 4678/4678 4680/4680 4676/4676
f 4679/4679 4673/4673 4681/4681
f 4679/4679 4681/4681 4680/4680
f 4680/4680 4681/4681 4682/4682
f 4680/4680 4682/4682 4676/4676
f 4681/4681 4673/4673 4683/4683
f 4681/4681 4683/4683 4682/4682
f 4682/4682 4683/4683 4684/4684
f 4682/4682 4684/4684 4676/4676
f 4683/4683 4673/4673 4685/4685
f 4683/4683 4685/4685 4684/4684
f 4684/4684 4685/4685 4686/4686
f 4684/4684 4686/4686 4676/4676
f 4685/4685 4673/4673 4687/4687
f 4685/4685 4687/4687 4686/4686
f 4686/4686 4687/4687 4688/4688
f 4686/4686 4688/4688 4676/4676
f 4687/4687 4673/4673 4689/4689
f 4687/4687 4689/4689 4688/4688
f 4688/4688 4689/4689 4690/4690
f 4688/4688 4690/4690 4676/4676
f 4689/4689 4673/4673 4674/4674
f 4689/4689 4674/4674 4690/4690
f 4690/4690 4674/4674 4675/4675
f 4690/4690 4675/4675 4676/4676
f 4692/4692 4691/4691 4695/4695
f 4692/4692 4695/4695 4693/4693
f 4693/4693 4695/4695 4696/4696
f 4693/4693 4696/4696 4694/4694
f 4695/4695 4691/4691 4697/4697
f 4695/4695 4697/4697 4696/4696
f 4696/4696 4697/4697 4698/4698
f 4696/4696 4698/4698 4694/4694
f 4697/4697 4691/4691 4699/4699
f 4697/4697 4699/4699 4698/4698
f 4698/4698 4699/4699 4700/4700
f 4698/4698 4700/4700 4694/4694
f 4699/4699 4691/4691 4701/4701
f 4699/4699 4701/4701 4700/4700
f 4700/4700 4701/4701 4702/4702
f 4700/4700 4702/4702 4694/4694
f 4701/4701 4691/4691 4703/4703
f 4701/4701 4703/4703 4702/4702
f 4702/4702 4703/4703 4704/4704
f 4702/4702 4704/4704 4694/4694
f 4703/4703 4691/4691 4705/4705
f 4703/4703 4705/4705 4704/4704
f 4704/4704 4705/4705 4706/4706
f 4704/4704 4706/4706 4694/4694
f 4705/4705 4691/4691 4707/4707
f 4705/4705 4707/4707 4706/4706
f 4706/4706 4707/4707 4708/4708
f 4706/4706 4708/4708 4694/4694
f 4707/4707 4691/4691 4692/4692
f 4707/4707 4692/4692 4708/4708
f 4708/4708 4692/4692 4693/4693
f 4708/4708 4693/4693 4694/4694
f 4710/4710 4709/4709 4713/4713
f 4710/4710 4713/4713 4711/4711
f 4711/4711 4713/4713 4714/4714
f 4711/4711 4714/4714 4712/4712
f 4713/4713 4709/4709 4715/4715
f 4713/4713 4715/4715 4714/4714
f 4714/4714 4715/4715 4716/4716
f 4714/4714 4716/4716 4712/4712
f 4715/4715 4709/4709 4717/4717
f 4715/4715 4717/4717 4716/4716
f 4716/4716 4717/4717 4718/4718
f 4716/4716 4718/4718 4712/4712
f 4717/4717 4709/4709 4719/4719
f 4717/4717 4719/4719 4718/4718
f 4718/4718 4719/4719 4720/4720
f 4718/4718 4720/4720 4712/4712
f 4719/4719 4709/4709 4721/4721
f 4719/4719 4721/4721 4720/4720
f 4720/4720 4721/4721 4722/4722
f 4720/4720 4722/4722 4712/4712
f 4721/4721 4709/4709 4723/4723
f 4721/4721 4723/4723 4722/4722
f 4722/4722 4723/4723 4724/4724
f 4722/4722 4724/4724 4712/4712
f 4723/4723 4709/4709 4725/4725
f 4723/4723 4725/4725 4724/4724
f 4724/4724 4725/4725 4726/4726
f 4724/4724 4726/4726 4712/4712
f 4725/4725 4709/4709 4710/4710
f 4725/4725 4710/4710 4726/4726
f 4726/4726 4710/4710 4711/4711
f 4726/4726 4711/4711 4712/4712
f 4728/4728 4730/4730 4727/4727
f 4731/4731 4728/4728 4727/4727
f 4727/4727 4730/4730 4729/4729
f 4729/4729 4731/4731 4727/4727
f 4728/4728 4734/4734 4730/4730
f 4732/4732 4728/4728 4731/4731
f 4732/4732 4734/4734 4728/4728
f 4730/4730 4734/4734 4729/4729
f 4733/4733 4731/4731 4729/4729
f 4729/4729 4734/4734 4733/4733
f 4733/4733 4732/4732 4731/4731
f 4734/4734 4732/4732 4733/4733
f 4736/4736 4735/4735 4739/4739
f 4736/4736 4739/4739 4737/4737
f 4737/4737 4739/4739 4740/4740
f 4737/4737 4740/4740 4738/4738
f 4739/4739 4735/4735 4741/4741
f 4739/4739 4741/4741 4740/4740
f 4740/4740 4741/4741 4742/4742
f 4740/4740 4742/4742 4738/4738
f 4741/4741 4735/4735 4743/4743
f 4741/4741 4743/4743 4742/4742
f 4742/4742 4743/4743 4744/4744
f 4742/4742 4744/4744 4738/4738
f 4743/4743 4735/4735 4745/4745
f 4743/4743 4745/4745 4744/4744
f 4744/4744 4745/4745 4746/4746
f 4744/4744 4746/4746 4738/4738
f 4745/4745 4735/4735 4747/4747
f 4745/4745 4747/4747 4746/4746
f 4746/4746 4747/4747 4748/4748
f 4746/4746 4748/4748 4738/4738
f 4747/4747 4735/4735 4749/4749
f 4747/4747 4749/4749 4748/4748
f 4748/4748 4749/4749 4750/4750
f 4748/4748 4750/4750 4738/4738
f 4749/4749 4735/4735 4751/4751
f 4749/4749 4751/4751 4750/4750
f 4750/4750 4751/4751 4752/4752
f 4750/4750 4752/4752 4738/4738
f 4751/4751 4735/4735 4753/4753
f 4751/4751 4753/4753 4752/4752
f 4752/4752 4753/4753 4754/4754
f 4752/4752 4754/4754 4738/4738
f 4753/4753 4735/4735 4755/4755
f 4753/4753 4755/4755 4754/4754
f 4754/4754 4755/4755 4756/4756
f 4754/4754 4756/4756 4738/4738
f 4755/4755 4735/4735 4736/4736
f 4755/4755 4736/4736 4756/4756
f 4756/4756 4736/4736 4737/4737
f 4756/4756 4737/4737 4738/4738
f 4758/4758 4757/4757 4761/4761
f 4758/4758 4761/4761 4759/4759
f 4759/4759 4761/4761 4762/4762
f 4759/4759 4762/4762 4760/4760
f 4761/4761 4757/4757 4763/4763
f 4761/4761 4763/4763 4762/4762
f 4762/4762 4763/4763 4764/4764
f 4762/4762 4764/4764 4760/4760
f 4763/4763 4757/4757 4765/4765
f 4763/4763 4765/4765 4764/4764
f 4764/4764 4765/4765 4766/4766
f 4764/4764 4766/4766 4760/4760
f 4765/4765 4757/4757 4767/4767
f 4765/4765 4767/4767 4766/4766
f 4766/4766 4767/4767 4768/4768
f 4766/4766 4768/4768 4760/4760
f 4767/4767 4757/4757 4769/4769
f 4767/4767 4769/4769 4768/4768
f 4768/4768 4769/4769 4770/4770
f 4768/4768 4770/4770 4760/4760
f 4769/4769 4757/4757 4771/4771
f 4769/4769 4771/4771 4770/4770
f 4770/4770 4771/4771 4772/4772
f 4770/4770 4772/4772 4760/4760
f 4771/4771 4757/4757 4773/4773
f 4771/4771 4773/4773 4772/4772
f 4772/4772 4773/4773 4774/4774
f 4772/4772 4774/4774 4760/4760
f 4773/4773 4757/4757 4775/4775
f 4773/4773 4775/4775 4774/4774
f 4774/4774 4775/4775 4776/4776
f 4774/4774 4776/4776 4760/4760
f 4775/4775 4757/4757 4777/4777
f 4775/4775 4777/4777 4776/4776
f 4776/4776 4777/4777 4778/4778
f 4776/4776 4778/4778 4760/4760
f 4777/4777 4757/4757 4758/4758
f 4777/4777 4758/4758 4778/4778
f 4778/4778 4758/4758 4759/4759
f 4778/4778 4759/4759 4760/4760
f 4780/4780 4782/4782 4779/4779
f 4783/4783 4780/4780 4779/4779
f 4779/4779 4782/4782 4781/4781
f 4781/4781 4783/4783 4779/4779
f 4780/4780 4786/4786 4782/4782
f 4784/4784 4780/4780 4783/4783
f 4784/4784 4786/4786 4780/4780
f 4782/4782 4786/4786 4781/4781
f 4785/4785 4783/4783 4781/4781
f 4781/4781 4786/4786 4785/4785
f 4785/4785 4784/4784 4783/4783
f 4786/4786 4784/4784 4785/4785
f 4788/4788 4790/4790 4787/4787
f 4791/4791 4788/4788 4787/4787
f 4787/4787 4790/4790 4789/4789
f 4789/4789 4791/4791 4787/4787
f 4788/4788 4794/4794 4790/4790
f 4792/4792 4788/4788 4791/4791
f 4792/4792 4794/4794 4788/4788
f 4790/4790 4794/4794 4789/4789
f 4793/4793 4791/4791 4789/4789
f 4789/4789 4794/4794 4793/4793
f 4793/4793 4792/4792 4791/4791
f 4794/4794 4792/4792 4793/4793
f 4796/4796 4798/4798 4795/4795
f 4799/4799 4796/4796 4795/4795
f 4795/4795 4798/4798 4797/4797
f 4797/4797 4799/4799 4795/4795
f 4796/4796 4802/4802 4798/4798
f 4800/4800 4796/4796 4799/4799
f 4800/4800 4802/4802 4796/4796
f 4798/4798 4802/4802 4797/4797
f 4801/4801 4799/4799 4797/4797
f 4797/4797 4802/4802 4801/4801
f 4801/4801 4800/4800 4799/4799
f 4802/4802 4800/4800 4801/4801
f 4804/4804 4806/4806 4803/4803
f 4807/4807 4804/4804 4803/4803
f 4803/4803 4806/4806 4805/4805
f 4805/4805 4807/4807 4803/4803
f 4804/4804 4810/4810 4806/4806
f 4808/4808 4804/4804 4807/4807
f 4808/4808 4810/4810 4804/4804
f 4806/4806 4810/4810 4805/4805
f 4809/4809 4807/4807 4805/4805
f 4805/4805 4810/4810 4809/4809
f 4809/4809 4808/4808 4807/4807
f 4810/4810 4808/4808 4809/4809
f 4812/4812 4814/4814 4811/4811
f 4815/4815 4812/4812 4811/4811
f 4811/4811 4814/4814 4813/4813
f 4813/4813 4815/4815 4811/4811
f 4812/4812 4818/4818 4814/4814
f 4816/4816 4812/4812 4815/4815
f 4816/4816 4818/4818 4812/4812
f 4814/4814 4818/4818 4813/4813
f 4817/4817 4815/4815 4813/4813
f 4813/4813 4818/4818 4817/4817
f 4817/4817 4816/4816 4815/4815
f 4818/4818 4816/4816 4817/4817
f 4820/4820 4822/4822 4819/4819
f 4823/4823 4820/4820 4819/4819
f 4819/4819 4822/4822 4821/4821
f 4821/4821 4823/4823 4819/4819
f 4820/4820 4826/4826 4822/4822
f 4824/4824 4820/4820 4823/4823
f 4824/4824 4826/4826 4820/4820
f 4822/4822 4826/4826 4821/4821
f 4825/4825 4823/4823 4821/4821
f 4821/4821 4826/4826 4825/4825
f 4825/4825 4824/4824 4823/4823
f 4826/4826 4824/4824 4825/4825
f 4828/4828 4830/4830 4827/4827
f 4831/4831 4828/4828 4827/4827
f 4827/4827 4830/4830 4829/4829
f 4829/4829 4831/4831 4827/4827
f 4828/4828 4834/4834 4830/4830
f 4832/4832 4828/4828 4831/4831
f 4832/4832 4834/4834 4828/4828
f 4830/4830 4834/4834 4829/4829
f 4833/4833 4831/4831 4829/4829
f 4829/4829 4834/4834 4833/4833
f 4833/4833 4832/4832 4831/4831
f 4834/4834 4832/4832 4833/4833
f 4836/4836 4838/4838 4835/4835
f 4839/4839 4836/4836 4835/4835
f 4835/4835 4838/4838 4837/4837
f 4837/4837 4839/4839 4835/4835
f 4836/4836 4842/4842 4838/4838
f 4840/4840 4836/4836 4839/4839
f 4840/4840 4842/4842 4836/4836
f 4838/4838 4842/4842 4837/4837
f 4841/4841 4839/4839 4837/4837
f 4837/4837 4842/4842 4841/4841
f 4841/4841 4840/4840 4839/4839
f 4842/4842 4840/4840 4841/4841
f 4843/4843 4880/4880 4859/4859
f 4880/4880 4854/4854 4883/4883
f 4859/4859 4883/4883 4848/4848
f 4880/4880 4883/4883 4859/4859
f 4843/4843 4859/4859 4855/4855
f 4859/4859 4848/4848 4860/4860
f 4855/4855 4860/4860 4844/4844
f 4859/4859 4860/4860 4855/4855
f 4843/4843 4855/4855 4864/4864
f 4855/4855 4844/4844 4865/4865
f 4864/4864 4865/4865 4850/4850
f 4855/4855 4865/4865 4864/4864
f 4843/4843 4864/4864 4876/4876
f 4864/4864 4850/4850 4879/4879
f 4876/4876 4879/4879 4853/4853
f 4864/4864 4879/4879 4876/4876
f 4843/4843 4876/4876 4880/4880
f 4876/4876 4853/4853 4884/4884
f 4880/4880 4884/4884 4854/4854
f 4876/4876 4884/4884 4880/4880
f 4844/4844 4860/4860 4871/4871
f 4860/4860 4848/4848 4874/4874
f 4871/4871 4874/4874 4852/4852
f 4860/4860 4874/4874 4871/4871
f 4848/4848 4883/4883 4861/4861
f 4883/4883 4854/4854 4882/4882
f 4861/4861 4882/4882 4847/4847
f 4883/4883 4882/4882 4861/4861
f 4854/4854 4884/4884 4881/4881
f 4884/4884 4853/4853 4877/4877
f 4881/4881 4877/4877 4845/4845
f 4884/4884 4877/4877 4881/4881
f 4853/4853 4879/4879 4878/4878
f 4879/4879 4850/4850 4866/4866
f 4878/4878 4866/4866 4849/4849
f 4879/4879 4866/4866 4878/4878
f 4850/4850 4865/4865 4870/4870
f 4865/4865 4844/4844 4867/4867
f 4870/4870 4867/4867 4851/4851
f 4865/4865 4867/4867 4870/4870
f 4846/4846 4872/4872 4858/4858
f 4872/4872 4852/4852 4873/4873
f 4858/4858 4873/4873 4847/4847
f 4872/4872 4873/4873 4858/4858
f 4846/4846 4858/4858 4856/4856
f 4858/4858 4847/4847 4857/4857
f 4856/4856 4857/4857 4845/4845
f 4858/4858 4857/4857 4856/4856
f 4846/4846 4856/4856 4863/4863
f 4856/4856 4845/4845 4862/4862
f 4863/4863 4862/4862 4849/4849
f 4856/4856 4862/4862 4863/4863
f 4846/4846 4863/4863 4868/4868
f 4863/4863 4849/4849 4869/4869
f 4868/4868 4869/4869 4851/4851
f 4863/4863 4869/4869 4868/4868
f 4846/4846 4868/4868 4872/4872
f 4868/4868 4851/4851 4875/4875
f 4872/4872 4875/4875 4852/4852
f 4868/4868 4875/4875 4872/4872
f 4847/4847 4873/4873 4861/4861
f 4873/4873 4852/4852 4874/4874
f 4861/4861 4874/4874 4848/4848
f 4873/4873 4874/4874 4861/4861
f 4845/4845 4857/4857 4881/4881
f 4857/4857 4847/4847 4882/4882
f 4881/4881 4882/4882 4854/4854
f 4857/4857 4882/4882 4881/4881
f 4849/4849 4862/4862 4878/4878
f 4862/4862 4845/4845 4877/4877
f 4878/4878 4877/4877 4853/4853
f 4862/4862 4877/4877 4878/4878
f 4851/4851 4869/4869 4870/4870
f 4869/4869 4849/4849 4866/4866
f 4870/4870 4866/4866 4850/4850
f 4869/4869 4866/4866 4870/4870
f 4852/4852 4875/4875 4871/4871
f 4875/4875 4851/4851 4867/4867
f 4871/4871 4867/4867 4844/4844
f 4875/4875 4867/4867 4871/4871
f 4885/4885 4922/4922 4901/4901
f 4922/4922 4896/4896 4925/4925
f 4901/4901 4925/4925 4890/4890
f 4922/4922 4925/4925 4901/4901
f 4885/4885 4901/4901 4897/4897
f 4901/4901 4890/4890 4902/4902
f 4897/4897 4902/4902 4886/4886
f 4901/4901 4902/4902 4897/4897
f 4885/4885 4897/4897 4906/4906
f 4897/4897 4886/4886 4907/4907
f 4906/4906 4907/4907 4892/4892
f 4897/4897 4907/4907 4906/4906
f 4885/4885 4906/4906 4918/4918
f 4906/4906 4892/4892 4921/4921
f 4918/4918 4921/4921 4895/4895
f 4906/4906 4921/4921 4918/4918
f 4885/4885 4918/4918 4922/4922
f 4918/4918 4895/4895 4926/4926
f 4922/4922 4926/4926 4896/4896
f 4918/4918 4926/4926 4922/4922
f 4886/4886 4902/4902 4913/4913
f 4902/4902 4890/4890 4916/4916
f 4913/4913 4916/4916 4894/4894
f 4902/4902 4916/4916 4913/4913
f 4890/4890 4925/4925 4903/4903
f 4925/4925 4896/4896 4924/4924
f 4903/4903 4924/4924 4889/4889
f 4925/4925 4924/4924 4903/4903
f 4896/4896 4926/4926 4923/4923
f 4926/4926 4895/4895 4919/4919
f 4923/4923 4919/4919 4887/4887
f 4926/4926 4919/4919 4923/4923
f 4895/4895 4921/4921 4920/4920
f 4921/4921 4892/4892 4908/4908
f 4920/4920 4908/4908 4891/4891
f 4921/4921 4908/4908 4920/4920
f 4892/4892 4907/4907 4912/4912
f 4907/4907 4886/4886 4909/4909
f 4912/4912 4909/4909 4893/4893
f 4907/4907 4909/4909 4912/4912
f 4888/4888 4914/4914 4900/4900
f 4914/4914 4894/4894 4915/4915
f 4900/4900 4915/4915 4889/4889
f 4914/4914 4915/4915 4900/4900
f 4888/4888 4900/4900 4898/4898
f 4900/4900 4889/4889 4899/4899
f 4898/4898 4899/4899 4887/4887
f 4900/4900 4899/4899 4898/4898
f 4888/4888 4898/4898 4905/4905
f 4898/4898 4887/4887 4904/4904
f 4905/4905 4904/4904 4891/4891
f 4898/4898 4904/4904 4905/4905
f 4888/4888 4905/4905 4910/4910
f 4905/4905 4891/4891 4911/4911
f 4910/4910 4911/4911 4893/4893
f 4905/4905 4911/4911 4910/4910
f 4888/4888 4910/4910 4914/4914
f 4910/4910 4893/4893 4917/4917
f 4914/4914 4917/4917 4894/4894
f 4910/4910 4917/4917 4914/4914
f 4889/4889 4915/4915 4903/4903
f 4915/4915 4894/4894 4916/4916
f 4903/4903 4916/4916 4890/4890
f 4915/4915 4916/4916 4903/4903
f 4887/4887 4899/4899 4923/4923
f 4899/4899 4889/4889 4924/4924
f 4923/4923 4924/4924 4896/4896
f 4899/4899 4924/4924 4923/4923
f 4891/4891 4904/4904 4920/4920
f 4904/4904 4887/4887 4919/4919
f 4920/4920 4919/4919 4895/4895
f 4904/4904 4919/4919 4920/4920
f 4893/4893 4911/4911 4912/4912
f 4911/4911 4891/4891 4908/4908
f 4912/4912 4908/4908 4892/4892
f 4911/4911 4908/4908 4912/4912
f 4894/4894 4917/4917 4913/4913
f 4917/4917 4893/4893 4909/4909
f 4913/4913 4909/4909 4886/4886
f 4917/4917 4909/4909 4913/4913
f 4927/4927 4964/4964 4943/4943
f 4964/4964 4938/4938 4967/4967
f 4943/4943 4967/4967 4932/4932
f 4964/4964 4967/4967 4943/4943
f 4927/4927 4943/4943 4939/4939
f 4943/4943 4932/4932 4944/4944
f 4939/4939 4944/4944 4928/4928
f 4943/4943 4944/4944 4939/4939
f 4927/4927 4939/4939 4948/4948
f 4939/4939 4928/4928 4949/4949
f 4948/4948 4949/4949 4934/4934
f 4939/4939 4949/4949 4948/4948
f 4927/4927 4948/4948 4960/4960
f 4948/4948 4934/4934 4963/4963
f 4960/4960 4963/4963 4937/4937
f 4948/4948 4963/4963 4960/4960
f 4927/4927 4960/4960 4964/4964
f 4960/4960 4937/4937 4968/4968
f 4964/4964 4968/4968 4938/4938
f 4960/4960 4968/4968 4964/4964
f 4928/4928 4944/4944 4955/4955
f 4944/4944 4932/4932 4958/4958
f 4955/4955 4958/4958 4936/4936
f 4944/4944 4958/4958 4955/4955
f 4932/4932 4967/4967 4945/4945
f 4967/4967 4938/4938 4966/4966
f 4945/4945 4966/4966 4931/4931
f 4967/4967 4966/4966 4945/4945
f 4938/4938 4968/4968 4965/4965
f 4968/4968 4937/4937 4961/4961
f 4965/4965 4961/4961 4929/4929
f 4968/4968 4961/4961 4965/4965
f 4937/4937 4963/4963 4962/4962
f 4963/4963 4934/4934 4950/4950
f 4962/4962 4950/4950 4933/4933
f 4963/4963 4950/4950 4962/4962
f 4934/4934 4949/4949 4954/4954
f 4949/4949 4928/4928 4951/4951
f 4954/4954 4951/4951 4935/4935
f 4949/4949 4951/4951 4954/4954
f 4930/4930 4956/4956 4942/4942
f 4956/4956 4936/4936 4957/4957
f 4942/4942 4957/4957 4931/4931
f 4956/4956 4957/4957 4942/4942
f 4930/4930 4942/4942 4940/4940
f 4942/4942 4931/4931 4941/4941
f 4940/4940 4941/4941 4929/4929
f 4942/4942 4941/4941 4940/4940
f 4930/4930 4940/4940 4947/4947
f 4940/4940 4929/4929 4946/4946
f 4947/4947 4946/4946 4933/4933
f 4940/4940 4946/4946 4947/4947
f 4930/4930 4947/4947 4952/4952
f 4947/4947 4933/4933 4953/4953
f 4952/4952 4953/4953 4935/4935
f 4947/4947 4953/4953 4952/4952
f 4930/4930 4952/4952 4956/4956
f 4952/4952 4935/4935 4959/4959
f 4956/4956 4959/4959 4936/4936
f 4952/4952 4959/4959 4956/4956
f 4931/4931 4957/4957 4945/4945
f 4957/4957 4936/4936 4958/4958
f 4945/4945 4958/4958 4932/4932
f 4957/4957 4958/4958 4945/4945
f 4929/4929 4941/4941 4965/4965
f 4941/4941 4931/4931 4966/4966
f 4965/4965 4966/4966 4938/4938
f 4941/4941 4966/4966 4965/4965
f 4933/4933 4946/4946 4962/4962
f 4946/4946 4929/4929 4961/4961
f 4962/4962 4961/4961 4937/4937
f 4946/4946 4961/4961 4962/4962
f 4935/4935 4953/4953 4954/4954
f 4953/4953 4933/4933 4950/4950
f 4954/4954 4950/4950 4934/4934
f 4953/4953 4950/4950 4954/4954
f 4936/4936 4959/4959 4955/4955
f 4959/4959 4935/4935 4951/4951
f 4955/4955 4951/4951 4928/4928
f 4959/4959 4951/4951 4955/4955
f 4969/4969 5006/5006 4985/4985
f 5006/5006 4980/4980 5009/5009
f 4985/4985 5009/5009 4974/4974
f 5006/5006 5009/5009 4985/4985
f 4969/4969 4985/4985 4981/4981
f 4985/4985 4974/4974 4986/4986
f 4981/4981 4986/4986 4970/4970
f 4985/4985 4986/4986 4981/4981
f 4969/4969 4981/4981 4990/4990
f 4981/4981 4970/4970 4991/4991
f 4990/4990 4991/4991 4976/4976
f 4981/4981 4991/4991 4990/4990
f 4969/4969 4990/4990 5002/5002
f 4990/4990 4976/4976 5005/5005
f 5002/5002 5005/5005 4979/4979
f 4990/4990 5005/5005 5002/5002
f 4969/4969 5002/5002 5006/5006
f 5002/5002 4979/4979 5010/5010
f 5006/5006 5010/5010 4980/4980
f 5002/5002 5010/5010 5006/5006
f 4970/4970 4986/4986 4997/4997
f 4986/4986 4974/4974 5000/5000
f 4997/4997 5000/5000 4978/4978
f 4986/4986 5000/5000 4997/4997
f 4974/4974 5009/5009 4987/4987
f 5009/5009 4980/4980 5008/5008
f 4987/4987 5008/5008 4973/4973
f 5009/5009 5008/5008 4987/4987
f 4980/4980 5010/5010 5007/5007
f 5010/5010 4979/4979 5003/5003
f 5007/5007 5003/5003 4971/4971
f 5010/5010 5003/5003 5007/5007
f 4979/4979 5005/5005 5004/5004
f 5005/5005 4976/4976 4992/4992
f 5004/5004 4992/4992 4975/4975
f 5005/5005 4992/4992 5004/5004
f 4976/4976 4991/4991 4996/4996
f 4991/4991 4970/4970 4993/4993
f 4996/4996 4993/4993 4977/4977
f 4991/4991 4993/4993 4996/4996
f 4972/4972 4998/4998 4984/4984
f 4998/4998 4978/4978 4999/4999
f 4984/4984 4999/4999 4973/4973
f 4998/4998 4999/4999 4984/4984
f 4972/4972 4984/4984 4982/4982
f 4984/4984 4973/4973 4983/4983
f 4982/4982 4983/4983 4971/4971
f 4984/4984 4983/4983 4982/4982
f 4972/4972 4982/4982 4989/4989
f 4982/4982 4971/4971 4988/4988
f 4989/4989 4988/4988 4975/4975
f 4982/4982 4988/4988 4989/4989
f 4972/4972 4989/4989 4994/4994
f 4989/4989 4975/4975 4995/4995
f 4994/4994 4995/4995 4977/4977
f 4989/4989 4995/4995 4994/4994
f 4972/4972 4994/4994 4998/4998
f 4994/4994 4977/4977 5001/5001
f 4998/4998 5001/5001 4978/4978
f 4994/4994 5001/5001 4998/4998
f 4973/4973 4999/4999 4987/4987
f 4999/4999 4978/4978 5000/5000
f 4987/4987 5000/5000 4974/4974
f 4999/4999 5000/5000 4987/4987
f 4971/4971 4983/4983 5007/5007
f 4983/4983 4973/4973 5008/5008
f 5007/5007 5008/5008 4980/4980
f 4983/4983 5008/5008 5007/5007
f 4975/4975 4988/4988 5004/5004
f 4988/4988 4971/4971 5003/5003
f 5004/5004 5003/5003 4979/4979
f 4988/4988 5003/5003 5004/5004
f 4977/4977 4995/4995 4996/4996
f 4995/4995 4975/4975 4992/4992
f 4996/4996 4992/4992 4976/4976
f 4995/4995 4992/4992 4996/4996
f 4978/4978 5001/5001 4997/4997
f 5001/5001 4977/4977 4993/4993
f 4997/4997 4993/4993 4970/4970
f 5001/5001 4993/4993 4997/4997
f 5011/5011 5048/5048 5027/5027
f 5048/5048 5022/5022 5051/5051
f 5027/5027 5051/5051 5016/5016
f 5048/5048 5051/5051 5027/5027
f 5011/5011 5027/5027 5023/5023
f 5027/5027 5016/5016 5028/5028
f 5023/5023 5028/5028 5012/5012
f 5027/5027 5028/5028 5023/5023
f 5011/5011 5023/5023 5032/5032
f 5023/5023 5012/5012 5033/5033
f 5032/5032 5033/5033 5018/5018
f 5023/5023 5033/5033 5032/5032
f 5011/5011 5032/5032 5044/5044
f 5032/5032 5018/5018 5047/5047
f 5044/5044 5047/5047 5021/5021
f 5032/5032 5047/5047 5044/5044
f 5011/5011 5044/5044 5048/5048
f 5044/5044 5021/5021 5052/5052
f 5048/5048 5052/5052 5022/5022
f 5044/5044 5052/5052 5048/5048
f 5012/5012 5028/5028 5039/5039
f 5028/5028 5016/5016 5042/5042
f 5039/5039 5042/5042 5020/5020
f 5028/5028 5042/5042 5039/5039
f 5016/5016 5051/5051 5029/5029
f 5051/5051 5022/5022 5050/5050
f 5029/5029 5050/5050 5015/5015
f 5051/5051 5050/5050 5029/5029
f 5022/5022 5052/5052 5049/5049
f 5052/5052 5021/5021 5045/5045
f 5049/5049 5045/5045 5013/5013
f 5052/5052 5045/5045 5049/5049
f 5021/5021 5047/5047 5046/5046
f 5047/5047 5018/5018 5034/5034
f 5046/5046 5034/5034 5017/5017
f 5047/5047 5034/5034 5046/5046
f 5018/5018 5033/5033 5038/5038
f 5033/5033 5012/5012 5035/5035
f 5038/5038 5035/5035 5019/5019
f 5033/5033 5035/5035 5038/5038
f 5014/5014 5040/5040 5026/5026
f 5040/5040 5020/5020 5041/5041
f 5026/5026 5041/5041 5015/5015
f 5040/5040 5041/5041 5026/5026
f 5014/5014 5026/5026 5024/5024
f 5026/5026 5015/5015 5025/5025
f 5024/5024 5025/5025 5013/5013
f 5026/5026 5025/5025 5024/5024
f 5014/5014 5024/5024 5031/5031
f 5024/5024 5013/5013 5030/5030
f 5031/5031 5030/5030 5017/5017
f 5024/5024 5030/5030 5031/5031
f 5014/5014 5031/5031 5036/5036
f 5031/5031 5017/5017 5037/5037
f 5036/5036 5037/5037 5019/5019
f 5031/5031 5037/5037 5036/5036
f 5014/5014 5036/5036 5040/5040
f 5036/5036 5019/5019 5043/5043
f 5040/5040 5043/5043 5020/5020
f 5036/5036 5043/5043 5040/5040
f 5015/5015 5041/5041 5029/5029
f 5041/5041 5020/5020 5042/5042
f 5029/5029 5042/5042 5016/5016
f 5041/5041 5042/5042 5029/5029
f 5013/5013 5025/5025 5049/5049
f 5025/5025 5015/5015 5050/5050
f 5049/5049 5050/5050 5022/5022
f 5025/5025 5050/5050 5049/5049
f 5017/5017 5030/5030 5046/5046
f 5030/5030 5013/5013 5045/5045
f 5046/5046 5045/5045 5021/5021
f 5030/5030 5045/5045 5046/5046
f 5019/5019 5037/5037 5038/5038
f 5037/5037 5017/5017 5034/5034
f 5038/5038 5034/5034 5018/5018
f 5037/5037 5034/5034 5038/5038
f 5020/5020 5043/5043 5039/5039
f 5043/5043 5019/5019 5035/5035
f 5039/5039 5035/5035 5012/5012
f 5043/5043 5035/5035 5039/5039
f 5053/5053 5090/5090 5069/5069
f 5090/5090 5064/5064 5093/5093
f 5069/5069 5093/5093 5058/5058
f 5090/5090 5093/5093 5069/5069
f 5053/5053 5069/5069 5065/5065
f 5069/5069 5058/5058 5070/5070
f 5065/5065 5070/5070 5054/5054
f 5069/5069 5070/5070 5065/5065
f 5053/5053 5065/5065 5074/5074
f 5065/5065 5054/5054 5075/5075
f 5074/5074 5075/5075 5060/5060
f 5065/5065 5075/5075 5074/5074
f 5053/5053 5074/5074 5086/5086
f 5074/5074 5060/5060 5089/5089
f 5086/5086 5089/5089 5063/5063
f 5074/5074 5089/5089 5086/5086
f 5053/5053 5086/5086 5090/5090
f 5086/5086 5063/5063 5094/5094
f 5090/5090 5094/5094 5064/5064
f 5086/5086 5094/5094 5090/5090
f 5054/5054 5070/5070 5081/5081
f 5070/5070 5058/5058 5084/5084
f 5081/5081 5084/5084 5062/5062
f 5070/5070 5084/5084 5081/5081
f 5058/5058 5093/5093 5071/5071
f 5093/5093 5064/5064 5092/5092
f 5071/5071 5092/5092 5057/5057
f 5093/5093 5092/5092 5071/5071
f 5064/5064 5094/5094 5091/5091
f 5094/5094 5063/5063 5087/5087
f 5091/5091 5087/5087 5055/5055
f 5094/5094 5087/5087 5091/5091
f 5063/5063 5089/5089 5088/5088
f 5089/5089 5060/5060 5076/5076
f 5088/5088 5076/5076 5059/5059
f 5089/5089 5076/5076 5088/5088
f 5060/5060 5075/5075 5080/5080
f 5075/5075 5054/5054 5077/5077
f 5080/5080 5077/5077 5061/5061
f 5075/5075 5077/5077 5080/5080
f 5056/5056 5082/5082 5068/5068
f 5082/5082 5062/5062 5083/5083
f 5068/5068 5083/5083 5057/5057
f 5082/5082 5083/5083 5068/5068
f 5056/5056 5068/5068 5066/5066
f 5068/5068 5057/5057 5067/5067
f 5066/5066 5067/5067 5055/5055
f 5068/5068 5067/5067 5066/5066
f 5056/5056 5066/5066 5073/5073
f 5066/5066 5055/5055 5072/5072
f 5073/5073 5072/5072 5059/5059
f 5066/5066 5072/5072 5073/5073
f 5056/5056 5073/5073 5078/5078
f 5073/5073 5059/5059 5079/5079
f 5078/5078 5079/5079 5061/5061
f 5073/5073 5079/5079 5078/5078
f 5056/5056 5078/5078 5082/5082
f 5078/5078 5061/5061 5085/5085
f 5082/5082 5085/5085 5062/5062
f 5078/5078 5085/5085 5082/5082
f 5057/5057 5083/5083 5071/5071
f 5083/5083 5062/5062 5084/5084
f 5071/5071 5084/5084 5058/5058
f 5083/5083 5084/5084 5071/5071
f 5055/5055 5067/5067 5091/5091
f 5067/5067 5057/5057 5092/5092
f 5091/5091 5092/5092 5064/5064
f 5067/5067 5092/5092 5091/5091
f 5059/5059 5072/5072 5088/5088
f 5072/5072 5055/5055 5087/5087
f 5088/5088 5087/5087 5063/5063
f 5072/5072 5087/5087 5088/5088
f 5061/5061 5079/5079 5080/5080
f 5079/5079 5059/5059 5076/5076
f 5080/5080 5076/5076 5060/5060
f 5079/5079 5076/5076 5080/5080
f 5062/5062 5085/5085 5081/5081
f 5085/5085 5061/5061 5077/5077
f 5081/5081 5077/5077 5054/5054
f 5085/5085 5077/5077 5081/5081
f 5095/5095 5132/5132 5111/5111
f 5132/5132 5106/5106 5135/5135
f 5111/5111 5135/5135 5100/5100
f 5132/5132 5135/5135 5111/5111
f 5095/5095 5111/5111 5107/5107
f 5111/5111 5100/5100 5112/5112
f 5107/5107 5112/5112 5096/5096
f 5111/5111 5112/5112 5107/5107
f 5095/5095 5107/5107 5116/5116
f 5107/5107 5096/5096 5117/5117
f 5116/5116 5117/5117 5102/5102
f 5107/5107 5117/5117 5116/5116
f 5095/5095 5116/5116 5128/5128
f 5116/5116 5102/5102 5131/5131
f 5128/5128 5131/5131 5105/5105
f 5116/5116 5131/5131 5128/5128
f 5095/5095 5128/5128 5132/5132
f 5128/5128 5105/5105 5136/5136
f 5132/5132 5136/5136 5106/5106
f 5128/5128 5136/5136 5132/5132
f 5096/5096 5112/5112 5123/5123
f 5112/5112 5100/5100 5126/5126
f 5123/5123 5126/5126 5104/5104
f 5112/5112 5126/5126 5123/5123
f 5100/5100 5135/5135 5113/5113
f 5135/5135 5106/5106 5134/5134
f 5113/5113 5134/5134 5099/5099
f 5135/5135 5134/5134 5113/5113
f 5106/5106 5136/5136 5133/5133
f 5136/5136 5105/5105 5129/5129
f 5133/5133 5129/5129 5097/5097
f 5136/5136 5129/5129 5133/5133
f 5105/5105 5131/5131 5130/5130
f 5131/5131 5102/5102 5118/5118
f 5130/5130 5118/5118 5101/5101
f 5131/5131 5118/5118 5130/5130
f 5102/5102 5117/5117 5122/5122
f 5117/5117 5096/5096 5119/5119
f 5122/5122 5119/5119 5103/5103
f 5117/5117 5119/5119 5122/5122
f 5098/5098 5124/5124 5110/5110
f 5124/5124 5104/5104 5125/5125
f 5110/5110 5125/5125 5099/5099
f 5124/5124 5125/5125 5110/5110
f 5098/5098 5110/5110 5108/5108
f 5110/5110 5099/5099 5109/5109
f 5108/5108 5109/5109 5097/5097
f 5110/5110 5109/5109 5108/5108
f 5098/5098 5108/5108 5115/5115
f 5108/5108 5097/5097 5114/5114
f 5115/5115 5114/5114 5101/5101
f 5108/5108 5114/5114 5115/5115
f 5098/5098 5115/5115 5120/5120
f 5115/5115 5101/5101 5121/5121
f 5120/5120 5121/5121 5103/5103
f 5115/5115 5121/5121 5120/5120
f 5098/5098 5120/5120 5124/5124
f 5120/5120 5103/5103 5127/5127
f 5124/5124 5127/5127 5104/5104
f 5120/5120 5127/5127 5124/5124
f 5099/5099 5125/5125 5113/5113
f 5125/5125 5104/5104 5126/5126
f 5113/5113 5126/5126 5100/5100
f 5125/5125 5126/5126 5113/5113
f 5097/5097 5109/5109 5133/5133
f 5109/5109 5099/5099 5134/5134
f 5133/5133 5134/5134 5106/5106
f 5109/5109 5134/5134 5133/5133
f 5101/5101 5114/5114 5130/5130
f 5114/5114 5097/5097 5129/5129
f 5130/5130 5129/5129 5105/5105
f 5114/5114 5129/5129 5130/5130
f 5103/5103 5121/5121 5122/5122
f 5121/5121 5101/5101 5118/5118
f 5122/5122 5118/5118 5102/5102
f 5121/5121 5118/5118 5122/5122
f 5104/5104 5127/5127 5123/5123
f 5127/5127 5103/5103 5119/5119
f 5123/5123 5119/5119 5096/5096
f 5127/5127 5119/5119 5123/5123
f 5137/5137 5174/5174 5153/5153
f 5174/5174 5148/5148 5177/5177
f 5153/5153 5177/5177 5142/5142
f 5174/5174 5177/5177 5153/5153
f 5137/5137 5153/5153 5149/5149
f 5153/5153 5142/5142 5154/5154
f 5149/5149 5154/5154 5138/5138
f 5153/5153 5154/5154 5149/5149
f 5137/5137 5149/5149 5158/5158
f 5149/5149 5138/5138 5159/5159
f 5158/5158 5159/5159 5144/5144
f 5149/5149 5159/5159 5158/5158
f 5137/5137 5158/5158 5170/5170
f 5158/5158 5144/5144 5173/5173
f 5170/5170 5173/5173 5147/5147
f 5158/5158 5173/5173 5170/5170
f 5137/5137 5170/5170 5174/5174
f 5170/5170 5147/5147 5178/5178
f 5174/5174 5178/5178 5148/5148
f 5170/5170 5178/5178 5174/5174
f 5138/5138 5154/5154 5165/5165
f 5154/5154 5142/5142 5168/5168
f 5165/5165 5168/5168 5146/5146
f 5154/5154 5168/5168 5165/5165
f 5142/5142 5177/5177 5155/5155
f 5177/5177 5148/5148 5176/5176
f 5155/5155 5176/5176 5141/5141
f 5177/5177 5176/5176 5155/5155
f 5148/5148 5178/5178 5175/5175
f 5178/5178 5147/5147 5171/5171
f 5175/5175 5171/5171 5139/5139
f 5178/5178 5171/5171 5175/5175
f 5147/5147 5173/5173 5172/5172
f 5173/5173 5144/5144 5160/5160
f 5172/5172 5160/5160 5143/5143
f 5173/5173 5160/5160 5172/5172
f 5144/5144 5159/5159 5164/5164
f 5159/5159 5138/5138 5161/5161
f 5164/5164 5161/5161 5145/5145
f 5159/5159 5161/5161 5164/5164
f 5140/5140 5166/5166 5152/5152
f 5166/5166 5146/5146 5167/5167
f 5152/5152 5167/5167 5141/5141
f 5166/5166 5167/5167 5152/5152
f 5140/5140 5152/5152 5150/5150
f 5152/5152 5141/5141 5151/5151
f 5150/5150 5151/5151 5139/5139
f 5152/5152 5151/5151 5150/5150
f 5140/5140 5150/5150 5157/5157
f 5150/5150 5139/5139 5156/5156
f 5157/5157 5156/5156 5143/5143
f 5150/5150 5156/5156 5157/5157
f 5140/5140 5157/5157 5162/5162
f 5157/5157 5143/5143 5163/5163
f 5162/5162 5163/5163 5145/5145
f 5157/5157 5163/5163 5162/5162
f 5140/5140 5162/5162 5166/5166
f 5162/5162 5145/5145 5169/5169
f 5166/5166 5169/5169 5146/5146
f 5162/5162 5169/5169 5166/5166
f 5141/5141 5167/5167 5155/5155
f 5167/5167 5146/5146 5168/5168
f 5155/5155 5168/5168 5142/5142
f 5167/5167 5168/5168 5155/5155
f 5139/5139 5151/5151 5175/5175
f 5151/5151 5141/5141 5176/5176
f 5175/5175 5176/5176 5148/5148
f 5151/5151 5176/5176 5175/5175
f 5143/5143 5156/5156 5172/5172
f 5156/5156 5139/5139 5171/5171
f 5172/5172 5171/5171 5147/5147
f 5156/5156 5171/5171 5172/5172
f 5145/5145 5163/5163 5164/5164
f 5163/5163 5143/5143 5160/5160
f 5164/5164 5160/5160 5144/5144
f 5163/5163 5160/5160 5164/5164
f 5146/5146 5169/5169 5165/5165
f 5169/5169 5145/5145 5161/5161
f 5165/5165 5161/5161 5138/5138
f 5169/5169 5161/5161 5165/5165
f 5180/5180 5182/5182 5179/5179
f 5183/5183 5180/5180 5179/5179
f 5179/5179 5182/5182 5181/5181
f 5181/5181 5183/5183 5179/5179
f 5180/5180 5186/5186 5182/5182
f 5184/5184 5180/5180 5183/5183
f 5184/5184 5186/5186 5180/5180
f 5182/5182 5186/5186 5181/5181
f 5185/5185 5183/5183 5181/5181
f 5181/5181 5186/5186 5185/5185
f 5185/5185 5184/5184 5183/5183
f 5186/5186 5184/5184 5185/5185
f 5187/5187 5224/5224 5203/5203
f 5224/5224 5198/5198 5227/5227
f 5203/5203 5227/5227 5192/5192
f 5224/5224 5227/5227 5203/5203
f 5187/5187 5203/5203 5199/5199
f 5203/5203 5192/5192 5204/5204
f 5199/5199 5204/5204 5188/5188
f 5203/5203 5204/5204 5199/5199
f 5187/5187 5199/5199 5208/5208
f 5199/5199 5188/5188 5209/5209
f 5208/5208 5209/5209 5194/5194
f 5199/5199 5209/5209 5208/5208
f 5187/5187 5208/5208 5220/5220
f 5208/5208 5194/5194 5223/5223
f 5220/5220 5223/5223 5197/5197
f 5208/5208 5223/5223 5220/5220
f 5187/5187 5220/5220 5224/5224
f 5220/5220 5197/5197 5228/5228
f 5224/5224 5228/5228 5198/5198
f 5220/5220 5228/5228 5224/5224
f 5188/5188 5204/5204 5215/5215
f 5204/5204 5192/5192 5218/5218
f 5215/5215 5218/5218 5196/5196
f 5204/5204 5218/5218 5215/5215
f 5192/5192 5227/5227 5205/5205
f 5227/5227 5198/5198 5226/5226
f 5205/5205 5226/5226 5191/5191
f 5227/5227 5226/5226 5205/5205
f 5198/5198 5228/5228 5225/5225
f 5228/5228 5197/5197 5221/5221
f 5225/5225 5221/5221 5189/5189
f 5228/5228 5221/5221 5225/5225
f 5197/5197 5223/5223 5222/5222
f 5223/5223 5194/5194 5210/5210
f 5222/5222 5210/5210 5193/5193
f 5223/5223 5210/5210 5222/5222
f 5194/5194 5209/5209 5214/5214
f 5209/5209 5188/5188 5211/5211
f 5214/5214 5211/5211 5195/5195
f 5209/5209 5211/5211 5214/5214
f 5190/5190 5216/5216 5202/5202
f 5216/5216 5196/5196 5217/5217
f 5202/5202 5217/5217 5191/5191
f 5216/5216 5217/5217 5202/5202
f 5190/5190 5202/5202 5200/5200
f 5202/5202 5191/5191 5201/5201
f 5200/5200 5201/5201 5189/5189
f 5202/5202 5201/5201 5200/5200
f 5190/5190 5200/5200 5207/5207
f 5200/5200 5189/5189 5206/5206
f 5207/5207 5206/5206 5193/5193
f 5200/5200 5206/5206 5207/5207
f 5190/5190 5207/5207 5212/5212
f 5207/5207 5193/5193 5213/5213
f 5212/5212 5213/5213 5195/5195
f 5207/5207 5213/5213 5212/5212
f 5190/5190 5212/5212 5216/5216
f 5212/5212 5195/5195 5219/5219
f 5216/5216 5219/5219 5196/5196
f 5212/5212 5219/5219 5216/5216
f 5191/5191 5217/5217 5205/5205
f 5217/5217 5196/5196 5218/5218
f 5205/5205 5218/5218 5192/5192
f 5217/5217 5218/5218 5205/5205
f 5189/5189 5201/5201 5225/5225
f 5201/5201 5191/5191 5226/5226
f 5225/5225 5226/5226 5198/5198
f 5201/5201 5226/5226 5225/5225
f 5193/5193 5206/5206 5222/5222
f 5206/5206 5189/5189 5221/5221
f 5222/5222 5221/5221 5197/5197
f 5206/5206 5221/5221 5222/5222
f 5195/5195 5213/5213 5214/5214
f 5213/5213 5193/5193 5210/5210
f 5214/5214 5210/5210 5194/5194
f 5213/5213 5210/5210 5214/5214
f 5196/5196 5219/5219 5215/5215
f 5219/5219 5195/5195 5211/5211
f 5215/5215 5211/5211 5188/5188
f 5219/5219 5211/5211 5215/5215
f 5229/5229 5266/5266 5245/5245
f 5266/5266 5240/5240 5269/5269
f 5245/5245 5269/5269 5234/5234
f 5266/5266 5269/5269 5245/5245
f 5229/5229 5245/5245 5241/5241
f 5245/5245 5234/5234 5246/5246
f 5241/5241 5246/5246 5230/5230
f 5245/5245 5246/5246 5241/5241
f 5229/5229 5241/5241 5250/5250
f 5241/5241 5230/5230 5251/5251
f 5250/5250 5251/5251 5236/5236
f 5241/5241 5251/5251 5250/5250
f 5229/5229 5250/5250 5262/5262
f 5250/5250 5236/5236 5265/5265
f 5262/5262 5265/5265 5239/5239
f 5250/5250 5265/5265 5262/5262
f 5229/5229 5262/5262 5266/5266
f 5262/5262 5239/5239 5270/5270
f 5266/5266 5270/5270 5240/5240
f 5262/5262 5270/5270 5266/5266
f 5230/5230 5246/5246 5257/5257
f 5246/5246 5234/5234 5260/5260
f 5257/5257 5260/5260 5238/5238
f 5246/5246 5260/5260 5257/5257
f 5234/5234 5269/5269 5247/5247
f 5269/5269 5240/5240 5268/5268
f 5247/5247 5268/5268 5233/5233
f 5269/5269 5268/5268 5247/5247
f 5240/5240 5270/5270 5267/5267
f 5270/5270 5239/5239 5263/5263
f 5267/5267 5263/5263 5231/5231
f 5270/5270 5263/5263 5267/5267
f 5239/5239 5265/5265 5264/5264
f 5265/5265 5236/5236 5252/5252
f 5264/5264 5252/5252 5235/5235
f 5265/5265 5252/5252 5264/5264
f 5236/5236 5251/5251 5256/5256
f 5251/5251 5230/5230 5253/5253
f 5256/5256 5253/5253 5237/5237
f 5251/5251 5253/5253 5256/5256
f 5232/5232 5258/5258 5244/5244
f 5258/5258 5238/5238 5259/5259
f 5244/5244 5259/5259 5233/5233
f 5258/5258 5259/5259 5244/5244
f 5232/5232 5244/5244 5242/5242
f 5244/5244 5233/5233 5243/5243
f 5242/5242 5243/5243 5231/5231
f 5244/5244 5243/5243 5242/5242
f 5232/5232 5242/5242 5249/5249
f 5242/5242 5231/5231 5248/5248
f 5249/5249 5248/5248 5235/5235
f 5242/5242 5248/5248 5249/5249
f 5232/5232 5249/5249 5254/5254
f 5249/5249 5235/5235 5255/5255
f 5254/5254 5255/5255 5237/5237
f 5249/5249 5255/5255 5254/5254
f 5232/5232 5254/5254 5258/5258
f 5254/5254 5237/5237 5261/5261
f 5258/5258 5261/5261 5238/5238
f 5254/5254 5261/5261 5258/5258
f 5233/5233 5259/5259 5247/5247
f 5259/5259 5238/5238 5260/5260
f 5247/5247 5260/5260 5234/5234
f 5259/5259 5260/5260 5247/5247
f 5231/5231 5243/5243 5267/5267
f 5243/5243 5233/5233 5268/5268
f 5267/5267 5268/5268 5240/5240
f 5243/5243 5268/5268 5267/5267
f 5235/5235 5248/5248 5264/5264
f 5248/5248 5231/5231 5263/5263
f 5264/5264 5263/5263 5239/5239
f 5248/5248 5263/5263 5264/5264
f 5237/5237 5255/5255 5256/5256
f 5255/5255 5235/5235 5252/5252
f 5256/5256 5252/5252 5236/5236
f 5255/5255 5252/5252 5256/5256
f 5238/5238 5261/5261 5257/5257
f 5261/5261 5237/5237 5253/5253
f 5257/5257 5253/5253 5230/5230
f 5261/5261 5253/5253 5257/5257
f 5271/5271 5308/5308 5287/5287
f 5308/5308 5282/5282 5311/5311
f 5287/5287 5311/5311 5276/5276
f 5308/5308 5311/5311 5287/5287
f 5271/5271 5287/5287 5283/5283
f 5287/5287 5276/5276 5288/5288
f 5283/5283 5288/5288 5272/5272
f 5287/5287 5288/5288 5283/5283
f 5271/5271 5283/5283 5292/5292
f 5283/5283 5272/5272 5293/5293
f 5292/5292 5293/5293 5278/5278
f 5283/5283 5293/5293 5292/5292
f 5271/5271 5292/5292 5304/5304
f 5292/5292 5278/5278 5307/5307
f 5304/5304 5307/5307 5281/5281
f 5292/5292 5307/5307 5304/5304
f 5271/5271 5304/5304 5308/5308
f 5304/5304 5281/5281 5312/5312
f 5308/5308 5312/5312 5282/5282
f 5304/5304 5312/5312 5308/5308
f 5272/5272 5288/5288 5299/5299
f 5288/5288 5276/5276 5302/5302
f 5299/5299 5302/5302 5280/5280
f 5288/5288 5302/5302 5299/5299
f 5276/5276 5311/5311 5289/5289
f 5311/5311 5282/5282 5310/5310
f 5289/5289 5310/5310 5275/5275
f 5311/5311 5310/5310 5289/5289
f 5282/5282 5312/5312 5309/5309
f 5312/5312 5281/5281 5305/5305
f 5309/5309 5305/5305 5273/5273
f 5312/5312 5305/5305 5309/5309
f 5281/5281 5307/5307 5306/5306
f 5307/5307 5278/5278 5294/5294
f 5306/5306 5294/5294 5277/5277
f 5307/5307 5294/5294 5306/5306
f 5278/5278 5293/5293 5298/5298
f 5293/5293 5272/5272 5295/5295
f 5298/5298 5295/5295 5279/5279
f 5293/5293 5295/5295 5298/5298
f 5274/5274 5300/5300 5286/5286
f 5300/5300 5280/5280 5301/5301
f 5286/5286 5301/5301 5275/5275
f 5300/5300 5301/5301 5286/5286
f 5274/5274 5286/5286 5284/5284
f 5286/5286 5275/5275 5285/5285
f 5284/5284 5285/5285 5273/5273
f 5286/5286 5285/5285 5284/5284
f 5274/5274 5284/5284 5291/5291
f 5284/5284 5273/5273 5290/5290
f 5291/5291 5290/5290 5277/5277
f 5284/5284 5290/5290 5291/5291
f 5274/5274 5291/5291 5296/5296
f 5291/5291 5277/5277 5297/5297
f 5296/5296 5297/5297 5279/5279
f 5291/5291 5297/5297 5296/5296
f 5274/5274 5296/5296 5300/5300
f 5296/5296 5279/5279 5303/5303
f 5300/5300 5303/5303 5280/5280
f 5296/5296 5303/5303 5300/5300
f 5275/5275 5301/5301 5289/5289
f 5301/5301 5280/5280 5302/5302
f 5289/5289 5302/5302 5276/5276
f 5301/5301 5302/5302 5289/5289
f 5273/5273 5285/5285 5309/5309
f 5285/5285 5275/5275 5310/5310
f 5309/5309 5310/5310 5282/5282
f 5285/5285 5310/5310 5309/5309
f 5277/5277 5290/5290 5306/5306
f 5290/5290 5273/5273 5305/5305
f 5306/5306 5305/5305 5281/5281
f 5290/5290 5305/5305 5306/5306
f 5279/5279 5297/5297 5298/5298
f 5297/5297 5277/5277 5294/5294
f 5298/5298 5294/5294 5278/5278
f 5297/5297 5294/5294 5298/5298
f 5280/5280 5303/5303 5299/5299
f 5303/5303 5279/5279 5295/5295
f 5299/5299 5295/5295 5272/5272
f 5303/5303 5295/5295 5299/5299
f 5313/5313 5350/5350 5329/5329
f 5350/5350 5324/5324 5353/5353
f 5329/5329 5353/5353 5318/5318
f 5350/5350 5353/5353 5329/5329
f 5313/5313 5329/5329 5325/5325
f 5329/5329 5318/5318 5330/5330
f 5325/5325 5330/5330 5314/5314
f 5329/5329 5330/5330 5325/5325
f 5313/5313 5325/5325 5334/5334
f 5325/5325 5314/5314 5335/5335
f 5334/5334 5335/5335 5320/5320
f 5325/5325 5335/5335 5334/5334
f 5313/5313 5334/5334 5346/5346
f 5334/5334 5320/5320 5349/5349
f 5346/5346 5349/5349 5323/5323
f 5334/5334 5349/5349 5346/5346
f 5313/5313 5346/5346 5350/5350
f 5346/5346 5323/5323 5354/5354
f 5350/5350 5354/5354 5324/5324
f 5346/5346 5354/5354 5350/5350
f 5314/5314 5330/5330 5341/5341
f 5330/5330 5318/5318 5344/5344
f 5341/5341 5344/5344 5322/5322
f 5330/5330 5344/5344 5341/5341
f 5318/5318 5353/5353 5331/5331
f 5353/5353 5324/5324 5352/5352
f 5331/5331 5352/5352 5317/5317
f 5353/5353 5352/5352 5331/5331
f 5324/5324 5354/5354 5351/5351
f 5354/5354 5323/5323 5347/5347
f 5351/5351 5347/5347 5315/5315
f 5354/5354 5347/5347 5351/5351
f 5323/5323 5349/5349 5348/5348
f 5349/5349 5320/5320 5336/5336
f 5348/5348 5336/5336 5319/5319
f 5349/5349 5336/5336 5348/5348
f 5320/5320 5335/5335 5340/5340
f 5335/5335 5314/5314 5337/5337
f 5340/5340 5337/5337 5321/5321
f 5335/5335 5337/5337 5340/5340
f 5316/5316 5342/5342 5328/5328
f 5342/5342 5322/5322 5343/5343
f 5328/5328 5343/5343 5317/5317
f 5342/5342 5343/5343 5328/5328
f 5316/5316 5328/5328 5326/5326
f 5328/5328 5317/5317 5327/5327
f 5326/5326 5327/5327 5315/5315
f 5328/5328 5327/5327 5326/5326
f 5316/5316 5326/5326 5333/5333
f 5326/5326 5315/5315 5332/5332
f 5333/5333 5332/5332 5319/5319
f 5326/5326 5332/5332 5333/5333
f 5316/5316 5333/5333 5338/5338
f 5333/5333 5319/5319 5339/5339
f 5338/5338 5339/5339 5321/5321
f 5333/5333 5339/5339 5338/5338
f 5316/5316 5338/5338 5342/5342
f 5338/5338 5321/5321 5345/5345
f 5342/5342 5345/5345 5322/5322
f 5338/5338 5345/5345 5342/5342
f 5317/5317 5343/5343 5331/5331
f 5343/5343 5322/5322 5344/5344
f 5331/5331 5344/5344 5318/5318
f 5343/5343 5344/5344 5331/5331
f 5315/5315 5327/5327 5351/5351
f 5327/5327 5317/5317 5352/5352
f 5351/5351 5352/5352 5324/5324
f 5327/5327 5352/5352 5351/5351
f 5319/5319 5332/5332 5348/5348
f 5332/5332 5315/5315 5347/5347
f 5348/5348 5347/5347 5323/5323
f 5332/5332 5347/5347 5348/5348
f 5321/5321 5339/5339 5340/5340
f 5339/5339 5319/5319 5336/5336
f 5340/5340 5336/5336 5320/5320
f 5339/5339 5336/5336 5340/5340
f 5322/5322 5345/5345 5341/5341
f 5345/5345 5321/5321 5337/5337
f 5341/5341 5337/5337 5314/5314
f 5345/5345 5337/5337 5341/5341
f 5355/5355 5392/5392 5371/5371
f 5392/5392 5366/5366 5395/5395
f 5371/5371 5395/5395 5360/5360
f 5392/5392 5395/5395 5371/5371
f 5355/5355 5371/5371 5367/5367
f 5371/5371 5360/5360 5372/5372
f 5367/5367 5372/5372 5356/5356
f 5371/5371 5372/5372 5367/5367
f 5355/5355 5367/5367 5376/5376
f 5367/5367 5356/5356 5377/5377
f 5376/5376 5377/5377 5362/5362
f 5367/5367 5377/5377 5376/5376
f 5355/5355 5376/5376 5388/5388
f 5376/5376 5362/5362 5391/5391
f 5388/5388 5391/5391 5365/5365
f 5376/5376 5391/5391 5388/5388
f 5355/5355 5388/5388 5392/5392
f 5388/5388 5365/5365 5396/5396
f 5392/5392 5396/5396 5366/5366
f 5388/5388 5396/5396 5392/5392
f 5356/5356 5372/5372 5383/5383
f 5372/5372 5360/5360 5386/5386
f 5383/5383 5386/5386 5364/5364
f 5372/5372 5386/5386 5383/5383
f 5360/5360 5395/5395 5373/5373
f 5395/5395 5366/5366 5394/5394
f 5373/5373 5394/5394 5359/5359
f 5395/5395 5394/5394 5373/5373
f 5366/5366 5396/5396 5393/5393
f 5396/5396 5365/5365 5389/5389
f 5393/5393 5389/5389 5357/5357
f 5396/5396 5389/5389 5393/5393
f 5365/5365 5391/5391 5390/5390
f 5391/5391 5362/5362 5378/5378
f 5390/5390 5378/5378 5361/5361
f 5391/5391 5378/5378 5390/5390
f 5362/5362 5377/5377 5382/5382
f 5377/5377 5356/5356 5379/5379
f 5382/5382 5379/5379 5363/5363
f 5377/5377 5379/5379 5382/5382
f 5358/5358 5384/5384 5370/5370
f 5384/5384 5364/5364 5385/5385
f 5370/5370 5385/5385 5359/5359
f 5384/5384 5385/5385 5370/5370
f 5358/5358 5370/5370 5368/5368
f 5370/5370 5359/5359 5369/5369
f 5368/5368 5369/5369 5357/5357
f 5370/5370 5369/5369 5368/5368
f 5358/5358 5368/5368 5375/5375
f 5368/5368 5357/5357 5374/5374
f 5375/5375 5374/5374 5361/5361
f 5368/5368 5374/5374 5375/5375
f 5358/5358 5375/5375 5380/5380
f 5375/5375 5361/5361 5381/5381
f 5380/5380 5381/5381 5363/5363
f 5375/5375 5381/5381 5380/5380
f 5358/5358 5380/5380 5384/5384
f 5380/5380 5363/5363 5387/5387
f 5384/5384 5387/5387 5364/5364
f 5380/5380 5387/5387 5384/5384
f 5359/5359 5385/5385 5373/5373
f 5385/5385 5364/5364 5386/5386
f 5373/5373 5386/5386 5360/5360
f 5385/5385 5386/5386 5373/5373
f 5357/5357 5369/5369 5393/5393
f 5369/5369 5359/5359 5394/5394
f 5393/5393 5394/5394 5366/5366
f 5369/5369 5394/5394 5393/5393
f 5361/5361 5374/5374 5390/5390
f 5374/5374 5357/5357 5389/5389
f 5390/5390 5389/5389 5365/5365
f 5374/5374 5389/5389 5390/5390
f 5363/5363 5381/5381 5382/5382
f 5381/5381 5361/5361 5378/5378
f 5382/5382 5378/5378 5362/5362
f 5381/5381 5378/5378 5382/5382
f 5364/5364 5387/5387 5383/5383
f 5387/5387 5363/5363 5379/5379
f 5383/5383 5379/5379 5356/5356
f 5387/5387 5379/5379 5383/5383
f 5397/5397 5434/5434 5413/5413
f 5434/5434 5408/5408 5437/5437
f 5413/5413 5437/5437 5402/5402
f 5434/5434 5437/5437 5413/5413
f 5397/5397 5413/5413 5409/5409
f 5413/5413 5402/5402 5414/5414
f 5409/5409 5414/5414 5398/5398
f 5413/5413 5414/5414 5409/5409
f 5397/5397 5409/5409 5418/5418
f 5409/5409 5398/5398 5419/5419
f 5418/5418 5419/5419 5404/5404
f 5409/5409 5419/5419 5418/5418
f 5397/5397 5418/5418 5430/5430
f 5418/5418 5404/5404 5433/5433
f 5430/5430 5433/5433 5407/5407
f 5418/5418 5433/5433 5430/5430
f 5397/5397 5430/5430 5434/5434
f 5430/5430 5407/5407 5438/5438
f 5434/5434 5438/5438 5408/5408
f 5430/5430 5438/5438 5434/5434
f 5398/5398 5414/5414 5425/5425
f 5414/5414 5402/5402 5428/5428
f 5425/5425 5428/5428 5406/5406
f 5414/5414 5428/5428 5425/5425
f 5402/5402 5437/5437 5415/5415
f 5437/5437 5408/5408 5436/5436
f 5415/5415 5436/5436 5401/5401
f 5437/5437 5436/5436 5415/5415
f 5408/5408 5438/5438 5435/5435
f 5438/5438 5407/5407 5431/5431
f 5435/5435 5431/5431 5399/5399
f 5438/5438 5431/5431 5435/5435
f 5407/5407 5433/5433 5432/5432
f 5433/5433 5404/5404 5420/5420
f 5432/5432 5420/5420 5403/5403
f 5433/5433 5420/5420 5432/5432
f 5404/5404 5419/5419 5424/5424
f 5419/5419 5398/5398 5421/5421
f 5424/5424 5421/5421 5405/5405
f 5419/5419 5421/5421 5424/5424
f 5400/5400 5426/5426 5412/5412
f 5426/5426 5406/5406 5427/5427
f 5412/5412 5427/5427 5401/5401
f 5426/5426 5427/5427 5412/5412
f 5400/5400 5412/5412 5410/5410
f 5412/5412 5401/5401 5411/5411
f 5410/5410 5411/5411 5399/5399
f 5412/5412 5411/5411 5410/5410
f 5400/5400 5410/5410 5417/5417
f 5410/5410 5399/5399 5416/5416
f 5417/5417 5416/5416 5403/5403
f 5410/5410 5416/5416 5417/5417
f 5400/5400 5417/5417 5422/5422
f 5417/5417 5403/5403 5423/5423
f 5422/5422 5423/5423 5405/5405
f 5417/5417 5423/5423 5422/5422
f 5400/5400 5422/5422 5426/5426
f 5422/5422 5405/5405 5429/5429
f 5426/5426 5429/5429 5406/5406
f 5422/5422 5429/5429 5426/5426
f 5401/5401 5427/5427 5415/5415
f 5427/5427 5406/5406 5428/5428
f 5415/5415 5428/5428 5402/5402
f 5427/5427 5428/5428 5415/5415
f 5399/5399 5411/5411 5435/5435
f 5411/5411 5401/5401 5436/5436
f 5435/5435 5436/5436 5408/5408
f 5411/5411 5436/5436 5435/5435
f 5403/5403 5416/5416 5432/5432
f 5416/5416 5399/5399 5431/5431
f 5432/5432 5431/5431 5407/5407
f 5416/5416 5431/5431 5432/5432
f 5405/5405 5423/5423 5424/5424
f 5423/5423 5403/5403 5420/5420
f 5424/5424 5420/5420 5404/5404
f 5423/5423 5420/5420 5424/5424
f 5406/5406 5429/5429 5425/5425
f 5429/5429 5405/5405 5421/5421
f 5425/5425 5421/5421 5398/5398
f 5429/5429 5421/5421 5425/5425
f 5439/5439 5476/5476 5455/5455
f 5476/5476 5450/5450 5479/5479
f 5455/5455 5479/5479 5444/5444
f 5476/5476 5479/5479 5455/5455
f 5439/5439 5455/5455 5451/5451
f 5455/5455 5444/5444 5456/5456
f 5451/5451 5456/5456 5440/5440
f 5455/5455 5456/5456 5451/5451
f 5439/5439 5451/5451 5460/5460
f 5451/5451 5440/5440 5461/5461
f 5460/5460 5461/5461 5446/5446
f 5451/5451 5461/5461 5460/5460
f 5439/5439 5460/5460 5472/5472
f 5460/5460 5446/5446 5475/5475
f 5472/5472 5475/5475 5449/5449
f 5460/5460 5475/5475 5472/5472
f 5439/5439 5472/5472 5476/5476
f 5472/5472 5449/5449 5480/5480
f 5476/5476 5480/5480 5450/5450
f 5472/5472 5480/5480 5476/5476
f 5440/5440 5456/5456 5467/5467
f 5456/5456 5444/5444 5470/5470
f 5467/5467 5470/5470 5448/5448
f 5456/5456 5470/5470 5467/5467
f 5444/5444 5479/5479 5457/5457
f 5479/5479 5450/5450 5478/5478
f 5457/5457 5478/5478 5443/5443
f 5479/5479 5478/5478 5457/5457
f 5450/5450 5480/5480 5477/5477
f 5480/5480 5449/5449 5473/5473
f 5477/5477 5473/5473 5441/5441
f 5480/5480 5473/5473 5477/5477
f 5449/5449 5475/5475 5474/5474
f 5475/5475 5446/5446 5462/5462
f 5474/5474 5462/5462 5445/5445
f 5475/5475 5462/5462 5474/5474
f 5446/5446 5461/5461 5466/5466
f 5461/5461 5440/5440 5463/5463
f 5466/5466 5463/5463 5447/5447
f 5461/5461 5463/5463 5466/5466
f 5442/5442 5468/5468 5454/5454
f 5468/5468 5448/5448 5469/5469
f 5454/5454 5469/5469 5443/5443
f 5468/5468 5469/5469 5454/5454
f 5442/5442 5454/5454 5452/5452
f 5454/5454 5443/5443 5453/5453
f 5452/5452 5453/5453 5441/5441
f 5454/5454 5453/5453 5452/5452
f 5442/5442 5452/5452 5459/5459
f 5452/5452 5441/5441 5458/5458
f 5459/5459 5458/5458 5445/5445
f 5452/5452 5458/5458 5459/5459
f 5442/5442 5459/5459 5464/5464
f 5459/5459 5445/5445 5465/5465
f 5464/5464 5465/5465 5447/5447
f 5459/5459 5465/5465 5464/5464
f 5442/5442 5464/5464 5468/5468
f 5464/5464 5447/5447 5471/5471
f 5468/5468 5471/5471 5448/5448
f 5464/5464 5471/5471 5468/5468
f 5443/5443 5469/5469 5457/5457
f 5469/5469 5448/5448 5470/5470
f 5457/5457 5470/5470 5444/5444
f 5469/5469 5470/5470 5457/5457
f 5441/5441 5453/5453 5477/5477
f 5453/5453 5443/5443 5478/5478
f 5477/5477 5478/5478 5450/5450
f 5453/5453 5478/5478 5477/5477
f 5445/5445 5458/5458 5474/5474
f 5458/5458 5441/5441 5473/5473
f 5474/5474 5473/5473 5449/5449
f 5458/5458 5473/5473 5474/5474
f 5447/5447 5465/5465 5466/5466
f 5465/5465 5445/5445 5462/5462
f 5466/5466 5462/5462 5446/5446
f 5465/5465 5462/5462 5466/5466
f 5448/5448 5471/5471 5467/5467
f 5471/5471 5447/5447 5463/5463
f 5467/5467 5463/5463 5440/5440
f 5471/5471 5463/5463 5467/5467
f 5481/5481 5518/5518 5497/5497
f 5518/5518 5492/5492 5521/5521
f 5497/5497 5521/5521 5486/5486
f 5518/5518 5521/5521 5497/5497
f 5481/5481 5497/5497 5493/5493
f 5497/5497 5486/5486 5498/5498
f 5493/5493 5498/5498 5482/5482
f 5497/5497 5498/5498 5493/5493
f 5481/5481 5493/5493 5502/5502
f 5493/5493 5482/5482 5503/5503
f 5502/5502 5503/5503 5488/5488
f 5493/5493 5503/5503 5502/5502
f 5481/5481 5502/5502 5514/5514
f 5502/5502 5488/5488 5517/5517
f 5514/5514 5517/5517 5491/5491
f 5502/5502 5517/5517 5514/5514
f 5481/5481 5514/5514 5518/5518
f 5514/5514 5491/5491 5522/5522
f 5518/5518 5522/5522 5492/5492
f 5514/5514 5522/5522 5518/5518
f 5482/5482 5498/5498 5509/5509
f 5498/5498 5486/5486 5512/5512
f 5509/5509 5512/5512 5490/5490
f 5498/5498 5512/5512 5509/5509
f 5486/5486 5521/5521 5499/5499
f 5521/5521 5492/5492 5520/5520
f 5499/5499 5520/5520 5485/5485
f 5521/5521 5520/5520 5499/5499
f 5492/5492 5522/5522 5519/5519
f 5522/5522 5491/5491 5515/5515
f 5519/5519 5515/5515 5483/5483
f 5522/5522 5515/5515 5519/5519
f 5491/5491 5517/5517 5516/5516
f 5517/5517 5488/5488 5504/5504
f 5516/5516 5504/5504 5487/5487
f 5517/5517 5504/5504 5516/5516
f 5488/5488 5503/5503 5508/5508
f 5503/5503 5482/5482 5505/5505
f 5508/5508 5505/5505 5489/5489
f 5503/5503 5505/5505 5508/5508
f 5484/5484 5510/5510 5496/5496
f 5510/5510 5490/5490 5511/5511
f 5496/5496 5511/5511 5485/5485
f 5510/5510 5511/5511 5496/5496
f 5484/5484 5496/5496 5494/5494
f 5496/5496 5485/5485 5495/5495
f 5494/5494 5495/5495 5483/5483
f 5496/5496 5495/5495 5494/5494
f 5484/5484 5494/5494 5501/5501
f 5494/5494 5483/5483 5500/5500
f 5501/5501 5500/5500 5487/5487
f 5494/5494 5500/5500 5501/5501
f 5484/5484 5501/5501 5506/5506
f 5501/5501 5487/5487 5507/5507
f 5506/5506 5507/5507 5489/5489
f 5501/5501 5507/5507 5506/5506
f 5484/5484 5506/5506 5510/5510
f 5506/5506 5489/5489 5513/5513
f 5510/5510 5513/5513 5490/5490
f 5506/5506 5513/5513 5510/5510
f 5485/5485 5511/5511 5499/5499
f 5511/5511 5490/5490 5512/5512
f 5499/5499 5512/5512 5486/5486
f 5511/5511 5512/5512 5499/5499
f 5483/5483 5495/5495 5519/5519
f 5495/5495 5485/5485 5520/5520
f 5519/5519 5520/5520 5492/5492
f 5495/5495 5520/5520 5519/5519
f 5487/5487 5500/5500 5516/5516
f 5500/5500 5483/5483 5515/5515
f 5516/5516 5515/5515 5491/5491
f 5500/5500 5515/5515 5516/5516
f 5489/5489 5507/5507 5508/5508
f 5507/5507 5487/5487 5504/5504
f 5508/5508 5504/5504 5488/5488
f 5507/5507 5504/5504 5508/5508
f 5490/5490 5513/5513 5509/5509
f 5513/5513 5489/5489 5505/5505
f 5509/5509 5505/5505 5482/5482
f 5513/5513 5505/5505 5509/5509
f 5524/5524 5526/5526 5523/5523
f 5527/5527 5524/5524 5523/5523
f 5523/5523 5526/5526 5525/5525
f 5525/5525 5527/5527 5523/5523
f 5524/5524 5530/5530 5526/5526
f 5528/5528 5524/5524 5527/5527
f 5528/5528 5530/5530 5524/5524
f 5526/5526 5530/5530 5525/5525
f 5529/5529 5527/5527 5525/5525
f 5525/5525 5530/5530 5529/5529
f 5529/5529 5528/5528 5527/5527
f 5530/5530 5528/5528 5529/5529
f 5532/5532 5534/5534 5531/5531
f 5535/5535 5532/5532 5531/5531
f 5531/5531 5534/5534 5533/5533
f 5533/5533 5535/5535 5531/5531
f 5532/5532 5538/5538 5534/5534
f 5536/5536 5532/5532 5535/5535
f 5536/5536 5538/5538 5532/5532
f 5534/5534 5538/5538 5533/5533
f 5537/5537 5535/5535 5533/5533
f 5533/5533 5538/5538 5537/5537
f 5537/5537 5536/5536 5535/5535
f 5538/5538 5536/5536 5537/5537
f 5540/5540 5539/5539 5543/5543
f 5540/5540 5543/5543 5541/5541
f 5541/5541 5543/5543 5544/5544
f 5541/5541 5544/5544 5542/5542
f 5543/5543 5539/5539 5545/5545
f 5543/5543 5545/5545 5544/5544
f 5544/5544 5545/5545 5546/5546
f 5544/5544 5546/5546 5542/5542
f 5545/5545 5539/5539 5547/5547
f 5545/5545 5547/5547 5546/5546
f 5546/5546 5547/5547 5548/5548
f 5546/5546 5548/5548 5542/5542
f 5547/5547 5539/5539 5549/5549
f 5547/5547 5549/5549 5548/5548
f 5548/5548 5549/5549 5550/5550
f 5548/5548 5550/5550 5542/5542
f 5549/5549 5539/5539 5551/5551
f 5549/5549 5551/5551 5550/5550
f 5550/5550 5551/5551 5552/5552
f 5550/5550 5552/5552 5542/5542
f 5551/5551 5539/5539 5553/5553
f 5551/5551 5553/5553 5552/5552
f 5552/5552 5553/5553 5554/5554
f 5552/5552 5554/5554 5542/5542
f 5553/5553 5539/5539 5555/5555
f 5553/5553 5555/5555 5554/5554
f 5554/5554 5555/5555 5556/5556
f 5554/5554 5556/5556 5542/5542
f 5555/5555 5539/5539 5557/5557
f 5555/5555 5557/5557 5556/5556
f 5556/5556 5557/5557 5558/5558
f 5556/5556 5558/5558 5542/5542
f 5557/5557 5539/5539 5559/5559
f 5557/5557 5559/5559 5558/5558
f 5558/5558 5559/5559 5560/5560
f 5558/5558 5560/5560 5542/5542
f 5559/5559 5539/5539 5561/5561
f 5559/5559 5561/5561 5560/5560
f 5560/5560 5561/5561 5562/5562
f 5560/5560 5562/5562 5542/5542
f 5561/5561 5539/5539 5563/5563
f 5561/5561 5563/5563 5562/5562
f 5562/5562 5563/5563 5564/5564
f 5562/5562 5564/5564 5542/5542
f 5563/5563 5539/5539 5565/5565
f 5563/5563 5565/5565 5564/5564
f 5564/5564 5565/5565 5566/5566
f 5564/5564 5566/5566 5542/5542
f 5565/5565 5539/5539 5567/5567
f 5565/5565 5567/5567 5566/5566
f 5566/5566 5567/5567 5568/5568
f 5566/5566 5568/5568 5542/5542
f 5567/5567 5539/5539 5569/5569
f 5567/5567 5569/5569 5568/5568
f 5568/5568 5569/5569 5570/5570
f 5568/5568 5570/5570 5542/5542
f 5569/5569 5539/5539 5571/5571
f 5569/5569 5571/5571 5570/5570
f 5570/5570 5571/5571 5572/5572
f 5570/5570 5572/5572 5542/5542
f 5571/5571 5539/5539 5540/5540
f 5571/5571 5540/5540 5572/5572
f 5572/5572 5540/5540 5541/5541
f 5572/5572 5541/5541 5542/5542
f 5574/5574 5573/5573 5577/5577
f 5574/5574 5577/5577 5575/5575
f 5575/5575 5577/5577 5578/5578
f 5575/5575 5578/5578 5576/5576
f 5577/5577 5573/5573 5579/5579
f 5577/5577 5579/5579 5578/5578
f 5578/5578 5579/5579 5580/5580
f 5578/5578 5580/5580 5576/5576
f 5579/5579 5573/5573 5581/5581
f 5579/5579 5581/5581 5580/5580
f 5580/5580 5581/5581 5582/5582
f 5580/5580 5582/5582 5576/5576
f 5581/5581 5573/5573 5583/5583
f 5581/5581 5583/5583 5582/5582
f 5582/5582 5583/5583 5584/5584
f 5582/5582 5584/5584 5576/5576
f 5583/5583 5573/5573 5585/5585
f 5583/5583 5585/5585 5584/5584
f 5584/5584 5585/5585 5586/5586
f 5584/5584 5586/5586 5576/5576
f 5585/5585 5573/5573 5587/5587
f 5585/5585 5587/5587 5586/5586
f 5586/5586 5587/5587 5588/5588
f 5586/5586 5588/5588 5576/5576
f 5587/5587 5573/5573 5589/5589
f 5587/5587 5589/5589 5588/5588
f 5588/5588 5589/5589 5590/5590
f 5588/5588 5590/5590 5576/5576
f 5589/5589 5573/5573 5591/5591
f 5589/5589 5591/5591 5590/5590
f 5590/5590 5591/5591 5592/5592
f 5590/5590 5592/5592 5576/5576
f 5591/5591 5573/5573 5593/5593
f 5591/5591 5593/5593 5592/5592
f 5592/5592 5593/5593 5594/5594
f 5592/5592 5594/5594 5576/5576
f 5593/5593 5573/5573 5595/5595
f 5593/5593 5595/5595 5594/5594
f 5594/5594 5595/5595 5596/5596
f 5594/5594 5596/5596 5576/5576
f 5595/5595 5573/5573 5597/5597
f 5595/5595 5597/5597 5596/5596
f 5596/5596 5597/5597 5598/5598
f 5596/5596 5598/5598 5576/5576
f 5597/5597 5573/5573 5599/5599
f 5597/5597 5599/5599 5598/5598
f 5598/5598 5599/5599 5600/5600
f 5598/5598 5600/5600 5576/5576
f 5599/5599 5573/5573 5601/5601
f 5599/5599 5601/5601 5600/5600
f 5600/5600 5601/5601 5602/5602
f 5600/5600 5602/5602 5576/5576
f 5601/5601 5573/5573 5603/5603
f 5601/5601 5603/5603 5602/5602
f 5602/5602 5603/5603 5604/5604
f 5602/5602 5604/5604 5576/5576
f 5603/5603 5573/5573 5605/5605
f 5603/5603 5605/5605 5604/5604
f 5604/5604 5605/5605 5606/5606
f 5604/5604 5606/5606 5576/5576
f 5605/5605 5573/5573 5574/5574
f 5605/5605 5574/5574 5606/5606
f 5606/5606 5574/5574 5575/5575
f 5606/5606 5575/5575 5576/5576

